num_acc;senc;catv;occutc;obs;obsm;choc;manv;num_veh
201200000404;0;7;0;0;2;3;13;A01
201200000404;0;10;0;13;0;6;14;C03
201200000404;0;7;0;0;2;3;1;B02
201200000405;0;7;0;8;0;3;14;A01
201200000406;0;7;0;0;2;3;13;A01
201200000406;0;7;0;0;2;3;1;B02
201200000407;0;14;0;13;0;1;13;A01
201200000407;0;15;0;2;2;6;21;B02
201200000407;0;10;0;0;9;2;1;C03
201200000408;0;7;0;0;2;1;1;B02
201200000408;0;7;0;0;2;7;19;A01
201200000409;0;10;0;0;2;8;1;B02
201200000409;0;10;0;0;2;1;9;A01
201200000410;0;7;0;2;0;8;13;A01
201200000411;0;7;0;0;0;0;1;A01
201200000412;0;7;0;16;0;9;14;A01
201200000413;0;2;0;0;2;1;1;B02
201200000413;0;7;0;0;0;4;23;A01
201200000414;0;7;0;0;2;1;15;A01
201200000414;0;2;0;0;2;1;1;B02
201200000415;0;30;0;0;0;0;14;A01
201200000416;0;33;0;0;2;1;21;A01
201200000416;0;7;0;0;0;5;16;B02
201200000417;0;7;0;13;0;1;13;A01
201200000418;0;7;0;13;0;2;14;A01
201200000419;0;7;0;0;2;1;14;B02
201200000419;0;7;0;0;2;1;14;A01
201200000420;0;7;0;8;0;7;14;A01
201200000421;0;7;0;0;2;1;13;A01
201200000421;0;15;0;0;2;3;1;B02
201200000422;0;7;0;0;1;3;1;A01
201200000423;0;7;0;2;0;0;14;A01
201200000424;0;2;0;2;0;1;14;A01
201200000425;0;7;0;0;0;3;0;A01
201200000425;0;3;0;0;0;3;0;B02
201200000426;0;7;0;6;0;8;13;A01
201200000427;0;14;0;13;0;1;1;A01
201200000428;0;7;0;13;0;1;13;A01
201200000429;0;7;0;8;0;3;13;A01
201200000430;0;7;0;0;2;1;1;B02
201200000430;0;30;0;0;2;1;13;A01
201200000431;0;7;0;0;2;4;13;A01
201200000431;0;7;0;0;2;1;1;B02
201200000431;0;7;0;0;2;2;2;C03
201200000432;0;7;0;2;0;3;13;A01
201200000433;0;7;0;0;0;9;14;A01
201200000434;0;7;0;0;1;2;2;A01
201200000435;0;33;0;0;0;1;1;A01
201200000436;0;7;0;13;0;1;14;A01
201200000437;0;1;0;0;0;4;2;B02
201200000437;0;7;0;0;2;1;2;A01
201200000438;0;7;0;11;0;3;13;A01
201200000439;0;7;0;0;2;3;13;A01
201200000439;0;7;0;0;2;3;1;B02
201200000440;0;10;0;0;9;1;15;A01
201200000440;0;2;0;0;2;8;1;B02
201200000441;0;7;0;0;0;2;13;A01
201200000442;0;7;0;0;2;2;1;A01
201200000442;0;10;0;0;2;3;19;B01
201200000443;0;7;0;0;2;5;1;A01
201200000443;0;7;0;0;2;2;15;B02
201200000444;0;33;0;0;0;7;1;B02
201200000444;0;21;0;0;0;0;0;A01
201200000445;0;7;0;0;9;1;1;B02
201200000445;0;30;0;0;2;8;19;A01
201200000446;0;7;0;0;2;3;13;A01
201200000446;0;37;0;0;2;3;1;B02
201200000447;0;7;0;0;0;1;13;A01
201200000448;0;7;0;0;2;3;1;A01
201200000448;0;7;0;0;2;2;15;B02
201200000449;0;30;0;0;2;1;13;A01
201200000449;0;7;0;0;2;3;1;B02
201200000450;0;14;0;0;2;3;1;B02
201200000450;0;7;0;0;2;1;13;A01
201200000451;0;7;0;13;0;2;14;A01
201200000452;0;1;0;0;2;4;1;B02
201200000452;0;7;0;0;2;2;1;A01
201200000453;0;7;0;13;0;1;13;A01
201200000454;0;15;0;0;0;3;1;B02
201200000454;0;7;0;0;2;3;13;A01
201200000455;0;20;0;0;2;4;1;B02
201200000455;0;7;0;0;9;1;19;A01
201200000456;0;7;0;6;0;1;13;A01
201200000457;0;7;0;3;0;3;13;A01
201200000458;0;36;0;0;0;1;5;A01
201200000459;0;7;0;16;0;9;14;A01
201200000460;0;7;0;0;2;5;1;B02
201200000460;0;7;0;0;2;1;9;A01
201200000461;0;7;0;0;0;8;14;A01
201200000462;0;10;0;0;6;1;1;A01
201200000463;0;7;0;0;2;2;2;A01
201200000463;0;7;0;0;2;6;2;B02
201200000464;0;7;0;0;2;3;13;A01
201200000464;0;7;0;0;2;3;1;B02
201200000465;0;10;0;0;2;3;13;A01
201200000465;0;17;0;0;2;3;21;B02
201200000466;0;7;0;2;0;8;13;A01
201200000467;0;13;0;0;2;1;1;B01
201200000467;0;7;0;0;2;8;19;A02
201200000468;0;7;0;0;2;3;1;A01
201200000468;0;7;0;0;2;1;13;B02
201200000469;0;7;0;0;2;2;1;A01
201200000469;0;2;0;0;2;3;15;B02
201200000470;0;7;0;6;0;1;14;A01
201200000471;0;30;0;0;2;1;1;A01
201200000471;0;7;0;0;2;4;1;B02
201200000472;0;2;0;1;0;7;22;B02
201200000472;0;7;0;1;0;7;22;A01
201200000473;0;7;0;2;0;1;0;A01
201200000474;0;7;0;0;2;8;15;B02
201200000474;0;33;0;0;2;1;17;A01
201200000475;0;7;0;2;0;3;14;A01
201200000476;0;7;0;0;2;2;2;A01
201200000476;0;10;0;0;2;6;1;B02
201200000476;0;32;0;0;2;1;1;C03
201200000477;0;7;0;0;2;4;1;B02
201200000477;0;7;0;0;2;1;17;A01
201200000477;0;7;0;0;2;1;1;C03
201200000478;0;30;0;0;2;1;1;C03
201200000478;0;10;0;0;0;8;19;A01
201200000478;0;30;0;0;2;1;1;B02
201200000479;0;7;0;0;2;7;15;A01
201200000479;0;7;0;0;2;1;1;B02
201200000480;0;30;0;0;2;1;13;A01
201200000480;0;7;0;0;2;1;1;B02
201200000481;0;7;0;8;0;1;14;A01
201200000482;0;33;0;0;2;0;13;B02
201200000482;0;7;0;0;2;8;14;A01
201200000483;0;7;0;0;2;3;15;A01
201200000483;0;33;0;0;2;1;17;B02
201200000484;0;7;0;0;2;3;5;A01
201200000484;0;14;0;0;2;3;1;B02
201200000485;0;30;0;0;1;1;1;A01
201200000486;0;10;0;0;2;1;1;B02
201200000486;0;7;0;0;2;7;13;A01
201200000487;0;30;0;0;2;1;17;A01
201200000487;0;7;0;0;0;5;15;B02
201200000488;0;30;0;0;2;7;1;B02
201200000488;0;7;0;0;2;3;9;A01
201200000489;0;33;0;8;0;8;1;A01
201200000490;0;7;0;13;0;3;13;A01
201200000491;0;7;0;0;2;8;19;A01
201200000491;0;7;0;0;2;1;1;B02
201200000492;0;7;0;0;2;3;1;A01
201200000492;0;7;0;0;2;2;19;B02
201200000493;0;7;0;0;0;1;14;A01
201200000494;0;7;0;0;2;2;1;B02
201200000494;0;7;0;0;2;3;15;A01
201200000495;0;7;0;0;2;1;2;A01
201200000495;0;7;0;0;2;4;1;C03
201200000495;0;7;0;0;2;4;1;B02
201200000496;0;7;0;0;2;4;23;B02
201200000496;0;7;0;0;2;1;1;A01
201200000497;0;31;0;0;6;7;1;A01
201200000498;0;31;0;6;0;1;0;A01
201200000499;0;7;0;0;2;1;1;A01
201200000499;0;7;0;0;0;6;15;D04
201200000499;0;7;0;0;2;1;1;B02
201200000499;0;7;0;0;2;4;23;C03
201200000500;0;30;0;0;2;3;15;A01
201200000500;0;33;0;0;2;1;1;B02
201200000501;0;7;0;13;0;9;0;A01
201200000502;0;7;0;0;2;1;15;A01
201200000502;0;30;0;0;2;1;1;B02
201200000503;0;7;0;0;0;2;1;A01
201200000504;0;7;0;0;1;1;1;A01
201200000505;0;7;0;6;0;1;1;A01
201200000506;1;7;0;13;2;0;17;A02
201200000506;0;7;0;0;2;4;1;B01
201200000507;0;7;0;0;2;3;1;B02
201200000507;0;7;0;0;2;3;13;A01
201200000508;0;7;0;0;2;1;1;B02
201200000508;0;10;0;0;2;1;13;A01
201200000509;0;14;0;0;0;8;1;A01
201200000509;0;17;0;0;0;6;1;B02
201200000510;0;7;0;0;2;8;13;A01
201200000510;0;7;0;0;2;3;1;B02
201200000511;0;7;0;0;2;3;17;A01
201200000511;0;7;0;0;2;3;1;B02
201200000512;0;7;0;0;2;2;1;B02
201200000512;0;2;0;0;2;3;19;A01
201200000513;0;7;0;0;0;2;1;A01
201200000514;0;7;0;0;2;2;15;A01
201200000514;0;33;0;0;2;1;1;B02
201200000515;0;1;0;0;0;4;0;A01
201200000515;0;7;0;0;2;1;1;B02
201200000516;0;30;0;0;2;7;1;B02
201200000516;0;7;0;0;2;2;15;A01
201200000517;0;30;0;14;0;7;16;A01
201200000518;0;33;0;0;2;1;17;B02
201200000518;0;14;0;0;0;6;2;A01
201200000519;0;7;0;0;2;1;1;B02
201200000519;0;7;0;0;2;7;13;A01
201200000520;0;7;0;0;2;2;17;A01
201200000520;0;14;0;0;2;6;1;B02
201200000521;0;7;0;0;0;9;1;A01
201200000522;0;7;0;0;2;1;1;A01
201200000522;0;7;0;0;2;8;1;B02
201200000523;0;7;0;0;2;2;17;A01
201200000523;0;7;0;0;2;1;1;B02
201200000524;0;7;0;0;2;3;6;A01
201200000524;0;17;0;0;0;8;1;B02
201200000524;0;7;0;0;2;1;1;D04
201200000525;0;2;0;12;0;2;18;A01
201200000526;0;7;0;0;2;1;21;B02
201200000526;0;7;0;0;2;1;13;A01
201200000527;0;7;0;0;2;8;15;B02
201200000527;0;2;0;0;2;1;17;A01
201200000528;0;7;0;0;2;3;1;B02
201200000528;0;7;0;0;2;1;13;A01
201200000528;0;7;0;0;2;3;1;C03
201200000529;0;7;0;0;2;8;1;A01
201200000529;0;2;0;0;2;1;1;B02
201200000530;0;7;0;0;1;1;1;A01
201200000531;0;7;0;2;0;1;14;A01
201200000532;0;7;0;0;2;1;1;B02
201200000532;0;7;0;0;2;1;19;A01
201200000533;0;2;0;0;2;8;13;B02
201200000533;0;10;0;0;2;8;1;A01
201200000534;0;7;0;0;2;2;15;A01
201200000534;0;7;0;0;2;1;1;B02
201200000535;0;7;0;2;0;7;1;A01
201200000536;0;33;0;0;2;1;0;B02
201200000536;0;14;0;0;2;6;1;A01
201200000537;0;7;0;0;0;0;0;A01
201200000538;0;7;0;13;0;1;13;A01
201200000539;0;7;0;0;1;2;21;A01
201200000540;0;17;0;0;0;3;19;A01
201200000540;0;7;0;0;0;1;1;B02
201200000541;0;7;0;4;2;2;17;A01
201200000541;0;7;0;13;2;3;2;B02
201200000542;0;15;0;0;2;3;1;B02
201200000542;0;7;0;0;2;2;13;A01
201200000543;0;7;0;0;0;1;1;B02
201200000543;0;7;0;0;0;2;15;A01
201200000544;0;33;0;0;2;8;19;A01
201200000544;0;14;0;0;2;2;1;B02
201200000545;0;7;0;0;2;8;15;A01
201200000545;0;33;0;0;2;1;17;B02
201200000546;0;7;0;10;1;1;1;A01
201200000547;0;7;0;0;9;6;9;A01
201200000547;0;1;0;0;2;1;14;B02
201200000548;0;7;0;0;2;3;13;A01
201200000548;0;7;0;0;2;3;1;B02
201200000549;0;7;0;0;1;2;1;A01
201200000550;0;7;0;0;2;7;19;B02
201200000550;0;7;0;0;2;1;1;A01
201200000551;0;7;0;0;1;8;23;C02
201200000551;0;10;0;1;1;7;17;A01
201200000552;0;33;0;0;2;1;17;A01
201200000552;0;38;0;0;2;3;1;B02
201200000553;0;31;0;12;0;6;1;A01
201200000554;0;7;0;0;0;0;21;A01
201200000555;0;33;0;1;0;2;21;A01
201200000555;0;7;0;0;2;2;24;B02
201200000556;0;7;0;6;0;2;1;A01
201200000557;0;33;0;15;2;2;13;A01
201200000557;0;7;0;0;2;3;15;B02
201200000558;0;1;0;0;2;2;5;B02
201200000558;0;7;0;0;2;2;1;A01
201200000559;0;1;0;0;2;0;5;A01
201200000559;0;7;0;0;2;2;1;B02
201200000560;0;14;0;0;2;1;1;B02
201200000560;0;31;0;0;2;1;13;A01
201200000561;0;10;0;0;2;6;1;C03
201200000561;0;7;0;0;2;6;1;B02
201200000561;0;7;0;0;2;3;1;D04
201200000561;0;7;0;0;2;1;2;A01
201200000562;0;7;0;0;0;4;2;B02
201200000562;0;10;0;0;2;1;2;A01
201200000563;0;7;0;0;2;1;1;B02
201200000563;0;10;0;0;2;3;10;A01
201200000564;0;2;0;12;0;0;1;A01
201200000565;0;2;0;0;0;1;1;A01
201200000566;0;33;0;0;0;1;1;A01
201200000566;0;7;0;0;0;3;15;B02
201200000567;0;7;0;0;0;1;1;A01
201200000568;0;7;0;0;2;6;15;B02
201200000568;0;33;0;1;2;1;17;A01
201200000569;0;7;0;0;0;2;1;B02
201200000569;0;7;0;0;2;1;13;A01
201200000570;0;7;0;8;0;7;14;A01
201200000571;0;7;0;2;0;6;13;A01
201200000572;0;7;0;0;2;8;15;A01
201200000572;0;31;0;0;2;1;1;B02
201200000573;0;7;0;0;2;3;13;B02
201200000573;0;7;0;0;2;3;1;A01
201200000574;0;31;0;6;0;1;13;A01
201200000575;0;7;0;0;1;1;13;A01
201200000576;0;7;0;6;0;8;1;A01
201200000577;0;10;0;0;0;9;1;A01
201200000578;0;7;0;0;1;2;1;A01
201200000579;0;7;0;9;0;3;14;A01
201200000580;0;7;0;0;2;3;15;B02
201200000580;0;33;0;0;2;1;1;A01
201200000581;0;7;0;0;2;1;13;A01
201200000581;0;38;1;0;2;1;1;B02
201200000582;0;7;0;0;2;1;1;B02
201200000582;0;2;0;0;2;1;15;A01
201200000583;0;7;0;8;0;1;13;A01
201200000584;0;7;0;0;1;2;19;A01
201200000585;0;7;0;6;0;2;1;A01
201200000586;0;7;0;0;2;3;13;A01
201200000586;0;7;0;0;2;3;1;B02
201200000587;0;7;0;0;2;1;14;A01
201200000587;0;10;0;0;2;3;13;B02
201200000588;0;30;0;0;2;1;1;A01
201200000588;0;7;0;0;2;3;13;B02
201200000589;0;30;0;13;0;1;1;A01
201200000590;0;2;0;0;2;1;1;B02
201200000590;0;2;0;0;2;4;1;A01
201200000591;0;7;0;0;2;1;9;B02
201200000591;0;7;0;0;2;4;1;A01
201200000592;0;7;0;0;2;1;1;A01
201200000592;0;7;0;8;2;1;1;B02
201200000593;0;7;0;0;0;2;13;A01
201200000593;0;7;0;0;0;3;1;B02
201200000594;0;10;0;0;0;5;24;B02
201200000594;0;1;0;1;0;1;1;A01
201200000595;0;7;0;0;2;3;1;B02
201200000595;0;7;0;0;2;3;1;A01
201200000596;0;7;0;0;0;3;16;A01
201200000596;0;7;0;0;0;2;1;B02
201200000597;0;31;0;0;2;1;21;A01
201200000597;0;38;1;0;2;3;15;B02
201200000598;0;10;0;2;0;1;1;A01
201200000599;0;31;0;5;0;1;1;A01
201200000600;0;7;0;0;1;3;1;A01
201200000601;0;7;0;9;0;1;1;A01
201200000602;0;7;0;2;0;9;1;A01
201200000603;0;7;0;0;2;1;1;B02
201200000603;0;7;0;0;2;1;1;A01
201200000604;0;7;0;2;0;2;17;A01
201200000605;0;7;0;0;2;3;13;A01
201200000605;0;7;0;0;2;3;1;B02
201200000606;0;33;0;0;2;1;1;B02
201200000606;0;7;0;0;2;2;15;A01
201200000607;0;7;0;0;2;1;15;A01
201200000607;0;7;0;0;2;1;1;B02
201200000608;0;20;0;0;2;3;1;B02
201200000608;0;33;0;0;2;1;13;A01
201200000609;0;1;0;0;2;4;2;B02
201200000609;0;1;0;0;2;4;2;C03
201200000609;0;7;0;0;9;2;2;A01
201200000610;0;7;0;0;2;1;1;C03
201200000610;0;10;0;0;2;1;13;A01
201200000610;0;7;0;0;2;4;1;B02
201200000611;0;7;0;0;2;8;15;B02
201200000611;0;33;0;0;2;1;17;A01
201200000612;0;7;0;0;2;2;1;B02
201200000612;0;1;0;0;2;6;1;A01
201200000613;0;7;0;4;0;3;1;A01
201200000614;0;7;0;6;0;1;1;A01
201200000615;0;7;0;0;2;2;1;A01
201200000615;0;7;0;0;2;3;15;B02
201200000616;0;7;0;0;2;7;19;A01
201200000616;0;7;0;0;2;1;1;B02
201200000617;0;7;0;0;2;8;1;A01
201200000617;0;10;0;0;2;1;1;B02
201200000618;0;7;0;0;0;1;0;A01
201200000619;0;17;0;0;2;1;1;C02
201200000619;0;7;0;0;2;1;1;D04
201200000619;0;7;0;0;2;1;17;A01
201200000619;0;7;0;0;2;1;1;B03
201200000620;0;7;0;3;0;2;1;A01
201200000620;0;10;0;0;2;3;1;C03
201200000620;0;7;0;0;2;2;1;B02
201200000621;0;7;0;2;0;8;1;A01
201200000622;0;10;0;0;1;4;4;A01
201200000623;0;7;0;0;2;1;1;B02
201200000623;0;7;0;0;2;1;15;A01
201200000624;0;10;0;2;0;1;14;A01
201200000625;0;17;0;0;1;4;15;A01
201200000626;0;7;0;0;2;3;15;A01
201200000626;0;2;0;0;2;1;15;B02
201200000627;0;2;0;1;0;1;1;A01
201200000628;0;7;0;0;1;1;2;A01
201200000629;0;7;0;0;2;1;1;B02
201200000629;0;7;0;0;2;1;1;A01
201200000629;0;7;0;0;2;1;15;C03
201200000630;0;7;0;0;1;1;15;A01
201200000631;0;7;0;0;2;3;13;A01
201200000631;0;7;0;0;2;3;1;B02
201200000632;0;7;0;0;0;2;16;A01
201200000633;0;7;0;0;1;1;1;A01
201200000634;0;7;0;0;2;1;1;A01
201200000634;0;30;0;0;0;7;10;B02
201200000635;0;7;0;0;2;3;15;A01
201200000635;0;30;0;0;2;1;17;B02
201200000636;0;7;0;6;0;1;1;A01
201200000637;0;33;0;0;2;1;2;A01
201200000637;0;7;0;0;2;4;1;B02
201200000638;0;7;0;0;2;1;16;A01
201200000638;0;1;0;0;2;3;15;B02
201200000639;0;7;0;0;1;1;1;A01
201200000640;0;7;0;0;2;5;13;A01
201200000640;0;7;0;0;2;2;1;B02
201200000641;0;7;0;0;1;2;1;A01
201200000642;0;7;0;0;2;1;1;B02
201200000642;0;7;0;0;2;1;13;A01
201200000643;0;7;0;0;2;1;2;B02
201200000643;0;7;0;0;0;4;1;A01
201200000644;0;7;0;1;0;2;1;A01
201200000645;0;7;0;0;1;2;1;A01
201200000646;0;33;0;14;0;1;1;A01
201200000647;0;7;0;6;0;1;1;A01
201200000648;0;21;0;0;2;6;1;B02
201200000648;0;2;0;16;0;8;21;A01
201200000649;0;7;0;0;2;3;15;A01
201200000649;0;7;0;0;2;1;1;B02
201200000650;0;7;0;2;0;1;14;A01
201200000651;0;7;0;0;2;3;1;A01
201200000651;0;33;0;0;2;1;13;B02
201200000652;0;10;0;0;2;3;13;A01
201200000652;0;30;0;0;2;8;1;B02
201200000653;0;20;0;0;2;6;1;B02
201200000653;0;33;0;0;2;1;1;A01
201200000654;0;7;0;0;0;1;1;A01
201200000655;0;7;0;2;0;1;1;A01
201200000656;0;2;0;0;0;7;1;A01
201200000657;0;30;0;0;2;1;1;B02
201200000657;0;10;0;0;0;3;19;A01
201200000658;0;30;0;0;0;7;1;A01
201200000659;0;30;0;8;1;1;14;A01
201200000660;0;7;0;0;2;3;13;A01
201200000660;0;7;0;0;2;3;1;B02
201200000661;0;7;0;0;2;1;1;B02
201200000661;0;7;0;0;2;1;13;A01
201200000662;0;30;0;0;2;1;13;A01
201200000662;0;30;0;0;2;3;13;B02
201200000663;0;7;0;0;1;3;14;A01
201200000664;0;7;0;2;0;1;1;A01
201200000665;0;7;0;2;0;3;13;A01
201200000666;0;7;0;3;0;1;1;A01
201200000667;0;7;0;2;0;1;14;A01
201200000668;0;33;0;0;0;8;1;B02
201200000668;0;7;0;0;0;3;15;A01
201200000669;0;1;0;0;0;4;1;B02
201200000669;0;32;0;0;0;1;1;A01
201200000670;0;2;0;0;0;8;9;B02
201200000670;0;37;0;0;2;2;1;A01
201200000671;0;7;0;0;2;1;1;B02
201200000671;0;7;0;0;2;4;17;A01
201200000672;0;7;0;0;2;2;1;B02
201200000672;0;7;0;0;2;8;21;C03
201200000672;0;7;0;0;2;3;5;A01
201200000673;0;31;0;12;0;8;1;A01
201200000674;0;7;0;0;1;3;17;A01
201200000675;0;10;0;0;0;3;13;A01
201200000675;0;7;0;0;0;3;2;B02
201200000676;0;33;0;0;2;1;17;A01
201200000676;0;10;0;0;2;8;15;B02
201200000677;0;7;0;0;1;3;1;A01
201200000678;0;37;0;0;2;1;19;B02
201200000678;0;1;0;0;2;7;1;A01
201200000679;0;33;0;0;0;0;1;A01
201200000680;0;7;0;2;0;7;1;A01
201200000681;0;7;0;0;1;2;1;A01
201200000682;0;7;0;0;0;7;1;B02
201200000682;0;7;0;0;2;1;1;A01
201200000683;0;7;0;0;1;1;1;A01
201200000684;0;7;0;0;1;1;1;A01
201200000685;0;7;0;0;2;2;13;A01
201200000685;0;7;0;0;2;1;1;B02
201200000686;0;2;0;0;2;1;21;A01
201200000686;0;7;0;0;0;6;1;B02
201200000687;0;15;0;0;0;4;23;A01
201200000687;0;10;0;1;0;1;1;B02
201200000688;1;7;0;0;1;3;1;A01
201200000689;0;7;0;2;0;1;1;A01
201200000690;0;7;0;0;2;4;15;B02
201200000690;0;31;0;0;2;1;17;A01
201200000691;0;7;0;0;0;4;23;D04
201200000691;0;7;0;0;0;4;23;E05
201200000691;0;10;0;0;0;4;23;C03
201200000691;0;7;0;0;0;4;23;A01
201200000691;0;7;0;0;0;4;23;B02
201200000691;0;15;0;0;2;1;1;F06
201200000692;0;33;0;0;2;1;1;B02
201200000692;0;7;0;0;2;8;15;A01
201200000693;0;33;0;0;2;7;1;B02
201200000693;0;7;0;0;2;3;10;A01
201200000694;0;7;0;0;0;2;1;B02
201200000694;0;33;0;0;2;1;13;A01
201200000695;0;30;0;0;2;1;1;B02
201200000695;0;7;0;0;2;3;6;A01
201200000696;0;7;0;2;0;1;1;A01
201200000697;0;38;0;0;1;1;1;A01
201200000698;0;7;0;2;0;1;1;A01
201200000699;0;7;0;0;1;4;4;A01
201200000700;0;7;0;0;2;3;21;B02
201200000700;0;33;0;0;2;3;1;A01
201200000701;0;7;0;0;2;3;15;A01
201200000701;0;30;0;0;2;1;1;B02
201200000702;0;7;0;0;2;7;0;B02
201200000702;0;33;0;0;2;1;17;A01
201200000703;0;33;0;11;0;1;17;A01
201200000704;0;7;0;13;0;0;13;A01
201200000705;0;7;0;0;2;2;1;A01
201200000705;0;33;0;0;2;1;1;B02
201200000706;0;13;0;0;2;2;1;B02
201200000706;0;7;0;0;2;2;13;A01
201200000707;0;7;0;8;0;1;0;A01
201200000708;0;7;0;8;0;3;1;A01
201200000709;0;7;0;0;1;2;1;A01
201200000710;0;7;0;0;2;3;13;A01
201200000710;0;7;0;0;2;3;1;B02
201200000710;0;7;0;0;2;1;1;C03
201200000711;0;7;0;0;2;1;1;A01
201200000711;0;7;0;0;2;8;19;B02
201200000712;0;31;0;0;2;7;5;A01
201200000712;0;7;0;0;2;2;1;B02
201200000713;0;7;0;0;2;3;1;A01
201200000713;0;7;0;0;2;3;6;B02
201200000714;0;7;0;0;2;3;17;A01
201200000714;0;33;0;0;2;1;2;B02
201200000715;0;33;0;0;2;2;17;A01
201200000715;0;7;0;0;2;6;15;B02
201200000716;0;33;0;8;0;4;1;A01
201200000717;0;20;0;0;0;3;1;B02
201200000717;0;7;0;0;0;7;17;A01
201200000718;0;15;0;0;0;6;1;C03
201200000718;0;7;0;0;0;3;1;A01
201200000718;0;7;0;0;2;1;1;B02
201200000719;0;2;0;0;2;1;1;B02
201200000719;0;10;0;0;2;3;19;A01
201200000720;0;33;0;0;2;1;1;B02
201200000720;0;7;0;0;2;2;1;A01
201200000721;0;7;0;0;0;2;2;B02
201200000721;0;7;0;0;0;3;15;A01
201200000722;0;37;0;0;0;4;1;A01
201200000722;0;7;0;0;0;1;1;B02
201200000723;0;7;0;6;0;2;1;A01
201200000724;0;33;0;1;0;0;1;A01
201200000725;0;10;0;14;0;1;1;A01
201200000726;0;7;0;2;0;1;19;A01
201200000727;0;14;0;0;1;6;15;A01
201200000728;0;10;0;2;0;3;1;A01
201200000729;0;33;0;13;0;2;1;A01
201200000730;0;7;0;0;2;1;17;A01
201200000730;0;7;0;0;2;1;1;B02
201200000731;0;7;0;13;0;0;1;A01
201200000732;0;7;0;0;1;7;19;A01
201200000733;0;2;0;0;2;1;1;B02
201200000733;0;7;0;0;2;5;1;A01
201200000734;0;33;0;1;2;1;1;B02
201200000734;0;7;0;0;2;3;9;A01
201200000735;0;31;0;0;2;1;1;A01
201200000735;0;7;0;0;2;2;16;B02
201200000736;0;7;0;0;2;3;1;A01
201200000736;0;7;0;0;2;8;15;B02
201200000737;0;7;0;6;0;1;1;A01
201200000738;0;7;0;7;0;1;1;A01
201200000739;0;7;0;2;0;9;1;A01
201200000740;0;7;0;13;0;2;1;A01
201200000741;0;33;0;0;2;1;1;B02
201200000741;0;7;0;0;2;2;15;A01
201200000742;0;7;0;0;2;3;13;A01
201200000742;0;7;0;0;2;1;1;B02
201200000743;0;7;0;1;0;2;1;A01
201200000744;0;17;0;0;2;3;1;A01
201200000744;0;33;0;0;2;1;13;C03
201200000745;2;7;0;6;0;1;17;A01
201200000746;0;33;0;0;2;1;1;B02
201200000746;0;7;0;0;2;7;15;A01
201200000747;0;7;0;0;2;1;1;B02
201200000747;0;7;0;0;2;1;13;A01
201200000748;0;7;0;8;0;8;1;A01
201200000749;0;30;0;0;2;1;1;B02
201200000749;0;7;0;0;2;7;19;A01
201200000750;0;7;0;0;1;1;1;A01
201200000751;0;7;0;0;1;1;1;A01
201200000752;0;7;0;0;2;1;1;B02
201200000752;0;7;0;0;0;7;19;A01
201200000753;2;7;0;9;0;1;1;A01
201200000754;0;7;0;8;0;7;13;A01
201200000755;0;30;0;0;2;1;19;B02
201200000755;0;7;0;0;2;2;1;A01
201200000756;0;33;0;0;2;1;1;B02
201200000756;0;1;0;0;2;1;1;A01
201200000757;0;7;0;0;2;7;17;A01
201200000757;0;30;0;0;2;8;1;B02
201200000758;0;7;0;0;2;7;1;A01
201200000758;0;14;0;0;2;3;1;B02
201200000759;0;14;0;0;2;3;1;B02
201200000759;0;37;17;0;2;1;0;A01
201200000760;0;7;0;0;2;1;1;B02
201200000760;0;7;0;0;2;1;15;A01
201200000761;0;7;0;2;0;7;0;A01
201200000762;0;7;0;0;2;4;15;B02
201200000762;0;7;0;0;2;1;1;A01
201200000762;0;7;0;0;2;1;1;C03
201200000763;0;7;0;2;0;1;1;A01
201200000764;0;7;0;8;0;8;1;A01
201200000765;0;7;0;0;2;3;15;B02
201200000765;0;7;0;0;2;2;17;A01
201200000766;0;33;0;1;2;1;1;A01
201200000766;0;7;0;0;2;3;1;C03
201200000766;0;7;0;0;2;1;24;B02
201200000767;0;7;0;0;2;1;1;B02
201200000767;0;7;0;0;2;7;1;A01
201200000768;0;7;0;2;0;9;1;A01
201200000769;0;7;0;0;2;8;1;A01
201200000769;0;7;0;0;2;2;1;B02
201200000770;0;2;0;0;6;0;15;A01
201200000771;0;30;0;0;2;3;0;B02
201200000771;0;7;0;0;2;3;0;A01
201200000772;0;7;0;0;0;5;19;A01
201200000772;0;7;0;0;0;3;1;B02
201200000773;0;33;0;0;0;8;13;A01
201200000774;0;7;0;0;2;3;1;B02
201200000774;0;7;0;0;2;3;13;A01
201200000775;0;7;0;0;1;3;1;A01
201200000776;0;7;0;8;0;9;1;A01
201200000777;0;7;0;0;2;3;1;B02
201200000777;0;7;0;0;2;2;1;A01
201200000778;0;7;0;0;2;1;0;B02
201200000778;0;7;0;0;2;8;1;A01
201200000779;0;10;0;0;2;3;1;A01
201200000779;0;36;0;0;2;2;19;B02
201200000780;0;10;0;0;2;3;1;B02
201200000780;0;7;0;0;2;3;13;A01
201200000781;0;1;0;0;2;1;15;B02
201200000781;0;7;0;0;2;1;16;A01
201200000782;0;7;0;0;0;2;1;A01
201200000783;0;7;0;6;0;1;1;A01
201200000784;0;33;0;0;0;9;13;A01
201200000785;0;10;0;0;2;2;21;A01
201200000785;0;14;0;0;0;6;2;B02
201200000786;0;7;0;0;0;6;23;A01
201200000786;0;2;0;0;2;1;2;B02