num_acc;senc;catv;occutc;obs;obsm;choc;manv;num_veh
201200001532;0;10;0;0;2;3;1;B02
201200001533;0;7;0;13;0;1;13;A01
201200001534;0;7;0;0;1;3;15;A01
201200001535;0;33;0;0;0;8;1;A01
201200001536;0;33;0;3;0;4;1;A01
201200001537;0;7;0;3;2;3;14;B02
201200001537;0;7;0;3;2;3;13;A01
201200001538;0;7;0;0;1;1;1;A01
201200001539;0;7;0;0;1;3;1;A01
201200001540;0;7;0;0;1;2;1;A01
201200001541;0;30;0;0;2;1;2;A01
201200001541;0;7;0;0;2;4;2;B02
201200001542;0;7;0;0;2;3;13;A01
201200001542;0;7;0;13;2;3;1;B02
201200001543;0;2;0;2;0;3;21;A01
201200001544;0;7;0;1;2;1;13;A01
201200001544;0;1;0;0;2;1;1;D04
201200001545;0;10;0;0;2;7;19;A01
201200001545;0;7;0;0;2;1;1;B02
201200001546;0;7;0;0;2;1;1;B02
201200001546;0;7;0;0;2;1;13;A01
201200001547;0;33;0;13;0;3;1;A01
201200001548;0;13;0;0;2;1;1;A01
201200001548;0;7;0;0;2;8;9;B01
201200001549;0;14;0;0;2;3;2;A01
201200001549;0;7;0;0;2;9;15;B01
201200001549;0;14;0;0;2;1;1;C01
201200001550;0;33;0;0;2;1;1;A01
201200001550;0;7;0;0;2;1;15;B01
201200001551;0;7;0;0;0;2;1;A01
201200001552;0;7;0;0;2;7;13;A01
201200001552;0;7;0;3;2;1;1;B01
201200001553;0;30;0;0;2;1;19;B01
201200001553;0;7;0;0;2;2;1;A01
201200001554;0;17;0;0;2;5;16;A01
201200001554;0;33;0;0;2;1;2;B01
201200001555;0;7;0;13;2;3;1;B01
201200001555;0;7;0;14;0;1;1;C01
201200001555;0;7;0;0;2;3;13;A01
201200001556;0;7;0;0;1;3;1;A01
201200001557;0;7;0;0;2;1;1;A01
201200001557;0;7;0;0;2;8;17;B01
201200001558;0;2;0;0;2;1;1;A01
201200001558;0;7;0;0;2;3;1;B01
201200001559;0;7;0;0;2;2;17;A01
201200001559;0;14;0;0;2;8;10;B01
201200001560;0;7;0;8;0;3;1;A01
201200001561;0;7;0;0;1;2;1;A01
201200001562;0;33;0;0;2;1;1;B02
201200001562;0;7;0;0;2;5;15;A01
201200001563;0;7;0;0;2;1;15;A01
201200001563;0;7;0;0;2;2;1;B02
201200001564;0;7;0;1;2;2;11;A01
201200001564;0;7;0;0;2;6;23;B01
201200001565;0;7;0;0;1;3;16;A01
201200001566;0;7;0;6;0;3;1;A01
201200001567;0;7;0;0;2;1;1;A01
201200001567;0;7;0;0;0;4;2;B01
201200001568;0;7;0;0;2;1;1;A01
201200001568;0;7;0;0;2;4;11;B01
201200001568;1;7;0;0;0;0;4;Z01
201200001569;0;20;0;0;0;8;16;A01
201200001570;0;7;0;9;9;3;1;B01
201200001570;0;33;0;9;0;1;5;A01
201200001571;0;33;0;0;2;7;3;B01
201200001571;0;7;0;0;2;6;1;C01
201200001571;0;7;0;0;2;2;12;A01
201200001572;0;7;0;0;2;1;1;A01
201200001572;0;7;0;0;2;2;16;B01
201200001573;0;7;0;6;0;1;6;A01
201200001574;0;7;0;0;2;1;2;A01
201200001574;0;7;0;0;2;6;23;B01
201200001575;0;7;0;0;2;5;12;A01
201200001575;0;7;0;0;2;3;12;B01
201200001576;0;2;0;0;2;1;1;A01
201200001576;0;7;0;0;2;3;1;B01
201200001577;0;7;0;0;2;2;12;A01
201200001577;0;33;0;0;2;3;21;B01
201200001578;0;7;0;0;2;4;2;B01
201200001578;0;7;0;0;2;1;2;A01
201200001578;0;7;0;0;2;4;1;C01
201200001579;0;7;0;0;2;3;13;A01
201200001579;0;37;1;0;2;1;1;B01
201200001580;0;7;0;0;2;2;15;A01
201200001580;0;7;0;0;2;1;1;B01
201200001581;0;33;0;0;2;3;1;B01
201200001581;0;7;0;0;2;2;19;A01
201200001582;0;7;0;0;1;3;1;A01
201200001583;0;33;0;0;2;1;17;A01
201200001583;0;7;0;0;2;8;15;B01
201200001584;0;7;0;0;2;2;19;A01
201200001584;0;13;0;0;2;3;1;B01
201200001584;0;7;0;0;2;2;1;C01
201200001585;0;7;0;0;1;2;0;A01
201200001586;0;31;0;14;0;1;13;A01
201200001587;0;30;0;0;2;8;15;B01
201200001587;0;7;0;0;2;5;17;A01
201200001588;0;7;0;0;2;1;13;A01
201200001588;0;7;0;0;2;1;1;B01
201200001589;0;7;0;8;0;2;14;A01
201200001590;0;7;0;0;2;3;19;A01
201200001590;0;1;0;0;2;7;1;B01
201200001591;0;33;0;8;0;9;1;A01
201200001592;0;7;0;13;0;1;21;A01
201200001593;0;7;0;0;2;3;2;B01
201200001593;0;1;0;0;0;4;15;A01
201200001594;0;7;0;13;0;1;14;A01
201200001595;0;2;0;0;2;1;5;A01
201200001595;0;7;0;0;2;1;1;B02
201200001596;0;7;0;0;2;5;15;A01
201200001596;0;31;0;0;2;2;1;B01
201200001597;0;7;0;0;2;1;1;A01
201200001597;0;7;0;0;2;7;19;B01
201200001598;0;7;0;13;0;1;14;A01
201200001599;0;33;0;0;1;1;1;A01
201200001600;0;7;0;0;2;3;13;A01
201200001600;0;7;0;0;2;1;1;B01
201200001601;0;30;0;0;2;3;1;A01
201200001602;0;7;0;0;2;2;10;A01
201200001602;0;33;0;0;2;1;1;B01
201200001603;0;38;25;13;0;7;1;A01
201200001604;0;33;0;8;2;1;17;B01
201200001604;0;7;0;0;2;8;17;A01
201200001605;0;1;0;0;2;8;1;B01
201200001605;0;7;0;0;9;7;17;A01
201200001606;0;31;0;14;0;1;1;B01
201200001607;0;7;0;0;2;1;1;B01
201200001607;0;7;0;0;2;1;13;A01
201200001608;0;7;0;0;9;2;2;A01
201200001608;0;1;0;0;2;7;2;B02
201200001609;0;7;0;0;2;4;23;B02
201200001609;0;7;0;0;2;1;2;A01
201200001610;0;7;0;0;2;1;6;A01
201200001610;0;15;0;0;2;1;1;B01
201200001611;0;7;0;13;0;1;13;A01
201200001612;0;7;0;16;0;1;0;A01
201200001613;0;7;0;0;2;6;23;B01
201200001613;0;33;0;0;2;1;2;A01
201200001614;0;7;0;0;2;1;1;B01
201200001614;0;7;0;0;2;1;5;A01
201200001615;0;2;0;0;2;1;13;A01
201200001615;0;7;0;0;2;2;1;B01
201200001616;0;7;0;0;1;2;1;A01
201200001617;0;7;0;0;1;2;1;A01
201200001618;0;2;0;0;2;8;15;A01
201200001618;0;2;0;0;2;1;1;B01
201200001619;0;7;0;0;2;1;13;A01
201200001619;0;10;0;0;2;1;1;B01
201200001620;0;7;0;0;2;3;13;A01
201200001620;0;10;0;0;2;6;1;B02
201200001621;0;7;0;0;2;1;1;B02
201200001621;0;2;0;0;2;8;16;A01
201200001622;0;7;0;0;2;1;1;C01
201200001622;0;7;0;0;2;2;13;A01
201200001622;0;7;0;0;2;1;1;B01
201200001623;0;10;0;0;1;2;2;A01
201200001624;0;7;0;6;0;2;14;A01
201200001625;0;7;0;0;2;3;13;A01
201200001625;0;7;0;0;2;3;1;B02
201200001626;0;33;0;6;0;1;1;A01
201200001627;0;7;0;0;1;1;1;A01
201200001628;0;7;0;13;0;9;1;A01
201200001629;0;32;0;16;0;1;1;A01
201200001630;0;36;0;0;0;7;1;A01
201200001631;0;10;0;0;2;2;19;A01
201200001631;0;2;0;0;2;1;1;B01
201200001632;0;7;0;13;0;3;1;A01
201200001633;0;10;0;0;2;1;1;B01
201200001633;0;2;0;0;2;1;13;A01
201200001634;0;7;0;8;0;1;14;A01
201200001635;0;31;0;0;0;9;1;A01
201200001636;0;7;0;15;1;1;14;A01
201200001637;0;30;0;1;0;1;1;A01
201200001637;0;7;0;0;0;2;15;C01
201200001638;0;7;0;13;2;1;13;A01
201200001638;0;7;0;0;2;1;1;B01
201200001639;0;2;0;0;2;1;13;A01
201200001639;0;21;0;0;2;1;1;B01
201200001640;0;7;0;0;2;1;13;A01
201200001640;0;21;0;0;2;6;1;C01
201200001640;0;7;0;0;2;1;1;B01
201200001641;0;7;0;0;2;8;19;B01
201200001641;0;33;0;0;2;1;1;A01
201200001642;0;7;0;13;0;1;1;A01
201200001643;0;33;0;0;2;8;1;A01
201200001643;0;7;0;0;2;6;10;B02
201200001644;0;7;0;0;2;3;15;A01
201200001644;0;7;0;0;2;2;17;B01
201200001645;0;7;0;0;9;5;16;A01
201200001645;0;1;0;0;2;1;1;B01
201200001646;0;7;0;7;0;9;1;A01
201200001647;0;7;0;0;2;1;19;A01
201200001647;0;7;0;0;2;8;1;B01
201200001648;0;33;0;0;2;7;1;B01
201200001648;0;7;0;0;2;1;9;A01
201200001649;0;7;0;0;2;7;13;A01
201200001649;0;7;0;0;2;1;1;B01
201200001650;0;38;0;0;2;3;1;C03
201200001650;0;10;0;0;2;1;1;B02
201200001650;0;7;0;0;2;7;17;A01
201200001651;0;7;0;0;2;5;15;A01
201200001651;0;33;0;0;2;2;1;B01
201200001652;0;7;0;0;2;8;16;B01
201200001652;0;7;0;0;2;1;1;A01
201200001653;0;7;0;9;0;3;1;A01
201200001654;0;7;0;0;2;7;13;A01
201200001654;0;7;0;0;2;1;1;B01
201200001655;0;7;0;2;0;1;13;A01
201200001656;0;7;0;0;2;1;1;A01
201200001656;0;7;0;0;2;1;1;B02
201200001657;0;33;0;0;2;8;13;A01
201200001657;0;21;0;0;2;0;1;B01
201200001658;0;7;0;0;0;8;19;B01
201200001658;0;7;0;0;2;1;1;A01
201200001659;0;7;0;0;0;0;1;A01
201200001660;0;14;0;0;2;3;1;B02
201200001660;0;7;0;0;2;3;13;A01
201200001661;0;33;0;8;0;0;1;A01
201200001662;0;14;0;0;2;3;1;B01
201200001662;0;7;0;0;2;1;13;A01
201200001663;0;7;0;6;0;1;1;A01
201200001664;0;7;0;0;1;2;1;A01
201200001665;0;33;0;6;2;1;17;B01
201200001665;0;7;0;0;2;8;15;A01
201200001666;0;7;0;1;0;3;1;A01
201200001667;0;7;0;0;2;2;13;A01
201200001667;0;7;0;0;2;2;13;B01
201200001668;0;33;0;0;0;0;21;H01
201200001668;0;33;0;13;0;1;21;C01
201200001668;0;33;0;13;0;1;21;G01
201200001668;0;33;0;13;0;1;21;D01
201200001668;0;33;0;13;0;1;21;F01
201200001668;0;33;0;13;0;1;21;E01
201200001668;0;33;0;13;0;2;13;A01
201200001668;0;33;0;13;0;1;21;B01
201200001669;0;7;0;0;2;3;13;A01
201200001669;0;7;0;13;0;7;1;C01
201200001669;0;7;0;0;2;3;1;B01
201200001670;0;7;0;0;2;3;1;B02
201200001670;0;7;0;0;2;2;19;A01
201200001671;0;10;0;0;2;3;19;B02
201200001671;0;7;0;0;2;2;1;A01
201200001672;0;7;0;0;2;8;15;B01
201200001672;0;33;0;0;2;1;17;A01
201200001673;0;13;0;0;2;2;1;A01
201200001673;0;3;0;0;2;3;16;B01
201200001674;0;2;0;0;2;1;9;A01
201200001674;0;21;0;0;2;6;1;B01
201200001675;0;7;0;0;2;1;13;A01
201200001675;0;7;0;0;2;1;1;B01
201200001676;0;7;0;0;1;1;1;A01
201200001677;0;7;0;0;1;3;1;A01
201200001678;0;7;0;2;0;1;13;A01
201200001679;0;30;0;0;2;1;19;A01
201200001679;0;7;0;0;2;3;1;B01
201200001680;0;7;0;0;1;2;1;A01
201200001681;0;33;0;8;0;8;13;A01
201200001682;0;7;0;0;2;1;1;B01
201200001682;0;7;0;0;2;1;1;A01
201200001683;0;7;0;0;2;8;15;B01
201200001683;0;33;0;0;0;8;1;A01
201200001684;0;21;0;0;2;3;15;B02
201200001684;0;33;0;0;2;2;17;A01
201200001685;0;7;0;8;0;7;1;A01
201200001686;0;7;0;0;2;1;1;B02
201200001686;0;7;0;0;2;1;13;A01
201200001687;0;7;0;0;1;3;1;A01
201200001688;0;30;0;0;2;1;1;C01
201200001688;0;7;0;0;2;1;5;A01
201200001688;0;2;0;0;0;7;1;B01
201200001689;0;7;0;0;2;0;1;A01
201200001689;0;7;0;0;2;3;24;B01
201200001690;0;7;0;0;2;1;13;A01
201200001690;0;33;0;0;2;1;1;B02
201200001691;0;1;0;0;0;1;1;A01
201200001692;0;7;0;0;1;3;1;A01
201200001693;0;7;0;0;2;1;1;B01
201200001693;0;7;0;0;2;2;1;A01
201200001694;0;7;0;0;2;7;10;A01
201200001694;0;7;0;0;0;1;1;B01
201200001695;0;7;0;11;0;0;0;A01
201200001696;0;7;0;0;2;4;2;C01
201200001696;0;7;0;0;2;1;2;A01
201200001696;0;7;0;0;2;4;2;B01
201200001696;0;7;0;0;2;4;2;D01
201200001697;0;7;0;0;2;1;2;B01
201200001697;0;7;0;0;0;4;2;A01
201200001698;0;7;0;0;2;2;16;A01
201200001698;0;7;0;0;2;3;1;B01
201200001699;0;7;0;0;2;6;19;A01
201200001699;0;7;0;0;2;1;1;B01
201200001700;0;7;0;0;2;2;1;A01
201200001700;0;7;0;0;2;3;1;B01
201200001701;0;7;0;0;2;3;9;A01
201200001701;0;14;0;0;2;1;1;B01
201200001702;0;7;0;10;0;7;14;A01
201200001703;0;7;0;0;2;3;23;B01
201200001703;0;7;0;8;2;3;16;A01
201200001704;0;7;0;0;2;1;5;A01
201200001704;0;14;0;0;2;1;0;B01
201200001705;0;32;0;0;1;1;1;A01
201200001706;0;7;0;0;0;4;2;B01
201200001706;0;7;0;0;2;1;2;A01
201200001707;0;1;0;0;2;7;1;B01
201200001707;0;7;0;0;2;1;1;A01
201200001708;0;7;0;0;0;6;2;C01
201200001708;0;7;0;0;2;1;2;A01
201200001708;0;7;0;0;2;4;2;B01
201200001709;0;7;0;0;2;4;2;B01
201200001709;0;7;0;0;2;1;2;A01
201200001710;0;7;0;0;2;1;1;A01
201200001710;0;1;0;0;2;7;19;B01
201200001711;0;2;0;0;0;0;1;A01
201200001712;0;7;0;0;2;4;2;B01
201200001712;0;7;0;0;2;1;2;A01
201200001712;0;7;0;0;0;4;2;C01
201200001713;0;7;0;0;2;3;1;B01
201200001713;0;7;0;0;2;3;15;A01
201200001714;0;31;0;0;2;0;0;B01
201200001714;0;7;0;0;2;0;12;A01
201200001715;0;37;60;0;1;8;0;A01
201200001716;0;7;0;0;2;3;15;A01
201200001716;0;7;0;0;2;7;1;B01
201200001717;0;7;0;0;2;1;1;A01
201200001717;0;7;0;0;0;4;1;B01
201200001718;0;7;0;0;2;3;1;C01
201200001718;0;7;0;0;0;6;2;B01
201200001718;0;33;0;0;2;1;2;A01
201200001719;0;10;0;0;2;1;2;A01
201200001719;0;7;0;0;0;4;2;C01
201200001719;0;7;0;0;2;4;2;B01
201200001720;0;7;0;0;2;8;1;B01
201200001720;0;10;0;0;2;2;1;A01
201200001721;0;1;0;1;0;1;1;B01
201200001721;0;1;0;1;0;1;1;C01
201200001721;0;7;0;0;2;8;22;A01
201200001722;0;7;0;0;2;1;1;B01
201200001722;0;7;0;0;2;1;15;A01
201200001723;0;7;0;0;2;1;2;A01
201200001723;0;7;0;0;0;4;2;B01
201200001723;0;7;0;0;0;6;1;C01
201200001724;0;7;0;13;0;1;14;A01
201200001725;0;7;0;0;1;1;13;A01
201200001726;0;7;0;0;2;3;20;A01
201200001726;0;30;0;0;2;1;1;B01
201200001727;0;33;0;0;0;2;21;A01
201200001728;1;7;0;0;0;0;0;A01
201200001728;0;1;0;0;2;1;1;B01
201200001729;0;7;0;0;2;1;1;A01
201200001729;0;7;0;0;2;8;19;B01
201200001730;0;14;0;0;1;1;9;A01
201200001731;0;7;0;0;2;2;1;B01
201200001731;0;7;0;0;2;3;10;A01
201200001732;0;7;0;0;2;6;4;A01
201200001732;0;7;0;0;2;3;1;B01
201200001733;0;7;0;0;2;4;23;C01
201200001733;0;7;0;14;0;1;2;A01
201200001733;0;7;0;14;0;4;23;B01
201200001734;0;7;0;0;2;1;13;A01
201200001734;0;15;0;0;2;3;1;B01
201200001735;0;31;0;0;2;1;1;B01
201200001735;0;7;0;0;2;7;15;A01
201200001736;0;1;0;0;2;3;1;B01
201200001736;0;7;0;0;2;2;1;A01
201200001737;0;99;0;0;2;1;1;B01
201200001737;0;7;0;0;2;1;13;A01
201200001738;0;7;0;0;2;3;20;A01
201200001738;0;7;0;0;2;2;1;B02
201200001739;0;2;0;0;2;4;15;B01
201200001739;0;7;0;0;2;1;2;A01
201200001740;0;1;0;0;2;2;1;B01
201200001740;0;7;0;0;2;2;9;A01
201200001741;0;7;0;0;2;3;11;B01
201200001741;0;7;0;0;2;6;1;C01
201200001741;0;7;0;0;2;2;17;A01
201200001742;0;7;0;8;2;1;1;B01
201200001742;0;7;0;0;2;2;19;A01
201200001743;0;7;0;0;2;7;1;B02
201200001743;0;2;0;0;2;1;9;A01
201200001744;0;7;0;0;0;9;9;A01
201200001745;0;7;0;0;2;3;1;A01
201200001745;0;30;0;0;2;1;1;B01
201200001746;0;7;0;0;1;6;4;A01
201200001747;0;7;0;0;1;1;1;A01
201200001748;0;1;0;0;2;8;9;A01
201200001748;0;10;0;0;2;2;1;B01
201200001749;0;7;0;0;1;7;1;A01
201200001750;0;7;0;0;2;1;2;A01
201200001750;0;7;0;0;2;4;23;B01
201200001750;0;7;0;0;2;4;23;C01
201200001751;0;7;0;0;2;1;1;A01
201200001751;0;7;0;0;2;3;1;B01
201200001752;0;15;0;0;0;6;2;B01
201200001752;0;7;0;0;2;1;2;A01
201200001753;0;7;0;0;2;1;2;A01
201200001753;0;7;0;0;2;4;2;B01
201200001754;0;7;0;0;2;1;1;B01
201200001754;0;7;0;12;2;1;13;A01
201200001755;0;33;0;8;2;9;2;B01
201200001755;0;7;0;0;2;3;15;A01
201200001755;0;7;0;0;2;1;23;C01
201200001756;0;10;0;0;2;1;0;B01
201200001756;1;10;0;0;2;1;5;A01
201200001757;0;30;0;1;0;1;0;A01
201200001758;0;10;0;0;1;4;4;A01
201200001759;0;7;0;0;2;1;0;B01
201200001759;0;10;0;0;2;1;0;A01
201200001760;0;7;0;0;2;1;0;B01
201200001760;0;7;0;0;2;2;15;A01
201200001761;0;7;0;0;2;7;13;A01
201200001761;0;7;0;8;2;1;0;B01
201200001762;0;7;0;7;0;0;0;A01
201200001763;0;7;0;0;2;3;0;A01
201200001763;1;7;0;0;2;3;0;Z01
201200001764;0;7;0;0;2;1;0;A01
201200001764;0;10;0;2;2;7;0;B01
201200001765;0;7;0;0;2;1;0;B01
201200001765;0;7;0;0;2;7;15;A01
201200001766;0;7;0;0;2;1;0;A01
201200001766;0;7;0;0;2;8;0;B01
201200001767;0;7;0;0;9;3;13;B01
201200001767;0;1;0;0;2;7;17;A01
201200001768;0;7;0;0;1;1;0;A01
201200001769;0;7;0;0;1;2;0;A01
201200001770;0;7;0;0;0;2;15;A01
201200001770;0;30;0;0;2;1;1;B01
201200001771;0;10;0;0;1;2;0;A01
201200001772;0;7;0;0;2;1;0;B01
201200001772;0;7;0;0;2;2;15;A01
201200001773;0;7;0;0;1;1;15;A01
201200001774;0;7;0;0;1;3;1;A01
201200001775;0;7;0;0;2;1;1;A01
201200001775;0;7;0;0;2;2;1;B01
201200001776;0;10;0;0;2;7;15;A01
201200001776;0;7;0;0;2;1;1;B01
201200001777;0;1;0;0;2;6;0;B01
201200001777;0;7;0;0;9;6;9;A01
201200001778;0;7;0;0;2;3;15;A01
201200001778;0;7;0;0;2;1;1;B01
201200001779;0;7;0;0;1;8;15;A01
201200001780;0;7;0;0;0;4;2;B01
201200001780;0;7;0;0;2;1;2;A01
201200001781;0;30;0;0;2;1;2;A01
201200001781;0;7;0;0;9;4;2;B01
201200001782;0;2;0;0;0;4;15;B01
201200001782;0;7;0;0;9;3;2;A01
201200001783;0;2;0;0;2;1;0;B01
201200001783;0;7;0;0;2;8;9;A01
201200001784;0;7;0;0;2;2;11;A01
201200001784;0;32;0;0;2;1;1;B01
201200001785;0;1;0;0;2;1;1;B01
201200001785;0;7;0;0;2;2;16;A01
201200001786;0;7;0;0;1;3;9;A01
201200001787;0;17;0;0;2;1;1;A01
201200001787;0;7;0;0;0;4;2;B01
201200001788;0;7;0;0;2;3;15;A01
201200001788;0;1;0;0;2;3;1;B01
201200001789;0;7;0;0;2;1;5;A01
201200001789;0;7;0;0;2;3;2;B01
201200001789;0;7;0;0;2;1;9;C01
201200001790;0;7;0;0;2;1;2;A01
201200001790;0;7;0;0;2;4;2;C01
201200001790;0;7;0;0;0;4;2;E01
201200001790;0;7;0;0;0;9;2;B01
201200001790;0;7;0;0;2;1;2;D01
201200001791;0;7;0;0;2;1;11;A01
201200001791;0;7;0;0;2;1;1;B01
201200001792;0;7;0;0;0;4;0;B01
201200001792;0;7;0;0;2;1;2;A01
201200001793;0;7;0;0;2;3;9;A01
201200001793;0;7;0;0;2;1;1;B01
201200001794;0;7;0;0;2;1;1;B01
201200001794;0;7;0;0;2;2;15;A01
201200001795;0;7;0;0;2;4;20;B01
201200001795;0;2;0;0;2;1;1;A01
201200001796;0;31;0;0;2;3;2;A01
201200001796;0;7;0;0;2;5;16;B01
201200001797;0;2;0;0;2;8;15;A01
201200001797;0;7;0;0;9;1;0;B01
201200001798;0;7;0;0;0;4;2;B01
201200001798;0;7;0;0;2;1;2;A01
201200001799;0;7;0;0;0;1;5;A01
201200001799;0;7;0;0;2;1;2;C01
201200001799;0;7;0;0;0;1;2;B01
201200001800;0;10;0;0;2;2;0;B01
201200001800;0;10;0;0;2;5;15;A01
201200001801;0;7;0;0;1;2;0;A01
201200001802;0;7;0;0;2;3;1;A01
201200001802;0;7;0;0;2;5;16;B01
201200001803;0;10;0;0;2;2;17;A01
201200001803;0;7;0;0;2;8;15;B01
201200001804;0;7;0;0;2;2;0;A01
201200001804;0;7;0;0;2;1;0;B01
201200001805;0;7;0;0;0;4;2;C01
201200001805;0;7;0;0;2;1;2;B01
201200001805;0;7;0;0;2;1;2;A01
201200001806;0;7;0;0;2;3;9;A01
201200001806;0;30;0;0;0;5;1;B01
201200001807;1;7;0;0;1;1;1;Z01
201200001808;0;7;0;0;2;8;0;B01
201200001808;0;7;0;0;2;1;23;C01
201200001808;0;7;0;0;2;2;0;A01
201200001809;0;7;0;0;2;1;2;A01
201200001809;0;7;0;0;2;4;2;B01
201200001810;0;7;0;0;2;3;0;C01
201200001810;0;7;0;0;2;8;1;B01
201200001810;0;10;0;0;2;1;0;A01
201200001811;0;7;0;0;2;3;15;A01
201200001811;0;10;0;0;2;2;1;B02
201200001812;0;7;0;0;2;1;13;A01
201200001812;0;7;0;0;2;1;1;B02
201200001813;0;30;0;0;2;1;13;A01
201200001813;0;21;0;0;2;3;1;B02
201200001814;0;7;0;2;0;9;13;A01
201200001815;0;7;0;0;2;3;1;B02
201200001815;0;10;0;0;2;1;13;A01
201200001815;0;7;0;0;2;8;1;C03
201200001816;0;7;0;0;2;1;1;B02
201200001816;0;7;0;0;2;8;13;A01
201200001817;0;7;0;0;2;7;1;B02
201200001817;0;7;0;0;2;1;1;A01
201200001818;0;7;0;0;2;8;19;B02
201200001818;0;7;0;0;2;3;1;A01
201200001819;0;7;0;2;0;1;14;A01
201200001820;0;7;0;13;0;1;14;A01
201200001821;0;7;0;0;2;4;15;B02
201200001821;0;7;0;0;2;1;1;A01
201200001822;0;2;0;0;2;1;16;B02
201200001822;0;20;0;0;2;2;19;A01
201200001823;0;7;0;0;2;2;17;B02
201200001823;0;7;0;0;2;6;17;A01
201200001824;0;1;0;0;2;7;1;B02
201200001824;0;1;0;0;2;1;15;A01
201200001825;0;33;0;0;0;0;14;A01
201200001826;0;7;0;0;2;1;1;A01
201200001826;0;7;0;0;2;7;1;B02
201200001827;0;7;0;0;2;1;13;A01
201200001827;0;17;0;0;2;3;1;B02
201200001828;0;7;0;0;0;3;13;B02
201200001828;0;7;0;0;0;3;1;A01
201200001829;0;17;0;0;1;1;19;A01
201200001830;0;7;0;13;0;3;13;A01
201200001831;0;33;0;3;0;0;14;A01
201200001832;0;7;0;8;0;1;13;A01
201200001833;0;7;0;0;2;5;16;B02
201200001833;0;33;0;12;2;1;1;A01
201200001834;0;37;1;0;2;3;1;A01
201200001834;0;7;0;0;2;3;13;B02
201200001835;0;7;0;0;0;2;0;A01
201200001836;0;7;0;0;2;1;13;A01
201200001836;0;7;0;0;2;1;1;B02
201200001837;0;7;0;0;2;2;1;A01
201200001837;0;10;0;0;2;3;19;B02
201200001838;0;33;0;0;2;1;1;B02
201200001838;0;10;0;0;2;3;16;A01
201200001839;0;7;0;2;0;1;1;A01
201200001840;0;7;0;0;2;7;1;A01
201200001840;0;7;0;0;2;1;1;B02
201200001841;0;17;0;0;2;3;1;C03
201200001841;0;7;0;0;2;2;13;A01
201200001841;0;17;0;0;2;3;1;B02
201200001842;0;7;0;2;0;2;17;A01
201200001843;0;7;0;13;0;1;13;A01
201200001844;0;33;0;0;2;1;1;A01
201200001844;0;7;0;0;2;2;15;B02
201200001845;0;33;0;0;1;1;1;A01
201200001846;0;20;0;0;2;3;1;B02
201200001846;0;7;0;0;2;1;13;A01
201200001847;0;7;0;6;0;3;14;A01
201200001848;0;7;0;2;0;2;14;A01
201200001849;0;7;0;6;0;1;14;A01
201200001850;0;7;0;13;0;1;14;A01
201200001851;0;7;0;0;2;3;13;A01
201200001851;0;7;0;0;2;3;1;B02
201200001852;0;7;0;13;0;2;1;A01
201200001853;0;7;0;0;1;3;13;A01
201200001854;0;7;0;13;0;9;14;A01
201200001855;0;10;0;16;0;9;13;A01
201200001856;0;7;0;13;0;1;14;A01
201200001857;0;7;0;0;2;3;1;B02
201200001857;0;30;0;0;2;1;13;A01
201200001858;0;7;0;13;0;2;1;A01
201200001859;0;7;0;0;2;1;13;A01
201200001859;0;17;0;0;2;1;1;B02
201200001860;0;30;0;0;2;1;13;A01
201200001860;0;7;0;0;2;3;1;B02
201200001861;0;7;0;13;0;1;1;A01
201200001862;0;7;0;0;2;8;1;C03
201200001862;0;7;0;0;2;1;1;A01
201200001862;0;7;0;0;2;1;13;B02
201200001863;0;7;0;0;1;2;14;A01
201200001864;0;30;0;0;2;6;1;B02
201200001864;2;7;0;0;2;2;13;A01
201200001865;0;7;0;0;1;0;1;A01
201200001866;0;32;0;0;2;2;1;A01
201200001866;0;7;0;0;2;1;15;B02
201200001867;0;33;0;5;0;1;13;A01
201200001868;0;7;0;0;2;2;13;A01
201200001868;0;7;0;0;2;2;1;B02
201200001869;0;7;0;0;2;1;13;A01
201200001869;0;17;0;0;2;1;1;B02
201200001870;0;7;0;6;0;1;0;A01
201200001871;0;7;0;0;2;1;5;A01
201200001871;0;7;0;0;2;1;1;B02
201200001872;0;7;0;0;2;3;0;A01
201200001872;0;7;0;0;2;3;0;B02
201200001873;0;21;0;0;0;8;0;B02
201200001873;0;7;0;0;2;3;17;A01
201200001873;0;7;0;0;2;3;1;C03
201200001874;1;7;0;0;1;1;1;A01
201200001875;0;10;0;0;1;2;1;A01
201200001876;0;17;0;0;2;5;1;A01
201200001876;0;7;0;0;2;8;1;B02
201200001877;0;7;0;0;9;1;1;A01
201200001877;0;1;0;0;2;6;1;B02
201200001878;0;33;0;0;2;1;13;B02
201200001878;0;7;0;0;2;3;1;A01
201200001879;0;7;0;0;0;6;19;A01
201200001879;0;33;0;0;2;8;1;B02
201200001880;0;30;0;0;2;1;1;B02
201200001880;0;7;0;0;2;2;15;A01
201200001881;0;31;0;0;2;2;17;A01
201200001881;0;10;0;0;0;8;15;B02
201200001882;0;7;0;0;1;3;0;A01
201200001883;0;7;0;0;1;1;1;A01
201200001884;0;7;0;2;0;3;13;A01
201200001885;0;7;0;3;0;0;1;B02
201200001885;0;7;0;3;0;7;1;A01
201200001886;0;7;0;0;2;3;15;A01
201200001886;0;33;0;0;2;8;1;B02
201200001887;0;15;0;0;2;1;1;C03
201200001887;0;7;0;0;2;1;1;A01