num_acc;senc;catv;occutc;obs;obsm;choc;manv;num_veh
201200001887;0;7;0;0;2;9;15;B02
201200001888;0;7;0;13;0;3;13;A01
201200001889;0;33;0;0;2;7;1;B02
201200001889;0;7;0;0;2;1;19;A01
201200001890;0;7;0;0;2;1;1;A01
201200001890;0;30;0;0;2;8;15;B02
201200001891;0;7;0;0;2;7;13;A01
201200001891;0;7;0;0;2;1;1;B02
201200001892;0;7;0;0;0;7;1;A01
201200001893;0;30;0;0;2;2;17;A01
201200001893;0;33;0;0;2;3;15;B02
201200001894;0;30;0;0;2;7;1;A01
201200001894;0;7;0;0;2;3;1;B02
201200001895;0;7;0;0;2;2;15;A01
201200001895;0;33;0;0;2;1;1;B02
201200001896;0;7;0;8;0;9;13;A01
201200001897;1;30;0;0;2;1;1;A01
201200001897;0;7;0;0;2;4;1;B02
201200001898;0;33;0;0;2;1;1;B02
201200001898;0;7;0;0;2;8;15;A01
201200001899;0;7;0;0;2;3;13;A01
201200001899;0;7;0;0;2;3;1;B02
201200001900;0;7;0;0;2;3;13;A01
201200001900;0;17;0;0;2;8;1;B02
201200001901;0;7;0;0;2;3;15;A01
201200001901;0;2;0;0;2;1;1;B02
201200001902;0;7;0;0;2;1;15;A01
201200001902;0;31;0;0;2;1;1;B02
201200001903;0;30;0;3;0;1;2;A01
201200001904;0;7;0;0;2;3;1;B02
201200001904;0;2;0;0;2;1;5;A01
201200001905;0;33;0;12;0;1;16;A01
201200001906;0;7;0;0;2;3;21;C03
201200001906;0;33;0;0;2;1;1;B02
201200001906;0;33;0;0;2;1;13;A01
201200001907;0;31;0;6;0;8;1;A01
201200001908;0;7;0;0;2;8;1;C03
201200001908;0;7;0;0;2;3;1;B02
201200001908;0;7;0;0;2;3;13;A01
201200001909;0;7;0;0;2;3;1;B02
201200001909;0;33;0;0;2;1;13;A01
201200001910;0;7;0;0;2;3;5;A01
201200001910;0;7;0;0;2;3;1;B02
201200001910;0;7;0;0;2;1;1;C03
201200001911;0;7;0;0;0;6;0;A01
201200001911;0;33;0;0;2;1;0;B02
201200001912;0;1;0;1;0;1;0;A01
201200001912;0;14;0;0;0;6;24;B02
201200001913;0;17;0;0;9;5;16;A01
201200001914;0;7;0;0;2;3;1;A01
201200001914;0;1;0;0;2;1;1;B02
201200001915;0;7;0;0;2;3;5;A01
201200001915;0;7;0;0;2;3;5;B02
201200001916;0;7;0;0;2;3;13;A01
201200001916;0;7;0;0;2;3;1;B02
201200001917;0;7;0;0;0;5;2;A01
201200001917;0;33;0;0;2;7;2;B02
201200001918;0;7;0;0;2;2;1;B02
201200001918;0;1;0;0;2;8;1;A01
201200001919;0;7;0;0;2;1;13;A01
201200001919;0;15;0;0;2;1;1;B02
201200001920;0;7;0;0;2;6;4;A01
201200001920;0;33;0;0;2;1;1;B02
201200001921;0;15;0;0;2;3;1;A01
201200001921;0;10;0;0;2;3;13;B02
201200001922;0;7;0;13;0;2;14;A01
201200001923;0;33;0;0;2;1;1;A01
201200001923;0;7;0;0;2;3;1;B02
201200001924;0;7;0;2;0;1;13;A01
201200001925;0;10;0;0;2;2;1;B02
201200001925;0;7;0;0;2;1;13;A01
201200001926;0;30;0;0;2;3;10;A01
201200001926;0;7;0;0;2;2;17;B02
201200001927;0;7;0;0;1;7;1;A01
201200001928;0;2;0;0;0;4;15;B02
201200001928;0;7;0;0;2;3;1;A01
201200001929;0;7;0;0;2;3;1;B02
201200001929;0;7;0;0;2;1;13;A01
201200001930;0;15;0;0;2;8;1;B02
201200001930;0;10;0;0;2;8;1;A01
201200001930;0;7;0;0;2;1;1;C03
201200001931;0;7;0;13;0;2;1;A01
201200001932;0;33;0;0;0;1;1;A01
201200001933;0;7;0;8;0;9;1;A01
201200001934;0;7;0;0;2;1;1;C03
201200001934;0;7;0;0;2;8;1;B02
201200001934;0;7;0;0;2;8;13;A01
201200001935;0;7;0;0;5;1;1;A01
201200001936;0;7;0;0;2;2;15;A01
201200001936;0;10;0;0;2;1;1;B02
201200001937;0;7;0;0;0;0;15;B02
201200001937;0;7;0;15;0;1;17;A01
201200001938;0;15;0;0;2;3;1;B02
201200001938;0;7;0;0;2;3;13;A01
201200001939;0;7;0;0;2;1;1;B02
201200001939;0;33;0;0;2;8;1;A01
201200001940;0;10;0;0;1;2;1;A01
201200001941;0;7;0;0;0;3;0;A01
201200001942;0;7;0;13;0;1;1;A01
201200001943;0;7;0;0;0;1;0;A01
201200001944;0;14;0;0;1;1;1;A01
201200001945;0;33;0;0;2;1;1;B02
201200001945;0;7;0;0;2;2;1;A01
201200001946;0;7;0;13;0;1;1;A01
201200001947;0;21;0;0;2;4;15;A01
201200001947;0;33;0;0;2;1;17;B02
201200001948;0;7;0;13;0;1;1;A01
201200001949;0;33;0;0;2;1;17;A01
201200001949;0;15;0;0;2;1;1;C03
201200001949;0;17;0;0;0;0;15;B02
201200001950;0;7;0;2;0;1;1;A01
201200001951;0;7;0;0;1;1;1;A01
201200001952;0;7;0;0;2;1;5;B02
201200001952;0;7;0;0;2;7;13;A01
201200001953;0;7;0;0;2;1;1;B02
201200001953;0;7;0;0;2;1;1;A01
201200001954;0;7;0;13;0;9;0;A01
201200001955;0;7;0;0;2;8;9;B02
201200001955;0;10;0;0;2;1;1;A01
201200001956;0;10;0;0;2;1;19;A01
201200001956;0;10;0;0;2;1;1;B02
201200001957;0;10;0;0;1;3;1;A01
201200001958;0;7;0;0;2;3;1;B02
201200001958;0;7;0;0;2;3;13;A01
201200001959;0;7;0;0;2;1;1;B02
201200001959;0;17;0;0;2;1;13;A01
201200001960;0;14;0;0;2;3;1;A01
201200001960;0;7;0;0;2;3;1;B02
201200001961;0;7;0;6;0;1;13;A01
201200001962;0;7;0;0;2;1;1;A01
201200001962;0;7;0;13;0;8;19;B02
201200001963;0;38;1;0;2;6;19;B02
201200001963;0;7;0;0;2;1;1;A01
201200001964;0;7;0;0;2;1;13;A01
201200001964;0;2;0;0;2;1;1;B02
201200001965;0;7;0;0;2;3;1;A01
201200001965;0;30;0;0;2;8;10;B02
201200001966;0;30;0;0;2;1;13;B02
201200001966;0;7;0;0;2;2;1;A01
201200001967;0;7;0;0;1;2;9;A01
201200001968;0;7;0;0;2;2;5;A01
201200001968;0;7;0;0;2;2;21;B02
201200001969;0;10;0;0;2;1;13;A01
201200001969;0;10;0;0;2;2;21;B02
201200001970;0;10;0;0;0;1;15;A01
201200001970;0;1;0;0;2;8;1;B02
201200001971;0;7;0;0;2;1;13;A01
201200001971;0;7;0;0;2;1;1;C03
201200001971;0;7;0;0;2;8;1;B02
201200001972;0;7;0;0;2;7;19;A01
201200001972;0;30;0;0;2;1;1;B02
201200001973;0;7;0;0;2;8;1;A01
201200001973;0;7;0;0;2;8;1;B02
201200001974;0;10;0;0;2;1;17;A01
201200001974;0;7;0;0;2;1;1;B02
201200001975;0;7;0;0;2;3;19;A01
201200001975;0;7;0;0;2;2;1;B02
201200001976;0;7;0;6;0;2;1;A01
201200001977;0;2;0;0;2;8;15;B02
201200001977;0;7;0;0;2;2;17;A01
201200001978;0;7;0;2;0;3;1;A01
201200001979;0;7;0;13;0;1;15;A01
201200001980;0;7;0;0;5;0;1;A01
201200001981;0;33;0;0;2;1;1;B02
201200001981;0;7;0;0;2;8;15;A01
201200001982;0;33;0;0;2;1;1;C03
201200001982;0;7;0;0;2;2;1;B02
201200001982;0;7;0;0;2;5;1;A01
201200001983;0;10;0;0;9;2;1;A01
201200001983;0;2;0;0;0;4;1;B02
201200001984;0;7;0;0;2;1;1;B02
201200001984;0;7;0;0;2;1;13;A01
201200001985;0;31;0;0;2;7;17;A01
201200001985;0;7;0;0;2;3;15;B02
201200001986;0;7;0;0;2;3;1;A01
201200001986;0;7;0;0;2;3;13;B02
201200001987;0;10;0;0;1;7;1;A01
201200001988;0;7;0;0;1;7;1;A01
201200001989;0;31;0;0;2;1;1;B02
201200001989;0;7;0;0;2;3;1;A01
201200001990;0;7;0;0;2;1;2;A01
201200001990;0;14;0;0;0;4;2;B02
201200001991;0;7;0;0;9;3;1;C03
201200001991;0;7;0;13;2;3;13;A01
201200001991;0;7;0;3;2;3;1;B02
201200001992;0;7;0;2;0;3;1;A01
201200001993;0;7;0;0;2;1;13;A01
201200001993;0;7;0;13;2;1;1;B02
201200001993;0;7;0;0;2;1;1;C03
201200001994;0;7;0;0;2;4;23;B02
201200001994;0;7;0;0;2;1;23;C03
201200001994;0;7;0;0;2;4;23;A01
201200001995;0;30;0;0;2;1;1;A01
201200001995;0;10;0;0;2;5;19;B02
201200001996;0;7;0;0;2;1;13;A01
201200001996;0;7;0;0;2;8;19;B02
201200001997;0;7;0;0;2;3;13;A01
201200001997;0;3;0;0;2;3;1;B02
201200001998;0;7;0;0;2;3;1;A01
201200001998;0;2;0;0;2;1;21;B02
201200001999;0;32;0;12;0;7;13;A01
201200002000;0;7;0;10;0;1;1;A01
201200002001;0;33;0;0;2;1;1;B02
201200002001;0;7;0;0;2;2;15;A01
201200002002;0;33;0;0;2;1;1;B02
201200002002;0;7;0;0;2;7;15;A01
201200002003;0;7;0;0;2;1;13;A01
201200002003;0;10;0;0;2;1;1;B02
201200002003;0;7;0;0;2;2;21;C03
201200002004;0;7;0;2;0;3;1;A01
201200002005;0;14;0;1;0;3;1;A01
201200002005;0;7;0;0;0;4;15;B02
201200002006;0;7;0;2;0;3;14;A01
201200002007;0;33;0;0;2;8;1;B02
201200002007;0;7;0;0;2;7;19;A01
201200002008;0;7;0;0;2;3;1;B02
201200002008;0;7;0;0;2;3;13;A01
201200002009;0;10;0;0;2;2;1;A01
201200002009;0;30;0;0;2;1;1;B02
201200002010;0;14;0;0;1;1;1;A01
201200002011;0;7;0;0;2;1;2;A01
201200002011;0;7;0;0;2;3;1;C03
201200002011;0;7;0;0;2;4;23;B02
201200002012;0;2;0;0;2;1;1;A01
201200002012;0;7;0;0;2;3;1;B02
201200002013;0;7;0;0;2;1;1;B02
201200002013;0;7;0;0;2;7;19;A01
201200002014;0;7;0;8;0;2;1;A01
201200002015;0;7;0;0;2;1;1;B02
201200002015;0;7;0;0;2;7;6;A01
201200002016;0;7;0;6;0;1;1;A01
201200002017;0;7;0;4;0;1;1;A01
201200002018;0;7;0;0;0;2;14;A01
201200002019;0;7;0;13;0;7;1;A01
201200002020;0;7;0;0;2;1;1;C03
201200002020;0;7;0;0;2;3;1;A01
201200002020;0;7;0;0;2;3;1;B02
201200002021;0;7;0;0;2;6;13;A01
201200002021;0;31;0;0;2;1;17;B02
201200002022;0;7;0;0;2;4;1;A01
201200002022;0;2;0;0;2;1;1;B02
201200002023;0;30;0;12;0;8;1;A01
201200002024;0;33;0;0;2;1;1;A01
201200002024;0;7;0;0;2;3;19;B02
201200002025;0;2;0;0;2;1;1;B02
201200002025;0;7;0;0;2;1;5;A01
201200002026;0;7;0;0;2;5;17;B02
201200002026;0;30;0;0;2;3;2;A01
201200002027;0;7;0;0;1;2;16;A01
201200002028;0;1;0;0;2;5;1;B02
201200002028;0;7;0;0;2;1;1;A01
201200002029;0;7;0;0;1;2;1;A01
201200002030;0;7;0;13;0;2;1;A01
201200002031;0;7;0;6;0;3;1;A01
201200002032;0;7;0;1;1;1;1;A01
201200002033;0;7;0;0;0;4;15;B02
201200002033;0;33;0;0;2;1;2;A01
201200002034;0;31;0;0;1;1;13;A01
201200002035;0;33;0;0;2;1;17;A01
201200002035;0;7;0;0;2;6;15;B02
201200002036;0;7;0;0;2;1;1;B02
201200002036;0;7;0;0;2;1;13;A01
201200002037;0;7;0;0;2;3;1;B02
201200002037;0;7;0;0;2;3;1;A01
201200002038;0;7;0;0;2;2;1;A01
201200002038;0;7;0;0;2;1;1;B02
201200002039;0;7;0;0;2;2;13;A01
201200002039;0;33;0;0;2;1;0;B02
201200002040;0;33;0;14;0;1;1;A01
201200002041;0;7;0;0;2;1;1;C03
201200002041;0;7;0;0;2;2;1;A01
201200002041;0;7;0;0;2;3;1;B02
201200002042;0;7;0;6;0;1;13;A01
201200002043;0;7;0;0;2;4;24;C03
201200002043;0;33;0;1;2;1;17;A01
201200002043;0;7;0;0;2;8;1;B02
201200002044;0;7;0;0;2;3;1;B02
201200002044;0;7;0;0;2;3;13;A01
201200002045;0;7;0;0;0;1;1;A01
201200002046;0;1;0;0;2;4;1;B02
201200002046;0;7;0;0;9;2;17;A01
201200002047;0;7;0;0;2;1;1;B02
201200002047;0;2;0;0;2;8;15;A01
201200002048;0;7;0;0;2;7;1;A01
201200002048;0;2;0;0;2;1;1;B02
201200002049;0;10;0;0;2;3;1;B02
201200002049;0;7;0;0;2;1;1;C03
201200002049;0;7;0;0;2;3;13;A01
201200002050;0;33;0;0;2;1;1;B02
201200002050;0;7;0;0;2;3;15;A01
201200002051;0;7;0;0;1;3;1;A01
201200002052;0;7;0;0;2;1;13;A01
201200002052;0;7;0;0;2;1;1;B02
201200002053;0;7;0;0;2;2;19;A01
201200002053;0;33;0;0;2;2;13;B02
201200002054;0;7;0;1;5;1;1;A01
201200002054;0;7;0;0;2;8;23;B02
201200002055;0;10;0;0;2;2;15;B02
201200002055;0;7;0;0;2;2;1;A01
201200002056;0;7;0;0;2;1;1;B02
201200002056;0;7;0;0;2;1;1;A01
201200002057;0;7;0;0;2;4;15;B02
201200002058;0;7;0;0;2;1;1;A01
201200002058;0;7;0;0;2;1;1;B02
201200002059;0;7;0;0;0;6;15;B02
201200002059;0;33;0;0;2;1;1;A01
201200002060;0;30;0;0;0;8;1;A01
201200002061;0;37;26;1;0;5;15;A01
201200002062;0;10;0;2;0;7;1;A01
201200002063;0;7;0;0;2;3;17;A01
201200002063;0;1;0;0;2;8;15;B02
201200002064;0;3;0;0;1;4;20;A01
201200002065;0;7;0;0;1;2;14;A01
201200002066;0;7;0;0;1;1;1;A01
201200002067;0;7;0;0;2;1;24;A01
201200002067;0;2;0;1;0;1;14;B02
201200002068;0;2;0;0;2;1;5;A01
201200002068;0;7;0;0;2;2;0;B02
201200002069;0;7;0;0;1;3;1;A01
201200002070;0;7;0;8;0;1;13;A01
201200002071;0;38;1;0;2;3;1;A01
201200002071;0;20;0;0;2;3;1;B02
201200002072;0;33;0;13;0;1;1;A01
201200002073;0;30;0;0;0;8;19;A01
201200002073;0;7;0;0;0;2;1;B02
201200002074;0;7;0;0;2;3;1;A01
201200002074;0;7;0;0;2;3;1;B02
201200002075;0;30;0;0;2;1;5;A01
201200002075;0;7;0;0;2;3;1;B02
201200002076;0;7;0;0;2;2;19;B02
201200002076;0;7;0;1;2;1;1;A01
201200002077;0;7;0;0;2;2;1;A01
201200002077;0;13;0;0;2;4;21;B02
201200002078;0;7;0;10;0;7;1;A01
201200002078;0;7;0;0;2;1;1;B02
201200002079;0;7;0;0;2;1;1;B02
201200002079;0;7;0;0;2;7;19;A01
201200002080;0;30;0;0;2;1;1;A01
201200002080;0;21;0;0;2;3;1;B02
201200002081;0;10;0;0;2;1;19;B02
201200002081;0;7;0;0;0;7;1;A01
201200002082;0;7;0;0;2;2;15;A01
201200002082;0;2;0;0;2;1;1;B02
201200002082;0;7;0;0;0;5;24;C03
201200002083;0;7;0;0;2;7;13;A01
201200002083;0;7;0;0;2;1;1;B02
201200002084;0;7;0;0;1;3;1;A01
201200002085;0;7;0;0;1;7;1;A01
201200002086;0;7;0;0;0;1;13;A01
201200002087;0;33;0;0;0;1;1;A01
201200002087;0;7;0;0;0;3;15;B02
201200002088;0;7;0;0;2;1;15;A01
201200002088;0;32;0;0;2;1;1;B02
201200002089;0;7;0;6;0;1;0;A01
201200002090;0;30;0;0;2;3;1;A01
201200002090;1;7;0;0;2;5;15;B02
201200002091;0;7;0;0;2;8;1;B02
201200002091;0;7;0;0;2;2;19;A01
201200002092;0;7;0;0;2;3;1;A01
201200002092;0;7;0;0;2;8;1;B02
201200002093;0;38;20;0;2;3;1;B02
201200002093;0;7;0;0;2;3;13;A01
201200002094;0;7;0;13;0;2;13;A01
201200002095;0;33;0;13;0;1;1;A01
201200002096;0;7;0;13;0;9;1;A01
201200002097;0;33;0;16;0;0;1;A01
201200002098;0;7;0;13;0;1;14;A01
201200002099;0;33;0;0;2;3;1;B02
201200002099;0;10;0;0;2;1;15;A01
201200002100;0;7;0;6;0;3;1;A01
201200002101;0;30;0;0;2;1;1;A01
201200002101;0;7;0;0;0;4;23;B02
201200002102;0;2;0;0;2;1;1;A01
201200002102;0;2;0;0;2;1;1;B02
201200002103;0;30;0;0;2;7;16;B02
201200002103;0;10;0;0;2;3;9;A01
201200002104;0;30;0;0;2;8;1;B02
201200002104;0;7;0;0;2;1;1;A01
201200002105;0;7;0;0;2;2;15;A01
201200002105;0;30;0;0;2;1;1;B02
201200002106;0;33;0;0;2;7;1;A01
201200002106;0;7;0;0;2;1;19;B02
201200002107;0;7;0;0;2;4;24;A01
201200002107;0;17;0;0;2;1;1;B02
201200002108;0;33;0;0;2;1;13;A01
201200002108;0;7;0;0;2;3;1;B02
201200002108;0;36;0;0;2;1;1;C03
201200002109;0;7;0;0;2;7;15;B02
201200002109;0;17;0;0;2;1;1;A01
201200002110;0;7;0;0;2;8;1;B02
201200002110;0;7;0;0;2;1;1;A01
201200002111;0;7;0;0;1;1;1;A01
201200002112;0;7;0;6;0;8;1;A01
201200002113;0;7;0;13;0;1;1;A01
201200002114;0;7;0;0;2;8;15;A01
201200002114;0;7;0;0;2;1;1;B02
201200002115;0;7;0;2;0;2;1;A01
201200002116;0;7;0;0;1;1;1;A01
201200002117;0;7;0;0;2;3;1;A01
201200002117;0;7;0;0;2;3;1;B02
201200002118;0;10;0;13;0;3;13;A01
201200002119;0;30;0;0;2;1;17;A01
201200002119;0;38;1;0;2;2;1;B02
201200002120;0;7;0;13;0;2;1;A01
201200002121;0;33;0;0;2;1;2;A01
201200002121;0;33;0;0;2;4;1;B02
201200002122;0;7;0;0;2;3;1;A01
201200002122;0;7;0;0;2;3;21;B02
201200002123;0;2;0;0;2;7;15;A01
201200002123;0;7;0;0;2;3;1;B02
201200002124;0;7;0;13;0;6;1;A01
201200002124;0;33;0;0;2;1;2;B02
201200002125;0;7;0;0;2;5;1;A01
201200002125;0;14;0;0;2;1;1;B02
201200002126;0;10;0;0;2;3;1;B02
201200002126;0;7;0;0;2;3;1;A01
201200002127;0;21;0;0;0;5;15;A01
201200002127;0;33;0;0;2;2;1;B02
201200002128;0;7;0;8;0;3;1;A01
201200002129;0;7;0;6;0;1;21;A01
201200002130;0;7;0;0;2;2;15;A01
201200002130;0;7;0;0;2;3;1;B02
201200002131;0;7;0;6;0;1;1;A01
201200002132;0;30;0;0;2;2;13;A01
201200002132;0;7;0;0;2;1;1;B02
201200002133;0;7;0;0;2;3;15;A01
201200002133;0;7;0;0;2;3;1;B02
201200002134;0;30;0;0;5;0;1;A01
201200002135;0;30;0;0;1;1;1;A01
201200002136;0;33;0;11;0;1;1;A01
201200002137;0;7;0;2;0;2;14;A01
201200002138;0;10;0;0;2;3;13;A01
201200002138;0;14;0;0;2;3;1;B02
201200002139;0;7;0;0;2;1;1;A01
201200002139;0;7;0;0;2;2;6;B02
201200002140;0;7;0;8;0;3;13;A01
201200002141;0;7;0;13;0;1;1;A01
201200002142;0;7;0;0;0;1;1;A01
201200002142;0;7;0;0;2;1;1;B02
201200002143;0;7;0;0;2;1;13;A01
201200002143;0;15;0;0;2;3;1;B02
201200002144;0;7;0;0;1;2;2;A01
201200002145;0;7;0;0;2;1;1;B02
201200002145;0;7;0;0;2;1;1;A01
201200002146;0;7;0;0;9;2;1;A01
201200002146;0;1;0;0;2;8;1;B02
201200002147;0;17;0;0;1;2;2;A01
201200002148;0;7;0;13;0;2;1;A01
201200002149;0;7;0;0;2;3;1;A01
201200002149;0;7;0;0;2;3;13;B02
201200002150;0;7;0;0;0;3;0;A01
201200002150;0;7;0;0;2;3;1;B02
201200002151;0;7;0;0;0;3;1;A01
201200002151;0;33;0;0;0;1;0;B02
201200002152;0;7;0;0;2;2;1;B02
201200002152;0;7;0;0;2;1;19;A01
201200002153;0;7;0;0;0;2;1;A01
201200002154;0;31;0;3;0;0;10;A01
201200002155;0;2;0;0;2;1;1;B02
201200002155;0;7;0;0;2;3;9;A01
201200002156;0;7;0;0;2;1;13;A01
201200002156;0;14;0;0;2;3;1;B02
201200002157;0;7;0;0;2;7;19;B02
201200002157;0;7;0;0;2;1;1;A01
201200002158;0;7;0;0;2;3;1;A01
201200002158;0;7;0;0;2;2;1;B02
201200002159;0;7;0;0;1;7;1;A01
201200002160;0;7;0;0;2;3;13;A01
201200002160;0;17;0;0;2;3;0;B02
201200002161;0;10;0;0;2;3;1;A01
201200002161;0;7;0;0;2;3;1;B02
201200002162;0;7;0;13;0;1;1;A01
201200002163;0;7;0;13;0;2;1;A01
201200002164;0;7;0;0;2;1;1;A01
201200002164;0;7;0;0;0;4;15;B02
201200002165;0;7;0;0;2;1;17;A01
201200002165;0;7;0;0;2;1;1;B02
201200002166;0;30;0;0;2;8;19;A01
201200002166;0;7;0;0;2;3;1;B02
201200002167;0;7;0;8;0;1;0;A01
201200002168;0;3;0;0;2;3;19;A01
201200002168;0;10;0;0;2;3;1;B02
201200002169;0;33;0;0;1;2;1;A01
201200002170;0;7;0;13;0;1;16;A01
201200002171;0;2;0;0;0;0;1;A01
201200002172;0;14;0;0;0;3;1;A01
201200002173;0;7;0;13;0;3;13;A01
201200002174;0;30;0;11;0;1;1;A01
201200002175;0;7;0;0;1;2;1;A01
201200002176;0;7;0;0;0;8;19;A01
201200002176;0;7;0;0;0;1;1;B02
201200002177;0;7;0;0;2;2;1;A01
201200002177;0;7;0;0;2;3;16;B02
201200002178;0;10;0;0;2;2;13;A01
201200002178;0;7;0;0;2;1;1;B02
201200002179;0;7;0;0;2;1;13;A01
201200002179;0;33;0;0;2;1;1;B02
201200002180;0;7;0;0;2;7;15;A01
201200002180;0;33;0;0;2;1;1;B02
201200002181;0;7;0;0;1;8;1;A01
201200002182;0;7;0;6;0;7;1;A01
201200002183;0;7;0;0;2;1;13;A01
201200002183;0;7;0;0;2;1;1;B02
201200002184;0;33;0;0;0;0;1;A01
201200002185;0;1;0;0;0;8;1;A01
201200002185;0;7;0;0;0;1;1;B02
201200002186;0;2;0;0;2;1;1;A01
201200002186;0;1;0;0;2;4;1;B02
201200002187;0;7;0;0;1;4;4;A01
201200002188;0;7;0;0;0;0;17;A01
201200002188;0;1;0;0;0;6;2;B02
201200002189;0;7;0;0;1;3;15;A01
201200002190;0;33;0;13;0;1;0;A01
201200002191;0;33;0;0;2;1;2;A01
201200002191;0;21;0;0;2;4;2;B02
201200002192;0;33;0;15;0;1;13;A01
201200002193;0;7;0;0;2;1;2;A01
201200002193;0;7;0;0;0;4;23;B02
201200002193;0;10;0;0;2;1;0;C03
201200002194;0;7;0;0;1;1;1;A01
201200002195;0;7;0;0;1;2;1;A01
201200002196;0;7;0;0;2;3;5;A01
201200002196;0;14;0;0;2;3;1;B02
201200002197;0;7;0;13;0;9;1;A01
201200002198;0;7;0;0;2;9;13;A01
201200002198;0;7;0;0;2;2;1;B02
201200002198;0;7;0;0;2;1;1;C03
201200002198;0;7;0;0;9;3;1;D04
201200002198;0;10;0;0;2;6;1;E05
201200002199;0;1;0;0;2;3;9;A01
201200002199;0;7;0;0;9;3;9;B02
201200002200;0;7;0;13;0;1;13;A01
201200002201;0;15;0;0;2;7;16;A01
201200002201;0;1;0;0;2;4;1;B02
201200002202;0;7;0;0;2;1;1;A01
201200002202;0;7;0;0;2;1;0;C03
201200002202;0;7;0;0;2;4;13;B02
201200002203;0;7;0;0;2;2;1;A01
201200002203;0;7;0;0;2;3;19;B02
201200002204;0;33;0;0;2;1;1;A01
201200002204;0;7;0;0;2;2;19;B02
201200002205;0;7;0;6;0;3;13;A01
201200002206;0;33;0;6;1;1;1;A01
201200002207;0;7;0;13;0;1;1;A01
201200002208;0;7;0;8;0;1;17;A01
201200002209;0;33;0;0;2;1;17;A01
201200002209;0;21;0;0;2;6;15;B02
201200002210;0;17;0;0;2;1;15;B02
201200002210;0;33;0;0;2;1;1;A01
201200002211;0;7;0;0;2;3;1;B02
201200002211;0;7;0;0;2;3;5;A01
201200002212;0;7;0;0;1;1;1;A01
201200002213;0;36;0;6;0;1;0;A01
201200002214;0;7;0;0;2;1;1;B02
201200002214;0;7;0;0;2;8;19;A01
201200002215;0;7;0;0;2;1;13;A01
201200002215;0;7;0;0;2;8;1;B02
201200002215;0;7;0;0;2;1;1;C03
201200002216;0;33;0;0;9;1;21;A01
201200002217;0;7;0;13;0;9;1;A01
201200002218;0;7;0;0;1;3;1;A01
201200002219;0;7;0;0;0;1;1;A01
201200002219;0;14;0;0;2;3;1;B02
201200002220;0;2;0;0;2;1;1;B02
201200002220;0;7;0;0;2;1;15;A01
201200002221;0;7;0;13;0;1;1;A01
201200002222;0;30;0;0;2;1;5;A01
201200002222;0;7;0;0;2;2;1;B02
201200002223;0;7;0;9;0;1;0;A01
201200002224;0;7;0;0;1;1;1;A01
201200002225;0;7;0;0;2;6;2;B02
201200002225;0;7;0;0;2;2;17;A01
201200002226;0;10;0;0;0;8;1;B02
201200002226;0;30;0;0;0;8;13;A01
201200002227;0;7;0;0;2;1;17;A01
201200002227;0;7;0;0;2;1;1;B02
201200002227;0;15;0;0;2;8;1;C03
201200002228;0;7;0;0;2;3;13;A01
201200002228;0;14;0;0;2;3;1;B02
201200002229;0;21;0;0;2;4;9;A01
201200002229;0;7;0;0;2;2;1;B02
201200002230;0;7;0;0;1;3;1;A01
201200002231;0;32;0;1;0;7;1;A01
201200002232;0;7;0;0;2;1;1;A01
201200002232;0;7;0;0;2;3;9;B01
201200002233;0;33;0;0;2;1;1;B01
201200002233;0;7;0;6;2;7;15;A01
201200002234;0;33;0;0;2;1;19;B01
201200002234;0;7;0;0;2;3;9;A01
201200002235;0;33;0;12;0;0;13;A01
201200002236;0;31;0;0;2;1;1;B01
201200002236;0;7;0;0;2;1;15;A01
201200002237;0;7;0;0;1;1;16;A01
201200002238;0;7;0;0;2;2;1;B01
201200002238;0;7;0;0;2;3;15;A01
201200002239;0;7;0;0;1;3;1;A01
201200002240;0;2;0;0;2;1;2;A01
201200002240;0;7;0;0;2;1;2;B01
201200002240;0;7;0;0;0;4;2;D01
201200002240;0;2;0;0;2;8;2;E01
201200002240;0;7;0;0;2;4;2;C01
201200002241;0;7;0;0;2;3;13;A01
201200002241;0;7;0;0;2;3;1;B02
201200002242;0;7;0;0;2;3;1;B02
201200002242;0;7;0;0;2;1;6;A01
201200002243;0;7;0;0;0;7;15;A01
201200002243;0;7;0;0;2;1;1;B02
201200002244;0;10;0;0;1;3;1;A01
201200002245;0;7;0;0;2;7;15;A01
201200002245;0;33;0;0;2;1;1;B02
201200002246;0;7;0;0;2;8;1;C03
201200002246;0;7;0;0;2;1;13;A01
201200002246;0;7;0;0;2;1;1;B02
201200002247;0;7;0;2;0;1;1;A01
201200002248;0;14;0;0;2;8;1;B02
201200002248;0;31;0;0;2;1;1;A01
201200002249;0;7;0;0;2;7;19;A01
201200002249;0;7;0;0;2;2;1;B02
201200002250;0;7;0;0;2;3;16;B02
201200002250;0;7;0;0;0;8;23;A01
201200002251;0;15;0;0;2;3;1;B02
201200002251;0;7;0;0;2;3;14;A01
201200002252;0;7;0;13;0;2;14;A01
201200002253;0;1;0;0;0;0;1;C03
201200002253;0;1;0;0;0;0;1;D04
201200002253;0;1;0;0;0;0;1;B02
201200002253;0;1;0;0;0;8;1;A01
201200002254;0;7;0;0;2;8;1;B02
201200002254;0;30;0;0;2;8;13;A01
201200002255;0;10;0;13;0;2;14;A01
201200002256;0;2;0;0;2;7;1;A01
201200002256;0;7;0;0;2;8;1;B02
201200002257;0;7;0;0;0;1;1;A01