num_acc;senc;catv;occutc;obs;obsm;choc;manv;num_veh
201200002258;0;33;0;0;2;1;13;A01
201200002258;0;7;0;0;2;3;1;B02
201200002259;0;10;0;0;2;7;1;A01
201200002259;0;30;0;0;2;1;1;B02
201200002260;0;7;0;13;0;9;1;A01
201200002261;0;2;0;0;2;1;1;B02
201200002261;0;10;0;0;2;1;13;A01
201200002262;0;30;0;0;2;0;1;A01
201200002263;0;14;0;0;2;2;21;A01
201200002263;0;14;0;0;2;1;1;B02
201200002264;0;33;0;0;0;8;0;A01
201200002265;0;31;0;0;0;1;1;A01
201200002265;0;7;0;0;2;3;15;B02
201200002266;0;7;0;0;2;2;1;A01
201200002266;0;7;0;0;2;8;19;B02
201200002267;0;10;0;0;2;2;19;A01
201200002267;0;14;0;0;2;1;1;B02
201200002268;0;7;0;0;2;3;1;A01
201200002268;0;2;0;0;2;8;15;B02
201200002269;0;30;0;0;2;1;13;A01
201200002269;0;99;0;0;2;1;1;B02
201200002270;0;30;0;13;0;1;1;A01
201200002271;0;7;0;0;2;3;19;A01
201200002271;0;7;0;0;2;3;1;B02
201200002272;0;7;0;0;2;3;1;A01
201200002272;0;1;0;0;2;8;15;B02
201200002273;0;33;0;0;2;3;1;B02
201200002273;0;7;0;0;2;3;13;A01
201200002274;0;7;0;0;0;2;19;A01
201200002274;0;7;0;0;0;3;1;B02
201200002275;0;33;0;0;0;0;1;A01
201200002276;0;38;0;0;2;3;1;A01
201200002276;0;30;0;0;2;3;1;B02
201200002277;0;7;0;2;0;1;0;A01
201200002278;0;7;0;0;1;3;0;A01
201200002279;0;7;0;13;0;2;1;A01
201200002280;0;7;0;9;1;2;24;A01
201200002281;0;7;0;0;2;1;2;A01
201200002281;0;30;0;0;0;4;2;B02
201200002282;0;7;0;0;6;1;1;A01
201200002283;0;7;0;0;2;7;19;A01
201200002283;0;2;0;0;2;1;1;B02
201200002284;0;7;0;0;1;2;1;A01
201200002285;0;7;0;0;1;1;1;A01
201200002286;0;7;0;13;0;1;16;A01
201200002287;0;7;0;13;0;7;13;A01
201200002288;0;33;0;0;9;1;21;A01
201200002288;0;1;0;0;2;8;19;B02
201200002289;0;7;0;0;2;2;13;A01
201200002289;0;30;0;0;2;1;1;B02
201200002290;0;3;0;1;0;2;1;A01
201200002291;0;7;0;13;0;3;1;A01
201200002292;0;99;0;0;2;3;15;A01
201200002292;0;33;0;0;2;2;17;B02
201200002293;0;10;0;0;2;8;1;B02
201200002293;0;7;0;0;2;1;1;A01
201200002294;0;10;0;13;0;2;14;A01
201200002295;0;7;0;13;0;3;1;A01
201200002296;0;7;0;2;0;1;1;A01
201200002297;0;7;0;0;2;3;1;A01
201200002297;0;7;0;0;2;3;13;B02
201200002298;0;31;0;0;2;1;1;B02
201200002298;0;7;0;0;2;5;15;A01
201200002299;0;7;0;0;9;7;6;A01
201200002300;0;30;0;0;2;0;1;A01
201200002301;1;7;0;0;2;2;0;A01
201200002301;0;2;0;0;2;4;1;B02
201200002302;0;33;0;0;0;1;1;A01
201200002303;0;7;0;0;2;1;0;A01
201200002303;0;7;0;0;2;1;0;B02
201200002304;0;31;0;0;2;7;17;A01
201200002304;0;15;0;0;2;8;23;B02
201200002305;0;7;0;0;2;2;1;A01
201200002305;0;1;0;0;2;1;15;B02
201200002306;0;7;0;0;2;3;16;B02
201200002306;0;2;0;0;2;1;1;A01
201200002307;0;7;0;0;2;2;15;A01
201200002307;0;33;0;0;2;1;1;B02
201200002308;0;33;0;0;0;0;1;A01
201200002309;0;33;0;0;2;1;1;A01
201200002309;0;10;0;0;2;6;15;B02
201200002310;0;7;0;0;2;8;1;A01
201200002310;0;38;38;0;2;2;19;B02
201200002311;0;7;0;0;1;8;15;A01
201200002312;0;2;0;13;0;1;1;A01
201200002313;0;7;0;0;2;3;1;B02
201200002313;0;7;0;0;2;3;13;A01
201200002314;0;7;0;0;0;1;14;A01
201200002315;0;7;0;0;2;7;19;A01
201200002315;0;7;0;0;2;1;1;B02
201200002316;0;33;0;13;0;2;1;A01
201200002317;0;33;0;0;0;0;21;A01
201200002318;0;7;0;0;2;1;1;A01
201200002318;0;10;0;0;2;1;21;B02
201200002319;0;10;0;0;2;0;1;B02
201200002319;0;21;0;0;2;6;19;A01
201200002320;0;3;0;2;0;1;1;A01
201200002321;0;33;0;0;2;1;1;B02
201200002321;0;7;0;0;2;5;15;A01
201200002322;0;7;0;0;1;3;1;A01
201200002323;0;13;0;0;0;1;13;A01
201200002324;0;14;0;0;2;1;1;A01
201200002324;0;7;0;0;2;1;1;B02
201200002325;0;33;0;0;2;1;1;B02
201200002325;0;7;0;0;2;3;15;A01
201200002326;0;7;0;0;2;1;1;D04
201200002326;0;7;0;0;2;1;1;A01
201200002326;0;7;0;0;2;7;23;C03
201200002326;0;7;0;0;2;3;1;B02
201200002327;0;7;0;0;1;3;1;A01
201200002328;0;7;0;0;2;3;13;B02
201200002328;0;7;0;0;2;3;0;A01
201200002329;0;1;0;0;2;8;1;B02
201200002329;0;7;0;0;2;2;19;A01
201200002330;0;10;0;2;0;3;14;A01
201200002331;0;7;0;13;0;7;1;A01
201200002332;0;7;0;0;2;1;15;A01
201200002332;0;7;0;0;2;8;17;B02
201200002333;0;7;0;1;0;1;20;A01
201200002333;0;31;0;0;2;7;24;B02
201200002334;0;7;0;0;2;1;1;B02
201200002334;0;1;0;0;2;8;19;A01
201200002335;0;14;0;0;2;6;13;A01
201200002335;0;7;0;0;2;3;1;B02
201200002336;0;7;0;0;2;3;1;A01
201200002336;0;7;0;0;2;3;1;B02
201200002337;0;14;0;0;0;3;1;B02
201200002337;0;7;0;0;0;3;1;C03
201200002337;0;7;0;0;0;1;13;A01
201200002338;0;7;0;0;2;1;1;A01
201200002338;0;7;0;0;2;1;1;B02
201200002339;0;7;0;0;2;1;1;A01
201200002339;0;7;0;0;2;4;1;B02
201200002340;0;7;0;0;2;1;1;B02
201200002340;0;7;0;0;2;1;13;A01
201200002341;0;2;0;0;2;4;1;B02
201200002341;0;7;0;0;2;1;1;A01
201200002342;0;33;0;1;0;1;1;A01
201200002343;0;33;0;13;0;9;1;A01
201200002344;0;21;0;0;2;3;15;B02
201200002344;0;33;0;0;2;1;17;A01
201200002345;0;38;26;0;2;3;1;B02
201200002345;0;7;0;0;2;3;13;A01
201200002346;0;7;0;0;2;2;1;B02
201200002346;0;1;0;0;2;3;1;A01
201200002347;0;7;0;0;2;2;0;B02
201200002347;0;7;0;13;0;1;0;A01
201200002348;0;2;0;0;2;1;17;A01
201200002348;0;7;0;0;2;3;15;B02
201200002349;0;10;0;0;1;2;1;A01
201200002350;0;7;0;2;0;3;1;A01
201200002351;0;2;0;0;0;7;1;A01
201200002352;0;10;0;0;2;8;1;B02
201200002352;0;33;0;0;2;3;1;A01
201200002353;0;7;0;10;0;3;1;A01
201200002354;0;30;0;0;2;1;16;A01
201200002354;0;7;0;0;2;8;1;B02
201200002355;0;10;0;0;1;1;1;A01
201200002356;0;7;0;13;0;3;1;A01
201200002357;0;14;0;0;2;3;1;A01
201200002357;0;10;0;0;2;3;1;B02
201200002358;0;7;0;0;1;3;1;A01
201200002359;0;7;0;0;2;8;1;B02
201200002359;0;7;0;0;2;1;1;A01
201200002360;0;7;0;8;0;8;1;A01
201200002361;0;7;0;0;1;3;16;B02
201200002361;0;7;0;0;2;1;1;A01
201200002362;0;33;0;13;0;1;1;A01
201200002363;0;7;0;0;2;8;13;A01
201200002363;0;14;0;6;2;8;1;B02
201200002364;0;32;0;3;0;3;1;A01
201200002365;0;30;0;0;2;3;1;B02
201200002365;0;7;0;0;2;7;15;A01
201200002366;0;7;0;0;2;3;13;A01
201200002366;0;36;0;0;2;1;0;B02
201200002367;0;7;0;13;0;1;14;A01
201200002368;0;7;0;0;2;1;15;A01
201200002368;0;7;0;0;2;1;1;B02
201200002369;0;33;0;0;2;2;21;B02
201200002369;0;7;0;0;2;1;15;A01
201200002370;0;30;0;7;0;7;1;A01
201200002371;0;7;0;2;0;1;5;A01
201200002372;0;1;0;0;2;8;1;B02
201200002372;0;1;0;0;2;4;1;D04
201200002372;0;1;0;0;2;4;1;C03
201200002372;0;7;0;0;2;8;1;A01
201200002373;0;3;0;0;1;1;1;A01
201200002374;0;33;0;0;2;1;1;B02
201200002374;0;7;0;0;2;2;15;A01
201200002375;0;7;0;0;1;3;15;A01
201200002376;0;7;0;0;1;2;1;A01
201200002377;1;7;0;0;1;1;1;A01
201200002378;0;7;0;0;2;3;13;A01
201200002378;0;7;0;0;2;3;1;B02
201200002379;0;14;0;0;2;1;1;B02
201200002379;0;7;0;0;2;1;13;A01
201200002380;0;30;0;0;2;3;13;A01
201200002380;0;10;0;0;2;3;1;B02
201200002381;0;10;0;0;0;1;1;B02
201200002381;0;30;0;14;0;1;13;A01
201200002382;0;2;0;0;2;1;13;A01
201200002382;0;10;0;0;2;2;1;B02
201200002383;0;10;0;0;2;1;1;B02
201200002383;0;21;0;0;2;1;1;A01
201200002384;0;7;0;8;0;1;13;A01
201200002385;0;10;0;0;2;3;1;C03
201200002385;0;10;0;0;2;3;17;A01
201200002385;0;33;0;0;2;3;1;B02
201200002386;0;7;0;2;0;6;13;A01
201200002387;0;14;0;0;2;1;1;B02
201200002387;0;30;0;0;2;1;1;A01
201200002388;0;30;0;0;0;4;2;B02
201200002388;0;7;0;0;2;1;2;A01
201200002389;0;7;0;0;2;3;15;A01
201200002389;0;33;0;0;2;1;1;B02
201200002390;0;33;0;0;2;3;17;A01
201200002390;0;7;0;0;2;3;1;C03
201200002390;0;7;0;0;2;8;2;B02
201200002391;0;30;0;0;0;3;1;A01
201200002392;0;7;0;0;2;1;13;A01
201200002392;0;7;0;0;2;3;1;B02
201200002393;0;33;0;13;0;8;13;A01
201200002394;0;7;0;6;0;4;1;A01
201200002395;0;30;0;0;2;1;1;B02
201200002395;0;7;0;0;2;2;17;A01
201200002396;0;7;0;0;2;7;1;C03
201200002396;0;7;0;0;2;3;1;A01
201200002396;0;7;0;0;2;3;1;B02
201200002397;0;7;0;2;0;9;1;A01
201200002398;0;7;0;0;2;2;17;B02
201200002398;0;7;0;0;2;3;13;A01
201200002399;0;10;0;0;2;1;1;B02
201200002399;0;7;0;0;2;1;13;A01
201200002400;0;7;0;0;5;1;1;A01
201200002401;0;21;0;0;2;1;15;A01
201200002401;0;7;0;0;2;8;1;B02
201200002402;0;2;0;0;2;3;1;B02
201200002402;0;7;0;0;2;2;19;A01
201200002403;0;33;0;11;0;2;2;A01
201200002404;0;10;0;0;2;8;1;B02
201200002404;0;1;0;0;2;3;13;A01
201200002405;0;30;0;0;2;1;15;A01
201200002405;0;7;0;0;2;3;1;B02
201200002406;0;30;0;0;2;7;1;A01
201200002406;0;7;0;0;2;1;19;B02
201200002407;0;7;0;0;2;2;5;A01
201200002407;0;7;0;0;2;3;1;B02
201200002408;0;10;0;6;0;2;1;A01
201200002409;0;7;0;0;2;7;1;A01
201200002409;0;7;0;0;2;2;15;B02
201200002410;0;7;0;0;0;1;1;B02
201200002410;0;10;0;0;0;7;19;A01
201200002411;0;7;0;0;2;3;15;A01
201200002411;0;7;0;0;2;1;1;B02
201200002412;0;30;0;0;0;1;1;B02
201200002412;0;7;0;0;2;3;13;A01
201200002413;0;1;0;0;2;4;1;A01
201200002413;0;3;0;0;9;1;1;B02
201200002414;0;7;0;0;2;1;21;A01
201200002414;0;2;0;0;2;1;13;B02
201200002415;0;7;0;0;2;1;1;B02
201200002415;0;7;0;0;2;1;13;A01
201200002416;0;7;0;0;2;4;17;A01
201200002416;0;17;0;0;2;1;1;C03
201200002416;0;7;0;0;2;1;1;B02
201200002417;0;7;0;0;2;3;0;A01
201200002417;0;1;0;0;2;1;0;B02
201200002418;0;2;0;0;0;0;1;A01
201200002419;0;7;0;0;2;5;23;A01
201200002419;0;30;0;1;2;1;2;B02
201200002420;0;7;0;6;0;1;2;A01
201200002421;0;7;0;0;2;3;1;B02
201200002421;0;7;0;0;2;3;1;A01
201200002422;0;7;0;0;1;2;1;A01
201200002423;0;7;0;3;2;1;1;B02
201200002423;0;7;0;0;2;1;13;A01
201200002424;0;7;0;0;2;3;1;B02
201200002424;0;2;0;0;2;3;13;A01
201200002425;0;7;0;14;0;2;1;B02
201200002425;0;10;0;0;2;2;23;A01
201200002426;0;7;0;0;2;5;1;B02
201200002426;0;30;0;0;2;1;19;A01
201200002427;0;7;0;13;0;3;1;A01
201200002428;0;7;0;6;1;1;1;A01
201200002429;0;7;0;0;0;7;15;A01
201200002429;0;7;0;0;0;1;1;B02
201200002430;0;14;0;5;2;1;1;A01
201200002430;0;7;0;0;2;1;1;B02
201200002431;0;7;0;0;2;3;1;B02
201200002431;0;10;0;0;2;3;13;A01
201200002432;0;7;0;8;0;8;1;A01
201200002433;0;1;0;0;2;1;1;B02
201200002433;0;7;0;0;9;2;1;A01
201200002434;0;30;0;2;0;1;1;A01
201200002435;0;7;0;0;2;2;1;B02
201200002435;0;10;0;0;2;2;13;A01
201200002436;0;7;0;0;2;1;1;A01
201200002436;0;7;0;0;2;1;15;B02
201200002437;0;7;0;13;0;3;1;A01
201200002438;0;7;0;0;2;1;13;B02
201200002438;0;7;0;0;2;1;13;A01
201200002439;0;7;0;0;2;3;13;A01
201200002439;0;7;0;0;2;8;2;C03
201200002439;0;7;0;0;2;3;5;B02
201200002440;0;7;0;0;2;2;1;A01
201200002440;0;2;0;0;2;9;19;B02
201200002441;0;30;0;6;0;2;14;A01
201200002442;0;2;0;0;2;1;13;A01
201200002442;0;7;0;0;2;3;1;B02
201200002443;0;7;0;0;2;1;13;A01
201200002443;0;7;0;0;2;1;1;B02
201200002444;0;7;0;0;2;3;1;B02
201200002444;0;7;0;0;2;3;17;A01
201200002445;0;7;0;0;1;2;15;A01
201200002446;0;10;0;6;0;1;1;A01
201200002447;0;7;0;0;2;1;17;A01
201200002447;0;7;0;0;2;1;1;B02
201200002448;0;7;0;8;0;0;1;A01
201200002449;0;7;0;0;2;2;1;B02
201200002449;0;7;0;2;2;3;13;A01
201200002450;0;15;0;0;2;3;1;A01
201200002450;0;7;0;0;2;1;17;B02
201200002451;0;7;0;0;2;1;5;A01
201200002451;0;15;0;0;2;1;0;B02
201200002452;0;7;0;16;0;9;1;A01
201200002453;0;10;0;6;0;1;1;A01
201200002454;0;14;0;0;2;2;1;B02
201200002454;0;7;0;13;2;1;1;A01
201200002455;0;38;10;0;0;4;23;B02
201200002455;0;7;0;1;0;1;1;A01
201200002456;0;13;0;0;2;2;2;A01
201200002456;0;7;0;16;2;6;2;B02
201200002457;0;7;0;0;2;3;15;A01
201200002457;0;33;0;0;2;1;1;B02
201200002458;0;7;0;8;0;1;1;A01
201200002459;0;21;0;0;0;0;1;A01
201200002460;0;7;0;0;1;2;1;A01
201200002461;0;15;0;0;2;2;1;B02
201200002461;0;7;0;0;2;2;13;A01
201200002462;0;3;0;13;0;3;1;A01
201200002463;0;7;0;0;1;4;4;A01
201200002464;0;33;0;13;0;1;1;A01
201200002465;0;7;0;0;2;3;0;B02
201200002465;0;14;0;0;2;3;17;A01
201200002466;0;7;0;0;0;1;13;A01
201200002467;0;1;0;0;0;0;1;B02
201200002467;0;7;0;0;0;0;9;A01
201200002468;0;7;0;0;2;1;13;A01
201200002468;0;7;0;0;2;3;1;B02
201200002469;0;30;0;10;0;1;0;A01
201200002470;0;7;0;2;0;2;17;A01
201200002471;0;2;0;1;0;1;1;A01
201200002472;0;7;0;13;0;9;1;A01
201200002473;0;7;0;0;2;3;16;A01
201200002473;0;1;0;0;2;1;0;B02
201200002474;0;7;0;0;0;3;15;B02
201200002474;0;7;0;0;0;3;1;A01
201200002475;0;10;0;0;2;2;13;A01
201200002475;0;7;0;0;2;2;13;B02
201200002476;0;21;0;0;2;1;1;B02
201200002476;0;7;0;0;2;1;13;A01
201200002477;0;10;0;0;2;1;1;B02
201200002477;0;7;0;0;2;1;13;A01
201200002478;0;1;0;0;2;4;2;B02
201200002478;0;7;0;0;2;2;17;A01
201200002479;0;1;0;0;2;1;1;B02
201200002479;0;7;0;0;2;3;1;A01
201200002480;0;7;0;0;2;1;1;A01
201200002480;0;7;0;0;2;1;1;C03
201200002480;0;7;0;0;2;4;1;B02
201200002481;0;15;0;0;0;8;1;A01
201200002482;0;30;0;0;2;1;5;A01
201200002482;0;7;0;0;2;1;1;B02
201200002483;0;7;0;13;0;1;17;A01
201200002484;0;7;0;0;2;3;1;B02
201200002484;0;30;0;0;2;1;13;A01
201200002485;0;30;0;13;0;1;1;A01
201200002486;0;7;0;0;1;2;14;A01
201200002487;0;7;0;6;0;1;1;A01
201200002488;0;7;0;6;0;1;1;A01
201200002489;0;1;0;0;2;1;13;A01
201200002489;0;7;0;0;2;3;1;B02
201200002490;0;7;0;0;2;2;1;B02
201200002490;0;2;0;0;2;1;1;A01
201200002491;0;33;0;0;2;1;1;B02
201200002491;0;7;0;0;2;2;15;A01
201200002492;0;7;0;0;2;1;1;B02
201200002492;0;7;0;0;2;3;15;A01
201200002493;0;30;0;1;0;1;1;A01
201200002493;0;10;0;0;0;1;0;B02
201200002494;0;33;0;0;2;7;1;B02
201200002494;0;7;0;0;2;1;19;A01
201200002495;0;7;0;0;1;1;1;A01
201200002496;0;7;0;0;2;3;11;A01
201200002496;0;1;0;0;2;1;0;B02
201200002497;0;7;0;0;2;1;1;A01
201200002497;0;10;0;0;0;1;1;B02
201200002498;0;33;0;0;0;1;17;A01
201200002499;0;7;0;0;0;8;13;A01
201200002499;0;1;0;0;2;1;1;B02
201200002500;0;7;0;2;0;2;14;A01
201200002501;0;10;0;0;2;1;1;B02
201200002501;0;7;0;0;2;1;13;A01
201200002502;0;10;0;0;2;3;1;B02
201200002502;0;7;0;0;2;2;1;A01
201200002503;0;7;0;15;0;1;1;A01
201200002504;0;10;0;0;2;3;1;B02
201200002504;0;2;0;0;2;1;13;A01
201200002505;0;7;0;0;2;1;1;C03
201200002505;0;7;0;0;2;5;1;B02
201200002505;0;7;0;0;2;1;19;A01
201200002506;0;7;0;0;2;1;1;B02
201200002506;0;30;0;0;2;1;17;A01
201200002507;0;7;0;9;0;7;1;A01
201200002508;0;7;0;0;2;6;1;A01
201200002508;0;7;0;0;2;3;13;B02
201200002509;0;10;0;6;0;1;1;A01
201200002510;0;33;0;0;2;1;1;B02
201200002510;0;10;0;0;2;2;15;A01
201200002511;0;7;0;0;2;5;19;A01
201200002511;0;33;0;0;2;1;1;B02
201200002512;0;7;0;0;5;1;1;A01
201200002513;0;7;0;6;0;1;1;A01
201200002514;0;7;0;0;2;7;15;A01
201200002514;0;2;0;0;2;1;1;B02
201200002515;0;7;0;0;1;2;1;A01
201200002516;0;7;0;0;5;7;1;A01
201200002517;0;7;0;13;2;5;19;A01
201200002517;0;7;0;13;2;1;1;B02
201200002518;0;7;0;0;9;1;15;B02
201200002518;0;1;0;0;2;7;1;A01
201200002519;0;7;0;0;2;3;1;A01
201200002519;0;7;0;0;2;3;1;B02
201200002520;0;7;0;16;0;9;14;A01
201200002521;0;7;0;13;0;2;2;A01
201200002522;0;7;0;2;0;1;1;A01
201200002523;0;7;0;0;2;3;1;B02
201200002523;0;7;0;0;2;3;13;A01
201200002524;0;7;0;0;2;1;1;B02
201200002524;0;7;0;0;2;7;13;A01
201200002525;0;7;0;2;0;3;13;A01
201200002526;0;1;0;0;0;5;13;B02
201200002526;0;7;0;0;0;3;1;A01
201200002527;0;33;0;13;0;1;1;A01
201200002528;0;7;0;0;2;3;13;B02
201200002528;0;7;0;0;2;3;1;A01
201200002529;0;7;0;8;0;7;13;A01
201200002530;0;33;0;0;2;1;1;A01
201200002530;0;10;0;0;0;6;1;B02
201200002531;0;32;0;0;2;1;1;B02
201200002531;0;7;0;0;2;1;0;A01
201200002532;0;7;0;0;1;1;15;A01
201200002533;0;1;0;0;2;7;1;B02
201200002533;0;7;0;0;2;8;9;A01
201200002534;0;33;0;0;2;8;1;B02
201200002534;0;7;0;0;2;3;19;A01
201200002535;0;7;0;0;2;2;1;A01
201200002535;0;1;0;0;2;1;19;B02
201200002536;0;7;0;0;9;2;17;A01
201200002536;0;1;0;0;2;4;1;B02
201200002537;0;7;0;0;0;2;15;A01
201200002537;0;10;0;0;2;3;1;B02
201200002538;0;36;0;6;0;2;1;A01
201200002539;0;7;0;13;0;1;13;A01
201200002540;0;2;0;0;2;6;2;B02
201200002540;0;7;0;0;2;2;2;A01
201200002541;0;7;0;0;2;3;1;A01
201200002541;0;7;0;0;2;3;13;B02
201200002542;0;10;0;0;2;3;13;A01
201200002542;0;10;0;0;2;3;1;B02
201200002543;0;7;0;0;2;3;1;B02
201200002543;0;7;0;0;2;1;13;A01
201200002544;0;7;0;6;0;4;4;A01
201200002545;0;31;0;6;0;2;1;A01
201200002546;0;7;0;0;0;3;15;A01
201200002546;0;31;0;0;0;1;0;B02
201200002546;0;31;0;0;0;1;0;C03
201200002547;0;17;0;0;0;6;16;A01
201200002547;0;33;0;0;2;1;2;B02
201200002548;0;33;0;0;2;9;1;B02
201200002548;0;7;0;0;2;5;15;A01
201200002548;0;10;0;0;2;3;23;C03
201200002549;0;7;0;0;2;5;16;A01
201200002549;0;1;0;0;2;1;1;B02
201200002550;0;7;0;0;2;1;1;B02
201200002550;0;7;0;0;2;7;19;A01
201200002551;0;30;0;15;0;1;1;A01
201200002552;0;7;0;0;2;1;1;A01
201200002552;0;7;0;8;2;2;1;B02
201200002553;0;33;0;0;2;1;1;A01
201200002553;0;7;0;0;2;1;1;B02
201200002554;0;33;0;12;0;1;1;A01
201200002555;0;7;0;0;0;1;6;A01
201200002556;0;33;0;0;2;3;1;B02
201200002556;0;31;0;0;2;3;13;A01
201200002557;0;33;0;0;0;4;1;A01
201200002557;0;33;0;0;2;1;2;B02
201200002558;0;33;0;2;0;1;2;A01
201200002559;0;7;0;0;2;7;1;A01
201200002559;0;7;0;0;2;1;1;B02
201200002560;0;7;0;0;0;1;10;B02
201200002560;0;33;0;0;2;1;21;A01
201200002561;0;10;0;0;2;1;17;A01
201200002561;0;33;0;0;2;1;1;B02
201200002562;0;7;0;0;2;8;1;B02
201200002562;0;30;0;0;2;8;13;A01
201200002563;0;33;0;0;2;1;1;A01
201200002563;0;10;0;0;2;5;15;B02
201200002564;0;7;0;0;2;1;1;A01
201200002564;0;7;0;0;2;1;13;B02
201200002565;0;7;0;0;2;8;1;B02
201200002565;0;7;0;0;2;3;13;A01
201200002566;0;33;0;0;2;1;1;A01
201200002566;1;10;0;0;2;8;19;B02
201200002567;0;7;0;0;2;1;13;A01
201200002567;0;7;0;0;2;1;1;B02
201200002568;0;2;0;0;0;1;5;A01
201200002568;0;7;0;0;0;3;1;B02
201200002569;0;7;0;0;2;1;13;A01
201200002569;0;7;0;0;2;1;1;B02
201200002570;0;7;0;0;2;3;15;B02
201200002570;0;30;0;0;2;1;3;A01
201200002571;0;31;0;0;2;8;1;A01
201200002571;0;7;0;0;2;8;15;B02
201200002572;0;7;0;2;0;1;1;A01
201200002573;0;10;0;0;2;2;15;A01
201200002573;0;31;0;0;2;1;1;B02
201200002574;0;31;0;0;2;3;1;B02
201200002574;0;7;0;0;2;3;15;A01
201200002575;0;7;0;0;0;1;1;A01
201200002576;0;7;0;2;0;1;1;A01
201200002577;0;14;0;0;2;7;17;A01
201200002577;0;1;0;0;2;8;1;B02
201200002578;0;7;0;0;2;1;1;B02
201200002578;0;7;0;0;2;1;1;A01
201200002579;0;7;0;0;2;3;15;A01
201200002579;0;33;0;0;2;1;1;B02
201200002580;0;7;0;0;2;8;15;B02
201200002580;0;33;0;0;2;1;17;A01
201200002581;0;10;0;0;2;1;1;B02
201200002581;0;7;0;0;2;3;15;A01
201200002582;0;33;0;16;0;1;1;A01
201200002583;0;10;0;0;1;2;1;A01
201200002584;0;7;0;0;1;2;16;A01
201200002585;0;7;0;0;1;2;17;A01
201200002586;0;33;0;0;2;0;2;A01
201200002587;0;33;0;6;0;2;1;A01
201200002588;0;7;0;0;2;3;13;A01
201200002588;0;7;0;0;2;3;1;B02
201200002588;0;7;0;0;2;3;1;C03
201200002589;0;32;0;0;0;8;1;A01
201200002590;0;1;0;0;0;4;1;B02
201200002590;0;7;0;0;9;1;2;A01
201200002590;0;1;0;0;0;4;1;C03
201200002590;0;1;0;0;0;4;0;D04
201200002591;0;7;0;0;9;8;1;A01
201200002591;0;30;0;0;2;1;19;B02
201200002592;0;33;0;0;2;1;1;A01
201200002592;0;7;0;0;2;7;15;B02
201200002593;0;7;0;0;2;2;20;A01
201200002593;0;1;0;0;2;1;1;B02
201200002594;0;7;0;0;2;3;15;A01
201200002594;0;30;0;0;2;1;1;B02
201200002595;0;33;0;0;2;1;1;B02
201200002595;0;7;0;0;2;8;10;A01
201200002596;0;7;0;0;2;7;15;A01
201200002596;0;7;0;0;2;1;1;C03
201200002596;0;2;0;0;2;1;1;B02
201200002597;0;7;0;0;2;1;3;A01
201200002597;0;7;0;0;2;1;3;B02
201200002598;0;33;0;0;0;0;1;A01
201200002599;0;2;0;0;2;1;19;A01
201200002599;0;10;0;0;2;3;1;B02
201200002600;0;7;0;0;2;1;17;A01
201200002600;0;7;0;0;2;4;2;B02
201200002600;0;10;0;0;2;1;1;C03
201200002601;0;3;0;0;2;3;1;B02
201200002601;0;7;0;0;2;3;13;A01
201200002602;0;33;0;0;1;1;0;A01
201200002603;0;33;0;0;2;1;1;B02
201200002603;0;7;0;0;0;4;15;A01
201200002604;0;7;0;0;9;2;17;A01
201200002604;0;1;0;0;2;4;13;B02
201200002605;0;7;0;0;2;3;16;A01
201200002605;0;14;0;0;2;2;1;B02
201200002606;0;10;0;13;0;1;1;A01
201200002607;0;2;0;0;5;1;1;A01
201200002608;0;7;0;8;0;4;1;A01
201200002609;0;1;0;0;0;1;17;A01
201200002609;0;3;0;0;0;6;15;B02
201200002610;0;7;0;8;0;8;1;A01
201200002611;0;2;0;0;2;1;21;B02
201200002611;0;7;0;0;2;3;14;A01
201200002612;0;7;0;13;0;1;1;A01
201200002613;0;7;0;0;2;7;0;B02
201200002614;0;7;0;8;0;1;2;A01
201200002615;0;7;0;2;0;1;1;A01
201200002616;0;30;0;11;0;1;6;A01
201200002617;0;33;0;0;2;1;17;A01
201200002617;0;10;0;0;2;8;15;B02
201200002618;0;33;0;3;0;6;1;A01
201200002619;0;7;0;0;0;2;1;A01
201200002620;0;7;0;0;2;1;15;A01
201200002620;0;10;0;0;2;3;1;B02
201200002621;0;37;0;0;1;1;1;A01
201200002622;0;7;0;0;2;7;15;A01
201200002622;0;1;0;0;2;1;1;B02
201200002623;0;30;0;1;2;7;17;A01
201200002623;0;7;0;0;2;8;15;B02
201200002624;0;17;0;0;2;8;13;A01
201200002624;0;17;0;0;2;1;1;B02
201200002625;0;17;0;0;0;0;1;A01
201200002626;0;7;0;0;1;2;1;A01
201200002627;0;7;0;0;2;4;23;C03
201200002627;1;10;0;0;2;4;2;A01
201200002627;0;7;0;0;2;4;2;B02
201200002628;0;7;0;0;2;3;13;A01
201200002628;0;7;0;0;2;3;1;B02
201200002629;0;7;0;0;2;3;2;A01
201200002629;0;7;0;0;0;5;2;B02
201200002630;0;7;0;0;1;1;15;A01
201200002631;0;7;0;6;0;1;13;A01
201200002632;0;7;0;0;2;3;1;B02
201200002632;0;7;0;0;2;3;13;A01
201200002633;0;7;0;0;9;1;23;A01
201200002633;0;30;0;0;2;0;1;B02
201200002634;0;2;0;0;2;1;17;A01
201200002634;0;7;0;0;2;3;15;B02
201200002635;0;2;0;0;0;7;21;A01
201200002636;0;7;0;0;2;6;2;C03
201200002636;0;7;0;0;2;1;13;A01