num_acc;senc;catv;occutc;obs;obsm;choc;manv;num_veh
201200002636;0;7;0;0;2;1;2;B02
201200002637;0;30;0;8;0;1;1;A01
201200002638;0;7;0;2;0;1;1;A01
201200002639;0;7;0;8;0;3;13;A01
201200002640;0;33;0;0;2;1;1;B02
201200002640;0;10;0;0;2;2;15;A01
201200002641;0;7;0;6;0;7;1;A01
201200002642;0;7;0;0;9;1;2;B02
201200002642;0;1;0;0;2;1;16;A01
201200002643;0;7;0;0;1;1;1;A01
201200002644;0;7;0;0;2;1;21;B02
201200002644;0;7;0;0;2;3;19;A01
201200002645;0;33;0;0;2;1;1;A01
201200002645;0;7;0;0;9;6;6;B02
201200002646;0;14;0;2;0;7;1;A01
201200002647;0;30;0;0;2;1;16;A01
201200002647;0;7;0;0;2;3;1;B02
201200002648;0;31;0;0;0;7;1;A01
201200002649;0;7;0;0;2;7;13;A01
201200002649;0;7;0;0;2;1;1;B02
201200002650;0;7;0;0;2;7;15;B02
201200002650;0;33;0;0;2;1;1;A01
201200002651;0;33;0;0;2;1;17;A01
201200002651;0;7;0;0;2;8;15;B02
201200002652;0;7;0;0;2;1;13;A01
201200002652;0;7;0;0;2;1;1;B02
201200002653;0;7;0;0;2;1;1;A01
201200002653;0;38;0;0;2;3;1;B02
201200002654;0;7;0;0;2;3;1;B02
201200002654;0;7;0;0;2;3;13;A01
201200002655;0;7;0;0;2;7;19;A01
201200002655;0;7;0;0;2;3;23;C03
201200002655;0;7;0;0;2;1;1;B02
201200002656;0;33;0;0;2;1;1;A01
201200002656;0;7;0;0;2;3;19;B02
201200002657;0;7;0;0;2;1;1;B02
201200002657;0;7;0;0;2;1;13;A01
201200002658;0;7;0;0;0;2;19;A01
201200002658;0;2;0;0;0;1;1;B02
201200002659;0;30;0;0;2;4;15;B02
201200002660;0;32;0;0;2;1;13;A01
201200002660;0;7;0;0;2;3;1;B02
201200002661;0;10;0;0;2;7;15;A01
201200002661;0;31;0;0;2;1;1;B02
201200002662;0;7;0;0;2;3;10;A01
201200002662;0;30;0;0;2;1;1;B02
201200002663;0;7;0;0;1;1;1;A01
201200002664;0;7;0;0;2;1;1;B02
201200002664;0;7;0;0;2;1;13;A01
201200002665;0;7;0;0;2;7;17;A01
201200002665;0;30;0;0;2;8;1;B02
201200002666;0;7;0;0;2;1;2;A01
201200002666;0;1;0;0;2;4;1;B02
201200002667;0;7;0;0;2;3;10;A01
201200002667;0;33;0;0;2;1;1;B02
201200002668;0;7;0;0;1;2;1;A01
201200002669;0;7;0;0;2;2;1;B02
201200002669;0;7;0;0;2;3;1;A01
201200002670;0;7;0;0;2;1;1;B02
201200002670;0;7;0;0;2;1;17;A01
201200002671;0;7;0;12;0;1;1;A01
201200002672;0;33;0;0;2;8;21;A01
201200002673;0;7;0;0;2;2;17;A01
201200002673;0;7;0;0;2;8;15;B02
201200002674;0;7;0;2;0;1;14;A01
201200002675;0;7;0;0;1;1;1;A01
201200002676;0;33;0;6;0;1;1;A01
201200002677;0;33;0;0;2;1;21;A01
201200002677;0;7;0;0;0;3;10;B02
201200002678;0;7;0;0;2;3;1;A01
201200002678;0;7;0;0;2;2;13;B02
201200002679;0;31;0;13;0;8;14;A01
201200002679;0;10;0;0;2;1;1;B02
201200002680;0;7;0;0;2;3;13;A01
201200002680;0;7;0;0;2;2;1;B02
201200002681;0;7;0;0;2;3;15;A01
201200002681;0;33;0;0;2;1;17;B02
201200002682;0;7;0;3;0;4;1;A01
201200002682;0;7;0;3;2;1;2;B02
201200002683;0;7;0;0;2;1;19;B02
201200002683;0;7;0;0;2;3;1;A01
201200002684;0;7;0;0;2;1;13;A01
201200002684;0;7;0;0;2;1;1;B02
201200002685;0;7;0;0;0;9;1;A01
201200002686;0;7;0;0;2;2;0;A01
201200002686;0;33;0;0;2;1;1;B02
201200002687;0;30;0;0;2;1;13;B02
201200002687;0;7;0;0;0;1;1;A01
201200002688;0;7;0;0;2;3;13;A01
201200002688;0;7;0;0;2;3;1;B02
201200002689;0;7;0;0;2;3;1;B02
201200002689;0;7;0;0;2;3;13;A01
201200002690;0;7;0;0;9;8;0;A01
201200002691;0;7;0;0;1;2;1;A01
201200002692;0;7;0;0;2;1;2;A01
201200002692;0;30;0;0;2;4;2;B02
201200002693;0;7;0;0;2;6;1;B02
201200002693;0;7;0;0;2;1;1;D04
201200002693;0;7;0;0;2;1;13;A01
201200002693;0;7;0;0;2;6;1;C03
201200002694;0;3;0;0;1;4;20;A01
201200002695;0;7;0;0;2;1;1;B02
201200002695;0;7;0;0;2;7;13;A01
201200002695;0;7;0;0;9;1;1;C03
201200002696;0;7;0;14;0;3;1;A01
201200002697;0;7;0;0;2;2;1;A01
201200002697;0;1;0;0;2;4;1;B02
201200002698;0;7;0;4;0;1;2;A01
201200002699;0;7;0;0;0;2;0;A01
201200002700;0;13;0;15;0;3;1;A01
201200002701;0;33;0;0;2;1;1;A01
201200002701;0;7;0;0;2;8;15;B02
201200002702;0;2;0;0;2;1;1;B02
201200002702;0;10;0;0;2;7;1;A01
201200002703;0;33;0;13;0;8;15;A01
201200002704;0;7;0;6;0;1;1;A01
201200002705;0;33;0;13;0;1;1;A01
201200002706;0;7;0;0;2;3;13;A01
201200002706;0;7;0;0;2;3;1;B02
201200002707;0;7;0;0;2;3;1;A01
201200002707;0;31;0;0;2;1;13;B02
201200002708;0;7;0;0;2;4;2;B02
201200002708;0;7;0;0;2;1;2;A01
201200002709;0;7;0;0;2;5;1;B02
201200002709;0;2;0;0;1;1;2;A01
201200002710;0;33;0;11;0;1;6;A01
201200002711;0;33;0;0;2;1;17;A01
201200002711;0;7;0;7;2;1;2;B02
201200002712;0;99;0;0;0;0;1;C03
201200002712;0;7;0;0;2;1;1;A01
201200002712;0;15;0;0;2;1;1;B02
201200002713;0;10;0;13;0;1;1;A01
201200002714;0;33;0;0;0;1;1;A01
201200002715;0;7;0;0;2;7;1;A01
201200002715;0;7;0;0;2;1;1;B02
201200002716;0;2;0;13;0;1;13;A01
201200002717;0;7;0;13;0;9;1;A01
201200002718;0;31;0;0;0;0;1;A01
201200002719;0;7;0;0;1;1;1;A01
201200002720;0;7;0;13;0;9;1;A01
201200002721;0;10;0;2;0;2;1;A01
201200002722;0;33;0;13;0;3;1;A01
201200002723;0;37;0;0;2;7;10;A01
201200002723;0;7;0;0;2;7;10;B02
201200002724;0;7;0;0;2;1;19;A01
201200002724;0;7;0;0;2;2;1;B02
201200002725;0;7;0;0;2;4;15;A01
201200002725;0;2;0;0;2;1;1;B02
201200002726;0;10;0;0;2;2;15;A01
201200002726;0;33;0;0;2;1;1;B02
201200002727;0;10;0;0;2;1;1;A01
201200002727;0;7;0;0;2;3;1;B02
201200002728;0;7;0;0;0;3;1;A01
201200002728;0;7;0;0;0;3;1;B02
201200002729;0;7;0;0;2;3;13;A01
201200002729;0;7;0;0;2;3;21;B02
201200002730;0;7;0;2;0;7;1;A01
201200002731;0;7;0;0;0;9;1;A01
201200002732;0;7;0;0;2;7;0;C03
201200002732;0;7;0;0;2;3;13;A01
201200002732;0;7;0;0;2;8;1;B02
201200002733;0;7;0;0;2;1;21;A01
201200002733;0;32;0;0;2;1;5;B02
201200002734;0;7;0;13;0;9;1;A01
201200002735;0;33;0;0;2;7;5;A01
201200002735;0;10;0;0;2;8;10;B02
201200002736;0;7;0;0;2;1;2;C03
201200002736;0;7;0;0;2;2;1;B02
201200002736;0;7;0;0;2;3;1;A01
201200002737;0;33;0;0;2;7;1;A01
201200002737;0;7;0;0;2;1;19;B02
201200002738;0;7;0;8;0;3;1;A01
201200002739;0;7;0;0;2;3;15;B02
201200002739;0;33;0;0;2;1;17;A01
201200002740;0;2;0;0;2;3;1;A01
201200002740;0;33;0;0;2;3;11;B02
201200002741;0;17;0;0;2;8;1;B02
201200002741;0;3;0;0;2;1;17;A01
201200002741;0;7;0;0;2;3;15;C03
201200002742;0;10;0;0;2;5;15;A01
201200002742;0;31;0;0;2;1;1;B02
201200002743;0;7;0;2;0;8;13;A01
201200002744;0;10;0;0;2;5;9;A01
201200002744;0;33;0;0;2;1;1;B02
201200002745;0;7;0;13;0;9;1;A01
201200002746;0;10;0;0;2;3;9;C03
201200002746;0;7;0;0;2;7;19;A01
201200002746;0;33;0;0;2;1;1;B02
201200002747;0;7;0;0;2;1;19;A01
201200002747;0;33;0;0;2;8;1;B02
201200002748;0;7;0;0;2;8;19;B02
201200002748;0;33;0;0;2;1;1;A01
201200002749;0;7;0;6;0;1;13;A01
201200002750;0;10;0;2;0;1;1;A01
201200002751;0;10;0;0;1;2;1;A01
201200002752;0;10;0;3;2;4;2;A01
201200002752;0;33;0;14;2;1;2;B02
201200002753;0;7;0;0;1;1;1;A01
201200002754;0;7;0;0;2;3;13;A01
201200002754;0;10;0;0;2;6;1;E05
201200002754;0;33;0;0;2;3;1;B02
201200002754;0;7;0;0;2;1;1;C03
201200002754;0;7;0;0;2;6;1;D04
201200002755;0;30;0;0;2;1;13;A01
201200002755;0;7;0;0;2;3;1;B02
201200002755;0;10;0;0;2;3;1;C03
201200002756;0;7;0;0;2;2;2;B02
201200002756;0;1;0;0;0;6;1;A01
201200002757;0;7;0;6;0;7;1;A01
201200002758;0;10;0;0;2;3;1;B02
201200002758;0;7;0;0;2;2;1;A01
201200002759;0;7;0;6;0;1;17;A01
201200002760;0;10;0;0;1;2;9;A01
201200002761;0;33;0;0;2;1;2;A01
201200002761;0;7;0;0;0;2;2;B02
201200002762;0;7;0;0;2;8;1;B02
201200002762;0;7;0;0;0;7;15;A01
201200002762;0;34;0;0;2;1;1;C03
201200002763;0;7;0;0;2;3;17;A01
201200002763;0;7;0;0;2;3;1;B02
201200002764;0;7;0;13;0;2;14;A01
201200002765;0;7;0;0;2;7;5;A01
201200002765;0;14;0;0;2;1;1;B02
201200002766;0;7;0;0;2;1;1;B02
201200002766;0;2;0;0;2;1;5;A01
201200002767;0;7;0;0;2;1;0;B02
201200002767;0;7;0;0;2;4;0;A01
201200002768;0;33;0;0;2;1;1;B02
201200002768;0;10;0;0;2;2;15;A01
201200002769;0;7;0;0;2;8;19;A01
201200002769;0;31;0;0;2;1;1;B02
201200002770;0;7;0;0;2;2;6;A01
201200002770;0;7;0;0;2;2;1;B02
201200002771;0;7;0;0;2;1;1;B02
201200002771;0;7;0;0;2;1;5;A01
201200002772;0;7;0;0;2;3;1;B02
201200002772;0;7;0;0;2;3;13;A01
201200002773;0;7;0;0;2;7;1;A01
201200002773;0;30;0;0;2;1;19;B02
201200002774;0;1;0;0;5;1;1;A01
201200002775;0;10;0;0;2;8;1;A01
201200002775;0;2;0;0;2;1;1;B02
201200002776;0;7;0;0;2;1;1;B02
201200002776;0;7;0;0;2;3;1;A01
201200002777;0;7;0;6;0;1;13;A01
201200002778;0;7;0;0;2;1;1;B02
201200002778;0;7;0;0;2;7;1;C03
201200002778;0;7;0;0;2;1;19;A01
201200002779;0;30;0;0;2;1;1;B02
201200002779;0;10;0;0;2;7;19;A01
201200002780;0;7;0;6;0;1;1;A01
201200002781;0;7;0;2;0;8;1;A01
201200002781;0;7;0;13;0;1;21;B02
201200002782;0;7;0;0;2;1;5;A01
201200002782;0;7;0;0;2;1;1;B02
201200002783;0;7;0;0;1;2;2;A01
201200002784;0;7;0;8;0;1;1;A01
201200002785;0;7;0;6;0;1;1;A01
201200002786;0;7;0;0;2;1;15;A01
201200002786;0;33;0;0;2;1;1;B02
201200002787;0;7;0;0;1;2;1;A01
201200002788;0;7;0;0;2;1;1;B02
201200002788;0;7;0;0;2;1;13;A01
201200002789;0;30;0;0;0;0;0;A01
201200002790;0;30;0;0;1;1;1;A01
201200002791;0;7;0;0;2;1;1;A01
201200002791;0;7;0;0;2;3;15;B02
201200002792;0;17;0;0;2;1;1;A01
201200002792;0;7;0;0;0;6;1;B02
201200002792;0;7;0;0;2;8;19;C03
201200002793;0;7;0;0;2;3;1;B02
201200002793;0;2;0;0;2;1;15;A01
201200002794;0;7;0;0;2;2;5;B02
201200002794;0;7;0;0;2;2;17;A01
201200002795;0;7;0;0;2;9;13;A01
201200002795;0;10;0;0;2;3;1;B02
201200002796;0;31;0;0;0;3;19;A01
201200002796;0;7;0;0;2;2;1;B02
201200002797;0;7;0;0;2;1;5;A01
201200002797;0;7;0;0;2;3;1;B02
201200002798;0;7;0;0;2;3;13;A01
201200002798;0;7;0;0;2;3;1;B02
201200002799;0;38;0;15;0;4;16;A01
201200002800;0;1;0;0;2;4;2;B02
201200002800;0;10;0;0;2;1;2;A01
201200002801;0;7;0;0;0;6;15;A01
201200002801;0;33;0;0;2;1;1;B02
201200002802;0;7;0;0;1;3;0;A01
201200002803;0;17;0;0;2;2;1;A01
201200002803;0;7;0;0;0;7;13;B02
201200002804;0;7;0;0;2;8;19;A01
201200002804;0;31;0;0;2;1;1;B02
201200002805;0;7;0;16;0;1;1;A01
201200002806;0;1;0;0;2;1;1;B02
201200002806;0;7;0;0;2;3;1;A01
201200002807;0;33;0;0;2;1;1;B02
201200002807;0;10;0;0;2;8;10;A01
201200002808;0;7;0;8;0;9;15;A01
201200002809;0;33;0;8;0;1;13;A01
201200002810;0;7;0;0;2;8;1;B02
201200002810;0;7;0;0;2;1;19;A01
201200002811;0;33;0;0;0;1;1;A01
201200002811;0;7;0;0;0;4;1;B02
201200002812;0;7;0;0;0;1;1;B02
201200002812;0;7;0;0;0;7;13;A01
201200002813;0;33;0;15;0;1;17;A01
201200002814;0;30;0;0;0;1;19;A01
201200002814;0;7;0;0;0;2;0;B02
201200002815;0;7;0;0;2;1;1;A01
201200002815;0;7;0;0;2;3;1;B02
201200002816;0;31;0;0;2;1;13;A01
201200002816;0;7;0;0;2;2;1;B02
201200002817;0;7;0;0;2;8;1;A01
201200002817;0;2;0;0;2;1;19;B02
201200002818;0;7;0;8;0;3;13;A01
201200002819;0;33;0;0;2;1;0;B02
201200002819;0;7;0;0;2;1;15;A01
201200002820;0;33;0;0;0;0;1;A01
201200002821;0;7;0;13;0;1;13;A01
201200002822;0;17;0;0;2;3;1;B02
201200002822;0;7;0;0;2;1;1;C03
201200002822;0;14;0;0;2;3;1;A01
201200002823;0;7;0;0;2;1;13;A01
201200002823;0;37;0;0;2;1;1;B02
201200002824;0;33;0;0;0;1;1;A01
201200002825;0;7;0;13;0;1;1;A01
201200002826;0;7;0;0;1;1;15;A01
201200002827;0;7;0;0;2;5;1;B02
201200002827;0;30;0;0;2;9;19;A01
201200002828;0;7;0;6;0;1;1;A01
201200002829;0;30;0;0;2;1;2;A01
201200002829;0;7;0;0;2;5;2;B02
201200002830;0;7;0;0;0;1;1;A01
201200002831;0;14;0;0;2;3;13;A01
201200002831;0;17;0;0;2;3;1;B02
201200002832;0;7;0;0;2;1;13;A01
201200002832;0;7;0;0;2;1;1;B02
201200002833;0;7;0;8;0;1;1;A01
201200002834;0;10;0;0;2;5;6;A01
201200002834;0;10;0;0;2;1;1;B02
201200002835;0;7;0;0;2;1;1;A01
201200002835;0;30;0;0;2;8;1;B02
201200002836;0;10;0;0;2;1;13;A01
201200002836;0;7;0;0;2;1;13;B02
201200002837;0;10;0;0;1;4;4;A01
201200002838;0;31;0;2;0;1;1;A01
201200002839;0;7;0;0;1;5;4;A01
201200002840;0;30;0;0;2;1;13;A01
201200002840;0;7;0;0;2;3;1;B02
201200002841;0;10;0;0;2;3;1;B02
201200002841;0;7;0;0;2;3;17;A01
201200002841;0;15;0;0;2;8;1;C03
201200002842;0;7;0;0;2;3;21;B02
201200002842;0;38;0;0;2;3;21;A01
201200002843;0;7;0;0;2;3;13;A01
201200002843;0;7;0;0;2;7;1;B02
201200002843;0;14;0;0;2;3;1;C03
201200002844;0;7;0;6;0;1;1;A01
201200002845;0;2;0;0;2;1;1;A01
201200002845;0;7;0;0;2;5;15;B02
201200002846;0;7;0;0;2;2;19;A01
201200002846;0;7;0;0;2;1;1;B02
201200002847;0;7;0;0;2;1;1;A01
201200002847;0;7;0;0;2;1;1;B02
201200002848;0;7;0;0;2;1;13;A01
201200002848;0;14;0;0;2;1;1;B02
201200002849;0;7;0;0;0;3;13;A01
201200002849;0;7;0;0;0;3;1;B02
201200002850;0;7;0;0;1;1;1;A01
201200002851;0;7;0;0;2;3;1;B02
201200002851;0;7;0;0;2;3;13;A01
201200002852;0;7;0;13;0;1;1;A01
201200002853;0;7;0;13;0;9;1;A01
201200002854;0;17;0;8;0;1;1;A01
201200002855;0;30;0;0;0;8;1;A01
201200002856;0;7;0;0;2;1;1;A01
201200002856;0;7;0;0;2;8;1;B02
201200002857;0;7;0;0;2;2;13;A01
201200002857;0;7;0;0;2;2;1;B02
201200002858;0;7;0;2;0;1;17;A01
201200002859;0;7;0;2;0;7;1;A01
201200002860;0;33;0;0;2;1;1;A01
201200002860;0;7;0;0;2;6;15;B02
201200002861;0;30;0;0;0;7;1;A01
201200002862;0;10;0;10;2;6;1;B02
201200002862;0;7;0;0;2;1;1;A01
201200002863;0;33;0;0;2;1;1;B02
201200002863;0;7;0;0;2;1;17;A01
201200002864;0;31;0;0;2;1;19;B02
201200002864;0;33;0;0;2;2;1;A01
201200002865;0;7;0;0;2;6;1;A01
201200002865;0;33;0;0;2;1;1;B02
201200002866;0;7;0;13;0;1;1;A01
201200002867;0;2;0;0;2;8;10;A01
201200002867;0;7;0;0;2;5;1;B02
201200002868;0;1;0;0;2;1;11;A01
201200002868;0;10;0;0;2;2;1;B02
201200002869;0;33;0;0;0;1;1;A01
201200002870;0;10;0;11;0;1;1;A01
201200002871;0;2;0;0;2;1;18;A01
201200002871;0;7;0;0;2;2;16;B02
201200002872;0;10;0;13;0;2;1;A01
201200002873;0;33;0;13;0;0;1;A01
201200002874;0;3;0;0;1;2;1;A01
201200002875;0;7;0;0;0;8;1;A01
201200002875;0;7;0;0;0;3;1;B02
201200002876;0;7;0;2;0;3;1;A01
201200002877;0;7;0;13;0;1;1;A01
201200002878;0;7;0;2;0;1;21;A01
201200002879;0;10;0;0;2;3;1;B02
201200002879;0;7;0;0;2;8;9;A01
201200002880;0;7;0;0;2;3;1;A01
201200002880;0;2;0;0;2;3;11;B02
201200002881;0;7;0;2;0;1;14;A01
201200002882;0;10;0;2;0;1;13;A01
201200002883;0;7;0;0;2;1;13;A01
201200002883;0;7;0;0;2;1;1;B02
201200002884;0;33;0;0;2;1;17;B02
201200002884;0;7;0;0;2;6;17;A01
201200002885;0;7;0;0;2;2;1;B02
201200002885;0;30;0;0;2;1;9;A01
201200002886;0;1;0;0;2;1;1;C03
201200002886;0;7;0;0;2;3;1;A01
201200002886;0;1;0;0;2;1;1;B02
201200002887;0;7;0;4;0;9;1;A01
201200002888;0;7;0;2;0;8;1;A01
201200002889;0;7;0;0;2;5;15;A01
201200002889;0;2;0;0;2;1;1;B02
201200002890;0;7;0;2;0;8;1;A01
201200002891;0;10;0;0;6;1;1;A01
201200002892;0;7;0;0;0;5;1;A01
201200002893;0;7;0;13;0;1;13;A01
201200002894;0;7;0;13;0;9;14;A01
201200002895;0;7;0;0;1;2;1;A01
201200002896;0;7;0;0;2;1;13;A01
201200002896;0;7;0;0;2;3;1;B02
201200002897;0;10;0;0;2;1;13;A01
201200002897;0;7;0;0;2;1;1;B02
201200002898;0;14;0;0;2;2;17;A01
201200002898;0;7;0;0;2;8;15;B02
201200002899;0;7;0;16;0;9;13;A01
201200002900;0;7;0;13;0;1;14;A01
201200002901;0;10;0;0;2;1;15;A01
201200002901;0;2;0;0;2;1;1;B02
201200002902;0;30;0;15;0;0;21;A01
201200002902;1;7;0;;;;;B02
201200002903;0;33;0;0;2;1;2;A01
201200002903;0;7;0;0;0;6;1;B02
201200002904;0;38;6;0;2;6;4;A01
201200002904;0;33;0;0;2;7;13;B02
201200002905;0;14;0;0;0;2;13;A01
201200002906;0;7;0;0;2;1;15;A01
201200002906;0;2;0;0;0;8;1;B02
201200002907;0;7;0;0;2;1;1;B02
201200002907;0;7;0;0;2;2;15;A01
201200002908;0;30;0;0;2;1;13;A01
201200002908;0;7;0;0;2;2;1;B02
201200002909;0;33;0;0;6;1;1;A01
201200002910;0;7;0;2;0;1;14;A01
201200002911;0;10;0;0;2;3;9;B02
201200002911;0;33;0;0;2;1;9;A01
201200002912;0;10;0;0;2;2;1;A01
201200002912;0;20;0;0;0;6;23;B02
201200002913;0;7;0;2;0;8;13;A01
201200002914;0;7;0;0;2;3;13;A01
201200002914;0;7;0;0;2;3;1;B02
201200002915;0;7;0;0;2;3;16;A01
201200002915;0;7;0;0;2;2;1;B02
201200002916;0;7;0;13;0;9;14;A01
201200002917;0;7;0;0;2;3;1;B02
201200002917;0;1;0;0;2;8;19;A01
201200002918;0;7;0;0;0;8;19;A01
201200002918;0;7;0;0;2;1;1;B02
201200002919;0;7;0;13;0;3;1;A01
201200002920;0;7;0;0;0;0;15;A01
201200002920;0;33;0;13;0;0;17;B02
201200002921;0;33;0;3;0;8;1;A01
201200002922;0;7;0;13;2;3;14;A01
201200002923;0;7;0;2;2;6;17;A01
201200002923;0;7;0;0;2;1;1;B02
201200002924;0;7;0;2;0;1;14;A01
201200002925;0;7;0;0;2;1;13;A01
201200002925;0;7;0;0;2;1;1;B02
201200002926;0;33;0;13;0;0;1;A01
201200002927;0;7;0;1;1;6;13;A01
201200002928;0;7;0;0;2;2;1;A01
201200002928;0;2;0;0;2;1;1;B02
201200002929;0;33;0;14;0;7;14;A01
201200002930;0;7;0;0;2;1;1;A01
201200002930;0;7;0;8;2;2;15;B02
201200002931;0;7;0;0;2;3;19;B02
201200002931;0;7;0;0;2;3;1;A01
201200002932;0;17;0;0;2;8;1;A01
201200002932;0;7;0;0;2;8;1;B02
201200002933;0;7;0;0;1;3;1;A01
201200002934;0;17;0;0;2;6;4;A01
201200002934;0;7;0;0;2;1;1;B02
201200002935;0;1;0;12;0;1;1;A01
201200002936;0;33;0;0;2;3;2;A01
201200002936;0;7;0;0;2;5;2;B02
201200002937;0;33;0;0;2;1;6;A01
201200002937;0;7;0;0;2;1;1;B02
201200002938;0;7;0;0;2;1;15;A01
201200002938;0;2;0;0;2;1;1;B02
201200002939;0;7;0;8;0;2;1;A01
201200002940;0;7;0;0;1;2;1;A01
201200002941;0;10;0;0;2;1;2;A01
201200002941;0;7;0;0;2;4;15;B02
201200002942;0;32;0;0;2;4;1;A01
201200002942;2;7;0;0;2;1;2;B02
201200002943;0;7;0;0;2;1;13;A01
201200002943;0;7;0;0;2;1;1;B02
201200002944;0;33;0;15;0;0;21;A01
201200002944;0;10;0;0;0;0;5;B02
201200002945;0;7;0;0;2;3;13;A01
201200002945;0;7;0;0;2;1;1;B02
201200002946;0;10;0;16;0;7;17;A01
201200002947;0;31;0;1;0;2;1;A01
201200002947;0;7;0;0;2;6;24;B02
201200002948;0;7;0;0;2;1;1;A01
201200002948;0;7;0;0;2;8;1;B02
201200002948;0;7;0;0;2;9;1;C03
201200002948;0;7;0;0;2;1;1;D04
201200002949;0;10;0;13;0;7;1;A01
201200002950;0;7;0;0;0;8;15;B02
201200002950;0;7;0;0;2;1;1;A01
201200002951;0;7;0;13;0;1;0;A01
201200002952;0;33;0;13;0;1;1;A01
201200002953;0;7;0;0;9;7;16;A01
201200002953;0;1;0;0;2;8;1;B02
201200002954;0;7;0;0;2;3;19;A01
201200002954;0;7;0;0;2;1;1;B02
201200002955;0;7;0;0;2;8;13;A01
201200002955;0;34;0;0;2;7;1;B02
201200002956;0;34;0;0;0;2;1;A01
201200002957;0;7;0;0;2;1;2;A01
201200002957;0;7;0;0;2;4;2;B02
201200002957;0;7;0;0;0;4;2;C03
201200002958;0;7;0;0;2;3;1;A01
201200002958;0;17;0;0;2;3;1;B02
201200002959;0;7;0;0;2;5;19;A01
201200002959;0;33;0;0;2;1;1;B02
201200002959;0;7;0;1;9;2;0;C03
201200002960;0;1;0;0;2;6;1;A01
201200002960;0;7;0;0;2;2;16;B02
201200002961;0;2;0;0;2;1;2;A01
201200002961;0;10;0;0;2;4;2;B02
201200002962;0;7;0;0;2;2;16;A01
201200002962;0;1;0;0;2;1;1;B02
201200002963;0;7;0;0;2;7;15;A01
201200002963;0;2;0;0;2;1;1;B02
201200002964;0;20;0;0;1;3;1;A01
201200002965;0;3;0;0;2;3;13;A01
201200002965;0;14;0;0;2;3;0;B02
201200002966;0;7;0;0;2;2;1;A01
201200002966;0;10;0;0;2;3;1;B02
201200002967;0;7;0;0;2;8;15;A01
201200002967;0;33;0;0;2;1;17;B02
201200002968;0;7;0;13;0;1;13;A01
201200002969;0;21;0;0;2;7;17;A01
201200002969;0;1;0;0;2;4;1;B02
201200002969;0;1;0;0;2;6;2;C03
201200002970;0;7;0;0;0;8;1;B02
201200002970;0;30;0;0;2;1;1;A01
201200002971;0;15;0;0;0;0;1;A01
201200002971;0;30;0;0;9;0;1;B02
201200002972;0;30;0;13;0;2;1;A01
201200002973;0;2;0;0;2;1;1;A01
201200002973;0;7;0;0;2;2;1;B02
201200002974;0;30;0;0;2;1;19;A01
201200002974;0;7;0;0;2;5;1;B02
201200002975;0;7;0;0;2;1;13;A01
201200002975;0;7;0;0;2;1;1;B02
201200002976;0;7;0;2;0;1;14;A01
201200002977;0;7;0;2;6;1;21;A01
201200002978;0;7;0;0;2;1;13;A01
201200002978;0;15;0;0;2;1;1;B02
201200002979;0;7;0;0;2;1;13;A01
201200002979;0;7;0;0;2;1;1;B02
201200002980;0;7;0;0;9;7;17;A01
201200002980;0;1;0;0;2;8;1;B02
201200002981;0;7;0;13;0;1;1;A01
201200002982;0;36;0;0;2;8;1;A01
201200002982;0;33;0;0;2;1;1;B02
201200002983;0;7;0;0;2;3;13;A01
201200002983;0;10;0;0;2;3;1;B02
201200002984;0;7;0;1;2;3;17;A01
201200002984;0;7;0;0;2;3;23;B02
201200002984;0;10;0;2;2;3;1;C03
201200002985;0;15;0;0;2;8;20;A01
201200002985;0;2;0;0;2;1;1;B02
201200002986;0;7;0;0;1;3;1;A01
201200002987;0;31;0;0;2;2;17;A01
201200002987;0;2;0;0;2;6;15;B02
201200002988;0;30;0;0;0;1;1;A01
201200002989;0;7;0;8;0;1;1;A01
201200002990;0;7;0;0;2;3;15;A01
201200002990;0;33;0;0;2;1;1;B02
201200002991;0;7;0;0;2;7;1;B02
201200002991;0;30;0;0;2;1;19;A01
201200002992;0;10;0;0;2;1;1;B02
201200002992;0;7;0;0;2;8;9;A01
201200002993;0;15;0;0;2;5;24;A01
201200002993;0;10;0;1;0;7;17;B02
201200002994;0;30;0;0;0;9;14;A01
201200002995;0;7;0;0;1;6;20;A01
201200002996;0;7;0;9;2;3;13;A01
201200002996;0;7;0;0;2;6;1;B02
201200002996;0;7;0;0;2;1;1;C03
201200002996;0;7;0;0;2;3;21;D04
201200002997;0;7;0;0;2;1;2;A01
201200002997;0;2;0;0;2;4;1;B02
201200002998;0;7;0;0;2;2;1;A01
201200002998;0;30;0;0;0;4;1;B02
201200002999;0;7;0;0;1;1;1;A01
201200003000;0;14;0;0;0;0;0;A01
201200003000;0;21;0;0;0;0;0;B02
201200003001;0;33;0;0;2;1;17;A01
201200003001;0;7;0;0;2;8;15;B02
201200003002;0;30;0;0;2;3;13;A01
201200003002;0;7;0;0;2;3;1;B02
201200003003;0;7;0;0;2;8;13;A01
201200003003;0;15;0;0;2;3;1;B02
201200003004;0;30;0;0;0;8;1;A01
201200003005;0;7;0;0;1;2;1;A01
201200003006;0;7;0;2;0;1;14;A01
201200003007;0;7;0;0;2;3;19;A01
201200003007;0;15;0;0;2;1;1;B02
201200003008;0;7;0;0;2;3;1;B02
201200003008;0;33;0;0;2;1;13;A01
201200003009;0;7;0;16;6;9;1;A01