num_acc;senc;catv;occutc;obs;obsm;choc;manv;num_veh
201200003010;0;33;0;0;2;1;17;A01
201200003010;0;7;0;0;0;6;15;B02
201200003011;0;33;0;0;2;3;1;A01
201200003011;0;7;0;0;2;3;16;B02
201200003012;0;7;0;13;2;3;17;A01
201200003012;0;2;0;0;2;1;1;B02
201200003013;0;7;0;13;0;1;0;A01
201200003014;0;7;0;0;2;7;19;A01
201200003014;0;7;0;0;2;1;1;B02
201200003015;0;7;0;0;2;6;15;A01
201200003015;0;15;0;0;2;3;1;B02
201200003016;0;7;0;0;2;1;19;A01
201200003016;0;7;0;0;2;8;1;B02
201200003017;0;7;0;8;0;1;2;A01
201200003018;0;7;0;0;2;2;1;B02
201200003018;0;10;0;0;2;3;19;A01
201200003019;0;10;0;0;1;4;20;A01
201200003020;0;7;0;13;0;3;13;A01
201200003021;0;7;0;13;0;1;1;A01
201200003022;0;7;0;0;5;1;1;A01
201200003022;0;7;0;0;2;1;1;B02
201200003023;0;7;0;0;2;1;2;A01
201200003023;0;7;0;0;2;4;2;B02
201200003024;0;7;0;0;2;2;15;A01
201200003024;0;32;0;0;2;1;1;B02
201200003025;0;1;0;0;0;0;2;A01
201200003025;0;7;0;0;0;4;1;C03
201200003025;0;7;0;0;9;1;6;B02
201200003026;0;7;0;2;0;1;14;A01
201200003027;0;33;0;4;0;1;1;A01
201200003028;0;7;0;0;2;2;1;B02
201200003028;0;7;0;0;2;2;15;A01
201200003029;0;7;0;0;2;3;13;A01
201200003029;0;2;0;0;2;1;0;B02
201200003030;0;7;0;1;0;2;1;A01
201200003030;0;7;0;0;2;2;24;B02
201200003031;0;33;0;6;0;3;13;A01
201200003032;0;7;0;8;0;1;13;A01
201200003033;0;1;0;0;2;8;13;B02
201200003033;0;10;0;0;2;7;17;A01
201200003034;0;7;0;6;0;1;1;A01
201200003035;0;7;0;15;1;3;13;A01
201200003036;0;7;0;2;0;1;1;A01
201200003037;0;7;0;0;2;2;23;B02
201200003037;0;7;0;1;0;3;13;A01
201200003038;0;7;0;0;0;4;1;A01
201200003038;0;10;0;0;0;1;2;B02
201200003039;0;7;0;0;2;3;13;A01
201200003039;0;7;0;0;2;3;13;B02
201200003040;0;7;0;0;0;9;14;A01
201200003041;0;7;0;2;0;7;1;A01
201200003042;0;2;0;0;2;3;13;B02
201200003042;0;7;0;10;2;3;1;A01
201200003043;0;7;0;12;0;9;1;A01
201200003044;0;7;0;0;0;1;1;A01
201200003045;0;33;0;0;2;1;17;B02
201200003045;0;7;0;0;2;8;15;A01
201200003046;0;7;0;2;0;2;1;A01
201200003047;0;33;0;0;0;8;1;A01
201200003048;0;7;0;2;0;6;17;A01
201200003049;0;7;0;0;2;1;1;B02
201200003049;0;7;0;0;2;1;13;A01
201200003050;0;10;0;0;2;1;14;A01
201200003050;0;1;0;0;2;4;1;B02
201200003051;0;33;0;0;5;1;1;A01
201200003052;0;7;0;2;0;3;1;A01
201200003053;0;7;0;0;2;1;13;A01
201200003053;0;17;0;0;2;1;1;B02
201200003054;0;7;0;0;0;6;16;B02
201200003054;0;30;0;12;2;1;2;A01
201200003055;0;7;0;8;0;3;11;A01
201200003056;0;7;0;0;0;3;13;A01
201200003056;0;14;0;0;2;3;1;B02
201200003057;0;7;0;2;0;9;1;A01
201200003058;0;10;0;0;0;6;15;B02
201200003058;0;33;0;0;2;1;17;A01
201200003059;0;1;0;0;2;1;1;B02
201200003059;0;7;0;0;2;7;19;A01
201200003060;0;33;0;0;2;7;1;B02
201200003060;0;7;0;1;2;1;15;A01
201200003061;0;33;0;0;2;1;1;A01
201200003061;0;7;0;0;2;8;15;B02
201200003062;0;33;0;0;2;1;9;A01
201200003062;0;7;0;0;2;7;15;B02
201200003063;0;7;0;0;2;8;13;A01
201200003063;0;15;0;0;0;3;1;C03
201200003063;0;10;0;0;0;8;1;B02
201200003064;0;7;0;0;0;8;13;A01
201200003065;0;7;0;13;0;2;1;A01
201200003066;0;1;0;0;2;4;1;B02
201200003066;0;10;0;0;2;2;17;A01
201200003067;0;30;0;8;0;1;1;A01
201200003068;0;2;0;0;2;3;1;B02
201200003068;0;7;0;0;2;3;15;A01
201200003069;0;7;0;2;0;7;13;A01
201200003070;0;7;0;0;2;3;1;B02
201200003070;0;7;0;0;0;3;13;A01
201200003071;0;33;0;0;2;7;17;B02
201200003071;0;10;0;0;2;8;15;A01
201200003072;0;7;0;0;2;8;1;A01
201200003072;0;7;0;0;2;1;1;B02
201200003073;0;7;0;6;0;2;13;A01
201200003074;0;31;0;0;2;1;1;B02
201200003074;0;10;0;0;2;3;15;A01
201200003075;0;31;0;0;2;1;1;B02
201200003075;0;21;0;0;0;7;16;A01
201200003076;0;7;0;0;1;1;1;A01
201200003077;0;7;0;0;0;8;2;B02
201200003077;0;7;0;0;0;5;23;C03
201200003077;0;36;0;1;2;3;13;A01
201200003078;0;7;0;13;0;3;19;A01
201200003079;0;7;0;0;2;1;1;A01
201200003079;0;10;0;0;2;3;1;B02
201200003080;0;7;0;0;0;1;1;A01
201200003081;0;7;0;2;0;1;14;A01
201200003082;0;7;0;0;2;1;1;B02
201200003082;0;7;0;0;2;2;1;A01
201200003083;0;30;0;0;2;6;11;B02
201200003083;0;7;0;0;2;1;17;A01
201200003084;0;7;0;6;0;9;13;A01
201200003085;0;7;0;13;0;1;1;A01
201200003086;0;10;0;13;0;9;1;A01
201200003087;0;7;0;0;2;1;1;B02
201200003087;0;7;0;0;2;8;1;A01
201200003088;0;7;0;8;0;8;1;A01
201200003089;0;30;0;0;2;7;1;B02
201200003089;0;7;0;0;2;1;19;A01
201200003090;0;33;0;0;1;1;1;A01
201200003091;0;7;0;16;0;2;9;A01
201200003091;0;14;0;0;2;3;1;B02
201200003092;0;7;0;0;2;2;1;A01
201200003092;0;33;0;0;2;3;1;B02
201200003093;0;7;0;2;0;1;1;A01
201200003094;0;7;0;0;0;0;1;A01
201200003095;0;7;0;0;2;1;1;B02
201200003095;0;7;0;0;2;8;15;A01
201200003096;0;7;0;0;2;1;1;B02
201200003096;0;7;0;0;2;1;13;A01
201200003097;0;7;0;0;0;3;15;A01
201200003097;0;1;0;0;0;8;1;B02
201200003098;0;10;0;0;2;1;1;B02
201200003098;0;10;0;0;2;7;1;A01
201200003099;0;7;0;2;0;5;1;A01
201200003100;0;2;0;0;2;4;2;B02
201200003100;0;7;0;0;2;2;2;A01
201200003101;0;7;0;0;2;3;1;C03
201200003101;0;7;0;0;2;1;1;A01
201200003101;0;14;0;0;2;8;1;B02
201200003102;0;7;0;0;2;1;1;B02
201200003102;0;7;0;0;2;3;15;A01
201200003103;0;7;0;0;2;3;13;A01
201200003103;0;7;0;0;2;3;1;B02
201200003104;0;7;0;0;2;7;15;A01
201200003104;0;7;0;0;2;3;1;B02
201200003105;0;1;0;0;2;1;19;B02
201200003105;0;7;0;0;2;2;1;A01
201200003106;0;7;0;0;2;5;13;A01
201200003106;0;7;0;0;2;1;1;B02
201200003107;0;7;0;16;0;1;1;A01
201200003108;0;7;0;0;2;3;1;B02
201200003108;0;7;0;0;2;8;15;A01
201200003109;0;33;0;13;0;1;14;A01
201200003110;0;7;0;13;0;9;1;A01
201200003111;0;21;0;0;2;3;16;A01
201200003111;0;10;0;0;2;2;1;B02
201200003112;0;7;0;0;2;1;21;A01
201200003112;0;21;0;0;2;3;21;B02
201200003113;0;7;0;0;2;7;17;A01
201200003113;0;1;0;0;2;8;1;B02
201200003114;0;7;0;0;2;2;1;B02
201200003114;0;7;0;0;2;3;15;A01
201200003115;0;7;0;0;0;6;15;B02
201200003115;0;33;0;0;2;1;17;A01
201200003116;0;7;0;0;2;2;1;A01
201200003116;0;1;0;0;0;4;1;B02
201200003117;0;7;0;0;2;3;9;A01
201200003117;0;33;0;0;2;1;2;B02
201200003118;0;7;0;13;2;1;17;A01
201200003118;0;7;0;0;2;6;1;B02
201200003119;0;7;0;0;2;1;1;B02
201200003119;0;7;0;0;2;7;13;A01
201200003120;0;7;0;0;2;2;15;A01
201200003120;0;2;0;0;2;7;1;B02
201200003121;0;7;0;0;2;1;1;B02
201200003121;0;10;0;0;2;3;15;A01
201200003122;0;10;0;0;2;1;21;B02
201200003122;0;7;0;0;2;1;13;A01
201200003123;0;7;0;0;0;8;9;A01
201200003123;0;33;0;0;0;1;1;B02
201200003124;0;7;0;0;2;1;1;A01
201200003124;0;7;0;0;2;5;19;B02
201200003125;0;7;0;0;2;1;13;A01
201200003125;0;7;0;0;2;1;1;B02
201200003126;0;32;0;0;0;0;1;A01
201200003126;0;17;0;0;0;0;17;B02
201200003127;0;33;0;0;2;8;1;B02
201200003127;0;10;0;0;2;3;1;A01
201200003128;0;33;0;8;0;1;13;A01
201200003129;0;7;0;2;0;9;1;A01
201200003130;0;31;0;0;2;3;13;A01
201200003130;0;30;0;0;2;3;1;B02
201200003131;0;2;0;5;0;8;16;A01
201200003132;0;7;0;0;2;3;13;A01
201200003132;0;7;0;0;2;1;1;B02
201200003133;0;33;0;0;0;1;1;A01
201200003134;0;33;0;7;0;2;1;A01
201200003135;0;7;0;0;2;3;13;A01
201200003135;0;7;0;0;2;3;1;B02
201200003136;0;7;0;2;0;9;1;A01
201200003137;0;17;0;0;2;2;1;A01
201200003137;0;7;0;0;2;3;16;B02
201200003138;0;7;0;6;0;1;1;A01
201200003139;0;7;0;0;2;2;17;A01
201200003139;0;7;0;0;2;8;15;B02
201200003140;0;7;0;13;0;1;1;A01
201200003141;0;17;0;0;2;3;1;A01
201200003141;0;7;0;0;2;2;19;B02
201200003142;0;7;0;0;2;3;9;B02
201200003142;0;31;0;0;2;1;1;A01
201200003143;0;10;0;13;0;1;13;A01
201200003144;0;7;0;6;0;1;13;A01
201200003145;0;7;0;6;0;1;1;A01
201200003146;0;1;0;0;2;1;1;A01
201200003146;0;21;0;0;9;3;16;B02
201200003147;0;33;0;0;2;1;1;A01
201200003147;0;7;0;0;2;1;1;B02
201200003148;0;10;0;0;2;1;1;B02
201200003148;0;7;0;0;2;7;13;A01
201200003149;0;7;0;0;2;1;1;B02
201200003149;0;7;0;0;2;2;15;A01
201200003150;0;1;0;0;2;4;1;B02
201200003150;0;7;0;0;9;1;1;A01
201200003151;0;33;0;0;0;8;1;A01
201200003152;0;7;0;0;2;7;15;B02
201200003152;0;7;0;0;2;1;1;A01
201200003153;0;7;0;0;0;9;1;A01
201200003154;0;14;0;0;2;3;15;B02
201200003154;0;2;0;0;2;1;1;A01
201200003154;0;7;0;0;2;1;1;C03
201200003155;0;33;0;16;0;0;1;A01
201200003156;0;31;0;0;0;0;1;A01
201200003157;0;30;0;0;0;6;1;A01
201200003158;0;2;0;0;2;3;1;B02
201200003158;0;2;0;0;2;2;1;A01
201200003159;0;7;0;13;0;1;1;A01
201200003160;0;33;0;6;0;1;1;A01
201200003161;1;7;0;0;1;3;1;A01
201200003162;0;33;0;0;0;2;1;A01
201200003163;0;31;0;0;0;0;21;A01
201200003164;0;30;0;0;2;1;2;A01
201200003164;0;7;0;0;2;5;15;B02
201200003165;0;33;0;0;2;1;1;A01
201200003165;0;7;0;0;2;3;15;B02
201200003166;0;30;0;0;6;1;2;A01
201200003167;0;7;0;0;2;3;1;B02
201200003167;0;10;0;5;2;3;13;A01
201200003168;0;7;0;0;0;3;1;A01
201200003169;0;10;0;0;2;1;1;B02
201200003169;0;7;0;0;2;7;13;A01
201200003170;0;10;0;0;2;3;15;B02
201200003170;0;33;0;0;2;1;17;A01
201200003171;0;31;0;0;2;2;17;B02
201200003171;0;7;0;0;2;3;15;A01
201200003172;0;2;0;0;2;7;1;B02
201200003172;0;10;0;0;2;4;4;A01
201200003173;0;7;0;13;0;0;1;A01
201200003174;0;7;0;13;0;9;13;A01
201200003175;0;33;0;0;0;0;14;A01
201200003176;0;7;0;0;2;7;1;A01
201200003176;0;7;0;0;2;1;19;B02
201200003177;0;7;0;2;0;1;1;A01
201200003178;0;7;0;0;2;6;13;A01
201200003178;0;7;0;0;2;3;1;B02
201200003179;0;7;0;0;0;3;13;A01
201200003179;0;33;0;0;0;1;17;B02
201200003180;0;7;0;0;2;1;1;B02
201200003180;0;7;0;3;2;1;1;A01
201200003181;0;10;0;0;2;3;1;B02
201200003181;0;33;0;0;2;1;1;A01
201200003182;0;2;0;0;2;3;1;B02
201200003182;0;7;0;0;2;3;13;A01
201200003183;0;7;0;0;2;3;13;A01
201200003183;0;7;0;0;2;3;1;B02
201200003184;0;1;0;0;0;7;1;A01
201200003185;0;7;0;8;0;1;14;A01
201200003186;0;2;0;0;2;1;1;B02
201200003186;0;7;0;0;2;7;10;A01
201200003187;0;1;0;0;2;1;1;B02
201200003187;0;7;0;0;2;1;17;A01
201200003188;0;33;0;0;2;8;10;A01
201200003188;0;7;0;0;2;7;21;B02
201200003189;0;17;0;13;0;3;13;A01
201200003190;0;31;0;0;0;8;1;A01
201200003191;0;1;0;0;9;1;2;A01
201200003192;0;7;0;0;2;3;15;B02
201200003192;0;1;0;0;2;1;1;A01
201200003193;0;7;0;8;0;3;1;A01
201200003194;0;14;0;0;0;0;13;A01
201200003194;0;7;0;2;0;7;17;B02
201200003195;0;7;0;2;0;5;14;A01
201200003196;0;30;0;0;2;1;1;B02
201200003196;0;7;0;0;2;5;15;A01
201200003197;0;33;0;4;0;1;1;A01
201200003198;0;33;0;0;2;1;17;A01
201200003198;0;7;0;14;0;1;1;B02
201200003198;0;7;0;0;2;3;1;C03
201200003199;0;30;0;8;0;2;14;A01
201200003200;0;2;0;0;2;1;1;A01
201200003200;0;7;0;0;0;2;19;B02
201200003201;0;7;0;0;2;1;1;B02
201200003201;0;7;0;0;2;1;1;A01
201200003202;0;7;0;0;2;2;15;A01
201200003202;0;33;0;0;2;1;1;B02
201200003203;0;7;0;0;2;6;1;A01
201200003203;0;7;0;0;2;3;1;B02
201200003204;0;7;0;8;0;8;1;A01
201200003205;0;7;0;0;0;1;1;B02
201200003205;0;7;0;0;0;1;13;A01
201200003206;0;30;0;14;0;1;1;A01
201200003207;0;7;0;0;1;1;1;A01
201200003208;0;30;0;0;2;1;1;B02
201200003208;0;7;0;0;2;2;10;A01
201200003209;0;7;0;0;0;1;1;A01
201200003209;0;7;0;0;0;2;13;B02
201200003210;0;7;0;6;0;1;14;A01
201200003211;0;7;0;0;2;1;1;B02
201200003211;0;2;0;0;2;7;19;A01
201200003212;0;1;0;0;2;7;1;B02
201200003212;0;7;0;0;9;3;9;A01
201200003213;0;21;0;0;0;6;2;A01
201200003213;0;7;0;0;2;2;2;B02
201200003214;0;1;0;0;9;0;0;A01
201200003215;0;10;0;0;0;9;14;A01
201200003216;0;7;0;10;0;8;1;A01
201200003217;0;7;0;0;2;1;1;A01
201200003217;0;7;0;0;0;3;15;B02
201200003218;0;7;0;0;1;1;19;A01
201200003219;0;10;0;0;1;2;19;A01
201200003220;0;7;0;0;0;4;2;B02
201200003220;0;33;0;0;2;1;2;A01
201200003221;0;7;0;2;0;1;1;A01
201200003222;0;7;0;0;2;7;1;A01
201200003222;0;7;0;0;2;1;1;B02
201200003223;0;7;0;0;0;8;15;B02
201200003223;0;33;0;0;2;2;17;A01
201200003224;0;7;0;0;0;9;1;A01
201200003225;0;7;0;0;2;1;1;B02
201200003225;0;2;0;0;2;8;15;A01
201200003226;0;7;0;0;2;1;1;B02
201200003226;0;7;0;0;2;2;15;A01
201200003227;0;7;0;13;0;1;0;A01
201200003228;0;33;0;0;2;7;1;B02
201200003228;0;7;0;0;2;1;15;A01
201200003229;0;7;0;0;1;3;15;A01
201200003230;0;7;0;0;9;2;1;A01
201200003230;0;1;0;0;2;1;19;B02
201200003231;0;7;0;0;2;1;1;A01
201200003231;0;99;0;0;0;7;19;B02
201200003232;0;33;0;0;0;3;0;A01
201200003233;0;7;0;3;2;8;1;B02
201200003233;0;7;0;8;2;8;1;A01
201200003234;0;7;0;13;0;1;1;A01
201200003235;0;31;0;0;2;1;1;A01
201200003235;0;7;0;0;2;3;1;B02
201200003236;0;7;0;0;2;5;15;A01
201200003236;0;33;0;0;2;1;1;B02
201200003237;0;17;0;0;0;8;1;A01
201200003238;0;7;0;13;0;1;21;A01
201200003239;0;7;0;0;1;1;21;A01
201200003239;0;7;0;0;2;3;1;B02
201200003240;0;7;0;0;1;8;1;A01
201200003241;0;7;0;0;2;3;13;B02
201200003241;0;7;0;0;2;1;1;A01
201200003242;0;33;0;3;0;7;1;A01
201200003243;0;7;0;0;2;1;13;A01
201200003243;0;17;0;0;2;3;1;B02
201200003244;0;7;0;6;0;2;1;A01
201200003245;0;7;0;0;2;3;21;C03
201200003246;0;7;0;13;0;9;19;A01
201200003247;0;7;0;0;2;8;0;A01
201200003247;0;33;0;14;0;1;1;B02
201200003248;0;7;0;0;2;1;1;A02
201200003248;0;7;0;0;2;1;13;B01
201200003249;0;99;0;0;0;2;16;A01
201200003250;0;10;0;0;2;7;1;B02
201200003250;0;10;0;0;2;3;1;A01
201200003251;0;7;0;0;1;2;16;A01
201200003252;0;34;0;0;2;1;21;A01
201200003252;0;7;0;0;2;2;1;B02
201200003253;0;7;0;6;0;1;19;A01
201200003254;0;33;0;0;6;3;1;A01
201200003255;0;7;0;8;6;1;1;A01
201200003256;0;7;0;0;2;3;1;B02
201200003256;0;7;0;0;2;3;13;A01
201200003257;0;7;0;0;2;1;2;A01
201200003257;0;7;0;6;0;4;2;B02
201200003258;0;7;0;0;2;1;0;A01
201200003258;0;7;0;0;2;5;15;B02
201200003259;0;36;0;0;0;1;1;A01
201200003260;0;7;0;2;0;1;1;A01
201200003261;0;7;0;0;2;5;0;B02
201200003261;0;10;0;0;2;8;1;C03
201200003261;0;7;0;0;2;3;1;A01
201200003261;0;7;0;0;2;1;1;D04
201200003262;0;1;0;0;2;2;16;B02
201200003262;0;7;0;0;9;3;9;A01
201200003263;0;7;0;8;0;1;14;A01
201200003264;0;7;0;0;5;1;1;A01
201200003265;0;21;0;0;0;1;1;A01
201200003265;0;7;0;0;0;2;1;B02
201200003266;1;7;0;0;1;2;1;A01
201200003267;0;33;0;16;0;3;2;A01
201200003268;0;7;0;0;1;3;13;A01
201200003269;0;30;0;0;0;6;1;A01
201200003270;0;33;0;0;0;1;1;B02
201200003270;0;7;0;0;0;3;15;A01
201200003271;0;7;0;0;2;8;1;A01
201200003271;0;33;0;0;2;2;1;B02
201200003272;0;33;0;0;2;7;1;B02
201200003272;0;7;0;0;0;7;1;A01
201200003273;0;1;0;0;2;1;19;A01
201200003273;0;7;0;0;2;3;1;B02
201200003274;0;36;0;13;0;3;15;A01
201200003275;0;7;0;0;2;2;1;A01
201200003275;0;30;0;0;2;3;19;B02
201200003276;0;7;0;2;0;9;1;A01
201200003277;0;7;0;13;0;0;21;A01
201200003278;0;33;0;13;0;1;1;A01
201200003279;0;7;0;0;0;0;15;B02
201200003279;0;2;0;6;0;1;1;A01
201200003280;0;14;0;0;0;2;1;A01
201200003281;0;10;0;0;0;9;1;A01
201200003282;0;7;0;0;2;3;1;B02
201200003282;0;7;0;0;2;3;13;A01
201200003283;0;17;0;0;2;3;15;A01
201200003283;0;33;0;0;2;5;17;B02
201200003284;0;7;0;0;0;1;1;B02
201200003284;0;10;0;0;0;1;1;A01
201200003285;0;2;0;0;2;4;15;B02
201200003285;0;7;0;0;2;1;2;A01
201200003286;0;7;0;15;0;1;1;A01
201200003287;0;10;0;0;2;5;24;B02
201200003287;0;21;0;1;0;1;1;A01
201200003288;0;7;0;0;0;2;1;A01
201200003289;0;2;0;13;0;1;1;A01
201200003290;0;32;0;0;2;1;1;A01
201200003290;0;10;0;0;2;1;15;B02
201200003291;0;7;0;0;0;1;15;A01
201200003291;0;10;0;0;0;1;1;B02
201200003292;0;7;0;13;0;5;1;A01
201200003293;0;10;0;0;2;3;1;B02
201200003293;0;7;0;0;2;3;13;A01
201200003294;0;30;0;1;0;1;1;A01
201200003295;0;7;0;0;2;2;1;A01
201200003295;0;10;0;0;2;3;15;B02
201200003296;0;31;0;0;2;3;2;B02
201200003296;0;31;0;0;0;5;2;A01
201200003297;0;7;0;16;0;9;1;A01
201200003298;0;7;0;6;0;3;13;A01
201200003299;0;15;0;0;2;9;1;D04
201200003299;0;10;0;0;2;6;2;B02
201200003299;0;7;0;0;0;0;23;A01
201200003299;0;7;0;0;2;3;2;F06
201200003299;0;15;0;0;2;1;21;C03
201200003299;0;7;0;0;0;0;2;G07
201200003299;0;7;0;0;2;1;2;E05
201200003300;0;7;0;0;0;0;13;A01
201200003301;0;7;0;6;0;2;5;A01
201200003302;0;30;0;6;0;1;0;A01
201200003303;0;7;0;0;2;3;0;A01
201200003303;0;7;0;0;2;3;0;B02
201200003304;0;7;0;13;0;1;1;A01
201200003305;0;2;0;15;0;1;1;A01
201200003306;0;7;0;13;0;2;1;A01
201200003307;0;30;0;0;2;2;15;A01
201200003307;0;7;0;0;2;3;1;B02
201200003308;0;7;0;2;0;7;1;A01
201200003309;0;31;0;2;0;1;1;A01
201200003310;0;7;0;0;0;0;1;A01
201200003311;0;7;0;1;1;1;1;A01
201200003312;0;7;0;0;1;2;14;A01
201200003313;0;33;0;12;0;7;1;A01
201200003314;0;33;0;0;2;1;13;A01
201200003314;0;7;0;0;2;1;15;B02
201200003315;0;21;0;0;2;4;1;B02
201200003315;0;7;0;0;2;1;1;A01
201200003316;0;7;0;0;2;1;19;A01
201200003316;0;7;0;0;2;7;1;B02
201200003317;0;7;0;0;0;2;15;A01
201200003317;0;7;0;0;0;3;1;B02
201200003318;0;7;0;0;2;2;1;A01
201200003318;0;1;0;0;0;4;1;B02
201200003319;0;7;0;8;0;3;1;A01
201200003320;0;17;0;13;0;7;1;A01
201200003321;0;7;0;0;1;2;1;A01
201200003322;0;33;0;13;0;1;21;A01
201200003322;0;7;0;0;0;0;4;B02
201200003323;0;31;0;0;5;1;1;A01
201200003324;0;7;0;0;2;2;15;B02
201200003324;0;30;0;0;2;1;1;A01
201200003325;0;7;0;0;2;3;1;A01
201200003325;0;7;0;0;2;1;1;B02
201200003326;0;7;0;0;2;7;13;A01
201200003326;0;7;0;0;2;3;1;B02
201200003327;0;7;0;6;0;1;1;A01
201200003328;0;7;0;0;2;3;1;A01
201200003328;0;7;0;0;2;3;1;B02
201200003329;0;7;0;3;6;1;1;A01
201200003330;0;10;0;2;0;7;21;A01
201200003331;0;7;0;13;0;9;1;A01
201200003332;0;7;0;0;1;1;1;A01
201200003333;0;7;0;3;0;2;14;A01
201200003334;0;7;0;0;2;1;19;A01
201200003334;0;7;0;0;2;7;1;B02
201200003334;0;7;0;0;2;1;1;C03
201200003335;0;2;0;0;1;7;1;A01
201200003336;0;13;0;13;0;8;1;A01
201200003337;0;10;0;8;0;1;13;A01
201200003338;0;14;0;0;1;4;4;A01
201200003339;0;7;0;0;2;1;13;A01
201200003339;0;10;0;0;2;1;1;B02
201200003340;0;7;0;15;0;8;1;A01
201200003341;0;7;0;0;2;1;13;A01
201200003341;0;7;0;0;2;1;1;B02
201200003342;0;10;0;0;2;1;15;A01
201200003342;0;7;0;0;2;9;2;B02
201200003342;0;7;0;0;2;1;1;C03
201200003343;0;7;0;0;2;1;15;B01
201200003343;0;7;0;0;2;1;1;A01
201200003344;0;30;0;0;2;8;15;A01
201200003344;0;7;0;0;2;7;2;B02
201200003345;0;33;0;13;0;1;13;A01
201200003346;0;2;0;0;2;1;1;B02
201200003346;0;7;0;0;2;2;15;A01
201200003347;0;7;0;6;0;1;14;A01
201200003348;0;7;0;0;2;1;13;A01
201200003348;0;7;0;0;2;1;1;B02
201200003349;0;7;0;13;0;1;14;A01
201200003350;0;7;0;2;0;8;1;A01
201200003351;0;7;0;0;1;1;1;A01
201200003352;0;7;0;1;1;1;2;A01
201200003353;0;31;0;16;0;1;14;A01
201200003354;0;7;0;6;0;3;14;A01
201200003355;0;7;0;8;0;9;1;A01
201200003356;0;7;0;13;0;3;14;A01
201200003357;0;30;0;0;2;1;17;B02
201200003357;2;7;0;0;2;3;15;A01
201200003358;0;17;0;0;2;3;2;A01
201200003358;0;15;0;0;2;2;2;B02
201200003358;0;15;0;0;2;6;2;C03
201200003359;0;7;0;0;2;1;1;B02
201200003359;0;2;0;0;2;5;1;A01
201200003360;0;7;0;0;2;2;17;A01
201200003360;0;1;0;0;2;4;13;B02
201200003361;0;10;0;0;1;5;4;A01
201200003362;0;17;0;3;0;2;1;A01
201200003363;0;7;0;2;0;3;1;A01
201200003364;0;7;0;8;0;8;13;A01
201200003365;0;7;0;0;2;7;13;A01
201200003365;0;7;0;0;2;1;1;B02
201200003366;0;17;0;0;2;6;2;A01
201200003366;0;7;0;0;2;1;1;B02
201200003367;0;7;0;0;2;1;1;A01
201200003367;0;7;0;0;2;3;16;B02
201200003368;0;10;0;13;0;2;1;A01
201200003369;0;7;0;1;0;2;14;A01
201200003370;0;10;0;0;2;1;1;A01
201200003370;0;14;0;0;2;6;20;B02
201200003371;0;17;0;0;2;8;13;A01
201200003371;0;7;0;0;2;7;1;B02
201200003372;0;7;0;0;1;2;1;A01
201200003373;0;10;0;2;0;2;14;A01
201200003374;0;7;0;0;2;1;13;A01
201200003374;0;7;0;0;2;1;1;B02
201200003375;0;33;0;2;0;9;1;A01
201200003376;0;7;0;2;0;1;13;A01
201200003377;0;2;0;6;0;1;13;A01
201200003378;0;7;0;0;1;2;1;A01
201200003379;0;15;0;0;1;2;1;A01
201200003380;0;7;0;8;0;8;14;A01
201200003381;0;7;0;0;1;6;20;A01
201200003382;0;7;0;0;2;1;1;A01
201200003382;0;7;0;0;2;1;1;B02
201200003382;0;7;0;0;2;1;19;C03
201200003383;0;7;0;0;2;1;1;A01
201200003383;0;7;0;0;2;8;19;B02
201200003384;0;7;0;13;0;3;13;A01
201200003385;0;7;0;0;9;2;1;B02
201200003385;0;1;0;0;2;1;15;A01
201200003386;0;14;0;0;2;2;13;A01
201200003386;0;7;0;0;2;1;1;B02
201200003387;0;17;0;0;2;4;1;A01
201200003387;0;10;0;0;2;1;1;B02
201200003388;0;7;0;0;2;1;21;A01
201200003388;0;7;0;0;2;3;19;B02
201200003389;0;7;0;2;0;2;1;A01
201200003390;0;33;0;0;1;1;5;A01
201200003391;0;7;0;2;0;1;1;A01
201200003392;0;7;0;6;0;1;14;A01
201200003393;0;7;0;0;2;3;13;A01
201200003393;0;14;0;0;2;3;21;B02
201200003394;0;7;0;0;2;1;1;A01
201200003394;0;7;0;0;2;2;15;B02
201200003395;0;7;0;2;0;3;1;A01
201200003396;0;7;0;0;2;8;15;A01
201200003396;0;33;0;0;2;2;17;B02
201200003397;0;7;0;0;2;9;21;A01
201200003398;0;7;0;0;1;2;1;A01
201200003399;0;36;0;0;0;1;17;A01
201200003400;0;7;0;13;0;1;14;A01
201200003401;0;7;0;0;1;2;1;A01
201200003402;0;7;0;0;1;1;1;A01
201200003403;0;10;0;13;0;9;1;A01
201200003404;0;7;0;0;2;3;11;A01
201200003404;0;17;0;0;2;3;1;B02
201200003405;0;39;0;0;2;1;1;B02
201200003405;0;7;0;0;4;7;1;A01
201200003406;0;7;0;2;0;8;1;A01
201200003407;0;1;0;0;2;1;19;B02
201200003407;0;7;0;0;9;8;1;A01
201200003408;0;7;0;0;2;3;1;B02
201200003408;0;7;0;0;2;3;13;A01
201200003409;0;31;0;10;0;1;1;A01
201200003410;0;30;0;8;0;1;14;A01
201200003411;0;7;0;0;2;3;9;A01
201200003411;0;31;0;0;2;7;2;B02
201200003412;0;7;0;0;2;3;15;A01
201200003412;0;33;0;0;2;1;17;B02
201200003413;0;33;0;0;2;1;2;C03
201200003413;0;33;0;0;2;4;2;A01