num_acc;senc;catv;occutc;obs;obsm;choc;manv;num_veh
201200003801;0;7;0;0;2;1;1;B02
201200003801;0;2;0;0;2;0;1;A01
201200003802;0;10;0;0;0;4;15;A01
201200003802;0;30;0;0;0;1;0;B02
201200003803;0;7;0;0;2;8;1;B02
201200003803;0;7;0;0;2;1;1;C03
201200003803;0;30;0;0;2;1;13;A01
201200003804;0;33;0;0;2;1;1;A01
201200003804;0;7;0;0;2;8;19;B02
201200003805;0;33;0;0;2;1;1;A01
201200003805;0;7;0;0;2;7;19;B02
201200003806;0;10;0;8;0;2;1;A01
201200003807;0;33;0;11;0;1;1;A01
201200003808;0;10;0;0;2;7;2;A01
201200003808;0;1;0;0;2;8;2;B02
201200003809;0;7;0;0;1;3;1;A01
201200003810;0;10;0;0;1;7;1;A01
201200003811;0;7;0;0;2;7;16;B02
201200003811;0;33;0;0;2;8;1;A01
201200003812;0;10;0;2;0;1;1;A01
201200003813;0;7;0;0;2;1;1;A01
201200003813;0;2;0;0;2;8;19;B02
201200003814;0;7;0;13;0;1;1;A01
201200003815;0;7;0;0;2;3;1;A01
201200003815;0;10;0;0;2;2;1;B02
201200003816;0;7;0;0;2;3;21;A01
201200003816;0;7;0;0;2;3;1;B02
201200003817;0;7;0;0;2;1;1;A01
201200003817;0;7;0;0;2;2;19;B02
201200003818;0;33;0;0;2;1;17;A01
201200003818;0;7;0;0;0;8;15;B02
201200003819;0;7;0;6;0;1;1;A01
201200003820;0;7;0;0;2;7;1;B02
201200003820;0;7;0;0;2;1;1;A01
201200003821;0;7;0;2;0;3;1;A01
201200003822;0;33;0;0;2;7;17;B02
201200003822;0;10;0;0;2;8;17;A01
201200003823;0;31;0;0;0;7;1;B02
201200003823;0;7;0;0;2;1;9;A01
201200003824;0;14;0;8;0;6;1;A01
201200003825;0;7;0;2;0;1;1;A01
201200003826;0;7;0;13;0;1;1;A01
201200003827;0;7;0;13;0;1;1;A01
201200003828;0;7;0;13;0;2;1;A01
201200003829;0;14;0;2;0;1;1;A01
201200003830;0;13;0;0;2;1;1;A01
201200003830;0;7;0;0;2;7;15;B02
201200003831;0;10;0;0;0;4;23;B02
201200003831;0;10;0;0;2;1;2;A01
201200003832;0;1;0;0;0;4;1;B02
201200003832;0;7;0;0;2;2;2;A01
201200003833;0;7;0;0;0;1;13;A01
201200003833;0;7;0;0;0;1;1;B02
201200003834;0;7;0;13;0;1;1;A01
201200003835;0;30;0;0;2;4;1;A01
201200003835;1;7;0;0;2;2;1;B02
201200003836;0;7;0;0;9;2;1;A01
201200003836;0;17;0;0;2;1;19;B02
201200003837;0;2;0;0;1;7;1;A01
201200003838;0;7;0;0;2;4;13;B02
201200003838;0;33;0;0;2;1;1;A01
201200003839;0;33;0;0;2;1;15;B02
201200003839;0;7;0;0;0;6;15;A01
201200003840;0;7;0;12;1;3;13;A01
201200003841;0;7;0;0;2;1;15;B02
201200003841;0;2;0;0;2;7;1;A01
201200003842;0;33;0;0;2;8;2;A01
201200003842;0;33;0;0;2;7;2;B02
201200003843;0;33;0;0;2;1;1;B02
201200003843;0;7;0;0;2;2;15;A01
201200003844;0;30;0;0;2;1;15;A01
201200003844;0;7;0;0;2;2;1;B02
201200003845;0;7;0;0;2;7;15;A01
201200003845;0;31;0;0;2;1;17;B02
201200003846;0;7;0;0;2;1;2;A01
201200003846;0;7;0;0;2;4;23;D04
201200003846;0;7;0;0;2;4;23;C03
201200003846;0;7;0;0;2;4;23;B02
201200003847;0;33;0;0;2;1;1;A01
201200003847;0;14;0;0;2;5;15;B02
201200003848;0;10;0;0;1;2;1;A01
201200003849;0;7;0;0;2;1;1;A01
201200003849;0;7;0;0;0;7;19;B02
201200003850;0;7;0;0;2;8;19;A01
201200003850;0;33;0;0;2;1;13;B02
201200003851;0;7;0;0;2;1;2;A01
201200003851;0;15;0;0;2;4;2;B02
201200003852;0;10;0;0;0;5;15;A01
201200003852;0;33;0;0;0;2;1;B02
201200003853;0;7;0;0;0;8;15;B02
201200003853;0;32;0;0;2;2;3;A01
201200003854;0;7;0;0;1;3;1;A01
201200003855;0;7;0;0;2;7;1;A01
201200003855;0;33;0;0;2;8;18;B02
201200003856;0;7;0;0;0;8;19;A01
201200003856;0;14;0;0;2;1;1;B02
201200003857;0;7;0;16;0;1;1;A01
201200003858;0;7;0;0;0;8;15;B02
201200003858;0;7;0;0;0;1;1;A01
201200003859;0;10;0;0;2;1;13;A01
201200003859;0;7;0;0;2;1;1;B02
201200003860;0;33;0;0;2;1;1;A01
201200003860;0;7;0;0;2;1;1;B02
201200003860;0;7;0;0;0;4;16;C03
201200003861;0;7;0;0;2;8;1;C03
201200003861;0;7;0;0;2;3;1;B02
201200003861;0;7;0;0;2;3;17;A01
201200003862;0;10;0;0;2;4;2;D04
201200003862;0;3;0;0;2;4;2;G07
201200003862;0;14;0;0;2;1;2;A01
201200003862;0;7;0;0;2;4;2;H08
201200003862;0;7;0;0;2;4;2;F06
201200003862;0;7;0;0;2;4;2;E05
201200003862;0;7;0;0;2;4;2;B02
201200003862;0;7;0;0;2;4;2;C03
201200003863;0;7;0;2;0;1;0;A01
201200003864;0;7;0;2;0;1;1;A01
201200003865;0;7;0;0;2;1;15;B02
201200003865;0;1;0;0;2;7;1;A01
201200003866;0;7;0;0;0;9;1;A01
201200003867;0;7;0;2;0;1;1;A01
201200003868;0;7;0;0;2;3;1;B02
201200003868;0;7;0;0;2;3;6;A01
201200003869;0;7;0;13;0;9;14;A01
201200003870;0;7;0;8;0;1;1;A01
201200003871;0;7;0;0;0;2;1;A01
201200003872;0;7;0;0;2;1;1;C03
201200003872;0;7;0;0;2;1;1;B02
201200003872;0;7;0;0;2;1;1;A01
201200003873;0;7;0;0;2;3;15;B02
201200003873;0;2;0;0;2;1;17;A01
201200003874;0;7;0;8;0;1;1;A01
201200003875;0;7;0;8;0;9;1;A01
201200003876;0;30;0;1;0;1;1;B02
201200003876;0;14;0;0;0;4;23;A01
201200003877;0;7;0;8;0;1;1;A01
201200003878;0;33;0;0;2;8;1;B02
201200003878;0;7;0;0;2;1;15;A01
201200003879;0;1;0;0;2;7;1;A01
201200003879;0;7;0;0;2;1;1;B02
201200003880;0;2;0;0;2;1;1;B02
201200003880;0;10;0;0;2;7;1;A01
201200003881;0;7;0;0;1;3;1;A01
201200003882;0;7;0;0;2;7;13;A01
201200003882;0;1;0;0;2;8;1;B02
201200003883;0;7;0;0;0;3;11;B02
201200003883;0;30;0;0;2;2;2;A01
201200003884;0;7;0;0;2;3;1;B02
201200003884;0;10;0;0;2;8;1;A01
201200003885;0;7;0;2;0;1;2;A01
201200003886;0;7;0;0;1;2;1;A01
201200003887;0;32;0;0;2;1;17;A01
201200003887;0;7;0;0;2;8;15;B02
201200003888;0;33;0;0;0;1;1;A01
201200003889;0;7;0;13;0;1;0;A01
201200003890;0;7;0;0;0;2;21;A01
201200003891;0;7;0;0;1;1;15;A01
201200003892;0;33;0;0;2;3;1;A01
201200003892;0;7;0;0;2;8;15;B02
201200003893;0;7;0;0;2;3;17;A01
201200003893;0;7;0;0;2;1;1;B02
201200003894;0;2;0;0;2;1;1;B02
201200003894;0;7;0;0;2;7;15;A01
201200003895;0;7;0;0;1;2;0;A01
201200003896;0;14;0;0;0;0;19;A01
201200003896;0;33;0;0;2;0;1;B02
201200003897;0;32;0;0;2;8;1;B02
201200003897;0;7;0;0;2;1;1;A01
201200003898;0;7;0;0;1;2;21;A01
201200003899;0;10;0;0;2;3;1;B02
201200003899;0;7;0;0;2;4;24;F06
201200003899;0;33;0;1;2;2;17;A01
201200003899;0;7;0;0;2;1;0;E05
201200003899;0;7;0;0;2;1;24;D04
201200003899;0;7;0;0;2;1;24;C03
201200003900;0;7;0;14;0;9;1;A01
201200003901;0;30;0;0;2;7;17;A01
201200003901;0;7;0;0;2;8;11;B02
201200003902;0;2;0;0;2;1;1;B02
201200003902;0;7;0;0;2;2;19;A01
201200003903;0;10;0;0;2;2;17;A01
201200003903;0;7;0;0;2;3;0;C03
201200003903;0;7;0;0;2;3;1;B02
201200003904;0;7;0;13;0;3;1;A01
201200003905;0;7;0;0;1;1;1;A01
201200003906;0;7;0;0;2;1;13;A01
201200003906;0;10;0;0;2;2;1;B02
201200003907;0;15;0;0;2;1;1;B02
201200003907;0;7;0;0;2;1;13;A01
201200003908;0;7;0;0;0;1;1;B02
201200003908;0;7;0;0;0;1;13;A01
201200003909;0;2;0;0;2;1;1;B02
201200003909;0;7;0;0;2;3;19;A01
201200003910;0;7;0;0;2;3;1;A01
201200003910;0;7;0;0;2;1;1;B02
201200003911;0;2;0;12;0;7;1;A01
201200003912;0;7;0;2;0;3;0;A01
201200003913;0;17;0;16;0;3;1;A01
201200003914;0;7;0;13;0;2;1;A01
201200003915;0;7;0;2;0;1;19;A01
201200003916;0;30;0;15;0;7;1;A01
201200003917;0;21;0;0;1;0;1;A01
201200003918;0;33;0;13;0;2;1;A01
201200003919;0;33;0;0;0;9;1;A01
201200003920;0;14;0;2;0;1;1;A01
201200003921;0;7;0;0;2;3;1;A01
201200003921;0;7;0;0;2;3;13;B02
201200003922;0;14;0;2;0;2;1;A01
201200003923;0;17;0;0;2;1;1;B02
201200003923;0;7;0;0;2;1;13;A01
201200003924;0;7;0;0;2;3;15;C03
201200003924;0;7;0;0;2;1;13;A01
201200003924;0;7;0;0;0;4;1;B02
201200003925;0;7;0;2;0;9;13;A01
201200003926;0;7;0;0;2;2;15;A01
201200003926;0;7;0;8;2;1;1;B02
201200003927;1;7;0;0;1;3;1;A01
201200003928;0;99;0;0;2;0;5;A01
201200003928;0;33;0;0;2;0;0;B02
201200003929;0;33;0;0;2;1;13;A01
201200003929;0;99;0;0;2;3;1;B02
201200003929;0;33;0;0;2;0;21;C03
201200003930;0;7;0;0;2;8;19;B02
201200003930;0;33;0;0;2;8;1;A01
201200003931;0;1;0;0;5;1;1;A01
201200003932;0;7;0;0;2;3;19;A01
201200003932;0;7;0;0;2;1;1;B02
201200003933;0;7;0;2;0;7;1;A01
201200003934;0;7;0;3;2;1;1;B02
201200003934;0;7;0;3;2;1;5;A01
201200003935;0;10;0;13;0;7;14;A01
201200003936;0;7;0;2;0;3;13;A01
201200003937;0;13;0;0;0;0;0;A01
201200003938;0;7;0;13;0;9;1;A01
201200003939;0;7;0;13;0;9;13;A01
201200003940;0;7;0;0;2;1;1;A01
201200003940;0;7;0;0;2;4;1;B02
201200003941;0;7;0;14;0;4;4;A01
201200003942;0;10;0;0;2;1;1;A01
201200003942;0;7;0;8;0;1;1;B02
201200003943;0;14;0;0;2;1;1;B02
201200003943;0;7;0;0;2;1;13;A01
201200003944;0;7;0;2;0;3;1;A01
201200003945;0;7;0;0;2;3;15;B02
201200003945;0;33;0;0;2;1;1;A01
201200003946;0;7;0;2;0;1;13;A01
201200003947;0;7;0;2;0;1;1;A01
201200003948;0;7;0;2;0;1;1;A01
201200003949;0;7;0;0;2;7;21;B02
201200003949;1;7;0;0;0;0;17;C03
201200003949;0;7;0;0;2;1;1;A01
201200003950;0;33;0;0;5;1;1;A01
201200003951;0;7;0;0;2;7;1;A01
201200003951;0;7;0;0;2;3;15;B02
201200003952;0;99;0;0;2;1;1;B02
201200003952;0;7;0;0;2;1;13;A01
201200003953;0;7;0;0;2;4;23;B02
201200003953;0;7;0;0;2;4;23;C03
201200003953;0;7;0;0;2;1;1;A01
201200003953;0;7;0;0;2;4;23;E05
201200003953;0;7;0;0;2;4;23;D04
201200003954;0;7;0;0;2;0;9;A01
201200003954;0;33;0;0;2;0;9;B02
201200003955;0;7;0;6;0;2;1;A01
201200003956;0;1;0;1;0;1;1;B02
201200003956;0;32;0;0;2;5;23;A01
201200003957;0;7;0;0;1;1;1;A01
201200003958;0;10;0;0;1;3;1;A01
201200003959;0;1;0;0;2;2;19;B02
201200003959;0;7;0;0;9;3;1;A01
201200003960;0;7;0;0;2;4;1;B02
201200003960;0;7;0;0;2;1;1;A01
201200003961;0;7;0;0;0;1;1;B02
201200003961;0;7;0;0;2;1;1;A01
201200003962;0;7;0;0;2;3;1;A01
201200003962;0;7;0;12;2;3;1;B02
201200003963;0;7;0;0;2;3;1;B02
201200003963;0;30;0;0;2;1;17;A01
201200003964;0;10;0;0;2;3;1;B02
201200003964;0;7;0;0;2;3;13;A01
201200003965;0;2;0;0;2;4;2;B02
201200003965;0;7;0;0;2;2;2;A01
201200003966;0;7;0;0;2;2;1;B02
201200003966;0;2;0;0;2;1;13;A01
201200003967;0;33;0;0;2;2;17;B02
201200003967;0;7;0;0;2;3;15;A01
201200003968;0;7;0;0;1;3;20;A01
201200003969;0;1;0;0;0;1;1;A01
201200003970;0;10;0;0;2;1;13;A01
201200003970;0;7;0;0;2;1;1;B02
201200003971;1;7;0;0;1;0;1;A01
201200003972;0;33;0;0;1;1;1;A01
201200003973;0;7;0;0;2;2;1;B02
201200003973;0;21;0;0;2;3;9;A01
201200003974;2;7;0;2;0;2;0;A01
201200003975;0;7;0;2;0;3;11;A01
201200003976;0;7;0;2;0;1;0;A01
201200003977;0;31;0;12;2;1;1;A01
201200003978;0;2;0;0;2;3;1;B02
201200003978;0;10;0;0;2;1;13;A01
201200003979;0;7;0;0;0;9;14;A01
201200003980;0;10;0;13;0;3;1;A01
201200003981;0;7;0;0;2;1;1;A01
201200003981;0;7;0;0;2;4;1;C03
201200003981;0;7;0;0;2;4;1;D04
201200003981;0;7;0;0;2;4;1;B02
201200003982;0;7;0;2;0;9;1;A01
201200003983;0;7;0;2;0;3;17;A01
201200003984;0;33;0;0;2;1;13;A01
201200003984;0;10;0;0;2;3;1;B02
201200003985;0;7;0;0;2;1;2;B02
201200003985;0;7;0;0;2;7;19;A01
201200003986;0;7;0;2;0;9;1;A01
201200003987;0;7;0;0;1;3;15;A01
201200003988;0;14;0;10;9;0;21;B02
201200003988;0;10;0;0;0;0;1;A01
201200003989;0;14;0;0;2;0;1;A01
201200003989;0;10;0;0;9;2;1;B02
201200003990;0;7;0;2;0;9;1;A01
201200003991;0;33;0;0;2;7;1;A01
201200003991;0;7;0;0;2;1;15;B02
201200003992;0;32;0;0;2;1;1;A01
201200003992;0;7;0;0;2;3;19;B02
201200003993;0;7;0;8;0;1;1;A01
201200003994;0;7;0;0;2;1;14;A01
201200003994;0;1;0;0;2;4;1;B02
201200003995;0;7;0;0;1;3;1;A01
201200003996;0;7;0;0;2;1;13;A01
201200003996;0;2;0;0;2;1;1;B02
201200003997;0;7;0;2;0;3;1;A01
201200003998;0;31;0;16;0;0;1;A01
201200003999;0;7;0;0;2;6;1;A01
201200003999;0;7;0;0;2;2;17;B02
201200004000;0;33;0;13;2;1;14;A01
201200004001;0;7;0;0;2;1;13;A01
201200004001;0;17;0;3;2;3;1;B01
201200004002;0;7;0;0;2;8;2;A02
201200004002;0;2;0;0;0;8;17;A01
201200004003;0;7;0;0;1;8;1;A01
201200004004;0;10;0;0;1;7;1;A01
201200004005;0;7;0;0;2;2;13;A01
201200004005;0;7;0;0;2;2;1;B02
201200004006;0;7;0;0;2;2;15;A01
201200004006;0;7;0;0;2;1;1;B02
201200004007;0;7;0;0;0;7;1;A01
201200004008;0;33;0;16;0;3;1;A01
201200004009;0;7;0;0;2;3;1;A01
201200004009;0;10;0;0;2;3;15;B02
201200004010;0;7;0;2;0;7;1;A01
201200004011;0;7;0;0;0;2;1;A01
201200004012;0;7;0;0;2;1;13;A01
201200004012;0;14;0;0;2;1;1;B02
201200004013;0;7;0;8;0;9;1;A01
201200004014;0;7;0;0;2;3;1;C03
201200004014;0;7;0;0;2;3;13;A01
201200004014;0;7;0;0;2;3;1;B02
201200004015;0;7;0;13;0;3;1;A01
201200004016;0;31;0;0;2;1;1;A01
201200004016;0;7;0;0;2;8;19;B02
201200004017;0;7;0;13;0;1;1;A01
201200004018;0;7;0;0;2;2;19;A01
201200004018;0;7;0;0;2;2;21;B02
201200004019;0;30;0;0;0;8;1;A01
201200004020;0;10;0;0;2;6;1;B02
201200004020;0;7;0;0;2;3;1;C03
201200004020;0;33;0;0;2;1;17;A01
201200004021;0;2;0;0;5;0;21;A01
201200004022;0;7;0;13;2;3;1;C03
201200004022;0;7;0;0;2;1;1;A01
201200004022;0;7;0;0;2;4;15;B02
201200004023;0;7;0;6;0;1;0;A01
201200004024;0;7;0;6;0;1;1;A01
201200004025;0;7;0;0;2;7;13;A01
201200004025;0;7;0;0;2;1;1;B02
201200004026;0;21;0;0;2;8;1;A01
201200004026;0;33;0;0;2;8;1;B02
201200004027;0;7;0;0;2;1;13;A01
201200004027;0;7;0;0;2;1;1;B02
201200004028;0;7;0;0;2;2;1;B02
201200004028;0;31;0;0;2;1;21;A01
201200004029;0;7;0;0;2;1;15;A01
201200004029;0;30;0;0;2;1;1;B02
201200004030;0;7;0;0;2;5;13;A01
201200004030;0;7;0;0;2;1;1;B02
201200004031;0;10;0;0;2;1;1;A01
201200004031;0;7;0;0;2;3;1;B02
201200004032;0;7;0;0;2;2;1;A01
201200004032;0;7;0;0;0;6;23;B02
201200004033;0;7;0;0;2;3;1;B02
201200004033;0;7;0;0;2;3;1;A01
201200004034;0;7;0;0;1;2;2;A01
201200004035;0;7;0;0;2;3;1;B02
201200004035;0;10;0;0;0;3;1;A01
201200004036;0;7;0;2;0;1;13;A01
201200004037;0;33;0;13;0;1;17;A01
201200004038;0;7;0;8;0;1;13;A01
201200004039;0;17;0;13;0;7;1;A01
201200004040;0;33;0;3;0;3;1;A01
201200004041;0;7;0;0;2;1;1;A01
201200004041;0;15;0;0;2;3;1;B02
201200004042;0;7;0;0;2;7;13;A01
201200004042;0;7;0;0;2;1;1;B02
201200004043;0;33;0;0;0;0;1;A01
201200004044;0;30;0;0;2;1;1;B02
201200004044;0;7;0;0;0;7;19;A01
201200004045;0;7;0;11;0;1;1;A01
201200004046;0;33;0;0;6;1;1;A01
201200004047;0;21;0;0;0;1;15;A01
201200004047;0;33;0;0;0;1;1;B02
201200004048;0;7;0;0;2;3;1;C03
201200004048;0;7;0;0;2;3;17;A01
201200004048;0;21;0;0;2;8;1;B02
201200004049;0;33;0;0;2;1;1;B02
201200004049;0;7;0;0;0;8;19;A01
201200004050;0;10;0;0;2;3;1;A01
201200004050;0;7;0;0;2;7;15;B02
201200004051;0;33;0;0;2;8;1;A01
201200004051;0;7;0;0;0;6;9;B02
201200004052;0;10;0;0;0;3;1;B02
201200004052;0;10;0;0;0;1;13;A01
201200004053;0;7;0;16;0;9;13;A01
201200004054;0;7;0;0;0;3;19;A01
201200004054;0;7;0;0;2;2;1;B02
201200004055;0;2;0;0;2;1;1;A01
201200004055;0;17;0;0;2;2;1;B02
201200004056;0;31;0;0;1;1;1;A01
201200004057;0;10;0;12;0;1;1;A01
201200004058;0;7;0;0;1;1;1;A01
201200004059;0;7;0;0;0;8;0;A01
201200004059;0;2;0;0;2;7;0;B02
201200004060;0;2;0;0;2;7;12;B02
201200004060;0;7;0;0;2;3;11;A01
201200004061;0;33;0;0;2;1;1;B02
201200004061;0;7;0;0;2;3;15;A01
201200004062;0;7;0;0;9;1;17;A01
201200004062;0;1;0;0;2;1;1;B02
201200004063;0;7;0;0;2;1;21;C03
201200004063;0;10;0;0;2;3;1;B02
201200004063;0;10;0;0;2;3;13;A01
201200004064;0;33;0;0;2;4;16;A01
201200004064;0;7;0;0;2;1;1;B02
201200004065;0;10;0;0;2;3;13;B02
201200004065;0;17;0;0;2;2;1;A01
201200004066;0;10;0;0;1;4;4;A01
201200004067;0;7;0;0;2;8;1;B02
201200004067;0;36;0;0;2;8;13;A01
201200004068;0;7;0;0;2;1;1;B02
201200004068;0;7;0;0;2;1;1;A01
201200004069;0;1;0;0;0;4;11;B02
201200004069;0;10;0;0;0;1;2;A01
201200004070;0;7;0;8;0;2;1;A01
201200004071;0;7;0;8;0;8;14;A01
201200004072;0;33;0;12;0;8;1;A01
201200004073;0;7;0;0;2;3;9;A01
201200004073;0;7;0;0;2;1;1;B02
201200004074;0;7;0;2;0;5;13;A01
201200004075;0;10;0;1;0;5;0;A01
201200004075;0;10;0;0;2;3;24;B02
201200004076;0;7;0;0;2;2;1;A01
201200004076;0;1;0;0;2;7;19;B02
201200004077;0;33;0;2;0;0;14;A01
201200004078;0;2;0;0;2;1;15;A01
201200004078;0;7;0;0;2;1;1;B02
201200004079;0;7;0;13;0;1;1;A01
201200004080;0;7;0;16;0;1;1;A01
201200004081;0;33;0;0;2;1;1;B02
201200004081;0;7;0;0;2;5;19;A01
201200004082;0;7;0;0;2;2;1;B02
201200004082;0;7;0;3;2;3;19;A01
201200004083;0;17;0;6;2;1;1;C03
201200004083;0;14;0;0;2;1;1;B02
201200004083;0;7;0;0;2;4;15;A01
201200004083;0;7;0;0;2;3;1;E05
201200004083;0;17;0;0;2;8;1;D04
201200004083;0;7;0;0;2;1;1;F06
201200004084;0;7;0;0;2;5;19;A01
201200004084;0;3;0;0;2;1;1;B02
201200004085;0;7;0;8;0;3;13;A01
201200004086;0;7;0;13;0;9;13;A01
201200004087;0;15;0;0;2;3;13;A01
201200004087;0;7;0;0;2;1;1;C03
201200004087;0;7;0;3;2;1;1;B02
201200004088;0;15;0;0;0;1;14;A01
201200004089;0;7;0;13;2;1;1;A01
201200004089;0;14;0;0;2;1;1;B02
201200004090;0;7;0;0;2;1;1;B02
201200004090;0;7;0;0;2;1;13;A01
201200004091;0;33;0;0;2;1;17;A01
201200004091;0;33;0;13;2;1;1;B02
201200004092;0;33;0;0;2;1;13;A01
201200004092;0;7;0;13;2;3;1;B02
201200004093;0;7;0;0;2;1;13;A01
201200004093;0;7;0;0;2;3;1;B02
201200004094;0;7;0;0;0;0;1;A01
201200004095;0;7;0;6;0;3;19;A01
201200004096;0;10;0;13;0;3;1;A01
201200004097;0;7;0;0;2;8;1;B02
201200004097;0;14;0;0;2;1;13;A01
201200004097;0;7;0;0;2;8;1;C03
201200004098;0;10;0;13;2;3;1;B02
201200004098;0;7;0;0;2;1;13;A01
201200004099;0;7;0;0;2;1;13;A01
201200004099;0;10;0;0;2;1;1;B02
201200004100;0;33;0;0;2;1;1;B02
201200004100;0;7;0;0;2;8;15;A01
201200004101;0;7;0;2;0;2;13;A01
201200004102;0;7;0;0;1;3;1;A01
201200004103;0;33;0;16;0;1;14;A01
201200004104;0;7;0;0;2;1;1;B02
201200004104;0;7;0;0;2;8;13;A01
201200004105;0;31;0;13;0;1;1;A01
201200004106;0;34;0;8;0;2;0;A01
201200004107;0;7;0;0;0;1;13;A01
201200004108;0;7;0;2;0;1;14;A01
201200004109;0;7;0;0;0;9;1;A01
201200004110;0;7;0;0;2;2;13;A01
201200004110;0;10;0;0;2;2;1;B02
201200004111;0;7;0;0;2;3;13;A01
201200004111;0;17;0;0;2;3;1;B02
201200004112;0;7;0;0;2;3;17;A01
201200004112;0;33;0;0;2;1;1;B02
201200004113;0;7;0;2;0;1;15;A01
201200004114;0;7;0;0;2;1;13;A01
201200004114;0;7;0;0;2;1;1;B02
201200004115;0;7;0;2;0;1;13;A01
201200004116;0;7;0;9;0;2;14;A01
201200004117;0;7;0;0;2;2;1;B02
201200004117;0;30;0;0;2;2;5;A01
201200004118;0;38;0;13;0;2;1;A01
201200004119;0;7;0;2;0;2;14;A01
201200004120;0;7;0;0;2;9;1;C03
201200004120;2;7;0;0;2;8;13;A01
201200004120;0;10;0;13;2;8;1;B02
201200004121;0;7;0;3;2;1;1;B02
201200004121;0;7;0;0;2;1;13;A01
201200004122;0;7;0;13;0;2;0;A01
201200004123;0;7;0;0;2;1;17;B02
201200004123;0;10;0;0;2;1;1;A01
201200004124;0;7;0;0;2;3;15;A01
201200004124;0;2;0;0;2;7;1;B02
201200004125;0;33;0;9;0;1;1;A01
201200004126;0;7;0;6;0;1;14;A01
201200004127;0;31;0;0;0;8;15;A01
201200004128;1;7;0;0;0;0;9;A01
201200004128;0;1;0;0;0;8;1;B02
201200004129;0;10;0;10;0;9;1;A01
201200004130;0;7;0;13;2;6;13;A01
201200004130;0;10;0;0;2;8;1;B02
201200004131;0;7;0;2;0;2;14;A01
201200004132;0;7;0;0;2;8;1;B02
201200004132;0;2;0;0;2;8;13;A01
201200004133;0;7;0;0;2;1;13;A01
201200004133;0;15;0;2;2;3;1;B02
201200004134;0;7;0;0;0;3;13;A01
201200004134;0;7;0;0;0;3;13;B02
201200004135;0;99;0;16;0;7;14;A01
201200004136;0;3;0;2;0;2;14;A01
201200004137;0;30;0;16;0;1;21;A01
201200004137;1;7;0;0;0;0;1;B02
201200004138;0;20;0;0;2;3;15;B02
201200004138;0;33;0;0;2;1;17;A01
201200004139;0;7;0;6;0;8;1;A01
201200004140;0;7;0;2;0;2;14;A01
201200004141;0;7;0;13;0;9;14;A01
201200004142;0;10;0;0;1;2;1;A01
201200004143;0;7;0;0;1;1;1;A01
201200004144;0;30;0;0;2;1;17;A01
201200004144;0;21;0;0;2;8;15;B02
201200004145;0;30;0;0;0;8;1;A01
201200004146;0;7;0;0;0;1;1;A01
201200004147;0;7;0;0;1;1;1;A01
201200004148;0;7;0;0;2;2;2;A01
201200004148;0;7;0;0;2;6;2;B02
201200004149;0;7;0;0;2;1;13;A01
201200004149;0;7;0;0;2;1;1;B02
201200004150;0;7;0;13;2;3;13;A01
201200004150;0;7;0;13;2;3;1;B02
201200004151;0;7;0;0;2;2;1;A01
201200004151;0;7;0;0;2;3;1;B02
201200004152;0;7;0;16;0;9;13;A01
201200004153;0;7;0;0;2;3;15;A01
201200004153;0;33;0;0;2;7;1;B02
201200004154;0;31;0;0;2;8;1;B02
201200004154;0;10;0;0;2;7;10;A01
201200004155;0;7;0;13;0;1;19;A01
201200004156;0;7;0;0;2;3;13;A01
201200004156;0;7;0;2;2;3;1;B02
201200004157;0;7;0;13;0;1;14;A01
201200004158;0;10;0;0;2;3;1;A01
201200004158;0;7;0;0;2;3;1;B02
201200004159;0;7;0;13;0;3;13;A01
201200004160;0;7;0;0;2;3;17;B02
201200004160;0;13;0;0;2;1;1;C03
201200004160;0;7;0;0;2;1;1;D04
201200004160;0;10;0;0;0;0;23;A01
201200004161;0;7;0;0;2;1;1;B02
201200004161;0;7;0;0;2;3;19;A01
201200004162;0;7;0;13;0;1;1;A01
201200004163;0;7;0;2;0;1;13;A01
201200004164;0;14;0;13;0;1;1;A01
201200004165;0;10;0;0;2;1;1;B02
201200004165;0;30;0;12;2;1;15;A01
201200004166;0;7;0;2;0;7;1;A01
201200004167;0;7;0;2;0;7;13;A01
201200004168;0;7;0;2;0;3;1;A01
201200004169;0;7;0;2;0;1;14;A01
201200004170;0;10;0;0;1;1;1;A01
201200004171;0;7;0;6;0;2;14;A01
201200004172;0;7;0;2;0;9;14;A01
201200004173;0;30;0;0;2;1;1;B02
201200004173;0;10;0;0;2;5;1;A01
201200004174;0;7;0;16;0;8;2;A01
201200004175;0;7;0;0;2;1;1;B02
201200004175;0;7;0;0;2;3;13;A01
201200004176;0;7;0;0;2;2;1;B02
201200004176;0;3;0;0;2;1;5;A01
201200004177;0;7;0;0;0;3;13;A01
201200004177;0;7;0;3;2;3;1;B02
201200004178;0;7;0;0;2;1;1;A01
201200004178;0;1;0;0;2;8;19;B02
201200004179;0;7;0;2;0;2;13;A01
201200004180;0;7;0;2;0;3;13;A01
201200004181;0;7;0;0;2;1;1;A01
201200004181;0;7;0;0;2;6;1;B02
201200004182;0;7;0;0;2;1;17;A02
201200004182;0;7;0;0;2;3;1;B01
201200004183;0;7;0;14;0;3;21;B02
201200004183;0;7;0;3;2;7;14;A01
201200004184;0;2;0;0;2;3;1;A01
201200004184;0;10;0;13;2;3;21;B02
201200004185;0;7;0;0;0;0;15;A01