num_acc;senc;catv;occutc;obs;obsm;choc;manv;num_veh
201200004185;0;1;0;13;0;1;21;B02
201200004186;0;33;0;3;0;7;14;A01
201200004187;0;7;0;0;1;1;9;A01
201200004188;0;33;0;13;0;1;14;A01
201200004189;0;7;0;6;0;1;1;A01
201200004190;0;7;0;2;0;1;14;A01
201200004191;0;7;0;0;2;1;1;B02
201200004191;0;7;0;0;2;8;19;A01
201200004192;0;7;0;0;2;8;5;A01
201200004192;0;7;0;0;2;3;0;B02
201200004193;0;7;0;2;0;1;15;A01
201200004194;0;33;0;9;0;1;1;A01
201200004195;0;33;0;0;2;3;1;B01
201200004195;0;10;0;0;2;1;15;A02
201200004196;0;2;0;0;1;1;1;A01
201200004197;0;30;0;0;2;1;13;A01
201200004197;0;7;0;0;2;1;1;B02
201200004198;0;7;0;0;1;2;1;A01
201200004199;0;3;0;2;0;1;14;A01
201200004200;0;7;0;13;0;1;13;A01
201200004201;0;1;0;6;0;1;1;A01
201200004202;0;7;0;6;0;3;14;A01
201200004203;0;7;0;13;2;3;1;B02
201200004203;0;7;0;0;2;3;1;A01
201200004204;0;7;0;12;0;1;1;A01
201200004205;0;7;0;13;0;1;1;A01
201200004206;0;7;0;2;0;7;13;A01
201200004207;0;7;0;2;0;1;14;A01
201200004208;0;7;0;0;2;1;17;A01
201200004208;0;7;0;0;2;1;1;B02
201200004209;0;7;0;0;2;3;1;B01
201200004209;0;7;0;0;2;3;13;A02
201200004210;0;7;0;13;0;1;1;A01
201200004211;0;7;0;13;0;1;14;A01
201200004212;0;2;0;16;2;1;13;A01
201200004212;0;7;0;0;2;2;1;B02
201200004213;0;17;0;13;0;3;13;A01
201200004214;0;7;0;8;0;1;14;A01
201200004215;0;7;0;0;0;0;1;A01
201200004216;0;33;0;0;2;8;0;C01
201200004216;0;7;0;0;2;2;1;A01
201200004217;0;7;0;13;0;1;1;A01
201200004218;0;33;0;2;0;1;2;A01
201200004219;0;7;0;2;0;1;1;A01
201200004220;0;7;0;0;2;3;13;A01
201200004220;0;17;0;0;2;3;2;B02
201200004221;0;33;0;0;6;1;1;A01
201200004222;0;7;0;0;2;3;1;A01
201200004222;0;7;0;0;2;3;1;B02
201200004223;0;2;0;0;0;0;0;A01
201200004224;0;10;0;13;6;1;0;A01
201200004225;0;7;0;0;0;4;2;B02
201200004225;0;7;0;0;2;1;2;A01
201200004226;0;7;0;0;2;2;23;C03
201200004226;0;7;0;0;2;2;19;A01
201200004226;0;7;0;0;2;2;19;B02
201200004227;0;17;0;0;0;8;1;A01
201200004228;0;7;0;0;2;1;1;A01
201200004228;0;7;0;0;2;2;1;B02
201200004229;0;7;0;0;2;3;5;A01
201200004229;0;7;0;0;2;3;5;B02
201200004230;0;33;0;0;2;1;13;A01
201200004230;0;7;0;0;2;1;1;B02
201200004231;0;31;0;0;2;8;1;A01
201200004231;0;14;0;0;2;6;15;B02
201200004232;0;7;0;13;0;1;1;A01
201200004233;0;33;0;0;2;8;1;A01
201200004233;0;7;0;0;2;8;1;B02
201200004234;0;7;0;6;0;2;2;A01
201200004235;0;31;0;13;0;7;1;A01
201200004236;0;33;0;0;2;8;17;A01
201200004236;0;7;0;0;2;8;1;B02
201200004237;0;7;0;6;0;2;1;A01
201200004238;0;7;0;13;0;3;1;A01
201200004239;0;7;0;0;2;2;1;A01
201200004239;0;1;0;0;0;4;1;B02
201200004240;0;15;0;0;1;5;2;A01
201200004241;0;7;0;0;2;3;1;A01
201200004241;0;2;0;0;2;1;1;B02
201200004242;0;36;0;0;2;1;19;B02
201200004242;0;7;0;0;2;1;1;A01
201200004243;0;7;0;0;2;6;1;B02
201200004243;0;33;0;0;2;9;13;A01
201200004243;0;33;0;0;2;9;1;C03
201200004244;0;10;0;0;2;1;17;A01
201200004244;0;7;0;0;2;1;1;B02
201200004245;0;33;0;0;2;1;17;A01
201200004245;0;30;0;0;2;1;1;B02
201200004246;0;15;0;13;0;1;1;A01
201200004247;0;31;0;2;0;2;1;A01
201200004248;0;7;0;0;0;0;1;A01
201200004249;0;7;0;0;0;8;1;A01
201200004249;0;7;0;0;0;2;2;B02
201200004250;0;7;0;0;2;1;15;B02
201200004250;0;7;0;0;2;1;1;A01
201200004251;0;7;0;0;2;3;1;B02
201200004251;0;14;0;0;2;3;1;A01
201200004252;0;7;0;0;2;6;15;A01
201200004252;0;7;0;0;2;1;1;B02
201200004253;0;7;0;2;0;1;14;A01
201200004254;0;34;0;0;5;2;1;A01
201200004255;0;7;0;0;1;1;1;A01
201200004256;0;7;0;0;2;2;5;A01
201200004256;0;7;0;0;2;2;1;B02
201200004257;0;1;0;14;0;0;1;A01
201200004258;0;7;0;2;0;1;1;A01
201200004259;0;7;0;0;2;5;15;A01
201200004259;0;7;0;0;2;1;1;B02
201200004260;0;7;0;0;1;2;1;B02
201200004261;0;33;0;0;0;1;1;A01
201200004262;0;33;0;0;2;1;1;A01
201200004262;0;7;0;0;2;3;15;B02
201200004263;0;7;0;0;2;3;1;B02
201200004263;0;7;0;0;2;3;1;A01
201200004264;0;7;0;0;0;3;13;A01
201200004265;0;7;0;0;1;1;1;A01
201200004266;0;7;0;6;0;1;1;A01
201200004267;0;7;0;8;0;1;0;A01
201200004268;0;7;0;0;2;3;1;A01
201200004268;0;7;0;0;2;8;1;C01
201200004268;0;7;0;0;2;3;1;B01
201200004269;0;7;0;0;2;1;1;B02
201200004269;0;7;0;0;2;1;19;A01
201200004270;0;33;0;3;0;1;1;A01
201200004271;0;7;0;0;2;1;1;B02
201200004271;0;7;0;0;2;7;13;A01
201200004272;0;7;0;8;0;7;1;A01
201200004273;0;7;0;0;2;1;1;B02
201200004273;0;7;0;0;2;1;1;A01
201200004274;0;7;0;0;0;1;0;A01
201200004275;0;10;0;2;0;1;1;A01
201200004276;0;33;0;6;0;1;1;A01
201200004277;0;33;0;0;0;0;14;A01
201200004278;0;7;0;13;0;2;1;A01
201200004279;0;30;0;2;0;1;21;A01
201200004280;0;7;0;0;2;1;2;A01
201200004280;0;7;0;0;0;4;15;B02
201200004281;0;7;0;0;2;5;19;B02
201200004281;0;7;0;0;2;1;1;A01
201200004282;0;7;0;0;2;3;17;A01
201200004282;0;7;0;0;2;2;1;B02
201200004283;0;7;0;13;0;0;1;A01
201200004284;0;7;0;2;0;7;15;A01
201200004285;0;7;0;0;2;3;1;A01
201200004285;0;7;0;0;2;3;1;B02
201200004285;0;7;0;0;2;3;1;C03
201200004286;0;7;0;0;2;1;13;A01
201200004286;0;15;0;0;2;1;1;B02
201200004287;0;7;0;2;0;3;1;A01
201200004288;0;7;0;15;0;1;6;A01
201200004289;0;7;0;0;9;3;1;B02
201200004289;0;1;0;0;2;1;1;A01
201200004290;0;7;0;0;2;7;15;A01
201200004290;0;1;0;0;2;1;1;B02
201200004291;0;15;0;13;0;8;1;A01
201200004292;0;1;0;0;2;1;13;A01
201200004292;0;14;0;0;9;3;1;B02
201200004293;0;7;0;8;0;2;1;A01
201200004294;0;30;0;0;2;6;10;A01
201200004294;0;7;0;0;2;2;1;B02
201200004295;0;7;0;0;2;3;15;A01
201200004295;0;33;0;0;2;1;1;B02
201200004296;0;7;0;16;0;1;1;A01
201200004297;0;7;0;0;2;1;13;A01
201200004297;0;7;0;0;2;1;1;B02
201200004298;0;7;0;0;2;1;13;A01
201200004298;0;10;0;0;2;1;21;B02
201200004299;0;7;0;0;1;1;1;A01
201200004300;0;7;0;0;2;8;15;B02
201200004300;0;33;0;0;2;7;17;A01
201200004301;0;7;0;0;2;1;15;A01
201200004301;0;7;0;0;2;1;1;B02
201200004302;0;10;0;0;2;5;15;B02
201200004302;0;7;0;0;2;2;1;A01
201200004303;0;7;0;0;2;4;2;A01
201200004303;0;7;0;0;2;7;2;B02
201200004303;0;7;0;0;2;1;2;C03
201200004304;0;33;0;0;1;1;17;A01
201200004305;0;7;0;16;0;2;1;A01
201200004306;0;7;0;0;2;1;19;A01
201200004306;0;7;0;0;2;3;1;B02
201200004307;0;7;0;6;2;2;1;B02
201200004307;0;7;0;6;2;2;19;A01
201200004308;0;7;0;0;1;2;1;A01
201200004309;0;7;0;13;0;2;1;A01
201200004310;0;10;0;0;9;3;15;B02
201200004310;0;1;0;0;2;1;1;A01
201200004311;0;7;0;0;2;1;13;A01
201200004311;0;10;0;0;2;1;1;C03
201200004311;0;15;0;13;2;3;1;B02
201200004312;0;7;0;13;0;3;1;A01
201200004313;0;7;0;0;2;2;15;B02
201200004313;0;33;0;0;2;1;1;A01
201200004314;0;7;0;0;2;1;1;B02
201200004314;0;7;0;0;2;4;13;A01
201200004315;0;7;0;0;1;2;1;A01
201200004316;0;7;0;0;2;1;17;A01
201200004316;0;7;0;0;2;1;1;B02
201200004317;0;10;0;2;0;1;1;A01
201200004318;0;7;0;2;0;1;1;A01
201200004319;0;33;0;0;2;5;1;B02
201200004319;0;7;0;0;2;2;15;A01
201200004320;0;7;0;8;0;1;0;A01
201200004321;0;7;0;0;1;2;2;A01
201200004321;0;7;0;0;1;3;2;B02
201200004322;0;33;0;0;2;1;1;A01
201200004322;0;10;0;0;2;5;16;B02
201200004323;0;14;0;2;0;1;13;A01
201200004324;0;7;0;0;0;3;1;B02
201200004324;0;33;0;0;2;1;1;A01
201200004325;0;2;0;0;2;1;17;A01
201200004325;0;7;0;0;2;3;15;B02
201200004326;0;7;0;0;2;2;13;A01
201200004326;0;7;0;0;2;2;1;B02
201200004327;0;7;0;0;9;3;9;A01
201200004327;0;1;0;0;2;1;21;B02
201200004328;0;7;0;0;2;1;1;B02
201200004328;0;7;0;0;2;8;19;A01
201200004329;0;7;0;0;2;3;1;A01
201200004329;0;7;0;0;2;3;1;B02
201200004330;0;7;0;0;1;2;1;A01
201200004331;0;30;0;0;2;2;1;A01
201200004331;0;7;0;0;2;3;1;B02
201200004332;0;38;0;2;2;1;1;B02
201200004332;0;7;0;0;2;7;13;A01
201200004333;0;7;0;0;2;8;19;A01
201200004333;0;10;0;0;2;1;1;B02
201200004334;0;7;0;0;2;1;1;C03
201200004334;0;7;0;0;2;6;1;A01
201200004334;0;7;0;0;2;1;1;B02
201200004335;0;31;0;12;0;5;1;A01
201200004336;0;7;0;0;2;6;15;A01
201200004336;0;33;0;0;2;3;1;B02
201200004337;0;7;0;2;0;3;13;A01
201200004338;0;7;0;2;0;1;0;A01
201200004339;0;7;0;0;0;9;1;A01
201200004340;0;7;0;0;0;1;0;A01
201200004340;0;14;0;0;0;3;0;B02
201200004341;0;7;0;2;0;1;1;A01
201200004342;0;7;0;0;1;1;1;A01
201200004343;0;7;0;13;0;7;14;A01
201200004344;0;7;0;0;1;1;1;A01
201200004345;0;7;0;0;2;3;1;A01
201200004345;0;38;0;0;2;3;1;B02
201200004346;0;30;0;14;0;1;1;A01
201200004347;0;7;0;2;0;8;1;A01
201200004348;0;7;0;2;0;1;1;A01
201200004349;0;7;0;13;0;2;1;A01
201200004350;0;7;0;8;2;8;1;B02
201200004350;0;7;0;0;2;3;13;A01
201200004351;0;33;0;0;0;8;1;A01
201200004352;0;7;0;0;2;3;13;A01
201200004352;0;7;0;0;2;3;1;B02
201200004353;0;10;0;0;2;3;13;A01
201200004353;0;10;0;0;2;3;1;B02
201200004354;0;7;0;16;0;9;0;A01
201200004355;0;7;0;0;2;3;1;A01
201200004355;0;7;0;0;2;3;1;B02
201200004356;0;7;0;0;2;1;1;A01
201200004356;0;10;0;0;2;1;1;B02
201200004357;0;10;0;0;2;1;19;B02
201200004357;0;30;0;0;2;1;1;A01
201200004358;0;7;0;13;0;1;13;A01
201200004359;0;7;0;0;1;8;19;A01
201200004360;0;31;0;14;0;1;13;A01
201200004361;0;7;0;3;0;9;17;A01
201200004362;0;7;0;2;0;3;0;A01
201200004363;0;7;0;0;2;3;15;A01
201200004363;0;7;0;0;2;3;1;B02
201200004364;0;10;0;13;0;3;14;A01
201200004365;0;7;0;0;2;1;1;B02
201200004365;1;7;0;0;2;1;1;A01
201200004366;0;7;0;0;2;2;13;A01
201200004366;0;7;0;0;2;1;1;B02
201200004367;0;10;0;0;1;4;4;A01
201200004368;0;7;0;0;1;2;21;A01
201200004369;0;31;0;0;1;1;1;A01
201200004370;0;10;0;0;1;2;1;A01
201200004371;1;7;0;0;2;3;13;A01
201200004371;0;7;0;0;2;6;1;B02
201200004372;0;7;0;0;1;1;2;A01
201200004373;0;7;0;0;1;2;1;A01
201200004374;0;7;0;0;0;3;15;A01
201200004374;0;32;0;0;2;7;6;B02
201200004375;0;14;0;0;1;1;1;A01
201200004376;0;30;0;0;1;1;1;A01
201200004377;0;7;0;0;0;1;13;A01
201200004377;0;7;0;0;0;1;0;B02
201200004378;0;2;0;3;0;1;15;A01
201200004379;0;7;0;5;0;1;14;A01
201200004380;0;7;0;0;1;1;1;A01
201200004381;0;7;0;0;2;1;1;B01
201200004381;0;7;0;15;0;3;19;A01
201200004382;0;7;0;0;2;1;15;A01
201200004382;0;1;0;0;2;1;1;B01
201200004383;0;7;0;0;1;1;16;A01
201200004384;0;1;0;0;2;3;5;A01
201200004384;0;7;0;0;9;1;2;B01
201200004385;0;7;0;0;2;3;13;A01
201200004385;0;7;0;0;2;3;1;B01
201200004386;0;2;0;0;2;3;23;A01
201200004386;1;7;0;;;;;B01
201200004387;0;7;0;0;2;3;1;B01
201200004387;0;7;0;1;2;3;13;A01
201200004388;0;7;0;0;1;8;1;A01
201200004389;0;7;0;0;2;5;2;C01
201200004389;0;7;0;0;2;4;2;B01
201200004389;0;7;0;0;2;1;2;A01
201200004390;0;2;0;2;1;1;17;A01
201200004391;0;33;0;1;0;1;1;B02
201200004391;0;7;0;0;2;7;20;A01
201200004392;0;7;0;2;0;2;1;A01
201200004393;0;7;0;2;0;7;1;A01
201200004394;0;31;0;2;0;1;1;A01
201200004395;0;7;0;8;0;1;13;A01
201200004396;0;33;0;0;2;1;1;B02
201200004396;0;7;0;0;2;7;15;A01
201200004397;0;7;0;0;2;1;17;A01
201200004397;0;7;0;0;2;1;1;B02
201200004398;0;10;0;0;2;8;15;B02
201200004398;0;7;0;0;2;1;17;A01
201200004399;0;7;0;7;0;1;1;A01
201200004400;0;7;0;0;2;2;15;A01
201200004400;0;7;0;0;2;3;1;B02
201200004401;0;7;0;0;2;2;1;B02
201200004401;0;10;0;16;0;2;13;A01
201200004402;0;7;0;13;0;9;1;A01
201200004403;0;33;0;0;2;2;17;A01
201200004403;0;7;0;0;2;8;15;B02
201200004404;0;7;0;8;2;8;1;B02
201200004404;0;7;0;0;2;1;1;A01
201200004405;0;10;0;0;2;1;1;B02
201200004405;0;7;0;0;2;3;13;A01
201200004406;0;10;0;0;2;1;17;A01
201200004406;0;99;0;0;2;1;1;B02
201200004407;0;10;0;2;0;1;13;A01
201200004408;0;7;0;0;2;1;13;A01
201200004408;0;14;0;0;2;1;1;B02
201200004409;0;7;0;0;2;2;1;A01
201200004409;0;1;0;0;2;4;1;B02
201200004410;0;7;0;13;0;2;1;A01
201200004411;0;7;0;13;0;1;1;A01
201200004412;0;7;0;0;2;3;1;A01
201200004412;0;7;0;0;2;3;1;B02
201200004413;0;7;0;0;2;8;1;B02
201200004413;0;33;0;0;2;8;1;A01
201200004414;0;7;0;6;0;1;13;A01
201200004415;0;7;0;0;2;3;13;A01
201200004415;0;7;0;0;2;3;0;B02
201200004416;0;7;0;0;9;1;1;A01
201200004416;0;20;0;0;2;8;0;B02
201200004417;0;7;0;2;0;2;1;A01
201200004418;0;7;0;0;2;3;13;A01
201200004418;0;30;0;0;2;3;1;B02
201200004419;0;7;0;2;0;1;1;A01
201200004420;0;7;0;0;9;3;1;A01
201200004420;0;1;0;0;2;8;19;B02
201200004421;0;33;0;0;0;2;14;A01
201200004422;0;7;0;6;0;1;1;A01
201200004423;0;7;0;2;0;1;1;A01
201200004424;0;7;0;13;0;3;1;A01
201200004425;0;7;0;2;0;7;13;A01
201200004426;0;1;0;0;0;1;1;A01
201200004427;0;33;0;0;2;3;5;A01
201200004427;0;7;0;0;2;8;1;B02
201200004428;0;33;0;0;2;1;21;A01
201200004428;0;30;0;0;2;3;15;B02
201200004429;0;7;0;13;0;3;1;A01
201200004430;0;7;0;0;2;8;1;A01
201200004430;0;7;0;0;2;1;1;B02
201200004431;0;7;0;0;1;2;1;A01
201200004432;1;7;0;0;1;0;1;A01
201200004433;0;31;0;0;0;7;2;A01
201200004434;0;7;0;0;0;9;2;A01
201200004435;0;7;0;2;0;8;13;A01
201200004436;0;7;0;13;0;1;0;A01
201200004437;0;14;0;13;0;9;1;A01
201200004438;0;7;0;0;1;2;1;A01
201200004439;0;10;0;0;1;3;1;A01
201200004440;0;30;0;0;2;3;19;A01
201200004440;0;7;0;0;2;1;1;B02
201200004441;0;7;0;13;0;3;1;A01
201200004442;0;33;0;0;2;4;1;B02
201200004442;0;33;0;0;2;1;1;A01
201200004443;0;7;0;0;0;0;10;A01
201200004444;0;17;0;13;0;3;13;A01
201200004445;0;7;0;0;6;9;1;A01
201200004446;0;7;0;0;2;1;1;A01
201200004446;0;7;0;0;2;1;1;B02
201200004447;0;7;0;2;0;3;13;A01
201200004448;0;7;0;0;2;2;1;B02
201200004448;0;7;0;0;2;1;13;A01
201200004449;0;7;0;0;2;3;17;A01
201200004449;0;31;0;0;2;8;1;B02
201200004450;0;7;0;13;0;9;1;A01
201200004451;0;31;0;0;2;1;13;A01
201200004451;0;7;0;0;2;3;1;B02
201200004452;0;15;0;0;0;3;6;A01
201200004453;0;7;0;2;0;1;1;A01
201200004454;0;33;0;0;2;1;1;A01
201200004454;0;7;0;0;2;8;19;B02
201200004455;0;34;0;0;0;1;1;A01
201200004455;0;10;0;0;2;8;15;B02
201200004456;0;7;0;0;2;1;1;A01
201200004456;0;1;0;0;0;3;15;B02
201200004457;0;7;0;2;0;8;1;A01
201200004458;0;30;0;13;0;1;1;A01
201200004459;0;7;0;13;0;2;1;A01
201200004460;0;10;0;0;2;1;17;A01
201200004460;0;3;0;9;2;6;15;B02
201200004461;0;7;0;2;0;7;13;A01
201200004462;0;7;0;2;0;1;1;A01
201200004463;0;7;0;13;0;1;1;A01
201200004464;0;33;0;13;0;1;1;A01
201200004465;0;33;0;0;2;1;1;A01
201200004465;0;7;0;0;2;8;16;B02
201200004466;0;10;0;0;2;3;5;A01
201200004466;0;7;0;10;2;3;1;B02
201200004466;0;7;0;0;2;2;1;C03
201200004467;0;30;0;13;0;4;1;A01
201200004468;0;7;0;0;2;2;19;A01
201200004468;0;7;0;0;2;6;1;B02
201200004469;0;7;0;2;0;3;13;A01
201200004470;0;33;0;0;5;1;1;A01
201200004471;0;7;0;0;1;1;1;A01
201200004472;0;7;0;6;0;3;14;A01
201200004473;0;7;0;8;0;9;1;A01
201200004474;0;7;0;0;2;8;13;A01
201200004474;0;7;0;0;2;1;1;B02
201200004475;0;7;0;13;0;1;13;A01
201200004476;0;7;0;0;2;2;17;A01
201200004476;0;7;0;0;2;6;1;B02
201200004477;0;7;0;13;0;1;1;A01
201200004478;0;7;0;13;0;1;1;A01
201200004479;0;7;0;2;2;3;13;A01
201200004479;0;7;0;0;2;8;1;B02
201200004480;0;10;0;13;0;8;1;A01
201200004481;0;7;0;2;0;2;0;A01
201200004482;0;10;0;0;2;2;15;A01
201200004482;0;33;0;0;2;3;1;B02
201200004483;0;7;0;0;0;5;14;B02
201200004483;0;33;0;0;2;1;1;A01
201200004484;0;7;0;0;2;1;13;A01
201200004484;0;7;0;0;2;1;1;B02
201200004485;0;10;0;13;0;3;1;A01
201200004486;0;7;0;13;0;1;13;A01
201200004487;0;7;0;0;2;1;13;A01
201200004487;0;7;0;0;2;1;1;B02
201200004487;0;7;0;0;2;3;15;C03
201200004488;0;30;0;0;2;1;13;A01
201200004488;0;7;0;0;2;2;21;B02
201200004489;0;2;0;0;0;8;1;A01
201200004490;0;7;0;0;1;1;1;A01
201200004491;0;7;0;0;2;1;17;A01
201200004491;0;2;0;0;2;6;14;B02
201200004492;0;33;0;2;0;1;1;A01
201200004493;0;10;0;0;2;7;1;A01
201200004493;0;10;0;0;2;3;16;B02
201200004494;0;7;0;0;1;2;1;A01
201200004495;0;7;0;0;2;1;1;A01
201200004495;0;7;0;0;2;1;1;B02
201200004496;0;7;0;0;2;7;1;A01
201200004496;0;33;0;0;2;1;1;B02
201200004497;0;7;0;0;2;1;1;B02
201200004497;0;7;0;0;2;8;11;A01
201200004498;0;7;0;0;2;7;15;A01
201200004498;0;7;0;0;2;1;1;B02
201200004499;0;33;0;0;2;1;1;A01
201200004499;0;33;0;0;0;4;1;B02
201200004500;0;7;0;0;0;0;0;A01
201200004501;0;30;0;0;2;7;16;A01
201200004501;0;7;0;0;2;3;1;B02
201200004502;0;7;0;8;0;2;0;A01
201200004503;0;7;0;0;2;2;15;A01
201200004503;0;33;0;0;2;1;1;B02
201200004504;0;7;0;0;1;1;2;A01
201200004505;0;7;0;0;1;3;21;A01
201200004506;0;31;0;12;0;1;17;A01
201200004506;0;21;0;0;9;0;1;B02
201200004507;0;7;0;6;0;1;1;A01
201200004508;0;7;0;0;2;1;2;A01
201200004508;0;7;0;0;0;4;2;B02
201200004509;0;7;0;0;2;1;13;A01
201200004509;0;7;0;0;2;2;1;B02
201200004510;0;33;0;0;2;1;1;A01
201200004510;0;10;0;0;2;2;0;B02
201200004511;0;7;0;0;2;3;13;A01
201200004511;0;36;0;0;2;3;0;B02
201200004512;0;33;0;;;;;A01
201200004512;0;7;0;;2;3;;B02
201200004513;0;2;0;;2;1;;A01
201200004513;0;10;0;;2;5;;B02
201200004514;0;33;0;0;0;1;1;A01
201200004515;0;7;0;0;2;3;15;A01
201200004515;0;33;0;0;2;8;1;B02
201200004516;0;7;0;0;2;5;1;B02
201200004516;0;30;0;0;2;3;1;A01
201200004517;0;30;0;0;2;2;1;A01
201200004517;0;10;0;0;0;5;1;B02
201200004518;0;7;0;0;2;2;11;A01
201200004519;0;7;0;0;2;5;15;A01
201200004519;0;33;0;0;2;1;1;B02
201200004520;0;7;0;0;0;1;13;A01
201200004520;0;14;0;0;0;3;1;B02
201200004521;0;7;0;2;0;1;1;A01
201200004521;0;7;0;2;0;1;1;B02
201200004522;0;7;0;0;0;1;1;A01
201200004523;0;31;0;0;2;7;16;A01
201200004523;0;7;0;0;2;2;1;B02
201200004524;0;33;0;0;2;2;2;A01
201200004524;0;7;0;0;2;3;6;B02
201200004525;0;7;0;14;0;9;1;A01
201200004526;0;31;0;1;0;2;1;A01
201200004526;0;7;0;0;2;7;24;B02
201200004527;0;10;0;;1;1;1;A01
201200004528;0;31;0;0;0;7;1;A01
201200004529;0;7;0;0;2;1;16;A01
201200004529;0;7;0;0;2;3;1;B02
201200004530;0;7;0;0;0;1;0;A01
201200004530;0;7;0;0;0;1;0;B02
201200004531;0;7;0;0;2;2;15;A01
201200004531;0;33;0;0;2;1;1;B02
201200004532;0;7;0;0;2;6;9;A01
201200004532;0;33;0;0;2;1;1;B02
201200004533;0;7;0;0;1;2;1;A01
201200004534;0;7;0;0;2;1;15;A01
201200004534;0;2;0;0;2;7;1;B02
201200004535;0;33;0;0;0;1;17;A01
201200004536;0;14;0;0;2;3;1;A01
201200004536;0;10;0;0;2;3;13;B02
201200004537;0;34;0;0;1;1;1;A01
201200004538;0;7;0;0;2;2;15;A01
201200004538;0;2;0;0;2;2;1;B02
201200004539;0;35;0;2;0;1;16;A01
201200004540;0;7;0;2;0;1;1;A01
201200004541;0;32;0;0;2;1;1;A01
201200004541;0;7;0;0;2;7;15;B02
201200004542;0;7;0;0;2;1;1;A01
201200004542;0;7;0;0;2;7;13;B02
201200004543;0;1;0;0;2;1;1;A01
201200004543;0;10;0;0;2;8;15;B01
201200004544;0;7;0;0;2;3;11;A01
201200004544;0;7;0;0;2;2;17;B02
201200004545;0;30;0;12;0;1;0;A01
201200004546;0;7;0;0;1;1;1;A01
201200004547;0;33;0;0;2;1;17;A01
201200004547;0;7;0;0;0;6;15;B02
201200004548;0;10;0;0;2;3;10;A01
201200004548;0;33;0;0;2;1;1;B02
201200004549;0;30;0;0;2;1;13;A01
201200004549;0;7;0;0;2;1;1;B02
201200004550;0;15;0;0;9;1;2;A01
201200004550;0;1;0;0;2;8;18;B02
201200004551;0;7;0;0;2;1;6;A01
201200004551;0;15;0;0;2;8;1;B02
201200004552;0;32;0;3;0;1;21;A01
201200004553;0;7;0;0;1;3;1;A01
201200004554;0;30;0;0;2;1;1;A01
201200004554;0;7;0;0;2;3;1;B02
201200004555;0;10;0;0;2;8;19;A01
201200004555;0;33;0;0;2;1;1;B02
201200004556;0;7;0;0;2;3;13;A01
201200004556;0;7;0;0;2;3;1;B02
201200004557;0;7;0;0;0;7;1;A01
201200004557;0;33;0;0;2;8;18;B02
201200004558;0;14;0;0;2;3;1;B02
201200004558;0;7;0;0;2;1;11;A01
201200004559;0;2;0;0;0;6;2;C03
201200004559;0;10;0;0;0;3;1;A01
201200004560;0;33;0;0;2;1;1;B02
201200004560;0;7;0;0;2;7;15;A01
201200004561;0;7;0;2;0;1;1;A01
201200004562;0;32;0;0;0;8;15;B02
201200004562;0;33;0;0;0;1;17;A01
201200004563;0;7;0;0;0;3;15;A01
201200004563;0;1;0;0;2;2;1;B02
201200004564;0;7;0;0;2;3;13;A01
201200004564;0;10;0;0;2;3;1;B02
201200004565;0;7;0;6;0;7;1;A01
201200004566;0;7;0;0;2;3;19;A01
201200004566;0;2;0;0;2;1;1;B02
201200004567;0;7;0;0;2;1;1;A01
201200004567;0;7;0;0;2;2;1;B02
201200004568;0;7;0;0;1;6;1;A01
201200004569;0;7;0;0;2;3;1;A01
201200004569;0;7;0;0;2;3;5;B02
201200004570;0;31;0;0;2;3;18;A01
201200004570;0;7;0;0;2;7;16;B02
201200004571;0;7;0;2;0;9;1;A01
201200004572;0;7;0;0;1;1;1;A01
201200004573;0;7;0;0;0;6;2;B02
201200004573;0;7;0;0;2;2;2;A01
201200004574;0;7;0;0;2;1;1;A01
201200004574;0;7;0;0;2;1;1;B02
201200004575;0;7;0;6;0;1;1;A01
201200004576;0;7;0;0;1;2;1;A01
201200004577;0;7;0;14;0;2;1;A01
201200004578;0;7;0;0;2;7;1;A01
201200004578;0;33;0;0;2;7;5;B02
201200004579;0;7;0;0;0;3;1;A01
201200004579;0;7;0;0;0;2;13;B02
201200004580;0;7;0;0;2;2;1;A01
201200004580;0;31;0;0;2;1;1;B02
201200004581;0;7;0;0;0;3;1;A01
201200004581;0;7;0;0;0;3;1;B02
201200004582;0;7;0;0;2;3;1;A01
201200004582;0;7;0;0;2;3;13;B02
201200004583;0;7;0;0;2;4;17;A01
201200004583;0;7;0;0;2;3;13;B02
201200004583;0;17;0;0;2;1;1;C03
201200004584;0;38;1;0;2;1;1;B02
201200004584;0;7;0;6;2;3;1;C03
201200004584;0;7;0;9;2;3;15;A01
201200004585;0;7;0;0;2;1;1;B02
201200004585;0;7;0;0;2;3;10;A01
201200004586;0;33;0;4;2;7;14;A01
201200004586;0;21;0;0;2;7;1;B02
201200004587;0;31;0;0;0;1;1;A01
201200004588;0;7;0;2;0;1;1;A01
201200004589;0;7;0;0;2;2;15;A01
201200004589;0;33;0;0;2;1;1;B02
201200004590;0;7;0;0;2;2;1;B02
201200004590;0;1;0;0;2;1;15;A01
201200004591;0;7;0;0;0;3;13;A01
201200004591;0;7;0;0;0;3;0;B02
201200004592;0;21;0;13;0;0;1;A01
201200004593;0;7;0;13;0;9;13;A01
201200004594;0;7;0;0;2;7;1;A01
201200004594;0;38;45;0;2;1;1;B02
201200004595;0;7;0;0;2;7;15;A01
201200004595;0;33;0;0;2;1;1;B02
201200004596;0;7;0;0;2;1;1;A01