num_acc;senc;catv;occutc;obs;obsm;choc;manv;num_veh
201200004596;0;7;0;0;2;2;1;C03
201200004596;0;7;0;0;2;1;13;B02
201200004597;0;7;0;13;0;3;13;A01
201200004598;0;2;0;0;0;1;1;A01
201200004599;0;7;0;0;2;3;1;B02
201200004599;0;7;0;0;2;1;15;A01
201200004600;0;7;0;0;2;3;13;A01
201200004600;0;7;0;0;2;3;1;B02
201200004601;0;7;0;12;0;3;13;A01
201200004602;0;38;34;13;0;3;1;A01
201200004603;0;7;0;0;2;2;19;A01
201200004603;0;31;0;0;2;1;15;B02
201200004604;0;33;0;0;0;0;1;A01
201200004605;0;10;0;0;1;7;1;A01
201200004606;0;7;0;6;0;7;0;A01
201200004607;0;7;0;0;2;3;10;A01
201200004607;0;33;0;0;2;7;3;B02
201200004608;0;7;0;0;2;3;9;A01
201200004608;0;33;0;0;2;1;1;B02
201200004609;0;7;0;0;2;1;13;A01
201200004609;0;7;0;0;2;1;1;B02
201200004610;0;7;0;0;2;1;13;A01
201200004610;0;1;0;0;2;8;10;B02
201200004611;0;33;0;0;2;1;17;A01
201200004611;0;7;0;0;2;3;15;B02
201200004612;0;7;0;0;2;3;13;A01
201200004612;0;7;0;0;2;3;1;B02
201200004613;0;7;0;0;2;1;13;A01
201200004613;0;7;0;0;2;1;1;B02
201200004614;0;7;0;0;2;3;19;A01
201200004614;0;7;0;0;0;1;1;A02
201200004615;0;7;0;2;0;7;1;A01
201200004616;0;7;0;0;2;7;13;A01
201200004616;0;7;0;0;2;1;1;B02
201200004617;0;36;0;0;1;2;0;A01
201200004618;0;7;0;0;2;3;15;A01
201200004618;0;2;0;0;2;1;1;B02
201200004619;0;7;0;0;9;5;15;A01
201200004619;0;1;0;0;2;1;1;B02
201200004620;0;7;0;0;2;2;15;B02
201200004620;0;7;0;0;2;1;1;A01
201200004621;0;7;0;13;0;1;13;A01
201200004621;0;7;0;0;2;1;1;B02
201200004622;0;7;0;6;0;4;14;A01
201200004623;0;7;0;13;0;2;1;A01
201200004624;0;7;0;0;2;4;15;B02
201200004624;0;33;0;0;2;1;1;A01
201200004625;0;7;0;0;2;7;19;A01
201200004625;0;33;0;0;2;1;1;B02
201200004626;0;14;0;0;2;6;6;A01
201200004626;0;31;0;0;2;1;1;B02
201200004627;0;10;0;0;2;3;1;B02
201200004627;0;1;0;0;2;1;6;A01
201200004628;0;7;0;0;1;3;1;A01
201200004629;0;7;0;0;2;1;1;C03
201200004629;0;7;0;0;2;8;1;B02
201200004629;0;7;0;0;2;9;13;A01
201200004630;0;7;0;0;2;1;1;B02
201200004630;0;7;0;0;2;7;1;A01
201200004631;0;7;0;0;0;3;13;A01
201200004631;0;7;0;0;0;3;1;B02
201200004632;0;7;0;0;2;8;1;A01
201200004632;0;7;0;0;2;3;1;B02
201200004633;1;33;0;0;1;1;1;A01
201200004634;0;2;0;0;2;1;17;A01
201200004634;0;7;0;0;2;3;15;B02
201200004635;0;1;0;0;2;1;1;A01
201200004635;0;10;0;0;2;8;1;B02
201200004636;0;31;0;0;1;1;1;A01
201200004637;0;7;0;0;1;2;1;A01
201200004638;0;7;0;0;1;1;19;A01
201200004639;0;7;0;1;0;9;2;A01
201200004640;0;33;0;0;2;7;17;A01
201200004640;0;7;0;0;2;8;15;B02
201200004641;0;7;0;0;0;2;1;A01
201200004641;0;7;0;0;0;2;1;B02
201200004642;0;30;0;12;0;7;1;A01
201200004643;0;7;0;0;2;2;13;A01
201200004643;0;1;0;0;2;4;15;B02
201200004644;0;33;0;1;0;1;2;A01
201200004644;0;7;0;0;2;5;2;B02
201200004645;0;7;0;0;1;2;1;A01
201200004646;0;7;0;11;1;3;1;A01
201200004647;0;7;0;0;2;4;2;A01
201200004647;0;7;0;0;2;1;2;B02
201200004648;0;33;0;0;2;7;1;B02
201200004648;0;7;0;0;2;1;13;A01
201200004649;0;7;0;14;0;1;1;A01
201200004650;0;30;0;0;0;2;2;A01
201200004651;0;10;0;0;2;1;13;A01
201200004651;0;30;0;0;2;1;1;B02
201200004652;0;7;0;0;0;3;1;A01
201200004652;0;33;0;0;0;7;0;B02
201200004653;0;7;0;0;2;2;15;A01
201200004653;0;33;0;0;2;1;1;B02
201200004654;0;7;0;8;0;2;14;A01
201200004655;0;7;0;0;2;8;19;A01
201200004655;0;7;0;0;2;1;1;B02
201200004656;0;31;0;0;2;3;0;A01
201200004656;0;7;0;0;2;3;0;B02
201200004657;0;35;0;0;2;8;19;A01
201200004657;0;7;0;0;2;1;1;B02
201200004658;0;1;0;0;2;7;1;A01
201200004659;0;7;0;0;0;2;15;A01
201200004659;0;30;0;0;0;1;1;B02
201200004660;0;7;0;6;0;8;1;A01
201200004661;0;31;0;0;2;1;1;A01
201200004661;0;10;0;0;2;8;1;B02
201200004662;0;7;0;0;0;9;1;A01
201200004663;0;7;0;0;2;2;15;A01
201200004663;0;31;0;0;0;1;1;B02
201200004664;0;31;0;0;1;1;1;A01
201200004665;2;7;0;0;2;1;5;A01
201200004665;0;7;0;0;2;1;1;C03
201200004665;0;7;0;0;2;3;15;B02
201200004666;0;7;0;0;2;8;15;B02
201200004666;0;7;0;0;2;1;1;A01
201200004667;0;7;0;0;2;1;13;A01
201200004667;0;7;0;0;2;3;1;B02
201200004668;0;7;0;0;2;1;1;A01
201200004668;0;7;0;0;0;4;23;B02
201200004669;0;7;0;0;2;1;17;A01
201200004669;0;7;0;0;2;4;1;B02
201200004669;0;7;0;0;2;6;1;C03
201200004670;0;33;0;0;2;1;1;A01
201200004670;0;7;0;0;0;8;19;B02
201200004671;0;7;0;0;2;1;1;A01
201200004671;0;7;0;0;2;1;1;B02
201200004672;0;14;0;16;0;7;1;A01
201200004673;0;7;0;0;2;7;17;A01
201200004673;0;1;0;0;2;8;15;B02
201200004674;0;7;0;6;0;1;1;A01
201200004675;0;7;0;6;0;1;1;A01
201200004676;0;7;0;0;0;1;11;A01
201200004676;0;7;0;0;0;1;1;B02
201200004677;0;7;0;0;2;2;17;A01
201200004677;0;7;0;0;2;2;1;B02
201200004678;0;7;0;0;2;2;13;A01
201200004678;0;7;0;0;2;1;1;B02
201200004679;0;7;0;0;2;7;1;A01
201200004679;0;10;0;0;2;3;1;B02
201200004679;0;7;0;0;2;3;1;C03
201200004680;0;7;0;0;2;3;1;A01
201200004680;0;10;0;0;2;3;1;B02
201200004681;0;7;0;0;2;8;1;A01
201200004681;0;7;0;0;2;2;1;B02
201200004682;0;2;0;0;2;1;1;B02
201200004682;0;7;0;0;2;7;15;A01
201200004683;0;7;0;0;2;1;17;A01
201200004683;0;10;0;0;2;1;1;B02
201200004684;0;10;0;13;2;1;1;A01
201200004684;0;10;0;0;2;3;1;B02
201200004685;0;7;0;0;2;1;15;A01
201200004685;0;7;0;0;2;2;1;B02
201200004686;0;33;0;0;2;1;6;A01
201200004686;0;10;0;0;2;1;1;B02
201200004687;0;15;0;4;0;3;1;A01
201200004688;0;7;0;0;1;1;1;A01
201200004689;0;7;0;0;1;1;19;A01
201200004690;0;7;0;2;0;6;1;A01
201200004691;0;2;0;0;2;3;1;A01
201200004691;0;14;0;0;2;5;17;B02
201200004692;0;7;0;0;2;2;17;A01
201200004692;0;7;0;0;2;3;1;B02
201200004693;0;7;0;0;2;1;5;A01
201200004693;0;7;0;0;2;1;1;B02
201200004694;0;7;0;0;1;2;1;A01
201200004695;0;7;0;0;1;2;1;A01
201200004696;0;7;0;2;0;1;1;A01
201200004697;0;31;0;0;2;1;1;A01
201200004697;0;7;0;0;2;3;13;B02
201200004698;0;2;0;0;0;1;1;A01
201200004699;0;7;0;1;2;3;13;A01
201200004699;0;7;0;0;2;3;1;B02
201200004700;0;7;0;0;2;1;13;A01
201200004700;0;7;0;0;2;1;1;B02
201200004701;1;7;0;0;1;1;1;A01
201200004702;0;1;0;0;2;1;9;A01
201200004702;0;7;0;0;9;1;1;B02
201200004703;0;33;0;0;2;7;17;A01
201200004703;0;7;0;0;2;8;15;B02
201200004704;0;7;0;0;2;1;1;A01
201200004704;0;7;0;0;2;1;1;B02
201200004705;0;7;0;0;0;1;0;A01
201200004706;0;7;0;0;0;2;19;A01
201200004706;0;30;0;0;0;2;19;B02
201200004707;0;7;0;0;2;1;15;A01
201200004707;0;7;0;0;2;3;1;B02
201200004708;0;7;0;13;0;9;1;A01
201200004709;0;33;0;0;2;1;21;A01
201200004709;0;7;0;0;2;3;15;B02
201200004710;0;7;0;2;0;9;1;A01
201200004711;0;7;0;0;2;1;1;B02
201200004711;0;7;0;0;2;6;1;C03
201200004711;0;7;0;0;2;1;13;A01
201200004712;1;7;0;0;2;6;17;B02
201200004712;0;33;0;0;2;7;17;A01
201200004713;0;1;0;0;2;3;1;B02
201200004713;0;14;0;0;2;2;12;A01
201200004714;0;7;0;0;2;7;19;A01
201200004714;0;1;0;0;2;1;1;B02
201200004714;0;1;0;0;2;1;1;C03
201200004715;0;7;0;0;2;6;1;B02
201200004715;0;7;0;0;2;3;1;A01
201200004716;0;7;0;0;2;2;16;A01
201200004716;0;33;0;0;2;1;18;B02
201200004717;0;33;0;0;0;0;17;B02
201200004717;0;7;0;0;0;0;15;A01
201200004718;0;14;0;2;0;0;15;A01
201200004719;0;7;0;1;2;5;17;A01
201200004719;0;7;0;6;2;3;1;B02
201200004720;0;7;0;0;2;7;15;A01
201200004720;0;2;0;0;2;1;1;B02
201200004721;0;3;0;0;2;4;2;B02
201200004721;0;7;0;0;2;1;2;A01
201200004722;0;7;0;3;0;1;14;A01
201200004723;0;7;0;0;2;2;1;B02
201200004723;0;7;0;0;2;3;19;A01
201200004724;0;7;0;0;1;6;1;A01
201200004725;0;7;0;0;1;3;1;A01
201200004726;0;7;0;0;2;3;1;B02
201200004726;0;7;0;0;2;3;13;A01
201200004727;0;7;0;0;2;4;23;C03
201200004728;0;31;0;0;2;1;5;B02
201200004728;0;99;0;0;2;3;1;A01
201200004729;0;99;0;0;0;1;1;A01
201200004730;0;7;0;0;2;1;1;A01
201200004730;0;30;0;0;2;1;1;B02
201200004731;0;7;0;16;0;9;1;A01
201200004732;0;7;0;2;0;1;2;A01
201200004733;0;7;0;0;2;1;1;B02
201200004733;0;7;0;2;0;2;1;A01
201200004734;0;7;0;0;2;7;1;B02
201200004734;0;36;0;0;2;1;1;A01
201200004735;0;33;0;0;2;1;2;A01
201200004735;0;10;0;0;0;5;16;B02
201200004736;0;7;0;0;2;3;1;B02
201200004736;0;7;0;0;2;1;9;A01
201200004737;0;33;0;6;0;1;5;A01
201200004737;0;7;0;0;2;2;1;B02
201200004738;0;7;0;0;2;1;1;C03
201200004738;0;7;0;0;2;3;1;B02
201200004738;0;7;0;0;2;3;13;A01
201200004739;0;7;0;0;0;3;0;A01
201200004740;0;7;0;0;2;2;1;B02
201200004740;0;7;0;0;2;1;19;A01
201200004741;0;2;0;0;2;1;11;A01
201200004741;0;7;0;0;2;2;21;B02
201200004742;0;7;0;0;2;3;10;A01
201200004742;0;33;0;0;2;1;1;B02
201200004743;0;7;0;0;2;3;21;A01
201200004743;0;7;0;0;2;3;21;B02
201200004744;0;33;0;0;2;1;17;A01
201200004744;0;21;0;0;0;6;15;B02
201200004745;0;7;0;0;2;1;1;A01
201200004745;0;7;0;0;2;3;0;B02
201200004746;0;7;0;0;1;2;1;A01
201200004747;0;7;0;0;2;1;1;B02
201200004747;0;30;0;0;2;1;13;A01
201200004748;0;7;0;0;2;2;13;A01
201200004748;0;7;0;0;2;1;1;B02
201200004749;0;7;0;0;2;1;1;A01
201200004749;0;7;0;0;2;1;13;B02
201200004750;0;33;0;0;2;1;1;B02
201200004750;0;7;0;0;2;6;9;A01
201200004751;0;31;0;0;2;8;21;A01
201200004752;0;31;0;8;0;1;1;A01
201200004753;0;7;0;0;2;3;13;A01
201200004753;0;7;0;0;2;3;1;B02
201200004754;0;14;0;6;0;3;13;A01
201200004755;0;7;0;8;0;8;1;A01
201200004756;0;14;0;8;0;7;13;A01
201200004757;0;7;0;2;0;2;1;A01
201200004758;0;33;0;3;0;1;1;A01
201200004759;0;7;0;8;0;2;1;A01
201200004760;0;7;0;0;2;1;5;A01
201200004760;0;7;0;0;2;1;1;B02
201200004761;0;7;0;13;0;1;1;A01
201200004762;0;7;0;0;2;2;1;B02
201200004762;0;7;0;0;2;2;1;A01
201200004763;0;10;0;2;0;2;1;A01
201200004764;0;7;0;0;2;1;1;B02
201200004764;0;7;0;0;2;7;1;A01
201200004765;0;7;0;0;2;1;1;A01
201200004765;0;7;0;0;2;4;15;B02
201200004765;0;7;0;0;2;1;1;C03
201200004766;0;7;0;0;0;6;1;A01
201200004766;0;7;0;0;2;2;17;B02
201200004766;0;7;0;0;9;1;2;C03
201200004767;0;33;0;3;0;1;1;A01
201200004767;0;7;0;0;2;7;1;B02
201200004768;0;7;0;0;2;3;20;A01
201200004768;0;31;0;0;2;1;1;B02
201200004769;0;7;0;0;2;3;15;A01
201200004769;0;33;0;0;2;8;1;B02
201200004770;0;7;0;0;2;1;1;A01
201200004770;0;7;0;0;2;4;15;B02
201200004771;0;7;0;0;0;1;1;A01
201200004772;0;7;0;0;2;1;13;A01
201200004772;0;7;0;0;2;3;1;B02
201200004773;0;7;0;0;2;8;1;B02
201200004773;0;33;0;0;2;1;13;A01
201200004774;0;7;0;0;1;2;1;A01
201200004775;0;7;0;0;2;1;1;A01
201200004775;0;7;0;0;2;3;15;B02
201200004776;0;33;0;0;2;1;21;B02
201200004776;0;7;0;0;2;2;15;A01
201200004777;0;14;0;2;0;1;0;A01
201200004778;0;7;0;0;2;1;1;B02
201200004778;2;7;0;0;2;1;6;A01
201200004779;0;33;0;0;0;7;1;A01
201200004780;0;7;0;0;2;8;9;A01
201200004780;0;33;0;0;2;1;1;B02
201200004781;0;17;0;0;0;0;1;C03
201200004781;0;15;0;0;2;1;0;B02
201200004781;0;7;0;0;2;1;11;A01
201200004782;0;7;0;0;1;1;1;A01
201200004783;0;7;0;0;2;3;13;A01
201200004783;0;17;0;0;2;3;1;B02
201200004784;0;7;0;0;2;1;1;A01
201200004784;0;7;0;0;2;8;19;B02
201200004785;0;7;0;16;0;9;1;A01
201200004786;0;33;0;0;2;1;5;A01
201200004786;0;7;0;0;2;3;1;B02
201200004787;0;33;0;0;2;1;0;A01
201200004787;0;7;0;0;2;1;0;B02
201200004788;0;7;0;13;0;9;1;A01
201200004789;0;31;0;13;0;3;14;A01
201200004790;0;7;0;0;2;3;13;A01
201200004790;0;7;0;0;2;3;1;B02
201200004791;0;7;0;0;2;3;1;B02
201200004791;0;7;0;0;2;3;13;A01
201200004792;0;7;0;9;0;1;1;A01
201200004793;0;33;0;7;0;1;13;A01
201200004794;0;7;0;0;2;7;13;A01
201200004794;0;7;0;0;2;1;1;B02
201200004795;0;36;0;5;0;2;1;A01
201200004796;0;7;0;0;2;1;15;A01
201200004796;0;35;0;0;2;1;0;B02
201200004797;0;7;0;0;2;3;15;B02
201200004797;0;33;0;0;2;3;1;A01
201200004798;0;33;0;0;2;1;13;A01
201200004798;0;7;0;0;2;2;1;B02
201200004799;0;33;0;2;0;3;1;A01
201200004800;0;10;0;2;0;7;14;A01
201200004801;0;30;0;0;0;0;0;A01
201200004801;0;7;0;0;0;0;0;B02
201200004802;0;7;0;0;2;2;15;A01
201200004802;0;33;0;0;2;1;1;B02
201200004803;0;7;0;0;2;1;1;B02
201200004803;0;7;0;0;2;1;13;A01
201200004804;0;7;0;0;1;1;1;A01
201200004805;0;10;0;0;2;8;1;C03
201200004805;0;7;0;0;2;1;17;A01
201200004805;0;7;0;0;2;1;16;B02
201200004806;0;7;0;0;0;3;16;A01
201200004806;0;33;0;0;0;7;1;B02
201200004807;0;7;0;0;1;1;1;A01
201200004808;0;7;0;0;2;3;13;A01
201200004808;0;99;0;0;2;3;1;B02
201200004809;0;33;0;0;0;1;1;A01
201200004810;0;7;0;0;9;2;1;A01
201200004810;0;99;0;0;2;6;1;B02
201200004811;0;7;0;2;0;5;1;A01
201200004812;0;7;0;0;2;8;2;B02
201200004812;0;7;0;0;2;3;13;A01
201200004813;0;1;0;0;2;1;1;B02
201200004813;0;10;0;0;2;2;15;A01
201200004814;0;7;0;0;2;7;19;A01
201200004814;0;7;0;0;2;1;1;B02
201200004815;0;7;0;0;2;1;2;A01
201200004815;0;7;0;0;2;8;1;B02
201200004816;0;7;0;0;2;1;13;A01
201200004816;0;7;0;0;2;1;1;B02
201200004817;0;17;0;0;2;5;16;A01
201200004817;0;1;0;0;2;1;1;B02
201200004818;0;10;0;2;0;3;1;A01
201200004819;0;7;0;10;0;8;1;A01
201200004820;0;10;0;8;2;1;21;A01
201200004821;0;7;0;2;0;1;13;A01
201200004822;0;7;0;0;2;8;15;A01
201200004822;0;33;0;0;2;2;17;B02
201200004823;0;21;0;0;0;5;17;A01
201200004823;0;1;0;0;0;8;1;B01
201200004824;0;7;0;0;0;4;23;A01
201200004824;0;10;0;0;0;4;2;C01
201200004824;0;13;0;0;0;1;2;E01
201200004824;0;7;0;0;0;4;23;B01
201200004824;0;7;0;0;0;1;2;D01
201200004825;0;7;0;0;0;5;1;A01
201200004825;0;7;0;0;0;3;23;B01
201200004826;0;7;0;0;2;3;1;A01
201200004826;0;7;0;0;2;3;13;B02
201200004827;0;7;0;0;2;1;1;C03
201200004827;0;3;0;0;2;3;1;B02
201200004827;0;7;0;0;2;3;15;A01
201200004828;0;10;0;0;0;0;1;A01
201200004829;0;21;0;0;0;6;15;B02
201200004829;0;10;0;0;2;2;17;A01
201200004830;0;7;0;2;0;3;1;A01
201200004831;0;7;0;0;2;3;15;A01
201200004831;0;30;0;0;2;8;1;B02
201200004832;0;7;0;0;2;1;15;A01
201200004832;0;7;0;0;2;3;1;B02
201200004833;0;7;0;0;1;1;1;A01
201200004834;0;7;0;6;0;1;1;A01
201200004835;0;30;0;0;0;7;21;A01
201200004836;0;7;0;0;0;3;1;B01
201200004836;0;7;0;0;0;2;15;C01
201200004836;0;7;0;0;0;8;1;A01
201200004837;0;33;0;0;2;1;1;A01
201200004837;0;10;0;0;2;4;4;B02
201200004838;0;7;0;6;0;2;1;A01
201200004839;0;33;0;0;0;0;0;A01
201200004840;0;7;0;15;0;1;1;A01
201200004841;0;1;0;0;2;1;1;B02
201200004841;0;7;0;0;2;3;16;A01
201200004842;0;7;0;0;2;3;15;A01
201200004842;0;33;0;0;2;1;1;B02
201200004843;0;10;0;2;0;1;13;A01
201200004844;0;7;0;0;1;2;1;A01
201200004845;0;7;0;2;0;8;19;A01
201200004846;0;7;0;0;2;4;1;B02
201200004846;0;7;0;0;2;1;2;A01
201200004847;0;7;0;0;2;3;17;B02
201200004847;0;7;0;0;2;3;1;A01
201200004848;0;7;0;2;0;1;1;A01
201200004849;0;7;0;0;2;1;15;A01
201200004849;0;30;0;0;2;1;1;B02
201200004850;0;7;0;0;2;2;19;A01
201200004850;0;7;0;13;2;9;1;B02
201200004850;0;7;0;0;2;3;1;C03
201200004851;0;7;0;13;0;1;1;A01
201200004852;0;7;0;2;0;1;1;A01
201200004853;0;7;0;0;2;2;1;B02
201200004853;0;7;0;0;2;6;19;A01
201200004854;0;2;0;0;1;3;1;A01
201200004855;0;7;0;0;2;1;1;B02
201200004855;0;7;0;0;2;8;1;A01
201200004856;0;7;0;0;0;1;1;A01
201200004857;0;1;0;0;0;4;1;B02
201200004857;0;7;0;0;9;2;2;A01
201200004858;0;7;0;0;0;0;15;B02
201200004858;0;33;0;0;2;0;1;A01
201200004859;0;1;0;0;2;7;1;B02
201200004859;0;21;0;0;9;1;9;A01
201200004860;0;7;0;2;0;7;1;A01
201200004861;0;7;0;13;0;3;23;A01
201200004861;0;7;0;0;2;2;1;B02
201200004862;0;37;0;8;0;2;1;A01
201200004863;0;7;0;0;1;3;1;A01
201200004864;0;10;0;2;0;3;13;A01
201200004865;0;33;0;0;0;0;15;A01
201200004866;0;7;0;11;2;1;1;A01
201200004866;0;7;0;6;2;1;11;B02
201200004867;0;7;0;8;0;1;1;A01
201200004868;0;33;0;0;2;8;15;B02
201200004868;0;7;0;0;2;1;16;A01
201200004869;0;7;0;0;2;3;1;B02
201200004869;0;7;0;0;2;3;1;A01
201200004870;0;7;0;13;0;9;1;A01
201200004871;0;7;0;0;2;8;9;A01
201200004871;0;7;0;0;2;1;1;B02
201200004872;0;33;0;0;2;2;17;B02
201200004872;0;7;0;0;2;8;17;A01
201200004873;0;7;0;0;1;3;1;A01
201200004874;0;7;0;0;2;3;15;A01
201200004874;0;7;0;0;2;1;1;B02
201200004875;0;7;0;2;0;2;1;A01
201200004876;0;7;0;0;1;1;1;A01
201200004877;0;31;0;0;0;8;15;A01
201200004878;1;10;0;0;1;3;1;A01
201200004879;0;7;0;0;1;7;1;A01
201200004880;0;10;0;0;2;8;1;A01
201200004880;0;33;0;0;2;1;3;B02
201200004881;0;10;0;0;2;0;1;B02
201200004881;0;10;0;0;2;1;1;C03
201200004881;0;10;0;0;2;1;5;A01
201200004882;0;7;0;0;2;1;15;A01
201200004882;0;7;0;0;2;1;1;B02
201200004883;0;7;0;0;2;1;1;A01
201200004883;0;7;0;0;2;8;19;B02
201200004884;0;7;0;0;2;8;1;B02
201200004884;0;33;0;0;2;8;1;A01
201200004885;0;7;0;0;2;3;1;B02
201200004885;0;7;0;0;2;3;13;A01
201200004886;0;7;0;0;2;3;15;A01
201200004886;0;7;0;0;2;3;1;B02
201200004887;0;15;0;0;2;0;1;B02
201200004887;0;10;0;0;2;3;19;A01
201200004888;0;7;0;0;2;1;1;B02
201200004888;0;7;0;0;2;8;1;C03
201200004888;0;7;0;0;2;1;5;A01
201200004889;0;7;0;2;0;8;1;A01
201200004890;0;7;0;0;2;3;13;A01
201200004890;0;7;0;0;2;3;0;B02
201200004891;0;2;0;15;0;1;1;A01
201200004892;0;7;0;14;0;1;2;A01
201200004892;0;7;0;14;0;4;2;B02
201200004892;0;7;0;0;1;4;23;C03
201200004893;0;7;0;1;0;2;13;A01
201200004894;0;7;0;2;0;4;9;B02
201200004894;0;7;0;0;2;2;1;A01
201200004895;0;7;0;0;2;1;15;A01
201200004895;0;31;0;0;2;1;1;B02
201200004896;0;2;0;0;0;7;1;A01
201200004897;0;2;0;0;2;1;1;A01
201200004897;0;1;0;0;2;1;1;B02
201200004898;0;7;0;0;0;0;0;A01
201200004899;0;7;0;0;1;1;10;A01
201200004900;0;7;0;2;0;1;14;A01
201200004901;0;2;0;0;2;1;1;B02
201200004901;0;10;0;0;2;1;1;A01
201200004902;0;1;0;5;0;1;0;A01
201200004903;0;7;0;0;2;3;19;A01
201200004903;0;7;0;0;2;1;1;B02
201200004904;0;7;0;6;0;1;1;A01
201200004905;0;33;0;0;2;7;17;B02
201200004905;0;14;0;0;2;3;1;A01
201200004906;0;10;0;0;2;3;15;A01
201200004906;0;33;0;0;2;1;17;B02
201200004907;0;33;0;0;2;1;1;A01
201200004907;0;13;0;0;2;1;0;B02
201200004908;0;7;0;2;0;2;1;A01
201200004909;0;33;0;0;0;3;1;A01
201200004910;0;33;0;0;2;1;1;A01
201200004910;0;10;0;0;2;7;15;B02
201200004911;0;33;0;0;0;1;1;B02
201200004911;0;7;0;0;2;3;13;A01
201200004912;0;7;0;6;0;1;13;A01
201200004913;0;7;0;0;1;3;1;A01
201200004914;0;2;0;0;2;7;1;A01
201200004914;0;7;0;0;2;1;15;B02
201200004915;0;7;0;0;2;1;15;B02
201200004915;2;7;0;0;2;7;1;A01
201200004916;0;7;0;0;1;1;1;A01
201200004917;0;7;0;0;2;3;5;A01
201200004917;0;7;0;0;2;1;1;B02
201200004918;0;30;0;0;2;1;19;B02
201200004918;0;14;0;0;2;8;1;A01
201200004919;0;7;0;0;2;3;15;B02
201200004919;0;2;0;0;2;1;1;A01
201200004920;0;7;0;0;2;3;15;B02
201200004920;0;31;0;0;2;1;1;A01
201200004921;0;7;0;0;2;0;1;A01
201200004921;0;30;0;0;2;1;15;B02
201200004922;0;7;0;0;1;2;1;A01
201200004923;0;7;0;0;0;1;15;A01
201200004923;0;33;0;;;;;A02
201200004924;0;33;0;0;0;1;2;A01
201200004925;0;33;0;13;0;0;1;A01
201200004926;0;7;0;0;1;2;1;A01
201200004927;0;30;0;0;2;1;19;A01
201200004927;0;7;0;0;2;3;19;B02
201200004928;0;30;0;0;2;1;1;A01
201200004928;0;33;0;0;2;1;13;B02
201200004929;0;7;0;13;0;1;1;A01
201200004930;0;17;0;0;0;0;1;A01
201200004930;0;7;0;0;2;3;1;B02
201200004931;0;33;0;10;0;1;1;A01
201200004932;0;7;0;0;2;8;1;B02
201200004932;0;33;0;0;2;8;1;A01
201200004933;0;7;0;0;2;8;1;B02
201200004933;0;14;0;0;2;8;1;A01
201200004934;0;7;0;0;1;1;1;A01
201200004935;0;7;0;0;2;3;1;A01
201200004935;0;7;0;0;2;3;1;B02
201200004936;0;7;0;0;1;1;1;A01
201200004937;0;7;0;0;1;1;1;A01
201200004938;0;7;0;0;2;2;1;B02
201200004938;0;30;0;0;2;1;1;A01
201200004939;0;7;0;0;2;1;1;B02
201200004939;0;7;0;0;2;1;1;A01
201200004940;0;7;0;0;1;1;1;A01
201200004941;0;7;0;2;0;1;0;A01
201200004942;0;3;0;8;0;8;13;A01
201200004943;0;10;0;2;0;1;19;A01
201200004944;0;33;0;0;0;1;1;B02
201200004944;0;2;0;0;0;1;17;A01
201200004945;0;1;0;13;0;1;14;A01
201200004946;0;7;0;4;0;2;1;A01
201200004947;0;7;0;0;2;3;23;C03
201200004947;0;7;0;0;2;2;15;A01
201200004947;0;7;0;0;2;1;1;B02
201200004948;0;7;0;0;2;1;13;B02
201200004948;0;7;0;0;2;1;1;A01
201200004949;0;7;0;0;1;8;1;A01
201200004950;0;7;0;6;0;6;1;A01
201200004951;0;7;0;0;2;3;9;A01
201200004951;0;33;0;0;2;5;9;B02
201200004952;0;7;0;0;2;3;1;A01
201200004952;0;7;0;0;2;2;19;B02
201200004953;0;7;0;2;0;9;2;A01
201200004954;0;7;0;0;2;3;1;B02
201200004954;0;7;0;0;2;3;5;A01
201200004955;0;7;0;2;0;1;13;A01
201200004956;0;15;0;0;2;7;1;A01
201200004956;0;1;0;0;2;8;1;B02
201200004957;0;7;0;0;1;1;1;A01
201200004958;0;14;0;0;2;3;1;B02
201200004958;0;7;0;0;2;2;13;A01
201200004959;0;7;0;0;2;3;1;B02
201200004959;0;33;0;0;2;6;1;A01
201200004960;0;1;0;0;0;4;1;B02
201200004960;0;10;0;0;9;2;1;A01
201200004961;0;7;0;0;2;1;16;B02
201200004961;0;7;0;0;2;1;15;A01
201200004962;0;7;0;2;0;1;1;A01
201200004963;0;30;0;0;2;1;19;A01
201200004963;0;1;0;0;0;0;1;B02
201200004964;0;7;0;0;1;3;1;A01
201200004965;0;7;0;0;0;9;21;A01
201200004966;0;7;0;13;0;1;1;A01
201200004967;0;7;0;0;2;1;1;A01
201200004967;0;7;0;0;2;1;1;B02
201200004968;0;1;0;0;2;8;1;B02
201200004968;0;7;0;0;9;1;1;A01
201200004969;0;7;0;6;0;1;1;A01
201200004970;0;10;0;0;0;1;1;A01
201200004971;0;31;0;0;0;1;17;A01
201200004971;0;21;0;0;0;3;15;B02
201200004972;0;7;0;0;2;8;15;B02
201200004972;0;14;0;0;2;3;1;A01
201200004973;0;7;0;0;2;7;1;A01
201200004973;0;2;0;0;2;1;19;B02
201200004974;0;1;0;9;0;1;0;A01
201200004975;0;7;0;10;0;3;1;A01
201200004976;0;7;0;1;2;1;1;B02
201200004976;0;7;0;6;2;1;17;A01
201200004977;0;10;0;0;2;5;15;B02
201200004977;0;10;0;0;2;3;17;A01
201200004978;0;33;0;0;9;1;0;A01
201200004979;0;33;0;0;0;0;0;A01