num_acc;senc;catv;occutc;obs;obsm;choc;manv;num_veh
201200005749;0;33;0;0;2;0;13;A01
201200005750;0;7;0;0;1;2;1;A01
201200005750;0;1;0;0;2;6;1;B02
201200005751;0;7;0;13;0;3;1;A01
201200005752;0;7;0;0;2;1;1;A01
201200005752;0;7;0;0;2;3;1;B02
201200005753;0;7;0;0;2;1;13;A01
201200005753;0;17;0;0;2;1;1;B02
201200005754;0;33;0;0;2;1;17;A01
201200005754;0;7;0;0;2;3;15;B02
201200005755;0;7;0;0;2;7;1;B02
201200005755;0;7;0;0;2;1;13;A01
201200005756;0;7;0;0;2;2;1;A01
201200005756;0;1;0;0;2;8;15;B02
201200005757;0;36;0;0;2;3;1;B02
201200005757;0;7;0;0;2;3;1;A01
201200005758;0;7;0;0;2;1;13;A01
201200005758;0;7;0;0;2;3;1;B02
201200005758;0;7;0;0;2;1;21;C03
201200005759;0;7;0;0;5;1;1;A01
201200005760;0;7;0;13;0;1;1;A01
201200005761;0;7;0;1;0;2;1;A01
201200005761;0;20;0;0;2;2;24;B02
201200005762;0;30;0;1;0;1;0;A01
201200005763;0;7;0;0;2;1;1;B02
201200005763;0;7;0;0;2;7;1;A01
201200005764;0;7;0;0;2;1;1;A01
201200005764;0;7;0;0;2;7;19;B02
201200005765;0;2;0;12;0;1;1;A01
201200005766;0;7;0;1;0;1;1;A01
201200005766;0;14;0;0;2;4;24;B02
201200005767;0;7;0;0;2;1;14;A01
201200005767;0;1;0;0;2;1;1;B02
201200005768;0;33;0;0;2;2;17;A01
201200005768;0;7;0;0;2;8;1;B02
201200005769;0;7;0;0;2;1;1;B02
201200005769;0;7;0;0;2;1;1;A01
201200005770;0;7;0;0;2;2;1;A01
201200005770;0;7;0;0;2;3;19;B02
201200005771;0;7;0;0;2;3;15;A01
201200005771;0;33;0;0;2;8;1;B02
201200005772;0;10;0;0;2;5;15;A01
201200005772;0;7;0;0;2;1;1;B02
201200005772;0;7;0;0;2;3;1;C03
201200005773;0;30;0;11;0;2;1;A01
201200005774;0;7;0;0;0;9;1;A01
201200005775;0;7;0;13;0;1;1;A01
201200005776;0;7;0;0;2;1;1;A01
201200005776;0;7;0;0;2;1;1;B02
201200005777;0;7;0;0;2;7;13;A01
201200005777;0;7;0;0;2;1;1;B02
201200005778;0;7;0;13;0;3;1;A01
201200005779;0;1;0;0;0;8;1;A01
201200005780;0;30;0;0;2;1;1;B02
201200005780;0;33;0;0;2;1;1;A01
201200005781;0;7;0;0;0;6;23;A01
201200005781;0;33;0;1;0;1;1;B02
201200005782;0;7;0;0;2;7;1;A01
201200005782;0;1;0;0;2;1;19;B02
201200005783;0;7;0;0;2;3;15;A01
201200005783;0;33;0;0;2;8;1;B02
201200005784;0;7;0;8;0;3;13;A01
201200005785;0;33;0;16;0;0;0;A01
201200005786;0;1;0;0;0;8;0;A01
201200005787;0;2;0;0;2;1;1;A01
201200005787;0;7;0;0;2;3;19;B02
201200005788;0;7;0;0;1;1;1;A01
201200005789;0;7;0;0;1;5;1;A01
201200005790;0;7;0;0;1;2;1;A01
201200005791;0;7;0;0;0;0;1;A01
201200005792;0;33;0;0;0;0;0;A01
201200005793;0;7;0;0;2;3;13;A01
201200005793;0;7;0;0;2;3;1;B02
201200005794;0;33;0;0;2;2;17;A01
201200005794;0;7;0;0;0;3;15;B02
201200005795;0;7;0;0;2;3;13;A01
201200005795;0;7;0;0;2;3;1;B02
201200005796;0;7;0;2;0;7;1;A01
201200005797;0;7;0;6;0;3;13;A01
201200005798;0;33;0;0;2;1;9;A01
201200005798;0;7;0;0;2;3;9;B02
201200005799;0;30;0;0;2;7;16;A01
201200005799;0;7;0;0;2;3;1;B02
201200005800;0;7;0;0;2;1;1;A01
201200005800;0;3;0;0;2;2;15;B02
201200005800;0;7;0;0;2;3;23;C03
201200005801;0;7;0;0;1;6;1;A01
201200005802;0;7;0;3;2;7;13;A01
201200005802;0;7;0;0;2;1;1;B02
201200005803;0;30;0;8;0;2;1;A01
201200005804;0;7;0;0;2;1;19;A01
201200005804;0;7;0;0;2;8;1;B02
201200005804;0;7;0;0;2;6;17;C03
201200005805;0;7;0;0;2;3;19;B02
201200005805;0;15;0;0;2;2;1;A01
201200005806;0;7;0;0;1;2;1;A01
201200005807;0;33;0;0;2;1;24;C03
201200005807;0;7;0;0;2;2;1;B02
201200005807;0;10;0;1;2;3;17;A01
201200005808;0;7;0;0;2;8;19;A01
201200005808;0;7;0;0;2;1;1;B02
201200005809;0;31;0;6;0;1;14;A01
201200005810;0;7;0;2;0;7;1;A01
201200005811;0;7;0;0;2;3;15;A01
201200005811;0;7;0;0;2;1;1;B02
201200005812;0;7;0;0;2;9;13;A01
201200005812;0;7;0;0;2;8;1;B02
201200005812;0;7;0;0;2;8;21;C03
201200005812;0;7;0;0;2;7;21;D04
201200005813;0;37;13;13;0;2;1;A01
201200005814;0;7;0;0;2;3;1;A01
201200005814;0;7;0;0;2;8;15;B02
201200005815;0;7;0;0;0;0;1;A01
201200005816;0;2;0;0;2;1;1;A01
201200005816;0;7;0;0;2;6;15;B02
201200005816;0;7;0;0;2;1;1;C03
201200005817;0;7;0;0;2;1;13;A01
201200005817;0;7;0;0;2;1;1;B02
201200005818;0;7;0;2;0;1;1;A01
201200005819;0;7;0;0;2;2;13;A01
201200005819;0;7;0;0;2;0;0;B02
201200005820;0;7;0;8;0;7;1;A01
201200005821;0;33;0;2;0;1;1;A01
201200005822;0;7;0;0;2;3;13;A01
201200005822;0;2;0;0;2;1;1;B02
201200005823;0;7;0;0;2;1;13;A01
201200005823;0;7;0;0;2;1;1;B02
201200005824;0;33;0;0;2;1;1;A01
201200005824;0;7;0;0;0;4;15;B02
201200005825;0;7;0;0;2;8;19;A01
201200005825;0;2;0;0;2;1;1;B02
201200005826;0;10;0;13;0;3;13;A01
201200005827;0;7;0;0;2;3;1;A01
201200005827;0;2;0;0;2;1;13;B02
201200005828;0;33;0;0;2;1;11;A01
201200005828;0;7;0;0;2;2;1;B02
201200005829;0;17;0;13;0;7;1;A01
201200005830;0;33;0;13;0;2;1;A01
201200005831;0;7;0;2;0;2;1;A01
201200005832;0;7;0;3;0;1;1;A01
201200005833;0;7;0;2;0;1;1;A01
201200005834;0;33;0;0;2;1;1;B02
201200005834;0;7;0;0;2;2;1;A01
201200005835;0;30;0;0;0;2;1;A01
201200005836;0;7;0;8;0;2;14;A01
201200005837;0;7;0;0;2;8;19;A01
201200005837;0;2;0;0;2;1;1;B02
201200005838;0;7;0;0;2;1;0;A01
201200005838;0;7;0;0;2;1;21;B02
201200005839;0;33;0;0;0;0;2;A01
201200005840;0;7;0;0;2;3;1;C03
201200005840;0;7;0;0;0;0;9;A01
201200005840;0;7;0;0;2;3;13;B02
201200005841;0;17;0;0;0;0;15;A01
201200005841;0;10;0;0;2;1;1;C03
201200005842;0;7;0;0;2;1;1;A01
201200005842;0;7;0;0;2;8;1;B02
201200005843;0;33;0;8;0;1;1;A01
201200005844;0;7;0;13;0;3;13;A01
201200005845;0;17;0;1;1;2;14;A01
201200005846;0;7;0;0;2;1;5;A01
201200005846;0;10;0;0;2;1;1;B02
201200005847;0;7;0;0;1;1;1;A01
201200005848;0;7;0;0;9;1;1;C03
201200005848;0;7;0;0;6;3;1;A01
201200005848;0;7;0;0;6;3;1;B02
201200005849;0;7;0;0;2;3;1;A01
201200005849;0;15;0;0;2;2;1;B02
201200005850;0;7;0;0;2;3;13;A01
201200005850;0;15;0;0;2;3;1;B02
201200005850;0;15;0;0;0;1;1;C03
201200005850;0;15;0;0;0;1;1;D04
201200005850;0;10;0;0;9;1;1;E05
201200005851;0;7;0;0;1;1;1;A01
201200005852;0;7;0;0;2;7;5;A01
201200005852;0;7;0;4;2;1;1;B02
201200005853;0;15;0;0;2;1;1;C03
201200005853;0;7;0;0;2;1;6;A01
201200005853;0;15;0;0;2;3;1;B02
201200005854;0;30;0;0;2;1;19;A01
201200005854;0;7;0;0;2;3;19;B02
201200005855;0;7;0;13;0;1;1;A01
201200005856;0;17;0;3;0;2;1;A01
201200005857;0;33;0;0;0;8;1;A01
201200005858;0;1;0;0;2;7;19;A01
201200005858;0;7;0;0;9;3;1;B02
201200005859;0;7;0;0;0;1;13;A01
201200005859;0;7;0;0;0;1;1;B02
201200005860;0;15;0;0;2;2;1;B02
201200005860;0;7;0;0;2;6;19;A01
201200005861;0;7;0;0;2;8;3;A01
201200005861;0;15;0;0;2;8;1;B02
201200005861;0;14;0;0;2;3;1;C03
201200005861;0;14;0;0;2;7;1;D04
201200005861;0;7;0;13;0;1;1;E05
201200005861;0;7;0;13;0;1;1;F06
201200005862;0;10;0;0;2;1;1;A01
201200005862;0;7;0;0;2;3;1;B02
201200005863;0;7;0;0;2;1;1;A01
201200005863;0;7;0;0;2;3;9;B02
201200005864;0;7;0;0;2;7;19;A01
201200005864;0;7;0;0;2;1;1;B02
201200005864;0;7;0;0;2;3;23;C03
201200005865;0;7;0;2;0;8;1;A01
201200005866;0;17;0;15;0;9;1;A01
201200005867;0;7;0;13;0;1;1;A01
201200005868;0;10;0;0;2;1;15;A01
201200005868;0;7;0;0;2;1;1;B02
201200005869;0;7;0;0;1;3;1;A01
201200005870;0;17;0;0;9;3;9;A01
201200005870;0;1;0;0;2;2;1;B02
201200005871;0;33;0;0;0;0;21;A01
201200005872;0;30;0;0;2;2;13;A01
201200005872;0;7;0;0;2;3;15;B02
201200005873;0;7;0;0;2;1;13;A01
201200005873;0;7;0;0;2;3;21;B02
201200005874;0;7;0;13;0;2;1;A01
201200005875;0;17;0;0;0;6;24;A01
201200005875;0;17;0;1;0;2;14;B02
201200005876;0;7;0;16;0;9;1;A01
201200005877;0;10;0;0;0;2;21;A01
201200005878;0;10;0;0;0;3;13;A01
201200005878;0;10;0;0;0;3;1;B02
201200005879;0;2;0;0;0;6;15;A01
201200005879;0;7;0;0;2;1;17;B02
201200005880;0;10;0;8;0;3;1;A01
201200005881;0;36;0;13;0;3;13;A01
201200005882;0;7;0;0;1;1;1;A01
201200005883;0;7;0;0;2;9;21;A01
201200005883;0;7;0;0;2;2;21;B02
201200005884;0;7;0;6;0;2;1;A01
201200005885;0;7;0;6;0;1;1;A01
201200005886;0;7;0;0;2;1;2;A01
201200005886;0;14;0;0;0;4;2;B02
201200005887;0;7;0;0;0;1;0;A01
201200005888;0;7;0;0;2;1;5;A01
201200005888;0;7;0;0;2;1;5;B02
201200005889;0;7;0;0;9;3;1;A01
201200005889;0;1;0;0;2;6;16;B02
201200005890;0;7;0;6;2;3;9;A01
201200005890;0;7;0;0;2;1;1;B02
201200005891;0;1;0;0;2;1;15;A01
201200005891;0;14;0;0;2;1;1;B02
201200005892;0;7;0;0;2;1;13;A01
201200005892;0;7;0;0;2;1;1;B02
201200005893;0;3;0;0;2;1;1;A01
201200005893;0;7;0;0;2;3;1;B02
201200005894;0;7;0;6;0;7;1;A01
201200005895;0;7;0;0;9;4;16;A01
201200005895;0;1;0;0;2;1;1;B02
201200005896;0;30;0;8;0;1;1;A01
201200005897;0;7;0;2;0;1;2;A01
201200005898;0;7;0;0;2;8;19;A01
201200005898;0;7;0;0;2;1;1;B02
201200005899;0;31;0;1;0;1;21;A01
201200005899;0;7;0;0;2;0;2;C03
201200005900;0;17;0;0;2;7;17;A01
201200005900;0;1;0;0;2;8;2;B02
201200005901;0;31;0;0;2;0;1;A01
201200005901;0;7;0;0;2;0;16;B02
201200005902;0;33;0;0;2;1;1;B02
201200005902;0;14;0;0;0;7;15;A01
201200005903;0;7;0;13;0;2;14;A01
201200005904;0;7;0;0;2;3;13;A01
201200005904;0;7;0;0;2;3;1;B02
201200005904;0;7;0;0;2;2;23;C03
201200005905;0;10;0;13;0;1;1;A01
201200005906;0;15;0;3;0;2;1;A01
201200005907;0;7;0;0;2;1;13;A01
201200005907;0;17;0;0;2;1;1;B02
201200005908;0;7;0;2;0;9;13;A01
201200005909;0;7;0;0;2;2;15;A01
201200005909;0;7;0;0;2;1;1;B02
201200005910;0;33;0;0;0;1;1;A01
201200005911;0;2;0;0;0;0;2;A01
201200005912;0;10;0;16;0;9;1;A01
201200005913;0;3;0;0;2;3;13;A01
201200005913;0;7;0;0;2;3;1;B02
201200005914;0;99;0;0;0;2;1;A01
201200005915;0;7;0;0;2;3;13;A01
201200005915;0;7;0;0;2;3;1;B02
201200005916;0;7;0;0;0;9;1;A01
201200005917;0;15;0;0;2;6;13;A01
201200005917;0;33;0;0;2;1;1;B02
201200005918;0;7;0;8;0;6;1;A01
201200005919;0;7;0;0;2;5;15;A01
201200005919;0;30;0;0;2;1;1;B02
201200005920;0;7;0;0;2;1;1;A01
201200005920;0;3;0;0;2;8;1;B02
201200005921;0;7;0;0;2;7;1;A01
201200005921;0;7;0;0;2;1;1;B02
201200005922;0;7;0;2;0;8;1;A01
201200005923;0;7;0;13;0;2;1;A01
201200005924;0;7;0;0;2;1;1;A01
201200005924;0;1;0;0;2;8;15;B02
201200005925;0;17;0;0;1;2;1;A01
201200005926;0;7;0;0;2;3;13;A01
201200005926;0;10;0;0;2;3;1;B02
201200005927;0;7;0;0;2;2;1;B02
201200005927;0;7;0;0;2;2;1;A01
201200005928;0;7;0;13;0;1;13;A01
201200005929;0;7;0;15;0;3;1;A01
201200005930;0;7;0;0;1;1;1;A01
201200005931;0;7;0;0;1;2;13;A01
201200005932;0;10;0;0;2;1;1;B02
201200005932;0;7;0;0;2;1;17;A01
201200005933;0;7;0;0;2;2;19;B02
201200005933;0;33;0;0;2;1;1;A01
201200005934;0;1;0;0;0;0;21;A01
201200005935;0;33;0;0;2;1;17;A01
201200005935;0;7;0;0;2;7;1;B02
201200005936;0;33;0;0;2;8;1;B02
201200005936;0;7;0;0;2;3;15;A01
201200005937;0;7;0;13;0;1;13;A01
201200005938;0;7;0;3;0;1;13;A01
201200005939;0;7;0;0;4;2;1;A01
201200005939;0;39;83;0;2;8;19;B02
201200005940;0;7;0;0;1;3;1;A01
201200005941;0;7;0;0;2;1;1;B02
201200005941;0;7;0;0;2;1;13;A01
201200005942;0;3;0;8;0;1;13;A01
201200005943;0;7;0;0;0;3;17;A01
201200005943;0;7;0;0;0;3;1;B02
201200005944;0;17;0;0;1;3;1;A01
201200005945;0;7;0;0;1;2;1;A01
201200005946;0;10;0;4;0;7;1;A01
201200005947;0;14;0;0;2;2;2;A01
201200005947;0;1;0;0;0;8;1;B02
201200005948;0;7;0;2;0;8;1;A01
201200005949;0;33;0;3;0;1;1;A01
201200005950;0;7;0;1;0;3;1;A01
201200005951;0;33;0;16;0;0;0;A01
201200005952;0;1;0;0;2;8;1;C03
201200005952;0;1;0;0;2;3;1;B02
201200005952;0;7;0;0;2;8;13;A01
201200005952;0;1;0;0;0;0;1;D04
201200005953;0;7;0;8;2;5;15;A01
201200005953;0;10;0;0;2;2;1;B02
201200005954;0;7;0;13;0;0;13;A01
201200005954;0;7;0;3;2;1;1;B02
201200005954;0;7;0;13;0;0;13;C03
201200005955;0;7;0;0;2;8;1;B02
201200005955;0;7;0;0;2;3;1;A01
201200005956;0;7;0;0;0;4;24;B02
201200005956;0;10;0;0;2;1;1;A01
201200005957;0;7;0;0;2;7;15;B02
201200005957;0;30;0;0;2;1;1;A01
201200005958;0;7;0;2;0;1;19;A01
201200005959;0;7;0;2;0;1;14;A01
201200005960;0;7;0;0;2;2;15;A01
201200005960;0;33;0;0;2;1;1;B02
201200005961;0;1;0;0;2;1;13;A01
201200005961;0;7;0;0;9;2;1;B02
201200005962;0;33;0;3;0;1;14;A01
201200005963;0;7;0;6;0;1;1;A01
201200005964;0;10;0;6;0;1;14;A01
201200005965;0;33;0;13;0;7;1;A01
201200005966;0;7;0;0;2;1;1;A01
201200005966;0;10;0;0;2;1;17;B02
201200005967;0;10;0;0;2;3;1;C03
201200005967;0;10;0;0;0;6;15;B02
201200005967;0;31;0;0;2;1;1;A01
201200005968;0;7;0;0;2;2;1;B02
201200005968;0;7;0;0;2;1;5;A01
201200005969;0;10;0;2;0;3;1;A01
201200005970;0;7;0;13;0;1;1;A01
201200005971;0;7;0;0;2;1;1;B02
201200005971;0;7;0;0;2;7;19;A01
201200005972;0;7;0;0;2;6;2;B02
201200005972;0;7;0;0;2;2;2;A01
201200005973;0;7;0;8;0;0;1;A01
201200005974;0;10;0;13;0;2;1;A01
201200005975;0;7;0;0;2;3;1;B02
201200005975;0;7;0;0;2;3;13;A01
201200005976;0;7;0;15;0;1;1;A01
201200005977;0;7;0;0;2;1;13;A01
201200005977;0;7;0;0;2;1;1;C03
201200005977;0;7;0;0;2;1;1;B02
201200005978;0;33;0;0;0;8;15;A01
201200005979;0;7;0;2;0;1;13;A01
201200005980;0;17;0;0;2;3;1;B02
201200005980;0;7;0;0;2;8;1;A01
201200005981;0;1;0;0;2;1;1;B02
201200005981;0;7;0;0;9;3;1;A01
201200005982;0;21;0;0;2;3;1;B02
201200005982;0;7;0;0;2;3;17;A01
201200005983;0;7;0;0;0;9;1;A01
201200005984;0;7;0;0;2;7;19;A01
201200005984;0;14;0;0;2;1;1;B02
201200005985;0;7;0;2;0;2;0;A01
201200005986;0;7;0;0;2;1;1;B02
201200005986;0;7;0;0;2;1;13;A01
201200005987;0;7;0;0;2;1;1;B02
201200005987;0;7;0;0;2;1;1;A01
201200005988;0;7;0;2;0;2;1;A01
201200005989;0;33;0;0;2;1;1;A01
201200005989;0;7;0;0;2;3;1;B02
201200005989;0;7;0;0;9;1;1;C03
201200005990;0;1;0;0;2;1;1;A01
201200005990;0;1;0;0;2;8;19;B02
201200005991;0;30;0;0;0;8;1;A01
201200005992;0;1;0;0;0;0;1;A01
201200005993;0;7;0;13;0;2;1;A01
201200005994;0;7;0;13;0;1;1;A01
201200005995;0;7;0;13;0;8;1;A01
201200005996;0;7;0;13;0;7;1;A01
201200005997;0;7;0;0;2;1;1;C03
201200005997;0;10;0;0;2;2;15;A01
201200005997;0;7;0;0;2;1;1;D04
201200005997;0;7;0;0;2;1;1;B02
201200005998;0;7;0;0;1;2;1;A01
201200005999;0;7;0;2;0;8;13;A01
201200006000;0;7;0;0;2;1;1;B02
201200006000;0;7;0;0;2;1;13;A01
201200006001;0;7;0;0;1;2;19;A01
201200006002;0;7;0;0;2;8;1;B02
201200006002;0;7;0;0;2;1;19;A01
201200006003;0;33;0;0;2;7;1;B02
201200006003;0;7;0;0;2;2;19;A01
201200006004;0;7;0;0;2;8;10;A01
201200006004;0;7;0;0;2;7;17;B02
201200006005;0;7;0;6;0;1;0;A01
201200006006;0;36;0;0;0;0;1;A01
201200006007;0;7;0;13;0;1;1;A01
201200006008;0;7;0;0;1;1;1;A01
201200006009;0;7;0;0;2;7;1;A01
201200006009;0;7;0;0;2;1;1;B02
201200006010;0;7;0;2;0;1;1;A01
201200006011;0;7;0;0;0;0;1;A01
201200006012;0;33;0;0;0;0;1;A01
201200006013;0;7;0;0;2;3;9;A01
201200006013;0;1;0;0;2;5;14;B02
201200006014;0;7;0;0;;4;2;A01
201200006014;0;30;0;0;2;1;2;B02
201200006015;0;7;0;13;0;9;1;A01
201200006016;0;7;0;0;2;7;1;B02
201200006016;0;7;0;0;2;1;13;C03
201200006016;0;7;0;0;2;1;1;A01
201200006017;0;2;0;0;2;1;1;B02
201200006017;0;7;0;0;2;2;15;A01
201200006018;0;7;0;6;0;8;1;A01
201200006019;0;7;0;0;1;2;1;A01
201200006020;0;7;0;0;2;1;1;B02
201200006020;0;7;0;0;2;1;13;A01
201200006021;0;7;0;0;2;8;1;B02
201200006021;0;10;0;0;2;8;13;A01
201200006022;0;31;0;8;0;3;18;A01
201200006023;0;7;0;6;0;1;16;A01
201200006024;0;14;0;13;0;1;1;A01
201200006025;0;7;0;0;2;8;1;B02
201200006025;0;7;0;0;2;1;19;A01
201200006026;0;30;0;8;0;1;1;A01
201200006027;0;7;0;0;2;7;17;A01
201200006027;0;1;0;0;2;8;1;B02
201200006028;0;7;0;0;2;1;1;B02
201200006028;0;7;0;0;2;1;13;A01
201200006029;0;30;0;0;0;1;1;A01
201200006030;0;17;0;0;2;1;1;C03
201200006030;0;16;0;0;2;3;1;A01
201200006030;0;7;0;0;2;3;1;B02
201200006031;0;10;0;3;2;2;15;A01
201200006031;0;10;0;3;2;1;1;B02
201200006032;0;10;0;0;1;2;16;A01
201200006033;0;7;0;0;2;3;1;B02
201200006033;0;10;0;0;2;3;14;A01
201200006034;0;7;0;8;0;7;1;A01
201200006035;0;7;0;0;1;1;1;A01
201200006036;0;15;0;0;0;0;15;A01
201200006037;0;7;0;2;0;9;13;A01
201200006038;0;7;0;0;2;1;13;A01
201200006038;0;15;0;0;2;1;0;B02
201200006038;0;7;0;0;2;8;1;C03
201200006039;0;33;0;0;2;1;1;B02
201200006039;0;7;0;0;2;7;15;A01
201200006040;0;7;0;0;2;1;2;A01
201200006040;0;7;0;0;0;6;15;B02
201200006041;0;7;0;2;0;8;2;A01
201200006042;0;7;0;0;0;7;17;A01
201200006042;0;30;0;0;0;8;15;B02
201200006043;0;7;0;0;1;5;4;A01
201200006044;0;7;0;0;1;3;1;A01
201200006045;0;33;0;0;2;1;17;B02
201200006045;0;7;0;0;2;8;15;A01
201200006046;0;7;0;0;9;3;17;A01
201200006046;0;1;0;0;2;1;1;B02
201200006047;0;7;0;0;2;2;1;B02
201200006047;0;2;0;0;2;6;13;A01
201200006048;0;7;0;0;2;3;17;A01
201200006048;0;7;0;8;2;3;1;B02
201200006049;0;7;0;0;2;6;1;B02
201200006049;0;7;0;0;2;1;19;A01
201200006050;0;7;0;13;0;2;1;A01
201200006051;0;30;0;16;0;2;1;A01
201200006052;0;7;0;0;2;3;6;A01
201200006052;0;33;0;0;2;1;17;B02
201200006053;0;7;0;0;0;7;15;A01
201200006053;0;7;0;0;2;1;1;B02
201200006054;0;30;0;6;0;0;15;A01
201200006055;0;7;0;13;0;9;1;A01
201200006056;0;7;0;0;2;3;1;A01
201200006056;0;7;0;8;2;3;1;B02
201200006057;0;7;0;0;2;3;1;C01
201200006057;0;7;0;0;2;3;2;B01
201200006057;0;7;0;0;2;3;13;A01
201200006058;0;7;0;0;9;1;15;A01
201200006058;0;2;0;0;2;3;1;B01
201200006059;0;7;0;0;9;1;1;B01
201200006059;0;30;0;0;2;1;16;A01
201200006060;0;7;0;6;0;2;14;A01
201200006061;0;7;0;2;0;8;14;A01
201200006062;0;7;0;8;0;9;17;A01
201200006063;0;33;0;0;2;1;1;B01
201200006063;0;7;0;0;2;2;0;A01
201200006064;0;2;0;11;0;3;1;A01
201200006065;0;7;0;0;2;2;15;A01
201200006065;0;7;0;0;2;3;1;B01
201200006066;0;7;0;0;9;3;22;A01
201200006066;0;30;0;0;2;1;1;B01
201200006067;0;30;0;0;2;1;15;A01
201200006067;0;7;0;0;2;1;1;B01
201200006068;0;7;0;2;0;1;1;A01
201200006069;0;7;0;0;2;1;1;B01
201200006069;0;2;0;0;2;1;1;A01
201200006070;0;33;0;0;2;1;14;A01
201200006070;0;7;0;0;9;3;13;B01
201200006071;0;2;0;0;2;1;1;A01
201200006071;0;7;0;0;0;4;1;B01
201200006072;0;2;0;0;2;1;1;A01
201200006072;0;7;0;0;0;4;2;B01
201200006073;0;30;0;0;2;8;15;A01
201200006073;0;7;0;0;2;2;1;B01
201200006074;0;30;0;0;2;1;1;B01
201200006074;0;7;0;0;2;3;0;A01
201200006075;0;7;0;0;1;1;1;A01
201200006076;0;7;0;0;2;6;10;A01
201200006076;0;31;0;0;2;1;1;B01
201200006077;0;7;0;0;1;1;1;A01
201200006078;0;10;0;0;2;6;1;B01
201200006078;0;2;0;0;2;1;1;A01
201200006079;0;2;0;0;2;1;1;A01
201200006079;0;7;0;0;2;8;15;B01
201200006080;0;7;0;0;0;6;0;B01
201200006080;0;2;0;15;0;1;1;A01
201200006081;0;7;0;0;2;5;15;A01
201200006081;0;2;0;0;2;1;1;B01
201200006082;0;2;0;0;2;1;1;B01
201200006082;0;7;0;0;2;3;1;A01
201200006083;0;2;0;0;1;1;1;A01
201200006084;0;7;0;0;1;1;16;A01
201200006085;0;7;0;0;9;0;20;A01
201200006085;0;33;0;0;2;1;1;B01
201200006086;0;7;0;16;0;9;13;A01
201200006087;0;7;0;0;2;3;15;A01
201200006087;0;33;0;0;2;1;1;B01
201200006088;0;7;0;0;2;1;1;B01
201200006088;0;7;0;0;2;6;1;A01
201200006089;0;7;0;14;0;1;1;A01
201200006090;0;20;0;0;0;0;0;A01
201200006091;0;2;0;8;0;1;1;A01
201200006092;0;1;0;0;2;7;1;A01
201200006092;0;7;0;0;2;1;15;B01
201200006093;0;15;0;0;2;2;17;A01
201200006093;0;15;0;0;2;6;1;B01
201200006094;0;7;0;0;2;2;15;A01
201200006094;0;7;0;0;2;1;1;B02
201200006095;0;2;0;0;0;0;1;A01
201200006096;0;7;0;0;2;1;1;A01
201200006096;0;7;0;0;2;4;2;B02
201200006097;0;10;0;0;0;1;1;A01
201200006098;0;7;0;0;2;1;1;B02
201200006098;0;10;0;0;2;8;19;A01
201200006099;0;31;0;15;0;1;1;A01
201200006100;0;7;0;0;2;1;1;A01
201200006100;0;7;0;0;2;7;19;B02
201200006101;0;7;0;0;1;2;17;B02
201200006102;0;30;0;0;6;1;1;A01
201200006103;0;7;0;0;2;1;0;A01
201200006103;0;7;0;0;2;6;0;B02
201200006104;0;10;0;0;2;2;15;B02
201200006104;0;7;0;15;2;3;1;A01
201200006105;0;7;0;13;0;1;1;A01
201200006106;0;7;0;6;0;2;15;A01
201200006107;0;7;0;0;1;1;1;A01
201200006108;0;7;0;0;1;1;1;A01
201200006109;0;7;0;13;0;9;1;A01
201200006110;0;7;0;2;0;3;1;A01
201200006111;0;21;0;0;0;0;1;A01
201200006112;0;7;0;0;0;4;2;B02
201200006112;0;7;0;0;2;1;2;A01
201200006113;0;7;0;0;1;3;1;A01
201200006114;0;7;0;0;2;1;15;A01
201200006114;0;2;0;0;2;1;1;B02
201200006115;0;15;0;0;0;0;19;B02
201200006115;0;33;0;0;2;2;17;A01
201200006116;0;10;0;2;0;9;1;A01
201200006117;0;7;0;0;1;1;1;A01
201200006118;0;10;0;0;2;2;1;A01
201200006118;0;30;0;0;2;1;1;B02
201200006119;0;33;0;0;2;1;1;B02
201200006119;0;7;0;0;2;3;19;A01
201200006120;0;7;0;0;1;2;2;A01
201200006121;0;7;0;0;2;7;0;A01
201200006122;0;10;0;0;1;7;1;A01
201200006123;0;14;0;0;1;3;1;A01
201200006124;0;10;0;0;0;1;0;B02
201200006124;0;7;0;0;0;1;1;A01
201200006125;0;7;0;0;2;1;2;A01
201200006125;0;7;0;0;0;4;2;B02
201200006126;0;7;0;0;2;3;1;A01
201200006126;0;30;0;0;2;7;12;B02
201200006127;0;7;0;0;1;2;1;A01
201200006128;0;7;0;13;0;1;1;A01
201200006129;0;7;0;0;2;1;1;B02
201200006129;0;7;0;0;2;2;1;A01
201200006130;0;1;0;0;2;8;0;C03
201200006130;0;17;0;0;2;2;2;A01
201200006131;0;7;0;0;2;2;1;B02
201200006131;0;1;0;0;2;1;19;A01
201200006132;0;7;0;0;2;8;1;B02
201200006132;0;33;0;0;2;1;1;A01
201200006133;0;7;0;0;2;2;1;A01
201200006133;0;7;0;0;2;8;0;B02
201200006134;0;2;0;0;0;8;1;A01
201200006134;0;10;0;0;2;1;1;B02
201200006135;0;7;0;10;0;9;0;A01
201200006136;0;34;0;0;0;7;1;A01
201200006137;0;7;0;2;0;8;1;A01
201200006138;0;7;0;0;2;5;15;A01
201200006138;0;7;0;0;2;1;1;B02
201200006138;0;7;0;0;2;3;23;C03
201200006139;0;33;0;0;0;7;1;A01
201200006140;0;7;0;0;2;1;17;A01
201200006140;0;7;0;0;0;4;0;B02