num_acc;senc;catv;occutc;obs;obsm;choc;manv;num_veh
201200006141;0;7;0;0;2;1;1;B02
201200006141;0;7;0;0;2;8;1;C03
201200006141;0;7;0;0;2;1;10;A01
201200006142;0;7;0;0;2;2;1;B02
201200006142;0;32;0;0;2;7;1;A01
201200006143;0;21;0;0;2;3;15;B02
201200006143;0;33;0;0;2;1;17;A01
201200006144;0;7;0;0;2;8;19;A01
201200006144;0;20;0;0;2;1;1;B02
201200006145;0;33;0;0;2;1;1;A01
201200006146;0;7;0;0;2;3;1;A01
201200006146;0;21;0;0;2;3;1;B02
201200006147;0;7;0;0;2;1;1;A01
201200006147;0;7;0;0;2;8;15;B02
201200006148;0;7;0;2;0;7;1;A01
201200006149;0;7;0;13;0;2;1;A01
201200006150;0;7;0;0;2;3;6;A01
201200006150;0;7;0;0;0;8;1;B02
201200006151;0;7;0;0;2;3;1;A01
201200006151;0;7;0;0;2;3;1;B02
201200006152;0;7;0;0;1;1;15;A01
201200006153;0;21;0;0;2;1;1;B02
201200006153;0;10;0;0;2;1;13;A01
201200006154;0;7;0;0;2;1;1;B02
201200006154;0;7;0;0;2;1;13;A01
201200006155;0;33;0;0;2;1;1;A01
201200006155;0;21;0;0;2;1;15;B02
201200006156;0;7;0;6;0;1;13;A01
201200006157;0;7;0;0;2;3;1;B02
201200006157;0;33;0;0;2;3;1;A01
201200006158;0;7;0;0;1;2;15;A01
201200006159;0;7;0;0;2;3;1;B02
201200006159;0;7;0;0;2;3;13;A01
201200006160;0;7;0;0;2;8;16;A01
201200006160;0;7;0;0;2;2;19;B02
201200006161;0;2;0;0;2;1;1;B02
201200006161;0;7;0;0;2;3;15;A01
201200006162;0;7;0;0;0;9;1;A01
201200006163;0;7;0;13;0;1;13;A01
201200006164;0;30;0;0;2;4;2;B02
201200006164;0;7;0;0;2;1;2;A01
201200006164;0;7;0;0;2;8;13;C03
201200006165;0;33;0;2;0;1;17;A01
201200006166;0;31;0;3;0;1;13;A01
201200006167;0;10;0;0;2;2;1;A01
201200006167;0;1;0;0;2;1;19;B02
201200006168;0;33;0;0;2;1;1;B02
201200006168;0;7;0;0;2;1;10;A01
201200006169;0;14;0;0;2;3;1;A01
201200006169;0;7;0;0;2;3;13;B02
201200006170;0;7;0;0;0;1;1;A01
201200006171;0;99;0;0;0;1;1;A01
201200006172;0;7;0;0;2;1;2;A01
201200006172;0;2;0;0;0;4;2;B02
201200006173;0;37;1;0;2;2;1;B02
201200006173;0;30;0;0;2;1;13;A01
201200006174;0;7;0;0;2;1;1;A01
201200006174;0;1;0;0;2;8;19;B02
201200006175;0;7;0;2;0;1;1;A01
201200006176;0;7;0;0;2;3;1;A01
201200006176;0;36;0;0;2;1;1;B02
201200006177;0;33;0;0;2;1;1;B02
201200006177;0;10;0;0;2;3;15;A01
201200006178;0;10;0;0;2;1;1;B02
201200006178;0;10;0;0;2;1;13;A01
201200006179;0;7;0;0;2;1;0;B02
201200006179;0;7;0;0;2;3;0;A01
201200006180;0;33;0;0;2;1;1;A01
201200006180;0;7;0;0;2;3;1;B02
201200006180;0;7;0;0;2;1;1;C03
201200006181;2;7;0;1;2;2;21;A01
201200006181;0;7;0;0;0;6;1;B02
201200006182;0;7;0;0;1;1;1;A01
201200006183;0;1;0;0;0;8;2;A01
201200006183;0;7;0;0;0;7;17;B02
201200006184;0;7;0;0;9;2;15;A01
201200006184;0;1;0;0;2;1;1;B02
201200006185;0;7;0;0;2;3;1;B02
201200006185;0;7;0;0;2;6;5;A01
201200006186;0;10;0;0;2;1;13;A01
201200006186;0;15;0;0;2;3;1;B02
201200006187;0;7;0;0;2;3;13;A01
201200006187;0;17;0;0;2;3;1;B02
201200006188;0;31;0;9;0;7;14;A01
201200006189;0;7;0;0;1;3;1;A01
201200006190;0;33;0;16;0;1;1;A01
201200006191;0;10;0;16;0;1;14;A01
201200006192;0;10;0;6;0;3;1;A01
201200006193;0;2;0;0;2;3;13;A01
201200006193;0;7;0;0;2;3;1;B02
201200006194;0;33;0;13;0;9;14;A01
201200006195;0;7;0;8;0;1;1;A01
201200006196;0;7;0;0;2;1;1;C03
201200006196;0;7;0;0;2;3;17;A01
201200006196;0;7;0;0;0;3;1;B02
201200006197;0;7;0;8;0;8;1;A01
201200006198;0;7;0;13;0;6;1;A01
201200006199;0;33;0;0;0;8;13;A01
201200006200;0;7;0;0;0;0;0;A01
201200006201;0;7;0;0;2;1;1;A01
201200006201;0;7;0;0;2;1;1;B02
201200006201;0;10;0;0;2;1;1;C03
201200006202;0;7;0;0;2;1;1;B02
201200006202;0;7;0;0;0;1;13;A01
201200006203;0;7;0;2;0;1;1;A01
201200006204;0;7;0;0;2;1;1;B02
201200006204;0;33;0;0;2;1;1;A01
201200006205;0;7;0;0;2;3;1;A01
201200006205;0;31;0;0;2;8;13;B02
201200006206;0;7;0;0;2;1;1;B02
201200006206;0;7;0;0;2;7;13;A01
201200006207;0;33;0;0;2;1;1;A01
201200006207;0;7;0;0;2;3;19;B02
201200006208;0;7;0;16;0;9;14;A01
201200006209;0;7;0;0;2;3;1;A01
201200006209;0;33;0;0;2;1;0;B02
201200006210;0;7;0;0;2;8;15;B02
201200006210;0;33;0;0;2;1;1;A01
201200006211;0;33;0;0;2;1;1;B02
201200006211;0;7;0;0;2;6;15;A01
201200006212;0;7;0;2;0;1;1;A01
201200006213;0;7;0;3;2;3;13;A01
201200006213;0;7;0;3;2;3;1;B02
201200006214;0;15;0;0;1;1;1;B02
201200006214;0;7;0;0;1;2;1;A01
201200006215;0;7;0;0;2;2;19;A01
201200006215;0;30;0;0;2;1;1;B02
201200006216;0;7;0;2;0;1;1;A01
201200006217;0;7;0;0;2;1;5;A01
201200006217;0;1;0;0;2;0;5;B02
201200006218;0;7;0;15;0;2;2;A01
201200006219;0;7;0;0;1;3;1;A01
201200006220;0;7;0;0;0;0;1;A01
201200006221;2;7;0;0;2;2;15;A01
201200006221;0;30;0;0;2;6;1;B02
201200006222;0;7;0;1;1;4;4;A01
201200006223;0;7;0;0;2;1;17;B02
201200006223;0;2;0;0;2;1;1;A01
201200006224;0;1;0;0;2;7;19;B02
201200006224;0;7;0;0;9;1;1;A01
201200006225;0;7;0;0;2;2;10;B02
201200006225;0;34;0;0;2;3;1;A01
201200006226;0;7;0;0;1;2;1;A01
201200006227;0;7;0;0;2;5;15;A01
201200006227;0;33;0;0;2;1;1;B02
201200006228;0;21;0;0;2;8;15;B02
201200006228;0;2;0;0;2;1;17;A01
201200006229;0;33;0;13;0;1;1;A01
201200006230;0;33;0;0;9;7;17;B02
201200006230;0;1;0;0;2;8;13;A01
201200006231;0;33;0;5;0;1;1;A01
201200006232;0;10;0;0;2;1;1;B02
201200006232;0;33;0;0;2;1;1;C03
201200006232;0;10;0;0;2;4;1;A01
201200006233;0;33;0;1;0;1;21;B02
201200006233;0;33;0;14;0;0;16;A01
201200006233;0;10;0;0;0;6;23;C03
201200006234;0;2;0;0;0;7;1;A01
201200006235;0;33;0;0;2;1;1;A01
201200006235;0;7;0;0;2;7;19;B02
201200006236;0;7;0;0;0;0;1;A01
201200006236;0;1;0;0;2;1;1;B02
201200006237;0;7;0;0;2;1;13;A01
201200006237;0;10;0;0;2;1;1;C03
201200006237;0;7;0;0;2;2;21;B02
201200006238;0;7;0;0;2;3;19;A01
201200006238;0;31;0;0;2;1;1;B02
201200006239;0;7;0;0;1;3;1;A01
201200006240;0;17;0;1;2;3;13;A01
201200006240;0;10;0;0;2;1;1;B02
201200006241;0;7;0;0;2;1;1;B02
201200006241;0;7;0;0;2;1;17;A01
201200006242;0;15;0;0;1;1;1;A01
201200006243;0;1;0;0;2;1;1;B02
201200006243;0;7;0;0;9;1;19;A01
201200006244;0;30;0;1;0;1;1;A01
201200006245;0;7;0;0;0;4;23;A01
201200006245;0;7;0;0;2;1;2;B02
201200006246;0;33;0;14;0;8;0;A01
201200006247;0;7;0;0;2;7;17;A01
201200006247;0;7;0;0;2;3;15;B02
201200006248;0;7;0;9;0;7;1;A01
201200006249;1;36;0;1;0;1;14;A01
201200006250;0;7;0;0;2;1;1;A01
201200006250;0;7;0;0;0;8;15;B02
201200006251;0;14;0;6;0;0;1;A01
201200006252;0;7;0;0;2;7;15;A01
201200006252;0;33;0;0;2;1;1;B02
201200006253;0;7;0;13;0;9;1;A01
201200006254;0;7;0;0;2;1;1;B02
201200006254;0;7;0;0;2;1;15;A01
201200006255;0;7;0;0;2;2;17;A01
201200006255;0;1;0;0;0;5;1;B02
201200006256;0;7;0;0;2;1;1;B02
201200006256;0;7;0;0;2;1;21;A01
201200006257;0;7;0;0;2;3;1;B02
201200006257;0;7;0;0;2;2;13;A01
201200006258;0;7;0;13;0;3;1;A01
201200006259;0;7;0;0;2;1;13;A01
201200006259;0;7;0;0;2;3;1;B02
201200006260;0;7;0;0;2;3;1;B02
201200006260;0;7;0;0;2;3;1;A01
201200006261;0;31;0;6;0;7;1;A01
201200006262;0;15;0;0;2;7;1;A01
201200006262;0;1;0;0;2;8;1;B02
201200006263;0;1;0;0;2;4;15;B02
201200006263;0;7;0;0;2;3;13;A01
201200006264;0;7;0;13;0;1;1;A01
201200006265;0;33;0;12;0;1;1;A01
201200006266;0;33;0;0;2;1;2;A01
201200006266;0;33;0;0;2;1;2;B02
201200006266;0;33;0;0;2;4;2;C03
201200006267;0;30;0;16;0;1;14;A01
201200006268;0;21;0;0;2;5;15;A01
201200006268;0;1;0;0;2;3;1;B02
201200006269;0;7;0;0;0;9;1;A01
201200006270;0;7;0;0;2;3;1;B02
201200006270;0;7;0;0;2;3;15;A01
201200006271;0;7;0;0;0;1;14;A01
201200006272;0;20;0;0;2;1;21;B02
201200006272;0;7;0;0;2;3;21;A01
201200006273;0;7;0;0;2;2;1;B02
201200006273;0;7;0;0;2;3;15;A01
201200006274;0;3;0;0;2;3;9;A01
201200006274;0;7;0;0;2;2;1;B02
201200006275;0;30;0;1;0;1;1;A01
201200006276;0;1;0;0;2;8;2;B02
201200006276;0;7;0;0;9;2;17;A01
201200006277;0;7;0;0;2;2;19;A01
201200006277;0;7;0;0;2;3;1;B02
201200006278;0;7;0;0;2;2;1;A01
201200006278;0;3;0;0;2;1;1;B02
201200006279;0;37;0;0;1;2;1;A01
201200006280;0;2;0;1;0;2;1;A01
201200006281;0;7;0;0;2;2;1;C03
201200006281;0;7;0;0;2;4;15;A01
201200006281;0;7;0;0;2;7;1;B02
201200006282;0;7;0;0;0;9;1;A01
201200006283;0;7;0;1;1;1;1;A01
201200006284;0;7;0;0;2;2;1;A01
201200006284;0;7;0;0;0;7;15;B02
201200006285;0;31;0;0;2;1;1;A01
201200006285;0;7;0;0;2;4;23;B02
201200006286;0;7;0;0;2;1;1;A01
201200006286;0;7;0;0;2;1;1;B02
201200006286;0;7;0;0;2;5;10;C03
201200006287;0;33;0;0;2;1;6;A01
201200006287;0;7;0;0;2;8;15;B02
201200006288;0;7;0;2;0;1;1;A01
201200006289;0;7;0;0;2;3;15;A01
201200006289;0;2;0;0;2;1;1;B02
201200006290;0;7;0;2;0;1;14;A01
201200006291;0;7;0;0;0;7;14;A01
201200006292;0;17;0;0;2;6;1;B02
201200006292;0;7;0;0;2;8;5;A01
201200006293;0;7;0;6;0;3;19;A01
201200006294;0;7;0;2;0;1;14;A01
201200006295;0;7;0;8;0;1;14;A01
201200006296;0;7;0;0;1;2;0;A01
201200006297;0;7;0;1;0;1;13;A01
201200006297;0;7;0;0;2;1;24;B02
201200006298;0;10;0;0;1;2;17;A01
201200006299;0;7;0;0;2;3;15;B02
201200006299;0;38;0;0;2;2;1;A01
201200006300;0;7;0;0;2;1;1;B02
201200006300;0;7;0;0;2;2;15;A01
201200006301;0;7;0;0;2;5;15;A01
201200006301;0;33;0;0;2;1;1;B02
201200006302;0;7;0;0;2;1;19;B02
201200006302;0;7;0;0;0;3;1;A01
201200006303;0;7;0;0;0;7;15;A01
201200006303;0;34;0;0;2;7;1;B02
201200006304;0;7;0;0;2;3;1;C03
201200006304;0;7;0;0;2;3;1;B02
201200006304;0;7;0;0;2;3;1;A01
201200006305;0;7;0;0;2;3;1;B02
201200006305;0;7;0;0;2;1;1;A01
201200006306;0;7;0;0;2;1;1;A01
201200006306;0;7;0;0;2;9;5;C03
201200006306;0;7;0;0;2;1;17;B02
201200006307;0;7;0;0;1;6;4;A01
201200006308;0;2;0;0;0;7;17;B02
201200006308;0;7;0;0;0;6;15;A01
201200006309;0;7;0;0;1;1;1;A01
201200006310;0;7;0;0;1;2;16;A01
201200006311;0;7;0;0;1;1;1;A01
201200006312;0;30;0;0;0;7;16;A01
201200006313;0;7;0;0;2;1;15;A01
201200006313;0;2;0;0;2;7;1;B01
201200006314;1;7;0;0;2;1;9;Z01
201200006314;0;2;0;0;2;5;1;A01
201200006315;0;7;0;0;2;3;13;A01
201200006315;0;7;0;0;2;3;1;B01
201200006316;0;7;0;0;2;2;15;A01
201200006316;0;7;0;0;2;1;1;B01
201200006317;1;17;0;0;2;3;9;Z01
201200006317;0;7;0;0;2;2;1;A01
201200006318;0;2;0;6;2;6;2;A01
201200006318;0;2;0;0;2;2;2;B01
201200006319;0;33;0;0;2;1;1;A01
201200006319;1;3;0;0;2;2;15;Z01
201200006320;0;7;0;0;2;3;9;A01
201200006320;0;1;0;0;2;2;1;B01
201200006321;0;7;0;0;2;4;23;B01
201200006321;0;7;0;9;2;3;14;A01
201200006322;0;33;0;0;2;1;1;A01
201200006322;0;7;0;0;2;7;1;B01
201200006323;0;10;0;0;2;7;15;B01
201200006323;0;7;0;0;2;1;1;A01
201200006324;0;2;0;11;0;3;21;A01
201200006324;1;7;0;0;0;0;0;Z01
201200006325;0;7;0;13;0;3;13;A01
201200006326;0;7;0;0;2;4;23;A01
201200006326;1;7;0;14;2;1;2;Z01
201200006327;0;7;0;0;2;7;1;A01
201200006327;0;7;0;0;2;3;16;B01
201200006328;0;7;0;0;1;1;16;A01
201200006329;0;7;0;0;2;3;15;A01
201200006329;0;33;0;0;2;1;1;B01
201200006330;0;7;0;14;0;1;2;A01
201200006330;0;7;0;0;2;4;23;B01
201200006331;0;7;0;9;0;1;13;A01
201200006332;0;7;0;0;0;4;1;A01
201200006332;1;7;0;0;2;1;2;Z01
201200006333;0;10;0;0;2;2;1;A01
201200006333;0;7;0;0;2;3;16;B01
201200006334;0;30;0;11;0;1;13;A01
201200006335;0;33;0;0;1;1;1;A01
201200006336;0;10;0;0;2;7;15;A01
201200006336;0;1;0;0;2;1;1;B01
201200006337;0;7;0;0;2;5;15;A01
201200006337;0;33;0;0;2;8;1;B01
201200006338;0;2;0;0;2;1;1;B01
201200006338;0;7;0;0;2;8;1;A01
201200006339;0;7;0;0;2;2;14;A01
201200006339;0;1;0;0;2;3;13;B01
201200006340;0;7;0;13;2;3;13;A01
201200006340;0;7;0;0;2;3;1;B01
201200006341;0;30;0;0;2;8;1;A01
201200006341;1;7;0;0;2;2;15;Z01
201200006342;0;2;0;0;2;1;17;A01
201200006342;0;7;0;0;2;3;15;B01
201200006343;0;1;0;0;2;6;1;A01
201200006343;1;7;0;0;2;3;2;Z01
201200006344;0;33;0;0;1;1;17;A01
201200006345;0;7;0;0;1;1;15;A01
201200006346;0;7;0;15;0;9;15;A01
201200006347;0;10;0;0;2;1;2;A01
201200006347;0;7;0;0;2;1;2;B01
201200006347;0;7;0;0;2;1;2;C01
201200006348;0;10;0;7;0;1;15;A01
201200006349;0;33;0;0;1;1;1;A01
201200006350;0;10;0;0;2;1;1;A01
201200006350;0;7;0;0;2;8;1;B01
201200006351;0;2;0;12;0;2;14;A01
201200006352;0;7;0;0;2;2;1;A01
201200006352;0;31;0;0;2;1;1;B01
201200006353;0;7;0;0;2;3;9;A01
201200006353;0;30;0;0;2;6;1;B01
201200006354;0;10;0;14;0;1;2;A01
201200006354;0;7;0;0;2;4;23;B01
201200006354;0;17;0;0;2;1;16;C01
201200006355;0;7;0;0;1;2;1;A01
201200006356;0;10;0;0;2;3;2;A01
201200006356;0;7;0;0;0;4;2;B01
201200006357;0;7;0;0;1;1;1;A01
201200006358;0;1;0;0;2;1;15;A01
201200006358;0;7;0;0;2;3;1;B01
201200006359;0;30;0;0;2;8;13;A01
201200006359;0;38;1;0;2;8;1;B01
201200006360;0;7;0;0;2;1;1;A01
201200006360;0;7;0;6;2;7;1;B01
201200006361;2;7;0;0;2;2;17;A01
201200006361;0;7;0;15;2;6;1;B01
201200006362;0;1;0;13;0;7;21;A01
201200006362;1;7;0;0;0;0;13;Z01
201200006363;0;2;0;0;2;2;17;A01
201200006363;0;10;0;0;2;3;15;B01
201200006364;0;7;0;0;1;1;15;A01
201200006365;0;2;0;0;2;1;2;A01
201200006365;0;10;0;0;2;4;2;B01
201200006366;0;33;0;13;0;1;13;A01
201200006366;1;99;0;0;2;8;1;Z01
201200006367;2;7;0;0;1;1;1;A01
201200006368;0;7;0;0;2;7;16;A01
201200006368;0;2;0;0;2;1;1;B01
201200006369;0;7;0;0;1;1;1;A01
201200006370;0;7;0;0;1;1;15;A01
201200006371;0;7;0;0;2;2;9;A01
201200006371;0;1;0;0;2;2;1;B01
201200006372;0;33;0;0;2;1;1;B01
201200006372;0;15;0;0;2;5;15;A01
201200006373;0;2;0;12;2;2;17;A01
201200006373;0;7;0;0;2;6;1;B01
201200006374;0;7;0;0;1;4;4;A01
201200006375;0;7;0;0;1;1;1;A01
201200006376;0;7;0;0;2;3;15;A01
201200006376;0;2;0;0;2;1;1;B01
201200006377;0;30;0;0;2;1;1;A01
201200006377;0;7;0;0;2;3;15;B01
201200006378;0;30;0;0;2;6;1;A01
201200006378;1;7;0;0;2;2;15;Z01
201200006379;0;7;0;0;2;1;9;A01
201200006379;0;1;0;0;2;2;1;B01
201200006380;1;7;0;0;0;0;9;Z01
201200006380;0;30;0;0;0;7;21;A01
201200006381;0;7;0;0;2;7;13;A01
201200006381;0;7;0;0;2;1;1;B01
201200006382;0;7;0;0;2;1;1;A01
201200006382;0;7;0;0;2;1;1;B02
201200006383;0;7;0;0;0;0;1;A01
201200006383;0;1;0;0;0;0;1;B02
201200006384;0;7;0;0;2;1;13;A01
201200006384;0;7;0;0;2;3;1;B02
201200006385;0;14;0;0;0;9;1;A01
201200006386;0;7;0;0;0;7;1;A01
201200006386;0;7;0;0;0;1;1;B02
201200006387;0;7;0;0;2;1;1;B02
201200006387;0;14;0;0;2;3;1;A01
201200006388;0;7;0;0;2;1;13;A01
201200006388;0;38;0;2;2;3;1;B02
201200006389;0;14;0;0;1;4;4;A01
201200006390;0;7;0;13;0;2;1;A01
201200006391;0;7;0;0;2;1;1;B02
201200006391;0;7;0;0;2;1;15;A01
201200006392;0;7;0;0;2;2;17;A01
201200006392;0;21;0;0;2;3;15;B02
201200006393;0;14;0;0;1;0;19;A01
201200006394;0;7;0;0;0;0;1;B02
201200006394;0;7;0;0;0;2;15;A01
201200006395;0;7;0;2;0;8;0;A01
201200006396;0;21;0;0;0;8;1;B02
201200006396;0;33;0;0;0;7;17;A01
201200006397;0;7;0;0;1;1;1;A01
201200006398;0;7;0;0;1;3;9;A01
201200006399;0;7;0;0;0;3;0;A01
201200006399;0;7;0;0;2;1;19;B02
201200006400;0;30;0;0;0;0;0;A01
201200006401;0;7;0;0;0;7;1;A01
201200006401;0;30;0;0;2;0;1;B02
201200006402;0;7;0;2;0;1;1;A01
201200006403;0;7;0;0;1;2;0;B02
201200006403;0;7;0;0;1;1;1;A01
201200006404;0;7;0;0;2;1;13;A01
201200006404;0;7;0;0;2;1;1;B02
201200006405;0;33;0;0;6;1;1;A01
201200006406;0;7;0;3;0;2;1;A01
201200006407;0;7;0;0;2;3;13;A01
201200006407;0;7;0;0;2;3;1;B02
201200006408;0;7;0;0;2;3;1;B02
201200006408;0;7;0;0;2;1;13;A01
201200006409;0;17;0;0;2;6;23;B02
201200006409;0;7;0;1;0;2;0;A01
201200006410;0;7;0;3;0;3;1;B02
201200006410;0;10;0;3;0;0;17;A01
201200006411;0;7;0;0;1;1;14;A01
201200006412;0;7;0;0;2;2;1;A01
201200006412;0;1;0;0;2;8;19;B02
201200006413;0;7;0;0;2;5;15;A01
201200006413;0;30;0;0;2;0;1;B02
201200006414;0;15;0;0;2;1;1;B02
201200006414;0;7;0;0;2;7;1;A01
201200006415;0;7;0;0;0;2;1;A01
201200006416;0;7;0;2;0;2;1;A01
201200006417;0;7;0;2;0;1;1;A01
201200006418;0;7;0;13;6;1;21;A01
201200006419;0;7;0;0;2;2;1;B02
201200006419;0;33;0;0;2;1;1;A01
201200006420;0;7;0;0;2;8;17;A01
201200006420;0;33;0;0;2;7;17;B02
201200006421;0;31;0;0;6;1;1;A01
201200006422;0;7;0;1;0;1;13;A01
201200006423;0;33;0;0;0;2;1;A01
201200006424;0;7;0;0;1;2;1;A01
201200006425;0;7;0;0;2;3;1;A01
201200006425;0;15;0;0;0;0;15;B02
201200006426;0;30;0;0;0;0;1;A01
201200006427;0;7;0;0;6;2;1;A01
201200006428;0;7;0;0;2;3;1;B02
201200006428;0;7;0;0;2;3;13;A01
201200006429;0;7;0;16;0;1;1;A01
201200006430;0;33;0;0;0;1;1;A01
201200006431;0;17;0;0;1;5;21;A01
201200006432;0;7;0;13;0;1;1;A01
201200006433;0;7;0;0;2;1;13;A01
201200006433;0;7;0;0;2;3;1;B02
201200006434;0;7;0;0;2;2;1;A01
201200006434;0;7;0;0;2;3;1;B02
201200006435;0;14;0;0;2;3;19;A01
201200006435;0;7;0;0;2;1;1;B02
201200006436;0;7;0;0;2;1;1;B02
201200006436;0;7;0;0;2;3;17;A01
201200006437;0;7;0;0;0;3;0;A01
201200006437;0;10;0;0;0;3;0;B02
201200006438;0;7;0;0;0;3;9;A01
201200006438;0;15;0;0;2;2;1;B02
201200006439;0;7;0;2;0;2;13;A01
201200006440;0;7;0;0;2;2;1;B02
201200006440;0;7;0;0;2;6;13;A01
201200006441;0;7;0;0;1;1;1;A01
201200006442;0;7;0;0;0;9;21;A01
201200006443;0;7;0;0;2;1;2;A01
201200006443;0;30;0;0;0;4;13;B02
201200006444;0;1;0;0;2;3;1;A01
201200006444;0;7;0;0;2;8;1;B02
201200006445;0;14;0;13;0;0;2;B02
201200006445;0;10;0;13;0;0;17;A01
201200006446;0;2;0;15;0;1;21;A01
201200006447;0;7;0;0;2;1;1;B02
201200006447;0;7;0;0;2;1;6;A01
201200006448;0;10;0;0;0;2;17;B02
201200006448;0;7;0;0;2;3;1;C03
201200006448;0;21;0;0;2;6;1;A01
201200006449;0;7;0;5;0;3;0;A01
201200006450;0;7;0;6;0;1;1;A01
201200006451;0;10;0;0;2;1;1;A01
201200006451;0;2;0;0;2;1;13;B02
201200006452;0;7;0;0;2;2;19;A01
201200006452;0;7;0;0;2;3;1;B02
201200006453;0;21;0;0;0;0;0;B02
201200006453;0;99;0;0;2;4;2;C03
201200006453;0;7;0;0;2;1;2;A01
201200006454;0;30;0;0;2;1;15;A01
201200006454;0;7;0;0;2;1;1;B02
201200006455;0;7;0;0;0;1;1;A01
201200006456;0;7;0;2;0;9;1;A01
201200006457;0;7;0;2;0;1;1;A01
201200006458;0;33;0;16;0;7;1;A01
201200006459;0;15;0;0;2;5;23;B02
201200006459;0;33;0;0;2;1;1;A01
201200006460;0;33;0;13;0;1;1;A01
201200006461;0;7;0;0;2;2;21;B02
201200006461;0;1;0;0;2;6;1;A01
201200006462;0;7;0;2;0;1;1;A01
201200006463;0;14;0;6;2;5;17;A01
201200006463;0;14;0;0;2;8;1;B02
201200006464;0;34;0;3;0;8;1;A01
201200006465;0;7;0;13;0;9;1;A01
201200006466;1;7;0;15;0;3;0;A01
201200006467;0;17;0;0;2;2;2;B02
201200006467;0;7;0;0;2;8;10;A01
201200006468;0;30;0;0;2;1;1;B02
201200006468;0;7;0;0;9;1;1;A01
201200006469;0;7;0;0;2;2;15;A01
201200006469;0;1;0;0;2;1;1;B02
201200006470;0;7;0;0;2;3;13;A01
201200006470;0;7;0;0;2;3;1;B02
201200006471;0;7;0;12;2;7;1;A01
201200006471;0;7;0;0;2;1;1;B02
201200006472;0;7;0;6;0;9;14;A01
201200006473;0;3;0;13;0;3;1;A01
201200006474;0;7;0;2;0;3;13;A01
201200006475;0;7;0;13;0;1;13;A01
201200006476;0;7;0;0;2;6;20;A01
201200006476;0;17;0;1;0;6;1;B02
201200006477;0;7;0;9;0;3;13;A01
201200006478;0;7;0;0;2;3;1;B02
201200006478;0;1;0;0;2;1;13;A01
201200006479;0;7;0;6;0;1;0;A01
201200006480;0;7;0;13;6;1;1;A01
201200006481;0;7;0;0;1;3;16;A01
201200006482;0;1;0;0;2;1;1;A01
201200006482;0;7;0;0;2;3;16;B02
201200006483;0;30;0;1;0;1;2;A01
201200006483;0;7;0;0;2;5;2;B02
201200006484;0;31;0;0;2;0;15;A01
201200006485;0;33;0;0;2;1;17;A01
201200006485;0;7;0;0;2;3;1;B02
201200006486;0;7;0;0;0;3;0;A01
201200006486;0;7;0;0;0;2;0;B02
201200006487;0;7;0;0;2;1;2;A01
201200006487;0;7;0;0;2;4;15;B02
201200006488;0;15;0;0;0;7;1;A01
201200006489;0;7;0;8;0;1;1;A01
201200006490;0;7;0;0;0;6;10;A01
201200006490;0;33;0;0;2;8;1;B02
201200006491;0;7;0;2;0;9;1;A01
201200006492;0;7;0;13;0;1;1;A01
201200006493;0;36;0;0;2;1;2;A01
201200006493;0;36;0;0;2;4;16;B02
201200006494;0;7;0;2;0;8;0;A01
201200006495;2;7;0;12;0;3;1;A01
201200006496;0;14;0;0;1;3;24;A01
201200006497;0;31;0;0;2;3;13;A01
201200006497;0;7;0;0;2;3;1;B02
201200006498;0;7;0;0;0;3;15;A01
201200006498;0;33;0;0;2;1;17;B02
201200006499;0;14;0;0;2;2;1;B02
201200006499;0;30;0;0;2;1;1;A01
201200006500;0;10;0;2;0;1;14;A01
201200006501;0;7;0;0;2;8;19;A01
201200006501;0;7;0;0;2;1;1;B02
201200006502;0;7;0;7;0;8;18;A01
201200006503;0;33;0;16;2;8;23;A01
201200006504;0;7;0;0;2;3;1;A01
201200006504;0;30;0;0;2;1;19;B02
201200006505;0;7;0;6;2;2;17;A01
201200006505;0;1;0;0;2;3;15;B02
201200006506;0;33;0;2;0;0;0;A01
201200006507;0;31;0;0;2;3;1;A01
201200006507;0;7;0;0;2;3;1;B02
201200006508;0;2;0;15;0;1;14;A01
201200006509;0;7;0;0;2;3;13;A01
201200006509;0;7;0;0;2;3;1;B02
201200006510;0;30;0;12;0;0;21;A01
201200006511;0;2;0;0;2;1;13;A01
201200006511;0;7;0;0;2;3;1;B02
201200006512;0;7;0;2;6;1;1;A01
201200006513;0;7;0;0;1;2;0;A01
201200006514;0;7;0;0;2;2;17;A01
201200006514;0;2;0;0;0;8;15;B02
201200006515;0;10;0;3;0;9;1;A01
201200006516;0;33;0;13;0;1;1;A01
201200006517;0;36;0;0;0;8;1;A01
201200006518;0;7;0;0;0;8;15;A01
201200006518;0;33;0;0;2;1;1;B02
201200006519;0;7;0;0;0;4;23;A01
201200006519;0;30;0;0;2;1;2;B02
201200006520;0;17;0;0;0;2;1;A01
201200006521;0;10;0;0;2;1;1;A01
201200006521;0;21;0;0;2;2;15;B02
201200006522;0;7;0;0;6;1;1;A01
201200006523;0;7;0;0;2;1;17;B02
201200006523;0;10;0;0;2;1;1;A01
201200006524;0;7;0;0;2;2;15;A01
201200006524;0;10;0;0;2;1;1;B02
201200006525;0;7;0;0;2;3;16;A01
201200006525;0;2;0;0;2;1;1;B02
201200006526;0;7;0;0;2;1;1;A01
201200006526;0;21;0;0;2;3;1;B02
201200006527;0;2;0;0;2;7;15;A01