num_acc;senc;catv;occutc;obs;obsm;choc;manv;num_veh
201200006527;0;7;0;0;2;1;1;B02
201200006528;0;10;0;8;0;1;13;A01
201200006529;0;33;0;0;0;1;1;A01
201200006530;0;99;0;0;2;2;14;A01
201200006530;0;99;0;0;2;1;14;B02
201200006531;0;10;0;13;0;1;1;A01
201200006532;0;7;0;0;2;3;13;A01
201200006532;0;7;0;0;2;8;21;B02
201200006533;0;7;0;0;2;6;15;A01
201200006533;0;2;0;0;2;1;1;B02
201200006534;0;7;0;0;2;1;17;A01
201200006534;0;38;0;0;2;6;1;C03
201200006534;0;7;0;0;2;1;1;B02
201200006535;0;33;0;0;0;8;1;A01
201200006536;0;7;0;0;1;3;1;A01
201200006537;0;7;0;0;2;1;1;A01
201200006537;0;7;0;0;2;8;19;B02
201200006538;0;7;0;0;2;3;13;A01
201200006538;0;7;0;0;2;3;1;B02
201200006539;0;33;0;0;6;1;1;A01
201200006540;0;7;0;0;0;0;13;A01
201200006541;0;7;0;13;0;0;1;A01
201200006542;0;7;0;0;2;1;1;A01
201200006542;0;7;0;0;2;3;1;B02
201200006543;0;7;0;0;2;1;13;A01
201200006543;0;7;0;0;2;1;1;B02
201200006544;0;7;0;0;2;3;13;A01
201200006544;0;10;0;0;2;3;1;B02
201200006545;0;7;0;0;4;5;1;A01
201200006546;0;7;0;0;2;1;1;B02
201200006546;0;7;0;0;2;1;13;A01
201200006547;0;7;0;0;2;7;13;A01
201200006547;0;7;0;0;2;1;1;B02
201200006548;0;30;0;0;0;8;14;A01
201200006549;0;31;0;0;2;1;5;A01
201200006549;0;7;0;0;2;3;1;B02
201200006550;0;7;0;2;0;7;1;A01
201200006551;0;2;0;0;0;1;14;A01
201200006551;0;7;0;0;0;1;1;B02
201200006552;0;7;0;0;2;4;15;B02
201200006552;0;31;0;0;2;1;1;A01
201200006553;0;10;0;0;1;5;4;A01
201200006554;0;33;0;0;0;1;14;A01
201200006555;0;7;0;4;0;2;1;A01
201200006556;1;7;0;0;1;0;0;A01
201200006557;0;7;0;16;0;9;1;A01
201200006558;0;30;0;0;2;1;13;A01
201200006558;0;7;0;0;2;1;1;B02
201200006559;0;33;0;0;2;1;2;A01
201200006559;0;7;0;0;0;6;2;B02
201200006560;0;7;0;0;2;3;13;A01
201200006560;0;17;0;0;2;3;1;B02
201200006561;0;7;0;0;2;3;1;A01
201200006561;0;7;0;0;2;3;1;B02
201200006562;0;30;0;6;0;1;1;A01
201200006563;1;7;0;0;2;1;13;A01
201200006563;0;30;0;0;0;1;0;B02
201200006564;0;10;0;0;0;0;15;A01
201200006565;0;33;0;0;0;7;1;A01
201200006566;0;7;0;2;0;7;1;A01
201200006567;0;14;0;0;2;1;1;A01
201200006567;0;14;0;0;2;1;1;B02
201200006568;0;7;0;0;2;2;1;B02
201200006568;0;2;0;0;2;2;13;A01
201200006569;0;7;0;13;0;9;1;A01
201200006570;0;7;0;0;2;7;13;A01
201200006570;0;7;0;0;2;7;1;B02
201200006570;0;7;0;0;2;2;1;C03
201200006571;0;7;0;0;9;8;15;A01
201200006571;0;1;0;0;2;1;1;B02
201200006571;0;1;0;0;2;1;1;C03
201200006571;0;1;0;0;2;1;1;D04
201200006572;0;7;0;0;2;1;2;A01
201200006572;0;7;0;0;2;5;16;B02
201200006573;0;7;0;0;2;2;17;A01
201200006573;0;15;0;0;2;2;1;B02
201200006574;0;33;0;8;0;1;1;A01
201200006575;0;15;0;0;0;8;13;A01
201200006576;0;7;0;0;1;2;1;A01
201200006577;0;10;0;0;2;1;13;A01
201200006577;0;7;0;0;2;8;1;C02
201200006577;0;7;0;0;2;8;1;B03
201200006578;0;7;0;0;2;2;1;A02
201200006578;0;30;0;0;2;1;15;B01
201200006579;0;7;0;0;1;2;1;A01
201200006580;0;7;0;0;2;3;1;A01
201200006580;0;15;0;0;2;3;1;B02
201200006581;0;7;0;0;2;3;1;B02
201200006581;0;30;0;0;2;1;15;A01
201200006582;0;7;0;0;2;3;15;A01
201200006582;0;1;0;0;2;7;1;B02
201200006583;0;7;0;0;1;2;1;A01
201200006584;0;31;0;0;0;0;0;A01
201200006585;0;14;0;0;0;1;1;A01
201200006586;0;37;17;0;2;3;1;B02
201200006586;0;30;0;0;2;3;13;A01
201200006587;0;7;0;0;2;3;1;A01
201200006587;0;7;0;0;2;2;9;B02
201200006588;0;7;0;0;2;3;13;A01
201200006588;0;14;0;0;2;3;1;B02
201200006589;0;7;0;0;2;1;13;A01
201200006589;0;7;0;0;2;1;1;B02
201200006590;1;7;0;0;1;2;1;A01
201200006591;0;7;0;2;0;3;1;A01
201200006592;0;7;0;0;2;1;13;A01
201200006592;0;7;0;0;2;3;1;B02
201200006593;0;7;0;0;2;3;9;B02
201200006593;0;1;0;0;2;1;1;A01
201200006594;0;7;0;0;2;3;9;A01
201200006594;0;30;0;0;2;2;16;B02
201200006595;0;7;0;0;2;3;13;A01
201200006595;0;7;0;0;2;3;1;B02
201200006596;0;1;0;0;2;0;18;B02
201200006596;0;15;0;0;1;5;16;A01
201200006597;0;7;0;0;1;2;1;A01
201200006598;0;7;0;2;0;1;1;A01
201200006599;0;7;0;2;0;3;1;A01
201200006600;0;7;0;2;0;1;1;A01
201200006601;0;7;0;2;0;8;5;A01
201200006602;0;7;0;0;2;7;17;A01
201200006602;0;7;0;0;2;7;17;C03
201200006602;0;7;0;0;2;3;1;B02
201200006603;0;32;0;14;0;1;1;A01
201200006604;0;1;0;0;0;0;11;A01
201200006605;0;2;0;0;1;1;1;A01
201200006606;0;7;0;0;2;2;19;A01
201200006606;0;31;0;0;2;3;1;B02
201200006607;0;7;0;0;2;1;2;A01
201200006607;0;7;0;0;2;4;2;B02
201200006608;0;33;0;1;0;1;1;A01
201200006609;0;33;0;2;0;3;1;A01
201200006610;0;7;0;3;0;9;1;A01
201200006611;0;33;0;0;0;1;1;A01
201200006612;0;7;0;16;1;9;1;A01
201200006613;0;7;0;0;2;8;13;A01
201200006613;0;7;0;0;2;1;1;B02
201200006613;0;7;0;0;2;8;1;C03
201200006614;0;7;0;0;0;9;1;A01
201200006615;0;7;0;0;1;1;1;A01
201200006616;0;7;0;0;2;2;1;B02
201200006616;0;7;0;0;2;1;1;C03
201200006616;0;7;0;0;2;2;3;A01
201200006617;0;7;0;13;0;2;0;A01
201200006618;0;33;0;0;2;1;2;B02
201200006618;0;7;0;0;0;8;10;A01
201200006619;0;7;0;13;0;2;14;A01
201200006620;0;2;0;0;2;8;13;A01
201200006620;0;7;0;0;2;8;5;B02
201200006621;0;7;0;0;2;1;15;B02
201200006621;0;30;0;0;2;8;16;A01
201200006622;0;7;0;0;2;7;15;A01
201200006622;0;31;0;0;2;1;1;B02
201200006623;0;7;0;0;2;1;9;A01
201200006623;0;7;0;0;2;1;1;C03
201200006623;0;7;0;0;2;3;1;B02
201200006624;0;7;0;0;6;1;1;A01
201200006625;0;10;0;0;1;3;1;A01
201200006626;0;10;0;0;1;2;16;A01
201200006627;0;7;0;0;1;2;1;A01
201200006628;0;15;0;0;2;7;16;A01
201200006628;0;1;0;0;2;8;16;B02
201200006629;0;30;0;0;2;1;1;B02
201200006629;0;7;0;0;2;2;1;A01
201200006630;0;30;0;0;2;4;15;B02
201200006630;0;33;0;0;2;1;17;A01
201200006631;0;7;0;0;2;8;1;C03
201200006631;0;7;0;0;2;1;17;A01
201200006631;0;7;0;0;2;1;1;B02
201200006632;0;7;0;2;0;7;17;A01
201200006633;0;7;0;0;2;1;1;B02
201200006633;0;2;0;0;2;3;1;A01
201200006634;0;7;0;0;1;2;1;A01
201200006635;0;7;0;0;2;2;1;A01
201200006635;0;30;0;0;2;1;0;B02
201200006636;0;7;0;0;2;1;1;B02
201200006636;0;7;0;0;2;1;13;A01
201200006637;0;15;0;0;0;6;23;A01
201200006637;0;2;0;1;0;1;1;B02
201200006638;0;2;0;0;2;7;1;B02
201200006638;0;10;0;0;2;3;16;A01
201200006639;0;7;0;0;2;3;19;B02
201200006639;0;33;0;0;2;1;1;A01
201200006640;0;10;0;0;2;8;1;B02
201200006640;0;7;0;0;2;1;15;A01
201200006641;0;7;0;2;0;7;1;A01
201200006642;0;33;0;0;0;7;1;A01
201200006643;0;1;0;0;0;0;0;B02
201200006643;0;7;0;0;9;7;17;A01
201200006644;0;7;0;0;2;1;1;A01
201200006644;0;7;0;0;2;1;1;B02
201200006645;0;7;0;0;1;3;1;A01
201200006646;0;14;0;1;0;6;1;A01
201200006647;0;7;0;0;9;1;1;B02
201200006647;0;1;0;0;2;1;13;A01
201200006648;0;31;0;0;2;6;1;A01
201200006648;0;7;0;0;0;6;1;B02
201200006649;0;7;0;0;2;1;13;A01
201200006649;0;7;0;0;2;1;1;B02
201200006650;0;7;0;0;2;3;13;A01
201200006650;0;7;0;0;2;3;0;B02
201200006651;0;7;0;0;2;1;1;A01
201200006651;0;2;0;0;2;8;1;B02
201200006652;0;10;0;0;2;1;2;A01
201200006652;0;15;0;0;2;6;2;B02
201200006653;0;7;0;0;2;8;13;B02
201200006653;0;7;0;0;2;3;1;A01
201200006654;0;31;0;0;2;1;1;B02
201200006654;0;7;0;0;0;6;19;A01
201200006655;0;33;0;0;2;1;1;B02
201200006655;0;7;0;0;2;3;11;A01
201200006656;0;7;0;2;0;3;19;A01
201200006657;0;15;0;0;2;7;16;B02
201200006657;0;30;0;0;2;7;16;A01
201200006658;0;7;0;2;0;7;0;A01
201200006659;0;7;0;0;0;3;1;A01
201200006660;0;10;0;0;0;1;1;A01
201200006661;0;7;0;0;1;2;1;A01
201200006662;0;7;0;2;0;2;1;A01
201200006663;0;2;0;0;2;1;15;A01
201200006663;0;7;0;0;2;7;1;B02
201200006664;0;1;0;0;0;1;16;B02
201200006664;0;7;0;0;9;2;15;A01
201200006665;0;14;0;0;2;5;2;B02
201200006665;0;30;0;0;2;8;2;A01
201200006666;0;7;0;0;2;5;15;A01
201200006666;0;33;0;0;2;1;1;B02
201200006667;0;7;0;0;2;1;12;B02
201200006667;0;1;0;0;2;8;5;A01
201200006668;0;7;0;0;0;9;1;A01
201200006669;0;7;0;0;2;1;1;B02
201200006669;0;7;0;14;0;4;2;A01
201200006670;0;7;0;0;2;8;1;A01
201200006670;0;7;0;0;2;7;3;B02
201200006671;0;2;0;0;2;1;1;B02
201200006671;0;7;0;0;2;7;15;A01
201200006672;0;37;0;0;0;0;1;A01
201200006673;0;10;0;0;0;9;1;A01
201200006674;0;7;0;2;0;1;1;A01
201200006675;0;7;0;0;2;2;1;A01
201200006675;0;7;0;0;2;4;19;B02
201200006676;0;30;0;0;0;8;15;A01
201200006677;0;33;0;0;2;3;17;A01
201200006677;0;21;0;0;2;8;1;B02
201200006678;0;7;0;2;0;1;1;A01
201200006679;0;7;0;0;9;2;24;B02
201200006679;0;1;0;1;0;1;0;A01
201200006680;0;10;0;0;2;2;1;A01
201200006680;0;7;0;0;2;3;1;B02
201200006681;0;7;0;0;2;3;1;A01
201200006681;0;7;0;0;2;1;1;B02
201200006682;0;7;0;2;0;1;1;A01
201200006683;0;7;0;0;2;1;1;A01
201200006683;0;7;0;0;2;3;1;B02
201200006684;0;7;0;0;2;3;13;C03
201200006684;0;7;0;0;2;3;1;A01
201200006684;0;7;0;0;2;1;1;B02
201200006685;0;7;0;13;0;1;1;A01
201200006686;0;7;0;0;2;1;19;A01
201200006686;0;7;0;0;2;3;1;B02
201200006687;0;14;0;0;2;2;1;A01
201200006687;0;14;0;0;2;3;9;B02
201200006688;0;7;0;2;0;3;13;A01
201200006689;0;1;0;0;2;4;11;B02
201200006689;0;7;0;0;2;2;1;A01
201200006690;0;7;0;9;0;2;1;A01
201200006691;0;7;0;0;2;3;1;B02
201200006691;0;7;0;2;2;6;1;A01
201200006692;0;7;0;0;1;3;15;A01
201200006693;0;7;0;6;5;1;21;A01
201200006694;0;7;0;8;0;1;2;A01
201200006695;0;7;0;0;1;1;1;A01
201200006696;0;10;0;0;2;1;5;B02
201200006696;0;2;0;0;2;1;1;A01
201200006697;0;7;0;0;2;1;2;A01
201200006697;0;7;0;0;2;1;21;C03
201200006697;0;30;0;0;2;4;2;B02
201200006698;0;7;0;0;2;1;10;A01
201200006698;0;31;0;0;2;3;1;B02
201200006699;0;33;0;0;2;1;1;A01
201200006699;0;1;0;0;2;7;19;B02
201200006700;0;33;0;0;0;0;17;A01
201200006701;0;36;0;15;0;2;1;A01
201200006702;0;33;0;0;2;2;1;A01
201200006702;0;10;0;0;2;3;15;B02
201200006703;0;7;0;0;2;2;1;A01
201200006703;0;1;0;0;0;7;15;B02
201200006704;2;33;0;0;2;1;1;A01
201200006704;0;7;0;0;2;3;15;B02
201200006705;0;99;0;0;1;3;1;A01
201200006706;0;7;0;0;1;3;1;A01
201200006707;0;10;0;0;2;1;5;B02
201200006707;0;14;0;0;2;3;1;A01
201200006708;0;7;0;0;2;1;2;B02
201200006708;0;7;0;0;2;3;19;A01
201200006709;0;2;0;0;2;1;1;B02
201200006709;0;7;0;0;2;3;15;A01
201200006710;0;10;0;0;2;2;2;A01
201200006710;0;21;0;0;2;6;2;B02
201200006711;0;36;0;0;2;8;1;B02
201200006711;0;7;0;0;2;1;1;A01
201200006712;0;7;0;0;2;3;17;A01
201200006712;0;21;0;0;2;3;1;B02
201200006713;0;7;0;0;2;4;23;B02
201200006713;0;2;0;0;2;1;2;A01
201200006714;0;7;0;16;0;1;1;A01
201200006715;0;7;0;0;1;2;1;A01
201200006716;0;7;0;0;2;5;2;B02
201200006716;0;7;0;0;2;1;2;A01
201200006717;0;2;0;2;0;1;0;A01
201200006718;0;7;0;0;2;1;1;A01
201200006718;0;32;0;0;2;1;1;B02
201200006719;0;7;0;0;1;2;1;A01
201200006720;0;30;0;0;0;7;16;A01
201200006721;0;7;0;6;0;3;13;A01
201200006722;0;15;0;0;2;1;1;A01
201200006722;0;7;0;0;0;4;15;B02
201200006723;0;14;0;16;0;2;14;A01
201200006724;0;1;0;0;2;3;19;B02
201200006724;0;7;0;0;9;2;16;A01
201200006725;0;7;0;0;1;2;1;A01
201200006725;0;1;0;0;2;4;1;B02
201200006726;0;7;0;0;2;8;21;A01
201200006726;0;2;0;0;2;8;21;B02
201200006727;0;34;0;0;1;1;1;A01
201200006728;0;7;0;2;0;2;0;A01
201200006729;0;7;0;2;0;3;1;A01
201200006730;0;7;0;2;0;3;19;A01
201200006731;0;33;0;0;0;0;1;A01
201200006732;0;33;0;1;0;1;1;A01
201200006732;0;7;0;0;2;6;0;B02
201200006733;0;30;0;0;2;1;13;B02
201200006733;0;7;0;0;2;3;13;A01
201200006734;0;10;0;0;2;2;5;B02
201200006734;0;7;0;0;2;2;5;A01
201200006735;0;7;0;0;2;8;1;A01
201200006735;0;7;0;0;2;8;1;B02
201200006736;0;7;0;0;2;1;1;A01
201200006736;0;7;0;0;2;1;1;B02
201200006737;0;7;0;0;1;1;1;A01
201200006738;0;10;0;0;1;8;1;A01
201200006739;0;33;0;14;0;1;2;A01
201200006740;0;36;0;6;0;1;1;A01
201200006741;0;7;0;0;2;1;1;A01
201200006741;0;21;0;0;2;7;19;B02
201200006742;0;7;0;0;2;3;1;B02
201200006742;0;10;0;0;2;2;15;A01
201200006743;0;32;0;7;0;1;1;A01
201200006744;0;33;0;0;2;1;1;B02
201200006744;0;7;0;0;0;3;19;A01
201200006745;0;7;0;2;0;1;1;A01
201200006746;0;7;0;0;2;6;1;B02
201200006746;0;7;0;0;0;3;13;A01
201200006747;0;7;0;13;0;1;1;B02
201200006747;0;7;0;13;2;7;13;A01
201200006748;0;7;0;15;0;1;1;A01
201200006749;0;7;0;2;0;7;1;A01
201200006750;0;7;0;0;2;3;21;B02
201200006750;0;7;0;0;2;3;13;A01
201200006751;0;7;0;0;0;1;13;A01
201200006751;0;7;0;0;2;1;1;B02
201200006752;0;33;0;0;2;1;1;A01
201200006752;0;14;0;0;0;0;15;B02
201200006753;0;1;0;0;9;1;1;A01
201200006753;0;1;0;0;0;4;23;B02
201200006754;0;33;0;0;2;7;0;A01
201200006754;0;33;0;0;2;1;0;B02
201200006755;0;15;0;0;0;4;24;B02
201200006755;0;7;0;1;0;1;1;A01
201200006756;0;10;0;0;2;3;13;A01
201200006756;0;7;0;0;2;3;1;B02
201200006757;0;7;0;0;2;1;21;A01
201200006757;0;7;0;0;0;0;15;B02
201200006758;0;1;0;0;2;1;23;B02
201200006758;0;7;0;0;2;1;15;A01
201200006759;0;7;0;0;2;3;13;A01
201200006759;0;7;0;0;2;8;1;B02
201200006760;0;14;0;0;0;6;1;B02
201200006760;0;7;0;0;2;6;1;C03
201200006760;0;7;0;0;2;3;13;A01
201200006761;0;7;0;0;2;3;13;A01
201200006761;0;33;0;0;2;8;13;B02
201200006762;0;33;0;12;0;1;1;A01
201200006763;0;7;0;0;2;3;1;B02
201200006763;0;7;0;0;2;3;13;A01
201200006764;0;7;0;0;2;7;19;A01
201200006764;0;33;0;13;0;1;21;B02
201200006765;0;7;0;13;0;2;14;A01
201200006766;0;1;0;0;2;3;1;A01
201200006766;0;7;0;0;2;8;1;B02
201200006767;0;7;0;0;1;2;1;A01
201200006768;0;7;0;6;0;2;14;A01
201200006769;0;7;0;0;2;2;13;A01
201200006769;0;33;0;0;2;2;1;B02
201200006770;0;10;0;0;2;7;1;A01
201200006770;0;1;0;0;2;8;1;B02
201200006771;0;7;0;1;2;2;14;A01
201200006771;0;7;0;0;1;2;24;B02
201200006772;0;2;0;13;0;8;1;A01
201200006773;0;7;0;13;6;3;21;A01
201200006774;0;33;0;0;2;1;1;B02
201200006774;0;7;0;0;2;6;10;A01
201200006775;0;31;0;0;0;7;16;A01
201200006776;0;7;0;2;0;1;1;A01
201200006777;0;7;0;13;0;2;1;A01
201200006778;0;7;0;2;0;1;1;A01
201200006779;0;7;0;8;0;1;1;A01
201200006780;0;10;0;14;2;1;1;A01
201200006780;0;1;0;0;0;9;23;B02
201200006781;0;7;0;0;0;1;13;A01
201200006782;0;2;0;0;2;1;17;B02
201200006782;0;7;0;0;2;3;9;A01
201200006783;0;7;0;0;2;1;1;A01
201200006783;0;30;0;0;2;8;19;B02
201200006784;0;33;0;0;2;1;1;B02
201200006784;0;7;0;0;2;7;13;A01
201200006785;0;3;0;0;1;4;4;A01
201200006786;0;33;0;0;1;1;17;A01
201200006787;0;7;0;0;2;2;15;A01
201200006787;0;10;0;0;2;1;1;B02
201200006788;0;30;0;6;0;1;1;A01
201200006789;0;7;0;0;1;1;1;A01
201200006790;0;10;0;0;1;2;1;A01
201200006791;0;10;0;0;2;1;13;B02
201200006791;0;17;0;0;2;2;1;A01
201200006792;0;1;0;0;0;4;1;B02
201200006792;0;7;0;0;9;1;1;A01
201200006793;0;3;0;0;2;1;1;A01
201200006793;0;1;0;0;2;1;1;B02
201200006794;0;33;0;16;0;9;17;A01
201200006795;0;7;0;0;2;2;1;B02
201200006795;0;30;0;0;2;8;21;A01
201200006796;0;10;0;0;2;1;1;B02
201200006796;0;10;0;0;2;1;13;A01
201200006797;0;7;0;0;1;3;1;A01
201200006798;0;33;0;13;0;1;1;A01
201200006799;0;33;0;0;2;2;1;B02
201200006799;0;7;0;0;2;1;15;A01
201200006800;0;7;0;0;2;1;1;B02
201200006800;0;7;0;0;2;1;13;A01
201200006801;0;7;0;0;2;6;15;B02
201200006801;0;31;0;0;2;1;1;A01
201200006802;0;7;0;0;1;1;1;A01
201200006803;0;37;1;0;0;4;4;A01
201200006804;0;7;0;0;0;9;1;A01
201200006805;0;7;0;0;1;3;1;A01
201200006806;0;7;0;0;1;3;1;A01
201200006807;0;7;0;2;0;1;1;A01
201200006808;0;33;0;13;0;9;1;A01
201200006809;0;7;0;0;0;1;1;A01
201200006809;0;7;0;0;0;8;15;B02
201200006810;0;30;0;13;0;1;1;A01
201200006811;0;33;0;0;0;1;1;A01
201200006812;0;7;0;2;0;8;1;A01
201200006813;0;34;0;0;2;1;13;A01
201200006813;0;30;0;0;2;1;1;B02
201200006814;0;10;0;9;0;2;1;A01
201200006815;0;7;0;0;0;0;1;A01
201200006816;0;33;0;0;2;1;17;A01
201200006816;0;7;0;0;2;3;15;B02
201200006817;0;7;0;0;2;6;1;B02
201200006817;0;33;0;0;2;1;13;A01
201200006818;0;7;0;0;2;1;1;B02
201200006818;0;7;0;0;2;2;15;A01
201200006819;0;31;0;12;0;1;15;A01
201200006820;0;2;0;0;2;1;1;B02
201200006820;0;7;0;0;2;2;9;A01
201200006821;0;7;0;2;0;1;1;A01
201200006821;0;7;0;0;0;1;15;B02
201200006822;0;7;0;0;2;1;19;A01
201200006822;0;31;0;0;2;7;15;B02
201200006823;0;30;0;0;2;1;1;A01
201200006823;0;7;0;0;2;8;1;B02
201200006824;0;30;0;0;2;1;2;A01
201200006824;0;17;0;0;2;4;23;B02
201200006825;0;7;0;0;0;1;1;B02
201200006825;0;7;0;0;0;3;15;A01
201200006826;0;7;0;13;0;8;1;A01
201200006827;0;7;0;2;0;1;14;A01
201200006828;0;33;0;0;2;1;17;B02
201200006828;0;7;0;0;0;5;15;A01
201200006829;0;7;0;2;0;8;14;A01
201200006830;0;15;0;0;2;4;1;B02
201200006830;0;10;0;0;2;1;1;A01
201200006831;0;7;0;0;2;8;15;B02
201200006831;0;33;0;0;2;7;17;A01
201200006832;0;1;0;0;0;7;1;A01
201200006832;0;7;0;0;0;1;1;B02
201200006833;0;7;0;0;2;3;23;A01
201200006833;0;10;0;0;2;2;1;B02
201200006834;0;7;0;0;2;3;1;A01
201200006834;0;7;0;0;2;3;13;B02
201200006835;0;7;0;0;2;7;10;A01
201200006835;0;2;0;0;2;1;1;B02
201200006836;0;7;0;0;2;2;1;A01
201200006836;0;7;0;0;2;3;15;B02
201200006837;0;7;0;2;0;8;13;A01
201200006838;0;7;0;0;0;2;15;A01
201200006838;0;7;0;0;0;1;1;B02
201200006839;0;7;0;0;1;1;21;A01
201200006840;0;7;0;1;0;1;1;A01
201200006841;0;2;0;0;2;1;1;A01
201200006841;0;10;0;0;0;4;23;B02
201200006842;0;31;0;0;0;8;16;A01
201200006843;0;7;0;0;2;6;15;A01
201200006843;0;33;0;0;2;8;17;B02
201200006844;2;7;0;13;0;1;1;A01
201200006845;0;1;0;0;0;4;1;B02
201200006845;0;30;0;0;2;1;1;A01
201200006846;0;7;0;0;2;1;17;A01
201200006846;0;7;0;0;2;1;1;B02
201200006847;0;7;0;13;0;2;1;A01
201200006848;0;7;0;2;0;7;14;A01
201200006849;0;7;0;13;0;2;1;A01
201200006850;0;7;0;15;0;2;1;A01
201200006851;0;7;0;8;0;1;1;A01
201200006852;0;10;0;0;2;2;13;A01
201200006852;0;30;0;0;2;1;13;B02
201200006853;0;2;0;0;2;1;1;B02
201200006853;0;7;0;0;0;8;15;A01
201200006854;0;7;0;0;2;2;1;A01
201200006854;0;1;0;0;2;4;1;B02
201200006855;0;7;0;0;2;1;1;B02
201200006855;0;33;0;0;2;1;13;A01
201200006856;0;33;0;0;2;1;13;A01
201200006856;0;7;0;0;2;3;1;B02
201200006857;0;7;0;0;2;6;2;C03
201200006857;0;10;0;0;2;3;17;A01
201200006857;0;10;0;0;2;3;1;B02
201200006858;0;7;0;0;2;3;1;A01
201200006858;0;10;0;0;2;3;1;B02
201200006859;0;7;0;0;0;3;15;A01
201200006859;0;33;0;0;2;1;17;B02
201200006860;0;7;0;0;2;1;13;A01
201200006860;0;7;0;0;2;8;1;B02
201200006861;0;31;0;0;0;7;1;A01
201200006861;0;1;0;0;9;8;1;B02
201200006862;0;33;0;0;6;3;1;A01
201200006863;0;33;0;0;2;7;17;B02
201200006863;0;7;0;0;2;2;15;A01
201200006864;0;7;0;0;2;2;9;B02
201200006864;0;33;0;0;2;1;1;A01
201200006865;0;7;0;0;1;1;1;A01
201200006866;0;7;0;0;1;2;1;A01
201200006867;0;7;0;0;1;2;1;A01
201200006868;0;7;0;0;1;2;1;A01
201200006869;0;7;0;0;2;6;13;A01
201200006869;0;33;0;0;2;1;1;B02
201200006870;0;33;0;0;0;8;16;A01
201200006871;0;7;0;0;2;1;1;B02
201200006871;0;33;0;0;2;1;13;A01
201200006872;0;33;0;0;2;1;1;A01
201200006872;0;7;0;0;2;3;1;B02
201200006873;0;7;0;0;0;2;23;B02
201200006873;0;2;0;1;0;1;0;A01
201200006874;0;7;0;0;2;2;1;B02
201200006874;0;1;0;0;2;1;5;A01
201200006875;0;2;0;0;2;1;16;A01
201200006875;0;14;0;0;2;8;1;B02
201200006876;0;7;0;2;0;2;21;A01
201200006877;0;7;0;0;2;2;1;A01
201200006877;0;10;0;0;2;2;21;C03
201200006877;0;21;0;0;2;6;1;B02
201200006878;0;10;0;8;0;1;0;A01
201200006879;0;33;0;0;2;1;1;B02
201200006879;0;7;0;0;2;2;15;A01
201200006880;0;7;0;0;2;1;5;A01
201200006880;0;7;0;0;2;1;17;C03
201200006880;0;7;0;0;2;1;17;B02
201200006881;0;7;0;13;0;2;17;A01
201200006882;0;15;0;0;2;3;1;B02
201200006882;0;7;0;0;2;3;1;A01
201200006883;0;7;0;2;0;1;13;A01
201200006884;0;7;0;2;0;2;13;A01
201200006885;0;15;0;0;4;4;1;B02
201200006885;0;15;0;0;2;1;1;A01
201200006886;0;33;0;0;0;7;2;A01
201200006887;0;7;0;2;0;8;1;A01
201200006888;0;7;0;0;2;1;21;B02
201200006888;0;7;0;0;2;1;13;A01
201200006888;0;7;0;1;0;2;21;C03
201200006888;0;7;0;0;9;0;0;D04
201200006889;0;15;0;0;0;2;21;B02
201200006889;0;7;0;0;2;6;13;A01
201200006890;0;7;0;0;2;1;1;A01
201200006890;0;7;0;0;2;3;19;B02
201200006891;0;7;0;0;2;7;17;A01
201200006891;0;1;0;0;2;3;1;B02
201200006892;0;39;0;0;2;7;1;B02
201200006892;0;7;0;0;4;3;1;A01
201200006893;0;20;0;0;2;4;1;B02
201200006893;0;7;0;0;2;1;1;A01
201200006894;0;7;0;0;2;3;1;A01
201200006894;0;33;0;0;2;1;1;B02
201200006895;0;7;0;2;0;7;1;A01
201200006896;0;7;0;0;2;1;1;B02
201200006896;0;15;0;0;2;1;13;A01
201200006897;0;21;0;0;2;2;15;A01
201200006897;0;1;0;0;2;3;0;B02
201200006898;0;7;0;0;2;1;1;B02
201200006898;0;7;0;0;2;1;1;C03
201200006898;0;3;0;0;2;1;13;A01
201200006899;0;30;0;1;0;2;14;A01
201200006900;0;10;0;2;0;1;13;A01
201200006901;0;7;0;0;2;6;1;C01
201200006901;0;10;0;0;2;1;1;B02
201200006901;0;7;0;0;2;7;19;A03
201200006902;0;7;0;0;2;3;1;B02
201200006902;0;7;0;0;2;3;17;A01
201200006902;0;2;0;0;2;8;1;C03
201200006903;0;21;0;0;2;7;15;A01
201200006903;0;33;0;0;2;1;1;B02
201200006904;0;7;0;13;0;1;1;A01
201200006905;0;10;0;0;2;5;1;B02
201200006905;0;33;0;0;2;1;1;A01
201200006906;0;10;0;0;2;3;1;A01
201200006906;0;3;0;0;2;2;1;B02
201200006907;0;7;0;0;2;3;3;B02
201200006907;0;7;0;0;2;1;13;A01
201200006908;0;7;0;0;2;8;13;A01
201200006908;0;33;0;0;2;8;1;B02
201200006909;0;7;0;0;2;3;1;B02
201200006909;0;7;0;0;2;3;13;A01
201200006910;0;2;0;0;2;1;1;A01
201200006910;0;15;0;0;0;5;15;B02
201200006911;0;7;0;2;0;8;1;A01
201200006912;0;7;0;0;2;3;1;A01
201200006912;0;14;0;0;2;3;1;B02
201200006913;0;10;0;0;2;3;1;B02
201200006913;0;30;0;0;2;3;0;A01
201200006914;0;7;0;16;0;9;13;A01
201200006915;0;7;0;0;2;1;13;A01