num_acc;senc;catv;occutc;obs;obsm;choc;manv;num_veh
201200006915;0;7;0;0;2;3;1;B02
201200006916;0;10;0;0;2;7;14;A01
201200006916;0;1;0;0;2;8;1;B02
201200006917;0;10;0;0;2;3;1;B02
201200006917;0;7;0;0;2;3;13;A01
201200006918;0;21;0;0;2;8;1;A01
201200006918;0;7;0;0;2;3;1;B02
201200006919;0;10;0;0;1;1;1;A01
201200006920;0;7;0;0;2;1;2;A02
201200006920;0;7;0;0;2;4;1;B01
201200006921;0;14;0;3;0;2;1;A01
201200006922;0;7;0;0;1;1;1;A01
201200006923;0;7;0;2;0;1;1;A01
201200006924;0;7;0;2;0;3;1;A01
201200006925;0;7;0;0;0;1;14;A01
201200006926;0;30;0;0;2;1;1;B02
201200006926;0;7;0;0;2;4;1;A01
201200006927;0;37;0;0;2;1;1;B02
201200006927;0;7;0;0;2;1;16;A01
201200006928;0;33;0;6;0;1;1;A01
201200006929;0;7;0;0;2;1;19;A01
201200006929;0;30;0;0;2;7;1;B02
201200006930;0;7;0;0;2;2;1;B02
201200006930;0;1;0;0;2;1;1;A01
201200006931;0;7;0;0;2;3;1;A01
201200006931;0;7;0;0;2;3;1;B02
201200006932;0;21;0;0;2;7;1;A01
201200006932;0;7;0;0;2;3;19;B02
201200006933;0;33;0;0;2;3;1;B01
201200006933;0;21;0;0;2;1;19;A02
201200006934;0;7;0;6;0;1;1;A01
201200006935;0;7;0;0;2;2;1;A01
201200006935;0;7;0;0;2;1;1;B02
201200006936;0;7;0;13;0;3;1;A01
201200006937;0;7;0;0;2;4;4;A01
201200006937;0;33;0;0;2;2;1;B02
201200006938;0;30;0;0;2;1;1;B02
201200006938;0;7;0;0;2;1;15;A01
201200006939;0;7;0;13;0;1;13;A01
201200006940;0;10;0;0;2;1;1;A01
201200006940;0;7;0;0;2;7;19;B02
201200006941;0;34;0;0;2;1;1;B02
201200006941;0;7;0;0;2;8;19;A01
201200006942;0;7;0;0;2;3;1;A01
201200006942;0;15;0;0;2;5;0;B02
201200006943;0;7;0;0;2;1;5;A01
201200006943;0;10;0;0;2;6;1;B02
201200006943;0;7;0;0;2;1;1;C03
201200006944;0;10;0;16;0;9;1;A01
201200006945;0;10;0;0;2;7;23;B02
201200006945;0;10;0;1;1;2;1;A01
201200006946;0;7;0;0;2;6;23;B02
201200006946;0;7;0;0;2;1;13;A01
201200006947;0;7;0;0;1;1;1;A01
201200006948;0;7;0;0;2;3;1;B02
201200006948;0;7;0;0;2;3;13;A01
201200006949;2;99;0;0;2;0;2;A01
201200006949;0;31;0;0;2;4;1;B02
201200006950;0;38;0;3;0;3;13;A01
201200006951;0;7;0;0;2;3;13;A01
201200006951;0;7;0;0;2;3;1;B02
201200006952;0;7;0;15;0;2;1;A01
201200006953;0;10;0;0;2;1;19;A02
201200006953;0;7;0;0;2;8;1;B01
201200006954;0;7;0;0;2;1;1;B02
201200006954;0;2;0;0;2;7;15;A01
201200006955;0;10;0;0;2;1;13;B02
201200006955;0;7;0;0;2;1;1;A01
201200006956;0;7;0;0;2;2;1;B02
201200006956;0;30;0;0;2;1;9;A01
201200006957;0;33;0;0;2;1;1;B02
201200006957;0;7;0;0;2;3;19;A01
201200006958;0;15;0;0;1;1;1;A01
201200006959;0;7;0;6;0;9;1;A01
201200006960;0;7;0;0;1;2;1;A01
201200006961;0;7;0;0;2;2;1;A01
201200006961;0;1;0;0;;6;23;B02
201200006962;0;7;0;0;2;3;1;A01
201200006962;0;2;0;0;2;5;1;B02
201200006963;0;7;0;2;2;5;1;B02
201200006963;0;7;0;0;2;1;15;A01
201200006964;0;7;0;16;0;1;1;A01
201200006965;0;7;0;13;0;3;13;A01
201200006966;0;14;0;2;0;2;1;A01
201200006967;0;15;0;0;2;1;1;A01
201200006967;0;7;0;0;2;5;1;B02
201200006968;0;7;0;0;2;2;1;B02
201200006968;0;7;0;0;2;7;19;A01
201200006969;0;7;0;13;0;1;1;A01
201200006970;0;7;0;2;0;1;1;A01
201200006971;0;17;0;3;0;8;1;A01
201200006972;0;7;0;0;1;2;1;A01
201200006973;0;7;0;0;1;2;1;A01
201200006974;0;7;0;0;1;3;1;A01
201200006975;0;7;0;0;2;5;13;B02
201200006975;0;7;0;0;2;3;1;A01
201200006976;0;7;0;16;0;3;1;A01
201200006977;0;7;0;8;0;2;1;A01
201200006978;0;10;0;0;9;3;5;A01
201200006978;0;1;0;0;2;0;5;B02
201200006979;0;7;0;8;0;1;1;A01
201200006980;0;7;0;0;2;8;9;A01
201200006980;0;33;0;0;2;1;1;B02
201200006981;0;10;0;2;0;7;1;A01
201200006982;0;30;0;0;2;7;1;C03
201200006982;0;2;0;0;2;1;1;B02
201200006982;0;7;0;0;2;1;15;A01
201200006983;0;35;0;0;0;3;13;A01
201200006983;0;7;0;0;0;3;1;B02
201200006984;0;7;0;0;0;6;15;B02
201200006984;0;30;0;0;2;1;17;A01
201200006985;0;10;0;13;0;3;1;A01
201200006986;0;7;0;0;2;1;1;B02
201200006986;0;7;0;0;2;3;1;A01
201200006987;0;7;0;13;0;1;21;B02
201200006987;0;7;0;16;0;1;1;A01
201200006988;0;7;0;0;0;9;0;A01
201200006989;0;7;0;0;2;3;15;B02
201200006989;0;2;0;0;2;7;17;A01
201200006990;0;7;0;13;0;3;1;A01
201200006991;0;7;0;2;0;8;13;A01
201200006992;0;15;0;2;0;2;1;A01
201200006993;0;7;0;2;0;1;1;A01
201200006994;0;7;0;0;2;1;1;B02
201200006994;0;7;0;0;2;1;5;A01
201200006995;0;7;0;13;0;9;0;A01
201200006996;0;33;0;3;0;7;1;A01
201200006997;0;1;0;0;0;4;1;A01
201200006997;0;10;0;0;0;1;1;B02
201200006998;1;10;0;0;1;5;1;A01
201200006999;0;38;0;0;2;2;17;A01
201200006999;0;1;0;0;2;4;1;B02
201200007000;0;7;0;0;2;2;9;B02
201200007000;0;7;0;0;2;3;17;A01
201200007001;0;33;0;0;0;0;1;A01
201200007002;0;17;0;0;2;3;13;A01
201200007002;0;31;0;0;2;3;1;B02
201200007003;0;33;0;0;2;1;1;A01
201200007003;0;7;0;0;2;3;1;B02
201200007004;0;7;0;13;0;8;1;A01
201200007005;0;10;0;0;9;7;17;A01
201200007005;0;1;0;0;2;8;1;B02
201200007006;0;7;0;2;0;7;1;A01
201200007007;0;7;0;15;0;1;1;A01
201200007008;0;31;0;0;0;1;1;A01
201200007009;0;7;0;13;0;1;5;A01
201200007010;0;7;0;1;0;1;1;A01
201200007011;0;33;0;13;0;1;1;A01
201200007012;0;7;0;0;2;1;1;B02
201200007012;0;7;0;0;2;1;13;A01
201200007013;0;7;0;0;2;3;19;A01
201200007013;0;7;0;0;2;1;1;B02
201200007014;0;30;0;14;0;1;1;A01
201200007015;0;33;0;13;0;1;14;A01
201200007016;0;30;0;0;2;7;1;B02
201200007016;0;7;0;0;2;1;15;A01
201200007017;0;10;0;0;2;1;1;A01
201200007017;0;7;0;0;2;1;13;B02
201200007018;0;33;0;16;0;1;1;A01
201200007019;0;7;0;0;0;9;1;A01
201200007020;0;7;0;2;0;1;0;A01
201200007021;0;10;0;0;0;9;1;A01
201200007022;0;7;0;0;2;1;1;A01
201200007022;0;7;0;0;2;3;1;B02
201200007023;0;7;0;16;0;9;1;A01
201200007024;0;14;0;0;2;1;6;A01
201200007024;0;7;0;0;0;4;1;B02
201200007025;0;7;0;0;2;3;1;B02
201200007025;0;7;0;0;2;3;13;A01
201200007026;0;7;0;0;0;8;1;A01
201200007027;0;30;0;10;0;0;13;A01
201200007028;0;7;0;13;0;0;0;A01
201200007029;0;7;0;0;2;3;9;B02
201200007029;0;10;0;0;2;1;1;A01
201200007030;0;7;0;0;0;7;1;A01
201200007031;0;7;0;0;0;9;1;A01
201200007032;0;7;0;0;2;7;13;A01
201200007032;0;7;0;0;2;1;1;B02
201200007033;0;7;0;16;0;9;15;A01
201200007034;0;7;0;2;0;7;1;A01
201200007035;0;7;0;13;0;1;1;A01
201200007036;0;7;0;0;0;0;1;A01
201200007037;0;7;0;0;2;3;1;B03
201200007037;0;7;0;0;2;7;1;C02
201200007037;0;7;0;0;2;3;23;A01
201200007038;0;7;0;0;2;1;13;A01
201200007038;0;33;0;0;2;1;1;B02
201200007039;0;7;0;0;2;1;13;A01
201200007039;0;7;0;0;2;1;1;B02
201200007040;0;7;0;13;0;3;0;A01
201200007041;0;33;0;0;6;1;1;A01
201200007042;0;7;0;8;0;2;1;A01
201200007043;0;7;0;0;2;3;5;A01
201200007043;0;14;0;0;2;3;1;B02
201200007044;0;7;0;8;1;5;15;A01
201200007045;0;33;0;2;0;8;1;A01
201200007046;0;10;0;0;2;3;1;B02
201200007046;0;7;0;0;2;1;13;A01
201200007047;0;7;0;0;1;2;1;A01
201200007048;0;7;0;13;0;3;13;A01
201200007049;0;7;0;0;0;1;1;B02
201200007049;0;7;0;0;0;3;19;A01
201200007050;0;7;0;0;2;1;1;B02
201200007050;0;7;0;0;2;8;21;A01
201200007051;2;2;0;0;1;1;1;A01
201200007052;0;10;0;6;0;1;1;A01
201200007053;0;7;0;0;2;4;15;B02
201200007053;0;7;0;0;2;3;1;C03
201200007053;0;7;0;0;2;1;1;A01
201200007054;0;7;0;0;2;2;1;A01
201200007054;0;33;0;0;2;1;1;B02
201200007055;0;7;0;15;0;1;1;A01
201200007056;0;17;0;0;2;1;0;C03
201200007056;0;7;0;0;2;0;0;B02
201200007056;0;7;0;0;2;6;0;A01
201200007057;0;10;0;0;2;5;15;A01
201200007057;0;2;0;0;2;1;1;B02
201200007058;0;1;0;0;2;1;1;A02
201200007058;0;7;0;0;2;7;1;B01
201200007059;0;7;0;0;2;3;1;A01
201200007059;0;15;0;0;2;3;1;B02
201200007060;0;7;0;0;2;8;1;B02
201200007060;0;7;0;0;2;1;1;A01
201200007061;0;10;0;0;2;3;15;A01
201200007061;0;33;0;0;2;1;1;B02
201200007062;0;10;0;8;0;2;1;A01
201200007063;0;10;0;2;0;1;1;A01
201200007064;0;7;0;16;0;8;14;A01
201200007065;0;7;0;6;0;1;1;A01
201200007066;0;14;0;0;2;3;1;B02
201200007066;0;7;0;0;2;2;17;A01
201200007067;0;7;0;0;2;1;1;A01
201200007067;0;7;0;0;2;1;1;B02
201200007068;0;7;0;2;0;2;1;A01
201200007069;0;7;0;6;0;1;1;A01
201200007070;0;30;0;0;2;1;1;B01
201200007070;0;10;0;0;2;3;1;A01
201200007071;0;7;0;0;2;1;1;A01
201200007071;0;7;0;0;2;3;1;B02
201200007072;0;7;0;0;0;5;2;B02
201200007072;0;33;0;14;0;1;2;A01
201200007073;0;2;0;0;0;8;1;A01
201200007074;0;7;0;6;0;7;13;A01
201200007075;0;33;0;0;2;3;21;B02
201200007075;0;7;0;0;2;3;15;A01
201200007076;0;7;0;0;2;1;19;A01
201200007076;0;7;0;0;2;3;1;B02
201200007077;0;7;0;13;0;2;1;A01
201200007078;0;7;0;14;0;9;5;A01
201200007079;0;7;0;6;0;1;15;A01
201200007080;0;7;0;0;2;1;1;B02
201200007080;0;7;0;0;2;1;13;A01
201200007081;0;7;0;0;2;1;1;A01
201200007081;0;7;0;0;2;8;1;B02
201200007082;0;36;0;8;0;0;16;A01
201200007083;0;7;0;0;2;1;1;B02
201200007083;0;7;0;0;2;1;13;A01
201200007084;0;33;0;0;2;1;13;A02
201200007084;0;7;0;0;2;3;15;B02
201200007085;0;7;0;0;2;1;1;B02
201200007085;0;7;0;6;2;7;19;A01
201200007086;0;7;0;6;0;1;14;A01
201200007087;0;7;0;0;2;3;1;B02
201200007087;0;10;0;0;2;3;13;A01
201200007088;0;7;0;2;0;3;1;A01
201200007089;0;7;0;2;0;3;1;A01
201200007090;0;7;0;0;1;1;1;A01
201200007091;0;7;0;0;2;1;1;A01
201200007091;0;1;0;0;0;4;1;B02
201200007092;0;7;0;0;2;1;2;A01
201200007092;0;7;0;0;2;4;2;B02
201200007093;0;1;0;0;2;8;1;B02
201200007093;0;7;0;0;2;1;15;A01
201200007094;0;10;0;0;2;1;1;A01
201200007094;0;14;0;0;2;3;1;B02
201200007095;0;7;0;0;2;1;5;B02
201200007095;0;7;0;0;2;1;21;A01
201200007096;0;33;0;0;6;1;1;A01
201200007097;0;7;0;0;2;1;9;A01
201200007097;0;1;0;0;0;4;1;B02
201200007098;0;1;0;0;0;1;1;C03
201200007098;0;1;0;0;0;4;1;A01
201200007098;0;1;0;0;0;1;1;B02
201200007099;0;10;0;7;0;9;1;A01
201200007100;0;33;0;0;2;1;17;A01
201200007100;0;21;0;0;2;3;15;B02
201200007101;0;99;0;2;0;2;1;A01
201200007102;0;7;0;0;2;3;19;A01
201200007102;0;7;0;0;2;1;1;B02
201200007103;0;7;0;0;2;3;13;A01
201200007103;0;7;0;0;2;3;1;B02
201200007104;0;7;0;0;2;1;13;A01
201200007104;0;14;0;0;2;3;1;B02
201200007105;0;7;0;13;0;2;1;A01
201200007106;0;7;0;0;2;3;13;A01
201200007106;0;7;0;0;9;3;1;C03
201200007106;0;15;0;0;2;3;1;B02
201200007107;0;7;0;0;2;2;15;B02
201200007107;0;33;0;0;2;1;1;A01
201200007108;0;30;0;0;2;7;2;B02
201200007108;0;30;0;0;2;8;2;A01
201200007109;0;31;0;1;0;1;1;A01
201200007110;0;15;0;0;2;1;1;B02
201200007110;0;7;0;0;2;1;17;A01
201200007111;0;31;0;0;0;2;15;A01
201200007111;0;7;0;0;0;3;15;B02
201200007112;0;7;0;2;0;1;1;A01
201200007113;0;7;0;13;0;1;1;A01
201200007114;0;7;0;0;1;1;1;A01
201200007115;0;7;0;0;2;3;13;A01
201200007115;0;10;0;0;2;3;21;B02
201200007116;0;33;0;0;2;1;1;A01
201200007116;0;10;0;0;2;8;1;B02
201200007117;0;7;0;0;2;5;9;B02
201200007117;0;33;0;0;2;1;1;A01
201200007118;0;7;0;3;0;1;13;A01
201200007119;0;7;0;0;2;1;1;B02
201200007119;0;33;0;0;6;1;1;A01
201200007120;0;7;0;6;0;1;1;A01
201200007121;0;7;0;8;0;1;1;A01
201200007122;0;7;0;0;2;3;13;A01
201200007122;0;33;0;0;2;8;1;B02
201200007123;0;7;0;0;2;3;1;B02
201200007123;0;7;0;0;2;1;13;A01
201200007124;0;7;0;3;0;9;11;A01
201200007125;0;1;0;0;2;9;1;B02
201200007125;0;7;0;0;9;2;1;A01
201200007126;0;7;0;0;1;2;1;A01
201200007127;0;7;0;2;0;2;1;A01
201200007128;0;7;0;0;2;1;1;B02
201200007128;0;7;0;0;2;1;6;A01
201200007129;0;7;0;0;0;7;1;A01
201200007130;0;7;0;0;2;8;19;B02
201200007130;0;7;0;0;2;1;1;A01
201200007131;0;33;0;0;5;1;1;A01
201200007132;0;15;0;0;2;1;1;B02
201200007132;0;7;0;0;2;1;13;A01
201200007133;0;7;0;0;2;3;1;B01
201200007133;0;30;0;0;2;1;13;A01
201200007134;0;7;0;0;2;2;15;A01
201200007134;0;7;0;0;2;3;23;C03
201200007134;0;10;0;0;2;1;1;B02
201200007135;0;7;0;0;5;1;1;A01
201200007136;0;7;0;15;0;3;1;A01
201200007137;0;7;0;8;0;1;17;A01
201200007138;0;7;0;0;0;9;1;A01
201200007139;0;10;0;0;2;1;15;A01
201200007139;0;33;0;0;2;8;1;B02
201200007140;0;7;0;0;0;4;1;B02
201200007140;0;7;0;0;0;4;23;C03
201200007140;0;7;0;1;0;1;1;E05
201200007140;0;7;0;0;0;5;1;D04
201200007140;0;7;0;3;0;3;1;A01
201200007140;0;7;0;0;2;1;1;F06
201200007141;0;7;0;0;0;9;1;A01
201200007142;0;15;0;15;0;8;14;A01
201200007143;0;7;0;0;2;1;14;B02
201200007143;0;7;0;0;2;8;14;C03
201200007143;0;7;0;0;2;1;13;A01
201200007144;0;7;0;0;2;1;1;B02
201200007144;0;10;0;0;2;1;13;A01
201200007145;0;7;0;0;0;0;0;A01
201200007146;0;7;0;0;0;7;1;A01
201200007146;0;2;0;0;0;1;1;B02
201200007147;0;7;0;0;2;1;2;A01
201200007147;0;7;0;0;0;4;1;B02
201200007148;0;7;0;0;2;1;17;A01
201200007148;0;17;0;0;2;4;1;B02
201200007149;0;7;0;13;0;9;1;A01
201200007150;0;7;0;0;2;5;2;C03
201200007150;0;7;0;0;2;4;2;B02
201200007150;0;7;0;0;2;1;2;A01
201200007151;0;33;0;13;0;9;1;A01
201200007152;0;31;0;0;2;1;5;A01
201200007152;0;7;0;0;2;6;5;B02
201200007153;0;7;0;0;2;1;15;A01
201200007153;0;7;0;0;2;1;1;B02
201200007154;0;7;0;7;0;9;1;A01
201200007155;0;7;0;2;0;4;1;A01
201200007156;0;33;0;0;0;0;1;A01
201200007157;0;7;0;0;2;3;15;A01
201200007157;0;1;0;0;2;1;1;B02
201200007158;0;31;0;3;0;7;1;A01
201200007159;0;10;0;2;0;1;1;A01
201200007160;0;7;0;0;2;2;21;B02
201200007160;0;7;0;0;2;2;13;A01
201200007161;0;7;0;0;1;2;2;A01
201200007162;0;7;0;8;0;8;1;A01
201200007163;0;7;0;2;2;2;17;A01
201200007163;0;33;0;16;0;7;1;B02
201200007164;0;15;0;0;2;8;1;B02
201200007164;0;7;0;0;2;3;1;C03
201200007164;0;10;0;0;2;3;19;A01
201200007165;0;7;0;0;0;3;15;A01
201200007165;0;33;0;0;2;1;17;B02
201200007166;0;33;0;0;2;7;17;A01
201200007166;0;7;0;0;2;3;15;B02
201200007167;0;10;0;0;4;2;21;A01
201200007167;0;39;0;0;2;3;1;B02
201200007168;0;7;0;0;1;2;17;A01
201200007169;0;7;0;0;2;4;4;A01
201200007169;0;33;0;0;2;1;1;B02
201200007170;0;10;0;0;2;7;13;A01
201200007170;0;7;0;0;2;1;1;B02
201200007171;0;7;0;0;2;9;0;B02
201200007171;0;7;0;0;2;1;1;C03
201200007171;0;7;0;0;2;2;17;A01
201200007172;0;33;0;0;6;1;0;A01
201200007173;0;7;0;0;2;1;1;B02
201200007173;0;7;0;0;2;1;13;A01
201200007174;0;35;0;0;2;3;1;B02
201200007174;0;7;0;0;2;3;13;A01
201200007175;0;7;0;0;2;7;1;A01
201200007175;0;7;0;0;2;1;1;B02
201200007176;0;7;0;13;0;1;1;A01
201200007177;0;10;0;13;2;3;13;A01
201200007177;0;10;0;13;2;3;1;B02
201200007178;0;33;0;0;2;1;17;A01
201200007178;0;17;0;0;2;8;11;B02
201200007179;0;7;0;13;0;1;1;A01
201200007180;0;7;0;0;2;2;2;A01
201200007180;0;7;0;0;0;6;2;B02
201200007181;0;7;0;0;1;2;1;A01
201200007182;0;7;0;0;0;5;16;A01
201200007182;0;7;0;0;2;1;1;B02
201200007183;0;33;0;0;2;2;2;A01
201200007183;0;7;0;0;2;3;0;B02
201200007184;0;7;0;0;0;1;1;A01
201200007185;0;7;0;13;0;9;1;A01
201200007186;0;33;0;0;0;7;16;A01
201200007187;0;7;0;0;2;7;15;A01
201200007187;0;7;0;0;2;2;0;B02
201200007188;0;33;0;0;2;0;13;A01
201200007188;0;7;0;0;2;3;1;B02
201200007189;0;7;0;0;2;1;13;A01
201200007189;0;21;0;0;2;1;1;B02
201200007190;0;33;0;0;0;7;2;A01
201200007191;0;7;0;0;0;1;1;A01
201200007192;0;31;0;0;0;0;0;A01
201200007193;0;33;0;0;0;1;1;B02
201200007193;0;7;0;0;0;1;15;A01
201200007194;0;7;0;0;2;3;1;C03
201200007194;0;7;0;0;2;3;17;A01
201200007194;0;15;0;0;2;3;1;B02
201200007195;0;7;0;0;1;2;1;A01
201200007196;0;7;0;6;0;1;1;A01
201200007197;0;10;0;13;0;9;21;A01
201200007198;0;7;0;0;2;8;19;A01
201200007198;0;33;0;0;2;1;1;B02
201200007199;0;7;0;0;2;2;1;A01
201200007199;0;30;0;0;2;8;15;B02
201200007200;0;7;0;2;0;6;1;A01
201200007201;0;7;0;2;0;1;13;A01
201200007202;0;32;0;0;2;1;17;B02
201200007202;0;7;0;0;2;3;10;A01
201200007203;0;34;0;0;2;1;18;A01
201200007203;0;33;0;0;2;7;16;B02
201200007204;0;7;0;0;2;3;15;A01
201200007204;0;31;0;0;2;1;1;B02
201200007205;0;7;0;0;2;3;15;B02
201200007205;0;7;0;0;2;2;17;A01
201200007206;0;7;0;2;0;7;1;A01
201200007207;0;7;0;0;2;1;13;A01
201200007207;0;7;0;0;2;1;1;B02
201200007208;0;37;0;0;2;3;10;A01
201200007208;0;10;0;0;2;3;10;B02
201200007209;0;30;0;0;2;1;15;A01
201200007209;0;10;0;0;2;3;15;B02
201200007210;0;7;0;2;0;1;1;A01
201200007211;0;7;0;0;2;3;1;A01
201200007211;0;3;0;0;2;3;13;B02
201200007212;0;10;0;0;2;7;1;A01
201200007212;0;21;0;0;2;1;1;B02
201200007213;0;31;0;1;0;1;3;A01
201200007213;0;10;0;0;2;6;23;B02
201200007214;0;7;0;16;0;9;14;A01
201200007215;0;7;0;13;0;1;1;A01
201200007216;0;10;0;0;1;1;1;A01
201200007217;0;7;0;2;0;3;13;A01
201200007218;0;7;0;0;2;1;0;B02
201200007218;0;7;0;0;2;1;0;A01
201200007219;0;33;0;13;0;1;1;A01
201200007220;0;7;0;0;9;3;15;A01
201200007220;0;33;0;0;0;8;1;B02
201200007221;0;7;0;6;0;1;13;A01
201200007222;0;10;0;6;0;1;13;A01
201200007223;0;2;0;0;2;1;1;A01
201200007223;0;7;0;0;2;3;16;B02
201200007224;0;7;0;0;2;1;19;B02
201200007224;0;10;0;0;2;2;1;A01
201200007225;0;7;0;0;2;2;15;A01
201200007225;0;7;0;0;2;3;1;B02
201200007226;0;2;0;0;2;1;1;A01
201200007226;0;7;0;0;2;3;15;B02
201200007227;0;10;0;0;2;3;1;B02
201200007227;0;7;0;0;2;1;17;A01
201200007228;0;7;0;0;2;1;1;A01
201200007228;0;7;0;0;2;1;15;B02
201200007229;0;30;0;11;0;1;1;A01
201200007230;0;7;0;0;2;6;19;B02
201200007230;0;10;0;0;2;1;1;A01
201200007231;0;33;0;0;2;4;1;B02
201200007231;0;7;0;0;2;1;1;C03
201200007231;0;33;0;0;2;1;1;A01
201200007232;0;7;0;0;1;1;1;A01
201200007233;0;7;0;2;0;7;1;A01
201200007234;0;7;0;13;0;3;1;A01
201200007235;0;7;0;13;0;1;19;A01
201200007236;0;31;0;1;0;7;14;A01
201200007237;0;3;0;8;0;1;1;A01
201200007238;0;7;0;0;2;1;2;B02
201200007238;0;30;0;0;2;1;13;A01
201200007239;0;7;0;0;2;3;13;A01
201200007239;0;7;0;0;2;3;1;B02
201200007240;0;33;0;0;0;0;1;A01
201200007241;0;7;0;0;0;4;1;A01
201200007241;0;7;0;0;2;1;1;B02
201200007242;0;10;0;2;0;2;14;A01
201200007243;0;33;0;0;2;1;17;A01
201200007243;0;7;0;0;2;3;15;B02
201200007244;0;7;0;1;6;1;1;B02
201200007244;0;7;0;0;6;2;1;A01
201200007245;0;10;0;0;1;3;1;A01
201200007246;0;7;0;0;1;7;1;A01
201200007247;0;13;0;8;0;1;1;A01
201200007248;0;7;0;0;2;1;1;B02
201200007248;0;30;0;0;2;7;13;A01
201200007249;0;15;0;0;2;3;1;B02
201200007249;0;7;0;0;2;1;1;A01
201200007250;0;7;0;0;2;0;1;A01
201200007250;0;33;0;0;2;0;13;B02
201200007251;0;7;0;0;2;3;1;B02
201200007251;0;7;0;0;2;3;15;A01
201200007252;0;7;0;0;2;3;1;A01
201200007252;0;7;0;0;2;2;11;B02
201200007253;0;7;0;0;2;2;15;A01
201200007253;0;2;0;0;2;1;1;B02
201200007254;0;7;0;0;2;2;15;A01
201200007254;0;30;0;0;2;6;1;B02
201200007255;0;7;0;0;2;1;1;B02
201200007255;0;2;0;0;2;1;13;A01
201200007256;0;10;0;0;1;2;19;A01
201200007257;0;33;0;13;0;2;14;A01
201200007258;0;33;0;13;0;1;0;A01
201200007259;0;7;0;0;2;1;1;B02
201200007259;0;7;0;0;2;1;1;A01
201200007260;0;30;0;0;0;2;1;A01
201200007260;0;10;0;0;0;7;15;B02
201200007261;0;13;0;0;2;1;13;A01
201200007261;0;7;0;0;2;8;1;B02
201200007261;0;7;0;0;2;1;1;C03
201200007262;0;7;0;0;2;2;15;A01
201200007262;0;1;0;0;2;1;1;B02
201200007263;0;10;0;3;0;1;15;A01
201200007264;0;7;0;0;2;3;1;B02
201200007264;0;7;0;0;2;1;1;A01
201200007265;0;2;0;1;0;1;1;A01
201200007265;0;7;0;0;2;1;1;B02
201200007266;0;7;0;13;0;3;13;A01
201200007267;0;7;0;0;2;1;0;B02
201200007267;0;7;0;0;2;7;0;A01
201200007268;0;7;0;0;2;1;1;A01
201200007268;0;7;0;0;2;1;1;B02
201200007269;0;7;0;0;2;3;10;A01
201200007269;0;33;0;0;2;1;21;B02
201200007270;0;7;0;0;2;7;15;A01
201200007270;0;7;0;0;2;2;1;B02
201200007271;0;7;0;0;2;2;1;B02
201200007271;0;7;0;0;2;3;13;A01
201200007272;0;21;0;0;2;6;1;A01
201200007272;0;7;0;0;2;2;1;B02
201200007273;0;7;0;0;2;1;13;A01
201200007273;0;15;0;0;2;3;1;B02
201200007274;0;7;0;0;2;1;1;B02
201200007274;0;7;0;0;2;1;1;A01
201200007275;0;7;0;2;0;2;1;A01
201200007276;0;7;0;0;2;3;1;B02
201200007276;0;7;0;0;2;3;13;A01
201200007277;0;33;0;0;0;1;1;A01
201200007278;0;30;0;0;2;1;1;B02
201200007278;0;7;0;0;2;2;11;A01
201200007279;0;7;0;0;2;3;1;A01
201200007279;0;15;0;0;2;2;1;B02
201200007280;0;15;0;0;2;1;1;B02
201200007280;0;7;0;0;2;1;5;A01
201200007281;0;7;0;0;0;9;1;A01
201200007282;0;7;0;0;0;3;1;A01
201200007283;0;36;0;0;0;9;1;A01
201200007284;0;33;0;2;0;3;14;A01
201200007285;0;7;0;8;0;2;1;A01
201200007286;0;7;0;16;0;1;1;A01
201200007287;0;7;0;0;2;7;11;A01
201200007287;0;33;0;0;2;1;1;B02
201200007288;0;2;0;0;2;1;13;A01
201200007288;0;2;0;0;2;1;1;B02
201200007289;0;7;0;0;2;3;16;A01
201200007289;0;10;0;0;2;1;1;B02
201200007290;0;7;0;8;0;1;1;A01
201200007291;0;7;0;2;0;1;1;A01
201200007292;0;7;0;2;0;0;1;A01
201200007293;0;10;0;0;2;3;19;B02
201200007293;0;7;0;0;2;2;1;A01
201200007294;0;21;0;0;2;3;1;B02
201200007294;0;31;0;0;2;3;1;A01
201200007295;0;7;0;0;0;7;13;A01
201200007295;0;7;0;0;0;2;1;B02
201200007296;0;33;0;7;0;1;1;A01
201200007297;0;7;0;0;2;2;15;A01
201200007297;0;33;0;0;2;2;1;B02
201200007298;0;7;0;0;1;8;15;A01
201200007299;0;7;0;13;0;1;1;A01
201200007300;0;7;0;8;0;2;14;A01
201200007301;0;7;0;0;2;3;1;A01
201200007301;0;7;0;0;2;3;1;B02
201200007302;0;1;0;0;2;3;1;B02
201200007302;0;7;0;8;2;3;13;A01
201200007303;0;7;0;0;2;3;13;A01
201200007303;0;17;0;0;2;3;0;B02
201200007304;0;31;0;0;1;1;1;A01
201200007305;0;7;0;13;0;2;1;A01
201200007306;0;7;0;13;0;1;1;A01
201200007307;0;7;0;2;0;3;13;A01
201200007308;0;7;0;0;2;5;1;B02
201200007308;0;7;0;0;2;3;19;A01
201200007309;0;30;0;0;0;4;1;A01
201200007310;0;2;0;0;0;1;14;A01
201200007311;0;7;0;2;0;1;1;A01
201200007312;0;7;0;0;1;2;1;A01
201200007313;0;7;0;0;2;8;10;A01
201200007313;0;10;0;0;2;1;1;B02
201200007314;0;7;0;0;2;1;13;A01
201200007314;0;7;0;0;2;1;1;B02