num_acc;senc;catv;occutc;obs;obsm;choc;manv;num_veh
201200007713;0;7;0;0;2;1;1;A01
201200007714;0;7;0;0;0;8;19;A01
201200007714;0;14;0;0;2;3;1;B02
201200007715;0;7;0;0;2;1;5;A01
201200007715;0;7;0;13;0;2;21;D04
201200007715;0;7;0;0;2;9;1;C03
201200007715;0;10;0;0;2;1;1;B02
201200007716;0;7;0;0;0;9;17;A01
201200007717;0;7;0;0;1;2;19;A01
201200007718;0;7;0;0;1;2;1;A01
201200007719;0;7;0;0;2;8;0;A01
201200007719;0;7;0;0;2;2;1;B01
201200007720;0;33;0;0;2;1;13;A01
201200007720;0;7;0;0;2;1;1;B01
201200007721;0;10;0;0;1;2;15;A01
201200007722;0;7;0;2;0;1;0;A01
201200007723;0;7;0;0;2;1;17;A01
201200007723;0;7;0;0;2;1;1;B01
201200007723;0;7;0;0;2;6;15;C01
201200007723;0;7;0;0;2;6;1;D01
201200007724;0;7;0;0;0;4;2;A01
201200007724;0;10;0;0;2;1;2;B01
201200007725;1;7;0;0;1;2;2;Z01
201200007726;0;7;0;0;1;2;1;A01
201200007727;0;7;0;0;2;1;0;A01
201200007727;0;7;0;0;2;1;1;B01
201200007728;0;7;0;2;0;2;1;A01
201200007729;0;30;0;0;2;1;13;A01
201200007729;0;7;0;0;2;3;1;B02
201200007730;0;7;0;0;2;1;15;A01
201200007730;0;7;0;0;2;1;1;B02
201200007730;0;10;0;0;2;8;1;C03
201200007731;0;10;0;13;0;1;13;A01
201200007732;0;10;0;0;0;3;0;A01
201200007733;0;7;0;2;0;3;1;A01
201200007734;0;2;0;0;2;1;1;A01
201200007734;0;7;0;0;2;3;1;B02
201200007735;0;33;0;0;2;1;1;B02
201200007735;0;7;0;0;2;1;15;A01
201200007736;0;31;0;15;0;1;1;A01
201200007737;1;7;0;0;0;0;0;A01
201200007738;0;7;0;2;0;1;1;A01
201200007739;0;10;0;0;2;1;1;A01
201200007739;0;17;0;0;2;2;1;B02
201200007740;0;7;0;0;2;8;1;B02
201200007740;0;7;0;0;2;3;13;A01
201200007741;0;7;0;15;0;9;19;A01
201200007742;0;7;0;13;0;2;1;A01
201200007743;0;7;0;13;0;1;1;A01
201200007744;0;1;0;0;2;8;1;A01
201200007744;0;2;0;0;2;7;1;B02
201200007745;0;17;0;0;2;6;1;B02
201200007745;0;7;0;0;2;3;13;A01
201200007746;0;15;0;0;2;1;1;B02
201200007746;0;7;0;0;2;7;15;A01
201200007747;0;30;0;12;0;1;1;A01
201200007748;0;31;0;11;0;1;1;A01
201200007749;0;7;0;0;1;2;1;A01
201200007750;0;7;0;0;2;1;1;B02
201200007750;0;36;0;0;2;1;13;A01
201200007751;0;7;0;8;0;3;13;A01
201200007752;0;17;0;0;2;1;21;B02
201200007752;0;7;0;0;2;1;13;A01
201200007753;0;7;0;6;0;1;1;A01
201200007754;0;7;0;0;2;3;13;A01
201200007754;0;7;0;0;2;3;1;B02
201200007755;0;33;0;3;0;3;1;A01
201200007756;0;10;0;1;0;2;1;A01
201200007757;0;7;0;0;2;3;13;A01
201200007757;0;7;0;0;2;3;21;B02
201200007758;0;33;0;4;0;3;1;A01
201200007759;0;1;0;16;0;1;1;A01
201200007759;0;2;0;0;0;0;2;B02
201200007760;0;1;0;0;0;3;1;C03
201200007760;0;1;0;0;2;3;17;A01
201200007760;0;10;0;0;9;8;1;B02
201200007761;0;33;0;1;2;1;1;A01
201200007761;0;30;0;0;0;4;10;C03
201200007762;0;7;0;8;0;7;1;A01
201200007763;0;20;0;13;0;8;14;A01
201200007764;0;7;0;0;2;1;1;B02
201200007764;0;33;0;0;2;1;13;A01
201200007765;0;33;0;0;0;8;1;A01
201200007766;0;30;0;9;0;2;1;A01
201200007767;0;7;0;0;0;1;14;A01
201200007768;0;30;0;0;2;2;19;A01
201200007768;0;7;0;0;2;1;2;C03
201200007768;0;7;0;0;2;3;2;B02
201200007769;0;7;0;2;0;1;1;A01
201200007770;0;7;0;9;0;2;1;A01
201200007771;0;33;0;0;0;1;1;A01
201200007772;0;7;0;2;0;1;13;A01
201200007773;0;15;0;0;2;1;1;B02
201200007773;0;7;0;0;0;1;13;A01
201200007774;0;10;0;8;0;3;0;A01
201200007775;0;7;0;0;1;2;1;A01
201200007776;0;7;0;8;0;1;1;A01
201200007777;0;7;0;0;2;3;1;B02
201200007777;0;7;0;0;2;2;16;A01
201200007778;0;7;0;0;2;1;1;B02
201200007778;0;7;0;0;2;7;13;A01
201200007779;0;7;0;16;0;1;1;A01
201200007780;0;7;0;0;1;1;1;A01
201200007781;0;14;0;0;2;8;15;B02
201200007781;0;33;0;0;2;1;17;A01
201200007782;0;7;0;0;2;7;13;A01
201200007782;0;7;0;0;2;1;1;B02
201200007783;0;7;0;0;2;2;15;A01
201200007783;0;32;0;0;2;1;1;B02
201200007784;0;7;0;0;2;3;1;A01
201200007784;0;10;0;0;2;3;1;B02
201200007785;0;33;0;0;2;2;17;A01
201200007785;0;15;0;0;2;3;15;B02
201200007786;0;33;0;8;0;7;1;A01
201200007787;0;7;0;0;2;1;1;B02
201200007787;0;7;0;0;2;1;13;A01
201200007788;0;7;0;0;1;2;1;A01
201200007789;0;7;0;0;2;2;21;B02
201200007789;0;7;0;0;2;2;13;A01
201200007790;0;7;0;13;0;3;13;A01
201200007791;0;7;0;0;2;7;1;B02
201200007791;0;33;0;0;2;1;1;A01
201200007792;0;38;18;0;0;6;19;A01
201200007792;0;7;0;0;2;1;1;B02
201200007793;0;2;0;12;0;1;1;A01
201200007794;1;7;0;0;1;2;1;A01
201200007795;0;7;0;0;0;9;1;A01
201200007796;0;2;0;0;2;1;1;A01
201200007796;0;1;0;0;0;4;1;B02
201200007797;0;7;0;13;0;1;13;A01
201200007798;0;7;0;0;2;2;15;A01
201200007798;0;7;0;0;2;1;1;B02
201200007799;0;7;0;0;0;1;1;B02
201200007799;0;7;0;0;0;7;1;A01
201200007800;0;30;0;0;0;0;1;A01
201200007801;0;7;0;0;0;2;11;A01
201200007801;0;30;0;0;2;1;1;B02
201200007802;0;31;0;0;0;1;1;A01
201200007803;0;37;20;0;1;2;1;A01
201200007804;0;7;0;0;9;1;1;A01
201200007804;0;1;0;0;2;8;15;B02
201200007805;0;7;0;0;1;1;0;A01
201200007806;0;7;0;3;0;9;1;A01
201200007807;0;7;0;2;0;8;19;A01
201200007808;0;7;0;16;0;2;1;A01
201200007809;0;14;0;13;0;1;1;A01
201200007810;0;7;0;13;0;1;0;A01
201200007811;0;7;0;2;0;9;1;A01
201200007812;0;7;0;0;0;1;13;A01
201200007813;0;33;0;13;0;2;1;A01
201200007814;0;7;0;0;2;2;1;A01
201200007814;0;1;0;0;2;2;1;B02
201200007815;0;7;0;0;2;1;13;A01
201200007815;0;7;0;3;2;1;21;B02
201200007816;0;10;0;0;0;7;1;A01
201200007817;0;99;0;2;0;1;17;A01
201200007818;0;36;0;6;0;1;0;A01
201200007819;0;7;0;7;0;2;14;A01
201200007820;0;2;0;0;0;7;1;A01
201200007821;0;7;0;0;2;1;1;B02
201200007821;0;7;0;0;9;1;1;E05
201200007821;0;15;0;0;2;3;1;C03
201200007821;0;7;0;0;2;1;5;A01
201200007821;0;15;0;0;2;3;1;D04
201200007822;0;7;0;4;0;3;13;A01
201200007823;0;7;0;0;2;1;1;C03
201200007823;0;7;0;4;0;1;13;A01
201200007823;0;7;0;0;2;4;1;B02
201200007824;0;14;0;4;0;2;1;A01
201200007825;0;7;0;4;0;3;13;A01
201200007826;0;7;0;0;0;0;1;A01
201200007826;0;33;0;0;9;1;1;B02
201200007827;0;17;0;4;0;1;6;A01
201200007828;0;7;0;0;2;5;12;A01
201200007828;0;10;0;0;2;3;3;B02
201200007829;0;15;0;0;2;4;1;C03
201200007829;0;7;0;0;9;1;1;D04
201200007829;0;7;0;0;2;1;1;A01
201200007829;0;17;0;0;2;4;1;B02
201200007830;0;7;0;0;2;1;13;A01
201200007830;0;7;0;0;2;7;1;C03
201200007830;0;7;0;0;2;4;1;B02
201200007831;0;33;0;0;2;1;2;A01
201200007831;0;7;0;0;2;4;2;B02
201200007832;0;17;0;0;2;0;2;B02
201200007832;0;7;0;4;2;1;13;A01
201200007833;0;7;0;4;0;1;1;A01
201200007834;0;7;0;4;0;3;21;A01
201200007835;0;7;0;4;0;2;9;A01
201200007836;0;17;0;0;2;6;1;A01
201200007836;0;7;0;0;2;2;3;B02
201200007837;0;7;0;3;0;1;2;C03
201200007837;0;17;0;0;0;4;1;D04
201200007837;0;7;0;3;0;1;17;A01
201200007837;0;7;0;0;2;1;2;E05
201200007837;0;7;0;14;0;2;2;F06
201200007837;0;7;0;14;0;4;2;H08
201200007837;0;7;0;3;0;1;2;G07
201200007837;0;7;0;1;0;2;1;B02
201200007838;0;14;0;0;0;0;0;A01
201200007839;0;7;0;0;2;1;14;A01
201200007839;0;7;0;0;2;4;1;B02
201200007840;0;7;0;13;0;1;1;A01
201200007841;0;7;0;8;0;1;0;A01
201200007842;0;7;0;0;2;3;6;A01
201200007842;0;7;0;0;2;3;1;B02
201200007843;0;99;0;0;2;1;13;A01
201200007843;0;7;0;0;0;1;1;B02
201200007844;0;7;0;0;1;8;1;A01
201200007845;0;7;0;13;0;2;1;A01
201200007846;0;30;0;0;2;1;1;B02
201200007846;0;7;0;0;2;2;15;A01
201200007847;0;7;0;0;2;3;13;A01
201200007847;0;7;0;0;2;3;1;B02
201200007848;0;33;0;16;0;9;15;A01
201200007849;0;7;0;4;0;1;1;A01
201200007850;0;7;0;0;2;3;15;A01
201200007850;0;33;0;0;2;8;1;B02
201200007851;0;7;0;0;0;4;15;C03
201200007851;0;7;0;0;2;4;2;B02
201200007851;0;7;0;0;2;1;2;A01
201200007852;0;33;0;0;2;1;1;B02
201200007852;0;7;0;0;0;7;15;A01
201200007853;0;7;0;5;0;9;15;A01
201200007854;0;7;0;0;2;3;9;A01
201200007854;0;7;0;0;2;2;1;B02
201200007855;0;7;0;4;0;3;1;A01
201200007856;0;7;0;0;2;1;2;A01
201200007856;0;7;0;0;0;4;2;B02
201200007857;0;7;0;3;0;2;1;A01
201200007858;0;7;0;0;1;2;1;A01
201200007859;0;7;0;0;2;1;2;A01
201200007859;0;7;0;0;2;4;2;B02
201200007860;0;7;0;0;2;4;2;B02
201200007860;0;10;0;0;2;1;2;A01
201200007861;0;7;0;0;2;3;1;B02
201200007861;0;7;0;0;2;3;1;A01
201200007861;0;7;0;0;2;1;1;C03
201200007862;0;10;0;0;2;2;5;A01
201200007862;0;10;0;0;2;2;1;B02
201200007863;0;10;0;0;2;2;1;A01
201200007863;0;7;0;0;0;4;0;B02
201200007864;0;7;0;12;0;1;1;A01
201200007865;0;7;0;0;2;1;13;A01
201200007865;0;7;0;15;2;1;1;B02
201200007866;0;7;0;2;0;1;13;A01
201200007867;0;7;0;0;2;1;1;C03
201200007867;0;7;0;0;2;5;13;A01
201200007867;0;10;0;0;2;8;1;B02
201200007868;0;33;0;0;2;1;1;A01
201200007868;0;7;0;0;2;3;9;B02
201200007869;0;7;0;0;2;3;1;A01
201200007869;0;7;0;0;2;1;1;B02
201200007870;0;7;0;0;1;1;1;A01
201200007871;0;7;0;0;2;5;2;A01
201200007871;0;33;0;0;2;3;2;B02
201200007872;0;7;0;0;2;1;9;B02
201200007872;0;20;0;0;2;1;5;A01
201200007873;0;7;0;0;2;3;1;A01
201200007873;0;33;0;0;2;1;1;B02
201200007874;0;7;0;0;2;3;9;A01
201200007874;0;2;0;0;2;1;2;B02
201200007875;0;7;0;16;0;9;1;A01
201200007876;0;1;0;0;2;8;1;B02
201200007876;1;7;0;0;9;5;14;Z01
201200007877;0;7;0;1;0;2;0;A01
201200007877;0;7;0;0;2;6;0;B02
201200007878;0;1;0;1;0;1;1;A01
201200007879;0;7;0;0;2;2;1;A01
201200007879;0;2;0;0;2;1;19;B02
201200007880;0;7;0;13;0;1;1;A01
201200007881;0;7;0;11;2;1;1;B02
201200007881;0;7;0;0;2;8;15;A01
201200007882;0;7;0;13;0;9;1;A01
201200007883;0;7;0;0;0;9;1;A01
201200007884;0;7;0;0;0;9;1;A01
201200007885;0;7;0;6;0;1;1;A01
201200007886;0;37;0;15;0;1;1;A01
201200007887;0;2;0;0;2;8;19;B02
201200007887;0;7;0;0;2;2;19;A01
201200007888;0;7;0;13;0;1;13;A01
201200007889;0;7;0;0;2;7;1;A01
201200007889;0;7;0;0;2;1;1;B02
201200007890;0;10;0;0;2;1;1;B02
201200007890;0;7;0;0;2;1;6;A01
201200007891;0;33;0;0;2;1;1;B02
201200007891;0;7;0;0;2;2;13;A01
201200007892;0;7;0;8;0;9;1;A01
201200007893;0;7;0;9;0;2;1;A01
201200007894;0;7;0;0;0;6;1;B02
201200007894;0;30;0;0;2;1;1;A01
201200007895;0;7;0;0;2;1;1;B02
201200007895;0;7;0;0;2;8;15;A01
201200007896;0;1;0;0;0;1;1;A01
201200007897;0;7;0;8;2;3;19;A01
201200007897;0;3;0;0;2;3;1;B02
201200007898;0;7;0;2;0;7;1;A01
201200007899;0;7;0;13;0;2;13;A01
201200007900;0;7;0;7;2;3;1;A01
201200007900;0;7;0;0;2;3;1;B02
201200007901;0;99;0;0;2;1;1;B02
201200007901;0;7;0;0;2;3;23;A01
201200007902;0;7;0;3;0;1;1;A01
201200007903;0;7;0;0;1;3;1;A01
201200007904;0;7;0;13;0;1;16;A01
201200007905;0;7;0;0;2;1;1;A01
201200007905;0;7;0;13;2;7;0;B02
201200007906;0;1;0;0;0;0;14;B02
201200007906;0;34;0;1;0;2;21;A01
201200007907;0;10;0;0;0;7;15;A01
201200007908;0;33;0;0;2;1;17;A01
201200007908;0;10;0;0;2;4;15;B02
201200007909;0;7;0;9;1;1;6;A01
201200007910;0;7;0;13;0;5;1;A01
201200007911;0;7;0;0;1;2;1;A01
201200007912;0;2;0;0;0;0;15;A01
201200007912;0;10;0;0;0;0;0;B02
201200007913;0;7;0;13;1;2;1;A01
201200007914;0;7;0;0;0;9;1;A01
201200007915;0;7;0;0;2;8;19;A01
201200007915;0;7;0;0;2;1;1;B02
201200007916;0;7;0;0;2;1;2;A01
201200007916;0;7;0;0;0;4;2;B02
201200007917;0;33;0;0;2;2;17;B02
201200007917;0;7;0;0;2;2;5;A01
201200007918;0;33;0;0;2;3;17;A01
201200007918;0;7;0;0;2;3;1;B02
201200007919;0;7;0;0;0;1;13;A01
201200007919;0;10;0;0;0;1;1;B02
201200007920;0;14;0;0;2;1;1;B02
201200007920;0;7;0;3;2;4;14;A01
201200007921;0;10;0;13;0;1;2;A01
201200007922;0;2;0;0;2;1;1;B02
201200007922;0;10;0;0;2;7;15;A01
201200007923;0;7;0;0;2;3;13;A01
201200007923;0;7;0;0;2;3;1;B02
201200007924;0;7;0;0;0;9;1;A01
201200007925;0;30;0;0;0;8;23;A01
201200007926;0;7;0;0;2;2;9;A01
201200007926;0;2;0;0;2;4;2;B02
201200007927;0;7;0;0;1;3;1;A01
201200007928;0;7;0;0;2;4;2;A01
201200007928;0;7;0;0;2;2;21;B02
201200007929;0;33;0;0;2;1;1;A01
201200007929;0;14;0;0;2;5;15;B02
201200007930;0;7;0;2;0;3;1;A01
201200007931;0;7;0;2;0;2;14;A01
201200007932;0;7;0;2;0;1;13;A01
201200007933;0;7;0;0;2;3;15;A01
201200007933;0;33;0;0;2;2;17;B02
201200007934;0;33;0;0;2;1;5;A01
201200007934;0;7;0;0;2;3;1;B02
201200007935;0;10;0;0;2;1;1;A01
201200007935;0;7;0;0;2;8;9;B02
201200007936;0;7;0;0;2;4;1;C03
201200007936;0;7;0;0;2;1;17;A01
201200007936;0;7;0;0;2;0;1;B02
201200007937;0;7;0;16;0;8;13;A01
201200007938;0;7;0;0;2;3;2;A01
201200007938;0;30;0;0;2;6;15;B02
201200007939;0;7;0;0;2;3;13;A01
201200007939;0;33;0;0;2;3;1;B02
201200007940;0;7;0;13;0;1;1;A01
201200007941;0;7;0;13;0;1;13;A01
201200007942;0;7;0;0;9;2;1;A01
201200007942;0;1;0;0;2;4;1;B02
201200007942;0;1;0;0;2;4;1;C03
201200007943;0;7;0;1;0;1;2;A01
201200007943;0;7;0;0;0;4;23;D04
201200007943;0;7;0;0;0;0;23;E05
201200007943;0;7;0;0;0;4;23;C03
201200007943;0;7;0;0;0;4;23;B02
201200007944;0;7;0;13;0;2;14;A01
201200007945;0;1;0;0;2;1;1;B02
201200007945;0;7;0;0;2;2;15;A01
201200007946;0;31;0;0;6;0;21;A01
201200007947;0;7;0;0;2;7;15;A01
201200007947;0;33;0;0;1;1;1;B02
201200007948;0;7;0;0;2;3;1;B02
201200007948;0;33;0;0;2;1;13;A01
201200007949;0;7;0;0;2;1;1;B02
201200007949;0;7;0;0;2;1;13;A01
201200007950;0;7;0;0;2;1;13;A01
201200007950;0;1;0;0;2;1;1;B02
201200007951;0;7;0;0;2;1;17;A01
201200007951;0;7;0;0;2;3;1;B02
201200007952;0;7;0;0;2;1;13;A01
201200007952;0;7;0;0;2;3;1;B02
201200007953;0;7;0;0;0;8;1;B02
201200007953;0;34;0;0;2;8;13;A01
201200007954;0;7;0;0;0;4;20;A01
201200007955;0;7;0;0;0;1;1;B02
201200007955;0;7;0;0;0;1;1;A01
201200007956;0;7;0;0;2;7;16;A01
201200007956;0;33;0;0;2;3;21;B02
201200007957;0;7;0;2;0;9;1;A01
201200007958;0;33;0;0;2;1;1;A01
201200007958;0;33;0;0;2;1;1;B02
201200007959;1;7;0;0;1;3;1;A01
201200007960;0;32;0;0;2;1;1;A01
201200007960;0;1;0;0;2;1;1;B02
201200007961;0;7;0;0;2;6;0;B02
201200007961;0;2;0;1;0;2;1;A01
201200007962;0;7;0;0;2;1;15;A01
201200007962;0;30;0;0;2;1;1;B02
201200007963;0;2;0;0;2;1;1;A01
201200007963;0;7;0;0;2;1;15;B02
201200007964;0;30;0;0;2;7;17;A01
201200007964;0;7;0;0;2;8;15;B02
201200007965;0;7;0;0;1;1;1;A01
201200007966;0;7;0;0;0;3;0;B02
201200007966;0;33;0;0;2;1;13;A01
201200007967;0;7;0;0;2;2;13;A01
201200007967;0;7;0;0;2;1;1;B02
201200007968;0;33;0;0;2;1;17;A01
201200007968;0;7;0;0;0;6;15;B02
201200007969;0;33;0;0;2;7;1;B02
201200007969;0;7;0;0;2;2;19;A01
201200007970;0;7;0;0;0;3;15;A01
201200007970;0;31;0;0;2;1;1;B02
201200007971;0;7;0;0;2;3;13;A01
201200007971;0;10;0;0;2;3;1;D04
201200007971;0;7;0;0;2;1;1;C03
201200007971;0;10;0;0;2;3;1;B02
201200007972;0;33;0;0;2;1;1;B02
201200007972;0;7;0;0;2;2;15;A01
201200007973;0;14;0;0;2;8;1;B02
201200007973;0;30;0;0;2;3;13;A01
201200007974;0;7;0;0;2;1;13;A01
201200007974;0;7;0;0;2;3;1;B02
201200007975;0;7;0;0;2;1;1;B02
201200007975;0;31;0;0;2;1;1;A01
201200007976;0;7;0;0;0;3;15;A01
201200007976;0;33;0;0;2;1;1;B02
201200007977;0;7;0;8;0;9;1;A01
201200007978;0;7;0;6;0;3;1;A01
201200007979;0;7;0;0;2;1;1;B02
201200007979;0;7;0;0;2;6;21;C03
201200007979;0;7;0;3;2;4;5;A01
201200007980;0;7;0;10;0;2;14;A01
201200007981;0;7;0;0;2;1;1;B02
201200007981;0;10;0;0;2;1;1;A01
201200007982;0;7;0;0;2;3;15;A01
201200007982;0;33;0;0;2;7;17;B02
201200007983;0;7;0;0;2;3;15;A01
201200007983;0;34;0;0;2;2;2;B02
201200007984;0;7;0;0;0;1;2;A01
201200007984;0;7;0;0;0;4;15;B02
201200007985;0;2;0;0;2;1;17;A01
201200007985;0;7;0;0;0;6;23;B02
201200007986;0;7;0;0;2;1;5;A01
201200007986;0;10;0;0;2;1;1;B02
201200007986;0;7;0;0;2;2;21;C03
201200007987;0;33;0;12;0;2;1;A01
201200007988;0;7;0;0;2;1;1;A01
201200007988;0;1;0;0;2;1;1;B02
201200007989;0;7;0;15;0;9;1;A01
201200007990;0;7;0;0;0;5;9;A01
201200007990;0;33;0;0;2;1;1;B02
201200007991;0;14;0;13;0;3;14;A01
201200007992;0;31;0;12;2;8;1;A01
201200007992;0;7;0;0;2;5;15;B02
201200007993;0;10;0;13;0;2;1;A01
201200007994;0;33;0;12;0;6;1;A01
201200007994;0;7;0;0;2;3;1;B02
201200007995;0;7;0;0;1;8;1;A01
201200007996;0;7;0;0;2;3;19;A01
201200007996;0;30;0;0;2;2;1;B02
201200007997;0;7;0;14;0;1;1;A01
201200007997;0;7;0;0;2;4;23;B02
201200007998;0;31;0;0;2;4;1;B02
201200007998;0;7;0;0;2;3;9;A01
201200007999;0;14;0;0;2;3;1;B02
201200007999;0;7;0;0;2;3;13;A01
201200008000;0;7;0;2;0;1;1;A01
201200008001;0;7;0;0;2;4;15;B02
201200008001;0;7;0;0;2;1;2;A01
201200008002;0;7;0;2;0;1;17;A01
201200008003;0;7;0;10;0;2;1;A01
201200008004;0;7;0;0;2;1;13;B02
201200008004;0;7;0;0;2;1;1;A01
201200008005;0;7;0;0;1;1;1;A01
201200008006;0;7;0;0;2;1;17;A01
201200008006;0;7;0;0;2;1;1;B02
201200008007;0;7;0;0;2;7;1;B02
201200008007;0;7;0;0;2;2;1;A01
201200008008;0;7;0;2;0;1;1;A01
201200008009;0;21;0;0;6;0;21;A01
201200008010;0;7;0;2;0;1;1;A01
201200008011;0;7;0;0;2;3;1;A01
201200008011;0;2;0;0;2;1;1;B02
201200008012;1;7;0;0;1;0;1;Z01
201200008013;0;30;0;8;0;1;1;A01
201200008014;0;30;0;0;2;7;1;A01
201200008014;0;7;0;0;2;1;15;B02
201200008015;0;7;0;0;2;8;13;A01
201200008015;0;33;0;0;2;1;1;B02
201200008016;0;7;0;2;0;8;21;A01
201200008017;0;34;0;0;2;1;1;A01
201200008017;0;10;0;0;2;8;9;B02
201200008018;0;7;0;6;0;1;6;A01
201200008019;0;7;0;2;0;2;14;A01
201200008020;0;7;0;0;2;7;1;A01
201200008020;0;7;0;0;2;1;19;B02
201200008021;0;7;0;2;0;1;13;A01
201200008022;0;7;0;0;2;7;17;A01
201200008022;0;7;0;0;0;8;1;B02
201200008023;0;33;0;10;0;8;1;A01
201200008024;0;7;0;0;2;1;13;A01
201200008024;0;7;0;0;2;1;2;B02
201200008025;0;7;0;3;0;1;13;A01
201200008026;0;33;0;3;0;0;0;A01
201200008027;0;7;0;0;0;8;11;A01
201200008027;0;33;0;0;2;2;17;B02
201200008028;0;7;0;0;2;3;21;B02
201200008028;2;7;0;0;2;2;5;A01
201200008028;0;7;0;0;2;5;13;C04
201200008029;0;7;0;8;0;1;2;A01
201200008030;0;7;0;0;2;3;21;A01
201200008030;0;7;0;0;2;3;17;B02
201200008031;0;7;0;13;9;2;1;A01
201200008032;0;1;0;3;0;1;1;A01
201200008033;0;7;0;16;0;9;13;A01
201200008034;0;7;0;2;0;2;1;A01
201200008035;0;7;0;2;0;1;0;A01
201200008036;0;7;0;0;1;2;1;A01
201200008037;0;7;0;0;0;0;1;A01
201200008038;0;31;0;13;0;1;1;A01
201200008039;0;33;0;16;0;0;21;A01
201200008040;0;7;0;0;2;1;1;A01
201200008040;0;7;0;0;2;3;1;B02
201200008041;0;33;0;4;0;7;1;A01
201200008042;0;33;0;0;0;0;1;A01
201200008043;0;33;0;0;0;0;1;A01
201200008044;0;33;0;0;2;8;21;A01
201200008044;0;7;0;0;0;4;15;B02
201200008045;0;1;0;0;2;2;13;A01
201200008045;0;7;0;0;9;1;1;B02
201200008046;0;33;0;0;0;2;17;A01
201200008046;0;7;0;0;0;6;1;B02
201200008047;0;33;0;0;0;0;1;A01
201200008048;0;7;0;16;0;0;1;A01
201200008049;0;33;0;0;0;9;0;A01
201200008050;0;33;0;0;2;8;17;A01
201200008050;0;7;0;0;2;3;1;B02
201200008050;0;7;0;0;0;0;1;C03
201200008051;0;7;0;0;1;2;1;A01
201200008052;0;33;0;0;2;1;13;A01
201200008052;0;7;0;0;2;2;21;B02
201200008053;0;7;0;0;1;1;1;A01
201200008054;0;33;0;0;2;1;13;A01
201200008054;0;17;0;0;2;8;1;B02
201200008055;0;7;0;5;0;1;14;A01
201200008056;0;7;0;0;2;1;17;A01
201200008056;0;7;0;0;2;1;1;B02
201200008057;0;15;0;4;2;3;13;A01
201200008057;0;15;0;0;2;3;1;B02
201200008058;0;7;0;13;0;1;1;A01
201200008059;0;10;0;0;2;8;19;A01
201200008059;0;33;0;0;2;1;1;B02
201200008060;0;2;0;0;0;1;1;B02
201200008060;0;31;0;0;0;1;13;A01
201200008061;0;33;0;3;0;1;1;A01
201200008062;0;7;0;0;2;1;17;A01
201200008062;0;7;0;0;2;1;1;B02
201200008063;0;31;0;13;0;2;15;A01
201200008064;0;33;0;0;2;3;13;A01
201200008064;0;7;0;0;2;3;1;C03
201200008065;0;33;0;0;2;1;;A01
201200008065;0;33;0;0;2;1;0;B02
201200008066;0;33;0;4;0;1;1;A01
201200008067;0;33;0;13;0;0;0;A01
201200008068;0;33;0;3;0;1;1;A01
201200008069;0;33;0;0;0;2;1;A01
201200008070;0;7;0;2;0;1;13;A01
201200008071;0;7;0;16;0;9;1;A01
201200008072;0;7;0;0;0;1;1;A01
201200008073;0;33;0;0;2;1;5;A01
201200008073;0;7;0;0;2;3;1;B02
201200008074;0;7;0;0;1;1;1;A01
201200008075;0;14;0;0;2;1;2;A01
201200008075;0;14;0;0;2;4;23;B02
201200008076;0;14;0;3;0;8;1;A01
201200008077;0;10;0;0;0;2;1;A01
201200008078;0;7;0;0;2;8;15;A01
201200008078;0;33;0;0;2;1;17;B02
201200008079;0;7;0;13;0;3;1;A01
201200008080;0;7;0;13;0;1;14;A01
201200008081;0;33;0;0;2;1;18;A01
201200008081;0;7;0;0;2;5;16;B02
201200008082;0;7;0;2;0;5;1;A01
201200008083;0;7;0;0;2;1;1;B02
201200008083;0;7;0;0;2;3;19;A01
201200008084;0;7;0;0;0;0;1;A01
201200008085;0;7;0;6;0;1;14;A01
201200008086;0;33;0;0;2;1;13;A01
201200008086;0;7;0;0;0;6;15;B02
201200008087;0;7;0;0;2;7;1;A01
201200008087;0;38;1;0;2;1;1;B02
201200008088;0;7;0;2;0;8;13;A01
201200008089;0;33;0;10;0;9;1;A01
201200008090;0;33;0;0;2;7;17;A01
201200008090;0;10;0;0;2;3;15;B02
201200008091;0;30;0;2;0;0;1;A01
201200008092;0;7;0;13;0;9;17;A01
201200008093;0;10;0;0;2;1;1;A01
201200008093;0;7;0;0;2;4;1;B02
201200008094;0;7;0;0;2;3;9;A01
201200008094;0;33;0;0;2;2;1;B02
201200008095;0;7;0;0;2;3;0;A01
201200008095;0;33;0;0;2;1;0;B02
201200008096;0;30;0;0;6;7;1;A01
201200008097;0;7;0;16;0;3;1;A01
201200008098;0;30;0;0;0;1;1;A01
201200008098;0;7;0;0;0;1;1;B02
201200008099;0;7;0;0;1;6;20;A01
201200008100;0;14;0;0;2;3;1;B02
201200008100;0;7;0;0;2;3;13;A01
201200008101;0;7;0;2;0;2;14;A01
201200008102;0;10;0;13;0;2;1;A01
201200008103;0;7;0;2;0;9;13;A01
201200008104;0;30;0;0;;1;1;B02
201200008104;0;33;0;0;2;2;13;A01
201200008105;0;7;0;;2;3;13;A01
201200008105;0;10;0;0;;3;1;B02
201200008106;0;7;0;16;;;1;A01
201200008107;0;7;0;0;0;3;1;B02
201200008107;0;1;0;0;2;8;13;A01
201200008108;0;7;0;13;;9;1;A01
201200008109;0;2;0;0;;1;1;B02
201200008109;0;7;0;3;2;1;13;A01