num_acc;senc;catv;occutc;obs;obsm;choc;manv;num_veh
201200008110;0;7;0;0;;3;1;B02
201200008110;0;7;0;0;2;3;13;A01
201200008111;0;10;0;0;;3;1;B02
201200008111;0;7;0;0;2;3;13;A01
201200008112;0;7;0;0;;3;1;A01
201200008112;0;30;0;0;2;1;15;B02
201200008113;0;7;0;0;2;1;17;A01
201200008113;0;7;0;0;2;1;1;B02
201200008113;0;17;0;0;;8;1;C03
201200008114;0;7;0;13;0;2;1;A01
201200008115;0;7;0;13;0;1;1;A01
201200008116;0;33;0;3;0;2;14;A01
201200008117;0;33;0;0;2;3;13;A01
201200008117;0;7;0;0;;3;1;B02
201200008118;0;7;0;3;;1;13;A01
201200008119;0;7;0;0;;2;15;A01
201200008119;0;33;0;0;2;1;13;B02
201200008120;0;7;0;0;2;1;13;A01
201200008120;0;17;0;0;2;8;1;B02
201200008121;0;10;0;0;;3;1;B02
201200008121;0;10;0;0;;1;1;C03
201200008121;0;15;0;0;2;3;1;A01
201200008122;0;33;0;0;5;1;1;A01
201200008123;0;7;0;0;1;2;1;A01
201200008124;0;7;0;7;0;2;1;A01
201200008125;0;7;0;13;5;1;1;A01
201200008126;0;7;0;13;0;9;1;A01
201200008127;0;7;0;0;;1;1;B02
201200008127;0;7;0;0;2;7;13;A01
201200008128;0;7;0;13;0;1;1;A01
201200008129;0;1;0;0;2;7;15;B02
201200008129;0;7;0;0;;3;1;A01
201200008130;0;7;0;0;2;3;13;A01
201200008130;0;7;0;0;;3;1;B02
201200008131;0;7;0;0;2;1;1;B01
201200008131;0;7;0;0;2;3;19;A02
201200008132;0;7;0;1;0;1;1;A01
201200008133;0;7;0;13;0;9;13;A01
201200008134;0;33;0;0;2;1;1;B02
201200008134;0;1;0;0;;4;1;C03
201200008134;0;33;0;0;2;1;1;A01
201200008135;0;36;0;13;0;9;1;A01
201200008136;0;14;0;0;1;2;1;A01
201200008137;0;38;6;16;0;7;1;A01
201200008138;0;7;0;13;0;9;19;A01
201200008139;0;7;0;0;;1;1;B02
201200008139;0;7;0;0;2;3;19;A01
201200008140;0;7;0;0;1;2;1;A01
201200008141;0;10;0;8;2;3;1;A01
201200008141;0;7;0;0;0;3;1;B02
201200008142;0;7;0;0;;1;1;B02
201200008142;0;7;0;0;2;1;17;A01
201200008143;0;7;0;13;0;1;14;A01
201200008144;0;7;0;13;0;0;14;A01
201200008145;0;7;0;0;1;7;1;A01
201200008146;0;33;0;0;2;8;13;A01
201200008146;0;33;0;0;;1;17;B02
201200008147;0;33;0;0;;1;1;B02
201200008147;0;33;0;0;2;1;17;A01
201200008148;0;33;0;0;0;8;1;A01
201200008149;0;7;0;15;0;1;13;A01
201200008150;0;7;0;0;1;1;1;A01
201200008151;0;7;0;0;1;1;1;A01
201200008152;0;7;0;0;1;5;20;A01
201200008153;0;7;0;0;2;6;2;B02
201200008153;0;33;0;0;2;1;1;A01
201200008154;0;7;0;0;0;3;15;A01
201200008154;0;33;0;0;0;3;1;B02
201200008155;0;33;0;0;2;1;1;A01
201200008155;0;7;0;0;2;4;23;B02
201200008156;0;21;0;0;1;1;1;A01
201200008157;0;7;0;0;2;2;1;A01
201200008157;0;2;0;0;2;1;1;B02
201200008158;0;33;0;0;2;1;1;B02
201200008158;0;7;0;0;2;5;15;A01
201200008159;0;33;0;10;0;7;1;A01
201200008160;0;33;0;0;0;7;1;A01
201200008161;0;7;0;6;0;2;14;A01
201200008162;0;1;0;0;0;0;0;B02
201200008162;0;1;0;6;0;0;2;A01
201200008163;0;33;0;12;0;1;1;A01
201200008164;0;10;0;9;0;9;1;A01
201200008165;0;7;0;0;2;1;1;A01
201200008165;0;7;0;0;0;4;23;B02
201200008166;0;7;0;0;1;3;1;A01
201200008167;0;2;0;0;1;8;1;A01
201200008168;0;7;0;10;1;1;14;A01
201200008169;0;33;0;0;2;3;17;A01
201200008169;0;10;0;0;2;3;1;B02
201200008170;0;31;0;0;5;1;1;A01
201200008171;0;33;0;0;1;3;1;A01
201200008172;0;10;0;2;0;5;17;B02
201200008172;0;7;0;0;0;3;1;A01
201200008173;0;7;0;0;2;1;1;A01
201200008174;0;33;0;0;2;1;9;A01
201200008174;0;7;0;0;2;7;15;B02
201200008175;0;31;0;8;0;1;14;A01
201200008176;0;33;0;3;0;1;1;A01
201200008177;0;7;0;0;1;3;1;A01
201200008178;0;1;0;0;2;2;15;B02
201200008178;0;10;0;0;2;1;1;A01
201200008179;0;7;0;0;1;7;2;A01
201200008180;0;32;0;0;0;8;0;A01
201200008181;0;31;0;0;9;1;0;A01
201200008181;0;31;0;0;9;1;17;B02
201200008182;0;30;0;0;2;1;1;A01
201200008182;0;10;0;0;2;2;11;B02
201200008183;0;33;0;0;2;1;5;A01
201200008183;0;7;0;0;2;1;5;C03
201200008183;0;7;0;0;0;7;15;B02
201200008184;0;10;0;0;2;7;15;B02
201200008184;0;33;0;0;2;1;17;A01
201200008185;0;7;0;0;2;3;9;A01
201200008185;0;30;0;0;2;1;1;B02
201200008186;0;7;0;0;1;2;1;A01
201200008187;0;7;0;0;2;6;13;A01
201200008187;0;7;0;0;2;1;1;B02
201200008188;0;10;0;0;9;2;1;A01
201200008188;0;1;0;0;2;5;19;B02
201200008189;0;7;0;0;1;3;9;A01
201200008190;0;33;0;0;1;1;1;A01
201200008191;0;10;0;0;2;3;19;A01
201200008191;0;31;0;0;2;1;1;B02
201200008192;0;14;0;0;2;8;10;A01
201200008192;0;31;0;0;2;1;1;B02
201200008193;0;7;0;0;2;3;9;A01
201200008193;0;2;0;0;2;1;1;B02
201200008194;0;7;0;0;1;2;1;A01
201200008195;0;10;0;0;2;3;20;A01
201200008195;0;1;0;0;2;1;1;B02
201200008196;0;7;0;0;0;8;15;A01
201200008196;0;32;0;0;0;1;1;B02
201200008197;0;7;0;0;1;1;1;A01
201200008198;0;7;0;0;2;3;5;C03
201200008198;0;31;0;0;2;1;5;A01
201200008198;0;7;0;0;2;3;5;B02
201200008199;0;31;0;0;0;1;1;A01
201200008199;0;7;0;0;0;3;0;B02
201200008200;0;7;0;0;1;1;1;A01
201200008201;0;10;0;1;1;4;20;A01
201200008202;0;14;0;0;0;7;21;A01
201200008203;0;7;0;14;0;3;13;A01
201200008204;0;33;0;16;0;0;14;A01
201200008205;0;7;0;0;2;3;0;A01
201200008205;0;33;0;6;2;1;0;B02
201200008206;0;7;0;0;2;1;1;B02
201200008206;0;7;0;0;2;1;17;A01
201200008207;0;33;0;16;0;1;0;A01
201200008208;0;7;0;0;9;1;1;A01
201200008209;0;33;0;14;0;1;1;A01
201200008210;0;10;0;0;0;4;0;A01
201200008210;0;10;0;0;0;1;0;B02
201200008211;0;7;0;0;2;3;1;B02
201200008211;0;7;0;0;2;3;13;A01
201200008212;0;33;0;0;2;1;1;B02
201200008212;0;33;0;0;2;1;17;A01
201200008212;0;10;0;0;2;8;1;D04
201200008212;0;34;0;0;2;0;1;C03
201200008213;0;1;0;0;0;0;1;A01
201200008214;0;10;0;0;2;3;13;A01
201200008214;0;7;0;0;2;1;1;B02
201200008215;0;7;0;0;2;6;23;A01
201200008215;0;7;0;1;0;2;1;B02
201200008216;0;7;0;0;2;1;13;A01
201200008216;0;7;0;0;2;1;1;B02
201200008217;0;7;0;0;2;3;15;A01
201200008217;0;33;0;0;2;1;1;B02
201200008218;0;7;0;0;2;8;1;C03
201200008218;0;34;0;0;2;1;13;A01
201200008218;0;7;0;0;2;8;1;B02
201200008219;0;7;0;0;2;3;10;A01
201200008219;0;33;0;0;2;1;2;B02
201200008220;0;32;0;0;2;1;17;A01
201200008220;0;7;0;0;2;3;1;B02
201200008221;0;7;0;13;2;1;17;A01
201200008221;0;7;0;0;2;7;17;B02
201200008222;0;14;0;0;9;3;13;A01
201200008222;0;1;0;0;2;1;1;B02
201200008223;2;30;0;0;1;1;1;A01
201200008224;0;34;0;0;2;1;13;A01
201200008224;0;7;0;0;2;3;1;B02
201200008225;0;7;0;0;2;3;1;A01
201200008225;0;33;0;0;2;1;13;B02
201200008226;0;32;0;0;0;1;1;A01
201200008226;0;7;0;0;0;1;15;B02
201200008227;0;33;0;6;0;1;0;A01
201200008228;0;15;0;0;2;3;2;B02
201200008228;0;7;0;0;2;3;17;C03
201200008228;0;7;0;0;2;5;2;A01
201200008229;0;7;0;3;1;2;2;A01
201200008230;0;33;0;0;2;2;1;A01
201200008230;0;14;0;0;2;3;1;B02
201200008231;0;10;0;0;1;7;1;A01
201200008232;0;7;0;4;0;3;13;A01
201200008233;0;33;0;0;2;1;1;A01
201200008233;0;7;0;0;2;4;10;B02
201200008234;0;10;0;0;1;2;1;A01
201200008235;0;7;0;0;2;1;1;A01
201200008235;0;7;0;0;2;1;1;B02
201200008236;0;33;0;3;0;1;1;A01
201200008237;0;33;0;0;2;1;2;C03
201200008237;0;7;0;0;2;3;2;B02
201200008237;0;7;0;0;2;2;11;A01
201200008238;0;33;0;0;0;1;1;A01
201200008239;0;14;0;0;0;6;24;B02
201200008239;0;33;0;1;0;2;2;A01
201200008240;0;32;0;12;0;7;16;A01
201200008241;0;14;0;0;1;2;1;A01
201200008242;0;2;0;3;0;2;1;A01
201200008243;0;30;0;1;0;1;1;A01
201200008244;0;7;0;0;2;3;13;A01
201200008244;0;33;0;0;2;1;1;B02
201200008245;0;7;0;3;0;2;2;A01
201200008246;0;33;0;0;2;3;1;B02
201200008246;0;31;0;0;2;3;13;A01
201200008247;0;1;0;13;0;1;1;A01
201200008248;0;7;0;4;1;3;1;A01
201200008249;0;7;0;0;2;1;1;B02
201200008249;0;15;0;0;2;8;13;A01
201200008250;0;33;0;0;0;0;1;A01
201200008251;0;7;0;0;9;1;1;A01
201200008252;0;33;0;0;0;0;1;A01
201200008253;0;7;0;0;2;1;1;B02
201200008253;0;7;0;0;2;1;13;A01
201200008254;0;2;0;0;2;7;1;B02
201200008254;0;7;0;0;2;2;19;A01
201200008255;0;10;0;0;0;3;13;A01
201200008255;0;10;0;0;2;2;1;B02
201200008256;0;2;0;1;0;7;14;A01
201200008257;0;30;0;0;2;7;2;A01
201200008257;0;7;0;0;0;8;23;B02
201200008258;0;7;0;0;2;3;1;A01
201200008258;0;7;0;0;2;6;13;B02
201200008259;0;7;0;0;2;3;13;A01
201200008259;0;7;0;0;2;3;1;B02
201200008260;0;33;0;3;0;2;1;A01
201200008261;0;30;0;0;0;1;5;A01
201200008262;0;33;0;0;2;1;2;A01
201200008262;0;7;0;0;2;6;15;B02
201200008263;0;7;0;0;2;7;1;A01
201200008263;0;30;0;0;2;1;9;B02
201200008264;0;2;0;0;2;1;0;B02
201200008264;0;10;0;0;2;6;15;A01
201200008265;0;7;0;0;2;1;17;A01
201200008265;0;7;0;0;2;8;1;B02
201200008265;0;7;0;0;2;1;1;C03
201200008266;0;33;0;16;9;1;1;A01
201200008267;0;33;0;16;0;1;1;A01
201200008268;0;7;0;0;2;3;15;B02
201200008268;0;33;0;0;2;1;17;A01
201200008269;0;36;0;13;0;3;1;A01
201200008270;0;7;0;13;0;1;1;A01
201200008271;0;7;0;2;0;0;1;A01
201200008272;0;33;0;13;0;7;17;A01
201200008273;0;7;0;16;0;9;13;A01
201200008274;0;10;0;0;2;7;15;B02
201200008274;0;33;0;0;2;1;1;A01
201200008275;0;7;0;0;2;3;1;B02
201200008275;0;32;0;0;2;1;13;A01
201200008276;0;7;0;0;2;1;13;A01
201200008276;0;7;0;0;2;1;1;B02
201200008277;0;7;0;0;2;3;2;A01
201200008277;0;7;0;0;2;6;15;B02
201200008278;0;7;0;0;2;2;1;B02
201200008278;0;7;0;0;2;3;9;A01
201200008279;0;7;0;0;2;1;1;B02
201200008279;0;7;0;0;2;1;1;A01
201200008280;0;32;0;0;2;1;17;A01
201200008280;0;7;0;0;2;3;1;B02
201200008281;0;7;0;2;0;7;13;A01
201200008282;0;33;0;0;1;1;17;A01
201200008283;0;14;0;0;2;4;4;A01
201200008283;0;33;0;0;2;3;23;B02
201200008284;0;10;0;0;0;3;0;B02
201200008284;0;2;0;0;0;1;0;A01
201200008285;0;7;0;0;2;1;1;B02
201200008285;0;30;0;0;2;8;19;A01
201200008286;0;7;0;13;0;1;14;A01
201200008287;0;7;0;10;0;1;13;A01
201200008288;0;7;0;2;0;1;1;A01
201200008289;0;17;0;2;0;7;1;A01
201200008290;0;7;0;0;2;3;1;A01
201200008290;0;33;0;0;2;1;1;B02
201200008291;0;7;0;0;1;1;1;A01
201200008292;0;7;0;8;0;2;14;A01
201200008293;0;7;0;0;2;8;15;A01
201200008293;0;31;0;0;2;1;17;B02
201200008294;0;33;0;0;2;1;13;A01
201200008294;0;7;0;0;2;1;1;B02
201200008295;0;7;0;0;2;1;15;A01
201200008295;0;2;0;0;2;1;1;B02
201200008296;0;7;0;8;0;1;13;A01
201200008297;0;7;0;13;0;3;15;A01
201200008298;0;7;0;0;2;3;1;B02
201200008298;0;7;0;0;2;3;13;A01
201200008299;0;10;0;0;6;1;1;A01
201200008300;0;7;0;0;1;1;1;A01
201200008301;0;33;0;0;0;5;17;A01
201200008301;0;7;0;0;0;6;15;B02
201200008302;0;2;0;0;2;1;1;B02
201200008302;0;7;0;0;9;3;19;A01
201200008303;0;10;0;13;0;6;13;A01
201200008304;0;7;0;13;0;1;13;A01
201200008305;0;7;0;0;2;6;15;A01
201200008305;0;33;0;0;2;1;13;B02
201200008306;0;7;0;0;2;2;15;A01
201200008306;0;7;0;0;2;1;1;B02
201200008307;0;7;0;2;0;3;1;A01
201200008308;0;30;0;13;0;7;1;A01
201200008309;0;2;0;0;2;7;1;B02
201200008309;0;10;0;0;2;1;19;A01
201200008310;0;7;0;0;2;4;2;A01
201200008310;0;7;0;0;2;1;2;C03
201200008310;0;7;0;0;0;4;2;B02
201200008311;0;7;0;15;0;8;14;A01
201200008312;0;7;0;0;1;7;15;A01
201200008312;0;7;0;0;2;1;1;B02
201200008312;0;7;0;0;2;8;23;C03
201200008313;0;33;0;0;0;1;1;A01
201200008314;0;33;0;0;2;1;1;B02
201200008314;0;7;0;0;2;8;19;A01
201200008315;0;31;0;0;2;1;17;A01
201200008315;0;7;0;0;2;3;15;B02
201200008316;0;7;0;0;1;1;9;A01
201200008317;0;7;0;0;2;3;13;A01
201200008317;0;7;0;0;2;3;1;B02
201200008317;0;7;0;0;2;6;1;C03
201200008318;0;30;0;0;0;0;2;A01
201200008319;0;33;0;11;2;2;17;A01
201200008319;0;7;0;0;2;3;13;B02
201200008320;0;33;0;0;0;7;0;A01
201200008321;0;14;0;0;2;1;1;B02
201200008321;0;7;0;0;2;8;10;A01
201200008322;0;34;0;0;0;1;1;A01
201200008323;0;7;0;0;2;2;15;B02
201200008323;0;7;0;0;2;1;1;A01
201200008324;0;10;0;0;0;3;23;C03
201200008324;0;7;0;0;0;2;19;A01
201200008324;0;10;0;0;0;1;1;B02
201200008325;0;7;0;0;2;4;15;B02
201200008325;0;10;0;0;2;1;2;A01
201200008326;0;7;0;0;2;2;21;A01
201200008326;0;10;0;0;9;8;0;B02
201200008326;0;33;0;0;2;1;21;C03
201200008327;0;7;0;0;2;7;15;A01
201200008327;0;7;0;0;2;1;1;B02
201200008328;0;7;0;6;0;1;13;A01
201200008329;0;7;0;1;0;1;20;A01
201200008329;0;7;0;0;2;8;23;B02
201200008330;0;7;0;0;1;2;1;A01
201200008331;0;7;0;13;0;9;1;A01
201200008331;0;7;0;0;2;7;15;B02
201200008332;0;7;0;0;2;3;19;A01
201200008332;0;33;0;0;2;7;17;B02
201200008333;0;7;0;0;2;3;15;B02
201200008333;0;32;0;0;2;1;17;A01
201200008334;0;7;0;0;2;5;2;B02
201200008334;0;10;0;0;2;1;1;A01
201200008335;0;7;0;0;1;8;1;A01
201200008336;0;7;0;2;0;2;0;A01
201200008337;0;7;0;0;2;2;17;B02
201200008337;0;7;0;0;2;6;13;A01
201200008338;0;7;0;13;0;3;1;A01
201200008339;0;7;0;0;2;7;15;A01
201200008339;0;30;0;0;2;1;1;B02
201200008340;0;33;0;16;0;3;1;A01
201200008341;0;7;0;0;2;3;1;B02
201200008341;0;7;0;0;2;3;13;A01
201200008342;0;7;0;0;2;3;13;A01
201200008342;0;7;0;0;2;3;1;B02
201200008343;0;1;0;0;2;3;1;B02
201200008343;2;7;0;0;9;7;14;A01
201200008344;0;33;0;0;0;8;1;A01
201200008345;0;7;0;0;2;1;1;B02
201200008345;0;7;0;0;2;1;13;A01
201200008346;0;7;0;0;2;3;13;A01
201200008346;0;7;0;0;2;8;1;B02
201200008347;0;7;0;0;0;2;15;A01
201200008347;0;33;0;0;2;1;1;B02
201200008348;0;10;0;2;0;1;1;A01
201200008349;0;33;0;0;2;1;5;A01
201200008349;0;7;0;0;2;3;1;B02
201200008350;0;7;0;0;2;3;1;A01
201200008350;0;10;0;0;2;1;1;B02
201200008351;0;33;0;0;0;1;17;A01
201200008352;0;33;0;13;0;1;1;A01
201200008353;0;33;0;0;0;1;1;A01
201200008354;0;10;0;0;2;9;1;B02
201200008354;0;7;0;0;2;3;13;A01
201200008355;0;7;0;0;0;1;13;A01
201200008356;0;33;0;0;2;1;13;A01
201200008356;0;7;0;0;2;1;1;B02
201200008357;0;10;0;13;0;1;0;A01
201200008358;0;33;0;0;2;8;13;A01
201200008358;0;7;0;0;2;8;1;B02
201200008359;0;33;0;0;0;1;1;A01
201200008360;0;7;0;0;0;0;9;B02
201200008360;0;33;0;0;2;1;1;A01
201200008361;0;7;0;2;0;6;17;A01
201200008362;0;7;0;16;0;9;1;A01
201200008363;0;33;0;2;0;1;14;A01
201200008364;0;33;0;0;5;1;1;A01
201200008365;0;7;0;0;2;8;9;A01
201200008365;0;7;0;0;2;1;1;B02
201200008366;0;7;0;13;0;1;17;A01
201200008367;0;1;0;0;0;0;0;A01
201200008368;0;14;0;0;1;1;16;A01
201200008369;0;7;0;0;2;8;19;A01
201200008369;0;10;0;0;2;1;1;B02
201200008370;0;7;0;0;1;4;1;A01
201200008371;0;7;0;0;0;7;15;A01
201200008371;0;10;0;0;0;2;1;B02
201200008371;0;33;0;0;0;1;23;C03
201200008371;0;7;0;0;0;3;23;D04
201200008372;0;33;0;0;0;0;1;A01
201200008373;0;33;0;14;0;1;1;A01
201200008374;0;7;0;0;1;2;1;A01
201200008375;0;7;0;0;1;1;1;A01
201200008376;0;7;0;0;2;2;15;A01
201200008376;0;33;0;0;2;1;1;B02
201200008377;0;7;0;0;2;1;1;B02
201200008377;0;7;0;0;2;1;13;A01
201200008377;0;7;0;0;2;2;1;C03
201200008378;0;2;0;0;2;1;2;A01
201200008378;0;7;0;0;2;4;23;B02
201200008379;0;33;0;0;2;8;1;C03
201200008379;0;33;0;0;2;8;1;B02
201200008379;0;7;0;0;2;8;21;A01
201200008380;0;14;0;0;2;6;6;A01
201200008380;0;33;0;0;2;1;2;B02
201200008381;0;7;0;2;0;7;1;A01
201200008382;0;1;0;0;2;7;1;A01
201200008382;0;33;0;0;2;1;1;B02
201200008383;0;30;0;0;0;1;1;A01
201200008384;0;30;0;0;2;7;1;A01
201200008384;0;7;0;0;2;1;15;B02
201200008385;0;30;0;0;0;0;1;A01
201200008386;0;33;0;0;1;1;1;A01
201200008387;0;1;0;0;0;1;1;A01
201200008388;0;10;0;0;2;1;13;A01
201200008388;0;7;0;0;2;1;1;B02
201200008389;0;14;0;13;0;2;1;A01
201200008390;0;10;0;1;0;2;1;A01
201200008391;0;7;0;0;2;8;24;C03
201200008391;0;7;0;1;0;2;6;A01
201200008392;0;33;0;0;2;1;17;A01
201200008393;0;34;0;15;2;1;17;B02
201200008393;0;10;0;0;0;3;15;A01
201200008394;0;14;0;0;2;4;15;B02
201200008394;0;10;0;1;0;1;1;A01
201200008395;0;32;0;0;1;1;17;A01
201200008396;0;7;0;0;2;8;15;B02
201200008396;0;30;0;0;2;1;17;A01
201200008397;0;10;0;0;2;1;17;A01
201200008397;0;10;0;0;2;2;1;B02
201200008398;0;33;0;0;2;1;17;A01
201200008398;0;7;0;0;2;8;19;B02
201200008399;0;7;0;0;2;8;15;B02
201200008399;0;33;0;1;2;7;6;A01
201200008400;0;7;0;0;2;8;10;A01
201200008400;0;30;0;0;2;1;17;B02
201200008401;0;38;1;0;2;8;1;B02
201200008401;0;32;0;0;2;3;13;A01
201200008402;0;7;0;0;9;3;5;A01
201200008402;0;1;0;0;2;1;1;B02
201200008403;0;7;0;0;2;3;1;B02
201200008403;0;7;0;1;2;3;13;A01
201200008404;0;7;0;0;2;1;15;A01
201200008404;0;2;0;0;2;1;1;B02
201200008405;0;7;0;13;0;9;1;A01
201200008406;0;31;0;0;2;1;17;B02
201200008406;0;7;0;0;2;3;19;A01
201200008407;0;33;0;0;2;1;1;A01
201200008407;0;7;0;0;2;4;1;B02
201200008408;0;33;0;0;2;8;1;B02
201200008408;0;7;0;0;2;3;1;A01
201200008409;0;34;0;0;2;4;23;B02
201200008409;0;7;0;0;2;1;23;A01
201200008409;0;7;0;0;2;4;1;C03
201200008410;0;7;0;0;2;1;19;B02
201200008410;0;32;0;0;2;1;1;A01
201200008411;0;32;0;0;2;1;2;A01
201200008411;0;7;0;0;2;5;1;B02
201200008412;0;7;0;0;1;3;1;A01
201200008413;0;10;0;0;2;8;15;A01
201200008413;0;34;0;0;2;2;17;B02
201200008414;0;7;0;0;2;4;2;B02
201200008414;0;33;0;0;2;1;2;A01
201200008415;0;3;0;2;0;8;0;A01
201200008416;0;7;0;0;1;1;1;A01
201200008417;0;30;0;0;1;1;1;A01
201200008418;0;7;0;0;2;6;1;B02
201200008418;0;7;0;0;2;2;2;A01
201200008419;0;2;0;1;0;1;13;A01
201200008420;0;7;0;0;2;1;13;A01
201200008420;0;7;0;0;2;1;1;B02
201200008421;0;34;0;0;9;2;1;B02
201200008421;0;30;0;0;9;1;16;A01
201200008422;0;34;0;13;0;2;1;A01
201200008423;0;17;0;0;2;1;1;A01
201200008423;0;7;0;0;2;4;23;B02
201200008423;0;7;0;0;2;4;23;C03
201200008423;0;10;0;0;2;4;23;D04
201200008424;0;7;0;0;2;2;5;A01
201200008424;0;7;0;0;2;2;21;B02
201200008425;0;7;0;15;0;9;1;A01
201200008426;0;7;0;16;0;0;1;A01
201200008427;0;2;0;0;2;1;1;A01
201200008427;0;10;0;0;2;1;1;B02
201200008428;0;10;0;0;2;2;1;A01
201200008428;0;1;0;0;2;7;19;B02
201200008429;0;2;0;12;0;1;1;A01
201200008430;0;7;0;4;0;3;13;A01
201200008431;0;7;0;0;2;8;15;B02
201200008431;0;33;0;0;2;1;17;A01
201200008432;0;7;0;0;1;1;1;A01
201200008433;0;7;0;1;1;1;0;A01
201200008434;0;7;0;2;0;3;13;A01
201200008435;0;33;0;0;1;1;1;A01
201200008436;0;7;0;0;2;8;1;A01
201200008436;0;2;0;0;2;0;17;B02
201200008437;0;32;0;0;0;0;0;A01
201200008438;0;7;0;0;1;1;1;A01
201200008439;0;7;0;0;2;3;15;A01
201200008439;0;33;0;0;2;1;1;B02
201200008440;0;7;0;0;1;2;1;A01
201200008441;0;7;0;0;1;1;1;A01
201200008442;0;33;0;6;0;1;1;A01
201200008443;0;7;0;0;6;3;1;A01
201200008443;0;2;0;0;6;1;1;B02
201200008444;0;31;0;0;2;1;1;A01
201200008444;0;7;0;0;2;8;19;B02
201200008445;0;7;0;13;0;1;14;A01
201200008446;0;34;0;0;2;1;1;B02
201200008446;0;7;0;0;2;3;15;A01
201200008447;0;10;0;0;2;8;11;A01
201200008447;0;30;0;0;2;1;1;B02
201200008448;0;7;0;0;0;1;14;A01
201200008449;0;10;0;1;0;4;23;B02
201200008449;0;7;0;0;0;4;0;A01
201200008449;0;7;0;1;0;1;2;C03
201200008450;0;10;0;0;2;3;1;B02
201200008450;0;7;0;0;2;3;13;A01
201200008451;0;7;0;0;1;3;19;A01
201200008452;0;7;0;0;2;7;15;A01
201200008452;0;34;0;0;2;2;1;B02
201200008453;0;31;0;14;0;1;2;A01
201200008453;0;30;0;0;0;4;23;B02
201200008454;0;34;0;0;2;1;1;B02
201200008454;0;7;0;0;2;7;15;A01
201200008455;0;33;0;8;0;1;14;A01
201200008456;0;15;0;0;1;2;16;A01
201200008457;0;31;0;12;0;1;14;A01
201200008458;0;30;0;0;2;8;9;B02
201200008458;0;7;0;0;2;2;9;A01
201200008459;0;7;0;0;2;1;1;B02
201200008459;0;7;0;0;2;1;19;A01
201200008460;0;33;0;0;0;3;17;B02
201200008460;0;33;0;0;0;3;0;A01
201200008461;0;33;0;0;2;1;13;A01
201200008461;0;33;0;13;0;7;21;C03
201200008461;0;33;0;0;2;2;1;B02
201200008462;0;33;0;0;2;1;1;B02
201200008462;0;7;0;0;2;1;15;A01
201200008463;0;7;0;0;1;1;1;A01
201200008464;0;7;0;0;2;3;15;B02
201200008464;0;34;0;0;2;1;17;A01
201200008465;0;33;0;4;0;7;1;A01
201200008466;0;10;0;0;2;2;1;B02
201200008466;0;7;0;10;2;6;13;A01
201200008467;0;31;0;0;2;1;1;B02
201200008467;0;10;0;0;2;1;13;A01
201200008468;0;7;0;0;2;8;1;B02
201200008468;0;7;0;0;2;1;19;A01
201200008469;0;7;0;0;1;1;17;A01
201200008470;0;7;0;0;2;1;13;A01
201200008470;0;7;0;0;2;1;1;B02
201200008471;0;30;0;0;2;1;1;A01
201200008471;0;10;0;0;0;6;1;B02
201200008472;0;7;0;0;2;1;15;A01
201200008472;0;34;0;0;2;1;1;B02
201200008473;0;33;0;0;2;1;1;A01
201200008473;0;31;0;0;2;3;9;B02
201200008474;0;33;0;0;2;1;13;A01
201200008474;0;7;0;0;2;1;1;B02
201200008475;0;33;0;0;2;1;1;A01
201200008475;0;7;0;0;2;3;9;B02
201200008476;0;10;0;0;2;1;1;B02
201200008476;0;7;0;0;2;6;15;A01
201200008477;0;33;0;0;2;7;1;B02
201200008477;0;7;0;0;2;1;9;A01
201200008478;0;7;0;0;2;1;1;A01
201200008478;0;7;0;0;2;4;1;B02
201200008479;0;10;0;0;2;3;1;B02
201200008479;0;7;0;0;2;3;1;A01
201200008480;0;7;0;0;6;1;21;A01
201200008481;0;32;0;0;1;1;1;A01
201200008482;0;7;0;0;2;3;16;B02
201200008482;0;32;0;0;2;1;1;A01
201200008483;0;34;0;0;2;1;17;B02
201200008483;0;30;0;0;2;1;1;A01
201200008484;0;33;0;3;0;1;13;A01
201200008485;0;34;0;0;2;7;16;A01
201200008485;0;7;0;0;2;3;1;B02
201200008486;0;7;0;6;0;2;14;A01
201200008487;0;7;0;0;2;3;1;A01
201200008487;0;7;0;0;2;3;1;B02
201200008488;0;33;0;12;0;1;1;A01
201200008489;0;7;0;0;2;3;6;B02
201200008489;0;17;0;0;2;3;1;A01
201200008490;0;10;0;14;9;9;1;A01
201200008491;0;33;0;0;0;0;1;B02
201200008491;0;7;0;0;0;0;15;A01
201200008492;0;7;0;8;0;3;1;A01
201200008493;0;7;0;0;2;7;15;A01
201200008493;0;33;0;0;2;1;1;B02
201200008494;0;7;0;6;0;1;1;A01
201200008495;0;31;0;0;2;1;1;A01
201200008495;0;7;0;0;2;8;15;B02
201200008496;0;7;0;8;0;1;1;A01
201200008497;0;7;0;8;0;1;1;A01
201200008498;0;10;0;0;2;9;1;A01
201200008498;0;7;0;0;2;1;1;B02
201200008498;0;7;0;0;2;1;1;C03
201200008499;0;7;0;0;2;3;1;C03
201200008499;0;33;0;0;2;8;13;A01
201200008499;0;7;0;0;2;8;1;B02
201200008500;0;7;0;13;0;1;13;A01
201200008501;0;33;0;0;2;1;17;A01