num_acc;senc;catv;occutc;obs;obsm;choc;manv;num_veh
201200008501;0;7;0;0;2;6;15;B02
201200008502;0;7;0;15;0;3;13;A01
201200008503;0;7;0;0;2;1;5;A01
201200008503;0;31;0;0;2;1;1;B02
201200008504;0;30;0;8;0;2;1;A01
201200008505;0;2;0;6;0;1;13;A01
201200008506;0;7;0;0;2;3;13;A01
201200008506;0;7;0;0;2;3;1;B02
201200008507;0;7;0;2;0;2;14;A01
201200008508;0;14;0;2;0;1;1;A01
201200008509;0;31;0;0;2;1;0;B02
201200008509;0;7;0;0;2;7;1;A01
201200008510;0;7;0;0;2;3;1;B02
201200008510;0;7;0;0;2;2;15;A01
201200008511;0;7;0;0;2;1;1;A01
201200008511;0;7;0;0;2;1;1;B02
201200008512;0;1;0;0;1;4;1;B02
201200008512;0;7;0;0;9;2;14;A01
201200008513;0;33;0;0;2;1;1;B02
201200008513;0;15;0;0;2;6;9;A01
201200008514;0;7;0;0;1;3;1;A01
201200008515;0;31;0;0;2;7;2;A01
201200008515;0;7;0;0;2;6;9;B02
201200008516;0;33;0;4;0;8;1;A01
201200008517;0;7;0;0;2;3;5;A01
201200008517;0;10;0;0;2;3;1;B02
201200008518;0;30;0;0;2;1;2;A01
201200008518;0;7;0;0;0;4;15;B02
201200008519;0;33;0;11;0;1;1;A01
201200008520;0;7;0;0;2;3;16;A01
201200008520;0;2;0;0;2;5;1;B02
201200008521;0;7;0;0;0;1;1;A01
201200008521;0;7;0;0;0;1;17;B02
201200008522;0;33;0;6;0;3;13;A01
201200008523;0;7;0;0;0;4;1;A01
201200008523;1;7;0;0;0;1;2;B02
201200008524;0;7;0;0;2;1;13;A01
201200008524;0;10;0;0;2;1;1;B02
201200008525;0;7;0;12;0;3;9;A01
201200008526;0;7;0;3;0;3;1;A01
201200008527;0;33;0;0;2;1;1;B02
201200008527;0;7;0;0;0;2;15;A01
201200008528;0;10;0;0;2;1;1;A01
201200008528;0;14;0;0;2;8;19;B02
201200008529;0;30;0;0;2;3;13;A01
201200008529;0;7;0;0;2;3;1;B02
201200008530;0;99;0;0;2;2;13;A01
201200008530;0;2;0;0;2;1;0;B02
201200008531;0;10;0;0;2;3;13;A01
201200008531;0;7;0;0;2;3;1;B02
201200008532;0;30;0;0;2;1;1;A01
201200008532;0;7;0;0;0;6;16;B02
201200008533;0;7;0;0;2;1;15;A01
201200008533;0;32;0;0;2;1;1;B02
201200008534;0;7;0;0;2;1;15;A01
201200008534;0;2;0;0;2;1;1;B02
201200008535;0;7;0;0;2;3;1;B02
201200008535;0;7;0;0;2;1;1;C03
201200008535;0;7;0;0;2;1;13;A01
201200008536;0;7;0;0;1;3;1;A01
201200008537;0;7;0;0;9;1;1;C03
201200008537;0;7;0;0;2;1;13;A01
201200008537;0;7;0;0;2;3;1;B02
201200008538;0;33;0;13;0;1;14;A01
201200008539;0;7;0;2;0;9;1;A01
201200008540;0;7;0;0;1;2;1;A01
201200008541;0;7;0;0;2;8;15;B02
201200008541;0;33;0;0;2;8;17;A01
201200008542;0;10;0;0;1;2;1;A01
201200008543;0;10;0;0;0;0;1;A01
201200008544;0;7;0;0;2;1;0;A01
201200008544;0;7;0;0;2;1;0;B02
201200008545;0;14;0;0;2;8;20;B02
201200008545;0;7;0;0;2;2;1;A01
201200008546;0;7;0;3;2;1;21;B02
201200008546;0;7;0;0;2;1;13;A01
201200008547;0;7;0;0;2;3;16;C03
201200008547;0;7;0;0;2;2;1;A01
201200008547;0;33;0;0;2;1;2;B02
201200008548;0;33;0;0;2;1;5;A01
201200008548;0;7;0;0;2;3;1;B02
201200008549;0;7;0;0;2;1;13;A01
201200008549;0;20;0;0;2;1;1;B02
201200008550;1;7;0;0;2;0;0;A01
201200008550;0;30;0;0;2;1;16;B02
201200008551;0;7;0;13;0;3;1;A01
201200008552;0;30;0;0;2;1;2;A01
201200008552;0;7;0;0;2;4;2;B02
201200008553;0;2;0;0;2;1;1;B02
201200008553;0;10;0;0;2;3;15;A01
201200008554;0;7;0;0;2;6;15;B02
201200008554;0;7;0;0;2;2;2;A01
201200008555;0;33;0;0;2;2;1;A01
201200008556;0;7;0;0;2;3;1;B02
201200008556;0;33;0;0;2;3;17;A01
201200008557;0;2;0;0;1;1;2;A01
201200008558;0;7;0;0;9;5;1;A01
201200008559;0;7;0;0;2;9;13;A01
201200008559;0;7;0;0;2;8;1;B02
201200008560;0;7;0;8;0;3;1;A01
201200008561;0;7;0;0;2;7;15;A01
201200008561;0;33;0;0;2;1;1;B02
201200008562;0;10;0;0;1;2;1;A01
201200008563;0;10;0;0;0;6;23;B02
201200008563;0;30;0;1;0;1;2;A01
201200008564;0;7;0;14;0;1;1;A01
201200008565;0;1;0;0;2;1;19;A01
201200008565;0;7;0;0;2;3;1;B02
201200008566;0;7;0;0;0;3;1;A01
201200008567;0;1;0;5;0;0;1;A01
201200008568;0;31;0;0;6;1;21;A01
201200008569;0;33;0;0;0;0;1;A01
201200008570;0;7;0;0;2;3;1;B02
201200008570;0;1;0;0;2;1;1;C03
201200008570;0;7;0;13;2;1;1;A01
201200008571;0;7;0;2;0;8;1;A01
201200008572;0;7;0;0;0;9;1;A01
201200008573;0;10;0;0;2;1;1;A01
201200008573;0;30;0;0;2;4;1;B02
201200008574;0;7;0;0;2;1;1;B02
201200008574;0;10;0;0;2;1;5;A01
201200008575;0;33;0;2;0;1;13;A01
201200008576;0;33;0;0;2;7;1;B02
201200008576;0;7;0;0;2;1;1;A01
201200008577;0;10;0;16;0;1;15;A01
201200008578;0;10;0;15;0;2;1;A01
201200008579;0;7;0;0;1;3;1;A01
201200008580;0;7;0;16;0;1;1;A01
201200008581;0;2;0;6;0;1;1;A01
201200008582;0;7;0;0;2;1;5;A01
201200008582;0;33;0;0;2;1;1;B02
201200008583;0;7;0;0;0;6;0;C03
201200008583;0;7;0;0;0;3;0;A01
201200008583;0;7;0;0;0;1;0;B02
201200008584;0;7;0;0;2;3;15;A01
201200008584;0;33;0;0;2;1;17;B02
201200008585;0;10;0;0;2;2;1;C03
201200008585;0;7;0;0;2;3;1;A01
201200008585;0;7;0;0;2;3;1;B02
201200008586;0;7;0;0;2;7;15;A01
201200008586;0;33;0;0;2;1;17;B02
201200008587;0;7;0;2;0;7;0;A01
201200008588;0;7;0;0;1;3;1;A01
201200008589;0;2;0;0;2;7;1;A01
201200008589;0;7;0;0;2;1;1;B02
201200008590;0;7;0;0;2;8;19;A01
201200008590;0;33;0;0;2;9;1;B02
201200008591;0;14;0;0;1;7;1;A01
201200008592;0;10;0;13;0;3;1;A01
201200008593;0;30;0;0;2;1;1;A01
201200008593;0;7;0;0;2;8;21;B02
201200008594;0;7;0;0;2;7;13;A01
201200008594;0;7;0;0;2;1;1;B02
201200008595;0;32;0;0;2;2;1;A01
201200008595;0;7;0;0;2;3;16;B02
201200008596;0;7;0;0;0;1;0;A01
201200008597;0;7;0;0;0;0;1;A01
201200008598;0;7;0;0;2;1;14;A01
201200008598;0;7;0;0;2;3;1;B02
201200008599;0;7;0;0;2;2;1;B02
201200008599;0;7;0;0;2;3;15;A01
201200008600;0;7;0;0;2;3;1;B02
201200008600;0;33;0;0;2;3;1;A01
201200008601;0;33;0;0;2;1;17;B02
201200008601;0;21;0;0;0;8;15;A01
201200008602;0;7;0;0;0;5;2;B02
201200008602;0;7;0;0;0;2;2;A01
201200008603;0;33;0;0;0;1;5;A01
201200008603;0;7;0;0;2;3;5;B02
201200008604;0;7;0;4;0;7;1;A01
201200008605;0;7;0;0;2;8;15;A01
201200008605;0;7;0;0;2;2;17;B02
201200008606;0;7;0;0;2;1;1;C03
201200008606;0;7;0;0;2;2;1;A01
201200008606;0;7;0;0;2;4;1;B02
201200008607;0;7;0;8;0;3;13;A01
201200008608;0;14;0;0;2;8;1;B02
201200008608;0;30;0;0;2;9;19;A01
201200008609;0;7;0;0;2;2;5;A01
201200008609;0;15;0;0;2;0;13;C03
201200008610;0;2;0;0;2;1;1;B02
201200008610;0;7;0;0;2;3;11;A01
201200008611;0;7;0;2;0;6;1;A01
201200008612;0;30;0;0;2;1;1;A01
201200008612;0;7;0;0;2;8;1;B02
201200008613;0;33;0;0;0;7;1;A01
201200008614;0;7;0;13;0;2;1;A01
201200008615;0;7;0;4;0;2;1;A01
201200008616;0;32;0;0;0;1;1;B02
201200008616;0;7;0;0;0;3;13;A01
201200008617;0;1;0;0;2;1;17;A01
201200008617;0;10;0;0;0;8;11;B02
201200008618;0;33;0;0;0;0;21;A01
201200008618;0;7;0;0;0;5;19;B02
201200008619;0;1;0;0;2;7;5;B02
201200008619;0;10;0;0;0;7;1;A01
201200008620;0;7;0;6;0;1;0;A01
201200008621;0;7;0;0;2;2;1;A01
201200008621;0;33;0;0;2;1;13;B02
201200008622;0;7;0;0;2;1;0;B02
201200008622;0;7;0;0;2;1;1;A01
201200008623;0;7;0;0;2;1;1;A01
201200008623;0;7;0;0;2;7;19;B02
201200008624;0;7;0;0;0;2;1;A01
201200008625;0;7;0;0;2;7;19;A01
201200008625;0;7;0;0;2;1;1;B02
201200008626;0;10;0;0;0;1;1;A01
201200008627;0;10;0;0;2;1;5;A01
201200008627;0;7;0;0;2;1;1;B02
201200008628;0;10;0;0;0;5;1;A01
201200008629;0;7;0;0;2;1;1;B02
201200008629;0;7;0;0;2;1;1;A01
201200008630;0;7;0;0;1;3;1;A01
201200008631;0;7;0;3;0;9;13;A01
201200008632;0;7;0;0;2;1;1;A01
201200008632;0;2;0;0;0;3;1;B02
201200008633;0;7;0;0;2;1;13;A01
201200008633;0;33;0;0;0;1;0;B02
201200008634;0;7;0;0;2;8;1;B02
201200008634;0;30;0;0;2;1;19;A01
201200008635;0;7;0;0;2;3;1;B02
201200008635;0;7;0;0;2;3;13;A01
201200008636;0;7;0;0;2;2;15;A01
201200008636;0;33;0;0;0;2;1;B02
201200008637;0;7;0;0;2;1;1;B02
201200008637;0;7;0;0;2;1;13;A01
201200008638;0;31;0;0;0;8;15;A01
201200008639;0;33;0;10;0;1;1;A01
201200008640;0;7;0;0;2;2;15;A01
201200008640;0;2;0;0;2;1;1;B02
201200008641;0;33;0;0;2;1;1;A01
201200008641;0;10;0;0;2;7;15;B02
201200008642;0;39;0;0;2;1;1;B02
201200008642;0;2;0;0;4;8;1;A01
201200008643;0;31;0;2;0;1;1;A01
201200008644;0;7;0;2;0;3;1;A01
201200008645;0;10;0;0;2;3;2;C03
201200008645;0;33;0;0;2;1;2;A01
201200008645;0;7;0;0;2;3;9;B02
201200008646;0;7;0;2;0;3;1;A01
201200008647;0;7;0;0;2;3;19;A01
201200008647;0;33;0;0;2;1;1;B02
201200008648;0;33;0;15;2;1;1;B02
201200008648;0;10;0;0;2;2;9;A01
201200008649;0;7;0;0;2;3;23;B02
201200008649;0;32;0;0;2;1;1;A01
201200008650;0;31;0;16;0;1;1;A01
201200008651;0;7;0;0;0;7;19;A01
201200008651;0;31;0;0;2;1;1;B02
201200008652;0;3;0;0;2;2;19;A01
201200008652;0;31;0;0;2;7;1;B02
201200008653;0;10;0;0;0;3;4;A01
201200008653;0;33;0;0;0;1;2;B02
201200008654;0;7;0;0;2;1;1;A01
201200008654;0;7;0;0;2;1;0;B02
201200008655;0;33;0;0;2;1;1;A01
201200008655;0;7;0;0;2;8;19;B02
201200008656;0;7;0;0;2;3;1;C03
201200008656;0;7;0;0;2;3;1;B02
201200008656;0;7;0;0;2;3;13;A01
201200008657;0;31;0;0;0;9;2;A01
201200008658;0;7;0;0;2;3;1;B02
201200008658;0;7;0;0;2;3;1;A01
201200008659;0;10;0;2;0;1;1;A01
201200008660;0;33;0;0;2;2;3;A01
201200008660;0;7;0;0;2;8;15;B02
201200008661;0;15;0;0;2;3;1;B02
201200008661;0;33;0;0;2;1;13;A01
201200008662;0;31;0;6;0;1;0;A01
201200008663;0;30;0;0;2;1;15;A01
201200008663;0;7;0;0;2;2;1;B02
201200008664;0;7;0;2;0;1;14;A01
201200008665;0;7;0;0;2;2;19;A01
201200008665;0;31;0;0;2;1;1;B02
201200008666;0;7;0;0;2;3;19;A01
201200008666;0;33;0;0;2;1;1;B02
201200008667;0;7;0;0;1;1;10;A01
201200008668;0;31;0;0;2;7;13;A01
201200008668;0;10;0;0;2;3;15;B02
201200008669;0;1;0;0;2;4;0;C03
201200008669;0;1;0;0;2;4;0;B02
201200008669;0;7;0;0;2;1;0;A01
201200008670;0;7;0;1;0;3;0;B02
201200008670;0;1;0;1;0;1;2;A01
201200008671;0;1;0;0;0;1;0;B02
201200008671;0;7;0;0;0;4;1;A01
201200008672;0;7;0;0;1;1;1;A01
201200008673;0;10;0;3;0;2;14;A01
201200008674;0;7;0;2;0;1;1;A01
201200008675;0;7;0;2;0;2;1;A01
201200008676;0;1;0;0;2;7;19;B02
201200008676;0;7;0;0;2;1;1;A01
201200008677;0;7;0;0;2;2;15;A01
201200008677;0;30;0;0;2;1;1;B02
201200008678;0;31;0;8;0;8;0;A01
201200008679;0;10;0;0;1;2;13;A01
201200008680;0;10;0;1;0;1;1;B02
201200008680;0;14;0;0;0;1;23;A01
201200008681;0;7;0;0;2;7;15;A01
201200008681;0;30;0;0;2;1;1;B02
201200008682;0;34;0;0;0;5;23;A01
201200008682;1;7;0;0;0;3;9;B02
201200008683;0;7;0;0;9;1;1;B02
201200008683;0;30;0;0;2;8;1;A01
201200008684;0;7;0;2;0;7;1;A01
201200008685;0;14;0;0;2;3;1;B02
201200008686;0;33;0;10;0;9;1;A01
201200008687;0;7;0;2;0;1;13;A01
201200008688;0;7;0;0;2;3;13;A01
201200008688;0;7;0;0;2;3;0;B02
201200008689;0;31;0;0;0;9;17;B02
201200008689;0;7;0;0;0;3;15;A01
201200008690;0;7;0;2;0;1;1;A01
201200008691;0;7;0;4;1;8;24;A01
201200008691;0;7;0;1;0;2;1;B02
201200008692;0;7;0;4;2;3;1;A01
201200008692;0;7;0;4;2;3;15;B02
201200008693;0;7;0;13;0;1;1;A01
201200008694;0;7;0;2;0;2;1;A01
201200008695;0;7;0;0;1;1;1;A01
201200008696;0;7;0;2;0;2;1;A01
201200008697;0;7;0;0;0;3;0;B02
201200008697;0;31;0;0;0;2;2;A01
201200008698;0;32;0;0;2;1;1;B02
201200008698;0;7;0;0;2;2;15;A01
201200008699;0;7;0;0;2;3;1;A01
201200008699;0;7;0;0;2;3;1;B02
201200008700;0;7;0;0;2;2;15;A01
201200008700;0;33;0;0;2;1;1;B02
201200008701;0;7;0;0;2;8;15;B02
201200008701;0;32;0;0;2;1;17;A01
201200008702;0;7;0;0;0;4;15;B02
201200008702;0;31;0;0;2;1;1;A01
201200008703;0;7;0;0;2;1;1;A01
201200008703;0;7;0;0;2;1;1;B02
201200008704;0;14;0;0;2;2;1;A01
201200008704;0;10;0;0;2;6;1;B02
201200008705;0;33;0;0;2;2;17;A01
201200008705;0;7;0;0;0;6;9;B02
201200008706;0;7;0;13;0;1;1;A01
201200008707;0;33;0;0;2;1;1;A01
201200008707;0;10;0;0;2;8;15;B02
201200008708;0;7;0;0;2;7;15;B02
201200008708;0;33;0;0;2;1;1;A01
201200008709;0;2;0;0;2;7;1;B02
201200008709;0;7;0;0;2;3;9;A01
201200008710;0;33;0;0;2;7;1;A01
201200008710;0;7;0;0;2;3;19;B02
201200008711;0;33;0;0;2;1;11;A01
201200008711;0;7;0;0;2;8;15;B02
201200008712;0;37;0;0;2;3;1;B02
201200008712;0;7;0;0;2;1;1;A01
201200008713;0;33;0;8;0;1;1;A01
201200008714;0;7;0;5;0;2;16;A01
201200008715;0;7;0;6;0;8;1;A01
201200008716;0;31;0;12;0;7;0;A01
201200008717;0;7;0;0;2;2;15;A01
201200008717;0;33;0;0;2;1;1;B02
201200008718;0;31;0;0;0;0;1;A01
201200008719;0;33;0;2;0;8;1;A01
201200008720;0;2;0;0;2;1;1;B02
201200008720;0;7;0;0;0;5;15;A01
201200008721;0;7;0;2;0;1;1;A01
201200008722;0;2;0;7;0;2;1;A01
201200008723;0;7;0;0;2;1;1;B02
201200008723;0;7;0;0;2;1;13;A01
201200008724;0;7;0;11;0;3;15;A01
201200008724;0;2;0;11;0;1;2;B02
201200008725;0;33;0;0;0;0;17;A01
201200008726;0;7;0;0;2;1;13;A01
201200008726;0;7;0;0;2;3;0;B02
201200008727;0;7;0;10;0;2;1;A01
201200008728;0;33;0;0;0;1;1;B02
201200008728;0;7;0;0;0;3;15;A01
201200008729;0;33;0;0;2;2;17;A01
201200008729;0;10;0;0;2;3;15;B02
201200008730;0;7;0;13;0;1;1;A01
201200008731;0;7;0;2;0;2;0;A01
201200008732;0;2;0;0;2;1;1;B02
201200008732;0;10;0;0;2;8;20;A01
201200008733;0;7;0;13;0;1;1;A01
201200008734;0;36;0;4;0;3;1;A01
201200008735;0;7;0;0;2;7;1;A01
201200008735;0;7;0;0;2;3;1;B02
201200008736;0;10;0;0;2;3;1;A01
201200008736;0;15;0;0;2;3;1;B02
201200008737;0;7;0;0;0;9;1;A01
201200008738;0;1;0;0;2;4;1;B02
201200008738;0;7;0;0;9;3;1;A01
201200008739;0;7;0;10;0;1;1;A01
201200008740;0;7;0;0;2;1;13;A01
201200008740;0;7;0;0;2;1;21;B02
201200008741;0;7;0;6;0;1;1;A01
201200008742;0;7;0;1;0;5;23;A01
201200008742;0;1;0;0;0;7;1;B02
201200008743;0;10;0;0;2;5;15;A01
201200008743;0;33;0;0;2;2;1;B02
201200008744;0;7;0;0;2;1;1;A01
201200008744;0;7;0;0;2;1;5;B02
201200008745;0;7;0;2;0;8;21;A01
201200008746;0;7;0;0;1;7;17;A01
201200008747;0;14;0;7;0;2;14;A01
201200008748;0;7;0;13;0;1;1;A01
201200008749;0;34;0;2;0;3;1;A01
201200008750;0;30;0;0;0;1;1;A01
201200008751;0;2;0;0;2;1;2;A01
201200008751;0;7;0;0;2;6;2;B02
201200008752;0;14;0;0;1;2;20;A01
201200008753;0;17;0;0;1;1;9;A01
201200008754;0;7;0;6;0;3;13;A01
201200008755;0;7;0;2;0;5;17;A01
201200008756;0;7;0;6;0;1;13;A01
201200008757;0;33;0;0;0;8;1;A01
201200008758;0;7;0;13;0;1;1;A01
201200008759;0;1;0;0;2;3;1;B02
201200008759;0;10;0;0;2;2;15;A01
201200008760;0;7;0;0;2;3;13;A01
201200008760;0;17;0;0;0;3;1;B02
201200008761;0;33;0;13;0;7;2;A01
201200008762;0;99;0;0;2;8;2;B02
201200008762;0;14;0;0;2;7;1;A01
201200008763;0;7;0;0;1;2;1;A01
201200008764;0;7;0;0;1;4;4;A01
201200008765;0;1;0;0;2;8;1;B02
201200008765;1;7;0;0;9;7;17;A01
201200008766;0;10;0;0;1;1;1;A01
201200008767;0;7;0;0;0;0;14;A01
201200008768;0;7;0;0;2;3;1;B02
201200008768;0;7;0;0;2;3;13;A01
201200008769;0;2;0;0;0;3;15;B02
201200008769;0;7;0;0;0;7;17;A01
201200008770;0;7;0;0;9;2;2;A01
201200008770;0;1;0;0;2;4;1;B02
201200008771;0;7;0;2;0;3;1;A01
201200008772;0;1;0;0;0;5;1;A01
201200008773;0;7;0;6;0;1;1;A01
201200008774;0;1;0;0;2;8;19;B02
201200008774;0;33;0;0;2;1;17;A01
201200008775;0;10;0;0;1;2;2;A01
201200008776;0;7;0;0;2;8;1;A01
201200008776;0;7;0;0;2;1;1;B02
201200008777;0;1;0;0;0;4;15;A01
201200008777;0;7;0;0;2;1;9;B02
201200008778;0;7;0;0;0;0;1;A01
201200008779;0;7;0;0;1;2;14;A01
201200008780;0;30;0;0;2;1;18;B02
201200008780;0;7;0;0;2;2;19;A01
201200008781;0;7;0;0;2;8;10;A01
201200008781;0;31;0;0;2;1;2;B02
201200008782;0;1;0;0;2;1;1;B02
201200008782;0;7;0;0;2;2;16;A01
201200008783;0;7;0;0;0;7;15;A01
201200008783;0;2;0;0;0;1;1;B02
201200008784;0;7;0;0;9;3;9;A01
201200008784;0;1;0;0;2;1;1;B02
201200008785;0;30;0;0;2;1;1;A01
201200008785;0;30;0;0;2;4;17;B02
201200008786;0;7;0;2;0;3;1;A01
201200008787;0;7;0;0;2;1;1;B02
201200008787;0;13;0;0;2;4;1;A01
201200008788;0;7;0;6;0;1;1;A01
201200008789;0;21;0;0;2;6;15;A01
201200008789;0;13;0;0;2;1;17;B02
201200008790;0;30;0;11;0;1;13;A01
201200008791;0;7;0;6;0;1;1;A01
201200008792;0;33;0;0;0;9;1;A01
201200008793;0;33;0;0;1;3;1;A01
201200008794;0;31;0;0;2;1;13;A01
201200008794;0;7;0;0;2;3;1;B02
201200008795;0;7;0;0;0;0;14;A01
201200008796;0;33;0;1;0;3;21;A01
201200008797;0;33;0;0;2;1;2;A01
201200008797;0;7;0;0;2;0;2;B02
201200008798;0;7;0;0;2;1;1;C03
201200008798;0;7;0;0;2;4;23;A01
201200008798;0;7;0;0;2;1;1;B02
201200008799;0;2;0;0;2;1;1;B02
201200008799;0;10;0;0;0;5;15;A01
201200008800;0;30;0;0;5;0;21;A01
201200008801;0;10;0;0;2;1;1;B02
201200008801;0;33;0;0;2;1;17;A01
201200008802;0;7;0;0;1;2;1;A01
201200008803;0;7;0;0;2;1;1;B02
201200008803;2;7;0;0;2;1;13;A01
201200008804;0;1;0;0;2;3;2;B02
201200008804;0;7;0;0;9;2;17;A01
201200008805;0;34;0;0;2;3;9;A01
201200008805;0;7;0;0;2;2;1;B02
201200008806;0;7;0;7;0;0;6;A01
201200008807;0;7;0;0;2;2;1;A01
201200008807;0;7;0;0;2;3;16;B02
201200008808;0;33;0;0;2;2;0;B02
201200008808;0;7;0;0;2;3;15;A01
201200008809;0;7;0;0;1;1;1;A01
201200008810;0;1;0;0;2;1;1;B02
201200008810;0;7;0;0;2;3;11;A01
201200008811;0;7;0;13;0;2;1;A01
201200008812;0;7;0;0;2;0;1;B02
201200008812;0;7;0;0;2;0;1;C03
201200008812;0;7;0;0;2;3;1;A01
201200008813;0;7;0;0;2;2;15;A01
201200008813;0;33;0;0;2;3;2;B02
201200008814;0;30;0;0;2;1;1;B02
201200008814;0;7;0;0;2;3;20;A01
201200008815;0;7;0;0;2;1;13;A01
201200008815;0;7;0;0;2;1;1;B02
201200008816;0;7;0;0;2;1;2;A01
201200008816;0;7;0;0;2;4;2;B02
201200008817;0;1;0;0;2;2;1;A01
201200008817;0;7;0;0;2;2;16;B02
201200008818;0;33;0;0;2;1;1;A01
201200008818;0;30;0;0;2;4;11;B02
201200008819;0;7;0;0;2;3;21;A01
201200008819;0;1;0;0;2;1;1;B02
201200008820;0;10;0;2;0;8;1;A01
201200008820;0;7;0;0;2;3;21;B02
201200008820;0;7;0;0;2;8;1;C03
201200008821;0;14;0;0;0;0;1;A01
201200008822;0;33;0;0;0;0;1;A01
201200008823;0;7;0;13;0;1;1;A01
201200008824;0;7;0;13;0;3;1;A01
201200008825;0;1;0;0;2;1;1;A01
201200008825;0;7;0;0;2;3;1;B02
201200008826;0;7;0;0;2;3;14;C03
201200008826;0;14;0;0;2;3;1;D04
201200008826;0;7;0;0;2;1;13;A01
201200008826;0;7;0;0;0;0;1;B02
201200008827;0;7;0;0;2;1;13;A01
201200008827;0;7;0;0;2;1;1;B02
201200008828;0;2;0;0;2;4;2;B02
201200008828;0;10;0;0;2;2;2;A01
201200008829;0;7;0;0;2;5;15;A01
201200008829;0;7;0;0;2;1;1;B02
201200008830;0;7;0;0;1;1;21;A01
201200008831;0;7;0;0;2;2;1;C02
201200008831;0;7;0;0;2;3;1;B02
201200008831;0;7;0;0;2;1;13;A01
201200008832;0;7;0;0;2;3;1;B02
201200008832;0;7;0;0;2;7;1;A01
201200008833;0;33;0;16;0;1;1;A01
201200008834;0;7;0;15;0;3;1;A01
201200008835;0;7;0;13;0;9;1;A01
201200008836;0;1;0;0;0;8;9;A01
201200008836;0;7;0;0;0;2;1;B02
201200008837;0;7;0;0;0;1;1;A01
201200008838;0;33;0;13;0;1;21;A01
201200008839;0;30;0;0;0;7;1;A01
201200008840;0;7;0;8;2;3;19;A01
201200008840;0;7;0;0;2;1;1;B02
201200008841;0;7;0;0;2;2;2;A01
201200008841;0;1;0;0;2;4;2;B02
201200008842;0;10;0;0;2;3;16;B02
201200008842;0;10;0;0;2;3;13;A01
201200008843;0;7;0;2;0;1;1;A01
201200008844;0;13;0;0;2;1;13;A01
201200008844;0;15;0;0;2;1;1;B02
201200008845;0;7;0;0;2;7;1;A01
201200008845;0;7;0;0;2;1;1;B02
201200008846;0;7;0;1;0;1;1;A01
201200008846;0;14;0;0;2;4;23;B02
201200008847;0;7;0;0;2;7;17;B02
201200008847;0;33;0;0;2;3;0;A01
201200008848;0;7;0;2;0;1;1;A01
201200008849;0;7;0;0;2;5;15;A01
201200008849;0;7;0;0;2;2;1;B02
201200008850;0;7;0;0;2;7;19;A01
201200008850;0;33;0;0;2;1;1;B02
201200008851;0;7;0;2;0;1;13;A01
201200008852;0;7;0;0;1;1;1;A01
201200008853;0;7;0;8;0;9;1;A01
201200008854;0;7;0;0;2;1;1;A01
201200008854;0;7;0;0;2;1;1;B02
201200008855;0;7;0;2;0;2;1;A01
201200008856;0;14;0;0;0;7;1;A01
201200008857;0;33;0;0;2;8;1;B02
201200008857;0;7;0;0;2;2;1;A01
201200008858;0;7;0;0;0;5;19;A01
201200008858;0;7;0;0;2;1;1;B02
201200008859;0;7;0;0;2;3;13;A01
201200008859;0;7;0;0;2;3;1;B02
201200008860;0;10;0;0;1;2;1;A01
201200008861;0;7;0;0;2;7;17;B02
201200008861;0;7;0;0;2;8;17;A01
201200008862;0;2;0;16;0;1;1;A01
201200008863;0;7;0;0;2;8;19;A01
201200008863;0;7;0;0;2;2;1;B02
201200008864;0;7;0;0;2;1;0;B02
201200008864;0;7;0;0;2;1;13;A01
201200008865;0;7;0;13;0;1;1;A01
201200008866;0;7;0;0;2;3;1;B02
201200008866;0;7;0;0;2;2;13;A01
201200008867;0;7;0;0;0;9;0;A01
201200008868;0;7;0;0;2;2;1;B01
201200008868;0;1;0;0;2;8;19;A02
201200008869;0;7;0;0;2;3;1;B01
201200008869;0;2;0;0;2;6;19;A02
201200008870;0;7;0;0;0;8;13;A01
201200008871;0;7;0;10;0;2;1;A01
201200008872;0;33;0;1;0;1;0;A01
201200008873;0;14;0;0;2;3;1;B02
201200008873;0;7;0;0;2;8;11;A01
201200008874;0;7;0;2;0;1;1;A01
201200008875;0;7;0;0;0;9;17;A01
201200008876;0;7;0;0;2;7;17;B02
201200008876;0;7;0;0;2;3;15;A01
201200008877;0;7;0;2;0;7;1;A01
201200008878;0;33;0;0;2;7;1;A01
201200008878;0;7;0;0;2;1;19;B02
201200008879;0;7;0;0;2;3;2;A01
201200008879;0;30;0;0;0;4;2;B02
201200008879;0;7;0;0;9;2;2;C03
201200008880;0;10;0;16;0;1;0;A01
201200008881;0;7;0;0;0;1;13;B02
201200008881;0;7;0;0;0;6;11;A01
201200008882;0;7;0;0;1;2;1;A01
201200008883;0;7;0;0;9;1;1;C03
201200008883;0;7;0;0;2;1;13;A01
201200008883;0;15;0;0;2;3;1;B02
201200008884;0;7;0;0;2;1;11;A01
201200008884;0;7;0;0;2;1;1;B02
201200008885;0;7;0;0;2;1;1;C03
201200008885;0;7;0;0;2;3;15;A01
201200008885;0;33;0;0;2;5;1;B02
201200008886;0;33;0;16;0;8;1;A01
201200008887;0;7;0;0;9;8;13;A01
201200008887;0;1;0;0;2;1;1;B02
201200008888;0;7;0;0;2;2;1;A01
201200008888;0;1;0;0;2;4;15;B02
201200008889;0;7;0;0;2;5;1;B02
201200008889;0;30;0;0;2;1;2;A01
201200008890;0;7;0;0;2;3;19;B02
201200008890;0;33;0;0;2;1;1;A01