num_acc;senc;catv;occutc;obs;obsm;choc;manv;num_veh
201200009264;0;10;0;13;0;2;14;A01
201200009265;0;7;0;0;2;3;17;A01
201200009265;0;7;0;0;2;3;1;B02
201200009266;0;10;0;0;2;3;15;A01
201200009266;0;33;0;0;2;1;6;B02
201200009267;0;7;0;13;0;3;1;A01
201200009268;0;33;0;0;2;8;13;A01
201200009268;0;7;0;0;2;7;1;B02
201200009269;0;17;0;3;0;2;1;A01
201200009270;0;7;0;0;2;1;2;A01
201200009270;0;7;0;0;2;4;2;B02
201200009270;0;7;0;0;2;1;1;C03
201200009271;0;30;0;0;2;5;2;A01
201200009271;0;30;0;0;2;3;2;B02
201200009272;0;30;0;0;2;1;1;A01
201200009272;0;7;0;0;2;1;15;B02
201200009273;0;10;0;0;2;3;15;A01
201200009273;0;31;0;0;2;1;1;B02
201200009274;0;1;0;0;2;3;1;B02
201200009274;0;7;0;0;2;8;13;A01
201200009274;0;1;0;0;2;3;1;C03
201200009275;0;7;0;0;2;1;5;A01
201200009275;0;10;0;0;2;1;1;B02
201200009276;0;7;0;0;0;2;19;B02
201200009276;0;31;0;0;0;3;1;A01
201200009277;0;7;0;0;2;1;13;A01
201200009277;0;33;0;0;2;1;1;B02
201200009278;0;34;0;0;2;1;3;B02
201200009278;0;7;0;0;2;2;9;A01
201200009279;0;33;0;0;2;2;17;A01
201200009279;0;7;0;0;0;8;15;B02
201200009280;0;10;0;0;1;3;1;A01
201200009281;0;33;0;0;2;3;2;B02
201200009281;0;7;0;0;2;6;2;A01
201200009282;0;10;0;0;0;3;13;A01
201200009282;0;7;0;0;0;3;1;B02
201200009283;0;7;0;0;0;3;1;B02
201200009283;0;30;0;0;2;2;2;A01
201200009284;0;10;0;0;2;1;1;B02
201200009284;0;7;0;0;2;7;13;A01
201200009285;0;33;0;0;2;1;14;A01
201200009285;0;7;0;0;0;5;1;B02
201200009286;0;7;0;0;2;5;15;A01
201200009286;0;33;0;0;2;1;1;B02
201200009287;0;7;0;0;2;3;13;A01
201200009287;0;7;0;0;2;3;1;B02
201200009288;0;7;0;0;2;7;13;A01
201200009288;0;7;0;0;2;1;1;B02
201200009289;0;7;0;0;2;1;1;B02
201200009289;0;33;0;0;2;1;1;A01
201200009290;0;10;0;0;2;3;13;A01
201200009290;0;7;0;0;2;3;1;B02
201200009291;0;33;0;0;1;1;17;A01
201200009292;0;30;0;0;2;7;13;A01
201200009292;0;7;0;0;0;1;1;B02
201200009293;0;33;0;0;2;8;13;A01
201200009293;0;10;0;0;2;3;1;B02
201200009294;0;33;0;0;2;1;17;A01
201200009294;0;7;0;0;2;3;1;B02
201200009294;0;7;0;0;0;6;1;C03
201200009295;0;7;0;0;2;4;1;B02
201200009295;0;7;0;0;2;1;23;A01
201200009296;0;7;0;0;2;3;13;B02
201200009296;0;7;0;0;2;3;1;A01
201200009297;0;3;0;0;2;3;13;A01
201200009297;0;7;0;0;2;3;1;B02
201200009298;0;7;0;0;2;3;1;B02
201200009298;0;10;0;0;2;3;13;A01
201200009299;0;30;0;0;2;1;2;A01
201200009299;0;10;0;0;2;5;2;B02
201200009300;0;33;0;0;0;1;1;A01
201200009300;0;7;0;0;0;3;1;B02
201200009301;0;32;0;0;2;7;13;A01
201200009301;0;7;0;0;2;1;1;B02
201200009302;0;10;0;0;2;3;1;B02
201200009302;0;32;0;0;2;7;1;A01
201200009303;0;7;0;6;2;1;13;A01
201200009303;0;7;0;0;2;1;1;B02
201200009304;0;14;0;0;2;1;23;B02
201200009304;0;7;0;1;0;1;1;A01
201200009305;0;33;0;0;0;9;6;A01
201200009306;0;7;0;0;2;5;19;B02
201200009306;0;32;0;0;2;1;15;A01
201200009306;0;7;0;0;2;0;6;C03
201200009307;0;7;0;2;0;1;13;A01
201200009308;0;7;0;0;0;3;15;A01
201200009308;0;7;0;0;2;2;1;B02
201200009309;0;7;0;13;0;1;1;A01
201200009310;0;20;0;0;0;2;1;A01
201200009311;0;31;0;14;2;1;1;B02
201200009311;0;7;0;0;9;2;15;A01
201200009312;0;7;0;0;2;1;13;A01
201200009312;0;7;0;0;2;1;1;B02
201200009313;0;14;0;0;2;3;1;A01
201200009313;0;7;0;0;2;3;1;B02
201200009314;0;7;0;0;1;2;1;A01
201200009315;0;7;0;0;6;1;1;A01
201200009316;0;7;0;0;2;3;13;A01
201200009316;0;7;0;5;2;3;1;B02
201200009317;0;1;0;0;0;4;2;B02
201200009317;0;7;0;0;9;2;2;A01
201200009318;0;10;0;0;2;2;1;A01
201200009318;0;7;0;0;2;8;1;B02
201200009319;0;3;0;13;2;4;2;A01
201200009319;0;10;0;0;2;1;2;B02
201200009320;0;33;0;0;2;2;1;B02
201200009320;0;7;0;0;2;1;9;A01
201200009321;0;7;0;0;2;3;5;A01
201200009321;0;7;0;0;2;3;1;B02
201200009322;0;10;0;0;9;3;13;A01
201200009322;0;1;0;0;2;1;16;B02
201200009323;0;33;0;0;6;2;0;A01
201200009324;0;7;0;16;0;3;1;A01
201200009325;0;7;0;0;0;3;0;A01
201200009326;0;7;0;2;0;1;1;A01
201200009327;0;7;0;0;0;8;15;B02
201200009327;0;7;0;0;2;7;17;A01
201200009328;0;7;0;13;0;1;19;A01
201200009329;0;33;0;0;2;3;13;B02
201200009329;0;7;0;0;2;3;1;A01
201200009330;0;14;0;0;0;1;1;A01
201200009331;0;14;0;2;0;2;1;A01
201200009332;0;7;0;0;2;1;13;A01
201200009332;0;7;0;0;2;1;1;B02
201200009333;0;7;0;13;0;0;13;A01
201200009334;0;7;0;0;2;1;1;A01
201200009334;0;33;0;0;2;2;13;B02
201200009335;0;14;0;0;1;3;1;A01
201200009336;0;7;0;0;2;2;5;A01
201200009336;0;7;0;0;2;2;1;B02
201200009337;0;33;0;0;2;1;1;B02
201200009337;0;7;0;0;2;3;6;A01
201200009338;1;7;0;0;2;8;1;A01
201200009338;0;1;0;0;0;0;1;B02
201200009339;0;7;0;16;0;9;17;A01
201200009340;0;7;0;12;0;1;1;A01
201200009341;0;7;0;0;2;2;1;A01
201200009341;0;7;0;0;2;8;15;B02
201200009342;0;7;0;0;0;5;0;A01
201200009342;0;33;0;0;2;7;1;B02
201200009343;0;7;0;2;0;2;1;A01
201200009344;0;7;0;0;2;1;16;B02
201200009344;0;7;0;0;2;1;17;A01
201200009345;1;7;0;0;1;1;1;A01
201200009346;0;1;0;0;2;3;1;A01
201200009346;0;7;0;0;2;3;1;B02
201200009347;0;10;0;0;2;5;17;B02
201200009347;0;33;0;0;2;1;1;A01
201200009348;0;7;0;0;2;1;13;B02
201200009348;0;7;0;0;2;3;1;A01
201200009349;0;10;0;0;2;1;15;A01
201200009349;0;10;0;0;2;1;1;B02
201200009350;0;10;0;13;0;9;1;A01
201200009351;0;7;0;13;0;2;14;A01
201200009352;0;7;0;10;0;1;0;A01
201200009353;0;7;0;0;2;1;1;B02
201200009353;0;14;0;4;2;5;1;A01
201200009354;0;30;0;12;0;2;1;A01
201200009355;0;7;0;0;2;1;2;A01
201200009355;0;7;0;0;2;7;2;B02
201200009355;0;7;0;0;2;1;1;C03
201200009356;0;7;0;0;2;4;0;E05
201200009356;0;14;0;0;2;1;1;A01
201200009356;0;7;0;0;2;4;1;B02
201200009356;0;7;0;0;2;4;1;C03
201200009356;0;7;0;0;2;4;0;D04
201200009357;0;7;0;0;2;3;15;A01
201200009357;0;7;0;0;2;1;1;B02
201200009358;0;33;0;14;0;1;17;A01
201200009358;0;7;0;0;2;3;23;B02
201200009359;0;7;0;6;0;6;1;A01
201200009360;0;7;0;0;0;9;14;A01
201200009361;0;7;0;0;2;8;15;A01
201200009361;0;7;0;0;2;1;1;B02
201200009362;0;31;0;0;2;1;2;A01
201200009362;0;7;0;0;2;2;15;B02
201200009363;0;2;0;13;0;7;14;A01
201200009364;0;10;0;13;0;9;1;A01
201200009365;0;10;0;0;2;3;1;D04
201200009365;0;7;0;0;2;3;17;B02
201200009365;0;7;0;0;2;3;13;A01
201200009365;0;7;0;0;2;8;1;C03
201200009366;0;7;0;0;1;1;1;A01
201200009367;0;38;7;0;;3;1;B01
201200009367;0;7;0;0;2;3;1;A01
201200009368;0;7;0;0;2;1;2;A01
201200009368;0;7;0;0;2;4;2;B01
201200009368;0;7;0;0;2;4;2;C01
201200009369;0;7;0;0;1;1;1;A01
201200009370;0;7;0;0;;2;1;B01
201200009370;0;7;0;0;2;3;10;A01
201200009371;0;7;0;0;;6;1;A01
201200009371;0;31;0;0;2;2;1;B01
201200009372;0;7;0;12;0;1;1;A01
201200009373;0;1;0;0;;8;1;B01
201200009373;0;10;0;0;2;3;15;A01
201200009374;0;7;0;0;1;1;1;A01
201200009375;0;30;0;12;0;7;1;A01
201200009376;0;7;0;1;0;2;13;A01
201200009377;0;7;0;0;;1;13;A01
201200009377;0;7;0;0;2;2;1;B01
201200009378;0;7;0;4;0;2;1;A01
201200009379;0;7;0;0;;8;15;B01
201200009379;0;7;0;0;2;1;17;A01
201200009380;0;7;0;15;0;3;1;A01
201200009381;0;7;0;15;0;1;1;A01
201200009382;0;31;0;5;0;1;1;A01
201200009383;0;7;0;0;2;3;21;C01
201200009383;0;7;0;0;2;4;23;G02
201200009383;0;7;0;0;2;3;1;A01
201200009383;0;33;0;0;2;7;21;D01
201200009383;0;7;0;0;2;4;23;E01
201200009383;0;7;0;0;2;3;21;B01
201200009383;0;7;0;0;2;4;23;F02
201200009384;0;14;0;0;;1;1;B01
201200009384;0;7;0;0;2;8;15;A01
201200009385;0;30;0;0;0;8;15;A01
201200009386;0;7;0;;1;2;1;A01
201200009387;0;3;0;0;;3;1;B01
201200009387;0;2;0;0;2;7;17;A01
201200009388;0;7;0;15;0;2;2;A01
201200009389;0;1;0;0;2;2;17;B01
201200009389;0;7;0;0;;6;15;A01
201200009390;0;7;0;0;2;1;15;A01
201200009390;0;7;0;0;2;1;1;B01
201200009391;0;15;0;0;2;3;1;A01
201200009391;0;7;0;0;;3;1;B01
201200009392;0;7;0;0;1;3;1;A01
201200009393;0;7;0;0;2;3;11;A01
201200009393;0;2;0;1;;7;1;B01
201200009394;0;7;0;0;2;3;1;A01
201200009394;0;2;0;0;2;2;19;B01
201200009395;0;7;0;0;2;1;13;A01
201200009395;0;7;0;0;;1;1;B01
201200009396;0;7;0;0;1;5;4;A01
201200009397;0;7;0;2;0;1;14;A01
201200009398;0;7;0;0;0;4;23;D01
201200009398;0;7;0;0;2;4;23;B01
201200009398;0;10;0;0;2;1;1;A01
201200009398;0;7;0;0;2;4;23;C01
201200009399;0;7;0;0;2;2;1;A01
201200009399;0;1;0;0;2;8;19;B01
201200009400;1;7;0;1;1;2;1;Z01
201200009401;0;2;0;0;;8;14;A01
201200009401;0;10;0;0;2;8;16;B02
201200009402;0;7;0;0;1;2;1;A01
201200009403;0;7;0;0;2;7;15;A01
201200009403;0;31;0;0;;1;1;B01
201200009404;0;7;0;0;1;8;1;A01
201200009405;0;7;0;0;2;1;1;A01
201200009405;0;10;0;0;;3;15;B01
201200009406;0;7;0;13;0;1;1;A01
201200009407;0;33;0;2;0;0;1;A01
201200009408;0;7;0;2;2;1;13;A01
201200009408;0;7;0;0;2;8;21;B02
201200009409;0;7;0;13;0;0;0;A01
201200009410;0;7;0;3;2;1;1;A01
201200009410;0;7;0;0;0;0;1;C03
201200009410;0;7;0;0;0;1;1;B02
201200009411;0;7;0;0;0;7;0;B02
201200009411;0;14;0;0;2;1;0;A01
201200009412;0;7;0;2;0;2;6;A01
201200009413;0;1;0;0;2;1;1;B02
201200009413;0;7;0;0;2;3;19;A01
201200009414;0;7;0;0;2;2;2;A01
201200009414;0;1;0;0;2;8;2;B02
201200009415;0;7;0;0;2;3;1;B02
201200009415;0;30;0;0;2;3;13;A01
201200009416;0;7;0;0;2;3;5;A01
201200009416;0;7;0;0;2;3;1;B02
201200009417;0;7;0;0;2;8;9;A01
201200009417;0;7;0;0;2;3;1;B02
201200009418;0;7;0;0;2;6;1;B02
201200009418;2;7;0;0;2;3;2;A01
201200009419;0;7;0;13;0;2;0;A01
201200009420;0;2;0;12;0;9;1;A01
201200009421;0;10;0;0;0;2;1;A01
201200009422;0;7;0;2;0;3;14;A01
201200009423;0;7;0;8;0;7;1;A01
201200009424;0;7;0;0;2;1;1;B02
201200009424;0;10;0;0;2;4;23;A01
201200009425;0;7;0;3;0;1;16;A01
201200009426;0;33;0;0;0;1;1;A01
201200009427;0;33;0;0;0;7;1;A01
201200009428;0;7;0;0;1;2;2;A01
201200009429;0;7;0;0;1;1;1;A01
201200009430;0;7;0;0;2;1;13;A01
201200009430;0;7;0;0;2;1;1;B02
201200009431;0;7;0;15;0;1;1;A01
201200009432;0;7;0;0;2;1;1;B02
201200009432;0;7;0;0;2;3;3;A01
201200009433;0;7;0;0;0;7;1;A01
201200009434;0;7;0;16;0;1;1;A01
201200009435;0;33;0;0;2;4;1;B02
201200009435;0;33;0;0;2;1;1;A01
201200009436;0;7;0;2;0;7;0;A01
201200009437;0;7;0;3;2;1;1;B02
201200009437;0;7;0;3;2;1;13;A01
201200009438;0;7;0;0;2;3;1;B02
201200009438;0;7;0;0;2;1;1;A01
201200009439;0;1;0;0;2;1;19;A01
201200009439;0;7;0;0;2;7;1;B02
201200009440;0;7;0;15;0;1;1;A01
201200009441;0;7;0;0;2;2;15;A01
201200009441;0;7;0;0;2;1;1;B02
201200009442;0;7;0;0;2;1;2;A01
201200009442;0;7;0;0;0;4;0;B02
201200009443;0;7;0;0;2;1;1;B02
201200009443;0;7;0;0;2;1;13;A01
201200009444;0;7;0;0;1;3;1;A01
201200009445;0;33;0;0;2;2;1;A01
201200009445;0;33;0;0;2;2;21;B02
201200009446;0;7;0;0;2;3;15;B02
201200009446;0;33;0;0;2;1;1;A01
201200009447;0;7;0;0;0;1;1;A01
201200009448;0;30;0;0;2;1;2;A01
201200009448;0;7;0;0;2;6;23;B02
201200009449;0;2;0;13;0;7;1;A01
201200009450;0;7;0;0;2;3;13;A01
201200009450;0;15;0;0;2;3;1;B02
201200009451;0;99;0;0;1;0;1;A01
201200009452;0;31;0;0;0;0;1;A01
201200009453;0;10;0;3;0;1;6;A01
201200009454;0;7;0;0;2;1;13;A01
201200009454;0;7;0;0;2;1;1;B02
201200009455;0;30;0;8;0;1;1;A01
201200009456;0;33;0;0;2;1;2;A01
201200009456;0;7;0;0;0;4;2;B02
201200009457;0;99;0;5;0;3;1;A01
201200009458;0;7;0;0;2;1;9;A01
201200009458;0;33;0;0;0;7;1;B02
201200009459;0;1;0;0;2;1;5;B02
201200009459;0;7;0;0;2;3;1;A01
201200009460;0;31;0;0;2;3;6;A01
201200009460;0;7;0;0;2;3;1;B02
201200009461;0;33;0;0;9;1;1;A01
201200009461;0;33;0;0;2;4;1;C03
201200009461;0;31;0;0;2;1;1;B02
201200009462;0;7;0;2;0;1;1;A01
201200009463;0;7;0;0;2;1;17;A01
201200009463;0;31;0;0;2;1;1;B02
201200009464;0;14;0;0;2;1;1;B02
201200009464;0;33;0;0;2;1;1;C03
201200009464;0;7;0;0;2;2;17;A01
201200009465;0;7;0;0;2;1;1;A01
201200009465;0;30;0;0;2;0;13;B02
201200009466;0;7;0;0;2;7;15;A01
201200009466;0;2;0;0;2;1;1;B02
201200009467;0;31;0;11;0;1;1;A01
201200009468;0;7;0;0;2;7;15;B02
201200009468;0;33;0;0;2;1;1;A01
201200009469;0;7;0;6;0;1;1;A01
201200009470;0;1;0;14;0;1;1;A01
201200009471;0;10;0;0;2;1;1;B02
201200009471;0;7;0;0;2;1;13;A01
201200009472;1;14;0;2;0;9;16;A01
201200009473;0;7;0;4;0;1;14;A01
201200009474;0;7;0;0;0;1;19;B02
201200009474;0;7;0;0;0;6;19;A01
201200009475;0;33;0;0;6;1;1;A01
201200009476;0;33;0;0;0;0;1;A01
201200009477;0;30;0;0;2;1;5;A01
201200009477;0;7;0;0;2;3;1;B02
201200009478;0;34;0;0;2;1;1;A01
201200009478;0;7;0;0;2;1;15;B02
201200009479;0;10;0;0;2;4;2;C03
201200009479;0;7;0;0;2;1;1;A01
201200009479;0;7;0;0;2;5;2;B02
201200009480;0;33;0;0;2;1;1;A01
201200009480;0;33;0;2;2;1;1;B02
201200009481;0;15;0;0;2;8;1;A01
201200009481;0;7;0;0;2;3;1;B02
201200009482;0;33;0;0;2;1;1;B02
201200009482;0;7;0;0;2;3;19;A01
201200009483;0;2;0;13;0;1;16;B02
201200009483;0;7;0;13;2;3;16;A01
201200009484;0;7;0;0;2;1;1;B02
201200009484;0;7;0;0;2;3;15;A01
201200009485;0;7;0;2;0;2;1;A01
201200009486;0;7;0;0;2;7;19;B02
201200009486;0;33;0;0;2;1;1;A01
201200009487;0;7;0;0;2;1;1;B02
201200009487;0;7;0;0;2;7;13;A01
201200009488;0;7;0;0;2;2;13;A01
201200009488;0;10;0;0;2;1;1;B02
201200009489;0;7;0;0;2;1;13;A01
201200009489;0;7;0;0;2;1;1;B02
201200009490;0;7;0;0;2;1;1;B02
201200009490;0;7;0;0;2;1;5;A01
201200009491;0;31;0;0;2;1;19;B02
201200009491;0;7;0;0;2;7;1;A01
201200009492;0;7;0;0;0;9;17;A01
201200009493;0;33;0;8;0;0;1;A01
201200009494;0;7;0;0;2;2;17;B02
201200009494;0;7;0;0;2;8;13;A01
201200009495;0;7;0;0;0;6;13;B02
201200009495;0;33;0;0;2;1;21;A01
201200009496;0;1;0;0;2;1;13;A01
201200009496;0;7;0;0;2;1;1;B02
201200009497;0;7;0;0;1;3;5;A01
201200009498;0;33;0;0;2;4;2;B02
201200009498;0;33;0;0;2;1;1;A01
201200009499;0;30;0;6;0;1;1;A01
201200009500;0;7;0;0;2;3;1;A01
201200009500;0;7;0;0;2;2;1;B02
201200009501;0;7;0;0;1;1;1;A01
201200009502;0;33;0;6;0;1;13;A01
201200009503;0;33;0;0;0;1;1;A01
201200009504;0;7;0;0;2;7;1;A01
201200009504;0;1;0;0;2;8;2;B02
201200009505;0;7;0;0;0;0;1;A01
201200009506;0;7;0;0;2;1;1;A01
201200009506;0;7;0;0;2;1;13;B02
201200009506;0;7;0;0;2;1;1;C03
201200009507;0;7;0;0;0;1;1;A01
201200009508;0;7;0;0;0;0;1;A01
201200009509;0;7;0;0;2;7;13;B02
201200009509;0;10;0;0;2;1;1;A01
201200009510;0;7;0;8;0;1;1;A01
201200009511;0;7;0;0;2;3;16;A01
201200009511;0;7;0;0;2;3;15;B02
201200009512;0;7;0;0;0;8;10;B02
201200009512;0;7;0;0;2;1;1;C03
201200009512;0;7;0;0;2;1;17;A01
201200009513;0;33;0;0;0;1;1;A01
201200009514;0;7;0;0;2;8;10;A01
201200009514;0;30;0;0;2;1;1;B02
201200009515;0;33;0;0;0;3;1;A01
201200009516;0;33;0;12;0;7;1;A01
201200009517;0;7;0;2;0;1;13;A01
201200009518;0;7;0;0;1;2;13;A01
201200009519;0;7;0;4;2;2;1;A01
201200009519;0;7;0;0;2;6;1;B02
201200009520;0;1;0;0;2;8;13;B02
201200009520;0;7;0;0;2;1;1;A01
201200009521;0;33;0;0;2;1;1;A01
201200009521;0;7;0;0;2;5;2;B02
201200009522;0;7;0;0;2;5;1;B02
201200009522;0;33;0;0;2;7;0;A01
201200009523;0;33;0;0;2;1;17;B02
201200009523;0;7;0;0;2;6;13;A01
201200009524;0;33;0;0;2;1;1;A01
201200009524;0;7;0;0;2;6;15;B02
201200009525;0;7;0;0;2;6;1;C03
201200009525;0;7;0;0;2;1;1;A01
201200009525;0;7;0;0;2;1;1;B02
201200009526;0;7;0;0;1;1;1;A01
201200009527;0;7;0;0;2;2;1;A01
201200009527;0;7;0;0;2;1;1;B02
201200009528;0;7;0;0;2;1;1;A01
201200009528;0;7;0;0;2;3;1;B02
201200009529;0;7;0;0;2;1;1;B02
201200009529;0;7;0;0;2;1;13;A01
201200009530;0;7;0;0;2;3;2;A01
201200009530;0;10;0;0;2;4;2;B02
201200009531;0;7;0;0;2;1;1;B02
201200009531;0;7;0;0;2;3;13;A01
201200009532;0;33;0;11;0;1;17;A01
201200009533;0;33;0;3;0;8;1;A01
201200009534;0;33;0;0;1;3;1;A01
201200009535;0;7;0;0;2;3;9;A01
201200009535;0;7;0;0;2;7;1;B02
201200009536;0;7;0;0;2;4;1;A01
201200009536;0;7;0;1;2;1;2;C03
201200009536;0;7;0;1;2;1;2;B02
201200009537;0;7;0;7;0;2;1;A01
201200009538;0;7;0;0;1;2;1;A01
201200009539;0;7;0;16;0;3;13;B02
201200009539;0;7;0;0;2;3;1;A01
201200009540;0;7;0;0;0;2;1;A01
201200009541;0;7;0;2;0;3;1;A01
201200009542;0;7;0;0;2;1;1;B02
201200009542;0;7;0;0;2;1;17;A01
201200009543;0;7;0;0;1;4;4;A01
201200009544;0;2;0;3;2;8;1;B02
201200009544;0;7;0;0;2;3;15;A01
201200009545;0;7;0;0;2;3;23;A01
201200009545;0;7;0;0;2;2;1;B02
201200009546;0;33;0;0;2;1;17;B02
201200009546;0;7;0;0;2;6;15;A01
201200009547;0;7;0;0;2;2;17;B02
201200009547;0;7;0;0;2;8;15;A01
201200009548;0;7;0;1;2;5;2;B02
201200009548;0;7;0;0;2;3;9;C03
201200009548;0;31;0;0;2;1;21;A01
201200009548;0;7;0;0;2;6;24;D04
201200009549;0;7;0;0;2;3;13;B02
201200009549;0;33;0;0;2;1;1;A01
201200009550;0;15;0;0;2;2;17;B02
201200009550;0;1;0;0;2;4;1;A01
201200009551;0;7;0;0;2;1;1;A01
201200009551;0;7;0;0;2;3;15;B02
201200009552;0;10;0;2;0;1;13;A01
201200009553;0;33;0;0;0;1;1;A01
201200009554;0;33;0;16;0;1;1;A01
201200009555;0;7;0;0;1;2;1;A01
201200009556;0;38;1;0;2;3;1;A01
201200009556;0;7;0;0;2;5;2;B02
201200009557;0;7;0;0;1;1;1;A01
201200009558;0;7;0;0;1;1;1;C03
201200009558;0;7;0;0;1;1;1;B02
201200009558;0;7;0;0;1;1;1;D04
201200009558;0;7;0;0;1;1;1;A01
201200009559;0;7;0;0;2;7;15;B02
201200009559;0;99;0;0;2;1;1;A01
201200009560;0;10;0;0;2;8;1;C03
201200009560;0;21;0;0;2;1;15;D04
201200009560;0;7;0;0;2;6;1;B02
201200009560;0;33;0;0;2;7;1;A01
201200009561;0;7;0;13;0;9;13;A01
201200009562;0;7;0;0;2;2;1;A01
201200009562;0;31;0;0;2;4;23;B02
201200009563;0;33;0;0;2;1;1;B02
201200009563;0;7;0;0;2;3;10;A01
201200009564;0;7;0;0;2;1;15;A01
201200009564;0;33;0;0;2;1;1;B02
201200009565;0;1;0;0;2;1;13;B02
201200009565;0;10;0;0;2;3;1;A01
201200009566;0;32;0;0;2;1;1;A02
201200009566;0;7;0;0;2;3;15;B01
201200009567;0;33;0;1;0;8;1;A01
201200009568;0;7;0;4;0;1;1;A01
201200009569;0;7;0;1;0;9;1;A01
201200009570;0;7;0;0;2;7;13;A01
201200009570;0;7;0;0;2;1;1;B02
201200009571;0;33;0;0;2;1;1;B02
201200009571;0;7;0;0;2;7;15;A01
201200009572;0;33;0;0;2;1;1;A01
201200009572;0;7;0;0;2;3;15;B02
201200009573;0;7;0;0;2;3;17;B02
201200009573;0;1;0;0;2;7;1;A01
201200009574;0;7;0;0;2;4;11;B02
201200009574;0;7;0;0;2;1;1;A01
201200009575;0;7;0;0;1;3;1;A01
201200009576;0;33;0;0;2;1;9;A01
201200009576;0;10;0;0;2;6;1;B02
201200009577;0;7;0;0;1;1;1;A01
201200009578;0;14;0;0;2;3;1;B02
201200009578;0;7;0;0;2;3;11;A01
201200009578;0;15;0;0;2;1;1;C03
201200009579;0;7;0;0;1;1;1;A01
201200009580;0;10;0;0;2;3;5;B02
201200009580;0;7;0;0;2;3;5;A01
201200009581;0;7;0;0;2;3;13;A01
201200009581;0;7;0;0;2;3;1;B02
201200009582;0;7;0;0;2;2;15;B02
201200009582;0;30;0;0;2;1;1;A01
201200009583;0;7;0;0;2;3;15;A01
201200009583;0;33;0;0;2;1;1;B02
201200009584;0;30;0;16;0;7;1;A01
201200009585;0;10;0;14;0;1;1;A01
201200009586;0;7;0;0;2;1;21;A01
201200009586;0;7;0;0;2;1;1;B02
201200009587;0;7;0;0;2;3;1;A01
201200009587;0;1;0;0;2;8;19;B02
201200009588;0;30;0;16;0;9;1;A01
201200009589;0;7;0;0;1;1;1;A01
201200009590;0;1;0;12;0;1;1;A01
201200009591;0;1;0;0;2;1;1;B02
201200009591;0;7;0;0;2;2;15;A01
201200009592;0;1;0;16;0;1;1;A01
201200009593;0;7;0;2;0;2;14;A01
201200009594;0;33;0;0;0;4;1;A01
201200009594;0;21;0;0;0;6;1;B02
201200009595;0;10;0;13;0;3;14;A01
201200009596;0;7;0;0;2;1;1;B02
201200009596;0;7;0;0;2;1;13;A01
201200009597;0;33;0;16;0;1;1;A01
201200009598;0;33;0;13;0;1;17;A01
201200009599;0;7;0;0;2;2;15;A01
201200009599;0;33;0;0;2;1;17;B02
201200009600;0;7;0;0;2;8;9;A01
201200009600;0;7;0;0;2;1;1;B02
201200009601;0;33;0;0;2;1;21;B02
201200009601;0;7;0;0;2;3;21;C03
201200009601;0;7;0;0;2;5;15;A01
201200009602;0;21;0;0;2;3;1;B02
201200009602;0;10;0;0;2;3;1;A01
201200009603;0;33;0;3;0;1;1;A01
201200009604;0;10;0;0;2;4;13;A01
201200009604;0;15;0;0;2;2;1;B02
201200009605;0;7;0;0;2;1;5;A01
201200009605;0;7;0;0;2;1;1;B02
201200009606;0;7;0;0;2;1;17;A01
201200009606;0;7;0;0;2;9;1;B02
201200009606;0;7;0;0;2;1;1;C03
201200009607;0;33;0;8;2;1;17;A01
201200009607;0;10;0;0;2;3;15;B02
201200009608;0;7;0;0;2;3;1;A01
201200009608;0;30;0;0;2;1;5;B02
201200009609;0;7;0;0;2;1;1;B02
201200009609;0;1;0;0;2;1;1;A01
201200009610;0;2;0;0;2;1;1;B02
201200009610;0;7;0;0;2;3;23;A01
201200009611;0;7;0;2;0;1;1;A01
201200009612;0;7;0;0;1;1;1;A01
201200009613;0;7;0;0;1;2;9;A01
201200009614;0;3;0;0;2;7;16;A01
201200009614;0;30;0;0;2;8;13;B02
201200009615;0;7;0;0;1;1;1;A01
201200009616;0;15;0;0;2;3;1;A01
201200009616;0;7;0;0;2;1;13;B02
201200009617;0;7;0;0;2;3;11;A01
201200009617;0;31;0;0;2;1;17;B02
201200009618;0;10;0;0;1;8;2;A01
201200009619;0;7;0;0;2;3;1;A01
201200009619;0;33;0;0;2;5;16;B02
201200009620;0;10;0;0;2;3;13;A01
201200009620;0;14;0;0;2;3;21;B02
201200009621;0;7;0;0;0;0;0;A01
201200009621;0;7;0;0;2;3;1;B02
201200009622;0;31;0;0;2;7;16;B02
201200009622;0;7;0;0;2;3;1;A01
201200009623;0;7;0;0;1;2;1;A01
201200009624;0;33;0;0;2;2;15;A01
201200009624;0;7;0;0;2;2;0;B02
201200009625;0;33;0;0;2;1;1;A01
201200009625;2;10;0;0;2;2;15;B02
201200009626;0;7;0;2;0;1;1;A01
201200009627;0;32;0;0;2;8;2;A01
201200009627;0;7;0;0;2;2;6;B02
201200009628;0;7;0;0;2;7;10;A01
201200009628;0;7;0;0;2;1;1;B02
201200009629;0;7;0;4;0;1;1;A01
201200009630;0;1;0;0;2;2;13;A01
201200009630;0;7;0;0;2;1;1;B02
201200009631;0;7;0;0;1;2;1;A01
201200009632;0;7;0;1;2;2;13;A01
201200009632;0;33;0;0;2;3;1;B02
201200009633;0;7;0;13;0;9;17;A01
201200009634;0;7;0;6;0;8;1;A01
201200009635;0;10;0;0;2;3;2;A01