num_acc;senc;catv;occutc;obs;obsm;choc;manv;num_veh
201200009635;0;30;0;0;0;4;15;B02
201200009635;0;7;0;0;0;3;1;C03
201200009636;0;7;0;0;2;3;1;A01
201200009636;0;7;0;0;2;3;1;B02
201200009637;0;7;0;2;0;1;1;A01
201200009638;0;7;0;13;0;2;14;A01
201200009639;0;7;0;0;2;3;17;A01
201200009639;0;10;0;0;2;3;1;B02
201200009640;0;7;0;0;2;2;2;A01
201200009640;0;1;0;0;0;4;2;B02
201200009641;0;10;0;0;2;3;15;A01
201200009641;0;1;0;0;2;3;23;B02
201200009642;0;7;0;6;0;1;16;A01
201200009643;0;7;0;0;2;3;13;A01
201200009643;0;15;0;0;2;3;1;B02
201200009644;0;7;0;0;2;3;13;A01
201200009644;0;14;0;0;2;3;1;B02
201200009645;0;7;0;0;2;1;13;A01
201200009645;0;7;0;0;0;1;1;B02
201200009646;0;7;0;0;0;2;1;A01
201200009646;0;10;0;0;0;3;1;B02
201200009647;0;7;0;0;2;1;1;B02
201200009647;0;7;0;0;2;8;19;A01
201200009648;0;7;0;16;0;9;1;A01
201200009649;0;7;0;13;0;1;14;A01
201200009650;0;7;0;0;9;6;20;A01
201200009650;0;2;0;0;2;1;21;B02
201200009651;0;7;0;0;0;3;19;A02
201200009651;0;10;0;0;2;1;1;B01
201200009652;0;10;0;0;0;1;5;A01
201200009652;0;7;0;0;0;1;1;B02
201200009653;0;7;0;0;2;3;1;A01
201200009653;0;7;0;0;2;2;13;B02
201200009654;0;30;0;14;0;1;2;A01
201200009654;0;10;0;0;2;4;23;B02
201200009655;0;14;0;0;2;2;2;A01
201200009655;0;7;0;0;2;6;2;B02
201200009656;0;7;0;0;0;0;1;A01
201200009657;0;33;0;0;0;0;1;A01
201200009658;0;33;0;0;0;1;1;A01
201200009658;0;10;0;13;0;0;1;B02
201200009658;0;7;0;0;2;4;15;C03
201200009659;0;7;0;16;0;9;11;A01
201200009660;0;1;0;0;0;0;2;B02
201200009661;0;1;0;0;0;0;1;A01
201200009662;0;7;0;0;9;1;6;A01
201200009662;0;1;0;0;2;3;1;B02
201200009663;0;7;0;6;0;0;0;A01
201200009664;0;7;0;0;2;3;15;B02
201200009664;0;7;0;0;2;2;1;A01
201200009665;0;7;0;0;2;3;13;A01
201200009665;0;7;0;0;2;3;1;B02
201200009665;0;7;0;0;2;1;1;C03
201200009666;0;7;0;6;0;2;0;A01
201200009667;0;7;0;0;1;1;1;A01
201200009668;0;10;0;0;2;3;23;B02
201200009668;0;7;0;0;2;1;14;A01
201200009669;0;7;0;0;2;1;13;A01
201200009669;0;7;0;0;2;3;1;B02
201200009670;0;7;0;0;2;1;13;A01
201200009670;0;7;0;0;2;3;1;B02
201200009671;0;7;0;13;0;9;1;A01
201200009672;0;7;0;2;0;0;13;A01
201200009673;0;7;0;2;0;3;1;A01
201200009674;0;36;0;0;0;0;10;A01
201200009675;0;7;0;0;2;1;1;A01
201200009675;0;7;0;0;0;7;19;B02
201200009676;0;33;0;0;2;0;1;A01
201200009676;0;33;0;0;2;5;2;B02
201200009676;0;7;0;0;0;0;2;C01
201200009677;0;7;0;0;2;1;2;A01
201200009677;0;10;0;0;2;4;2;B02
201200009678;0;7;0;0;2;1;1;A01
201200009678;0;7;0;0;2;4;1;B02
201200009679;0;7;0;5;0;2;0;A01
201200009680;0;33;0;0;0;1;2;A01
201200009680;0;7;0;0;0;8;2;B02
201200009680;0;7;0;0;0;4;2;C03
201200009681;0;7;0;0;0;2;1;A01
201200009681;0;1;0;0;0;3;19;B02
201200009682;0;7;0;0;2;3;13;A01
201200009682;0;10;0;0;2;3;1;B02
201200009682;0;7;0;14;0;1;1;C03
201200009683;0;7;0;0;2;1;13;A01
201200009683;0;7;0;0;2;1;1;B02
201200009684;0;7;0;0;0;3;1;A01
201200009684;0;10;0;0;0;2;19;B02
201200009685;0;10;0;13;0;2;14;A01
201200009686;0;7;0;6;0;1;15;A01
201200009687;0;7;0;0;2;7;17;A01
201200009687;0;15;0;0;2;3;1;B02
201200009688;0;7;0;2;2;9;17;A01
201200009688;0;7;0;0;2;3;1;B02
201200009688;0;7;0;0;2;1;1;C03
201200009689;0;7;0;0;2;7;17;A01
201200009689;0;7;0;0;2;8;2;B02
201200009690;0;33;0;5;0;0;1;A01
201200009691;0;33;0;0;0;8;2;A01
201200009692;0;31;0;0;2;1;2;A01
201200009692;0;7;0;0;2;4;2;B02
201200009692;0;7;0;3;0;8;18;C03
201200009693;0;7;0;0;2;1;17;A01
201200009693;0;7;0;0;2;1;0;B02
201200009694;0;7;0;0;2;2;21;B02
201200009694;0;7;0;0;0;8;19;A01
201200009695;0;10;0;13;2;1;5;A01
201200009695;0;7;0;0;0;1;1;B02
201200009696;0;33;0;0;0;0;0;A01
201200009697;0;7;0;0;2;2;19;B02
201200009697;0;33;0;0;2;1;1;A01
201200009698;0;33;0;0;2;1;1;A01
201200009698;0;7;0;0;2;8;19;B02
201200009699;0;7;0;0;2;2;10;A01
201200009699;0;31;0;0;2;1;1;B02
201200009700;0;7;0;0;2;2;5;A01
201200009700;0;15;0;0;2;2;21;B02
201200009701;0;7;0;0;2;3;5;A01
201200009701;0;7;0;0;2;3;5;B02
201200009701;0;7;0;0;2;6;24;C03
201200009702;0;31;0;0;0;0;1;A01
201200009703;0;7;0;0;0;0;15;A01
201200009704;0;15;0;0;0;8;1;B02
201200009705;0;10;0;0;0;2;1;A01
201200009706;0;33;0;0;0;8;1;A01
201200009707;0;7;0;8;2;8;1;B02
201200009707;0;7;0;0;2;1;1;A01
201200009708;0;7;0;0;2;1;17;A01
201200009708;0;37;1;0;2;3;1;B02
201200009708;0;7;0;13;2;3;15;C03
201200009709;0;7;0;0;1;1;19;A01
201200009710;0;7;0;2;0;3;1;A01
201200009711;0;7;0;0;2;1;1;A01
201200009711;0;7;0;0;2;1;1;B02
201200009711;0;10;0;0;2;5;23;C03
201200009711;0;7;0;0;2;1;23;D04
201200009711;0;7;0;14;0;8;1;E05
201200009711;0;7;0;14;0;7;1;F06
201200009712;0;7;0;0;0;8;1;A01
201200009712;0;7;0;0;2;1;1;B02
201200009713;0;33;0;0;2;8;5;A01
201200009713;0;10;0;0;2;8;1;B02
201200009714;0;7;0;0;0;8;15;A01
201200009714;0;7;0;0;2;1;17;B02
201200009715;0;33;0;0;2;1;9;A01
201200009715;0;10;0;0;9;2;1;B02
201200009716;0;3;0;0;2;1;1;A01
201200009716;0;7;0;3;2;3;13;B02
201200009716;0;7;0;3;2;5;17;C03
201200009717;0;10;0;0;2;2;14;A01
201200009717;0;15;0;0;2;1;1;B02
201200009718;0;7;0;0;2;3;13;A01
201200009718;0;7;0;13;2;3;1;B02
201200009719;0;7;0;0;2;1;13;A01
201200009719;0;7;0;0;2;3;1;B02
201200009720;0;7;0;0;2;4;2;A01
201200009720;0;2;0;0;2;1;2;B02
201200009721;0;7;0;0;2;2;15;A01
201200009721;0;30;0;0;2;1;1;B02
201200009722;0;7;0;0;2;3;15;A01
201200009722;0;2;0;0;2;2;1;B02
201200009723;0;7;0;0;2;8;13;A01
201200009723;0;14;0;0;2;3;0;B02
201200009724;0;14;0;4;0;1;1;A01
201200009725;0;7;0;0;2;1;1;A01
201200009725;0;7;0;0;2;3;13;B02
201200009726;0;7;0;0;1;2;1;A01
201200009727;0;7;0;0;2;1;1;A01
201200009727;0;7;0;0;2;8;19;B02
201200009728;0;7;0;0;1;2;1;A01
201200009729;0;7;0;0;2;3;15;A01
201200009729;0;7;0;0;2;3;1;B02
201200009730;0;30;0;0;2;1;1;A01
201200009730;0;30;0;0;2;1;1;B02
201200009731;0;10;0;0;0;6;4;A01
201200009731;0;33;0;0;2;1;23;B02
201200009732;0;7;0;0;2;2;17;A01
201200009732;0;10;0;0;2;6;1;B02
201200009732;0;17;0;0;2;1;1;C03
201200009733;0;7;0;0;2;7;0;A01
201200009733;0;7;0;0;2;1;1;B02
201200009733;0;7;0;0;2;1;0;C03
201200009734;0;10;0;0;2;5;1;A01
201200009734;0;33;0;0;2;9;17;B02
201200009734;0;7;0;0;2;1;1;C03
201200009735;0;7;0;2;0;4;13;A01
201200009736;0;7;0;0;0;9;0;A01
201200009737;0;7;0;0;2;8;23;B02
201200009737;0;7;0;0;2;1;1;C03
201200009737;0;7;0;0;2;7;19;A01
201200009738;0;7;0;0;2;2;9;A01
201200009738;0;10;0;0;2;1;1;B02
201200009738;0;7;0;0;2;1;23;C03
201200009739;0;33;0;0;2;1;17;A01
201200009739;0;7;0;0;2;6;15;B02
201200009740;0;30;0;12;0;1;0;A01
201200009741;0;7;0;0;2;1;17;A01
201200009741;0;7;0;0;2;1;1;B02
201200009741;0;15;0;0;2;1;1;C03
201200009742;0;10;0;0;2;3;5;A01
201200009742;0;15;0;0;2;3;1;B02
201200009743;0;7;0;0;2;8;15;A01
201200009743;0;30;0;0;2;1;17;B02
201200009744;0;7;0;2;0;1;1;A01
201200009745;0;7;0;0;2;3;13;A01
201200009745;0;15;0;0;2;3;1;B02
201200009746;0;15;0;0;2;1;2;A01
201200009746;0;17;0;0;2;4;1;B02
201200009747;0;7;0;0;2;1;13;A01
201200009747;0;15;0;0;2;9;1;C03
201200009748;0;10;0;6;0;1;14;A01
201200009749;0;15;0;0;2;1;1;A01
201200009749;0;10;0;0;2;7;19;B02
201200009750;0;33;0;2;0;7;1;A01
201200009751;0;7;0;2;0;3;13;A01
201200009752;0;7;0;6;0;1;1;A01
201200009753;0;10;0;0;0;0;16;A01
201200009753;0;33;0;0;2;7;1;C03
201200009753;0;10;0;0;0;0;1;D04
201200009754;0;7;0;0;2;1;1;A01
201200009754;0;7;0;0;2;1;13;B02
201200009755;0;7;0;2;0;7;1;A01
201200009756;0;33;0;0;2;1;1;B02
201200009756;0;7;0;0;2;2;1;A01
201200009757;0;7;0;0;2;3;1;C03
201200009757;0;7;0;0;2;1;17;A01
201200009757;0;7;0;0;2;1;1;B02
201200009758;0;7;0;16;0;9;1;A01
201200009759;0;1;0;0;2;7;1;B02
201200009759;0;7;0;0;2;1;16;A01
201200009760;0;7;0;13;0;3;13;A01
201200009761;0;7;0;0;2;7;17;A01
201200009761;0;1;0;0;0;8;1;B02
201200009762;0;31;0;13;0;2;1;A01
201200009763;0;7;0;0;2;1;13;A01
201200009763;0;7;0;0;2;1;1;B02
201200009764;0;10;0;0;2;1;21;B02
201200009764;0;33;0;0;2;1;13;A01
201200009765;0;15;0;0;2;3;1;A01
201200009765;0;7;0;0;2;1;1;B02
201200009765;0;7;0;0;2;3;13;C03
201200009766;0;31;0;0;2;1;13;A01
201200009766;0;7;0;0;2;2;1;B02
201200009767;0;2;0;0;0;2;1;A01
201200009768;0;7;0;8;0;9;1;A01
201200009769;0;31;0;8;0;3;1;A01
201200009770;0;7;0;2;0;9;1;A01
201200009771;0;7;0;0;2;2;13;A01
201200009771;0;7;0;0;2;2;1;B02
201200009772;0;7;0;13;0;1;14;A01
201200009773;0;7;0;2;0;1;1;A01
201200009774;0;7;0;0;2;1;1;B02
201200009774;0;1;0;0;0;6;16;A01
201200009775;0;7;0;2;0;3;17;A01
201200009776;0;7;0;0;2;3;1;B02
201200009776;0;7;0;0;2;3;13;A01
201200009777;0;37;1;8;0;3;13;A01
201200009778;0;7;0;0;1;1;1;A01
201200009779;0;7;0;0;2;8;1;A01
201200009779;0;33;0;0;2;8;1;B02
201200009780;0;7;0;0;1;2;1;A01
201200009781;0;7;0;0;2;2;15;A01
201200009781;0;1;0;0;2;1;1;B02
201200009782;0;7;0;0;1;7;1;A01
201200009783;0;7;0;2;2;3;1;A01
201200009783;0;7;0;13;2;3;1;B02
201200009784;0;7;0;0;2;2;15;A01
201200009784;0;1;0;0;2;1;1;B02
201200009785;0;7;0;16;0;9;1;A01
201200009786;0;7;0;0;2;1;1;B02
201200009786;0;7;0;0;2;7;13;A01
201200009787;0;7;0;0;2;3;1;A01
201200009787;0;7;0;0;2;8;15;B02
201200009788;0;7;0;0;0;9;1;A01
201200009789;0;7;0;0;1;2;1;A01
201200009790;0;33;0;15;0;1;1;A01
201200009791;0;7;0;13;0;9;1;A01
201200009792;0;7;0;0;1;3;15;A01
201200009793;0;7;0;0;1;3;1;A01
201200009794;0;30;0;14;0;8;1;A01
201200009795;0;10;0;0;1;1;1;A01
201200009796;0;32;0;12;0;3;1;A01
201200009797;0;7;0;0;2;8;15;A01
201200009797;0;33;0;0;2;1;1;B02
201200009798;0;7;0;0;1;2;1;A01
201200009799;0;7;0;13;0;2;14;A01
201200009800;0;7;0;0;2;1;1;B02
201200009800;0;7;0;0;2;1;13;A01
201200009801;0;7;0;0;2;1;1;A01
201200009801;0;1;0;0;0;7;19;B02
201200009802;0;7;0;0;1;3;1;A01
201200009803;0;33;0;0;2;1;1;B02
201200009803;0;7;0;0;2;3;1;A01
201200009804;0;30;0;0;2;3;13;A01
201200009804;0;1;0;0;2;1;1;B02
201200009805;0;7;0;0;2;1;13;A01
201200009805;0;7;0;0;2;1;1;B02
201200009806;0;7;0;13;0;2;14;A01
201200009807;0;30;0;0;2;1;1;A01
201200009807;0;10;0;0;2;3;1;B02
201200009808;0;17;0;0;2;1;1;A01
201200009808;0;7;0;0;2;8;15;B02
201200009809;0;7;0;13;0;3;1;A01
201200009810;0;7;0;2;0;7;1;A01
201200009811;0;33;0;14;0;1;1;A01
201200009812;0;7;0;13;0;9;1;A01
201200009813;0;7;0;0;2;1;1;A01
201200009813;0;7;0;6;2;7;1;B02
201200009814;0;7;0;0;2;3;15;B02
201200009814;0;30;0;0;2;1;17;A01
201200009815;0;2;0;0;2;1;17;A01
201200009815;0;7;0;0;2;2;1;B02
201200009816;0;14;0;0;2;1;1;B02
201200009816;0;7;0;0;0;7;1;A01
201200009817;0;7;0;0;2;1;1;B02
201200009817;0;7;0;0;2;1;15;A01
201200009818;0;13;0;0;0;5;1;B02
201200009818;0;33;0;0;2;1;2;A01
201200009819;0;7;0;6;0;7;1;A01
201200009820;0;7;0;16;0;9;1;A01
201200009821;0;7;0;6;0;7;1;A01
201200009822;0;7;0;8;0;1;1;A01
201200009823;0;7;0;8;0;2;14;A01
201200009824;0;35;0;8;0;7;1;A01
201200009825;0;7;0;0;2;1;1;A01
201200009825;0;30;0;0;2;3;1;B02
201200009826;0;7;0;0;2;1;1;B02
201200009826;0;7;0;0;2;7;13;A01
201200009827;0;7;0;0;2;1;1;C03
201200009827;0;7;0;0;2;7;13;A01
201200009827;0;7;0;0;2;6;21;B02
201200009828;0;10;0;7;0;9;1;A01
201200009829;0;7;0;0;2;7;13;A01
201200009829;0;7;0;0;2;1;1;B02
201200009830;0;7;0;9;0;1;1;A01
201200009831;0;7;0;6;0;1;1;A01
201200009832;0;33;0;8;0;1;1;A01
201200009833;0;7;0;0;2;3;17;A01
201200009833;0;14;0;0;2;3;1;B02
201200009834;0;7;0;16;0;9;1;A01
201200009835;0;7;0;8;0;3;1;A01
201200009836;0;7;0;0;1;1;1;A01
201200009837;0;7;0;0;2;3;1;B02
201200009837;0;7;0;12;2;2;13;A01
201200009838;0;99;0;16;0;9;13;A01
201200009839;0;36;0;16;0;7;1;A01
201200009840;0;7;0;0;2;1;1;B02
201200009840;0;7;0;3;2;8;19;A01
201200009841;0;7;0;0;2;2;17;A01
201200009841;0;31;0;0;2;8;15;B02
201200009842;0;30;0;0;2;1;13;B02
201200009842;0;7;0;0;2;3;1;A01
201200009843;0;7;0;0;2;7;15;A01
201200009843;0;2;0;0;2;1;1;B02
201200009844;0;7;0;8;0;9;17;A01
201200009845;0;7;0;0;2;1;19;A01
201200009845;0;33;0;0;0;7;1;B02
201200009846;0;15;0;0;2;3;1;B02
201200009846;0;7;0;0;2;8;19;A01
201200009847;0;33;0;0;0;0;1;A01
201200009848;0;7;0;0;2;7;1;B02
201200009848;0;30;0;0;2;1;9;A01
201200009849;0;7;0;0;0;9;1;A01
201200009850;0;33;0;0;9;1;1;A01
201200009851;0;7;0;6;0;1;1;A01
201200009852;0;7;0;0;2;8;15;B02
201200009852;0;33;0;0;2;2;17;A01
201200009853;0;7;0;2;0;8;13;A01
201200009854;0;10;0;0;2;3;2;A01
201200009854;0;7;0;13;2;1;1;C03
201200009854;0;7;0;13;2;5;13;B02
201200009855;0;7;0;0;1;1;1;A01
201200009856;0;10;0;0;0;9;1;A01
201200009857;0;7;0;13;0;3;1;A01
201200009858;0;7;0;0;2;2;1;A01
201200009858;0;7;0;0;2;3;15;B02
201200009859;0;7;0;13;0;2;1;A01
201200009860;0;14;0;0;2;1;1;A01
201200009860;0;7;0;0;2;1;13;B02
201200009861;0;7;0;0;2;1;13;B02
201200009861;0;15;0;0;2;3;1;A01
201200009862;0;7;0;0;2;3;1;B02
201200009862;0;7;0;0;2;1;1;A01
201200009863;0;7;0;0;2;3;13;A01
201200009863;0;10;0;0;2;3;1;B02
201200009864;0;17;0;0;2;1;13;A01
201200009864;0;17;0;0;2;3;1;B02
201200009865;0;2;0;12;0;1;1;A01
201200009866;0;7;0;0;1;8;1;A01
201200009867;0;33;0;13;0;1;1;A01
201200009868;0;30;0;0;0;7;14;A01
201200009869;0;10;0;2;0;2;14;A01
201200009870;0;7;0;0;6;3;13;A01
201200009871;0;7;0;0;2;5;1;B02
201200009871;0;7;0;0;2;1;2;A01
201200009872;0;10;0;0;2;3;1;B02
201200009872;0;2;0;0;2;1;19;A01
201200009873;0;10;0;0;2;5;1;A01
201200009873;0;31;0;0;2;1;2;B02
201200009874;0;7;0;0;2;3;13;A01
201200009874;0;7;0;0;2;3;1;B02
201200009875;0;7;0;8;0;3;13;A01
201200009876;0;10;0;13;0;9;1;A01
201200009877;0;7;0;15;0;1;1;A01
201200009878;0;13;0;13;0;2;1;A01
201200009879;0;7;0;0;2;7;1;A01
201200009879;0;7;0;8;2;1;1;B02
201200009880;0;7;0;2;0;1;1;A01
201200009881;0;7;0;6;0;1;1;A01
201200009882;0;7;0;14;0;1;2;A01
201200009882;0;21;0;0;0;4;23;B02
201200009883;0;7;0;0;0;1;1;B02
201200009883;0;7;0;0;0;2;19;A01
201200009884;0;7;0;0;2;3;6;A01
201200009884;0;7;0;0;0;1;1;B02
201200009885;0;7;0;0;2;1;1;A01
201200009885;0;7;0;0;2;7;19;B02
201200009886;0;21;0;0;0;6;1;B02
201200009886;0;7;0;0;2;2;13;A01
201200009887;0;7;0;0;2;2;15;A01
201200009887;0;7;0;0;2;3;1;B02
201200009888;0;7;0;0;0;1;1;B02
201200009888;0;7;0;5;0;7;17;A01
201200009889;0;7;0;0;9;1;1;B02
201200009889;0;1;0;0;2;1;19;A01
201200009890;0;7;0;0;2;3;13;A01
201200009890;0;7;0;0;2;3;1;B02
201200009890;0;7;0;0;9;1;1;C03
201200009891;0;7;0;2;0;8;2;A01
201200009892;0;7;0;0;2;3;9;A01
201200009892;0;13;0;0;2;3;5;C03
201200009892;0;7;0;0;2;2;1;B02
201200009893;0;7;0;0;4;3;1;A01
201200009893;0;39;0;0;4;2;1;C03
201200009893;0;7;0;0;4;5;1;B02
201200009894;0;7;0;0;2;1;1;A01
201200009894;0;7;0;0;2;1;11;B02
201200009895;0;7;0;0;2;1;19;B02
201200009895;0;7;0;0;2;7;1;A01
201200009896;0;10;0;0;2;2;19;A01
201200009896;0;7;0;0;2;2;1;B02
201200009897;0;7;0;16;0;9;1;A01
201200009898;0;30;0;0;0;0;1;A01
201200009899;0;7;0;0;0;7;1;B02
201200009899;0;10;0;0;2;1;1;A01
201200009900;0;31;0;0;2;1;1;B02
201200009900;0;7;0;0;0;7;19;A01
201200009901;1;10;0;0;1;3;1;A01
201200009902;0;7;0;0;2;1;1;B02
201200009902;0;7;0;0;2;2;1;A01
201200009903;0;14;0;0;2;1;1;B02
201200009903;0;7;0;0;2;1;1;A01
201200009904;0;7;0;0;2;1;1;A01
201200009904;0;1;0;0;2;8;15;B02
201200009905;0;7;0;0;2;3;13;A01
201200009905;0;17;0;0;2;8;1;B02
201200009906;0;30;0;0;2;8;19;A01
201200009906;0;34;0;0;2;1;1;B02
201200009907;0;7;0;16;6;9;21;A01
201200009908;0;7;0;0;0;3;15;A01
201200009908;0;33;0;0;2;1;21;B02
201200009909;0;30;0;13;0;3;1;A01
201200009910;0;33;0;13;0;7;0;A01
201200009911;0;7;0;0;0;0;1;A01
201200009912;0;7;0;0;2;9;2;B02
201200009912;0;7;0;0;2;1;2;C03
201200009912;0;7;0;0;2;4;2;A01
201200009913;0;7;0;0;2;1;1;B02
201200009913;0;7;0;0;2;3;19;A01
201200009914;0;7;0;6;0;3;1;A01
201200009915;0;7;0;2;6;3;1;A01
201200009916;0;7;0;2;0;7;1;A01
201200009917;0;7;0;0;1;7;1;A01
201200009918;0;31;0;0;0;7;1;A01
201200009919;0;2;0;0;2;1;1;A01
201200009919;0;10;0;1;2;3;1;B02
201200009920;0;15;0;0;1;1;1;A01
201200009921;0;7;0;6;0;7;1;A01
201200009922;0;31;0;15;0;1;1;A01
201200009923;0;7;0;0;2;1;1;B02
201200009923;0;7;0;0;2;3;19;A01
201200009924;0;7;0;16;0;9;0;A01
201200009925;0;7;0;2;0;8;1;A01
201200009926;0;7;0;0;1;2;1;A01
201200009927;0;7;0;0;0;2;0;B02
201200009927;0;7;0;0;0;1;13;A01
201200009928;0;33;0;0;2;1;1;A01
201200009928;0;7;0;0;2;6;19;B02
201200009929;0;7;0;0;0;9;13;A01
201200009930;0;10;0;2;0;1;13;A01
201200009931;0;15;0;0;0;0;14;A01
201200009932;0;7;0;0;2;3;13;A01
201200009932;0;15;0;0;2;3;1;B02
201200009933;0;30;0;0;0;7;1;A01
201200009934;0;7;0;0;2;1;13;A01
201200009934;0;7;0;0;2;1;1;B02
201200009935;0;1;0;0;0;4;13;B02
201200009935;0;10;0;0;2;2;17;A01
201200009936;0;7;0;0;2;8;19;B02
201200009936;0;7;0;0;2;1;1;A01
201200009937;0;7;0;8;0;1;13;A01
201200009938;0;7;0;0;0;9;1;A01
201200009939;0;15;0;8;0;0;14;A01
201200009940;0;7;0;0;0;3;13;A01
201200009940;0;17;0;0;0;3;1;B02
201200009941;0;7;0;0;2;3;1;B02
201200009941;0;7;0;0;2;1;13;A01
201200009942;0;1;0;0;2;3;1;B02
201200009942;0;38;0;0;2;2;16;A01
201200009943;0;7;0;0;2;1;1;B02
201200009943;0;7;0;0;2;2;1;A01
201200009944;0;7;0;0;2;1;15;A01
201200009944;0;2;0;0;2;1;1;B02
201200009945;0;15;0;0;2;2;1;A01
201200009945;0;7;0;0;2;2;1;B02
201200009946;0;14;0;0;2;3;15;A01
201200009946;0;7;0;6;2;6;1;B02
201200009947;0;7;0;0;2;3;1;A01
201200009947;0;7;0;0;2;3;0;B02
201200009948;0;7;0;0;1;2;1;A01
201200009949;0;7;0;0;1;3;1;A01
201200009950;0;7;0;0;2;3;13;A01
201200009950;0;7;0;0;2;3;1;B02
201200009951;0;7;0;0;1;1;1;A01
201200009952;0;38;0;8;1;7;20;A01
201200009953;0;7;0;0;2;2;1;B02
201200009953;0;30;0;0;2;8;19;A01
201200009954;0;30;0;8;0;1;1;A01
201200009955;0;7;0;0;0;1;1;A01
201200009956;0;7;0;0;0;0;1;A01
201200009957;0;30;0;0;2;1;1;A01
201200009957;0;7;0;0;2;7;19;B02
201200009958;0;7;0;13;0;1;1;A01
201200009959;0;7;0;0;2;1;0;A01
201200009959;0;31;0;0;2;1;13;B02
201200009960;0;10;0;6;0;2;0;A01
201200009961;0;7;0;0;2;6;1;B02
201200009961;0;7;0;0;2;4;1;C03
201200009961;0;7;0;0;2;1;1;A01
201200009962;0;7;0;0;2;1;15;A01
201200009962;0;1;0;0;0;8;17;B02
201200009963;0;7;0;0;0;3;0;B02
201200009963;0;7;0;0;0;1;13;A01
201200009964;0;33;0;16;0;7;1;A01
201200009965;0;7;0;0;2;1;0;B02
201200009965;0;30;0;0;2;1;0;A01
201200009966;0;7;0;0;2;7;1;B02
201200009966;0;35;0;0;2;1;1;A01
201200009967;0;33;0;6;0;2;1;A01
201200009968;0;7;0;0;2;3;1;B02
201200009968;0;7;0;0;2;1;15;A01
201200009969;0;7;0;0;2;8;1;B02
201200009969;0;10;0;0;2;2;1;A01
201200009970;0;7;0;2;0;8;14;A01
201200009971;0;15;0;0;2;2;21;A01
201200009971;0;7;0;0;2;4;23;B02
201200009972;0;7;0;0;2;1;1;A01
201200009972;0;7;0;0;2;3;1;B02
201200009973;0;7;0;6;0;3;1;A01
201200009974;0;14;0;0;1;6;1;B02
201200009974;0;7;0;0;2;2;2;A01
201200009975;0;7;0;0;2;3;1;A01
201200009975;0;3;0;0;2;2;19;B02
201200009976;0;7;0;0;2;3;15;A01
201200009976;0;33;0;0;2;1;1;B02
201200009977;0;7;0;0;9;3;15;A01
201200009977;0;1;0;0;2;1;1;B02
201200009978;0;7;0;6;0;1;1;A01
201200009979;0;1;0;0;2;1;1;A01
201200009979;0;7;0;0;9;6;1;B02
201200009980;0;15;0;0;2;1;1;B02
201200009980;0;7;0;0;0;3;1;A01
201200009981;0;2;0;0;2;1;2;A01
201200009981;0;7;0;0;2;3;15;B02
201200009982;0;10;0;0;2;1;1;B02
201200009982;0;7;0;0;2;8;19;A01
201200009983;0;33;0;0;2;8;21;A01
201200009984;0;7;0;0;1;1;1;A01
201200009985;0;7;0;2;0;1;1;A01
201200009986;0;7;0;2;0;8;0;A01
201200009987;0;7;0;0;2;6;15;C03
201200009987;0;7;0;0;2;1;17;A01
201200009987;0;7;0;0;2;3;1;B02
201200009988;0;7;0;0;1;2;1;A01
201200009989;0;7;0;6;0;8;1;B02
201200009989;0;7;0;6;0;1;1;A01
201200009990;0;7;0;0;2;1;0;B02
201200009990;0;7;0;0;2;5;1;A01
201200009991;0;14;0;0;2;7;15;B02
201200009991;0;14;0;0;2;3;1;A01
201200009992;0;33;0;0;0;0;1;A01
201200009993;0;30;0;0;2;1;2;A01
201200009993;0;7;0;0;2;3;2;B02
201200009994;0;7;0;0;2;3;0;B02
201200009994;0;32;0;0;2;1;5;A01
201200009995;0;7;0;0;2;0;1;C03
201200009995;0;7;0;0;2;1;14;A01
201200009995;0;7;0;0;2;1;1;B02
201200009996;0;7;0;15;0;1;0;A01
201200009997;0;31;0;0;1;1;1;A01
201200009998;0;7;0;6;0;3;0;A01
201200009999;0;33;0;0;2;7;17;A01
201200009999;0;17;0;0;2;8;15;B02
201200010000;0;7;0;0;2;1;1;B02
201200010000;0;7;0;0;2;1;1;A01
201200010001;0;7;0;0;2;8;19;A01
201200010001;0;7;0;0;2;1;1;B02
201200010002;0;7;0;0;2;1;10;A01
201200010002;0;10;0;0;2;1;1;B02
201200010003;0;7;0;0;2;5;15;A01
201200010003;0;30;0;0;2;1;1;B02
201200010004;0;7;0;0;2;2;15;A01
201200010004;0;2;0;0;2;1;1;B02
201200010005;0;10;0;0;0;2;19;A01
201200010005;0;7;0;0;0;1;1;B02
201200010006;0;7;0;13;0;1;17;A01
201200010007;0;7;0;0;2;1;13;A01
201200010007;0;7;0;0;2;1;1;B02
201200010008;0;10;0;0;2;3;0;B02
201200010008;0;7;0;0;2;3;1;A01
201200010009;0;33;0;0;2;2;1;B02
201200010009;0;30;0;0;2;1;15;A01
201200010010;0;33;0;0;0;9;1;A01
201200010011;0;10;0;0;2;5;1;B02
201200010011;0;33;0;0;2;1;19;A01
201200010012;0;2;0;0;2;3;1;A01
201200010012;0;7;0;0;2;3;1;B02
201200010013;0;7;0;0;2;3;13;A01
201200010013;0;7;0;0;2;3;1;B02
201200010014;0;33;0;2;0;2;1;A01
201200010015;0;33;0;12;0;1;14;A01
201200010016;0;7;0;0;2;3;13;A01
201200010016;0;7;0;0;2;3;1;B02