num_acc;senc;catv;occutc;obs;obsm;choc;manv;num_veh
201200010017;0;10;0;2;0;3;13;A01
201200010018;0;7;0;0;1;1;16;A01
201200010019;0;7;0;8;0;2;1;A01
201200010020;0;7;0;13;0;2;1;A01
201200010021;0;7;0;2;0;8;1;A01
201200010022;0;7;0;8;0;7;1;A01
201200010023;0;7;0;13;0;9;1;A01
201200010024;0;7;0;0;6;2;1;B02
201200010024;0;7;0;0;6;3;1;A01
201200010025;0;7;0;13;0;1;13;A01
201200010026;0;7;0;0;2;2;19;A01
201200010026;0;7;0;0;2;3;1;B02
201200010027;0;7;0;0;1;3;1;A01
201200010028;0;7;0;6;0;1;13;A01
201200010029;0;7;0;0;2;8;15;A01
201200010029;0;2;0;0;2;9;17;B02
201200010030;0;7;0;0;2;6;15;A01
201200010030;0;33;0;0;2;1;13;B02
201200010031;0;7;0;13;0;1;1;A01
201200010032;0;7;0;0;2;7;19;A01
201200010032;0;7;0;0;2;1;1;B02
201200010033;0;33;0;6;0;1;1;A01
201200010034;0;1;0;0;2;4;23;B02
201200010034;0;10;0;0;2;5;16;A01
201200010035;0;7;0;0;2;2;17;A01
201200010035;0;1;0;0;2;6;2;B02
201200010036;0;7;0;0;2;7;19;B02
201200010036;0;7;0;0;2;1;1;A01
201200010037;0;7;0;2;0;8;17;A01
201200010038;0;10;0;0;2;1;13;A01
201200010038;0;7;0;0;2;3;1;B02
201200010039;0;7;0;8;0;8;1;A01
201200010040;0;7;0;13;2;3;13;A01
201200010040;0;7;0;0;2;2;1;B02
201200010041;0;15;0;0;2;2;17;B02
201200010041;0;10;0;0;2;6;13;A01
201200010042;0;7;0;13;0;3;1;A01
201200010043;0;15;0;0;2;4;23;C03
201200010043;0;17;0;0;2;1;1;A01
201200010043;0;10;0;0;2;4;23;B02
201200010044;0;7;0;2;0;1;1;A01
201200010045;0;31;0;0;1;1;1;A01
201200010046;0;33;0;16;0;2;1;A01
201200010047;0;7;0;0;1;6;4;A01
201200010048;0;31;0;14;0;6;1;A01
201200010049;0;13;0;13;2;3;15;B02
201200010049;0;10;0;0;2;8;17;A01
201200010050;0;1;0;0;2;1;18;A01
201200010050;0;1;0;0;2;1;14;B02
201200010051;0;7;0;13;0;2;13;A01
201200010052;0;33;0;0;6;1;1;A01
201200010053;0;7;0;6;0;3;1;A01
201200010054;0;14;0;0;2;8;2;B02
201200010054;0;32;0;0;2;1;2;A01
201200010055;0;7;0;13;0;9;1;A01
201200010056;0;7;0;13;0;1;1;A01
201200010057;0;7;0;2;0;3;1;A01
201200010058;0;7;0;0;2;1;1;B02
201200010058;0;7;0;0;2;3;1;C03
201200010058;0;7;0;0;2;3;13;A01
201200010059;0;17;0;0;2;2;1;B02
201200010059;0;7;0;0;2;2;13;A01
201200010060;0;7;0;13;0;1;1;A01
201200010061;0;33;0;16;0;7;1;A01
201200010062;0;7;0;13;0;2;14;A01
201200010063;0;7;0;13;0;1;1;A01
201200010064;0;36;0;2;0;1;1;A01
201200010065;0;7;0;13;0;1;14;A01
201200010066;0;7;0;8;0;1;1;A01
201200010067;0;10;0;13;0;8;13;A01
201200010068;0;3;0;0;2;2;19;A01
201200010068;0;30;0;0;2;1;21;B02
201200010069;0;31;0;0;2;2;17;A01
201200010069;0;2;0;0;0;6;15;B02
201200010070;0;7;0;0;2;3;1;B02
201200010070;0;3;0;0;2;3;1;A01
201200010071;0;10;0;0;1;4;4;A01
201200010072;0;7;0;0;2;3;11;A01
201200010072;0;7;0;0;2;3;1;B02
201200010073;0;2;0;0;2;1;1;A01
201200010073;0;7;0;0;2;1;1;B02
201200010074;0;33;0;0;2;2;17;A01
201200010074;0;10;0;0;2;3;15;B02
201200010075;0;7;0;2;0;7;1;A01
201200010076;0;7;0;13;0;9;1;A01
201200010077;0;7;0;6;0;2;1;A01
201200010078;0;10;0;0;6;1;1;A01
201200010079;0;7;0;0;2;3;13;A01
201200010079;0;7;0;0;2;3;0;B02
201200010080;0;7;0;16;0;1;1;A01
201200010081;0;7;0;0;1;2;1;A01
201200010082;0;32;0;16;0;8;14;A01
201200010083;0;30;0;0;0;4;1;A01
201200010084;0;7;0;8;0;1;13;A01
201200010085;0;33;0;8;0;1;1;A01
201200010086;0;7;0;0;2;7;15;A01
201200010086;0;33;0;0;2;1;1;B02
201200010087;0;7;0;0;2;3;1;A01
201200010087;0;7;0;0;2;3;1;B02
201200010088;0;7;0;13;0;9;14;A01
201200010089;0;10;0;0;2;7;13;A01
201200010089;0;10;0;0;2;3;1;B02
201200010090;0;33;0;0;2;1;1;B02
201200010090;0;7;0;0;2;5;15;A01
201200010090;0;7;0;0;2;3;23;C03
201200010091;0;7;0;0;2;3;15;B02
201200010091;0;30;0;0;2;1;1;A01
201200010092;0;7;0;2;0;1;13;A01
201200010093;0;33;0;0;2;1;1;B02
201200010093;0;7;0;0;2;3;15;A01
201200010094;0;7;0;1;1;3;1;A01
201200010095;0;33;0;0;2;3;1;B02
201200010095;0;7;0;0;2;7;1;A01
201200010096;0;7;0;0;2;7;17;A01
201200010096;0;7;0;0;2;8;1;B02
201200010097;0;10;0;0;0;1;1;A01
201200010098;0;7;0;0;1;3;1;A01
201200010099;0;7;0;0;2;3;1;A01
201200010099;0;7;0;0;2;2;19;B02
201200010100;0;7;0;13;0;2;1;A01
201200010101;0;7;0;1;0;2;1;A01
201200010102;0;33;0;0;0;1;1;A01
201200010103;0;33;0;0;2;3;1;A01
201200010103;0;7;0;0;2;8;15;B02
201200010104;0;7;0;2;0;1;1;A01
201200010105;0;7;0;0;9;5;16;A01
201200010105;0;1;0;0;2;1;1;B02
201200010106;0;33;0;0;2;1;17;A01
201200010106;0;7;0;0;2;8;15;B02
201200010107;0;7;0;0;2;8;19;A01
201200010107;0;10;0;0;2;1;1;B02
201200010108;0;2;0;0;2;1;13;B02
201200010108;0;7;0;0;2;3;1;A01
201200010109;0;7;0;0;0;0;15;C03
201200010109;0;7;0;0;2;4;23;B02
201200010109;0;33;0;0;2;1;1;A01
201200010110;0;7;0;13;0;1;1;A01
201200010110;0;7;0;0;0;0;1;B02
201200010111;0;1;0;0;2;4;1;B02
201200010111;0;10;0;0;2;2;1;A01
201200010112;0;32;0;0;2;1;1;B02
201200010112;0;7;0;0;2;3;19;A01
201200010113;0;31;0;0;2;1;1;A01
201200010113;0;7;0;0;2;3;15;B02
201200010114;0;33;0;0;0;8;0;A01
201200010114;0;7;0;0;0;3;17;B02
201200010115;0;7;0;0;2;8;19;A01
201200010115;0;7;0;0;2;1;1;B02
201200010116;0;7;0;6;0;1;1;A01
201200010117;0;7;0;7;2;6;1;B02
201200010117;0;10;0;0;2;1;19;A01
201200010118;0;7;0;6;0;1;1;A01
201200010119;0;7;0;0;2;1;13;A01
201200010119;0;20;0;0;2;3;1;B02
201200010120;0;15;0;0;2;6;1;A01
201200010120;0;7;0;0;2;3;1;B02
201200010121;0;7;0;0;1;2;1;A01
201200010122;0;7;0;13;0;1;1;A01
201200010123;0;7;0;2;2;3;1;B02
201200010123;0;7;0;0;2;3;6;A01
201200010124;0;7;0;0;1;3;1;A01
201200010125;0;10;0;0;1;6;4;A01
201200010126;0;7;0;0;2;1;1;B02
201200010126;0;7;0;0;2;3;13;A01
201200010127;0;33;0;0;2;1;1;B02
201200010127;0;7;0;0;2;3;19;A01
201200010128;0;33;0;6;0;2;21;A01
201200010129;0;7;0;2;0;1;13;A01
201200010130;0;3;0;0;2;1;1;B02
201200010130;0;7;0;0;2;1;1;C03
201200010130;0;7;0;0;2;2;13;A01
201200010131;0;7;0;8;0;2;13;A01
201200010132;0;30;0;0;2;3;19;A01
201200010132;0;7;0;0;2;1;1;B02
201200010133;0;7;0;0;2;3;1;B02
201200010133;0;7;0;0;2;3;13;A01
201200010134;0;33;0;8;0;8;1;A01
201200010135;0;2;0;0;0;1;1;A01
201200010136;0;13;0;2;0;2;1;A01
201200010137;0;7;0;0;4;8;1;A01
201200010137;0;39;25;0;2;1;0;B02
201200010138;0;7;0;0;2;8;19;A01
201200010138;0;33;0;0;2;1;1;B02
201200010139;0;7;0;0;0;7;1;B02
201200010139;0;7;0;0;2;1;1;A01
201200010140;0;7;0;15;2;1;1;B02
201200010140;0;7;0;15;2;2;19;A01
201200010141;0;7;0;6;2;3;13;A01
201200010141;0;7;0;0;2;3;1;B02
201200010142;0;7;0;0;1;3;15;A01
201200010143;0;33;0;0;2;8;1;B02
201200010143;0;7;0;0;2;3;16;A01
201200010144;0;7;0;2;0;0;0;A01
201200010145;0;7;0;0;2;1;1;B02
201200010145;0;10;0;0;2;1;19;A01
201200010146;0;10;0;0;0;0;1;A01
201200010146;0;1;0;0;9;0;0;B02
201200010147;0;7;0;0;1;2;21;A01
201200010148;0;7;0;0;2;1;1;B02
201200010148;0;7;0;0;2;3;10;A01
201200010149;0;7;0;0;0;4;1;A01
201200010149;0;2;0;0;2;1;1;B02
201200010150;1;7;0;0;1;1;1;A01
201200010151;0;20;0;0;2;3;1;A01
201200010151;0;7;0;0;2;1;1;B02
201200010152;0;33;0;0;2;1;1;A01
201200010152;0;10;0;0;2;3;15;B02
201200010153;0;10;0;16;0;3;1;A01
201200010154;0;10;0;0;2;3;1;A01
201200010154;0;10;0;0;2;1;5;B02
201200010155;0;33;0;0;0;7;1;B02
201200010155;0;7;0;0;0;2;15;A01
201200010156;0;7;0;0;0;2;19;B02
201200010156;0;2;0;0;2;1;1;A01
201200010157;0;7;0;6;2;5;0;B02
201200010157;0;7;0;0;2;1;1;A01
201200010158;0;7;0;8;0;1;0;A01
201200010159;0;7;0;13;0;1;1;A01
201200010160;0;10;0;0;2;1;1;B02
201200010160;0;7;0;0;2;4;15;A01
201200010160;0;7;0;0;2;1;1;C03
201200010161;0;7;0;3;0;7;1;A01
201200010162;0;7;0;13;0;9;1;A01
201200010163;0;7;0;6;0;1;1;A01
201200010164;0;7;0;0;2;2;15;A01
201200010164;0;2;0;0;2;8;1;B02
201200010165;0;10;0;0;2;3;1;B02
201200010165;0;7;0;0;2;2;1;A01
201200010166;0;7;0;0;2;1;15;A01
201200010166;0;7;0;0;2;1;15;B02
201200010167;0;10;0;0;1;1;1;A01
201200010168;0;7;0;0;1;3;1;A01
201200010169;0;2;0;0;2;1;15;A01
201200010169;0;38;1;0;2;3;1;B02
201200010170;0;7;0;0;2;3;15;A01
201200010170;0;33;0;0;2;1;1;B02
201200010171;0;14;0;0;1;1;14;A01
201200010172;0;7;0;0;2;1;1;A01
201200010172;0;7;0;0;2;1;1;B02
201200010173;0;7;0;13;0;7;1;A01
201200010174;0;2;0;0;2;2;1;B02
201200010174;0;7;0;0;2;3;16;A01
201200010175;0;7;0;15;0;5;1;A01
201200010176;0;7;0;0;2;2;1;A01
201200010176;0;1;0;0;2;3;15;B02
201200010177;0;21;0;0;1;3;1;A01
201200010178;0;30;0;4;0;1;17;A01
201200010179;0;7;0;1;0;3;13;A01
201200010179;0;7;0;0;2;3;24;B02
201200010180;0;7;0;0;2;4;15;A01
201200010180;0;7;0;0;2;1;1;B02
201200010181;0;7;0;7;0;1;21;A01
201200010182;0;7;0;0;2;3;13;A01
201200010182;0;7;0;0;2;3;21;B02
201200010183;0;2;0;0;0;8;1;A01
201200010184;0;30;0;16;0;0;1;A01
201200010185;0;7;0;8;0;8;1;A01
201200010186;0;7;0;6;0;1;13;A01
201200010187;0;7;0;0;0;8;19;A01
201200010187;0;7;0;0;0;1;1;B02
201200010188;0;33;0;0;0;1;1;A01
201200010189;0;7;0;0;2;3;1;C03
201200010189;0;7;0;0;2;3;13;A01
201200010189;0;17;0;0;2;8;1;B02
201200010190;0;33;0;13;0;1;13;A01
201200010191;0;7;0;0;2;1;17;A01
201200010191;0;7;0;0;2;8;15;B02
201200010192;0;17;0;6;2;1;13;A01
201200010192;0;1;0;6;2;1;1;C03
201200010192;0;7;0;6;2;2;1;B02
201200010193;0;7;0;8;0;1;1;A01
201200010194;0;7;0;0;2;1;23;C03
201200010194;0;33;0;0;2;1;1;B02
201200010194;0;7;0;0;2;1;15;A01
201200010195;0;2;0;0;1;1;1;A01
201200010196;0;7;0;0;1;3;1;A01
201200010197;0;7;0;8;0;1;1;A01
201200010198;0;1;0;0;2;1;13;A01
201200010198;0;7;0;0;2;2;1;B02
201200010199;0;2;0;0;2;2;1;A01
201200010199;0;7;0;0;2;2;1;B02
201200010200;0;7;0;0;9;2;1;A01
201200010200;0;1;0;0;0;4;1;B02
201200010201;0;7;0;2;0;1;14;A01
201200010202;0;7;0;0;2;3;13;A01
201200010202;0;7;0;0;2;3;1;B02
201200010203;0;30;0;8;0;1;1;A01
201200010204;0;7;0;0;2;3;13;A01
201200010204;0;7;0;0;2;3;1;B02
201200010205;0;7;0;6;0;1;19;A01
201200010206;0;7;0;8;0;9;1;A01
201200010207;0;7;0;6;0;1;1;A01
201200010208;0;7;0;14;0;1;1;A01
201200010209;0;7;0;0;2;1;5;A01
201200010209;0;7;0;0;2;1;1;B02
201200010210;0;7;0;2;0;3;13;A01
201200010211;0;7;0;13;0;2;21;A01
201200010212;0;14;0;0;2;2;1;C03
201200010212;0;10;0;0;2;1;13;A01
201200010212;0;10;0;0;2;1;1;B02
201200010213;0;33;0;13;0;7;1;A01
201200010214;0;7;0;13;0;1;1;A01
201200010215;0;7;0;0;2;1;1;B02
201200010215;0;7;0;0;2;1;13;A01
201200010216;0;31;0;13;0;3;13;A01
201200010217;0;7;0;0;2;8;1;B02
201200010217;0;7;0;0;2;1;19;A01
201200010218;0;38;40;13;0;7;14;A01
201200010219;0;7;0;0;2;1;19;A01
201200010219;0;7;0;0;2;3;1;B02
201200010220;0;17;0;0;2;1;1;B02
201200010220;0;7;0;0;2;7;19;A01
201200010221;0;33;0;13;0;1;1;A01
201200010222;0;7;0;0;2;8;1;B02
201200010222;0;7;0;0;2;6;13;A01
201200010223;0;7;0;4;0;3;1;A01
201200010224;0;30;0;0;5;1;1;A01
201200010225;0;7;0;8;0;8;1;A01
201200010226;0;33;0;0;9;7;1;A01
201200010227;0;33;0;6;0;1;1;A01
201200010228;0;7;0;13;0;1;1;A01
201200010229;0;7;0;0;2;3;13;A01
201200010229;0;7;0;0;2;6;1;B02
201200010230;0;7;0;2;0;6;1;A01
201200010231;0;7;0;0;0;4;15;A01
201200010231;0;7;0;0;2;1;1;B02
201200010232;0;7;0;2;0;3;13;A01
201200010233;0;2;0;0;2;1;0;A01
201200010233;0;7;0;0;2;3;17;B02
201200010234;0;30;0;0;2;2;17;A01
201200010234;0;7;0;0;2;3;15;B02
201200010235;1;7;0;0;0;0;0;A01
201200010236;0;7;0;0;2;8;19;A01
201200010236;0;10;0;0;2;2;1;B02
201200010237;0;7;0;2;0;1;13;A01
201200010238;0;7;0;2;0;3;13;A01
201200010239;0;7;0;0;0;1;1;A01
201200010240;0;7;0;13;0;1;14;A01
201200010241;0;7;0;0;0;3;13;A01
201200010241;0;7;0;0;0;3;1;B02
201200010242;0;10;0;0;1;2;14;A01
201200010243;0;31;0;0;0;2;13;A01
201200010243;0;7;0;0;2;3;21;B02
201200010244;0;7;0;6;0;8;1;A01
201200010245;0;7;0;13;0;3;1;A01
201200010246;0;15;0;0;1;1;16;A01
201200010247;0;10;0;0;2;1;1;A01
201200010247;0;10;0;0;2;1;1;B02
201200010248;0;33;0;0;2;1;2;A01
201200010248;0;7;0;0;0;0;2;B02
201200010249;0;7;0;0;0;0;16;A01
201200010249;0;1;0;0;0;0;18;B02
201200010250;0;7;0;13;0;1;1;A01
201200010251;0;7;0;0;1;3;1;A01
201200010252;0;7;0;0;2;1;1;B02
201200010252;0;7;0;0;2;1;1;A01
201200010253;0;10;0;0;2;7;1;A01
201200010253;0;10;0;0;2;1;1;B02
201200010254;0;7;0;13;0;3;1;A01
201200010255;0;7;0;0;2;4;2;B02
201200010255;0;32;0;0;2;1;2;A01
201200010256;0;7;0;0;2;1;1;A01
201200010256;0;2;0;0;2;4;1;B02
201200010257;0;14;0;0;2;2;2;A01
201200010257;0;14;0;0;0;6;1;B02
201200010258;0;31;0;0;2;7;15;A01
201200010258;0;30;0;0;2;1;1;B02
201200010259;0;7;0;0;2;8;15;B02
201200010259;0;7;0;0;2;2;1;A01
201200010260;0;30;0;1;0;1;1;A01
201200010261;0;7;0;16;0;1;15;A01
201200010262;0;7;0;0;0;3;9;B02
201200010262;0;30;0;0;0;5;1;A01
201200010263;0;7;0;0;2;0;1;D01
201200010263;0;7;0;0;2;2;1;B01
201200010263;0;7;0;0;2;0;1;C01
201200010263;0;7;0;0;2;2;13;A01
201200010264;0;7;0;2;0;1;1;A01
201200010265;0;10;0;0;2;2;15;A01
201200010265;0;31;0;0;2;7;13;B02
201200010266;0;33;0;12;0;1;1;A01
201200010267;0;7;0;0;2;3;5;C03
201200010267;0;7;0;0;2;1;1;A01
201200010267;0;7;0;0;2;3;5;B02
201200010267;0;7;0;0;2;3;5;D04
201200010268;0;7;0;0;2;3;1;B02
201200010268;0;7;0;0;2;3;1;A01
201200010269;1;7;0;0;2;0;0;Z01
201200010269;0;7;0;0;9;2;0;B01
201200010269;0;7;0;0;2;3;1;A01
201200010270;1;10;0;0;0;0;0;Z01
201200010271;0;7;0;0;1;2;1;A01
201200010272;0;34;0;0;2;1;17;A01
201200010272;0;7;0;0;2;6;13;B01
201200010273;1;7;0;0;2;8;16;Z01
201200010273;0;30;0;0;2;7;1;A01
201200010273;0;7;0;0;2;4;15;B01
201200010274;0;32;0;0;2;8;1;A01
201200010274;1;30;0;0;0;0;0;Z01
201200010275;0;7;0;0;2;3;5;A01
201200010275;0;30;0;0;2;6;1;B01
201200010276;0;2;0;0;2;1;18;B01
201200010276;0;2;0;0;0;4;13;A01
201200010277;0;7;0;0;2;2;1;A01
201200010277;0;2;0;0;2;1;1;B01
201200010278;0;2;0;0;2;1;1;B01
201200010278;0;7;0;0;2;8;11;A01
201200010279;0;7;0;0;0;2;15;A01
201200010279;0;30;0;0;2;1;1;B01
201200010280;0;7;0;0;2;8;1;B01
201200010280;0;30;0;0;2;1;1;A01
201200010281;0;7;0;0;2;2;2;A01
201200010281;0;7;0;0;2;3;23;B01
201200010282;0;7;0;3;0;1;2;A01
201200010283;0;7;0;0;2;2;9;A01
201200010283;0;31;0;0;2;7;1;B01
201200010284;0;7;0;0;2;1;0;A01
201200010284;0;31;0;0;2;8;0;B01
201200010285;0;7;0;0;9;2;15;A01
201200010285;0;1;0;0;2;1;1;B01
201200010286;0;7;0;0;1;1;16;A01
201200010287;0;7;0;15;0;1;1;A01
201200010288;0;31;0;0;2;1;1;A01
201200010288;0;7;0;0;2;0;15;B01
201200010289;0;7;0;0;9;1;2;A01
201200010290;0;33;0;0;0;0;0;A01
201200010290;0;10;0;0;2;2;15;B01
201200010291;0;34;0;0;2;1;17;B01
201200010291;0;7;0;0;0;8;10;A01
201200010292;0;2;0;0;2;1;1;A01
201200010292;0;10;0;0;2;2;16;B01
201200010293;0;7;0;6;0;1;13;A01
201200010294;0;7;0;0;1;5;4;A01
201200010295;0;7;0;0;2;4;2;D01
201200010295;0;7;0;0;2;1;2;A01
201200010295;0;7;0;0;2;2;9;B01
201200010295;0;7;0;0;2;4;2;C01
201200010296;0;33;0;0;2;1;17;A01
201200010296;0;7;0;0;2;1;1;C01
201200010296;0;36;0;0;2;6;13;B01
201200010297;0;2;0;0;2;1;1;B01
201200010297;0;7;0;0;2;2;15;A01
201200010298;0;7;0;0;2;8;15;A01
201200010298;0;7;0;0;2;1;1;B01
201200010299;0;30;0;0;2;1;0;A01
201200010299;0;32;0;0;2;1;0;B01
201200010300;0;32;0;1;0;3;1;A01
201200010301;0;32;0;0;2;1;1;B01
201200010301;0;7;0;0;2;5;10;A01
201200010301;0;7;0;0;2;3;1;C01
201200010302;1;34;0;0;1;0;0;Z01
201200010303;0;30;0;0;0;1;0;A01
201200010304;0;33;0;0;0;6;1;B01
201200010304;0;7;0;0;2;3;15;A01
201200010305;0;7;0;0;1;4;23;B01
201200010305;0;7;0;0;2;1;1;A01
201200010306;0;7;0;0;2;1;2;A01
201200010306;0;7;0;0;1;4;2;B01
201200010307;0;7;0;8;1;1;0;A01
201200010308;0;7;0;0;2;3;13;A01
201200010308;0;32;0;0;2;7;17;B01
201200010309;0;7;0;6;0;1;2;A01
201200010310;0;7;0;0;2;1;2;A01
201200010310;0;7;0;0;0;4;2;B01
201200010311;0;7;0;0;1;3;1;A01
201200010312;0;37;0;0;1;3;1;A01
201200010313;0;7;0;0;2;1;15;A01
201200010313;0;32;0;0;2;7;17;B01
201200010314;0;7;0;0;2;7;1;B01
201200010314;0;33;0;0;2;7;5;A01
201200010315;0;7;0;0;2;1;1;A01
201200010315;0;7;0;0;0;4;1;B01
201200010316;0;33;0;0;2;5;17;B01
201200010316;0;7;0;0;2;3;6;A01
201200010317;0;7;0;0;1;1;1;A01
201200010318;0;7;0;0;1;3;1;B01
201200010319;2;7;0;0;2;1;9;A01
201200010319;0;10;0;0;2;7;1;B01
201200010320;1;7;0;0;2;3;13;Z01
201200010320;0;7;0;7;2;1;1;B01
201200010321;0;33;0;0;2;4;23;B01
201200010321;0;15;0;0;2;2;1;A01
201200010322;0;33;0;0;2;1;1;B01
201200010322;0;7;0;0;2;2;15;A01
201200010323;0;7;0;0;2;2;9;B01
201200010323;0;33;0;0;2;1;1;A01
201200010324;0;30;0;0;1;1;1;A01
201200010325;0;7;0;0;0;6;15;B01
201200010325;0;34;0;0;2;1;2;A01
201200010326;0;7;0;0;0;8;15;A01
201200010326;0;33;0;0;2;1;1;B01
201200010327;0;7;0;6;0;1;1;A01
201200010328;0;2;0;0;2;1;2;A01
201200010328;0;7;0;0;0;4;2;B01
201200010329;0;7;0;0;0;2;11;A01
201200010329;0;1;0;0;0;1;1;B01
201200010330;0;7;0;0;0;2;0;B01
201200010330;0;1;0;0;0;1;15;A01
201200010331;0;32;0;0;2;1;1;B01
201200010331;0;7;0;0;2;2;15;A01
201200010332;0;7;0;0;1;1;0;A01
201200010333;0;7;0;0;0;3;15;B01
201200010333;0;32;0;0;0;1;2;A01
201200010334;0;7;0;1;0;2;14;A01
201200010334;0;10;0;0;2;6;24;B01
201200010335;0;7;0;0;1;1;16;A01
201200010336;0;33;0;0;0;2;14;A01
201200010336;0;32;0;0;0;6;2;B01
201200010337;0;2;0;6;0;1;1;A01
201200010338;0;7;0;0;0;2;2;A01
201200010339;0;7;0;0;1;2;1;A01
201200010340;0;32;0;0;2;1;2;A01
201200010340;0;7;0;0;2;4;2;B01
201200010341;0;30;0;0;2;1;17;B01
201200010341;0;7;0;0;0;8;17;A01
201200010342;0;34;0;0;0;0;0;B01
201200010342;0;10;0;0;0;0;0;A01
201200010343;0;32;0;0;2;1;1;A01
201200010343;0;7;0;0;2;7;11;B01
201200010344;0;30;0;0;2;1;0;B01
201200010344;0;10;0;0;2;1;0;A01
201200010345;0;31;0;1;0;1;1;A01
201200010346;0;7;0;0;2;1;5;A01
201200010346;0;7;0;8;2;1;1;B01
201200010347;0;1;0;0;0;0;0;A01
201200010347;1;7;0;0;0;0;0;Z01
201200010348;0;7;0;0;0;7;1;B01
201200010348;0;2;0;0;2;1;1;A01
201200010349;0;30;0;0;2;0;0;A01
201200010349;0;7;0;0;2;0;0;B01
201200010350;0;30;0;0;2;1;0;A01
201200010350;0;10;0;0;2;2;0;B01
201200010351;0;7;0;0;1;3;0;A01
201200010352;0;7;0;0;1;2;9;A01
201200010353;0;7;0;0;1;2;9;A01
201200010354;0;14;0;1;1;2;1;A01
201200010355;0;7;0;0;1;1;1;A01
201200010356;0;7;0;0;0;0;0;A01
201200010356;0;30;0;0;0;0;0;B01
201200010357;0;7;0;0;2;3;10;A01
201200010357;0;33;0;0;2;1;17;B01
201200010358;0;32;0;0;2;1;1;A01
201200010358;0;7;0;0;2;3;9;B01
201200010359;0;33;0;0;2;1;1;B01
201200010359;0;7;0;0;2;7;15;A01
201200010360;0;7;0;0;2;8;15;B01
201200010360;0;31;0;0;2;2;2;A01
201200010361;0;2;0;0;2;1;1;A01
201200010361;0;7;0;0;2;3;20;B01
201200010362;0;7;0;0;0;2;1;A01
201200010363;0;14;0;6;0;8;16;A01
201200010364;1;7;0;0;1;1;1;Z01
201200010365;0;7;0;2;0;1;6;A01
201200010366;0;7;0;1;0;1;1;A01
201200010367;0;7;0;0;0;1;1;A01
201200010368;0;10;0;0;1;5;4;A01
201200010369;0;7;0;0;1;8;15;A01
201200010370;0;2;0;1;0;1;5;A01
201200010371;0;7;0;0;1;1;1;A01
201200010372;0;34;0;0;2;2;1;B01
201200010372;0;7;0;0;2;1;19;A01
201200010373;0;10;0;0;0;6;1;B01
201200010373;0;2;0;0;0;1;1;A01
201200010374;0;7;0;1;0;0;0;A01
201200010375;0;2;0;0;2;1;1;A01
201200010375;0;7;0;0;2;8;1;B01
201200010376;0;10;0;0;2;1;1;B01
201200010376;0;7;0;15;2;7;1;A01
201200010377;0;7;0;0;2;3;1;B01
201200010377;0;33;0;0;2;2;14;A01
201200010378;0;7;0;0;2;3;11;A01
201200010378;0;30;0;0;2;7;13;B01
201200010379;1;7;0;0;1;0;1;Z01
201200010380;0;7;0;0;1;2;1;A01
201200010381;0;7;0;16;0;0;1;A01
201200010382;0;7;0;0;2;1;5;A01
201200010382;0;7;0;0;2;1;1;B01
201200010383;0;7;0;0;2;4;2;B01
201200010383;0;7;0;0;2;1;2;A01
201200010384;0;7;0;0;1;1;15;A01
201200010385;0;7;0;0;2;1;12;A01
201200010386;0;30;0;0;2;1;1;B01
201200010386;0;10;0;0;2;7;15;A01
201200010387;0;37;1;0;2;3;15;A01
201200010387;0;30;0;0;2;1;1;B01
201200010388;0;10;0;0;2;1;2;A01
201200010388;0;33;0;0;2;4;2;B01
201200010389;0;7;0;0;2;3;1;A01
201200010389;0;30;0;0;2;4;1;B01
201200010390;1;7;0;0;1;0;1;Z01
201200010391;0;33;0;1;2;1;1;A01
201200010391;1;7;0;0;2;4;12;Z01
201200010392;0;31;0;0;1;3;1;A01
201200010393;0;10;0;0;1;1;1;A01
201200010394;0;7;0;0;2;4;23;B01
201200010394;0;7;0;0;2;4;23;C01
201200010394;0;7;0;0;2;1;2;A01
201200010395;0;7;0;0;0;0;5;A01
201200010395;0;32;0;0;0;0;1;B01
201200010396;0;13;0;0;2;7;9;A01
201200010397;0;7;0;0;2;4;23;B01
201200010397;0;7;0;0;2;1;2;A01
201200010398;0;7;0;0;2;1;2;A01
201200010398;0;7;0;0;2;4;23;B01
201200010399;0;33;0;0;1;7;1;A01
201200010400;0;7;0;0;2;3;15;A01
201200010400;0;33;0;0;2;7;13;B01
201200010401;0;30;0;0;2;1;1;B01
201200010401;0;7;0;0;2;2;15;A01
201200010402;0;7;0;0;2;2;22;B01
201200010402;0;30;0;0;2;1;14;A01
201200010403;0;7;0;0;1;1;16;A01
201200010403;0;7;0;0;2;1;2;B01
201200010404;0;7;0;0;2;1;2;A01
201200010404;0;31;0;0;2;4;2;B01
201200010405;0;7;0;0;2;1;9;A01
201200010405;0;32;0;0;2;7;1;B01
201200010406;0;33;0;0;1;1;13;A01
201200010407;0;32;0;0;2;1;1;B01
201200010407;0;7;0;0;2;2;15;A01
201200010408;0;3;0;0;2;5;9;A01
201200010408;0;33;0;0;2;1;1;B01
201200010409;0;33;0;0;2;1;2;A01
201200010409;0;7;0;0;2;6;2;B01
201200010410;0;10;0;0;1;1;1;A01
201200010411;1;10;0;0;1;0;0;Z01
201200010412;0;7;0;0;2;8;13;A01
201200010412;0;30;0;0;2;7;1;B01
201200010413;0;7;0;0;2;4;2;B01
201200010413;0;7;0;0;2;1;2;A01
201200010414;0;7;0;0;2;1;2;A01