num_acc;senc;catv;occutc;obs;obsm;choc;manv;num_veh
201200010414;0;7;0;0;2;4;2;B01
201200010414;0;7;0;0;2;4;2;C01
201200010415;0;31;0;0;2;1;1;B01
201200010415;0;7;0;0;2;1;15;A01
201200010416;0;7;0;0;2;2;15;A01
201200010416;0;2;0;0;2;1;1;B01
201200010417;0;30;0;0;2;1;18;B01
201200010417;0;7;0;0;2;2;16;A01
201200010418;0;10;0;0;2;1;15;A01
201200010418;0;31;0;0;2;8;1;B01
201200010419;0;7;0;0;2;1;15;A01
201200010419;0;10;0;0;2;1;1;B01
201200010420;0;30;0;0;2;6;13;B01
201200010420;0;7;0;0;2;3;15;A01
201200010421;0;32;0;0;2;8;1;B01
201200010421;0;7;0;0;2;1;15;A01
201200010422;0;2;0;0;1;0;1;A01
201200010423;0;7;0;0;2;2;15;A01
201200010423;0;7;0;0;2;1;1;C01
201200010423;0;33;0;0;2;8;1;B01
201200010424;1;7;0;0;2;0;0;Z01
201200010424;0;31;0;0;2;4;23;A01
201200010425;0;7;0;0;2;7;15;A01
201200010425;0;32;0;0;2;1;1;B01
201200010426;0;7;0;0;2;1;2;C01
201200010426;0;7;0;0;2;3;15;A01
201200010426;0;33;0;0;2;1;1;B01
201200010427;0;32;0;0;2;0;1;B01
201200010427;0;7;0;0;2;4;9;A01
201200010428;0;7;0;0;2;4;2;C01
201200010428;0;10;0;0;2;1;2;A01
201200010428;0;7;0;0;2;4;2;B01
201200010429;0;32;0;0;2;0;1;A01
201200010429;0;7;0;0;2;1;1;B01
201200010430;0;7;0;0;2;8;15;A01
201200010430;0;33;0;0;2;1;13;B01
201200010431;0;7;0;0;2;3;1;B01
201200010431;0;7;0;0;2;2;9;A01
201200010432;0;7;0;0;2;0;2;A01
201200010432;0;33;0;0;2;4;2;B01
201200010433;0;33;0;0;2;5;23;B01
201200010433;0;10;0;0;2;3;2;A01
201200010434;0;7;0;0;2;5;15;A01
201200010434;0;30;0;0;2;1;1;B01
201200010435;0;7;0;0;2;3;15;A01
201200010435;0;33;0;0;2;7;1;B01
201200010436;0;33;0;0;2;1;1;B01
201200010436;0;7;0;0;2;2;15;A01
201200010437;0;7;0;0;2;4;2;B01
201200010437;0;7;0;0;2;1;2;A01
201200010437;0;7;0;0;2;4;2;C01
201200010438;0;30;0;0;2;7;23;B01
201200010438;0;7;0;0;2;1;9;A01
201200010439;0;7;0;0;1;2;1;A01
201200010440;0;7;0;0;1;4;4;A01
201200010441;0;30;0;0;2;4;23;B01
201200010441;0;7;0;0;2;3;2;A01
201200010442;0;7;0;0;1;2;15;A01
201200010443;0;7;0;0;2;8;0;A01
201200010443;0;33;0;0;2;0;1;B01
201200010444;0;33;0;0;2;1;2;A01
201200010444;0;7;0;0;2;4;2;B01
201200010445;0;7;0;0;2;4;23;C01
201200010445;0;30;0;0;2;4;23;B01
201200010445;0;30;0;0;2;1;2;A01
201200010446;0;7;0;0;2;2;1;B01
201200010446;0;7;0;0;2;3;9;A01
201200010447;0;1;0;0;2;1;19;A01
201200010447;0;7;0;0;2;1;1;B01
201200010448;0;31;0;1;2;1;1;B01
201200010448;0;7;0;0;2;3;15;A01
201200010449;0;7;0;0;1;1;1;A01
201200010450;0;7;0;0;1;2;15;A01
201200010451;0;7;0;0;2;4;23;C01
201200010451;0;7;0;0;2;4;23;B01
201200010451;0;10;0;0;2;1;2;A01
201200010452;0;7;0;0;2;6;0;B01
201200010452;0;10;0;0;2;2;1;A01
201200010453;0;1;0;0;2;1;2;A01
201200010453;0;7;0;0;2;4;2;B01
201200010454;0;33;0;0;2;3;1;B01
201200010454;0;7;0;0;2;2;15;A01
201200010455;0;7;0;0;2;8;15;A01
201200010455;0;30;0;0;2;1;17;B01
201200010456;0;30;0;0;2;1;2;A01
201200010456;0;7;0;0;2;4;2;B01
201200010456;0;7;0;0;9;4;2;C01
201200010457;0;10;0;0;2;8;15;A01
201200010457;0;33;0;0;2;1;1;B01
201200010458;0;7;0;0;2;1;1;B01
201200010458;0;31;0;0;2;3;9;A01
201200010459;0;31;0;0;2;1;1;B01
201200010459;0;7;0;0;2;2;15;A01
201200010460;0;31;0;0;2;4;23;B01
201200010460;0;7;0;0;2;1;1;A01
201200010461;0;7;0;0;2;3;15;A01
201200010461;0;2;0;0;2;1;1;B01
201200010462;0;33;0;0;2;1;2;A01
201200010462;0;7;0;0;2;4;2;B01
201200010463;0;33;0;0;2;1;1;B01
201200010463;0;7;0;0;2;1;15;A01
201200010464;0;32;0;0;1;1;1;A01
201200010465;0;7;0;0;2;4;23;B01
201200010465;0;7;0;0;2;1;2;A01
201200010466;0;7;0;0;2;2;1;B01
201200010466;0;30;0;0;2;1;1;A01
201200010467;0;7;0;0;1;1;16;A01
201200010468;0;7;0;0;2;0;15;A01
201200010468;0;7;0;0;2;0;1;B01
201200010469;0;34;0;0;0;0;0;A01
201200010470;0;32;0;12;0;1;1;A01
201200010471;0;7;0;0;2;4;2;B01
201200010471;0;33;0;0;2;1;2;A01
201200010472;0;7;0;0;2;3;1;B01
201200010472;0;30;0;0;2;0;1;A01
201200010473;0;10;0;0;2;4;23;B01
201200010473;0;31;0;1;0;1;2;A01
201200010474;0;32;0;0;0;0;1;B01
201200010474;0;7;0;0;2;0;14;A01
201200010475;0;30;0;12;0;0;0;A01
201200010476;0;7;0;0;2;7;15;A01
201200010476;0;7;0;0;2;1;1;B01
201200010477;0;7;0;0;2;1;1;B01
201200010477;0;7;0;0;2;3;13;A01
201200010478;0;30;0;0;2;1;13;B01
201200010478;0;7;0;0;2;3;15;A01
201200010479;0;7;0;0;2;2;15;A01
201200010479;0;7;0;0;2;1;1;B01
201200010480;0;2;0;0;2;1;2;A01
201200010480;0;7;0;0;2;4;2;B01
201200010481;0;31;0;0;2;4;1;B01
201200010481;0;7;0;0;2;3;1;A01
201200010482;0;33;0;0;1;1;1;A01
201200010483;0;7;0;0;2;0;15;A01
201200010483;0;31;0;0;0;0;1;B01
201200010484;0;7;0;0;2;2;15;A01
201200010484;0;30;0;0;2;1;1;B01
201200010485;0;30;0;0;2;1;1;A01
201200010485;0;7;0;0;2;2;1;B01
201200010486;0;30;0;0;2;0;13;B01
201200010486;0;1;0;0;2;8;15;A01
201200010487;0;7;0;0;2;3;15;A01
201200010487;0;32;0;0;2;2;13;B01
201200010488;0;32;0;0;2;4;23;B01
201200010488;0;7;0;0;2;1;2;A01
201200010489;0;7;0;0;1;3;1;A01
201200010490;0;2;0;0;2;7;13;B01
201200010490;0;7;0;0;2;1;15;A01
201200010491;0;7;0;0;1;4;4;A01
201200010492;0;7;0;0;2;8;15;A01
201200010492;0;30;0;0;2;1;1;B01
201200010493;0;7;0;0;2;1;15;A01
201200010493;0;30;0;0;2;1;1;B01
201200010494;0;7;0;0;2;1;2;A01
201200010494;0;7;0;0;2;4;23;B01
201200010495;0;33;0;0;2;1;5;A01
201200010495;0;7;0;0;2;3;1;B01
201200010496;0;7;0;0;1;1;1;A01
201200010497;0;33;0;0;2;2;1;A01
201200010497;0;7;0;0;2;6;23;B01
201200010498;0;32;0;0;2;7;17;B01
201200010498;0;7;0;0;2;3;15;A01
201200010499;0;7;0;0;2;1;2;A01
201200010499;0;31;0;0;2;1;2;B01
201200010500;0;30;0;0;2;7;15;A01
201200010500;0;2;0;0;2;1;1;B01
201200010501;0;2;0;0;2;1;2;A01
201200010501;0;7;0;0;2;4;2;B01
201200010502;0;7;0;0;2;3;9;A01
201200010502;0;31;0;0;2;2;1;B01
201200010503;0;30;0;0;2;1;9;A01
201200010503;0;7;0;0;2;8;1;B01
201200010504;1;7;0;0;1;4;4;Z01
201200010505;0;7;0;0;2;3;16;A01
201200010505;0;1;0;0;2;4;16;B01
201200010506;0;7;0;0;2;1;2;A01
201200010506;0;7;0;0;2;4;2;B01
201200010506;0;7;0;0;2;4;2;C01
201200010507;0;7;0;0;2;1;2;A01
201200010507;0;7;0;0;2;4;2;B01
201200010508;0;30;0;0;1;1;13;A01
201200010509;0;7;0;0;2;1;2;A01
201200010509;0;7;0;0;2;4;23;B01
201200010510;0;7;0;0;2;3;1;A01
201200010511;0;1;0;0;2;0;1;A01
201200010512;0;10;0;0;2;1;2;A01
201200010512;0;7;0;0;2;4;23;C01
201200010512;0;7;0;0;2;4;23;B01
201200010513;0;7;0;0;2;3;15;A01
201200010513;0;30;0;0;2;1;1;B01
201200010514;0;31;0;0;2;4;23;B01
201200010514;0;10;0;0;2;2;2;A01
201200010515;0;7;0;0;2;1;2;A01
201200010515;0;7;0;0;2;4;2;B01
201200010516;0;30;0;0;2;7;0;A01
201200010516;0;7;0;0;2;0;0;B01
201200010517;0;7;0;0;2;4;2;B01
201200010517;0;10;0;0;2;1;2;A01
201200010518;0;7;0;0;2;1;1;B01
201200010518;0;7;0;0;2;8;15;A01
201200010519;0;30;0;0;2;0;1;A01
201200010519;0;7;0;0;2;2;1;B01
201200010520;0;7;0;0;2;1;2;A01
201200010520;0;7;0;0;2;4;2;B01
201200010521;0;7;0;0;2;3;1;B01
201200010521;0;30;0;0;2;1;17;A01
201200010522;0;30;0;0;2;7;1;B01
201200010522;0;7;0;0;2;3;9;A01
201200010523;0;7;0;0;1;0;16;A01
201200010524;0;7;0;0;2;1;2;A01
201200010524;0;10;0;0;2;4;2;B01
201200010525;0;7;0;0;2;3;1;B01
201200010525;0;7;0;0;2;3;13;A01
201200010526;0;30;0;0;2;2;17;B01
201200010526;0;7;0;0;2;6;20;A01
201200010527;0;7;0;0;2;4;23;C01
201200010527;0;7;0;0;2;1;2;A01
201200010527;0;30;0;0;2;4;23;B01
201200010528;0;7;0;0;1;3;1;A01
201200010529;0;3;0;0;0;9;0;A01
201200010530;0;7;0;0;2;1;2;A01
201200010530;0;33;0;0;2;4;23;C01
201200010530;0;7;0;0;2;4;23;B01
201200010531;0;7;0;0;1;2;0;A01
201200010532;1;2;0;0;2;0;0;Z01
201200010533;0;7;0;0;2;2;15;A01
201200010533;0;33;0;0;2;1;1;B01
201200010534;0;33;0;0;2;1;1;B01
201200010534;0;10;0;0;2;3;9;A01
201200010535;0;2;0;0;2;1;2;A01
201200010535;0;31;0;0;2;4;23;B01
201200010536;0;37;1;0;2;3;15;A01
201200010536;0;7;0;0;2;5;15;B01
201200010537;0;7;0;0;2;4;2;B01
201200010537;0;10;0;0;2;4;2;C01
201200010537;0;10;0;0;2;1;2;A01
201200010538;0;7;0;0;2;3;9;A01
201200010538;0;30;0;0;2;2;1;B01
201200010539;0;33;0;0;2;7;1;A01
201200010539;0;7;0;0;2;1;15;B01
201200010540;0;7;0;0;1;3;1;A01
201200010541;0;33;0;0;2;1;1;B01
201200010541;0;7;0;0;2;3;15;A01
201200010542;0;7;0;11;2;1;0;A01
201200010542;0;7;0;0;2;1;1;B01
201200010543;0;1;0;0;2;1;1;B01
201200010543;0;2;0;0;2;1;1;A01
201200010544;0;7;0;0;2;8;9;A01
201200010544;0;33;0;0;2;1;1;B01
201200010545;0;7;0;0;1;2;15;A01
201200010546;0;7;0;0;1;2;1;A01
201200010547;0;10;0;1;2;3;1;A01
201200010547;0;7;0;0;2;5;2;C01
201200010548;0;7;0;0;2;2;15;A01
201200010548;0;33;0;0;2;1;1;B01
201200010549;0;7;0;0;2;1;16;A01
201200010549;0;1;0;0;2;7;19;B01
201200010550;0;30;0;0;2;1;1;A01
201200010550;0;7;0;0;2;6;15;B01
201200010551;0;2;0;0;2;3;13;A01
201200010551;0;7;0;0;2;5;1;B01
201200010552;0;7;0;0;2;6;10;A01
201200010552;0;33;0;0;2;7;1;B01
201200010553;0;7;0;0;2;2;16;A01
201200010553;0;1;0;0;2;7;1;B01
201200010554;0;7;0;0;2;1;9;A01
201200010554;0;33;0;0;2;7;1;B01
201200010555;0;7;0;0;1;2;15;A01
201200010556;0;7;0;0;2;1;13;A01
201200010556;0;7;0;0;2;8;1;B01
201200010556;0;7;0;0;2;3;1;C01
201200010557;0;1;0;0;2;1;1;A01
201200010558;0;7;0;0;1;4;4;A01
201200010559;0;7;0;0;1;1;1;A01
201200010560;0;14;0;0;2;0;0;B01
201200010560;0;30;0;0;2;8;3;A01
201200010561;0;7;0;0;2;3;1;A01
201200010561;0;7;0;0;2;3;1;B01
201200010562;0;30;0;0;2;1;1;B01
201200010562;0;7;0;0;2;2;1;A01
201200010563;0;14;0;0;2;1;2;A01
201200010563;0;7;0;0;2;4;23;B01
201200010564;0;7;0;0;1;1;15;A01
201200010565;0;30;0;0;2;0;1;B01
201200010565;0;7;0;0;2;0;9;A01
201200010566;0;7;0;0;1;3;1;A01
201200010567;0;7;0;0;2;8;1;B01
201200010567;0;7;0;0;2;7;6;A01
201200010568;0;33;0;0;2;1;1;B01
201200010568;0;7;0;0;2;7;15;A01
201200010569;0;7;0;0;1;1;1;A01
201200010570;0;7;0;0;2;2;15;A01
201200010570;0;33;0;0;2;1;1;B01
201200010571;0;7;0;0;2;1;2;A01
201200010571;0;7;0;1;2;4;20;B01
201200010572;0;2;0;0;1;1;1;A01
201200010573;0;7;0;0;2;3;13;A01
201200010573;0;7;0;0;2;3;1;B01
201200010574;0;7;0;0;1;1;0;A01
201200010575;0;1;0;0;2;4;1;B01
201200010575;0;7;0;0;2;0;1;A01
201200010576;0;7;0;0;2;1;1;A01
201200010576;0;31;0;0;2;3;15;B01
201200010577;0;3;0;8;0;1;1;A01
201200010578;0;7;0;6;0;1;0;A01
201200010579;0;30;0;0;2;1;0;B01
201200010579;0;7;0;0;2;4;0;A01
201200010580;0;7;0;0;2;1;0;A01
201200010580;0;32;0;0;2;1;0;B01
201200010581;0;30;0;0;2;1;0;B01
201200010581;0;7;0;0;2;7;15;A01
201200010582;0;30;0;0;2;1;1;B01
201200010582;0;7;0;0;2;3;0;A01
201200010583;0;7;0;0;2;1;13;A01
201200010583;0;32;0;0;0;0;0;B01
201200010584;0;7;0;0;2;3;5;A01
201200010584;0;2;0;0;2;1;1;B01
201200010585;0;2;0;0;2;1;1;A01
201200010585;0;7;0;0;2;7;15;B01
201200010586;0;2;0;0;2;1;1;A01
201200010586;0;10;0;0;2;4;23;B01
201200010587;0;2;0;0;2;2;9;A01
201200010587;0;7;0;0;2;3;1;B01
201200010588;0;2;0;0;0;7;1;A01
201200010589;0;2;0;0;2;2;17;A01
201200010589;0;33;0;0;2;6;23;B01
201200010590;0;33;0;0;2;1;2;B01
201200010590;0;7;0;0;2;2;15;A01
201200010591;0;2;0;6;2;1;0;A01
201200010592;0;32;0;0;2;1;1;A01
201200010592;0;7;0;0;2;2;0;B01
201200010593;0;10;0;0;1;4;4;A01
201200010594;0;7;0;0;1;2;1;A01
201200010595;0;30;0;0;2;1;0;B01
201200010595;0;10;0;0;2;1;0;A01
201200010596;0;2;0;0;2;1;1;B01
201200010596;0;7;0;0;2;5;1;A01
201200010597;0;38;1;0;1;2;1;A01
201200010598;0;7;0;0;1;1;1;A01
201200010599;0;7;0;0;1;0;1;A01
201200010600;0;7;0;0;1;3;1;A01
201200010601;0;34;0;0;2;1;17;A01
201200010601;0;7;0;0;2;1;23;B01
201200010602;0;30;0;0;2;1;5;A01
201200010602;0;7;0;0;2;3;1;B01
201200010603;0;32;0;0;2;1;0;B01
201200010603;0;7;0;0;2;1;1;A01
201200010604;0;32;0;0;1;1;1;A01
201200010605;0;32;0;0;1;1;1;A01
201200010606;0;7;0;0;2;1;1;B01
201200010606;0;7;0;0;2;1;0;A01
201200010607;0;10;0;0;1;1;1;A01
201200010608;0;32;0;0;2;1;0;B01
201200010608;0;7;0;0;2;1;0;A01
201200010609;0;33;0;15;0;0;1;A01
201200010610;0;7;0;0;2;1;0;A01
201200010610;0;33;0;0;2;1;0;B01
201200010611;0;7;0;0;2;1;1;A01
201200010612;0;30;0;0;2;1;0;B01
201200010612;0;7;0;0;2;1;0;A01
201200010613;0;7;0;0;2;3;9;A01
201200010613;0;2;0;0;2;2;1;B01
201200010614;0;7;0;0;2;3;15;B01
201200010614;0;2;0;0;2;1;17;A01
201200010615;0;37;1;0;2;1;1;B01
201200010615;0;7;0;15;2;1;5;A01
201200010616;0;7;0;0;2;4;1;B01
201200010616;0;32;0;0;2;1;2;A01
201200010617;0;2;0;0;1;1;1;A01
201200010618;0;7;0;0;2;1;0;B01
201200010618;0;7;0;0;2;1;0;A01
201200010619;0;7;0;0;2;4;0;B01
201200010619;0;30;0;0;2;1;1;A01
201200010620;0;7;0;0;2;3;0;B01
201200010620;0;33;0;0;2;1;0;A01
201200010621;0;7;0;0;2;1;1;A01
201200010621;0;32;0;0;2;7;15;B01
201200010622;0;31;0;0;2;1;0;B01
201200010622;0;7;0;0;2;3;0;A01
201200010623;0;7;0;0;1;2;1;A01
201200010624;0;7;0;0;2;2;1;B01
201200010624;0;7;0;0;2;3;1;C01
201200010624;0;7;0;0;2;1;1;A01
201200010625;0;7;0;0;1;1;0;A01
201200010626;0;37;1;0;2;1;1;B01
201200010626;0;32;0;0;2;1;1;A01
201200010627;0;10;0;0;2;1;1;A01
201200010627;0;1;0;0;2;1;0;B01
201200010628;0;7;0;0;2;1;0;A01
201200010628;0;30;0;0;2;1;0;B01
201200010629;0;7;0;0;2;2;1;B01
201200010629;0;7;0;0;2;3;9;A01
201200010630;0;34;0;0;2;1;1;B01
201200010630;0;7;0;0;2;1;15;A01
201200010631;0;7;0;0;2;1;1;B01
201200010631;0;32;0;0;2;1;0;A01
201200010632;0;1;0;0;2;1;1;B01
201200010632;0;7;0;0;2;1;15;A01
201200010633;0;7;0;0;2;5;12;A01
201200010633;0;33;0;0;2;1;0;B01
201200010634;0;7;0;0;2;1;0;A01
201200010634;0;7;0;0;2;1;17;B01
201200010635;0;2;0;0;2;1;17;A01
201200010635;0;7;0;0;2;3;2;B01
201200010636;0;31;0;0;0;0;1;A01
201200010637;0;30;0;0;2;1;7;B01
201200010637;0;7;0;0;2;1;0;A01
201200010638;0;32;0;0;2;1;1;B01
201200010638;0;7;0;0;2;7;15;A01
201200010639;0;7;0;0;2;4;1;B01
201200010639;0;33;0;0;2;1;1;A01
201200010639;0;33;0;0;2;1;1;C01
201200010640;0;33;0;0;1;1;1;A01
201200010641;0;33;0;0;1;1;1;A01
201200010642;0;7;0;0;1;5;1;A01
201200010643;0;2;0;0;1;1;1;A01
201200010644;0;7;0;0;0;4;1;B01
201200010645;0;32;0;0;1;1;1;A01
201200010646;0;32;0;0;2;1;1;B01
201200010646;0;7;0;0;2;1;1;A01
201200010647;0;10;0;0;1;2;15;A01
201200010648;0;7;0;0;2;1;0;A01
201200010648;0;7;0;0;2;4;1;B01
201200010649;0;7;0;0;2;8;22;A01
201200010649;0;1;0;0;0;1;1;B01
201200010650;0;32;0;0;1;1;1;A01
201200010651;0;7;0;0;2;3;1;A01
201200010651;0;7;0;0;2;3;13;B01
201200010652;0;33;0;0;2;1;1;B01
201200010652;0;32;0;0;2;7;14;A01
201200010653;0;32;0;0;2;7;17;B01
201200010653;0;10;0;0;2;7;15;A01
201200010654;0;7;0;0;0;1;1;A01
201200010655;0;7;0;0;2;7;16;A01
201200010655;0;32;0;0;2;1;1;B01
201200010656;0;7;0;0;2;1;20;A01
201200010656;0;34;0;0;2;1;1;B01
201200010657;0;1;0;0;2;1;5;B01
201200010657;0;7;0;0;2;1;1;A01
201200010658;0;7;0;0;1;1;17;A01
201200010659;0;7;0;0;2;8;15;A01
201200010659;0;32;0;0;2;1;1;B01
201200010660;0;32;0;0;1;1;16;A01
201200010661;0;10;0;0;1;3;15;A01
201200010662;0;32;0;0;2;7;17;A01
201200010662;0;7;0;0;2;8;17;B01
201200010663;0;20;0;0;1;7;1;A01
201200010664;0;7;0;0;1;1;15;A01
201200010665;0;7;0;0;2;8;15;A01
201200010665;0;33;0;0;2;1;1;B01
201200010666;0;30;0;0;2;1;1;B01
201200010666;0;20;0;0;2;4;17;A01
201200010667;0;7;0;0;2;4;15;A01
201200010667;0;32;0;0;2;1;1;B01
201200010668;0;7;0;0;2;2;9;A01
201200010668;0;30;0;0;2;1;1;B01
201200010669;0;7;0;0;2;2;15;A01
201200010669;0;32;0;0;2;1;1;B01
201200010670;0;7;0;0;2;2;15;A01
201200010670;0;31;0;0;2;1;1;B01
201200010671;0;1;0;0;2;1;1;B01
201200010671;0;7;0;0;2;1;1;A01
201200010672;0;7;0;0;2;6;0;B01
201200010672;0;34;0;0;1;1;0;A01
201200010673;0;7;0;0;2;1;0;A01
201200010673;0;7;0;0;2;3;0;B01
201200010674;0;33;0;0;2;1;0;B01
201200010674;0;7;0;0;2;1;0;A01
201200010675;0;33;0;0;1;1;0;A01
201200010676;0;32;0;0;1;0;1;A01
201200010677;0;32;0;0;0;0;1;A01
201200010677;0;20;0;0;2;0;16;B01
201200010678;0;10;0;0;2;3;9;A01
201200010678;0;32;0;0;2;1;1;B01
201200010679;0;7;0;0;1;1;1;A01
201200010680;0;7;0;0;2;4;1;B01
201200010680;0;7;0;0;2;1;1;A01
201200010681;0;2;0;0;2;1;15;A01
201200010681;0;32;0;0;2;1;1;B01
201200010682;1;2;0;0;2;1;1;Z01
201200010682;0;2;0;0;2;1;1;B01
201200010683;0;34;0;0;2;7;17;B01
201200010683;0;7;0;0;2;1;9;A01
201200010684;0;2;0;0;1;1;1;A01
201200010685;0;33;0;0;2;1;1;B01
201200010685;0;7;0;0;2;1;0;A01
201200010686;0;7;0;0;2;1;1;A01
201200010686;0;30;0;0;2;1;18;B01
201200010687;0;7;0;0;2;1;1;A01
201200010688;0;31;0;0;1;1;17;A01
201200010689;0;2;0;0;2;4;15;B01
201200010689;0;33;0;0;2;1;1;A01
201200010690;0;7;0;0;1;1;1;A01
201200010691;0;32;0;0;2;1;17;A01
201200010691;0;13;0;0;2;3;15;B01
201200010692;1;7;0;0;1;1;0;Z01
201200010693;0;7;0;0;2;1;15;A01
201200010693;0;33;0;0;2;1;1;B01
201200010694;0;7;0;0;2;1;1;B01
201200010694;0;7;0;0;2;1;0;A01
201200010695;0;2;0;0;2;1;1;A01
201200010695;0;7;0;0;2;4;0;B01
201200010696;0;7;0;0;2;5;16;A01
201200010696;0;30;0;0;2;1;1;B01
201200010697;0;7;0;0;2;2;15;A01
201200010697;0;33;0;0;2;1;1;B01
201200010698;0;31;0;0;2;1;17;B01
201200010698;0;7;0;0;2;1;0;A01
201200010699;0;7;0;0;2;1;1;A01
201200010699;0;33;0;0;2;1;1;B01
201200010700;0;32;0;0;1;1;1;A01
201200010701;0;7;0;0;1;1;0;A01
201200010702;0;7;0;0;2;5;15;A01
201200010702;0;33;0;0;2;1;1;B01
201200010703;0;7;0;0;2;1;1;A01
201200010704;0;37;0;0;2;1;1;A01
201200010705;0;31;0;0;2;1;1;A01
201200010705;0;7;0;0;2;6;0;B01
201200010706;0;7;0;0;2;1;15;A01
201200010706;0;32;0;0;2;1;1;B01
201200010707;0;7;0;0;2;1;1;A01
201200010708;0;7;0;0;2;1;16;A01
201200010709;0;7;0;0;1;1;1;A01
201200010710;0;7;0;0;1;2;0;A01
201200010711;0;7;0;0;2;1;1;A01
201200010711;0;33;0;0;2;4;23;B01
201200010712;0;7;0;0;2;0;0;A01
201200010712;0;33;0;0;2;0;17;B01
201200010713;0;2;0;0;2;1;1;B01
201200010713;0;7;0;0;2;2;15;A01
201200010714;0;31;0;0;2;1;0;B01
201200010714;0;7;0;0;2;1;0;A01
201200010715;1;32;0;0;1;0;0;A01
201200010716;0;7;0;0;1;2;0;A01
201200010717;0;7;0;0;2;1;1;A01
201200010717;0;7;0;0;2;4;0;B01
201200010718;0;7;0;0;9;8;1;C01
201200010718;0;7;0;0;2;7;1;B01
201200010718;0;7;0;0;2;2;5;A01
201200010719;0;7;0;0;2;1;0;A01
201200010719;0;31;0;0;2;1;0;B01
201200010720;0;7;0;0;2;1;13;A01
201200010720;0;7;0;0;2;1;1;B01
201200010721;0;7;0;0;2;8;1;A01
201200010721;0;2;0;0;2;7;1;B01
201200010722;0;7;0;0;2;1;1;A01
201200010723;0;30;0;0;2;3;5;A01
201200010723;0;7;0;0;2;3;1;B01
201200010724;0;33;0;0;2;4;0;B01
201200010724;0;7;0;0;2;1;1;A01
201200010725;0;31;0;0;2;1;1;B01
201200010725;0;7;0;0;2;1;1;A01
201200010726;0;7;0;0;2;4;1;B01
201200010726;0;37;0;0;2;1;1;A01
201200010727;0;7;0;0;0;0;0;B01
201200010727;0;33;0;0;2;1;0;A01
201200010728;0;2;0;0;2;1;2;A01
201200010728;0;7;0;0;2;6;15;B01
201200010729;0;7;0;0;2;1;15;A01
201200010729;0;30;0;0;2;1;0;B01
201200010730;0;1;0;0;2;1;13;A01
201200010730;0;7;0;0;2;6;1;B01
201200010731;0;32;0;0;1;1;17;A01
201200010732;0;7;0;0;1;1;1;A01
201200010733;0;2;0;0;2;1;1;A01
201200010733;0;7;0;0;2;5;1;B01
201200010734;0;2;0;0;1;8;1;A01
201200010735;0;7;0;0;1;1;1;A01
201200010736;0;2;0;0;1;1;1;A01
201200010737;0;30;0;0;1;1;0;A01
201200010738;0;7;0;0;2;1;0;A01
201200010739;0;31;0;0;2;1;1;B01
201200010739;0;7;0;0;2;5;9;A01
201200010740;0;7;0;0;2;1;15;A01
201200010741;0;32;0;0;2;1;1;A01
201200010742;0;2;0;0;2;1;1;A01
201200010742;0;7;0;0;2;1;1;B01
201200010742;0;10;0;0;2;3;23;C01
201200010743;0;7;0;0;1;1;0;A01
201200010744;0;7;0;0;1;1;1;A01
201200010745;0;30;0;0;2;1;0;B01
201200010745;0;7;0;0;2;1;0;A01
201200010746;0;32;0;0;2;1;1;B01
201200010746;0;7;0;0;2;1;15;A01
201200010747;0;7;0;0;2;1;1;B01
201200010747;0;7;0;0;2;1;15;A01
201200010748;0;32;0;0;2;1;18;B01
201200010748;0;7;0;0;2;7;15;A01
201200010749;0;37;1;0;2;1;1;C01
201200010749;0;7;0;0;2;4;0;A01
201200010749;0;7;0;0;2;2;0;B01
201200010750;0;30;0;0;2;1;0;B01
201200010750;0;7;0;0;2;3;15;A01
201200010751;0;7;0;0;2;1;0;A01
201200010751;0;32;0;0;2;2;1;B01
201200010752;0;7;0;0;2;8;1;B01
201200010752;0;32;0;0;2;1;17;A01
201200010753;0;7;0;0;2;1;1;A01
201200010753;0;32;0;0;2;1;1;B01
201200010754;0;7;0;0;1;1;1;A01
201200010755;0;7;0;0;1;1;0;A01
201200010756;0;7;0;0;9;1;0;A01
201200010756;0;30;0;0;2;1;1;B01
201200010757;0;30;0;0;2;1;1;A01
201200010757;0;7;0;0;2;1;0;B01
201200010758;0;30;0;0;2;1;1;B01
201200010758;0;7;0;0;2;2;1;A01
201200010759;0;7;0;0;0;7;1;A01
201200010759;0;37;1;0;2;3;1;B01
201200010760;0;7;0;0;2;8;9;B01
201200010760;0;7;0;0;2;1;1;A01
201200010761;0;2;0;0;2;1;17;B01
201200010761;0;7;0;0;2;3;15;A01
201200010762;0;7;0;0;1;1;1;A01
201200010763;0;33;0;0;1;1;1;A01
201200010764;0;2;0;0;2;1;0;A01
201200010764;0;7;0;0;2;3;1;B01
201200010765;0;7;0;0;1;1;1;A01
201200010766;1;7;0;0;1;0;1;Z01
201200010767;0;2;0;0;0;0;0;A01
201200010768;0;33;0;0;0;0;0;A01
201200010769;0;7;0;15;0;0;13;A01
201200010770;0;7;0;0;1;5;4;A01
201200010771;0;7;0;0;2;1;1;A01
201200010771;0;7;0;0;0;4;23;B01
201200010772;0;30;0;0;0;0;15;A01
201200010773;0;34;0;0;2;2;17;A01
201200010773;0;7;0;0;2;8;15;B01
201200010774;0;30;0;0;9;7;1;A01
201200010775;0;7;0;0;2;1;2;A01
201200010775;0;7;0;0;0;4;2;C01
201200010775;0;7;0;0;2;4;2;B01
201200010776;0;7;0;0;1;0;1;A01