num_acc;senc;catv;occutc;obs;obsm;choc;manv;num_veh
201200011154;0;7;0;0;2;1;1;B01
201200011155;0;7;0;0;2;1;1;A01
201200011155;0;33;0;0;2;3;1;B01
201200011156;0;7;0;0;2;3;1;A01
201200011156;0;32;0;0;2;2;1;B01
201200011157;0;1;0;0;1;1;1;A01
201200011158;0;7;0;0;2;1;13;A01
201200011158;0;10;0;0;2;3;1;B01
201200011159;0;34;0;0;2;1;17;A01
201200011159;0;7;0;0;2;3;1;B01
201200011160;0;33;0;0;2;1;1;A01
201200011160;0;7;0;0;2;0;15;B01
201200011161;0;30;0;0;2;5;1;A01
201200011161;0;32;0;0;2;1;1;B01
201200011162;0;7;0;0;1;4;4;A01
201200011163;0;7;0;0;2;8;15;B01
201200011163;2;33;0;9;2;2;17;A01
201200011164;0;32;0;0;2;1;1;A01
201200011164;0;7;0;0;0;4;9;B01
201200011165;0;7;0;0;2;1;2;A01
201200011165;0;7;0;0;2;4;2;B01
201200011166;0;7;0;0;2;2;9;A01
201200011166;0;33;0;1;2;2;1;B01
201200011166;0;7;0;0;2;4;23;C01
201200011167;0;2;0;0;0;9;1;B01
201200011167;0;7;0;0;0;0;9;A01
201200011168;0;31;0;0;2;1;1;B01
201200011168;0;10;0;0;2;5;16;A01
201200011169;0;30;0;0;2;1;2;A01
201200011169;0;10;0;0;2;4;2;B01
201200011170;0;7;0;0;1;1;1;A01
201200011171;0;7;0;0;2;7;15;A01
201200011171;0;31;0;0;2;1;1;B01
201200011172;0;7;0;0;2;1;1;A01
201200011172;0;10;0;0;2;2;1;B01
201200011173;0;7;0;0;2;1;1;A01
201200011173;0;2;0;0;2;1;1;B01
201200011174;0;30;0;0;2;9;1;A01
201200011174;0;33;0;0;2;7;1;B01
201200011175;0;7;0;0;2;1;1;A01
201200011175;0;7;0;0;2;4;0;B01
201200011176;0;7;0;0;2;3;15;A01
201200011176;0;34;0;8;2;2;1;B01
201200011177;0;31;0;0;2;8;9;B01
201200011177;0;7;0;0;2;1;9;A01
201200011178;0;7;0;0;1;1;1;A01
201200011179;0;7;0;0;1;2;1;A01
201200011180;0;7;0;0;2;1;1;B01
201200011180;0;2;0;0;2;1;0;A01
201200011181;0;7;0;0;2;6;1;B01
201200011181;0;7;0;0;2;3;15;A01
201200011182;0;7;0;14;0;1;1;A01
201200011182;0;10;0;0;2;4;23;B01
201200011183;0;7;0;0;2;2;15;A01
201200011183;0;33;0;0;2;3;1;B01
201200011184;0;10;0;0;2;8;1;B01
201200011184;0;37;1;0;2;3;13;A01
201200011185;0;7;0;0;2;1;1;A01
201200011185;0;33;0;0;2;8;1;B01
201200011186;0;7;0;0;1;1;1;A01
201200011187;0;7;0;0;1;2;1;A01
201200011188;0;33;0;0;2;1;1;B01
201200011188;0;7;0;0;2;2;15;A01
201200011189;0;7;0;0;2;3;1;A01
201200011189;0;33;0;1;2;1;1;B01
201200011190;0;7;0;0;1;1;1;A01
201200011191;0;30;0;0;2;1;2;A01
201200011191;0;10;0;0;2;4;2;B01
201200011192;0;7;0;0;1;3;0;A01
201200011193;0;7;0;0;0;0;11;A01
201200011193;0;33;0;0;0;0;1;B01
201200011194;0;10;0;0;2;2;1;A01
201200011195;0;32;0;0;2;1;1;A01
201200011195;0;7;0;0;2;3;15;B01
201200011196;0;7;0;0;2;1;1;Z01
201200011196;0;7;0;0;2;4;1;A01
201200011197;0;32;0;0;2;5;21;A01
201200011197;0;7;0;0;2;3;1;B01
201200011198;0;32;0;0;2;1;1;A01
201200011198;0;7;0;0;2;2;16;B01
201200011199;0;7;0;0;2;1;1;A01
201200011199;0;32;0;0;2;1;1;B01
201200011200;0;10;0;0;1;1;9;A01
201200011201;0;7;0;0;2;2;15;A01
201200011201;0;30;0;0;2;1;1;B01
201200011202;0;32;0;0;2;1;15;B01
201200011202;0;7;0;0;2;3;1;A01
201200011203;0;7;0;0;2;2;1;B01
201200011203;0;30;0;0;2;1;1;A01
201200011204;0;7;0;0;2;2;1;A01
201200011204;0;31;0;0;2;1;1;B01
201200011205;0;7;0;0;2;1;16;A01
201200011206;0;33;0;0;2;1;2;A01
201200011206;0;7;0;0;2;6;20;B01
201200011207;0;7;0;0;2;3;1;B01
201200011207;0;7;0;0;2;3;13;A01
201200011208;0;7;0;0;0;4;1;B01
201200011208;0;32;0;0;2;1;2;A01
201200011209;0;7;0;0;2;1;1;A01
201200011209;0;7;0;0;2;4;23;B01
201200011210;0;7;0;0;1;3;1;A01
201200011211;0;7;0;0;2;4;1;B01
201200011211;0;30;0;0;2;1;1;A01
201200011212;0;7;0;0;2;3;1;B01
201200011212;0;33;0;0;2;1;0;A01
201200011213;0;7;0;0;2;2;1;A01
201200011213;0;2;0;0;2;1;1;B01
201200011214;0;7;0;0;1;1;1;A01
201200011215;0;10;0;0;2;8;1;C01
201200011215;0;10;0;0;2;2;0;A01
201200011215;0;2;0;0;2;9;1;B01
201200011216;0;31;0;0;2;5;1;A01
201200011216;0;7;0;0;2;0;12;B01
201200011217;0;7;0;0;2;4;1;B01
201200011217;0;38;1;0;2;1;2;A01
201200011218;0;10;0;0;2;3;1;B01
201200011218;0;33;0;0;2;1;1;A01
201200011219;0;10;0;0;2;1;1;A01
201200011219;0;7;0;0;2;9;23;B01
201200011219;0;7;0;0;2;9;23;C01
201200011219;0;7;0;0;2;4;23;D01
201200011220;0;7;0;0;2;3;1;B01
201200011220;0;2;0;0;2;1;1;A01
201200011221;0;1;0;0;2;1;0;B01
201200011221;0;7;0;0;2;1;1;A01
201200011222;0;7;0;0;2;2;1;A01
201200011222;0;32;0;0;2;1;1;B01
201200011223;0;7;0;0;2;2;1;B01
201200011223;0;2;0;0;2;1;1;A01
201200011224;0;33;0;0;2;1;7;A01
201200011224;0;7;0;0;2;5;16;B01
201200011225;0;40;0;0;1;2;0;A01
201200011226;0;7;0;0;2;1;1;A01
201200011226;0;7;0;0;2;4;2;B01
201200011227;0;7;0;0;2;1;1;A01
201200011228;0;7;0;0;2;2;15;A01
201200011228;0;30;0;0;2;1;1;B01
201200011229;0;7;0;0;2;2;1;A01
201200011230;1;7;0;0;2;0;0;A01
201200011230;0;34;0;0;2;0;1;B01
201200011231;0;7;0;0;1;1;1;A01
201200011232;0;30;0;0;2;1;17;A01
201200011232;0;7;0;0;2;6;2;B01
201200011233;0;7;0;0;1;1;1;A01
201200011234;0;32;0;0;1;1;0;A01
201200011235;0;10;0;0;2;1;2;A01
201200011235;0;7;0;0;2;4;2;B01
201200011235;0;7;0;0;2;4;2;C01
201200011236;0;7;0;0;2;6;1;C01
201200011236;0;7;0;0;2;1;12;A01
201200011236;0;7;0;0;2;4;1;B01
201200011237;0;10;0;0;1;1;0;A01
201200011238;0;31;0;0;2;1;1;A01
201200011238;0;7;0;0;2;6;2;B01
201200011239;0;7;0;0;2;3;13;A01
201200011239;0;30;0;0;2;7;1;B01
201200011240;0;7;0;0;2;4;2;B01
201200011240;0;7;0;0;2;4;2;C01
201200011240;0;7;0;0;2;4;21;A01
201200011240;0;7;0;0;2;1;2;D01
201200011241;0;33;0;0;2;1;1;A01
201200011241;0;10;0;0;2;5;15;B01
201200011242;0;40;0;0;1;1;1;A01
201200011243;0;7;0;0;2;4;2;B01
201200011243;0;31;0;0;2;1;2;A01
201200011244;0;7;0;0;2;2;1;B01
201200011244;0;7;0;0;2;3;9;A01
201200011245;0;2;0;0;2;1;1;A01
201200011245;0;2;0;0;2;5;23;B01
201200011246;0;7;0;0;2;9;24;B01
201200011246;0;7;0;0;2;1;20;A01
201200011247;0;7;0;0;2;1;2;A01
201200011247;0;7;0;0;2;4;2;B01
201200011248;0;7;0;0;2;5;24;B01
201200011248;0;7;0;9;0;1;6;A01
201200011249;0;7;0;0;2;2;1;A01
201200011249;0;7;0;0;0;6;23;B01
201200011250;0;10;0;0;1;1;16;A01
201200011251;0;2;0;0;2;1;1;A01
201200011251;0;7;0;0;2;3;15;B01
201200011252;0;7;0;0;2;1;15;A01
201200011252;0;31;0;0;2;7;1;B01
201200011253;0;14;0;0;2;1;2;A01
201200011253;0;7;0;0;2;4;1;B01
201200011254;0;7;0;0;2;6;11;A01
201200011254;0;33;0;0;2;2;1;B01
201200011255;0;7;0;0;1;1;16;A01
201200011256;0;10;0;0;2;2;1;A01
201200011256;0;31;0;0;2;1;1;B01
201200011257;0;7;0;0;2;1;1;A01
201200011257;0;7;0;0;2;4;1;C01
201200011257;0;7;0;0;2;9;1;B01
201200011258;0;10;0;1;0;3;1;A01
201200011259;0;33;0;0;2;4;23;B01
201200011259;0;7;0;14;0;1;1;A01
201200011260;0;7;0;0;2;2;1;A01
201200011261;0;13;0;0;2;0;0;A01
201200011261;0;2;0;0;2;3;0;B01
201200011262;0;7;0;0;2;3;15;A01
201200011262;0;1;0;0;2;7;1;B01
201200011263;0;7;0;0;2;2;0;A01
201200011264;0;32;0;0;0;1;1;B01
201200011264;0;7;0;0;2;2;15;A01
201200011265;0;31;0;0;2;8;1;B01
201200011265;0;10;0;0;2;0;17;A01
201200011266;0;2;0;0;2;1;13;A01
201200011266;0;10;0;0;2;1;1;B01
201200011267;0;7;0;0;2;0;0;A01
201200011267;0;32;0;0;2;0;1;B01
201200011268;0;7;0;0;2;7;15;A01
201200011268;0;7;0;0;2;1;1;B01
201200011269;0;7;0;0;2;8;1;A01
201200011269;0;33;0;0;2;7;1;B01
201200011270;0;7;0;6;0;0;14;A01
201200011271;0;7;0;0;2;6;1;B01
201200011271;0;2;0;0;2;1;1;A01
201200011272;0;2;0;0;2;9;1;B01
201200011272;0;7;0;0;2;1;15;A01
201200011273;0;10;0;0;2;7;16;A01
201200011274;1;7;0;0;0;0;0;Z01
201200011274;0;7;0;12;2;1;15;A01
201200011275;0;7;0;0;2;2;0;B01
201200011275;0;7;0;0;2;8;16;A01
201200011276;0;7;0;0;2;6;23;B01
201200011276;0;31;0;14;0;1;3;A01
201200011277;0;40;0;0;1;3;1;A01
201200011278;0;2;0;8;0;2;15;A01
201200011279;0;7;0;0;2;1;1;B01
201200011279;0;7;0;0;2;7;1;A01
201200011280;0;7;0;0;2;1;1;A01
201200011280;0;7;0;0;2;4;1;B01
201200011281;0;7;0;0;2;1;15;A01
201200011281;0;30;0;0;2;1;1;B01
201200011282;0;10;0;0;2;2;15;A01
201200011282;0;33;0;0;2;1;1;B01
201200011283;0;7;0;0;2;4;1;B01
201200011283;0;7;0;0;2;1;2;A01
201200011284;0;7;0;0;2;2;1;A01
201200011284;0;2;0;0;2;4;2;B01
201200011285;0;7;0;0;2;5;1;A01
201200011285;0;34;0;0;2;1;1;B01
201200011286;0;7;0;0;2;1;1;A01
201200011286;0;7;0;0;2;4;2;B01
201200011287;0;7;0;0;2;6;11;A01
201200011287;0;33;0;0;2;1;1;B01
201200011288;0;7;0;0;1;2;1;A01
201200011289;0;7;0;0;1;2;15;A01
201200011290;0;7;0;7;0;1;13;A01
201200011291;0;1;0;0;1;1;1;A01
201200011292;0;7;0;1;1;3;21;A01
201200011293;0;7;0;0;2;2;15;A01
201200011293;0;37;1;0;2;6;23;B01
201200011294;0;7;0;0;2;4;20;B01
201200011294;0;7;0;14;0;1;1;A01
201200011295;0;7;0;0;2;8;15;A01
201200011295;0;33;0;8;2;1;17;B01
201200011296;0;7;0;0;2;4;1;C01
201200011296;0;7;0;0;2;1;1;A01
201200011296;0;7;0;0;2;4;1;B01
201200011297;0;7;0;0;1;2;1;A01
201200011298;1;7;0;0;0;0;0;Z01
201200011299;0;2;0;0;0;0;1;A01
201200011300;0;7;0;0;2;3;1;B01
201200011300;0;7;0;0;2;2;15;A01
201200011301;0;3;0;0;2;2;15;A01
201200011301;0;7;0;0;2;3;1;B01
201200011302;0;7;0;0;2;8;15;B01
201200011302;0;33;0;0;2;7;1;A01
201200011303;0;7;0;0;2;8;15;A01
201200011303;0;37;2;0;2;1;1;B01
201200011304;0;7;0;0;2;1;1;A01
201200011304;0;7;0;0;2;7;1;B01
201200011305;0;10;0;0;2;0;4;A01
201200011305;0;2;0;0;0;8;9;B01
201200011306;0;7;0;0;2;7;16;A01
201200011306;0;31;0;0;2;3;1;B01
201200011307;0;10;0;0;2;2;15;A01
201200011307;0;1;0;0;2;1;1;B01
201200011308;0;7;0;0;2;3;15;B01
201200011308;0;7;0;0;2;1;1;A01
201200011309;0;14;0;0;2;6;4;A01
201200011309;0;37;1;0;2;5;1;B01
201200011310;0;7;0;0;1;1;1;A01
201200011311;0;7;0;0;2;3;11;A01
201200011311;0;33;0;0;2;2;1;B01
201200011312;0;30;0;0;1;1;1;A01
201200011313;0;2;0;0;2;0;1;B01
201200011313;0;7;0;0;2;1;15;A01
201200011314;0;2;0;0;2;3;7;A01
201200011314;0;7;0;0;2;5;16;B01
201200011315;0;2;0;0;2;1;1;Z01
201200011315;0;7;0;0;2;2;1;B01
201200011316;0;30;0;0;2;4;1;A01
201200011316;0;37;1;0;2;4;23;B01
201200011317;0;1;0;0;2;1;1;Z01
201200011317;0;1;0;0;2;4;1;B01
201200011318;0;37;2;0;2;8;1;C01
201200011318;0;7;0;0;2;4;15;B01
201200011318;0;7;0;8;2;1;2;A01
201200011319;0;31;0;0;1;1;1;A01
201200011320;0;7;0;0;1;4;4;A01
201200011321;0;30;0;0;2;2;17;A01
201200011321;0;7;0;0;2;1;9;B01
201200011322;0;7;0;1;2;8;1;B01
201200011322;0;7;0;1;2;9;13;A01
201200011323;0;33;0;0;2;2;1;B01
201200011323;0;31;0;0;2;3;19;A01
201200011324;0;2;0;0;2;1;1;A01
201200011324;0;7;0;0;2;7;1;B01
201200011325;0;7;0;0;2;2;15;A01
201200011325;0;32;0;0;2;1;1;B01
201200011326;0;7;0;0;2;1;1;B01
201200011326;0;10;0;0;2;2;1;A01
201200011327;0;7;0;0;2;2;15;A01
201200011327;0;31;0;0;2;3;1;B01
201200011328;0;1;0;0;1;0;1;A01
201200011329;0;2;0;0;2;1;1;A01
201200011330;0;7;0;0;2;8;20;B01
201200011330;0;30;0;0;2;1;1;A01
201200011331;0;32;0;0;2;1;1;B01
201200011331;0;7;0;0;2;8;9;A01
201200011332;0;7;0;0;2;3;15;A01
201200011332;0;31;0;0;2;9;1;B01
201200011333;0;32;0;0;2;1;1;B01
201200011333;0;7;0;0;2;7;15;A01
201200011334;0;7;0;0;2;1;1;A01
201200011335;0;7;0;0;2;1;15;B01
201200011335;0;31;0;0;2;1;0;A01
201200011336;0;31;0;0;2;7;1;B01
201200011336;2;2;0;0;2;1;16;Z01
201200011337;0;7;0;0;2;6;1;B01
201200011337;0;7;0;1;2;9;0;A01
201200011338;0;7;0;0;1;1;1;A01
201200011339;0;7;0;0;1;1;1;A01
201200011340;0;7;0;0;1;7;1;A01
201200011341;0;7;0;0;2;8;1;C01
201200011341;0;13;0;0;2;2;14;A01
201200011341;0;7;0;0;2;9;1;B01
201200011342;0;7;0;0;2;1;1;A01
201200011342;0;33;0;0;2;4;2;B01
201200011343;0;2;0;0;2;0;0;B01
201200011343;0;7;0;0;2;3;15;A01
201200011344;0;32;0;0;2;1;1;A01
201200011344;0;7;0;0;2;4;1;B01
201200011345;0;32;0;0;1;1;1;A01
201200011346;0;7;0;0;2;3;17;A01
201200011346;0;31;0;0;2;1;0;B01
201200011347;0;7;0;0;2;4;1;C01
201200011347;0;7;0;0;2;1;2;A01
201200011347;0;7;0;0;2;9;2;B01
201200011348;0;7;0;2;0;1;13;A01
201200011349;0;10;0;0;1;4;4;A01
201200011350;0;7;0;0;2;1;1;A01
201200011350;0;7;0;0;2;4;1;B01
201200011351;0;32;0;0;2;3;9;B01
201200011351;0;7;0;0;2;3;1;A01
201200011352;0;1;0;0;2;0;1;A01
201200011352;0;7;0;0;2;1;1;B01
201200011353;0;7;0;0;0;7;1;A01
201200011353;0;2;0;0;2;8;13;B01
201200011354;0;7;0;0;2;4;2;B01
201200011354;0;7;0;0;2;1;1;A01
201200011354;0;7;0;0;2;4;2;C01
201200011354;0;7;0;0;2;1;1;D01
201200011355;0;7;0;0;2;3;15;B01
201200011355;0;31;0;0;2;2;1;A01
201200011356;0;7;0;1;2;9;13;A01
201200011356;0;7;0;0;2;3;1;B01
201200011357;0;7;0;0;1;4;4;A01
201200011358;0;7;0;0;2;7;1;A01
201200011358;0;2;0;0;2;0;11;B01
201200011359;0;7;0;0;2;4;2;B01
201200011359;0;31;0;0;2;1;2;A01
201200011360;0;7;0;0;2;1;1;A01
201200011360;0;31;0;0;0;4;1;C01
201200011360;0;7;0;0;2;4;1;B01
201200011361;0;7;0;0;2;4;1;B01
201200011361;0;7;0;0;2;1;1;A01
201200011362;0;30;0;0;1;1;1;A01
201200011363;0;7;0;0;2;4;4;A01
201200011364;0;7;0;0;1;1;1;A01
201200011365;0;33;0;14;0;0;0;A01
201200011366;0;30;0;0;2;1;1;C01
201200011366;0;7;0;0;2;5;1;B01
201200011366;0;7;0;0;2;1;1;A01
201200011367;0;7;0;0;1;1;1;A01
201200011368;0;32;0;0;1;1;1;A01
201200011369;0;30;0;0;2;1;1;A01
201200011369;0;7;0;0;2;4;1;B01
201200011370;0;10;0;0;1;4;4;A01
201200011371;0;7;0;0;2;3;9;A01
201200011371;0;31;0;0;2;1;1;B01
201200011372;0;33;0;0;2;0;0;A01
201200011372;0;7;0;0;2;8;0;B01
201200011373;0;33;0;0;2;1;1;B01
201200011373;0;7;0;0;2;5;10;A01
201200011374;0;2;0;0;2;1;1;A01
201200011375;0;2;0;12;0;3;13;A01
201200011376;0;38;23;0;2;8;1;B01
201200011376;0;37;30;8;2;3;1;C01
201200011376;0;7;0;0;2;7;17;A01
201200011377;0;33;0;0;1;1;1;A01
201200011378;0;31;0;0;2;1;1;B01
201200011378;0;10;0;0;2;5;1;A01
201200011379;0;10;0;0;2;1;1;A01
201200011379;0;32;0;0;2;3;1;B01
201200011380;0;7;0;0;2;1;1;A01
201200011380;0;33;0;0;2;4;1;B01
201200011381;0;7;0;0;1;5;20;A01
201200011382;0;7;0;0;1;2;1;A01
201200011383;0;37;1;0;2;1;2;A01
201200011383;0;7;0;0;2;4;2;B01
201200011384;0;7;0;0;2;5;15;A01
201200011384;0;31;0;0;2;1;1;B01
201200011385;0;10;0;0;1;1;15;A01
201200011386;0;7;0;0;2;1;1;B01
201200011386;0;7;0;0;2;1;1;A01
201200011387;0;10;0;0;1;1;1;A01
201200011388;0;10;0;9;2;4;1;B01
201200011388;0;7;0;0;2;1;1;A01
201200011389;0;32;0;0;2;8;1;B01
201200011389;0;32;0;0;2;1;5;A01
201200011390;0;1;0;0;2;1;1;A01
201200011390;0;7;0;0;2;1;1;B01
201200011391;0;7;0;0;2;8;10;A01
201200011391;0;37;18;0;2;1;7;B01
201200011392;0;7;0;0;2;4;2;C01
201200011392;0;7;0;0;2;1;1;A01
201200011392;0;7;0;14;2;4;2;B01
201200011393;0;2;0;0;2;1;1;A01
201200011393;0;7;0;0;2;3;23;B01
201200011394;0;7;0;0;2;0;15;A01
201200011394;0;2;0;0;2;0;1;B01
201200011395;0;7;0;0;2;3;1;B01
201200011395;0;7;0;0;2;2;1;A01
201200011396;0;7;0;0;2;1;15;A01
201200011396;0;2;0;0;2;1;1;B01
201200011397;0;7;0;0;1;1;15;A01
201200011398;0;30;0;0;2;2;15;A01
201200011398;0;7;0;0;2;8;1;B01
201200011399;0;7;0;0;2;8;15;B01
201200011399;2;33;0;0;2;1;1;A01
201200011400;0;37;0;0;2;2;1;B01
201200011400;0;7;0;0;2;8;15;A01
201200011401;0;34;0;0;2;1;1;A01
201200011401;0;31;0;0;2;1;1;B01
201200011402;0;30;0;0;2;1;17;A01
201200011402;0;7;0;0;2;3;10;B01
201200011403;0;7;0;0;1;2;1;A01
201200011404;0;7;0;0;2;4;1;B01
201200011404;0;7;0;0;2;1;2;A01
201200011405;0;7;0;0;1;2;9;A01
201200011406;0;7;0;0;2;4;23;B01
201200011406;0;7;0;14;0;1;1;A01
201200011407;0;34;0;0;2;3;0;B01
201200011407;0;10;0;0;2;1;0;A01
201200011408;0;31;0;0;2;1;1;B01
201200011408;0;7;0;0;2;1;15;A01
201200011409;0;7;0;0;2;3;15;B01
201200011409;0;2;0;0;2;1;1;A01
201200011410;0;7;0;1;2;3;13;A01
201200011410;0;10;0;0;2;3;1;B01
201200011411;0;7;0;0;2;8;1;B01
201200011411;0;7;0;0;2;1;15;A01
201200011412;0;7;0;0;2;5;16;A01
201200011412;0;32;0;0;2;1;1;B01
201200011413;0;7;0;0;2;9;14;A01
201200011414;0;7;0;0;2;0;15;A01
201200011414;0;33;0;0;2;9;1;B01
201200011415;0;7;0;0;2;3;5;A01
201200011415;0;7;0;0;2;3;13;B01
201200011416;0;7;0;0;1;1;1;A01
201200011417;0;2;0;0;2;1;1;A01
201200011417;0;1;0;0;2;1;1;B01
201200011418;0;31;0;0;2;3;1;B01
201200011418;0;7;0;0;2;5;12;A01
201200011419;0;7;0;0;0;0;0;A01
201200011419;0;32;0;0;0;8;1;B01
201200011420;0;7;0;0;1;4;4;A01
201200011421;0;10;0;0;2;3;15;A01
201200011421;0;33;0;0;2;1;1;B01
201200011422;0;7;0;0;1;1;1;A01
201200011423;0;30;0;0;2;8;0;A01
201200011423;0;7;0;0;2;2;0;B01
201200011424;0;33;0;0;2;9;1;B01
201200011424;0;2;0;0;2;2;9;A01
201200011425;0;7;0;0;2;8;1;B01
201200011425;0;7;0;0;2;1;1;A01
201200011426;0;7;0;0;2;3;15;B01
201200011426;0;31;0;0;2;7;1;A01
201200011427;0;7;0;0;2;2;1;B01
201200011427;0;2;0;0;2;9;15;A01
201200011428;0;7;0;8;0;0;1;A01
201200011429;0;33;0;0;2;3;1;B01
201200011429;0;7;0;0;2;2;12;A01
201200011430;0;31;0;0;1;5;21;A01
201200011431;0;7;0;0;2;4;1;B01
201200011431;0;31;0;0;2;1;1;A01
201200011432;0;7;0;1;0;2;1;A01
201200011433;0;7;0;0;2;1;1;B01
201200011433;0;7;0;0;2;2;1;A01
201200011434;0;32;0;0;1;1;16;A01
201200011435;0;7;0;0;1;4;0;A01
201200011436;0;31;0;0;2;2;17;A01
201200011436;0;7;0;0;2;3;15;B01
201200011437;0;7;0;0;2;5;15;A01
201200011437;0;33;0;0;2;1;1;B01
201200011438;0;7;0;0;2;4;4;A01
201200011438;0;31;0;0;2;1;1;B01
201200011439;0;10;0;0;2;1;2;A01
201200011439;0;10;0;0;2;4;2;B01
201200011440;0;7;0;0;2;4;1;B01
201200011440;0;35;0;0;2;1;1;A01
201200011441;0;33;0;0;1;3;1;A01
201200011442;0;7;0;0;2;1;1;B01
201200011442;0;2;0;0;2;1;1;A01
201200011443;0;7;0;0;2;3;2;B01
201200011443;0;33;0;0;2;1;2;C01
201200011443;0;7;0;0;2;4;1;A01
201200011444;0;31;0;0;2;1;1;B01
201200011444;0;7;0;0;2;2;15;A01
201200011445;0;7;0;0;2;2;15;A01
201200011445;0;32;0;0;2;1;1;B01
201200011446;0;14;0;0;2;8;1;B01
201200011446;0;1;0;0;2;0;1;A01
201200011447;0;7;0;0;2;7;23;C01
201200011447;2;7;0;8;2;2;14;A01
201200011447;0;33;0;0;2;5;23;B01
201200011448;0;33;0;0;2;2;1;B01
201200011448;0;30;0;0;2;1;5;A01
201200011449;0;7;0;0;2;6;2;B01
201200011449;0;31;0;0;2;1;1;A01
201200011450;0;7;0;0;0;0;16;A01
201200011450;0;2;0;0;0;7;1;B01
201200011451;0;14;0;0;2;8;1;B01
201200011451;0;7;0;0;2;0;1;C01
201200011451;0;7;0;0;2;0;16;A01
201200011452;0;7;0;0;2;3;15;A01
201200011452;0;2;0;0;0;2;1;B01
201200011453;0;7;0;14;0;2;1;A01
201200011453;0;32;0;0;2;4;23;B01
201200011453;0;7;0;0;2;6;23;C01
201200011454;0;7;0;0;2;3;15;A01
201200011454;0;31;0;0;2;2;17;B01
201200011455;0;7;0;0;2;4;1;B01
201200011455;0;7;0;0;2;1;1;A01
201200011456;0;7;0;0;1;3;15;A01
201200011457;0;31;0;0;2;0;16;B01
201200011457;0;1;0;0;2;0;5;A01
201200011458;0;7;0;0;2;7;1;B01
201200011458;0;7;0;0;2;3;15;A01
201200011459;0;7;0;0;2;5;9;A01
201200011459;0;33;0;0;2;1;1;B01
201200011460;0;2;0;0;2;1;2;A01
201200011460;0;7;0;0;2;4;23;B01
201200011461;0;7;0;0;2;3;1;A01
201200011461;0;33;0;0;2;1;1;B01
201200011462;0;7;0;0;1;5;20;A01
201200011463;0;7;0;0;2;6;1;B01
201200011463;0;7;0;0;2;2;14;A01
201200011464;0;7;0;0;2;1;15;A01
201200011464;0;2;0;0;2;3;1;B01
201200011465;0;7;0;0;2;7;1;B01
201200011465;0;33;0;0;2;9;1;A01
201200011466;1;7;0;0;2;1;2;A01
201200011466;0;7;0;0;2;4;23;B01
201200011467;0;7;0;0;2;0;15;C01
201200011467;0;7;0;0;2;6;1;B01
201200011467;0;30;0;12;2;9;1;A01
201200011468;0;7;0;0;1;1;1;A01
201200011469;0;7;0;0;1;1;15;A01
201200011470;0;7;0;0;1;1;1;A01
201200011471;0;37;1;0;2;3;1;B01
201200011471;0;2;0;0;2;0;7;A01
201200011472;0;7;0;8;0;8;1;A01
201200011473;0;7;0;0;2;1;1;B01
201200011473;0;7;0;7;2;7;1;A01
201200011474;0;7;0;0;2;2;1;A01
201200011474;0;7;0;0;2;1;1;B01
201200011475;0;2;0;1;2;1;21;A01
201200011475;0;7;0;0;2;1;1;B01
201200011475;0;7;0;0;2;5;23;C01
201200011476;0;2;0;0;0;9;1;A01
201200011477;0;2;0;0;1;1;1;A01
201200011478;0;7;0;0;2;3;10;A01
201200011478;0;33;0;0;2;1;17;B01
201200011479;0;7;0;0;2;1;0;A01
201200011479;0;33;0;0;2;4;2;B01
201200011480;0;33;0;0;2;3;0;A01
201200011480;0;7;0;0;2;3;1;B01
201200011481;0;33;0;0;2;9;1;B01
201200011481;0;7;0;0;2;1;9;A01
201200011482;0;7;0;0;2;8;9;A01
201200011482;0;34;0;0;2;7;17;B01
201200011483;0;7;0;0;1;1;1;A01
201200011484;0;10;0;0;2;1;1;A01
201200011484;0;7;0;0;2;4;2;B01
201200011485;0;7;0;0;2;8;1;B01
201200011485;0;2;0;0;2;1;9;A01
201200011486;0;15;0;0;2;2;1;A01
201200011486;0;7;0;0;2;6;1;B01
201200011487;0;7;0;0;2;1;1;A01
201200011488;0;33;0;0;0;4;0;B01
201200011488;0;31;0;0;2;1;0;A01
201200011489;0;7;0;1;1;1;20;A01
201200011490;0;7;0;0;2;4;4;A01
201200011491;0;7;0;0;2;1;1;A01
201200011492;0;7;0;0;2;1;1;A01
201200011492;0;32;0;0;2;1;1;B01
201200011493;0;7;0;1;0;2;1;A01
201200011493;0;7;0;0;2;6;24;B01
201200011494;0;7;0;0;2;1;1;A01
201200011494;0;31;0;0;2;4;1;B01
201200011495;0;7;0;5;1;1;1;A01
201200011496;0;10;0;0;2;5;1;B01
201200011496;0;31;0;0;2;1;1;A01
201200011497;0;13;0;15;0;1;13;A01
201200011498;0;33;0;0;2;1;7;A01
201200011498;0;7;0;0;2;7;16;B01
201200011499;0;7;0;0;2;4;24;B01
201200011499;0;2;0;1;0;1;1;A01
201200011500;0;7;0;0;1;1;1;A01
201200011501;0;31;0;0;1;2;1;A01
201200011502;0;7;0;0;2;8;13;A01
201200011502;0;33;0;0;2;1;21;B01
201200011503;0;30;0;0;2;1;9;A01
201200011503;0;2;0;0;2;8;1;C01
201200011503;0;32;0;0;2;1;1;B01
201200011504;0;7;0;0;1;3;15;A01
201200011505;0;7;0;0;2;4;2;B01
201200011505;0;32;0;0;2;1;1;A01
201200011506;0;7;0;0;2;7;0;B01
201200011506;0;32;0;0;2;8;0;A01
201200011507;0;33;0;0;2;1;1;A01