num_acc;senc;catv;occutc;obs;obsm;choc;manv;num_veh
201200011507;0;7;0;0;2;6;1;B01
201200011508;0;7;0;0;2;1;1;B01
201200011508;0;7;0;0;2;7;1;A01
201200011509;0;7;0;0;1;4;4;A01
201200011510;0;31;0;0;2;0;1;A01
201200011510;0;7;0;0;2;5;15;B01
201200011511;0;32;0;0;2;8;1;A01
201200011511;0;7;0;0;2;7;1;B01
201200011512;0;7;0;0;1;1;16;A01
201200011513;0;7;0;0;2;2;15;A01
201200011513;0;2;0;0;2;1;1;B01
201200011514;0;7;0;0;2;3;5;A01
201200011514;0;31;0;0;2;8;1;B01
201200011515;0;1;0;0;2;3;1;B01
201200011515;0;10;0;0;9;2;1;A01
201200011516;0;31;0;0;2;2;1;B01
201200011516;0;7;0;0;2;8;15;A01
201200011517;0;37;26;0;2;3;8;B01
201200011517;0;10;0;0;2;2;15;A01
201200011518;0;33;0;0;2;2;1;A01
201200011518;0;7;0;0;2;3;15;B01
201200011519;0;7;0;0;2;6;1;B01
201200011519;0;2;0;0;2;1;1;A01
201200011520;0;7;0;0;2;1;13;A01
201200011520;0;33;0;0;2;1;1;B01
201200011521;0;7;0;3;0;1;16;A01
201200011522;0;7;0;0;1;2;1;A01
201200011523;0;7;0;6;0;1;1;A01
201200011524;0;7;0;0;1;1;1;A01
201200011525;2;7;0;0;2;3;1;A01
201200011525;0;7;0;0;2;8;1;B01
201200011526;0;7;0;0;2;7;12;A01
201200011526;0;2;0;0;2;8;1;B01
201200011527;0;7;0;0;2;7;1;A01
201200011527;0;7;0;0;2;1;1;B01
201200011528;0;7;0;0;2;4;23;B01
201200011528;0;7;0;14;0;1;1;A01
201200011529;0;7;0;0;1;0;0;A01
201200011530;0;7;0;0;2;1;1;A01
201200011531;0;33;0;0;2;1;1;B01
201200011531;0;7;0;0;2;3;1;A01
201200011532;0;31;0;0;2;8;11;A01
201200011532;0;7;0;0;2;7;1;B01
201200011533;0;31;0;14;0;1;13;A01
201200011533;0;7;0;0;2;3;23;B01
201200011534;0;7;0;0;2;7;1;B01
201200011534;0;7;0;0;2;1;1;A01
201200011535;0;2;0;0;2;1;9;A01
201200011535;0;7;0;0;2;3;1;C01
201200011535;0;7;0;0;2;5;1;B01
201200011536;0;7;0;0;2;1;1;A01
201200011536;0;7;0;0;2;4;2;B01
201200011537;0;7;0;0;2;2;15;B01
201200011537;1;7;0;0;2;1;5;A01
201200011538;0;7;0;0;2;7;14;A01
201200011538;0;2;0;0;2;0;1;B01
201200011539;0;7;0;0;2;3;15;A01
201200011539;0;31;0;0;2;2;17;B01
201200011540;0;7;0;0;1;0;15;A01
201200011541;0;7;0;0;0;6;15;A01
201200011541;0;31;0;0;2;9;1;B01
201200011542;0;7;0;0;2;1;1;A01
201200011542;0;7;0;0;2;8;1;B01
201200011543;0;2;0;0;2;1;1;B01
201200011543;0;10;0;0;2;4;4;A01
201200011544;0;7;0;0;1;1;15;A01
201200011545;0;7;0;0;2;1;1;A01
201200011546;0;10;0;0;2;1;1;A01
201200011547;0;7;0;0;2;2;1;B01
201200011547;0;1;0;0;2;4;9;A01
201200011548;0;7;0;0;2;1;15;A01
201200011548;0;33;0;0;2;7;1;B01
201200011549;0;2;0;1;0;1;14;A01
201200011550;0;7;0;0;2;2;14;A01
201200011551;0;7;0;0;2;7;1;B01
201200011551;0;7;0;0;2;1;1;A01
201200011552;0;7;0;0;2;6;2;B01
201200011552;0;33;0;0;2;2;1;A01
201200011553;0;7;0;0;2;7;1;A01
201200011554;0;7;0;0;2;3;1;A01
201200011555;0;7;0;0;2;7;9;B01
201200011555;0;2;0;0;2;9;9;A01
201200011556;0;7;0;0;0;0;1;A01
201200011556;0;33;0;1;2;1;1;B01
201200011557;0;33;0;0;2;4;1;B01
201200011557;0;7;0;0;2;2;1;A01
201200011558;0;7;0;0;2;3;15;A01
201200011558;0;31;0;0;2;1;17;B01
201200011559;0;32;0;0;2;7;1;B01
201200011559;0;7;0;0;2;3;9;A01
201200011560;0;32;0;0;2;1;1;A01
201200011560;0;7;0;0;2;3;15;B01
201200011561;0;7;0;0;1;4;20;A01
201200011562;0;7;0;0;2;7;9;A01
201200011562;0;31;0;0;2;3;1;B01
201200011563;0;31;0;0;0;0;1;A01
201200011564;0;7;0;0;2;1;1;A01
201200011564;0;31;0;0;2;7;1;B01
201200011565;0;10;0;0;1;1;15;A01
201200011566;0;7;0;0;2;4;2;B01
201200011566;0;7;0;0;2;1;2;A01
201200011566;0;7;0;0;2;4;23;C01
201200011567;0;31;0;0;2;3;1;B01
201200011567;0;7;0;0;2;1;15;A01
201200011568;0;7;0;0;1;1;1;A01
201200011569;0;7;0;0;2;5;9;A01
201200011569;0;31;0;0;2;8;1;B01
201200011570;0;7;0;0;2;2;1;B01
201200011570;0;13;0;0;2;6;1;A01
201200011571;0;33;0;0;2;8;1;B01
201200011571;0;7;0;0;2;1;1;A01
201200011572;0;33;0;0;2;7;15;A01
201200011572;0;7;0;0;2;3;1;B01
201200011573;0;2;0;0;2;1;1;A01
201200011573;0;7;0;0;2;1;1;B01
201200011574;0;7;0;0;2;3;23;B01
201200011574;0;7;0;1;2;1;15;A01
201200011575;0;7;0;0;2;6;1;B01
201200011575;0;33;0;0;2;1;2;A01
201200011576;0;7;0;0;2;2;1;A01
201200011576;0;31;0;0;2;1;1;B01
201200011577;0;30;0;0;2;0;13;A01
201200011577;0;32;0;0;2;0;1;B01
201200011578;0;30;0;0;2;1;1;A01
201200011578;0;7;0;0;2;7;15;B01
201200011579;0;7;0;0;2;1;15;A01
201200011580;0;2;0;0;2;1;1;B01
201200011580;0;7;0;0;2;1;15;A01
201200011581;0;34;0;0;2;3;1;B01
201200011581;0;7;0;0;2;2;16;A01
201200011582;0;7;0;0;2;2;1;A01
201200011582;0;37;20;0;2;3;1;B01
201200011583;0;7;0;0;1;0;1;A01
201200011584;0;30;0;0;2;1;1;A01
201200011584;0;33;0;0;2;1;1;B01
201200011585;0;7;0;0;2;0;15;A01
201200011585;0;30;0;0;2;0;1;B01
201200011586;0;7;0;0;2;3;1;A01
201200011586;0;7;0;0;2;3;1;B01
201200011587;0;7;0;0;1;4;4;A01
201200011588;0;33;0;0;2;4;2;A01
201200011588;0;32;0;0;2;1;2;B01
201200011589;0;2;0;0;2;0;1;B01
201200011589;0;7;0;0;2;7;10;A01
201200011590;0;7;0;1;1;1;15;A01
201200011591;0;7;0;0;2;1;10;A01
201200011591;0;33;0;0;2;1;1;B01
201200011592;0;7;0;0;2;3;1;B01
201200011592;0;7;0;0;2;1;1;A01
201200011593;0;7;0;0;2;1;1;A01
201200011593;0;2;0;0;2;4;1;B01
201200011594;0;32;0;0;2;3;1;A01
201200011595;0;2;0;0;2;1;2;A01
201200011595;0;7;0;0;2;4;2;B01
201200011596;0;7;0;0;2;4;2;C01
201200011596;0;7;0;0;2;1;2;A01
201200011596;0;7;0;0;2;4;2;B01
201200011597;0;7;0;0;2;4;2;B01
201200011597;0;7;0;0;2;1;2;A01
201200011598;0;7;0;0;2;1;1;A01
201200011598;0;7;0;0;2;4;1;B01
201200011599;0;2;0;0;2;3;9;A01
201200011599;0;7;0;0;2;3;1;B01
201200011599;0;7;0;0;2;1;1;C01
201200011600;0;2;0;0;2;1;2;A01
201200011600;0;7;0;0;2;4;1;B01
201200011601;0;2;0;0;2;8;1;B01
201200011601;0;7;0;0;2;3;1;A01
201200011602;0;34;0;8;0;0;0;A01
201200011603;0;10;0;0;1;3;1;A01
201200011604;0;7;0;0;2;1;15;B01
201200011604;0;32;0;0;2;3;1;A01
201200011605;0;7;0;0;2;2;12;A01
201200011605;0;2;0;0;2;8;1;B01
201200011606;0;7;0;0;2;2;16;A01
201200011606;0;31;0;1;2;0;1;B01
201200011607;0;7;0;0;2;3;15;A01
201200011607;0;30;0;0;2;1;1;B01
201200011608;0;31;0;0;2;1;5;A01
201200011608;0;99;0;0;2;8;1;B01
201200011609;0;7;0;0;1;1;1;A01
201200011610;0;10;0;0;1;1;15;A01
201200011611;0;31;0;0;1;1;1;A01
201200011612;0;7;0;0;1;1;1;A01
201200011613;0;30;0;0;0;3;1;A01
201200011614;0;10;0;0;2;8;15;B01
201200011614;0;32;0;0;2;2;17;A01
201200011615;0;2;0;0;2;3;1;A01
201200011615;0;7;0;0;2;7;1;B01
201200011615;1;99;0;0;2;0;0;Z01
201200011616;0;7;0;0;2;2;1;A01
201200011616;0;7;0;0;2;1;1;B01
201200011617;0;7;0;0;2;6;1;B01
201200011617;0;33;0;0;2;1;1;A01
201200011618;0;7;0;0;2;3;15;A01
201200011618;0;33;0;0;2;1;1;B01
201200011619;0;7;0;0;2;3;0;A01
201200011619;0;32;0;0;2;1;0;B01
201200011620;0;30;0;0;2;4;2;B01
201200011620;0;10;0;0;2;1;2;A01
201200011621;0;7;0;0;2;2;9;A01
201200011621;0;30;0;0;2;0;1;B01
201200011622;0;7;0;0;2;4;1;B01
201200011622;0;33;0;0;2;1;1;A01
201200011623;0;7;0;0;2;1;13;A01
201200011623;0;7;0;0;2;3;1;B01
201200011624;0;31;0;0;2;1;1;A01
201200011624;0;7;0;0;2;2;9;B01
201200011625;0;30;0;0;2;8;0;A01
201200011625;0;7;0;0;2;2;1;B01
201200011626;0;33;0;0;2;1;2;A01
201200011626;0;7;0;0;2;4;23;B01
201200011627;0;30;0;0;2;8;9;A01
201200011627;0;7;0;0;2;3;1;B01
201200011628;0;30;0;0;2;1;1;A01
201200011628;0;7;0;0;2;6;1;B01
201200011629;0;7;0;0;2;5;14;A01
201200011629;0;30;0;0;2;7;1;B01
201200011630;0;30;0;0;0;1;0;A01
201200011631;0;32;0;0;2;9;1;A01
201200011632;0;7;0;0;2;8;15;B01
201200011632;0;33;0;0;2;1;1;A01
201200011633;0;32;0;0;2;1;1;A01
201200011633;0;7;0;0;2;3;15;B01
201200011634;0;7;0;0;2;1;1;A01
201200011635;0;7;0;0;2;2;1;A01
201200011635;0;31;0;0;2;1;1;B01
201200011636;0;7;0;0;2;3;13;A01
201200011636;0;10;0;0;2;3;1;B01
201200011637;1;7;0;0;2;0;15;A01
201200011637;0;33;0;0;2;9;1;B01
201200011638;0;7;0;0;2;1;1;A01
201200011638;0;30;0;0;2;0;0;B01
201200011639;0;10;0;0;2;3;15;B01
201200011639;0;34;0;0;2;7;2;A01
201200011640;0;7;0;0;2;1;0;A01
201200011640;0;7;0;0;2;2;0;B01
201200011641;0;7;0;0;2;3;15;B01
201200011641;0;30;0;0;2;1;1;A01
201200011642;0;33;0;0;2;8;0;A01
201200011642;0;7;0;0;2;3;1;B01
201200011643;0;10;0;0;2;1;1;A01
201200011643;0;7;0;0;2;4;2;B01
201200011644;0;7;0;0;2;2;1;A01
201200011644;0;7;0;0;2;1;1;B01
201200011645;0;7;0;0;0;1;1;A01
201200011645;0;7;0;0;2;1;1;B01
201200011646;0;7;0;0;1;3;15;A01
201200011647;0;7;0;0;2;2;1;A01
201200011647;0;7;0;6;2;6;9;B01
201200011648;0;30;0;0;2;3;1;A01
201200011648;0;7;0;0;2;2;14;B01
201200011649;1;7;0;0;2;0;1;Z01
201200011649;0;7;0;1;2;2;14;B01
201200011649;0;7;0;0;2;3;1;A01
201200011650;0;37;1;0;1;8;1;A01
201200011651;0;7;0;0;2;4;23;B01
201200011651;0;7;0;0;2;1;2;A01
201200011652;0;7;0;0;2;4;2;C01
201200011652;0;7;0;14;2;4;2;B01
201200011652;0;7;0;14;0;1;1;A01
201200011653;0;31;0;0;2;3;1;B01
201200011653;0;7;0;0;2;1;15;A01
201200011654;0;7;0;0;2;1;1;A01
201200011654;0;7;0;0;2;9;1;B01
201200011654;0;7;0;0;2;4;1;C01
201200011655;0;7;0;0;2;2;10;A01
201200011655;0;33;0;0;2;1;1;B01
201200011656;0;10;0;0;2;1;15;A01
201200011656;0;2;0;0;2;1;8;B01
201200011657;0;7;0;0;1;1;1;A01
201200011658;0;10;0;0;2;4;2;B01
201200011658;0;30;0;0;2;1;2;A01
201200011659;0;33;0;0;2;9;9;A01
201200011659;0;7;0;0;2;1;1;B01
201200011660;0;7;0;0;2;2;15;A01
201200011660;0;32;0;0;2;1;1;B01
201200011661;0;7;0;0;2;5;1;B01
201200011661;0;2;0;0;2;6;0;A01
201200011662;0;7;0;0;2;1;1;A01
201200011662;0;7;0;0;2;1;1;B01
201200011663;0;30;0;0;2;1;2;A01
201200011663;0;7;0;0;2;4;2;B01
201200011664;0;7;0;0;2;5;1;A01
201200011664;0;30;0;0;2;1;1;B01
201200011665;0;7;0;0;2;0;0;B01
201200011665;0;30;0;0;0;9;1;A01
201200011666;0;7;0;0;2;1;1;A01
201200011666;0;7;0;0;2;4;1;B01
201200011667;0;7;0;0;2;2;12;A01
201200011667;0;33;0;0;2;1;1;B01
201200011668;0;7;0;0;2;3;2;A01
201200011668;0;7;0;0;2;4;1;B01
201200011669;0;7;0;1;0;1;13;A01
201200011670;0;7;0;0;2;0;10;A01
201200011670;0;32;0;0;2;2;1;B01
201200011671;0;7;0;14;0;1;1;A01
201200011671;0;7;0;0;2;4;2;B01
201200011672;0;7;0;0;2;0;9;A01
201200011672;0;31;0;0;2;5;1;B01
201200011673;0;37;1;0;1;2;16;A01
201200011674;0;7;0;0;2;6;0;B01
201200011674;0;33;0;0;2;2;0;A01
201200011675;0;30;0;0;2;1;1;B01
201200011675;0;7;0;0;2;4;4;A01
201200011676;0;32;0;0;2;5;1;B01
201200011676;0;2;0;0;2;3;11;A01
201200011677;0;7;0;0;2;8;9;A01
201200011677;0;2;0;0;2;9;1;B01
201200011678;0;7;0;0;2;1;1;C01
201200011678;0;2;0;0;2;2;1;A01
201200011678;0;7;0;0;2;6;11;B01
201200011679;0;7;0;0;2;4;1;B01
201200011679;0;7;0;0;2;1;1;A01
201200011680;0;7;0;0;1;4;1;A01
201200011681;0;7;0;0;2;3;9;A01
201200011681;0;32;0;0;2;1;17;B01
201200011682;0;7;0;6;0;1;1;A01
201200011683;0;7;0;0;2;3;1;B01
201200011683;0;7;0;1;2;2;16;A01
201200011684;0;7;0;0;2;3;15;A01
201200011684;0;2;0;0;2;7;17;B01
201200011685;0;2;0;0;2;1;1;B01
201200011685;0;7;0;0;2;2;1;A01
201200011686;0;10;0;0;1;1;15;A01
201200011687;0;10;0;1;1;1;4;A01
201200011688;0;33;0;0;2;1;1;A01
201200011688;0;7;0;0;2;4;1;B01
201200011689;0;7;0;0;2;8;1;B01
201200011689;0;7;0;0;2;3;0;A01
201200011690;0;7;0;0;1;4;4;A01
201200011691;0;2;0;0;2;2;17;A01
201200011691;0;7;0;0;2;8;1;B01
201200011692;1;7;0;0;2;0;0;Z01
201200011692;0;32;0;0;2;1;1;A01
201200011693;0;30;0;0;2;1;1;B01
201200011693;0;7;0;0;2;2;16;A01
201200011694;0;7;0;0;2;1;7;A01
201200011694;0;7;0;0;2;7;1;B01
201200011695;0;2;0;0;2;1;1;B01
201200011695;0;7;0;0;2;2;16;A01
201200011696;0;7;0;0;2;5;11;A01
201200011696;0;2;0;0;2;7;1;B01
201200011697;0;7;0;0;1;2;1;A01
201200011698;0;7;0;0;1;3;1;A01
201200011699;0;7;0;0;2;3;0;A01
201200011699;0;7;0;1;2;5;20;B01
201200011700;0;32;0;0;2;1;1;A01
201200011700;0;7;0;0;2;1;1;B01
201200011701;0;30;0;0;1;1;1;A01
201200011702;0;1;0;0;2;5;19;B01
201200011702;0;31;0;0;2;1;1;A01
201200011703;0;7;0;1;1;1;0;A01
201200011704;0;7;0;0;1;1;1;A01
201200011705;0;7;0;0;2;5;13;A01
201200011705;0;31;0;0;2;2;1;B01
201200011706;0;2;0;0;2;1;17;B01
201200011706;0;7;0;0;2;3;9;A01
201200011707;0;7;0;0;1;4;20;A01
201200011708;0;7;0;0;0;3;1;B01
201200011708;0;32;0;0;2;3;17;A01
201200011709;0;7;0;3;2;5;23;B01
201200011709;0;10;0;0;2;1;1;A01
201200011710;0;10;0;0;2;1;1;B01
201200011710;0;2;0;0;2;1;1;A01
201200011711;0;38;2;0;1;1;1;A01
201200011712;0;10;0;0;1;1;1;A01
201200011713;0;7;0;0;2;2;16;A01
201200011713;0;10;0;0;2;3;1;B01
201200011714;0;37;4;0;2;3;1;A01
201200011714;0;7;0;0;2;3;5;B01
201200011715;0;7;0;0;2;0;1;B01
201200011715;0;7;0;0;2;1;1;A01
201200011716;0;2;0;0;2;1;1;A01
201200011716;0;7;0;0;2;8;15;B01
201200011717;0;7;0;0;2;3;15;A01
201200011717;0;37;26;0;2;2;7;B01
201200011718;0;7;0;0;2;1;1;A01
201200011718;0;7;0;0;2;4;1;B01
201200011719;0;7;0;0;2;1;1;A01
201200011719;0;2;0;0;2;1;0;B01
201200011720;0;2;0;0;2;4;1;B01
201200011720;0;7;0;0;2;1;1;C01
201200011720;0;7;0;0;2;1;2;A01
201200011721;0;31;0;0;2;4;2;B01
201200011721;0;14;0;14;0;2;1;A01
201200011722;0;7;0;0;2;3;9;A01
201200011722;0;30;0;0;2;1;1;B01
201200011723;0;7;0;0;2;1;2;A01
201200011723;0;10;0;0;2;4;1;B01
201200011724;0;7;0;0;2;1;1;B01
201200011724;0;2;0;0;2;8;19;A01
201200011725;2;31;0;0;2;1;5;A01
201200011725;0;2;0;0;2;1;1;B01
201200011726;1;31;0;0;1;1;1;A01
201200011727;0;7;0;0;1;4;4;A01
201200011728;0;7;0;0;2;4;1;C01
201200011728;0;7;0;0;2;1;2;A01
201200011728;0;7;0;0;2;4;2;B01
201200011729;0;33;0;0;2;1;1;A01
201200011729;0;7;0;0;2;8;11;B01
201200011730;0;33;0;0;2;4;1;B01
201200011730;0;7;0;0;2;1;1;A01
201200011731;0;7;0;0;2;1;2;A01
201200011731;0;7;0;0;2;4;1;B01
201200011732;0;2;0;0;2;8;7;A01
201200011732;0;7;0;0;2;2;16;B01
201200011733;0;7;0;0;1;1;1;A01
201200011734;0;14;0;0;2;2;1;B01
201200011734;0;7;0;0;2;3;1;A01
201200011735;0;7;0;0;1;3;15;A01
201200011736;0;2;0;0;2;4;23;B01
201200011736;0;10;0;0;2;1;2;A01
201200011737;0;7;0;0;2;1;1;B01
201200011737;0;7;0;0;2;1;5;A01
201200011738;0;30;0;0;2;1;1;B01
201200011738;0;7;0;0;2;2;15;A01
201200011739;0;2;0;0;2;8;1;B01
201200011739;0;7;0;0;2;3;15;A01
201200011740;0;7;0;0;2;8;15;A01
201200011740;0;37;2;0;2;2;1;B01
201200011741;0;7;0;0;2;3;2;A01
201200011741;0;7;0;0;2;7;16;B01
201200011742;0;7;0;0;2;4;1;A01
201200011742;0;7;0;0;2;1;1;E01
201200011742;0;7;0;0;2;4;1;B01
201200011742;0;7;0;0;2;4;1;C01
201200011742;0;7;0;0;2;1;1;D01
201200011743;0;7;0;0;2;1;1;A01
201200011743;0;10;0;1;2;2;1;B01
201200011744;0;30;0;0;2;6;9;B01
201200011744;0;30;0;0;2;7;1;A01
201200011745;0;31;0;0;0;0;1;A01
201200011746;0;1;0;0;2;8;1;C01
201200011746;0;7;0;0;2;2;1;A01
201200011746;0;7;0;0;2;1;2;B01
201200011747;0;3;0;0;2;1;2;A01
201200011747;0;7;0;0;2;4;2;B01
201200011748;0;33;0;0;0;7;1;A01
201200011749;0;7;0;0;2;4;1;B01
201200011749;0;10;0;0;2;1;1;A01
201200011750;0;32;0;0;2;2;17;B01
201200011750;0;32;0;0;2;1;21;C01
201200011750;0;7;0;0;2;6;15;A01
201200011751;0;2;0;0;2;1;1;B01
201200011751;0;7;0;0;2;1;15;A01
201200011752;1;14;0;0;2;1;1;A01
201200011752;0;7;0;0;2;2;1;B01
201200011753;0;31;0;0;2;1;1;B01
201200011753;0;7;0;0;2;1;15;A01
201200011754;0;30;0;0;1;1;1;A01
201200011755;0;7;0;0;1;0;1;A01
201200011756;0;30;0;0;2;3;1;A01
201200011756;0;10;0;0;2;7;9;B01
201200011757;0;2;0;0;2;1;1;A01
201200011757;0;7;0;0;2;4;20;B01
201200011758;0;14;0;0;2;4;1;C01
201200011758;0;7;0;0;2;4;1;B01
201200011758;0;7;0;0;2;1;1;A01
201200011759;0;10;0;0;1;4;4;A01
201200011760;0;7;0;0;2;1;2;A01
201200011760;0;7;0;0;2;4;1;C01
201200011760;0;7;0;0;2;4;2;B01
201200011761;0;7;0;0;2;4;2;B01
201200011761;0;30;0;0;2;1;2;A01
201200011762;0;7;0;0;2;8;1;A01
201200011762;0;2;0;0;2;1;1;B01
201200011763;0;10;0;0;2;1;15;A01
201200011763;0;33;0;0;2;1;1;B01
201200011764;0;7;0;0;1;2;1;A01
201200011765;0;7;0;0;2;4;1;B01
201200011765;0;15;0;0;2;1;1;A01
201200011766;0;7;0;0;2;8;11;A01
201200011766;0;30;0;1;2;1;1;B01
201200011767;0;7;0;0;1;2;1;A01
201200011768;0;7;0;9;2;1;0;A01
201200011768;0;7;0;0;2;6;0;B01
201200011769;0;7;0;0;2;1;15;A01
201200011769;0;33;0;0;2;7;17;B01
201200011770;0;30;0;0;2;2;1;A01
201200011770;0;7;0;0;2;3;15;B01
201200011771;0;7;0;0;2;5;1;B01
201200011771;0;30;0;0;2;1;1;A01
201200011772;0;7;0;0;1;3;15;A01
201200011773;0;7;0;0;2;1;15;A01
201200011773;0;31;0;0;2;1;1;B01
201200011774;0;7;0;0;1;3;1;A01
201200011775;0;7;0;0;2;3;1;B01
201200011775;0;7;0;0;2;1;1;A01
201200011776;0;7;0;0;2;2;15;A01
201200011776;0;1;0;0;2;1;1;B01
201200011777;0;7;0;0;2;1;2;A01
201200011777;0;10;0;0;2;4;1;B01
201200011778;0;2;0;0;2;4;15;B01
201200011778;0;10;0;0;2;8;15;A01
201200011779;0;7;0;0;2;1;1;A01
201200011779;0;7;0;0;2;4;1;B01
201200011780;0;31;0;0;2;4;1;B01
201200011780;0;7;0;0;2;3;1;A01
201200011781;0;7;0;0;2;7;1;C01
201200011781;0;7;0;0;2;8;23;A01
201200011781;0;2;0;0;2;9;1;B01
201200011782;0;31;0;0;2;7;0;A01
201200011782;0;7;0;0;2;7;1;B01
201200011783;2;31;0;0;2;1;1;B01
201200011783;1;7;0;0;2;1;15;Z01
201200011784;0;31;0;0;2;4;15;B01
201200011784;0;7;0;0;2;1;2;A01
201200011785;0;7;0;0;2;3;15;A01
201200011785;0;2;0;0;2;1;1;B01
201200011786;0;31;0;0;1;1;1;A01
201200011787;0;7;0;0;2;4;1;B01
201200011787;0;7;0;1;2;1;1;A01
201200011788;0;31;0;0;1;1;17;A01
201200011789;0;7;0;0;1;1;1;A01
201200011790;0;30;0;0;1;1;1;A01
201200011791;0;7;0;0;2;4;1;C01
201200011791;0;7;0;0;2;9;1;B01
201200011791;0;7;0;0;2;1;1;A01
201200011792;0;1;0;0;2;1;0;A01
201200011792;0;33;0;0;2;1;0;B01
201200011793;0;7;0;0;2;3;1;A01
201200011793;0;10;0;0;2;6;15;B01
201200011794;0;2;0;0;2;0;0;A01
201200011794;0;2;0;0;2;4;7;B01
201200011795;0;1;0;0;2;1;1;B01
201200011795;0;10;0;0;2;7;16;A01
201200011796;0;10;0;0;1;1;1;A01
201200011797;0;7;0;0;2;1;1;A01
201200011797;0;2;0;0;2;2;1;B01
201200011798;0;33;0;14;0;1;3;A01
201200011798;0;7;0;0;2;5;23;B01
201200011798;0;7;0;0;2;6;23;C01
201200011799;0;7;0;0;1;4;4;A01
201200011800;0;2;0;0;2;1;1;A01
201200011800;0;7;0;0;2;1;1;B01
201200011801;0;31;0;0;1;1;1;A01
201200011802;0;7;0;0;1;3;15;A01
201200011803;0;7;0;0;2;4;23;B01
201200011803;0;7;0;0;2;1;1;A01
201200011804;0;7;0;0;2;3;9;A01
201200011804;0;2;0;0;2;1;1;B01
201200011805;0;7;0;0;2;8;1;B01
201200011805;0;7;0;0;2;1;1;A01
201200011806;0;7;0;0;1;2;15;A01
201200011807;0;7;0;14;0;1;0;A01
201200011808;0;7;0;0;2;1;15;A01
201200011808;0;1;0;0;2;1;1;B01
201200011809;0;33;0;0;2;4;23;B01
201200011809;0;7;0;0;2;1;2;A01
201200011809;0;7;0;0;2;1;1;C01
201200011810;0;2;0;0;1;1;1;A01
201200011811;0;2;0;0;2;1;2;A01
201200011811;0;7;0;0;2;4;23;B01
201200011812;0;31;0;0;1;1;1;A01
201200011813;0;10;0;0;2;1;2;A01
201200011813;0;7;0;0;2;4;23;B01
201200011814;1;2;0;0;1;1;1;A01
201200011815;0;7;0;0;2;2;16;A01
201200011815;0;1;0;0;2;1;1;B01
201200011816;0;31;0;0;2;1;17;A01
201200011816;0;10;0;0;2;8;15;B01
201200011817;0;7;0;8;2;1;1;B01
201200011817;0;7;0;0;2;3;6;A01
201200011818;0;7;0;0;2;1;13;A01
201200011818;0;7;0;0;2;1;1;B01
201200011819;0;33;0;0;2;4;23;B01
201200011819;0;7;0;0;2;2;1;A01
201200011820;0;30;0;0;2;7;13;A01
201200011820;0;37;1;0;2;1;1;B01
201200011821;0;10;0;8;0;1;1;A01
201200011822;0;7;0;3;0;0;1;A01
201200011823;0;7;0;0;2;2;16;A01
201200011823;0;33;0;0;2;3;0;B01
201200011824;0;10;0;0;2;2;15;A01
201200011824;0;33;0;0;2;1;1;B01
201200011825;0;2;0;0;2;1;1;A01
201200011825;0;10;0;0;2;4;1;B01
201200011826;0;7;0;0;2;2;9;B01
201200011826;0;2;0;0;2;1;1;C01
201200011826;0;32;0;0;2;1;1;A01
201200011827;0;7;0;1;1;2;11;A01
201200011828;0;10;0;0;2;4;23;B01
201200011828;0;34;0;14;0;1;1;A01
201200011829;0;10;0;0;2;3;9;A01
201200011829;0;33;0;0;2;7;1;B01
201200011830;0;7;0;0;2;2;12;A01
201200011830;0;33;0;0;2;3;1;B01
201200011831;0;31;0;0;2;4;1;B01
201200011831;0;7;0;0;2;1;1;A01
201200011832;0;7;0;0;2;1;1;A01
201200011832;0;7;0;0;2;6;0;B01
201200011833;0;7;0;8;0;7;14;A01
201200011834;0;30;0;0;2;1;1;A01
201200011834;0;32;0;0;2;7;1;B01
201200011835;0;7;0;0;2;4;2;B01
201200011835;0;7;0;0;2;1;1;A01
201200011836;0;30;0;0;2;1;1;B01
201200011836;0;7;0;0;2;8;6;A01
201200011837;0;33;0;0;1;1;1;A01
201200011838;0;7;0;0;2;5;15;B01
201200011838;0;2;0;0;2;1;1;A01
201200011839;0;7;0;0;2;1;1;B01
201200011839;0;7;0;0;2;8;1;A01
201200011840;0;7;0;0;2;3;9;B01
201200011840;0;33;0;0;2;1;1;A01
201200011841;0;10;0;1;1;1;1;A01
201200011842;0;2;0;0;2;3;0;A01
201200011842;0;37;1;0;2;5;1;B01
201200011843;0;7;0;0;2;7;0;B01
201200011843;0;30;0;6;2;2;0;A01
201200011844;0;7;0;0;2;2;15;A01
201200011844;0;1;0;0;2;5;15;B01
201200011845;0;7;0;0;2;1;2;B01
201200011845;0;10;0;0;2;1;2;A01
201200011845;0;7;0;0;2;4;2;C01
201200011846;0;7;0;0;2;6;10;B01
201200011846;0;31;0;0;2;1;2;A01
201200011847;0;7;0;0;2;2;15;B01
201200011847;0;1;0;0;2;8;8;A01
201200011848;0;7;0;0;2;3;2;C01
201200011848;0;7;0;0;2;4;2;B01
201200011848;0;10;0;0;2;1;2;A01
201200011849;0;7;0;0;2;2;14;A01
201200011849;0;32;0;0;2;6;1;B01
201200011850;0;2;0;0;1;1;5;A01
201200011851;0;7;0;0;2;0;0;B01
201200011851;0;33;0;0;2;1;1;A01
201200011852;0;7;0;0;2;2;1;A01
201200011853;0;7;0;0;2;1;15;A01
201200011853;0;2;0;0;2;2;1;B01
201200011854;0;7;0;0;2;8;1;B01
201200011854;0;7;0;0;2;1;0;A01
201200011855;0;10;0;0;2;1;1;B01
201200011855;0;30;0;0;2;1;19;A01