num_acc;senc;catv;occutc;obs;obsm;choc;manv;num_veh
201200012209;0;7;0;0;2;6;1;B02
201200012209;0;7;0;0;2;2;1;A01
201200012210;0;7;0;0;1;2;1;A01
201200012211;0;7;0;0;2;6;0;A01
201200012211;0;7;0;0;2;2;2;B02
201200012212;0;7;0;0;2;1;2;A01
201200012212;0;7;0;0;0;4;2;B02
201200012213;0;7;0;14;0;9;1;A01
201200012214;0;7;0;3;2;4;2;B02
201200012214;0;7;0;0;2;1;2;A01
201200012214;0;7;0;14;0;1;2;C03
201200012215;0;7;0;0;2;1;2;A01
201200012215;0;7;0;0;0;4;2;B02
201200012216;0;7;0;0;0;4;2;B02
201200012216;0;7;0;0;2;0;1;A01
201200012217;0;7;0;4;0;3;21;A01
201200012218;0;7;0;11;0;8;1;A01
201200012219;0;33;0;0;2;1;21;A01
201200012219;0;7;0;0;0;7;19;B02
201200012220;0;7;0;0;0;9;17;A01
201200012220;0;7;0;0;9;1;1;B02
201200012221;0;33;0;0;0;8;16;A01
201200012222;0;7;0;0;2;4;2;C03
201200012222;0;15;0;0;2;1;2;A01
201200012223;0;7;0;0;2;2;17;A01
201200012223;0;15;0;0;2;0;1;B02
201200012224;0;7;0;3;0;6;2;B02
201200012224;0;7;0;0;0;7;3;D04
201200012224;0;7;0;0;2;1;2;C03
201200012224;0;7;0;0;2;1;1;A01
201200012225;0;7;0;0;2;6;23;B02
201200012225;0;33;0;0;2;2;21;A01
201200012226;0;7;0;0;0;0;1;A01
201200012226;0;7;0;0;9;9;1;B02
201200012227;0;10;0;0;2;1;1;B02
201200012227;0;7;0;0;2;4;23;A01
201200012228;0;7;0;0;0;4;23;B02
201200012228;0;7;0;0;0;1;2;A01
201200012229;0;7;0;1;1;2;5;A01
201200012230;0;7;0;16;0;2;14;A01
201200012231;0;14;0;0;2;4;2;B02
201200012231;0;7;0;0;2;1;2;A01
201200012232;0;7;0;0;2;2;17;A01
201200012232;0;15;0;0;0;6;3;B02
201200012233;0;7;0;3;2;8;1;B02
201200012233;0;37;41;3;2;1;6;A01
201200012234;0;7;0;0;0;0;1;A01
201200012234;0;7;0;3;0;1;21;B02
201200012235;0;7;0;0;2;5;2;B02
201200012235;0;7;0;3;0;1;12;A01
201200012236;0;7;0;0;2;6;1;B02
201200012236;0;7;0;0;2;7;3;A01
201200012237;0;7;0;13;0;2;14;A01
201200012238;0;7;0;0;0;0;0;C03
201200012238;0;7;0;0;0;0;0;D04
201200012238;0;7;0;0;0;0;0;B02
201200012238;0;7;0;1;2;0;21;A01
201200012239;0;7;0;0;6;1;1;A01
201200012240;0;10;0;0;0;4;1;C03
201200012240;0;7;0;13;0;0;21;B02
201200012240;0;7;0;0;0;1;12;A01
201200012241;0;7;0;4;2;7;1;B02
201200012241;0;17;0;4;2;8;13;A01
201200012242;0;17;0;0;0;6;1;B02
201200012242;0;7;0;0;2;2;1;A01
201200012243;0;17;0;0;0;6;2;B02
201200012243;0;7;0;0;2;1;3;A01
201200012244;0;7;0;14;0;1;1;D04
201200012244;0;15;0;14;0;1;0;C03
201200012244;0;15;0;0;0;0;9;A01
201200012244;0;7;0;0;9;7;1;B02
201200012245;0;7;0;6;2;1;14;A01
201200012245;0;14;0;0;2;5;2;B02
201200012246;0;15;0;0;2;2;12;B02
201200012246;0;7;0;3;0;6;1;A01
201200012247;0;7;0;0;2;3;1;A01
201200012247;0;7;0;0;0;4;1;B02
201200012248;0;7;0;0;2;1;13;A01
201200012248;0;7;0;0;2;3;1;B02
201200012249;0;7;0;4;0;0;1;A01
201200012250;0;7;0;3;0;1;12;A01
201200012251;0;10;0;3;0;2;14;A01
201200012252;0;33;0;13;0;1;1;A01
201200012253;0;31;0;0;0;0;1;A01
201200012254;0;10;0;0;2;3;1;B02
201200012254;0;7;0;0;2;2;11;A01
201200012255;0;7;0;0;2;2;1;C03
201200012255;0;7;0;0;2;6;1;B02
201200012255;0;7;0;3;2;3;13;A01
201200012256;0;7;0;13;0;1;1;A01
201200012257;0;7;0;13;0;2;14;A01
201200012258;0;7;0;13;0;9;21;A01
201200012259;0;7;0;13;0;1;0;A01
201200012260;0;10;0;0;0;6;1;B02
201200012260;0;7;0;4;2;2;12;A01
201200012261;0;7;0;3;0;9;12;A01
201200012261;0;7;0;0;2;2;1;B02
201200012262;0;17;0;0;2;8;11;C03
201200012262;0;7;0;4;2;2;1;A01
201200012262;0;7;0;0;2;1;1;B02
201200012263;0;7;0;4;0;3;1;A01
201200012264;0;7;0;0;2;6;2;B02
201200012264;0;33;0;0;2;1;2;A01
201200012265;0;7;0;0;2;2;1;A01
201200012265;0;17;0;0;2;0;1;B02
201200012266;0;7;0;0;6;3;1;A01
201200012266;0;7;0;0;6;9;1;B02
201200012266;0;7;0;0;2;1;1;C03
201200012267;0;10;0;0;2;1;21;H08
201200012267;0;10;0;0;2;1;21;A01
201200012267;0;7;0;0;0;3;1;F06
201200012267;0;10;0;0;2;2;21;G07
201200012267;0;7;0;0;0;4;21;C03
201200012267;0;7;0;0;2;1;21;E05
201200012267;0;7;0;0;2;2;21;D04
201200012267;0;15;0;0;2;6;1;B02
201200012268;0;7;0;3;2;9;17;A01
201200012268;0;7;0;0;2;1;1;C03
201200012268;0;17;0;0;2;7;1;B02
201200012269;0;7;0;1;0;0;21;C03
201200012269;0;15;0;0;2;4;1;B02
201200012269;0;15;0;0;2;1;2;A01
201200012270;0;7;0;13;0;2;14;A01
201200012271;0;17;0;4;0;1;14;A01
201200012272;0;7;0;0;2;4;2;B02
201200012272;0;7;0;0;2;4;2;C03
201200012272;0;7;0;0;2;1;13;A01
201200012272;0;17;0;0;2;6;2;D04
201200012273;0;17;0;0;2;5;1;B02
201200012273;0;7;0;0;2;3;1;A01
201200012274;0;7;0;0;2;3;2;A01
201200012274;0;17;0;0;2;5;2;B02
201200012275;0;15;0;0;0;6;1;B02
201200012275;0;7;0;3;2;1;13;A01
201200012276;0;7;0;0;0;3;17;A01
201200012276;0;7;0;0;0;3;1;B02
201200012277;0;7;0;0;2;2;21;B02
201200012277;0;7;0;0;2;2;13;A01
201200012278;0;2;0;0;2;8;1;A01
201200012279;0;7;0;0;2;1;1;A01
201200012279;0;7;0;0;2;3;19;B02
201200012280;0;7;0;0;2;1;1;B02
201200012280;0;7;0;11;2;1;13;A01
201200012281;0;7;0;0;2;1;0;B02
201200012281;0;31;0;0;2;1;15;A01
201200012282;0;7;0;12;0;1;21;A01
201200012283;0;7;0;0;2;1;1;A01
201200012284;0;7;0;3;0;1;0;A01
201200012285;0;7;0;4;0;3;1;A01
201200012286;0;7;0;4;0;3;1;A01
201200012287;0;10;0;3;0;6;1;B02
201200012287;0;10;0;0;2;2;14;A01
201200012288;0;15;0;0;2;5;2;B02
201200012288;0;7;0;0;2;1;2;A01
201200012289;0;7;0;4;0;3;21;A01
201200012290;0;7;0;4;0;3;13;A01
201200012291;0;7;0;0;0;0;23;B02
201200012291;0;7;0;0;2;1;2;A01
201200012292;0;7;0;4;0;3;1;A01
201200012292;0;7;0;0;2;1;21;B02
201200012292;0;17;0;0;2;8;1;C03
201200012293;0;17;0;1;0;2;1;A01
201200012293;0;7;0;0;0;6;24;B02
201200012294;0;17;0;4;0;2;14;A01
201200012295;0;7;0;3;0;1;14;A01
201200012296;0;7;0;0;2;1;2;A01
201200012297;0;7;0;0;1;3;21;A01
201200012298;0;7;0;3;0;3;13;A01
201200012299;0;7;0;3;2;3;21;A01
201200012299;0;7;0;0;2;6;20;B02
201200012300;0;10;0;3;0;0;0;A01
201200012301;0;7;0;4;0;1;1;A01
201200012302;0;7;0;0;2;2;17;A01
201200012302;1;17;0;0;2;6;0;B02
201200012303;0;17;0;0;0;0;1;C03
201200012303;0;10;0;0;2;2;14;A01
201200012303;0;17;0;0;2;6;1;B02
201200012304;0;7;0;3;2;2;1;B02
201200012304;0;17;0;0;0;0;1;A01
201200012305;0;17;0;3;2;3;6;A01
201200012305;0;7;0;0;2;3;17;B02
201200012306;0;10;0;0;2;2;1;A01
201200012306;0;17;0;0;2;6;1;B02
201200012307;0;7;0;16;0;2;14;A01
201200012308;0;7;0;0;0;6;2;A01
201200012308;0;7;0;0;2;2;14;B02
201200012309;0;7;0;8;0;1;9;A01
201200012310;0;7;0;4;0;1;0;A01
201200012311;0;7;0;0;2;6;1;B02
201200012311;0;7;0;0;2;2;17;A01
201200012312;0;14;0;0;2;4;2;A01
201200012312;0;7;0;0;2;1;2;B02
201200012313;0;15;0;13;0;2;1;A01
201200012314;0;7;0;13;0;2;14;A01
201200012315;0;7;0;0;2;1;11;A01
201200012315;0;7;0;0;2;4;1;B02
201200012316;0;30;0;0;0;7;1;A01
201200012317;0;33;0;0;0;7;1;A01
201200012318;0;7;0;0;2;3;15;B02
201200012318;0;7;0;8;0;3;16;A01
201200012319;1;14;0;0;1;1;1;A01
201200012320;0;7;0;0;1;7;1;A01
201200012321;0;7;0;0;2;2;17;A01
201200012321;0;2;0;0;0;4;1;B02
201200012321;0;7;0;0;2;3;1;C03
201200012322;0;7;0;13;0;2;1;A01
201200012323;0;33;0;0;1;1;1;A01
201200012324;0;7;0;1;1;3;1;A01
201200012325;0;33;0;1;2;1;21;B02
201200012325;0;7;0;0;2;4;20;A01
201200012326;0;7;0;9;0;5;21;A01
201200012327;0;33;0;2;0;1;1;A01
201200012328;0;30;0;0;2;1;1;A01
201200012328;0;7;0;0;2;4;2;B02
201200012329;0;33;0;3;0;2;1;A01
201200012330;0;30;0;0;2;8;15;A01
201200012330;0;7;0;0;2;1;1;B02
201200012331;0;33;0;15;0;1;14;A01
201200012332;0;10;0;0;2;6;9;A01
201200012332;0;10;0;0;2;9;12;B02
201200012333;0;14;0;0;2;6;1;B02
201200012333;0;10;0;3;2;2;17;A01
201200012334;0;7;0;0;2;1;2;A01
201200012334;0;7;0;0;2;4;1;B02
201200012335;0;7;0;0;2;1;2;A01
201200012335;0;7;0;0;2;4;23;B02
201200012336;0;17;0;0;0;0;2;B02
201200012336;0;10;0;0;2;2;2;A01
201200012337;0;34;0;0;2;1;1;A01
201200012337;0;7;0;0;2;3;23;B02
201200012338;0;7;0;0;2;1;16;A01
201200012338;0;7;0;0;2;7;15;B02
201200012339;0;2;0;0;1;1;17;A01
201200012340;0;7;0;0;0;8;0;B02
201200012340;0;7;0;0;0;0;0;C03
201200012340;0;7;0;0;0;0;0;D04
201200012340;0;7;0;6;0;0;0;A01
201200012341;0;7;0;0;2;2;1;B02
201200012341;0;17;0;0;2;8;11;A01
201200012342;0;7;0;5;0;1;0;A01
201200012343;0;7;0;4;0;8;21;B02
201200012343;0;15;0;0;2;8;11;A01
201200012344;0;7;0;4;0;3;1;A01
201200012345;0;33;0;1;0;1;1;B02
201200012345;0;7;0;4;0;8;13;A01
201200012346;0;7;0;4;0;1;1;A01
201200012347;0;7;0;0;2;6;1;B02
201200012347;0;7;0;0;2;2;17;A01
201200012348;0;38;1;0;2;6;1;B02
201200012348;0;7;0;0;2;1;12;A01
201200012349;0;7;0;4;0;3;13;A01
201200012350;0;15;0;0;2;6;1;B02
201200012350;0;7;0;0;2;2;12;A01
201200012351;0;17;0;0;0;4;2;B02
201200012351;0;7;0;0;2;1;2;A01
201200012352;0;10;0;4;0;1;1;A01
201200012353;0;10;0;0;2;1;2;A01
201200012353;0;17;0;0;0;4;2;B02
201200012354;0;7;0;4;0;3;1;A01
201200012355;0;7;0;0;9;3;1;B02
201200012355;0;7;0;4;0;3;1;A01
201200012356;0;7;0;4;0;1;1;A01
201200012357;0;7;0;0;2;1;1;A01
201200012357;0;7;0;0;2;4;1;C03
201200012357;0;7;0;0;2;4;1;B02
201200012358;0;15;0;0;0;4;11;B02
201200012358;0;7;0;0;2;1;1;A01
201200012359;0;7;0;4;0;9;0;A01
201200012360;0;7;0;4;0;3;1;A01
201200012361;0;7;0;0;0;1;0;B02
201200012361;0;7;0;0;0;4;1;A01
201200012362;0;7;0;0;0;4;20;A01
201200012362;0;34;0;0;2;1;2;B02
201200012363;0;7;0;0;2;3;2;A01
201200012363;0;17;0;0;0;5;2;B02
201200012364;0;7;0;3;0;1;1;A01
201200012365;0;7;0;4;0;7;12;A01
201200012366;0;7;0;4;0;2;1;A01
201200012367;0;7;0;0;2;1;3;A01
201200012367;0;7;0;0;2;4;3;B02
201200012368;0;7;0;0;2;4;2;A01
201200012368;0;33;0;0;2;1;2;B02
201200012369;0;7;0;13;0;9;2;A01
201200012370;0;7;0;1;0;2;19;A01
201200012370;0;34;0;0;2;5;23;B02
201200012371;0;14;0;0;0;7;9;A01
201200012371;0;7;0;0;0;3;1;B02
201200012372;0;7;0;4;2;1;14;A01
201200012372;0;15;0;0;2;6;1;B02
201200012373;0;33;0;0;9;2;14;A01
201200012374;0;7;0;3;2;1;2;A01
201200012374;0;7;0;3;2;4;2;B02
201200012375;0;10;0;0;2;8;1;B02
201200012375;0;33;0;0;2;7;17;A01
201200012376;0;7;0;0;0;6;1;B02
201200012376;0;7;0;0;2;2;14;A01
201200012377;0;7;0;4;0;6;1;A01
201200012378;0;7;0;0;2;1;17;A01
201200012378;0;14;0;0;2;2;1;B02
201200012378;0;7;0;0;2;7;1;C03
201200012379;0;7;0;0;2;7;17;C03
201200012379;0;7;0;0;0;4;23;B02
201200012379;0;37;0;1;0;2;2;A01
201200012380;0;7;0;4;0;2;1;A01
201200012381;0;7;0;0;2;1;1;B02
201200012381;0;7;0;0;2;3;19;A01
201200012382;0;10;0;0;0;6;1;A01
201200012383;0;7;0;0;0;9;17;A01
201200012384;0;7;0;0;2;1;1;A01
201200012384;0;7;0;0;0;8;1;C03
201200012384;0;33;0;0;0;4;1;B02
201200012385;0;7;0;4;0;1;13;A01
201200012386;0;7;0;4;0;3;13;A01
201200012386;0;7;0;4;0;3;21;B02
201200012387;0;10;0;3;0;2;1;A01
201200012387;0;7;0;0;2;2;1;B02
201200012388;0;33;0;0;0;6;2;B02
201200012388;0;33;0;0;2;1;2;A01
201200012389;0;7;0;3;2;5;2;A01
201200012389;0;7;0;0;2;3;1;C03
201200012389;0;7;0;0;2;3;2;B02
201200012389;0;7;0;0;2;1;1;D04
201200012390;0;7;0;0;2;5;1;B02
201200012390;0;14;0;0;2;3;1;A01
201200012391;0;17;0;0;2;6;23;B02
201200012391;0;7;0;0;2;2;14;A01
201200012392;0;7;0;0;0;1;3;B02
201200012392;0;7;0;0;0;5;0;A01
201200012393;0;7;0;14;0;1;1;B02
201200012393;0;7;0;4;0;3;13;A01
201200012394;0;7;0;0;2;1;2;A01
201200012394;0;17;0;0;2;4;2;B02
201200012395;0;15;0;0;2;2;1;A01
201200012395;0;10;0;0;0;6;1;B02
201200012396;0;33;0;0;0;0;1;A01
201200012397;0;7;0;0;9;0;1;C03
201200012397;0;17;0;0;0;6;1;B02
201200012397;0;7;0;0;2;2;1;A01
201200012398;0;17;0;3;0;1;2;A01
201200012399;0;10;0;0;2;3;1;D04
201200012399;0;10;0;0;2;1;1;B02
201200012399;0;10;0;0;2;1;1;C03
201200012399;0;10;0;0;2;1;1;A01
201200012400;0;7;0;0;2;2;1;B02
201200012400;0;10;0;0;2;0;13;A01
201200012401;0;36;0;6;0;3;1;A01
201200012402;0;36;0;0;0;3;1;A01
201200012403;0;2;0;0;2;1;1;B02
201200012403;0;14;0;0;2;7;15;A01
201200012404;0;14;0;0;0;9;11;A01
201200012405;0;7;0;0;2;8;1;A01
201200012405;0;30;0;0;2;1;1;B02
201200012406;0;10;0;0;1;1;1;A01
201200012407;0;31;0;0;0;1;1;A01
201200012408;0;7;0;4;0;3;0;A01
201200012408;0;10;0;14;0;1;1;B02
201200012409;0;7;0;0;1;5;4;A01
201200012410;0;7;0;0;2;4;23;A01
201200012410;0;14;0;1;0;1;2;B02
201200012411;0;7;0;0;0;9;14;A01
201200012412;0;7;0;0;1;2;1;A01
201200012413;0;7;0;13;0;1;14;A01
201200012414;0;7;0;0;2;1;1;A01
201200012414;0;17;0;0;0;4;1;B02
201200012415;0;7;0;13;0;2;14;A01
201200012416;0;7;0;3;2;1;1;B02
201200012416;0;7;0;0;0;4;11;A01
201200012417;0;7;0;1;1;1;14;A01
201200012418;0;7;0;3;0;1;1;A01
201200012419;0;15;0;0;2;7;12;A01
201200012419;0;7;0;4;2;8;1;B02
201200012420;0;7;0;13;0;9;14;A01
201200012421;0;10;0;1;0;3;1;A01
201200012421;0;10;0;0;2;3;0;B02
201200012422;0;15;0;0;0;6;1;B02
201200012422;0;7;0;16;2;2;17;A01
201200012423;0;15;0;0;2;4;1;B02
201200012423;0;7;0;3;2;7;1;C03
201200012423;0;7;0;0;2;1;14;A01
201200012424;0;7;0;3;0;8;1;A01
201200012425;0;7;0;3;0;1;11;A01
201200012425;0;7;0;0;2;1;1;B02
201200012426;0;7;0;13;0;9;1;A01
201200012427;0;17;0;0;9;1;1;B02
201200012427;0;14;0;3;0;3;1;A01
201200012428;0;7;0;3;0;6;1;B02
201200012428;0;7;0;3;2;2;14;A01
201200012429;0;7;0;0;2;1;2;A01
201200012429;0;7;0;0;0;4;1;B02
201200012430;0;7;0;13;0;1;21;A01
201200012431;0;17;0;0;0;4;1;B02
201200012431;0;7;0;0;2;1;2;A01
201200012432;0;7;0;16;0;9;1;A01
201200012433;0;7;0;6;0;3;1;A01
201200012434;0;33;0;13;0;2;1;A01
201200012435;0;33;0;2;0;1;1;A01
201200012436;0;7;0;0;0;0;1;A01
201200012437;0;7;0;8;0;1;13;A01
201200012438;0;30;0;8;0;1;1;A01
201200012439;0;7;0;0;1;2;1;A01
201200012440;0;7;0;0;2;1;19;A01
201200012440;0;33;0;0;2;7;1;B02
201200012441;0;7;0;0;2;1;2;A01
201200012441;0;15;0;0;0;5;1;B02
201200012442;0;7;0;0;2;6;1;B02
201200012442;0;33;0;0;2;1;21;A01
201200012443;0;7;0;13;0;1;1;A01
201200012444;0;7;0;2;0;1;13;A01
201200012445;0;7;0;0;0;7;1;A01
201200012445;0;1;0;0;0;1;1;B02
201200012446;0;30;0;0;1;1;1;A01
201200012447;0;7;0;0;2;6;1;B02
201200012447;0;33;0;0;2;7;21;A01
201200012448;0;7;0;12;0;2;0;A01
201200012449;0;33;0;2;0;1;1;A01
201200012450;0;10;0;0;2;2;1;A01
201200012450;0;1;0;0;0;4;1;B02
201200012451;0;7;0;0;2;1;1;A01
201200012451;0;17;0;0;2;4;23;B02
201200012452;0;7;0;0;2;3;15;A01
201200012452;0;30;0;0;2;1;17;B02
201200012453;0;14;0;0;5;7;1;A01
201200012454;0;33;0;0;2;1;1;B02
201200012454;0;7;0;0;2;8;10;A01
201200012455;0;7;0;0;1;1;1;A01
201200012456;0;7;0;0;0;5;4;A01
201200012456;0;30;0;0;0;1;1;B02
201200012457;0;7;0;0;0;0;1;A01
201200012457;0;7;0;0;9;9;21;B02
201200012458;0;17;0;0;2;3;1;B02
201200012458;0;7;0;0;2;2;11;A01
201200012459;0;7;0;4;0;1;0;A01
201200012460;0;7;0;0;2;7;1;I09
201200012460;0;7;0;0;2;4;1;E05
201200012460;0;7;0;0;2;1;1;D04
201200012460;0;7;0;0;2;1;1;G07
201200012460;0;7;0;0;0;4;1;C03
201200012460;0;7;0;0;2;1;1;K11
201200012460;0;7;0;0;2;8;1;F06
201200012460;0;7;0;0;0;4;1;A01
201200012460;0;7;0;0;2;1;1;B02
201200012460;0;7;0;0;2;4;1;J10
201200012460;0;7;0;0;2;4;1;M13
201200012460;0;7;0;0;2;4;1;H08
201200012460;0;17;0;0;2;1;1;L12
201200012460;0;10;0;0;2;4;1;N14
201200012460;0;7;0;0;2;1;1;O15
201200012461;0;7;0;0;2;1;2;A01
201200012461;0;17;0;0;2;4;2;B02
201200012462;0;17;0;0;0;0;2;B02
201200012462;0;7;0;0;2;1;2;A01
201200012463;0;10;0;0;2;2;12;B02
201200012463;0;7;0;0;2;6;1;A01
201200012464;0;7;0;3;0;9;1;A01
201200012465;0;7;0;13;0;1;1;A01
201200012466;0;10;0;0;2;3;14;C03
201200012466;0;17;0;0;2;2;13;B02
201200012466;0;7;0;0;2;8;1;A01
201200012467;0;7;0;4;0;3;1;B02
201200012467;0;10;0;4;2;9;21;A01
201200012468;0;10;0;0;2;4;1;A01
201200012468;0;17;0;0;2;8;1;C03
201200012468;0;17;0;0;2;1;1;B02
201200012468;0;7;0;0;2;1;1;E05
201200012468;0;7;0;0;2;3;1;D04
201200012469;0;10;0;3;6;8;21;A01
201200012470;0;7;0;0;2;3;0;C03
201200012470;0;7;0;0;2;2;0;B02
201200012470;0;7;0;0;0;6;21;A01
201200012471;0;7;0;4;0;9;13;A01
201200012472;0;10;0;3;0;2;17;A01
201200012473;0;7;0;3;0;5;0;A01
201200012474;0;7;0;14;0;1;0;A01
201200012475;0;33;0;3;0;7;0;A01
201200012476;0;10;0;13;0;3;1;A01
201200012477;0;7;0;4;0;2;1;A01
201200012478;0;7;0;3;0;1;17;A01
201200012478;0;7;0;0;2;1;13;B02
201200012479;0;7;0;0;2;1;2;A01
201200012479;0;10;0;0;2;4;2;B02
201200012479;0;10;0;0;2;4;2;C03
201200012480;0;33;0;0;6;1;1;A01
201200012481;0;7;0;;2;1;2;A01
201200012481;0;14;0;;;4;2;A02
201200012482;0;7;0;13;0;2;1;A01
201200012483;0;7;0;13;0;2;14;A01
201200012484;1;99;0;0;0;0;0;A01
201200012485;0;30;0;0;0;0;1;A01
201200012486;0;7;0;0;1;1;1;A01
201200012487;0;2;0;1;0;1;1;A01
201200012488;0;7;0;0;2;3;9;B01
201200012488;0;30;0;0;2;1;17;A01
201200012489;0;33;0;0;2;1;1;B01
201200012489;0;7;0;0;2;3;9;A01
201200012490;0;7;0;0;2;1;1;A01
201200012490;0;1;0;0;2;1;19;B01
201200012491;0;30;0;0;0;7;2;A01
201200012492;0;7;0;0;1;1;1;A01
201200012493;0;7;0;0;2;3;9;B01
201200012493;2;7;0;0;2;2;1;A01
201200012494;0;31;0;0;2;1;2;B01
201200012494;0;7;0;0;2;7;15;A01
201200012495;0;7;0;0;2;1;15;A01
201200012495;0;34;0;0;2;1;1;B01
201200012496;0;7;0;0;2;3;13;A01
201200012496;0;30;0;0;2;1;1;B01
201200012497;0;17;0;0;1;2;2;A01
201200012498;0;7;0;0;1;1;2;A01
201200012499;0;30;0;0;2;1;1;B01
201200012499;0;10;0;0;2;1;15;A01
201200012500;0;7;0;0;1;2;2;A01
201200012501;0;7;0;0;1;3;1;A01
201200012502;0;30;0;0;2;1;1;B01
201200012502;0;7;0;0;2;5;0;A01
201200012503;0;30;0;0;2;3;1;B01
201200012503;0;7;0;0;2;2;6;A01
201200012504;0;7;0;0;2;1;1;B01
201200012504;0;7;0;0;2;2;1;A01
201200012505;0;33;0;0;9;0;1;A01
201200012506;0;1;0;0;1;1;1;A01
201200012507;0;2;0;0;2;2;11;A01
201200012507;0;33;0;0;2;3;1;B01
201200012507;0;7;0;0;2;1;23;C01
201200012508;0;7;0;0;2;3;10;A01
201200012508;0;33;0;0;2;1;1;B01
201200012509;0;7;0;0;1;3;0;A01
201200012510;0;7;0;0;0;4;1;A01
201200012510;0;7;0;0;2;1;1;C01
201200012510;0;7;0;14;2;1;1;B01
201200012511;0;37;20;0;1;1;1;A01
201200012512;0;7;0;0;2;1;1;B01
201200012512;0;7;0;0;2;1;1;A01
201200012513;0;7;0;0;1;3;1;A01
201200012514;0;7;0;0;2;1;1;A01
201200012514;0;7;0;0;2;3;1;B01
201200012515;0;10;0;0;1;2;1;A01
201200012516;1;7;0;0;0;0;0;A01
201200012517;0;30;0;0;0;2;1;A01
201200012518;0;7;0;16;0;2;1;A01
201200012519;0;15;0;0;0;2;2;A01
201200012520;0;7;0;0;2;5;23;A01
201200012520;0;7;0;0;2;3;1;B02
201200012520;0;7;0;0;2;8;21;C03
201200012520;0;7;0;0;2;3;21;D04
201200012521;0;7;0;0;2;1;2;A01
201200012521;0;7;0;0;0;4;23;B02
201200012522;0;7;0;3;0;1;14;A01
201200012523;0;33;0;14;0;1;1;A01
201200012524;0;1;0;0;2;3;15;B02
201200012524;0;7;0;0;0;7;17;A01
201200012525;0;33;0;13;0;1;1;A01
201200012526;0;7;0;13;2;3;19;A01
201200012526;0;7;0;0;2;1;1;B02
201200012527;0;7;0;0;2;3;15;B02
201200012527;0;33;0;0;2;2;17;A01
201200012528;0;7;0;0;2;3;15;A01
201200012528;0;7;0;0;2;7;2;B02
201200012529;0;7;0;13;0;2;1;A01
201200012530;0;7;0;13;0;9;21;A01
201200012531;0;7;0;0;2;4;9;B02
201200012531;0;10;0;0;2;1;14;A01
201200012532;0;7;0;13;0;1;14;A01
201200012533;0;7;0;4;0;1;1;A01
201200012534;0;7;0;4;0;1;1;A01
201200012535;0;7;0;0;2;2;1;A01
201200012535;0;15;0;0;0;6;1;B02
201200012536;0;7;0;0;2;6;1;B02
201200012536;0;7;0;4;2;2;17;A01
201200012537;0;15;0;0;2;3;1;B02
201200012537;0;7;0;4;2;3;21;A01
201200012538;0;7;0;6;0;1;1;A01
201200012539;0;7;0;0;0;8;1;A01
201200012540;0;7;0;13;0;2;2;A01
201200012541;0;10;0;3;6;1;21;A01
201200012542;0;7;0;0;2;3;13;B02
201200012542;0;10;0;0;2;5;2;A01
201200012543;0;10;0;0;2;2;17;B02
201200012543;0;15;0;0;0;6;1;A01
201200012544;0;7;0;4;0;3;13;A01
201200012545;0;7;0;5;0;1;1;A01
201200012546;0;10;0;0;2;1;1;B02
201200012546;0;10;0;0;2;1;1;C03
201200012546;0;17;0;3;2;2;14;A01
201200012546;0;7;0;0;2;1;1;D04
201200012547;0;10;0;4;0;3;1;A01
201200012548;0;7;0;0;0;3;1;B02
201200012548;0;7;0;0;0;3;17;A01
201200012549;0;7;0;0;1;2;1;A01
201200012550;0;7;0;0;2;2;1;A01
201200012550;0;7;0;0;2;3;15;B02
201200012551;0;33;0;0;2;1;17;A01
201200012551;0;7;0;0;2;3;1;B02
201200012552;0;33;0;0;0;0;1;A01
201200012553;0;30;0;7;0;3;14;A01
201200012554;0;31;0;0;0;1;1;A01
201200012555;0;2;0;0;2;1;1;A01
201200012555;0;7;0;0;2;3;1;B02
201200012556;0;1;0;0;2;4;1;B02
201200012556;0;7;0;0;9;2;1;A01
201200012557;0;7;0;0;2;7;15;A01
201200012557;0;33;0;0;2;1;1;B02
201200012558;0;7;0;0;9;5;15;A01
201200012558;0;1;0;0;2;1;1;B02
201200012559;0;21;0;0;2;8;15;B02
201200012559;0;33;0;0;2;9;5;A01
201200012560;0;33;0;8;0;1;1;A01
201200012561;0;33;0;0;2;7;17;A01
201200012561;0;7;0;0;2;8;10;B02
201200012562;0;7;0;0;2;3;1;A01
201200012562;0;7;0;0;2;3;17;B02
201200012563;0;7;0;0;2;3;1;A01
201200012563;0;7;0;0;2;2;15;B02
201200012564;0;7;0;0;1;3;1;A01
201200012565;0;30;0;0;2;7;1;A01
201200012565;0;7;0;0;2;3;9;B02
201200012566;0;7;0;0;0;2;1;A01
201200012566;0;33;0;0;0;8;1;B02
201200012567;0;1;0;0;2;1;1;B02
201200012567;0;7;0;0;2;3;15;A01
201200012568;0;30;0;0;1;1;1;A01
201200012569;0;7;0;3;0;4;2;B02
201200012569;0;10;0;0;2;2;2;A01
201200012570;0;7;0;3;2;6;14;A01
201200012570;0;7;0;0;2;2;1;B02
201200012571;0;7;0;0;0;2;14;A01
201200012571;0;7;0;0;0;6;1;B02
201200012572;0;10;0;0;2;1;5;B02
201200012572;0;13;0;0;2;7;5;A01
201200012573;0;7;0;0;0;4;2;B02
201200012573;0;7;0;0;2;1;2;D04
201200012573;0;7;0;0;2;1;2;A01
201200012573;0;7;0;0;2;1;2;C03