num_acc;senc;catv;occutc;obs;obsm;choc;manv;num_veh
201200012574;0;7;0;4;0;1;1;A01
201200012575;0;7;0;0;0;1;0;A01
201200012576;0;7;0;0;2;1;2;A01
201200012576;0;7;0;0;2;4;2;C03
201200012576;0;7;0;0;2;5;2;B02
201200012577;0;7;0;0;2;8;1;A01
201200012578;0;7;0;0;0;4;2;B02
201200012578;0;33;0;0;2;1;2;A01
201200012579;0;7;0;0;2;9;11;A01
201200012579;0;7;0;0;2;7;1;B02
201200012580;0;15;0;3;2;3;6;A01
201200012580;0;7;0;3;0;1;1;C03
201200012580;0;7;0;0;2;1;1;B02
201200012581;0;7;0;0;2;6;21;C03
201200012581;0;17;0;3;2;8;6;A01
201200012581;0;10;0;3;2;2;17;B02
201200012581;0;7;0;3;9;1;21;D04
201200012581;0;7;0;0;2;1;1;F06
201200012581;0;7;0;0;2;1;1;E05
201200012581;0;7;0;0;9;1;1;G07
201200012582;0;7;0;0;2;1;2;A01
201200012582;0;7;0;0;2;4;2;B02
201200012582;0;7;0;0;2;4;2;C03
201200012583;0;7;0;4;0;2;14;A01
201200012584;0;7;0;0;2;1;2;A01
201200012584;0;7;0;0;2;4;2;C03
201200012584;0;33;0;0;2;4;2;B02
201200012584;0;7;0;0;0;4;2;D04
201200012585;0;17;0;0;2;1;1;A01
201200012585;0;7;0;0;0;4;14;B02
201200012586;0;10;0;3;0;1;1;A01
201200012587;0;10;0;0;2;1;5;A01
201200012587;0;7;0;0;2;1;1;B02
201200012588;0;10;0;0;0;4;13;A01
201200012588;0;7;0;0;2;3;1;C03
201200012588;0;7;0;0;2;8;1;D04
201200012588;0;15;0;0;2;1;1;B02
201200012589;0;7;0;3;2;1;11;A01
201200012589;0;7;0;14;0;1;1;B02
201200012590;0;7;0;3;0;1;17;A01
201200012590;0;7;0;1;2;1;1;C03
201200012590;0;7;0;1;2;2;1;B02
201200012591;0;33;0;0;0;8;2;A01
201200012592;0;7;0;0;0;4;2;B02
201200012592;0;7;0;0;2;1;2;A01
201200012593;0;7;0;0;2;1;2;A01
201200012593;0;16;0;0;0;0;2;B02
201200012593;0;17;0;0;9;8;2;C03
201200012594;0;7;0;3;0;4;13;A01
201200012595;0;33;0;0;0;1;14;A01
201200012596;0;7;0;3;0;2;1;A01
201200012597;0;7;0;3;0;1;0;A01
201200012598;0;7;0;0;2;2;2;A01
201200012598;0;17;0;0;0;0;1;B02
201200012599;0;7;0;0;2;7;14;A01
201200012599;0;7;0;0;2;8;1;B02
201200012600;0;31;0;0;0;0;1;A01
201200012601;0;7;0;15;2;1;5;A01
201200012601;0;7;0;0;0;7;23;B02
201200012602;0;2;0;12;0;0;1;A01
201200012603;0;34;0;12;0;2;1;A01
201200012604;0;33;0;12;0;7;1;A01
201200012605;0;7;0;0;1;3;1;A01
201200012606;0;7;0;0;1;2;2;A01
201200012607;0;37;3;6;0;1;7;A01
201200012608;0;7;0;0;0;3;1;B02
201200012608;0;7;0;0;0;3;5;A01
201200012609;0;99;0;0;1;7;1;A01
201200012610;0;7;0;0;1;1;1;A01
201200012611;0;33;0;7;0;1;1;A01
201200012612;0;7;0;0;2;4;9;A01
201200012612;0;7;0;0;2;7;1;B02
201200012613;0;3;0;0;2;1;2;A01
201200012613;0;7;0;0;2;4;2;B02
201200012614;0;33;0;0;2;1;2;A01
201200012614;0;7;0;0;2;4;2;B02
201200012615;0;31;0;0;0;2;1;A01
201200012616;0;7;0;3;2;8;2;A01
201200012616;0;7;0;0;2;2;2;B02
201200012617;0;33;0;0;0;0;1;A01
201200012617;0;7;0;0;2;3;1;B02
201200012618;0;7;0;7;0;1;0;A01
201200012619;0;7;0;0;0;3;0;A01
201200012619;0;7;0;14;0;2;9;B02
201200012620;0;7;0;2;0;3;14;A01
201200012621;0;7;0;2;0;8;1;A01
201200012622;0;10;0;0;0;8;1;A01
201200012623;0;7;0;0;2;4;23;C03
201200012623;0;14;0;14;0;3;2;A01
201200012623;0;7;0;0;2;5;23;B02
201200012624;0;7;0;14;0;1;2;A01
201200012625;0;31;0;0;2;1;2;B01
201200012625;0;7;0;0;2;7;1;A01
201200012626;0;7;0;0;0;4;2;B01
201200012626;0;30;0;0;2;1;2;A01
201200012627;0;7;0;6;0;1;5;A01
201200012628;0;7;0;0;2;3;0;A01
201200012628;0;2;0;0;2;1;0;B01
201200012629;0;33;0;14;0;1;1;A01
201200012630;0;7;0;0;2;2;2;A01
201200012630;0;15;0;0;2;6;2;B02
201200012631;0;7;0;0;2;6;0;B02
201200012631;0;7;0;0;2;2;2;A01
201200012632;0;7;0;0;2;4;2;B02
201200012632;0;7;0;0;2;4;2;D04
201200012632;0;17;0;0;2;6;1;C03
201200012632;0;7;0;3;0;1;14;E05
201200012632;0;7;0;0;2;1;2;A01
201200012633;0;7;0;0;2;1;2;A01
201200012633;0;7;0;0;2;4;2;B02
201200012634;0;7;0;0;1;2;1;A01
201200012635;0;10;0;0;2;6;9;A01
201200012635;0;30;0;0;2;1;16;B02
201200012636;0;7;0;0;2;2;15;B02
201200012636;0;31;0;0;2;8;1;A01
201200012637;0;33;0;0;2;1;13;A01
201200012637;0;7;0;0;2;1;1;B02
201200012638;0;7;0;0;1;2;1;A01
201200012639;0;7;0;0;2;8;15;A01
201200012639;0;33;0;0;2;1;17;B02
201200012640;0;33;0;0;2;1;1;B02
201200012640;0;7;0;0;2;3;15;A01
201200012641;0;7;0;0;1;6;4;A01
201200012642;0;7;0;0;2;3;1;A01
201200012642;0;7;0;0;2;3;1;B02
201200012643;0;7;0;0;2;2;1;A01
201200012643;0;1;0;0;2;1;1;B02
201200012644;0;7;0;0;2;3;1;B02
201200012644;0;33;0;0;2;1;1;A01
201200012645;0;7;0;0;0;7;15;A01
201200012645;0;7;0;0;2;1;1;B02
201200012646;0;33;0;0;0;0;5;B02
201200012646;0;7;0;0;0;0;1;A01
201200012647;0;33;0;0;9;3;1;B02
201200012647;0;33;0;0;0;8;21;C03
201200012647;0;1;0;0;2;0;13;A01
201200012648;0;7;0;7;0;1;1;A01
201200012649;0;7;0;13;0;2;1;A01
201200012650;0;7;0;0;2;2;1;A01
201200012650;0;15;0;0;2;6;1;B02
201200012651;0;7;0;14;0;1;1;A01
201200012652;0;33;0;0;0;0;23;A01
201200012653;0;10;0;3;0;2;21;A01
201200012654;0;7;0;3;0;8;13;A01
201200012655;0;7;0;0;2;3;5;A01
201200012655;0;17;0;0;2;0;1;D04
201200012655;0;7;0;0;9;3;1;B02
201200012655;0;10;0;0;2;3;17;C03
201200012656;0;15;0;3;0;8;1;A01
201200012657;0;15;0;0;0;6;24;B02
201200012657;0;14;0;1;0;2;1;A01
201200012658;0;7;0;0;0;6;1;P16
201200012658;0;7;0;0;0;5;23;W23
201200012658;0;10;0;0;0;2;0;U21
201200012658;0;10;0;0;0;5;1;M13
201200012658;0;17;0;0;0;6;1;Z26
201200012658;0;7;0;0;0;4;23;E05
201200012658;0;7;0;0;2;2;1;B02
201200012658;0;7;0;0;0;4;23;G07
201200012658;0;17;0;0;0;4;1;T20
201200012658;0;10;0;0;0;4;23;L12
201200012658;0;7;0;0;0;4;23;V22
201200012658;0;7;0;0;0;2;1;J10
201200012658;0;7;0;0;2;2;1;A01
201200012658;0;10;0;0;0;2;1;R18
201200012658;0;7;0;0;0;1;1;H08
201200012658;0;7;0;0;0;6;23;I09
201200012658;0;7;0;0;0;4;1;X24
201200012658;0;7;0;0;0;3;1;S19
201200012658;0;10;0;0;0;4;23;K11
201200012658;0;7;0;0;0;3;1;N14
201200012658;0;7;0;0;0;5;1;O15
201200012658;0;10;0;0;0;1;1;Y25
201200012658;0;10;0;0;0;5;1;D04
201200012658;0;7;0;0;0;2;1;Q17
201200012658;0;7;0;0;0;6;23;F06
201200012658;0;7;0;0;2;6;1;C03
201200012659;0;7;0;3;0;1;16;A01
201200012660;0;7;0;0;2;1;1;B02
201200012660;0;7;0;0;9;0;1;D04
201200012660;0;7;0;0;2;1;1;A01
201200012660;0;7;0;0;2;1;5;C03
201200012661;0;7;0;3;0;3;0;A01
201200012662;0;7;0;15;0;3;1;A01
201200012663;0;7;0;13;0;1;1;A01
201200012664;0;7;0;3;0;8;17;A01
201200012665;0;7;0;0;2;6;23;A01
201200012665;0;7;0;14;0;2;1;B02
201200012666;0;17;0;0;0;4;23;D04
201200012666;0;17;0;0;0;1;2;A01
201200012666;0;17;0;0;0;4;23;B02
201200012666;0;17;0;0;0;4;23;C03
201200012667;0;7;0;13;0;9;1;A01
201200012668;0;7;0;1;0;1;14;A01
201200012668;0;7;0;0;0;4;0;B02
201200012669;0;7;0;0;2;0;21;A01
201200012669;0;7;0;13;2;8;1;B02
201200012670;0;7;0;0;0;6;2;C03
201200012670;0;7;0;0;0;5;2;B02
201200012670;0;7;0;0;2;1;2;A01
201200012671;0;7;0;13;0;1;1;A01
201200012672;0;7;0;16;0;1;1;A01
201200012673;0;7;0;0;0;7;14;A01
201200012674;0;7;0;13;0;2;1;A01
201200012675;0;15;0;3;0;3;1;A01
201200012676;0;7;0;6;0;9;1;A01
201200012677;0;10;0;0;2;1;2;A01
201200012677;0;7;0;0;2;4;1;B02
201200012678;0;7;0;0;9;3;1;C03
201200012678;0;7;0;3;2;4;2;B02
201200012678;0;33;0;0;2;1;2;A01
201200012679;0;7;0;0;0;2;1;A01
201200012680;0;7;0;4;0;1;13;A01
201200012681;0;17;0;3;0;3;1;A01
201200012682;0;15;0;16;0;2;1;A01
201200012683;0;7;0;13;0;2;1;A01
201200012684;0;7;0;4;0;3;11;A01
201200012684;0;7;0;4;0;1;21;B02
201200012684;0;7;0;0;2;3;21;C03
201200012684;0;7;0;0;2;1;21;D04
201200012684;0;7;0;0;2;1;1;E05
201200012685;0;7;0;13;0;1;14;A01
201200012686;0;15;0;3;0;8;2;A01
201200012687;0;7;0;3;0;3;1;A01
201200012688;0;10;0;3;0;1;14;A01
201200012689;0;7;0;13;0;1;14;A01
201200012690;0;7;0;0;2;4;2;B02
201200012690;0;7;0;0;0;4;1;A01
201200012690;0;7;0;0;0;0;0;C03
201200012691;0;31;0;0;2;1;0;C03
201200012691;0;15;0;0;2;2;1;B02
201200012691;0;7;0;0;2;1;1;D04
201200012691;0;7;0;0;2;1;1;E05
201200012691;0;7;0;0;2;6;18;A01
201200012692;0;7;0;0;2;5;1;A01
201200012692;0;32;0;0;2;1;1;B02
201200012693;0;7;0;0;2;7;14;B02
201200012693;0;33;0;0;2;1;1;A01
201200012694;0;7;0;0;2;1;2;A01
201200012694;0;15;0;0;0;4;1;B02
201200012695;0;10;0;0;2;4;23;B02
201200012695;0;10;0;1;0;1;1;A01
201200012696;0;7;0;1;1;2;2;B01
201200012697;0;7;0;6;0;7;1;A01
201200012698;0;31;0;0;0;9;9;A01
201200012699;0;7;0;3;0;1;1;C03
201200012699;0;7;0;3;2;9;21;A01
201200012699;0;7;0;14;2;3;21;D04
201200012699;0;15;0;14;0;7;21;B02
201200012700;0;7;0;1;0;9;23;B02
201200012700;0;33;0;1;0;1;1;A01
201200012700;0;7;0;0;0;4;23;C03
201200012701;0;7;0;0;2;1;1;A01
201200012701;0;7;0;0;0;4;1;B02
201200012702;0;33;0;8;0;2;1;A01
201200012703;0;15;0;0;0;4;14;A01
201200012703;0;17;0;0;2;6;1;B02
201200012703;0;17;0;0;2;1;21;C03
201200012704;0;14;0;0;9;1;0;A01
201200012704;0;10;0;0;9;4;0;B02
201200012704;0;7;0;0;9;4;0;C03
201200012705;0;7;0;0;0;6;2;C03
201200012705;0;7;0;0;2;4;12;A01
201200012705;0;7;0;0;2;1;2;E05
201200012705;0;7;0;0;0;4;2;D04
201200012705;0;7;0;0;2;1;2;B02
201200012706;0;7;0;14;0;1;1;C03
201200012706;0;7;0;0;2;1;1;A01
201200012706;0;7;0;3;0;4;1;B02
201200012707;0;7;0;0;0;0;0;A01
201200012708;0;33;0;0;9;0;1;B02
201200012708;0;33;0;3;9;0;1;A01
201200012709;0;7;0;3;0;3;2;A01
201200012710;0;7;0;0;2;2;11;B02
201200012710;0;7;0;0;2;6;1;A01
201200012711;0;7;0;0;2;4;2;D04
201200012711;0;7;0;0;2;4;2;C03
201200012711;0;15;0;0;2;1;2;A01
201200012711;0;7;0;0;2;4;2;B02
201200012712;0;7;0;0;2;9;2;A01
201200012712;0;10;0;0;0;6;0;B02
201200012713;0;7;0;4;0;3;1;A01
201200012714;0;15;0;0;0;4;2;A01
201200012714;0;15;0;0;2;1;2;B02
201200012715;0;7;0;0;2;4;2;C03
201200012715;0;7;0;0;2;4;2;B02
201200012715;0;7;0;0;2;1;2;A01
201200012716;0;7;0;4;0;1;21;A01
201200012717;0;7;0;0;2;1;1;A01
201200012717;0;10;0;0;2;4;23;B02
201200012718;0;17;0;0;2;1;0;C03
201200012718;0;17;0;0;2;7;13;B02
201200012718;0;17;0;0;0;6;0;A01
201200012719;0;7;0;0;0;9;1;A01
201200012720;0;33;0;0;0;0;1;A01
201200012721;0;7;0;0;0;4;0;B02
201200012721;0;10;0;0;0;4;0;C03
201200012721;0;7;0;0;2;1;2;A01
201200012722;0;7;0;0;0;4;1;A01
201200012722;0;10;0;0;2;1;2;B02
201200012723;0;10;0;0;2;2;2;A01
201200012723;0;7;0;0;2;6;2;B02
201200012724;0;7;0;8;0;2;14;A01
201200012725;0;7;0;0;0;4;1;A01
201200012725;0;7;0;0;2;1;1;B02
201200012726;0;7;0;0;0;4;1;C03
201200012726;0;7;0;0;2;2;1;B02
201200012726;0;10;0;3;0;1;1;A01
201200012727;0;7;0;0;2;1;1;B02
201200012727;0;7;0;3;2;1;13;A01
201200012728;0;10;0;3;2;1;6;A01
201200012728;0;15;0;0;2;8;1;B02
201200012728;0;10;0;0;9;1;1;C03
201200012729;0;33;0;5;0;1;14;A01
201200012730;0;7;0;15;0;1;14;A01
201200012731;0;33;0;3;0;9;14;A01
201200012732;0;7;0;3;0;0;1;A01
201200012732;0;7;0;0;0;0;1;B02
201200012732;0;7;0;1;1;1;1;C03
201200012733;0;7;0;0;2;4;24;A01
201200012733;0;7;0;1;0;7;2;B02
201200012734;0;10;0;13;0;1;1;A01
201200012735;0;7;0;16;0;9;2;A01
201200012736;0;7;0;16;0;9;1;A01
201200012737;0;7;0;13;0;1;1;A01
201200012738;0;7;0;16;0;0;1;A01
201200012739;0;10;0;3;0;3;1;A01
201200012739;0;7;0;0;9;1;1;B02
201200012740;0;7;0;0;2;1;1;A01
201200012740;0;37;2;0;2;7;15;B02
201200012741;0;7;0;0;2;6;23;A01
201200012741;0;1;0;1;0;1;1;B02
201200012742;0;7;0;0;2;2;15;A01
201200012742;0;33;0;0;2;7;1;B02
201200012743;0;1;0;0;2;8;15;B02
201200012743;0;7;0;0;2;1;1;A01
201200012744;0;7;0;0;0;6;15;A01
201200012744;0;33;0;0;2;1;1;B02
201200012745;0;31;0;0;2;3;1;B02
201200012745;0;14;0;0;2;6;15;A01
201200012746;0;7;0;0;1;2;17;A01
201200012747;0;7;0;0;2;1;2;B02
201200012747;0;7;0;0;2;1;2;C03
201200012747;0;15;0;0;0;4;1;A01
201200012748;0;33;0;0;6;1;1;A01
201200012748;0;7;0;0;6;4;1;B02
201200012749;0;33;0;0;0;0;1;A01
201200012750;0;7;0;0;0;0;1;A01
201200012751;0;10;0;0;2;1;2;A01
201200012751;0;7;0;0;0;4;1;B02
201200012752;0;17;0;0;0;6;23;A01
201200012752;0;7;0;1;0;1;1;B02
201200012753;0;7;0;3;0;5;0;A01
201200012754;0;7;0;3;2;1;13;A01
201200012754;0;7;0;3;0;7;1;B02
201200012755;0;15;0;0;2;2;1;B02
201200012755;0;7;0;0;2;3;18;A01
201200012756;0;7;0;4;0;3;13;A01
201200012757;0;7;0;0;2;3;0;B02
201200012757;0;7;0;0;2;5;12;A01
201200012758;0;33;0;0;0;9;1;C03
201200012758;0;7;0;0;2;3;1;B02
201200012758;0;7;0;0;2;2;12;A01
201200012759;0;7;0;4;2;9;2;A01
201200012759;0;7;0;0;0;0;2;B02
201200012760;0;7;0;4;0;1;1;A01
201200012761;0;7;0;0;2;8;1;B02
201200012761;0;7;0;0;2;7;17;A01
201200012762;0;7;0;0;2;1;1;B02
201200012762;0;7;0;0;2;4;4;A01
201200012763;0;7;0;3;2;5;12;A01
201200012763;0;7;0;0;2;3;1;B02
201200012764;0;7;0;0;2;2;1;C03
201200012764;0;14;0;0;2;2;12;A01
201200012764;0;7;0;0;2;6;1;B02
201200012765;0;7;0;0;2;1;2;A01
201200012765;0;7;0;0;2;4;2;B02
201200012766;0;17;0;1;0;0;1;B02
201200012766;0;7;0;0;9;5;0;A01
201200012767;0;7;0;4;0;1;1;A01
201200012767;0;7;0;0;2;7;1;B02
201200012768;0;7;0;4;0;9;1;A01
201200012769;0;7;0;0;2;4;2;C03
201200012769;0;7;0;0;2;4;2;B02
201200012769;0;7;0;0;2;1;2;A01
201200012770;0;7;0;0;0;3;0;A01
201200012770;0;7;0;0;0;2;0;B02
201200012770;0;7;0;0;0;6;0;C03
201200012770;0;7;0;0;0;1;0;D04
201200012770;0;33;0;0;0;4;0;E05
201200012771;0;33;0;1;0;1;2;B02
201200012771;0;7;0;4;0;3;23;A01
201200012772;0;33;0;0;6;8;1;B02
201200012772;0;7;0;0;6;1;1;A01
201200012773;0;30;0;0;0;1;2;A01
201200012774;0;7;0;0;2;6;23;A01
201200012774;0;33;0;0;2;1;14;B02
201200012775;0;31;0;0;2;4;1;A01
201200012776;0;33;0;0;2;7;17;A01
201200012776;0;10;0;0;2;8;17;B02
201200012777;0;7;0;4;0;3;2;A01
201200012778;0;7;0;14;0;1;1;C03
201200012778;0;7;0;0;2;8;11;A01
201200012778;0;33;0;0;2;7;1;B02
201200012779;0;15;0;0;2;8;1;C03
201200012779;0;7;0;0;2;3;1;B02
201200012779;0;7;0;0;2;7;12;A01
201200012780;0;7;0;0;9;5;2;C03
201200012780;0;7;0;0;0;5;2;B02
201200012780;0;14;0;0;2;0;1;A01
201200012781;0;17;0;0;2;6;1;B02
201200012781;0;10;0;0;2;2;11;A01
201200012782;0;7;0;4;2;3;1;A01
201200012782;0;7;0;0;2;5;12;B02
201200012783;0;7;0;4;0;5;1;A01
201200012784;0;7;0;3;0;3;1;A01
201200012785;0;10;0;0;2;2;17;A01
201200012785;0;7;0;0;2;6;1;B02
201200012786;0;7;0;0;2;1;1;A01
201200012786;0;7;0;0;2;6;1;C03
201200012786;0;7;0;0;2;9;17;B02
201200012787;0;7;0;13;0;1;1;A01
201200012788;0;10;0;6;0;1;14;A01
201200012789;0;10;0;13;0;1;1;A01
201200012790;0;7;0;2;0;4;17;A01
201200012791;0;17;0;0;2;1;1;A01
201200012791;0;17;0;0;0;4;1;B02
201200012792;0;14;0;2;0;2;1;A01
201200012793;0;10;0;3;0;1;1;A01
201200012794;0;7;0;0;1;1;1;A01
201200012795;0;7;0;0;1;1;1;A01
201200012796;0;34;0;12;0;1;1;A01
201200012797;0;10;0;0;9;3;9;A01
201200012797;0;1;0;0;2;1;9;B02
201200012798;0;37;0;0;1;2;16;A01
201200012799;0;17;0;0;0;6;1;A01
201200012799;0;7;0;0;0;3;1;B02
201200012800;0;7;0;13;0;1;1;A01
201200012801;0;7;0;2;0;1;1;A01
201200012802;0;7;0;0;2;6;15;A01
201200012802;0;33;0;15;2;2;17;B02
201200012803;0;7;0;0;2;2;21;A01
201200012803;0;10;0;0;2;3;21;B02
201200012803;0;10;0;0;2;1;13;C03
201200012804;0;10;0;0;1;1;1;A01
201200012805;0;7;0;10;2;3;17;A01
201200012805;0;7;0;3;2;3;1;B02
201200012806;0;7;0;0;2;1;19;A01
201200012806;0;1;0;0;2;3;5;B02
201200012807;0;7;0;1;0;1;1;A01
201200012808;0;7;0;9;2;8;1;A01
201200012808;0;7;0;0;2;3;0;B02
201200012808;0;7;0;0;9;6;1;C03
201200012809;0;7;0;0;2;1;17;A01
201200012809;0;7;0;0;2;1;1;B02
201200012810;0;7;0;0;2;1;2;A02
201200012810;0;7;0;0;2;6;2;B01
201200012811;2;7;0;3;0;2;19;A01
201200012812;0;7;0;3;2;1;1;C03
201200012812;0;17;0;0;2;4;0;A01
201200012813;0;7;0;0;0;4;23;H08
201200012813;0;7;0;0;9;1;2;B02
201200012813;0;7;0;0;0;4;23;I09
201200012813;0;7;0;0;0;4;23;L12
201200012813;0;7;0;0;0;6;2;A01
201200012813;0;7;0;1;2;1;21;G07
201200012813;0;7;0;0;0;6;23;J10
201200012813;0;7;0;0;2;6;1;E05
201200012813;0;14;0;0;0;8;0;F06
201200012813;0;7;0;0;2;3;1;D04
201200012813;0;7;0;1;0;3;1;K11
201200012813;0;7;0;0;2;0;2;C03
201200012814;0;7;0;0;2;3;2;A01
201200012814;0;7;0;3;0;5;2;B02
201200012815;0;7;0;0;2;1;1;A01
201200012815;0;7;0;0;2;7;1;B02
201200012816;0;10;0;13;0;2;14;A01
201200012817;0;7;0;0;1;3;1;A01
201200012818;0;7;0;14;0;1;1;B02
201200012818;0;17;0;0;0;0;1;A01
201200012819;0;7;0;4;0;1;1;A01
201200012820;0;7;0;0;2;1;1;A01
201200012820;0;7;0;3;0;4;1;B02
201200012821;0;7;0;0;0;8;0;C03
201200012821;0;7;0;1;0;2;0;A01
201200012821;0;7;0;0;0;6;0;B02
201200012822;0;7;0;0;2;1;1;A01
201200012822;0;7;0;0;2;6;1;B02
201200012823;0;17;0;0;2;4;1;B02
201200012823;0;10;0;0;2;1;1;A01
201200012824;0;7;0;0;2;1;2;B02
201200012824;1;14;0;0;2;4;2;C03
201200012824;1;7;0;0;0;0;1;A01
201200012824;0;10;0;1;0;1;2;D04
201200012825;0;17;0;0;2;4;2;B02
201200012825;0;7;0;0;2;1;2;A01
201200012826;0;7;0;0;2;2;14;A01
201200012826;0;17;0;0;0;0;1;B02
201200012827;0;7;0;0;0;9;1;A01
201200012828;0;7;0;3;0;7;1;A01
201200012829;0;7;0;3;2;7;17;A01
201200012829;0;14;0;0;2;6;1;B02
201200012830;0;15;0;3;0;2;1;A01
201200012831;0;7;0;3;0;1;1;A01
201200012832;0;7;0;3;0;0;1;A01
201200012833;0;30;0;0;2;5;20;B01
201200012833;0;2;0;1;1;2;1;A01
201200012834;0;7;0;0;2;3;1;B01
201200012834;0;33;0;0;2;1;13;A01
201200012835;0;7;0;0;1;3;1;A01
201200012836;0;7;0;0;1;2;1;A01
201200012837;0;10;0;0;2;1;1;A01
201200012837;0;7;0;0;2;3;15;B01
201200012838;0;7;0;0;1;2;21;A01
201200012838;0;7;0;0;0;0;0;B01
201200012839;0;7;0;13;0;2;1;A01
201200012840;0;37;1;0;2;5;1;A01
201200012840;0;1;0;0;2;1;1;B02
201200012841;0;2;0;6;0;1;1;A01
201200012842;0;7;0;9;0;1;15;A01
201200012843;0;7;0;2;0;1;1;A01
201200012844;0;30;0;0;2;2;1;A01
201200012844;0;10;0;0;2;6;18;B02
201200012845;0;31;0;0;2;1;1;B02
201200012845;0;7;0;0;2;3;13;A01
201200012846;0;3;0;6;1;2;1;A01
201200012847;0;7;0;0;2;8;1;B02
201200012847;0;33;0;0;2;3;13;A01
201200012848;0;7;0;0;2;1;1;B02
201200012848;0;7;0;0;2;1;13;A01
201200012849;0;7;0;0;9;3;1;B02
201200012849;0;1;0;0;2;8;13;A01
201200012850;0;31;0;0;6;1;1;A01
201200012851;0;7;0;0;2;7;13;A01
201200012851;0;7;0;0;2;1;1;B02
201200012852;0;7;0;0;1;1;1;A01
201200012853;0;30;0;0;2;0;0;B01
201200012853;0;7;0;0;2;5;0;A01
201200012854;0;7;0;0;2;1;1;B01
201200012854;0;7;0;0;2;7;1;A01
201200012855;0;7;0;0;2;1;2;B01
201200012855;0;7;0;0;2;4;2;A01
201200012856;0;7;0;0;0;7;1;A01
201200012857;0;2;0;0;2;1;1;A01
201200012857;0;7;0;0;2;1;5;B01
201200012858;0;7;0;0;2;3;1;A01
201200012858;0;30;0;0;2;1;19;B01
201200012859;0;30;0;0;2;1;1;B01
201200012859;0;7;0;0;2;2;15;A01
201200012860;0;7;0;0;1;3;16;A01
201200012861;0;1;0;0;2;0;15;A01
201200012861;0;7;0;0;2;1;0;B01
201200012862;0;2;0;0;2;1;1;B01
201200012862;0;7;0;0;2;1;15;A01
201200012863;0;33;0;0;2;1;1;B01
201200012863;2;7;0;0;2;3;15;A01
201200012864;0;1;0;0;2;3;2;B01
201200012864;0;7;0;0;2;2;2;A01
201200012865;0;30;0;0;0;0;0;A01
201200012866;0;7;0;0;1;2;1;A01
201200012867;0;7;0;0;1;0;0;A01
201200012868;0;7;0;0;0;4;2;B02
201200012868;0;10;0;0;2;1;2;A01
201200012869;0;10;0;0;0;4;1;B02
201200012869;0;7;0;0;2;1;2;A01
201200012870;0;7;0;3;0;1;13;A01
201200012871;0;7;0;4;0;1;19;A01
201200012872;0;33;0;3;2;6;2;B02
201200012872;0;33;0;0;2;8;2;A01
201200012873;0;7;0;0;0;0;11;A01
201200012873;0;33;0;0;0;8;1;B02
201200012874;0;7;0;8;0;9;1;A01
201200012875;0;7;0;0;2;2;17;A01
201200012875;0;7;0;0;2;3;1;B02
201200012876;0;14;0;0;2;3;2;A01
201200012876;0;14;0;0;2;5;2;B02
201200012877;0;7;0;0;0;8;1;A01
201200012878;0;37;0;0;2;2;2;A01
201200012878;0;7;0;0;2;4;2;B02
201200012878;0;7;0;0;2;4;2;C03
201200012879;0;33;0;0;0;4;2;A01
201200012879;0;7;0;0;2;1;2;B02
201200012880;0;7;0;8;0;9;1;A01
201200012881;0;10;0;13;0;7;1;A01
201200012882;0;7;0;0;2;3;15;A01
201200012882;0;7;0;0;2;2;1;B02
201200012883;0;14;0;0;2;6;17;A01
201200012883;0;33;0;0;2;2;17;B02
201200012884;0;7;0;0;0;5;14;A01
201200012884;0;17;0;0;2;1;1;B02
201200012885;0;7;0;13;0;9;1;A01
201200012886;0;7;0;6;0;3;0;A01
201200012887;0;7;0;3;0;3;21;A01
201200012888;0;10;0;0;0;0;1;A01
201200012889;0;15;0;0;2;4;2;A01
201200012889;0;7;0;0;2;1;2;B02
201200012890;0;7;0;0;2;1;2;A01
201200012890;0;7;0;0;0;4;1;B02
201200012891;0;38;67;3;0;7;12;A01
201200012892;0;7;0;5;0;1;1;A01
201200012893;0;7;0;3;0;2;1;A01
201200012894;0;10;0;13;0;9;17;A01
201200012895;0;7;0;0;0;0;0;A01
201200012896;0;7;0;3;0;2;1;A01
201200012897;0;7;0;16;0;0;0;A01
201200012898;0;7;0;4;0;1;9;A01
201200012899;0;7;0;0;0;6;1;A01
201200012899;0;7;0;0;2;2;2;B02
201200012900;0;7;0;1;0;1;1;A01
201200012900;0;15;0;1;0;4;24;B02
201200012901;0;7;0;13;0;2;12;A01
201200012902;0;17;0;0;2;6;1;B02
201200012902;0;7;0;0;2;2;21;A01
201200012903;0;7;0;0;2;1;1;B02
201200012903;0;7;0;0;2;1;1;C03
201200012903;0;7;0;0;2;1;1;D04
201200012903;0;7;0;0;0;4;0;A01
201200012904;0;10;0;0;0;2;1;A01
201200012905;0;7;0;3;0;3;0;A01
201200012906;0;30;0;3;0;7;1;A01
201200012907;0;33;0;0;0;4;2;B02
201200012907;0;33;0;0;2;1;2;A01
201200012908;0;14;0;0;2;2;21;E01
201200012908;0;7;0;0;2;4;23;B01
201200012908;0;14;0;0;2;3;21;C01
201200012908;0;14;0;0;0;8;1;D01
201200012908;0;7;0;0;0;4;23;A01
201200012909;0;7;0;13;0;1;17;A01
201200012910;0;13;0;0;2;1;2;A01
201200012910;0;7;0;0;0;4;2;B02
201200012911;0;7;0;3;0;1;1;A01
201200012912;0;7;0;0;2;3;1;D04
201200012912;0;10;0;0;2;1;1;C03
201200012912;0;17;0;3;2;1;6;A01