num_acc;senc;catv;occutc;obs;obsm;choc;manv;num_veh
201200012912;0;10;0;0;9;1;1;E05
201200012912;0;7;0;0;2;1;1;B02
201200012913;0;17;0;13;0;2;1;A01
201200012914;0;10;0;0;2;2;2;A01
201200012914;0;17;0;0;2;6;1;B02
201200012915;0;7;0;0;2;2;17;A01
201200012915;0;7;0;1;0;1;1;B02
201200012915;0;17;0;0;0;4;23;C03
201200012915;0;17;0;0;0;8;1;D04
201200012916;0;7;0;0;2;1;13;A01
201200012916;0;7;0;0;2;3;0;B02
201200012917;0;33;0;8;0;1;1;A01
201200012918;0;7;0;0;2;1;1;B02
201200012918;0;2;0;0;2;1;13;A01
201200012919;0;7;0;6;0;3;16;A01
201200012920;0;7;0;0;2;1;17;A01
201200012920;0;7;0;0;2;1;1;B02
201200012921;0;7;0;3;0;7;1;A01
201200012922;0;7;0;3;0;1;17;A01
201200012923;0;10;0;3;0;3;13;A01
201200012924;0;7;0;0;1;4;20;A01
201200012925;0;7;0;0;2;3;1;B02
201200012925;0;7;0;0;2;3;13;A01
201200012926;0;1;0;0;2;0;1;B02
201200012926;0;33;0;0;2;1;1;A01
201200012927;0;7;0;0;2;3;1;B02
201200012927;0;7;0;0;2;3;13;A01
201200012928;0;33;0;0;2;5;1;B02
201200012928;0;10;0;0;2;3;19;A01
201200012929;0;34;0;11;0;1;1;A01
201200012930;0;33;0;0;2;1;17;B02
201200012930;0;7;0;0;0;8;13;A01
201200012931;0;7;0;0;1;4;23;A01
201200012931;0;7;0;0;2;1;1;B02
201200012932;0;7;0;0;1;2;0;A01
201200012933;0;31;0;0;2;1;1;B02
201200012933;0;7;0;0;2;2;15;A01
201200012934;0;10;0;0;9;1;1;A01
201200012934;0;1;0;0;2;7;1;B02
201200012935;0;7;0;0;1;3;1;A01
201200012936;0;32;0;11;2;1;1;A01
201200012936;0;10;0;0;2;0;1;B02
201200012937;0;7;0;0;2;8;19;A01
201200012937;0;33;0;0;2;1;1;B02
201200012937;0;2;0;0;2;1;1;C03
201200012938;0;1;0;0;0;0;1;A01
201200012939;0;7;0;0;2;3;10;B02
201200012939;0;34;0;0;2;1;17;A01
201200012940;0;7;0;4;0;2;14;A01
201200012941;0;10;0;0;2;3;19;A01
201200012941;0;33;0;0;2;2;9;B02
201200012942;0;33;0;0;2;1;1;A01
201200012942;0;10;0;0;2;7;15;B02
201200012943;0;7;0;0;2;1;1;C03
201200012943;0;7;0;0;2;1;5;A01
201200012943;0;7;0;0;2;1;1;B02
201200012944;0;7;0;0;2;1;1;A01
201200012944;0;7;0;0;2;8;15;B02
201200012945;0;7;0;0;0;6;0;A01
201200012945;0;33;0;0;0;1;21;B02
201200012946;0;33;0;0;0;6;0;B02
201200012946;0;33;0;0;2;7;21;A01
201200012947;0;33;0;0;2;3;1;A01
201200012947;0;7;0;0;2;2;12;B02
201200012948;0;33;0;0;2;8;1;A01
201200012948;0;7;0;0;2;1;15;B02
201200012949;0;7;0;0;1;4;4;A01
201200012950;0;15;0;0;2;2;1;A01
201200012950;0;7;0;0;2;2;12;B02
201200012951;0;7;0;0;2;1;19;A01
201200012951;0;7;0;0;2;1;1;B02
201200012952;0;7;0;0;0;2;1;A01
201200012952;0;33;0;0;0;8;0;B02
201200012953;0;7;0;2;0;1;1;A01
201200012954;0;7;0;0;2;1;19;A01
201200012954;0;7;0;0;2;3;1;B02
201200012955;0;33;0;0;6;1;1;A01
201200012956;0;38;0;0;2;2;1;A01
201200012956;0;1;0;0;2;1;0;B02
201200012957;0;7;0;0;2;1;23;C03
201200012957;0;7;0;0;0;7;15;A01
201200012957;0;7;0;0;2;3;1;B02
201200012957;0;7;0;0;2;3;23;D04
201200012958;0;15;0;0;2;1;1;A01
201200012958;0;7;0;0;2;1;11;B02
201200012959;0;7;0;0;2;2;15;B02
201200012959;0;31;0;0;2;1;1;A01
201200012960;0;7;0;0;1;1;9;A01
201200012961;0;7;0;0;2;3;13;A01
201200012961;0;7;0;0;2;3;1;B02
201200012962;0;17;0;0;2;3;2;A01
201200012962;0;7;0;0;0;4;2;B02
201200012963;0;7;0;0;2;3;13;A01
201200012963;0;7;0;0;2;2;1;B02
201200012964;0;7;0;13;0;9;14;A01
201200012965;0;7;0;3;2;5;23;A01
201200012965;0;7;0;0;2;1;14;B02
201200012966;0;17;0;0;2;8;1;C03
201200012966;0;15;0;0;2;8;1;B02
201200012966;0;7;0;3;2;7;14;A01
201200012967;0;7;0;16;2;6;1;B02
201200012967;0;7;0;16;2;2;17;A01
201200012968;0;7;0;6;0;1;1;A01
201200012969;0;10;0;0;2;1;2;A01
201200012969;0;17;0;0;0;0;1;B02
201200012970;0;7;0;0;2;1;21;A01
201200012970;0;7;0;0;2;4;21;B02
201200012971;0;10;0;11;0;1;1;A01
201200012972;0;7;0;13;0;3;14;A01
201200012973;0;7;0;1;0;1;1;A01
201200012973;0;7;0;0;0;4;2;B02
201200012974;0;10;0;6;0;6;13;A01
201200012975;0;7;0;0;2;1;2;A01
201200012975;0;7;0;0;0;4;17;B02
201200012976;0;7;0;0;0;0;1;A01
201200012977;0;14;0;0;2;3;2;A01
201200012977;0;7;0;0;2;4;2;B02
201200012977;0;7;0;0;0;4;2;C03
201200012978;0;7;0;4;0;9;0;A01
201200012979;0;7;0;3;2;1;17;A01
201200012980;0;33;0;0;0;8;16;A01
201200012981;0;7;0;0;2;1;13;A01
201200012981;0;10;0;0;2;1;1;B02
201200012982;0;7;0;0;2;6;1;A01
201200012982;0;33;0;0;2;3;1;B02
201200012983;0;7;0;0;2;1;1;A02
201200012983;0;7;0;0;2;7;19;B01
201200012984;0;10;0;0;2;1;5;B02
201200012984;0;10;0;0;2;7;21;C03
201200012984;0;10;0;0;2;8;13;A01
201200012985;0;7;0;0;2;6;17;A01
201200012985;0;7;0;0;2;2;17;B02
201200012986;0;7;0;0;0;4;1;D04
201200012986;0;7;0;0;2;1;1;B02
201200012986;0;7;0;0;2;1;1;A01
201200012986;0;7;0;0;2;4;1;C03
201200012987;0;7;0;0;0;1;1;A01
201200012987;0;7;0;0;0;2;13;B02
201200012988;0;30;0;0;1;1;1;A01
201200012989;0;7;0;0;2;1;1;A01
201200012989;0;1;0;0;2;7;15;B02
201200012990;0;10;0;0;2;3;5;A01
201200012990;0;7;0;0;2;3;17;B02
201200012990;0;7;0;0;2;1;1;C03
201200012991;0;31;0;0;2;2;1;A01
201200012991;0;7;0;0;2;4;1;B02
201200012992;0;7;0;0;2;7;15;A01
201200012992;0;31;0;0;2;1;1;B02
201200012993;0;33;0;0;1;1;1;A01
201200012994;0;7;0;0;9;3;13;A01
201200012994;0;1;0;0;2;1;1;B02
201200012995;0;31;0;0;2;3;13;A01
201200012995;0;7;0;0;2;3;1;B02
201200012996;0;7;0;0;1;2;21;A01
201200012997;0;10;0;13;0;1;19;A01
201200012998;0;7;0;13;0;1;21;A01
201200012999;0;10;0;0;2;2;17;A01
201200012999;0;14;0;0;2;6;1;B02
201200013000;0;15;0;0;2;4;1;A01
201200013000;0;15;0;0;2;1;1;B02
201200013001;0;7;0;0;0;4;1;A01
201200013001;0;7;0;0;2;1;1;B02
201200013002;0;7;0;0;2;8;19;A01
201200013002;0;33;0;0;2;1;1;B02
201200013003;0;7;0;13;0;3;19;A01
201200013004;0;10;0;6;2;7;1;B02
201200013004;0;7;0;0;2;1;5;A01
201200013005;0;7;0;0;0;0;15;A01
201200013005;0;30;0;14;0;0;21;B02
201200013006;0;33;0;13;0;7;1;A01
201200013007;0;33;0;0;2;0;17;A01
201200013008;0;7;0;0;2;2;15;A01
201200013008;0;2;0;0;2;1;1;B02
201200013009;0;7;0;0;9;2;15;A01
201200013009;0;1;0;0;2;1;1;B02
201200013010;0;7;0;0;2;3;23;A01
201200013010;0;7;0;0;2;2;1;B02
201200013011;0;1;0;0;2;1;1;B02
201200013011;0;1;0;0;2;4;1;A01
201200013012;0;7;0;0;2;2;19;A01
201200013012;0;31;0;0;2;1;1;B02
201200013013;0;3;0;0;2;1;15;A01
201200013013;0;7;0;0;2;3;1;B02
201200013014;0;7;0;13;0;2;12;A01
201200013015;0;1;0;0;2;8;2;B02
201200013015;1;7;0;0;2;7;1;Z01
201200013016;0;7;0;7;0;1;1;A01
201200013017;0;7;0;0;2;4;1;B02
201200013017;0;33;0;0;2;1;1;A01
201200013018;0;30;0;11;0;1;1;A01
201200013019;0;7;0;0;1;3;1;A01
201200013020;0;33;0;0;0;2;1;A01
201200013021;0;2;0;0;0;8;1;A01
201200013022;0;7;0;13;0;1;1;A01
201200013023;0;7;0;0;2;1;2;A01
201200013023;0;10;0;0;2;4;2;B02
201200013023;0;7;0;0;2;4;2;C03
201200013024;0;7;0;13;0;1;1;A01
201200013025;0;7;0;2;0;7;1;A01
201200013026;0;7;0;0;2;3;13;A01
201200013026;0;7;0;0;2;3;1;B02
201200013027;0;33;0;0;0;8;1;A01
201200013028;0;30;0;0;2;3;1;B02
201200013028;0;7;0;0;2;8;1;A01
201200013029;0;32;0;0;2;1;17;A01
201200013029;0;7;0;0;2;3;19;B02
201200013030;0;2;0;0;0;5;1;B02
201200013030;0;7;0;0;2;8;1;A01
201200013031;0;7;0;0;2;3;5;A01
201200013031;0;33;0;0;2;1;17;B02
201200013032;1;7;0;0;2;2;2;A01
201200013032;0;7;0;0;2;6;1;B02
201200013033;0;3;0;9;0;1;0;A01
201200013034;0;7;0;0;2;1;1;B02
201200013034;0;2;0;0;2;8;15;A01
201200013035;0;2;0;0;2;1;1;B02
201200013035;0;7;0;0;2;3;16;A01
201200013036;0;33;0;0;2;1;21;C03
201200013036;0;10;0;0;2;5;21;D04
201200013036;0;30;0;0;2;1;21;E05
201200013036;0;7;0;0;2;4;15;A01
201200013036;0;33;0;0;2;1;21;B02
201200013037;0;10;0;0;2;3;1;B02
201200013037;0;37;0;0;2;3;1;A01
201200013038;0;7;0;2;0;7;13;A01
201200013039;0;7;0;2;0;6;17;A01
201200013040;0;34;0;0;2;1;1;B02
201200013040;0;7;0;0;2;3;15;A01
201200013041;0;7;0;2;0;1;1;A01
201200013042;0;31;0;0;2;8;1;A01
201200013042;0;7;0;0;2;2;14;B02
201200013043;0;7;0;0;2;1;15;A01
201200013043;0;32;0;0;2;1;1;B02
201200013044;0;7;0;2;0;1;16;A01
201200013045;0;10;0;0;2;7;17;A01
201200013045;0;30;0;0;2;8;1;B02
201200013046;0;7;0;0;2;1;15;B02
201200013046;0;30;0;0;2;1;1;A01
201200013047;0;38;0;6;0;2;21;A01
201200013048;0;33;0;13;0;1;1;A01
201200013049;0;7;0;13;0;1;14;A01
201200013050;0;32;0;0;0;1;1;A01
201200013050;0;7;0;0;0;2;15;B02
201200013051;0;7;0;3;2;1;5;A01
201200013051;0;32;0;3;2;1;1;B02
201200013052;0;7;0;0;2;1;2;A01
201200013052;0;7;0;0;2;4;2;B02
201200013053;0;2;0;0;2;1;16;A01
201200013053;0;37;1;0;2;8;1;B02
201200013054;0;37;1;0;1;2;7;A01
201200013055;0;31;0;0;0;8;1;A01
201200013055;0;7;0;0;0;3;15;B02
201200013056;0;30;0;12;0;1;1;A01
201200013057;0;10;0;0;2;3;19;A01
201200013057;0;33;0;0;2;1;1;B02
201200013058;0;7;0;12;1;3;1;A01
201200013059;0;33;0;0;2;1;1;A01
201200013059;0;7;0;0;2;3;19;B02
201200013060;0;7;0;0;1;3;0;A01
201200013061;0;30;0;0;2;1;15;A01
201200013061;0;7;0;0;2;1;1;B02
201200013062;0;7;0;0;2;3;15;A01
201200013062;0;32;0;0;2;1;1;B02
201200013063;0;30;0;14;0;0;1;A01
201200013064;0;7;0;0;2;2;17;A01
201200013064;0;1;0;0;2;8;15;B02
201200013065;0;10;0;0;2;3;1;B02
201200013065;0;1;0;0;2;1;1;A01
201200013066;0;1;0;0;9;8;2;A01
201200013066;0;1;0;0;9;2;2;B02
201200013067;0;7;0;0;1;1;14;A01
201200013068;0;7;0;0;2;0;5;A01
201200013068;0;7;0;6;2;1;21;B02
201200013069;0;7;0;0;2;7;15;A01
201200013069;0;2;0;0;2;1;1;B02
201200013070;0;7;0;0;2;3;1;A01
201200013070;0;7;0;0;2;3;1;B02
201200013071;0;7;0;0;2;1;1;A01
201200013071;0;7;0;10;0;4;1;B02
201200013072;0;7;0;0;2;3;13;A01
201200013072;0;30;0;0;2;1;1;B02
201200013073;0;7;0;2;0;7;13;A01
201200013074;0;33;0;0;2;8;18;B02
201200013074;0;7;0;0;2;7;16;A01
201200013075;0;7;0;2;0;9;1;A01
201200013076;0;17;0;0;0;7;1;A01
201200013077;0;10;0;0;2;1;2;A01
201200013077;0;17;0;0;0;4;1;B02
201200013078;0;15;0;1;2;1;2;A01
201200013078;0;10;0;0;2;4;23;B02
201200013078;0;7;0;0;2;4;17;C03
201200013079;0;17;0;3;0;7;14;A01
201200013080;0;7;0;3;0;8;1;A01
201200013081;0;33;0;0;0;0;0;A01
201200013082;0;7;0;0;6;9;1;A01
201200013083;0;17;0;0;0;8;1;B02
201200013083;0;7;0;4;0;3;17;A01
201200013084;1;99;0;0;1;0;0;A01
201200013085;0;17;0;3;0;1;1;A01
201200013085;0;17;0;0;2;2;1;B02
201200013086;0;15;0;0;0;4;1;B02
201200013086;0;15;0;0;2;2;17;A01
201200013087;0;7;0;0;2;8;1;B02
201200013087;0;7;0;0;2;7;17;A01
201200013088;0;7;0;0;0;6;1;A01
201200013088;0;7;0;0;2;2;1;B02
201200013089;0;15;0;0;0;7;1;A01
201200013090;0;17;0;0;0;4;2;B02
201200013090;0;7;0;0;2;1;2;A01
201200013091;0;7;0;0;1;2;1;A01
201200013092;0;7;0;0;2;8;1;B02
201200013092;0;7;0;0;2;3;15;A01
201200013093;0;7;0;6;0;2;1;A01
201200013094;0;7;0;5;0;8;6;A01
201200013095;0;7;0;0;1;2;1;A01
201200013096;0;33;0;1;0;1;2;A01
201200013096;0;14;0;0;2;4;24;B02
201200013097;0;7;0;0;2;2;1;B02
201200013097;0;7;0;0;2;6;15;A01
201200013098;0;7;0;0;1;1;0;A01
201200013099;0;1;0;0;0;7;1;A01
201200013099;0;7;0;0;9;3;12;B02
201200013100;0;7;0;0;2;3;15;A01
201200013100;0;33;0;0;2;1;1;B02
201200013101;0;33;0;0;2;1;1;A01
201200013101;0;7;0;0;2;3;19;B02
201200013102;0;7;0;6;0;1;1;A01
201200013103;0;31;0;0;2;2;18;B02
201200013103;0;21;0;0;2;2;1;A01
201200013104;0;7;0;0;0;6;23;A01
201200013104;0;30;0;1;0;1;16;B02
201200013105;0;14;0;1;0;1;2;C03
201200013105;0;33;0;0;0;4;2;A01
201200013105;0;14;0;14;0;4;2;B02
201200013106;0;7;0;8;0;9;1;A01
201200013107;0;7;0;0;2;9;1;A01
201200013107;0;7;0;0;2;8;2;B02
201200013107;0;7;0;0;2;8;2;C03
201200013108;0;7;0;0;2;4;23;F06
201200013108;0;7;0;0;2;4;23;D04
201200013108;0;10;0;0;2;1;1;A01
201200013108;0;10;0;0;2;4;23;G07
201200013108;0;7;0;0;2;4;23;E05
201200013108;0;10;0;0;2;7;23;C03
201200013108;0;7;0;0;2;4;23;B02
201200013109;0;33;0;0;2;2;1;B02
201200013109;0;15;0;0;2;8;9;A01
201200013109;0;7;0;0;2;1;1;C03
201200013110;0;7;0;0;2;1;13;A01
201200013110;0;7;0;0;2;1;1;B02
201200013111;0;33;0;0;2;8;17;A01
201200013111;0;7;0;0;2;3;1;B02
201200013112;0;7;0;0;2;8;1;C03
201200013112;0;33;0;0;2;8;17;A01
201200013112;0;7;0;0;2;8;2;B02
201200013113;0;7;0;13;0;2;1;A01
201200013114;0;7;0;13;0;2;1;A01
201200013115;0;7;0;6;0;3;1;A01
201200013116;0;33;0;3;0;1;1;A01
201200013117;0;17;0;0;2;3;1;B02
201200013117;0;7;0;0;2;1;1;C03
201200013117;0;7;0;0;2;1;1;A01
201200013118;0;33;0;0;0;0;1;A01
201200013119;0;33;0;8;2;1;1;B02
201200013119;0;7;0;0;0;4;15;A01
201200013120;0;7;0;0;0;4;23;C03
201200013120;0;7;0;0;0;4;23;B02
201200013120;0;7;0;0;0;1;1;A01
201200013121;0;7;0;0;1;2;1;A01
201200013122;0;7;0;0;2;2;17;B02
201200013122;0;7;0;0;2;3;15;A01
201200013123;0;2;0;0;1;1;1;A01
201200013124;0;10;0;0;2;1;1;B02
201200013124;0;99;0;0;2;1;1;A01
201200013125;0;30;0;0;2;1;2;A01
201200013125;0;10;0;0;2;4;2;B02
201200013126;0;7;0;0;2;1;1;A01
201200013126;0;2;0;0;;1;15;B02
201200013127;0;30;0;0;2;1;1;A01
201200013127;0;7;0;0;2;7;15;B02
201200013128;0;33;0;0;0;7;1;A01
201200013129;0;7;0;1;1;1;0;A01
201200013130;0;10;0;3;0;1;13;A01
201200013131;0;7;0;2;0;2;14;A01
201200013132;0;7;0;0;2;1;1;C03
201200013132;0;17;0;3;0;1;6;A01
201200013133;0;7;0;0;2;6;13;A01
201200013133;0;7;0;0;2;2;17;B02
201200013133;0;7;0;0;9;0;1;C03
201200013134;0;7;0;0;1;1;16;A01
201200013135;0;7;0;0;2;8;11;B02
201200013135;0;7;0;0;0;1;24;A01
201200013136;0;7;0;3;2;3;2;A01
201200013137;0;7;0;0;2;1;1;A01
201200013137;0;7;0;0;0;4;1;B02
201200013138;0;7;0;0;2;1;17;A01
201200013138;0;17;0;0;2;6;1;B02
201200013139;0;7;0;0;2;7;1;B02
201200013139;0;7;0;4;2;5;13;A01
201200013140;0;10;0;3;0;1;1;A01
201200013141;0;7;0;0;2;3;15;B02
201200013141;0;33;0;0;2;7;17;A01
201200013142;0;7;0;0;2;3;21;A01
201200013142;0;7;0;0;2;8;2;B02
201200013143;0;31;0;0;2;1;2;A01
201200013143;0;7;0;0;2;5;1;B02
201200013144;0;32;0;8;0;1;13;A01
201200013145;0;30;0;0;2;1;1;A01
201200013145;0;10;0;0;2;3;9;B02
201200013146;0;7;0;0;2;3;1;C03
201200013146;0;33;0;0;2;7;17;A01
201200013146;0;7;0;0;2;8;1;B02
201200013147;0;33;0;0;2;1;13;B02
201200013147;0;7;0;0;2;8;6;A01
201200013148;0;7;0;3;0;6;1;A01
201200013149;0;7;0;2;0;3;13;A01
201200013150;0;7;0;0;1;1;1;A01
201200013151;0;7;0;7;0;1;1;C03
201200013151;0;17;0;7;0;1;13;A01
201200013151;0;7;0;7;0;1;1;B02
201200013152;0;7;0;6;0;1;1;A01
201200013153;0;7;0;0;2;3;2;A01
201200013153;0;33;0;0;2;7;17;B02
201200013154;0;7;0;4;2;1;0;A01
201200013154;0;7;0;0;2;9;17;B02
201200013155;0;7;0;3;0;2;1;A01
201200013156;0;7;0;0;2;3;0;B02
201200013156;0;7;0;0;2;3;0;A01
201200013157;0;7;0;8;0;1;13;A01
201200013158;0;7;0;0;2;1;1;B02
201200013158;0;7;0;0;2;1;13;A01
201200013159;0;7;0;0;2;6;1;B02
201200013159;0;7;0;0;2;3;1;A01
201200013160;0;7;0;0;0;0;1;A01
201200013161;0;10;0;0;0;3;19;A01
201200013161;0;7;0;0;0;1;1;B02
201200013162;0;1;0;0;2;2;1;A01
201200013162;0;7;0;0;2;3;1;B02
201200013163;0;7;0;2;0;1;1;A01
201200013164;0;7;0;0;1;7;1;A01
201200013165;0;33;0;0;2;3;1;A01
201200013165;0;17;0;0;2;8;1;B02
201200013166;0;7;0;0;2;1;13;A01
201200013166;0;7;0;0;2;8;1;D04
201200013166;0;7;0;0;2;8;1;C03
201200013166;0;7;0;0;2;1;1;B02
201200013167;0;7;0;0;2;1;13;A01
201200013167;0;10;0;0;2;3;1;B02
201200013168;0;7;0;0;1;3;1;A01
201200013169;0;7;0;0;2;7;17;A01
201200013169;0;2;0;0;2;8;15;B02
201200013170;0;7;0;0;0;8;1;A01
201200013170;0;7;0;0;0;1;19;B02
201200013171;0;33;0;0;0;9;17;A01
201200013172;0;7;0;0;2;3;13;B02
201200013172;0;7;0;0;;3;1;A01
201200013173;0;7;0;0;;1;1;B02
201200013173;0;7;0;0;2;2;15;A01
201200013174;0;33;0;0;2;8;17;A01
201200013174;0;15;0;0;2;0;17;B02
201200013175;0;7;0;0;0;4;2;B02
201200013175;0;7;0;0;2;1;2;A01
201200013176;0;7;0;0;0;6;2;A01
201200013176;0;33;0;0;0;1;2;B02
201200013177;0;7;0;13;0;1;1;A01
201200013178;0;7;0;0;2;4;2;A01
201200013178;0;17;0;0;2;1;2;B02
201200013179;0;7;0;0;2;6;1;A01
201200013179;0;7;0;0;2;2;11;B02
201200013179;0;7;0;1;0;1;1;C03
201200013179;0;7;0;0;1;1;21;D04
201200013180;0;7;0;0;0;0;1;A01
201200013180;0;7;0;14;0;1;1;B02
201200013180;0;7;0;0;2;1;1;C03
201200013180;0;7;0;14;0;1;1;D04
201200013181;0;7;0;0;2;2;17;A01
201200013181;0;15;0;0;2;3;1;B02
201200013182;0;7;0;0;2;3;2;A01
201200013182;0;17;0;0;2;5;2;B02
201200013183;0;7;0;3;0;1;1;A01
201200013184;0;33;0;3;0;8;17;A01
201200013185;0;10;0;3;0;8;17;A01
201200013186;0;7;0;6;0;3;14;A01
201200013187;0;7;0;3;0;3;11;A01
201200013188;0;14;0;0;2;6;1;B02
201200013188;0;7;0;3;2;2;17;A01
201200013189;0;10;0;0;2;2;14;A01
201200013189;0;15;0;0;0;6;1;B02
201200013190;0;10;0;0;2;1;2;A01
201200013190;0;17;0;0;2;4;1;B02
201200013191;0;7;0;4;2;7;17;A01
201200013191;1;17;0;0;2;1;17;A02
201200013192;0;10;0;3;0;1;14;A01
201200013193;0;7;0;2;0;1;14;A01
201200013194;0;7;0;3;2;1;17;A01
201200013194;0;10;0;0;0;4;17;B02
201200013195;0;17;0;0;2;5;1;A01
201200013195;0;17;0;0;2;1;1;B02
201200013196;0;7;0;13;0;7;1;A01
201200013197;0;7;0;3;0;7;14;A01
201200013198;0;17;0;0;0;2;1;A01
201200013198;0;17;0;0;0;4;23;B02
201200013199;0;17;0;0;2;1;2;A01
201200013199;0;17;0;0;0;5;2;B02
201200013200;0;7;0;0;2;6;4;A01
201200013200;0;7;0;0;2;2;1;B02
201200013201;0;7;0;3;0;1;1;A01
201200013202;0;7;0;6;0;2;1;A01
201200013203;0;33;0;13;0;4;1;A01
201200013204;0;7;0;9;0;5;1;A01
201200013205;0;7;0;0;1;3;15;A01
201200013206;0;7;0;0;1;0;1;A01
201200013207;0;7;0;0;2;1;1;A01
201200013207;0;7;0;0;2;5;1;B01
201200013208;0;7;0;8;0;1;14;A01
201200013209;0;33;0;0;1;1;17;A01
201200013210;0;7;0;0;1;6;4;A01
201200013211;1;7;0;0;1;3;15;A01
201200013212;0;7;0;0;2;1;1;A01
201200013212;0;7;0;0;0;4;2;B01
201200013213;0;7;0;0;2;1;1;A01
201200013213;0;30;0;0;2;7;1;B01
201200013214;0;7;0;0;2;2;1;B01
201200013214;0;7;0;0;2;3;15;A01
201200013215;0;7;0;0;2;2;15;A01
201200013215;0;7;0;0;2;3;1;B01
201200013216;0;37;1;0;1;2;1;A01
201200013217;0;7;0;0;2;3;16;B01
201200013217;0;7;0;0;2;3;13;A01
201200013218;0;7;0;0;2;2;1;B01
201200013218;0;7;0;0;2;5;1;A01
201200013219;0;7;0;0;0;0;15;A01
201200013219;0;37;5;0;0;0;7;B01
201200013220;0;7;0;0;1;1;1;A01
201200013221;0;7;0;0;0;3;11;B02
201200013221;0;30;0;0;0;1;2;A01
201200013222;0;1;0;0;2;7;1;B01
201200013222;0;7;0;0;2;3;9;A01
201200013223;0;7;0;0;0;1;0;B01
201200013223;0;7;0;0;0;4;0;C01
201200013223;0;7;0;0;0;1;0;A01
201200013224;0;30;0;0;2;1;1;A01
201200013224;0;7;0;0;2;6;15;B01
201200013225;0;7;0;1;0;2;16;A01
201200013225;0;30;0;0;2;6;1;B01
201200013226;0;7;0;13;0;9;1;A01
201200013227;2;7;0;0;1;7;1;A01
201200013228;0;2;0;0;2;1;1;A01
201200013228;0;7;0;0;0;4;9;B01
201200013229;0;7;0;0;2;4;1;A01
201200013229;0;10;0;0;2;1;1;B01
201200013230;0;7;0;0;2;3;15;A01
201200013230;0;30;0;0;2;1;1;B01
201200013231;0;7;0;0;0;3;15;A01
201200013231;0;30;0;0;0;1;1;B01
201200013232;0;7;0;0;0;4;2;C01
201200013232;0;7;0;0;0;4;2;B01
201200013232;0;7;0;0;0;1;2;A01
201200013233;0;7;0;0;2;1;1;B01
201200013233;0;7;0;0;2;1;1;A01
201200013234;0;7;0;0;1;7;1;A01
201200013235;0;1;0;0;2;5;1;B01
201200013235;0;7;0;0;2;3;1;A01
201200013236;0;7;0;0;2;8;0;A01
201200013236;0;7;0;0;2;1;0;B01
201200013237;0;7;0;8;0;1;1;A01
201200013238;0;7;0;0;0;7;2;A01
201200013239;0;33;0;0;2;1;1;B01
201200013239;0;7;0;0;2;8;15;A01
201200013240;0;7;0;0;0;4;23;B01
201200013240;0;30;0;0;2;1;1;A01
201200013241;0;7;0;0;2;7;10;A01
201200013241;0;7;0;0;2;1;1;B01
201200013242;0;7;0;0;5;9;21;A01
201200013242;0;33;0;0;2;1;21;B01
201200013243;0;7;0;0;2;1;1;A01
201200013243;0;7;0;0;2;2;19;B01
201200013244;0;10;0;0;2;3;1;B01
201200013244;0;7;0;0;2;3;17;A01
201200013244;0;7;0;0;2;1;1;C01
201200013245;0;10;0;0;2;2;15;B01
201200013245;0;33;0;0;2;1;1;A01
201200013246;0;1;0;0;2;1;1;B01
201200013246;0;10;0;0;2;5;16;A01
201200013247;0;7;0;0;1;3;1;A01
201200013248;0;7;0;0;1;2;1;A01
201200013249;0;7;0;0;2;4;1;B01
201200013249;0;7;0;0;0;1;1;A01
201200013250;0;7;0;0;2;1;15;A01
201200013250;0;33;0;0;2;8;1;B01
201200013251;0;1;0;0;2;4;1;B01
201200013251;0;7;0;0;2;1;9;A01
201200013252;1;7;0;0;0;4;;Z01
201200013252;0;33;0;12;0;4;1;A01
201200013253;0;7;0;0;2;7;15;B01
201200013253;0;30;0;0;2;1;1;A01
201200013254;0;7;0;0;2;7;15;A01
201200013254;0;33;0;0;2;1;1;B01
201200013255;0;7;0;0;2;3;9;A01
201200013255;0;1;0;0;2;1;1;B01
201200013256;0;7;0;0;2;3;0;B01
201200013256;0;2;0;0;2;1;5;A01
201200013257;0;1;0;0;2;5;1;B01
201200013257;0;7;0;0;2;2;9;A01
201200013258;0;2;0;0;2;1;1;B01
201200013258;0;7;0;0;2;3;16;A01
201200013259;0;7;0;0;0;4;23;B01
201200013259;0;30;0;0;2;1;2;A01
201200013260;0;3;0;0;1;1;15;A01
201200013261;0;7;0;0;2;1;1;B01
201200013261;0;7;0;1;2;1;17;A01
201200013262;0;2;0;0;0;3;1;B01
201200013262;1;7;0;0;0;5;17;A01
201200013263;0;7;0;0;1;3;1;A01
201200013264;0;7;0;0;1;1;1;A01
201200013265;0;7;0;0;1;1;1;A01
201200013266;0;2;0;0;2;1;1;B01
201200013266;0;7;0;0;2;5;15;A01
201200013267;0;2;0;0;0;8;15;A01
201200013267;0;7;0;0;0;3;1;B01
201200013268;0;33;0;0;0;1;1;B01
201200013268;0;7;0;0;0;3;15;A01
201200013269;0;7;0;0;2;2;15;A01
201200013269;0;7;0;0;2;1;1;B01
201200013270;0;30;0;0;2;2;15;A01
201200013270;0;7;0;0;0;4;24;C01
201200013270;0;7;0;0;2;1;1;B01
201200013271;0;31;0;0;2;1;15;B01
201200013271;0;7;0;0;2;8;15;A01
201200013272;0;7;0;0;2;1;9;A01
201200013272;0;1;0;0;2;4;1;B01
201200013273;0;7;0;0;0;3;1;B01