num_acc;senc;catv;occutc;obs;obsm;choc;manv;num_veh
201200013273;0;33;0;0;2;1;1;A01
201200013274;0;30;0;0;2;1;0;A01
201200013274;0;7;0;0;2;3;0;B01
201200013275;0;7;0;0;1;5;20;A01
201200013276;0;30;0;0;2;8;1;B01
201200013276;0;7;0;0;2;1;15;A01
201200013277;0;7;0;0;0;3;1;A01
201200013278;0;7;0;0;1;2;1;A01
201200013279;0;30;0;0;2;3;17;A01
201200013279;0;7;0;0;2;3;9;B01
201200013280;0;2;0;0;2;1;1;A01
201200013280;0;7;0;0;2;8;1;B01
201200013281;0;7;0;0;1;7;1;A01
201200013282;0;10;0;0;9;1;5;A01
201200013282;0;1;0;0;2;1;1;B01
201200013283;0;10;0;0;2;4;2;B01
201200013283;0;10;0;0;2;1;2;A01
201200013284;0;7;0;0;1;2;1;A01
201200013285;0;7;0;0;2;3;16;A01
201200013285;0;7;0;0;2;8;1;B01
201200013286;0;7;0;0;2;8;15;B01
201200013286;0;2;0;0;2;7;17;A01
201200013287;0;15;0;0;0;4;2;B01
201200013287;0;7;0;0;2;1;2;A01
201200013288;0;7;0;0;0;3;1;B01
201200013288;0;7;0;0;2;3;13;A01
201200013289;0;7;0;0;1;1;1;A01
201200013290;0;7;0;0;1;1;1;A01
201200013291;0;31;0;0;0;8;1;B01
201200013291;0;7;0;0;2;7;17;A01
201200013292;0;1;0;0;2;3;2;B02
201200013292;0;30;0;0;9;7;2;A01
201200013293;1;7;0;0;1;7;2;A01
201200013294;0;7;0;2;0;1;19;A01
201200013295;0;14;0;2;0;3;13;A01
201200013296;0;7;0;0;2;1;15;A01
201200013296;0;2;0;0;2;1;1;B02
201200013297;0;33;0;0;2;3;1;B02
201200013297;0;7;0;0;2;3;15;A01
201200013298;0;7;0;0;2;8;10;A01
201200013298;0;33;0;0;2;1;1;B02
201200013299;0;7;0;0;2;5;15;A01
201200013299;0;30;0;0;2;2;1;B02
201200013300;0;21;0;0;0;7;1;A01
201200013301;0;7;0;0;2;1;1;B02
201200013301;0;7;0;0;2;1;1;A01
201200013302;0;7;0;0;0;0;0;B02
201200013302;0;7;0;0;0;3;1;A01
201200013303;0;7;0;0;1;4;4;A01
201200013304;0;7;0;0;2;3;9;A01
201200013304;0;33;0;0;2;1;1;B02
201200013305;0;17;0;0;2;6;13;A01
201200013305;0;7;0;0;2;3;1;B02
201200013306;0;33;0;0;2;3;13;A01
201200013306;0;14;0;0;0;8;1;B02
201200013307;0;33;0;13;0;1;1;A01
201200013308;0;7;0;3;2;1;2;A01
201200013308;0;7;0;0;2;8;14;B02
201200013308;0;7;0;0;0;6;24;C03
201200013309;0;7;0;3;0;3;13;A01
201200013310;0;7;0;4;0;1;1;A01
201200013311;0;7;0;13;0;2;1;A01
201200013312;0;33;0;3;0;1;12;A01
201200013313;0;10;0;3;0;2;14;A01
201200013314;0;7;0;7;0;2;1;A01
201200013315;0;33;0;0;2;1;1;B02
201200013315;0;7;0;0;2;3;10;A01
201200013316;0;7;0;0;0;9;16;A01
201200013317;0;7;0;0;2;3;1;A01
201200013317;0;7;0;0;2;6;15;B02
201200013318;0;7;0;0;2;3;1;A01
201200013318;0;10;0;0;0;4;1;B02
201200013319;0;7;0;0;2;8;1;A01
201200013319;1;7;0;0;2;7;14;B02
201200013320;0;7;0;16;0;1;14;A01
201200013321;0;33;0;0;0;8;1;A01
201200013322;0;15;0;0;0;6;2;B02
201200013322;0;33;0;0;2;1;2;A01
201200013323;0;7;0;0;2;2;14;A01
201200013323;0;7;0;0;2;6;1;B02
201200013324;0;10;0;13;0;3;1;A01
201200013325;0;7;0;15;0;7;1;A01
201200013326;0;7;0;0;1;2;1;A01
201200013327;0;99;0;0;1;1;1;A01
201200013328;0;7;0;0;1;2;1;A01
201200013329;0;7;0;13;0;8;14;A01
201200013330;0;33;0;0;2;7;1;A01
201200013330;0;2;0;0;2;1;19;B02
201200013331;0;14;0;2;0;1;0;A01
201200013332;0;34;0;15;0;8;1;A01
201200013333;0;33;0;0;2;8;1;B02
201200013333;0;7;0;0;2;8;15;A01
201200013334;0;7;0;0;2;3;1;B02
201200013334;0;7;0;0;2;3;5;A01
201200013335;0;7;0;6;0;3;2;A01
201200013336;0;7;0;0;2;3;17;B02
201200013336;0;14;0;0;2;8;1;D04
201200013336;0;7;0;0;2;2;0;C03
201200013336;0;7;0;0;2;3;17;A01
201200013337;0;7;0;2;0;1;14;A01
201200013338;0;7;0;3;0;3;1;A01
201200013339;0;7;0;0;0;1;0;A01
201200013340;0;33;0;13;0;7;15;A01
201200013341;0;7;0;8;0;1;1;A01
201200013342;0;1;0;;;;;B02
201200013342;0;7;0;;2;3;9;A01
201200013343;0;7;0;0;9;2;1;A01
201200013343;0;1;0;0;2;7;1;B02
201200013344;0;7;0;0;2;2;17;A01
201200013344;0;33;0;0;2;8;15;B02
201200013345;0;7;0;0;2;1;17;A01
201200013345;0;31;0;0;2;6;15;B02
201200013346;0;7;0;0;1;2;1;A01
201200013347;0;1;0;13;2;4;2;B02
201200013347;0;7;0;13;0;3;17;A01
201200013348;0;7;0;0;2;4;2;A01
201200013348;0;14;0;0;2;1;2;B02
201200013349;0;7;0;4;0;2;1;A01
201200013350;0;7;0;0;0;3;1;A01
201200013351;0;7;0;0;2;4;2;B02
201200013351;0;7;0;0;0;4;2;C03
201200013351;0;7;0;0;2;1;2;A01
201200013352;0;7;0;0;0;0;1;A01
201200013353;0;7;0;4;0;3;1;A01
201200013354;0;7;0;0;2;3;17;A01
201200013354;0;7;0;0;2;3;1;B02
201200013355;0;33;0;0;2;7;1;A01
201200013356;0;7;0;3;0;8;14;A01
201200013357;0;33;0;2;0;0;1;A01
201200013358;0;7;0;6;0;1;0;A01
201200013359;0;10;0;0;2;1;1;B01
201200013359;0;31;0;0;2;1;19;A01
201200013360;0;7;0;2;0;1;13;A01
201200013361;0;7;0;0;1;1;1;A01
201200013362;0;7;0;0;1;4;4;A01
201200013363;0;7;0;0;1;1;1;A01
201200013364;0;30;0;0;2;1;1;B01
201200013364;0;7;0;0;2;2;19;A01
201200013365;0;7;0;0;2;1;2;A01
201200013365;0;7;0;0;2;4;1;B01
201200013366;0;7;0;0;2;1;6;A01
201200013366;0;7;0;0;2;8;1;B01
201200013367;0;7;0;0;2;1;15;A01
201200013367;0;7;0;0;2;8;1;B01
201200013368;0;7;0;6;0;1;1;A01
201200013369;0;7;0;0;2;4;15;B01
201200013369;0;7;0;0;2;1;2;A01
201200013370;0;7;0;0;2;1;2;A01
201200013370;0;7;0;0;2;4;2;B01
201200013371;0;7;0;0;0;1;9;A01
201200013371;0;7;0;0;2;3;1;B01
201200013372;0;7;0;0;2;4;1;B01
201200013372;0;7;0;0;2;1;2;A01
201200013373;0;7;0;0;1;2;1;A01
201200013374;0;7;0;0;2;8;1;A01
201200013374;0;30;0;0;2;1;1;B01
201200013375;1;99;0;0;1;1;0;A01
201200013376;0;2;0;0;2;1;19;A01
201200013376;0;7;0;0;2;8;1;B01
201200013377;1;7;0;0;2;2;16;Z01
201200013377;0;7;0;0;2;3;1;B01
201200013378;0;7;0;0;2;1;15;B01
201200013378;0;32;0;0;2;8;17;A01
201200013379;0;7;0;6;0;7;1;A01
201200013380;0;7;0;0;2;3;15;B01
201200013380;0;7;0;0;2;2;17;A01
201200013381;0;7;0;0;2;4;1;B01
201200013381;0;30;0;0;2;1;2;A01
201200013382;0;1;0;0;2;1;1;B01
201200013382;0;7;0;0;9;3;16;A01
201200013383;0;30;0;0;2;8;15;B01
201200013383;0;7;0;0;2;1;17;A01
201200013384;1;7;0;0;2;1;1;Z01
201200013384;0;33;0;0;2;4;1;B01
201200013385;0;7;0;0;2;1;13;A01
201200013385;0;7;0;0;2;1;1;B01
201200013386;0;7;0;0;1;4;4;A01
201200013387;0;7;0;0;2;7;19;A01
201200013387;0;30;0;0;2;1;19;B01
201200013388;0;7;0;0;2;3;13;A01
201200013388;0;7;0;0;2;3;1;B01
201200013389;0;7;0;8;0;2;14;A01
201200013389;0;7;0;0;0;6;0;B01
201200013390;0;30;0;0;1;3;1;A01
201200013391;0;36;0;0;0;0;1;A01
201200013392;0;7;0;0;2;1;13;A01
201200013392;0;10;0;0;2;1;1;B01
201200013393;0;10;0;0;2;1;1;B01
201200013393;0;7;0;0;2;1;13;A01
201200013394;0;7;0;0;1;3;1;A01
201200013395;0;36;0;0;2;1;2;A01
201200013395;0;7;0;0;2;4;1;B01
201200013396;0;7;0;0;2;1;1;B01
201200013396;0;7;0;0;2;1;1;A01
201200013397;0;7;0;0;1;1;1;A01
201200013398;0;7;0;2;0;1;1;A01
201200013399;0;7;0;0;2;0;1;B01
201200013399;0;7;0;0;2;0;9;A01
201200013399;0;7;0;0;2;0;23;C01
201200013400;0;7;0;0;1;1;1;A01
201200013401;0;7;0;0;9;8;1;B01
201200013401;0;2;0;0;2;1;9;A01
201200013402;0;2;0;0;0;0;1;A01
201200013403;0;7;0;0;1;1;1;A01
201200013404;0;37;1;0;2;4;2;Z01
201200013404;0;7;0;0;2;1;2;A01
201200013405;0;7;0;0;1;1;1;A01
201200013406;0;7;0;0;2;8;9;A01
201200013406;0;30;0;0;2;1;1;B01
201200013407;0;7;0;0;2;1;1;A01
201200013407;0;7;0;0;2;4;2;C01
201200013407;0;7;0;0;2;4;1;B01
201200013408;0;7;0;0;2;1;1;B01
201200013408;0;7;0;0;2;7;1;A01
201200013409;0;7;0;0;2;1;2;A01
201200013409;0;7;0;0;2;4;2;B01
201200013410;0;7;0;4;0;2;1;A01
201200013411;0;2;0;0;0;0;1;A01
201200013412;0;33;0;0;0;0;1;A01
201200013413;0;7;0;0;2;1;2;A01
201200013413;0;7;0;0;2;4;2;B01
201200013414;0;7;0;0;2;3;10;A01
201200013414;0;7;0;0;2;1;2;B01
201200013415;0;7;0;13;0;0;1;A01
201200013416;0;1;0;0;9;0;0;B01
201200013416;0;34;0;0;9;0;0;A01
201200013417;0;7;0;0;1;1;1;A01
201200013418;0;7;0;0;2;4;2;B01
201200013418;0;7;0;0;2;1;2;A01
201200013419;0;7;0;0;2;4;1;B01
201200013419;0;7;0;0;2;1;2;A01
201200013420;0;7;0;0;2;1;1;B01
201200013420;0;7;0;0;2;7;6;A01
201200013421;0;2;0;0;0;0;1;A01
201200013422;0;7;0;2;0;1;1;A01
201200013423;0;7;0;0;2;8;16;A01
201200013423;0;30;0;0;2;8;1;B01
201200013424;0;30;0;0;0;0;1;A01
201200013425;0;7;0;0;2;4;24;Z01
201200013425;2;7;0;1;0;1;24;A01
201200013426;0;30;0;0;0;9;0;A01
201200013427;0;31;0;0;2;4;1;C01
201200013427;0;31;0;0;2;4;1;B01
201200013427;0;10;0;0;2;1;2;A01
201200013428;0;7;0;1;0;1;1;A01
201200013428;0;7;0;0;2;4;24;B01
201200013429;0;2;0;0;0;9;1;A01
201200013430;0;30;0;0;2;1;2;A01
201200013430;0;37;1;0;2;4;1;B01
201200013431;0;7;0;0;0;0;1;Z01
201200013432;0;7;0;0;2;1;15;A01
201200013432;0;7;0;0;2;8;1;B01
201200013433;0;7;0;0;1;2;19;A01
201200013434;0;7;0;0;2;1;15;B01
201200013434;0;7;0;0;2;3;19;A01
201200013435;0;30;0;0;0;8;15;A01
201200013436;0;7;0;0;2;3;1;B01
201200013436;0;7;0;0;2;1;12;A01
201200013437;0;2;0;0;0;9;0;A01
201200013438;0;30;0;0;2;8;19;B01
201200013438;0;7;0;0;2;1;1;A01
201200013439;0;7;0;0;0;0;9;A01
201200013439;0;7;0;0;2;4;1;C01
201200013439;0;7;0;0;2;1;21;B01
201200013440;0;7;0;2;0;1;0;A01
201200013441;0;30;0;0;2;3;1;B01
201200013441;0;7;0;0;2;1;9;A01
201200013442;0;7;0;0;2;8;15;A01
201200013442;0;32;0;0;2;1;1;B01
201200013443;0;7;0;0;1;2;1;A01
201200013444;0;7;0;0;2;2;1;B01
201200013444;0;7;0;0;2;1;9;A01
201200013445;0;7;0;0;2;8;1;B01
201200013445;0;7;0;0;2;1;19;A01
201200013446;0;7;0;0;1;0;1;Z01
201200013447;0;7;0;0;2;4;1;B01
201200013447;1;7;0;0;2;1;2;Z01
201200013448;0;7;0;0;2;9;19;A01
201200013448;0;7;0;0;2;7;1;B01
201200013449;0;31;0;0;0;0;9;A01
201200013450;0;7;0;15;0;1;1;A01
201200013451;1;7;0;0;2;2;2;Z01
201200013451;0;7;0;0;2;4;2;B01
201200013452;0;7;0;0;2;4;2;B01
201200013452;0;7;0;0;2;1;2;A01
201200013453;0;1;0;0;2;1;2;A01
201200013453;0;7;0;0;2;4;2;B01
201200013454;0;33;0;0;0;9;1;A01
201200013455;0;7;0;0;2;1;2;A01
201200013455;0;7;0;0;2;4;1;B01
201200013456;0;32;0;0;2;7;21;B01
201200013456;0;7;0;0;2;8;0;A01
201200013457;0;7;0;0;2;3;1;A01
201200013457;0;33;0;0;2;7;3;B01
201200013458;0;7;0;0;2;4;2;B01
201200013458;2;7;0;0;2;1;1;A01
201200013459;0;1;0;0;0;0;1;A01
201200013460;0;33;0;0;2;1;17;A01
201200013460;0;7;0;0;2;8;15;B01
201200013461;0;7;0;0;2;1;2;A01
201200013461;0;7;0;0;2;1;2;B01
201200013462;0;7;0;7;0;1;1;A01
201200013463;0;33;0;0;0;0;1;A01
201200013464;0;7;0;7;0;1;1;A01
201200013465;0;1;0;0;0;9;0;A01
201200013466;0;7;0;0;2;1;2;A01
201200013466;0;7;0;0;2;4;1;B01
201200013467;0;30;0;0;0;0;1;A01
201200013468;0;7;0;0;1;7;1;B01
201200013469;0;7;0;0;2;4;2;B01
201200013469;0;7;0;0;2;1;2;A01
201200013470;0;7;0;0;1;2;1;B01
201200013471;0;30;0;0;0;0;1;A01
201200013472;0;7;0;0;1;1;1;A01
201200013473;0;7;0;0;2;4;1;B01
201200013473;0;7;0;0;2;1;2;A01
201200013474;0;32;0;0;2;1;17;B01
201200013474;0;7;0;0;2;8;15;A01
201200013475;0;7;0;0;1;4;4;A01
201200013476;0;32;0;0;0;0;1;A01
201200013477;0;7;0;0;2;1;2;A01
201200013477;0;7;0;0;2;4;2;C01
201200013477;0;7;0;0;2;4;2;B01
201200013477;0;7;0;0;2;4;2;D01
201200013478;0;7;0;1;1;1;1;A01
201200013479;0;2;0;0;0;0;1;A01
201200013480;0;7;0;0;2;2;1;B01
201200013480;0;7;0;0;2;3;9;A01
201200013481;0;7;0;0;2;3;1;A01
201200013481;0;7;0;0;2;2;9;B01
201200013481;0;7;0;0;0;5;24;C01
201200013482;0;7;0;0;2;5;11;B01
201200013482;0;7;0;0;2;2;2;A01
201200013483;0;7;0;0;1;1;0;A01
201200013484;0;7;0;0;1;4;4;A01
201200013485;0;7;0;0;9;1;6;A01
201200013485;0;30;0;0;2;0;6;B01
201200013486;0;7;0;0;2;7;2;A01
201200013486;0;1;0;0;2;8;2;B01
201200013487;0;7;0;6;0;7;1;A01
201200013488;0;7;0;0;0;7;1;A01
201200013489;0;7;0;0;9;4;20;A01
201200013490;0;7;0;0;0;9;1;A01
201200013491;0;7;0;7;0;1;0;A01
201200013492;0;2;0;0;2;2;0;B01
201200013492;0;7;0;0;2;3;0;A01
201200013493;0;30;0;0;2;2;0;A01
201200013493;0;3;0;0;2;3;11;B01
201200013494;0;7;0;0;2;3;11;A01
201200013494;0;33;0;0;2;7;2;B01
201200013495;0;7;0;0;2;3;1;A01
201200013495;0;7;0;0;2;2;1;B01
201200013496;0;7;0;0;2;4;2;C01
201200013496;0;7;0;0;2;1;2;A01
201200013496;0;7;0;0;2;4;2;B01
201200013497;1;99;0;0;0;0;0;A01
201200013497;0;7;0;0;2;7;1;B01
201200013498;0;7;0;0;2;1;2;A01
201200013498;0;7;0;0;0;4;2;B01
201200013499;0;7;0;0;2;1;2;A01
201200013499;0;7;0;0;2;4;2;B01
201200013500;0;7;0;0;2;8;1;A01
201200013500;0;7;0;0;2;7;1;B01
201200013501;1;32;0;0;2;3;1;A01
201200013501;0;7;0;0;2;8;1;B01
201200013502;0;32;0;0;2;0;0;A01
201200013503;1;7;0;0;1;0;0;A01
201200013504;0;7;0;0;1;0;0;A01
201200013505;0;10;0;1;1;1;0;A01
201200013506;0;7;0;0;2;4;1;B01
201200013506;0;7;0;0;2;4;1;A01
201200013506;0;7;0;0;2;0;1;C01
201200013507;0;10;0;0;2;3;21;B01
201200013507;0;10;0;0;2;3;13;A01
201200013508;0;7;0;0;2;3;13;A01
201200013508;0;7;0;0;2;3;1;B01
201200013509;0;7;0;2;0;3;1;A01
201200013510;0;7;0;0;1;2;1;A01
201200013511;0;7;0;0;9;6;24;A01
201200013511;0;1;0;1;0;6;0;B01
201200013512;0;7;0;0;2;1;1;C01
201200013512;0;7;0;0;2;2;1;B01
201200013512;0;7;0;0;2;1;13;A01
201200013513;0;17;0;0;2;1;2;G07
201200013513;0;7;0;0;2;7;1;D04
201200013513;0;14;0;0;2;6;2;F06
201200013513;0;7;0;0;2;2;1;E05
201200013513;0;7;0;0;2;2;1;C03
201200013513;0;7;0;0;2;4;2;A01
201200013513;0;7;0;0;2;4;2;B02
201200013514;0;7;0;0;2;8;0;B02
201200013514;0;7;0;0;2;7;1;C03
201200013514;0;7;0;0;2;7;0;E05
201200013514;0;33;0;3;2;3;0;A01
201200013514;0;10;0;0;2;1;0;D04
201200013515;0;7;0;0;0;2;1;B02
201200013515;0;7;0;0;0;3;1;A01
201200013516;0;7;0;7;0;6;1;A01
201200013516;0;7;0;0;2;2;2;B02
201200013517;0;7;0;3;0;3;0;A01
201200013518;0;7;0;3;0;1;1;A01
201200013519;0;7;0;9;0;9;14;A01
201200013520;0;7;0;7;0;7;14;A01
201200013521;0;7;0;0;2;2;14;A01
201200013521;0;17;0;0;0;0;1;B02
201200013522;0;17;0;1;0;3;3;A01
201200013523;0;14;0;0;2;1;5;A01
201200013523;0;10;0;0;2;3;0;B02
201200013524;0;7;0;0;2;2;1;A01
201200013524;0;7;0;0;0;0;1;B01
201200013525;0;7;0;13;0;1;14;A01
201200013526;0;7;0;0;0;9;1;A01
201200013527;0;7;0;0;2;1;2;A01
201200013527;0;7;0;0;0;4;2;B02
201200013528;0;7;0;0;1;3;1;A01
201200013529;0;2;0;0;2;1;1;B01
201200013529;0;7;0;0;2;2;16;A01
201200013530;0;7;0;0;1;0;1;A01
201200013531;0;7;0;0;2;3;1;B01
201200013531;0;7;0;0;2;1;1;C01
201200013531;0;7;0;0;2;4;4;A01
201200013532;0;7;0;0;1;1;0;A01
201200013533;0;7;0;0;2;3;20;A01
201200013533;0;30;0;0;2;7;1;B01
201200013534;0;30;0;0;0;0;21;A01
201200013535;0;15;0;0;2;0;1;A01
201200013535;0;7;0;0;2;1;1;C01
201200013535;0;7;0;0;2;1;1;B01
201200013536;0;7;0;8;0;1;13;A01
201200013537;0;7;0;0;1;1;16;A01
201200013538;0;14;0;0;2;3;15;B01
201200013538;0;30;0;0;2;1;1;A01
201200013539;0;7;0;0;2;2;15;A01
201200013539;0;1;0;0;2;1;1;B01
201200013540;0;30;0;0;0;0;1;A01
201200013541;0;7;0;0;2;1;1;A01
201200013541;0;7;0;0;2;4;1;C01
201200013541;0;7;0;0;2;4;1;B01
201200013542;0;7;0;6;0;1;0;A01
201200013543;1;7;0;0;2;0;0;A01
201200013543;0;1;0;1;2;8;1;B01
201200013544;0;37;12;0;2;2;1;A01
201200013544;0;7;0;0;2;3;1;B01
201200013545;0;7;0;0;1;0;1;A01
201200013546;0;7;0;0;2;1;15;B01
201200013546;0;31;0;0;2;1;1;A01
201200013547;0;10;0;0;2;3;1;B01
201200013547;0;30;0;0;2;1;13;A01
201200013548;0;7;0;0;1;1;1;A01
201200013549;0;7;0;0;0;4;2;B01
201200013549;0;7;0;0;2;1;2;A01
201200013550;1;7;0;0;0;0;17;B01
201200013550;0;33;0;0;2;2;13;A01
201200013551;0;7;0;6;0;1;0;A01
201200013552;0;7;0;0;0;0;1;B01
201200013552;0;30;0;1;0;1;1;A01
201200013553;0;7;0;0;2;1;1;A01
201200013553;0;7;0;0;2;2;1;B01
201200013554;0;2;0;0;2;2;1;B01
201200013554;0;7;0;0;2;8;9;A01
201200013555;0;7;0;0;2;2;1;A01
201200013555;0;1;0;0;2;1;19;B01
201200013556;0;10;0;0;2;6;0;B01
201200013556;0;30;0;0;2;1;1;A01
201200013557;0;7;0;0;1;5;2;A01
201200013557;0;7;0;0;2;3;2;B01
201200013558;0;7;0;0;2;1;1;A01
201200013558;0;7;0;0;2;4;0;B01
201200013559;0;2;0;0;2;1;1;B01
201200013559;0;7;0;0;2;6;15;A01
201200013560;0;7;0;2;0;1;0;A01
201200013561;0;7;0;0;2;1;1;A01
201200013561;0;30;0;0;2;4;1;B01
201200013562;0;7;0;0;2;1;1;A01
201200013562;0;7;0;0;2;0;1;B01
201200013563;0;7;0;0;2;2;1;A01
201200013563;0;33;0;0;2;1;1;B01
201200013564;0;7;0;6;0;1;1;A01
201200013565;0;7;0;0;1;1;1;A01
201200013566;0;7;0;0;1;2;1;A01
201200013567;0;7;0;0;1;1;1;A01
201200013568;0;7;0;6;0;1;1;A01
201200013569;0;7;0;0;1;3;1;A01
201200013570;0;7;0;0;2;1;2;C01
201200013570;0;7;0;0;2;4;1;B01
201200013570;0;7;0;0;2;1;1;A01
201200013571;0;7;0;0;1;5;1;A01
201200013572;0;7;0;14;0;1;1;A01
201200013572;0;32;0;0;0;4;23;B01
201200013573;0;7;0;0;0;0;0;A01
201200013574;0;32;0;0;0;0;1;A01
201200013575;0;7;0;0;1;1;1;A01
201200013576;0;7;0;0;2;8;1;B01
201200013576;0;10;0;0;2;1;0;A01
201200013577;0;10;0;0;1;4;4;A01
201200013578;0;32;0;0;0;0;0;A01
201200013579;0;7;0;14;0;4;23;B01
201200013579;0;7;0;0;0;4;23;C01
201200013579;0;7;0;14;0;1;1;A01
201200013580;0;7;0;0;2;2;17;B01
201200013580;0;7;0;0;2;1;15;A01
201200013581;0;7;0;0;1;3;1;A01
201200013582;0;7;0;0;1;0;9;A01
201200013583;0;7;0;0;1;1;1;A01
201200013584;0;7;0;1;1;4;4;A01
201200013585;0;7;0;1;0;1;1;A01
201200013586;0;7;0;0;2;2;1;A01
201200013586;0;2;0;0;2;1;1;B01
201200013587;0;10;0;0;2;1;1;A01
201200013587;0;7;0;0;2;4;23;B01
201200013588;0;7;0;0;2;3;11;A01
201200013588;0;31;0;0;2;7;1;B01
201200013589;0;7;0;0;2;2;1;C01
201200013589;0;7;0;0;2;6;1;B01
201200013589;0;7;0;0;2;1;6;A01
201200013590;0;33;0;0;2;2;17;A01
201200013590;0;10;0;0;2;3;1;B01
201200013591;0;7;0;0;2;1;1;A01
201200013591;0;7;0;0;0;4;21;B01
201200013592;0;1;0;0;2;1;1;B01
201200013592;0;7;0;0;2;4;1;A01
201200013593;0;7;0;0;2;4;2;B01
201200013593;0;7;0;0;2;1;1;A01
201200013593;0;7;0;0;2;4;2;C01
201200013594;1;7;0;0;0;0;0;A01
201200013594;0;33;0;0;0;0;21;B01
201200013595;0;1;0;0;2;0;1;B01
201200013595;0;7;0;0;2;0;9;A01
201200013596;0;7;0;0;2;7;15;A01
201200013596;0;33;0;0;2;1;1;B01
201200013597;0;7;0;0;2;1;2;A01
201200013597;0;7;0;0;2;4;1;B01
201200013598;0;7;0;0;1;4;4;A01
201200013599;0;7;0;0;2;1;1;B01
201200013599;0;1;0;0;0;0;1;A01
201200013600;0;30;0;0;2;0;1;A01
201200013601;0;30;0;0;2;1;1;B01
201200013601;0;7;0;0;2;5;1;A01
201200013602;0;31;0;0;0;0;0;A01
201200013603;0;7;0;0;1;4;4;A01
201200013604;0;7;0;0;2;0;15;A01
201200013604;0;7;0;0;2;1;1;B01
201200013605;0;1;0;0;2;0;1;B01
201200013605;0;7;0;0;2;2;1;A01
201200013606;0;7;0;0;2;0;0;B01
201200013606;0;7;0;0;2;0;0;A01
201200013607;0;7;0;0;2;1;1;A01
201200013607;0;7;0;0;0;4;1;B01
201200013608;0;7;0;0;0;4;23;D01
201200013608;0;7;0;14;2;4;23;B01
201200013608;1;7;0;14;0;1;1;A01
201200013608;0;7;0;14;0;4;23;C01
201200013609;0;33;0;0;2;1;1;B01
201200013609;0;7;0;0;2;2;15;A01
201200013610;0;7;0;0;2;2;14;A01
201200013610;0;30;0;0;2;3;1;B01
201200013611;0;1;0;0;2;2;1;B01
201200013611;0;7;0;0;2;8;1;A01
201200013612;0;7;0;0;1;3;15;A01
201200013613;0;3;0;0;2;4;23;B01
201200013613;0;7;0;0;0;4;23;C01
201200013613;0;7;0;0;2;1;1;A01
201200013614;0;7;0;0;2;8;0;B01
201200013614;0;1;0;0;2;1;1;A01
201200013615;0;30;0;0;2;1;1;A01
201200013615;0;7;0;0;2;2;1;B01
201200013616;0;2;0;0;0;7;21;A01
201200013617;0;7;0;0;2;5;17;B02
201200013617;0;2;0;0;2;8;15;A01
201200013618;0;1;0;3;0;7;1;A01
201200013619;0;7;0;0;1;2;1;A01
201200013620;0;1;0;0;2;1;1;B01
201200013620;0;7;0;0;2;3;1;A01
201200013621;0;1;0;0;2;0;1;B01
201200013621;0;7;0;0;2;0;1;A01
201200013622;0;7;0;0;2;1;1;A01
201200013622;0;7;0;0;2;3;1;B01
201200013623;0;7;0;0;2;4;1;B01
201200013623;0;7;0;0;2;1;1;A01
201200013624;0;7;0;0;0;4;1;B01
201200013624;0;7;0;14;0;1;1;A01
201200013625;0;30;0;14;0;0;0;A01
201200013626;0;7;0;0;2;3;11;A01
201200013626;0;1;0;0;2;1;1;B01
201200013627;0;30;0;0;9;0;1;A01
201200013628;0;7;0;0;2;5;2;A01
201200013628;0;20;0;0;2;5;2;B01
201200013629;0;7;0;0;2;4;2;B01
201200013629;0;7;0;0;2;1;2;A01
201200013630;0;32;0;0;2;3;1;B01
201200013630;0;7;0;0;2;2;9;A01
201200013631;0;7;0;0;2;4;0;B01
201200013631;0;7;0;0;2;1;1;A01
201200013632;0;7;0;0;2;3;1;B01
201200013632;0;32;0;0;2;1;1;A01
201200013633;0;7;0;0;2;1;1;C01
201200013633;0;7;0;0;2;0;1;B01
201200013633;0;2;0;0;2;0;1;A01
201200013634;0;33;0;7;0;1;1;A01
201200013635;0;33;0;0;0;1;0;A01
201200013636;0;7;0;0;2;3;1;C01
201200013636;0;7;0;0;2;1;1;B01
201200013636;0;7;0;0;2;2;17;A01
201200013637;0;33;0;0;2;7;1;B01
201200013637;0;7;0;0;2;1;0;A01
201200013638;0;7;0;0;2;0;1;A01
201200013638;0;31;0;0;0;0;1;B01
201200013639;0;7;0;0;2;2;1;B01
201200013639;0;30;0;0;2;1;1;A01
201200013640;0;7;0;0;2;6;1;B01
201200013640;0;1;0;0;2;1;0;A01
201200013641;0;33;0;0;2;7;1;B01
201200013641;0;7;0;0;2;6;10;A01
201200013642;0;7;0;0;2;4;0;B01
201200013642;0;7;0;0;2;1;0;A01
201200013643;0;30;0;0;2;7;1;B01
201200013643;1;7;0;0;2;6;18;A01
201200013644;0;7;0;6;0;1;1;A01
201200013645;0;7;0;0;1;0;1;A01
201200013646;0;30;0;0;2;1;1;A01
201200013646;0;7;0;0;2;2;1;B01
201200013647;0;7;0;0;2;3;20;A01
201200013647;0;31;0;0;2;7;1;B01
201200013648;0;7;0;0;2;1;1;A01
201200013648;0;7;0;0;2;4;1;B01
201200013649;0;1;0;0;2;1;19;A01
201200013649;0;7;0;0;2;2;1;B01
201200013650;1;7;0;0;0;0;0;A01
201200013651;0;7;0;0;2;1;1;A01
201200013651;0;31;0;0;2;1;1;B01
201200013652;0;7;0;0;2;3;1;B01
201200013652;0;31;0;0;2;2;0;A01
201200013653;0;32;0;0;0;0;1;A01
201200013654;0;7;0;0;0;4;23;B01
201200013654;0;7;0;14;0;1;21;A01
201200013655;0;2;0;0;0;0;16;A01