num_acc;senc;catv;occutc;obs;obsm;choc;manv;num_veh
201200013656;0;1;0;0;2;1;1;A01
201200013656;0;1;0;0;0;4;1;B01
201200013657;0;14;0;0;0;0;0;A01
201200013658;0;7;0;0;1;1;1;A01
201200013659;0;7;0;0;2;4;1;B01
201200013659;0;7;0;0;2;1;1;A01
201200013660;0;7;0;0;2;4;1;C01
201200013660;0;7;0;0;2;4;1;B01
201200013660;0;7;0;0;2;1;1;A01
201200013661;0;30;0;0;0;0;1;A01
201200013662;0;7;0;0;1;0;2;A01
201200013663;0;7;0;0;2;1;1;A01
201200013663;0;7;0;0;2;1;23;C01
201200013663;0;7;0;0;2;3;1;B01
201200013664;0;33;0;1;2;1;14;B01
201200013664;0;7;0;0;2;7;20;A01
201200013665;0;33;0;0;0;0;1;A01
201200013666;0;33;0;0;2;8;1;B01
201200013666;0;7;0;0;2;7;1;A01
201200013667;0;7;0;0;2;4;1;B01
201200013667;0;7;0;0;2;1;1;A01
201200013668;0;7;0;0;0;0;0;A01
201200013669;0;33;0;0;2;7;1;B01
201200013669;0;7;0;0;0;0;1;C01
201200013669;0;7;0;0;2;1;1;A01
201200013670;0;1;0;0;2;0;19;B01
201200013670;0;7;0;0;2;0;16;A01
201200013671;0;7;0;0;1;0;0;A01
201200013672;0;7;0;0;1;0;1;A01
201200013673;0;30;0;0;2;3;1;B01
201200013673;0;32;0;0;2;1;13;A01
201200013674;0;7;0;0;1;0;1;A01
201200013675;0;37;1;0;2;2;1;B01
201200013675;0;7;0;0;2;3;16;A01
201200013676;0;30;0;0;2;1;1;A01
201200013676;0;7;0;0;2;4;1;B01
201200013677;0;7;0;0;2;2;0;B01
201200013677;0;7;0;0;2;5;0;A01
201200013677;0;7;0;0;2;8;0;C01
201200013678;0;7;0;0;2;3;1;B01
201200013678;0;7;0;0;2;3;0;A01
201200013679;0;31;0;0;2;1;17;B01
201200013679;0;7;0;0;2;8;15;A01
201200013680;0;1;0;0;1;0;1;A01
201200013681;0;7;0;0;2;3;1;B01
201200013681;0;7;0;0;2;1;1;A01
201200013682;0;38;30;0;0;0;21;A01
201200013683;0;7;0;0;0;0;0;A01
201200013683;0;7;0;0;0;0;1;B01
201200013684;0;31;0;0;2;0;1;B01
201200013684;0;37;1;0;2;0;1;A01
201200013685;0;7;0;0;2;3;11;A01
201200013685;0;30;0;0;2;1;1;B01
201200013686;0;7;0;0;2;1;11;A01
201200013686;0;7;0;0;2;0;0;B01
201200013687;0;99;0;0;2;1;1;A01
201200013687;0;7;0;0;0;4;1;B01
201200013688;0;7;0;0;1;1;1;A01
201200013689;0;7;0;14;0;1;1;B02
201200013689;0;17;0;0;0;8;23;A01
201200013690;0;10;0;0;2;1;2;A01
201200013690;0;7;0;0;0;4;1;B02
201200013691;0;7;0;0;2;4;1;A01
201200013691;0;7;0;0;0;1;1;B02
201200013691;0;33;0;0;2;1;1;C03
201200013692;0;33;0;3;0;9;1;A01
201200013693;0;7;0;4;0;3;13;A01
201200013694;0;33;0;0;2;1;2;A01
201200013694;0;33;0;0;0;4;1;B02
201200013695;0;10;0;0;1;4;4;A01
201200013696;0;2;0;0;1;1;12;A01
201200013697;0;31;0;0;2;1;17;A01
201200013698;0;1;0;0;9;0;1;B02
201200013698;0;14;0;14;0;0;1;A01
201200013699;0;7;0;0;2;3;5;A01
201200013699;0;7;0;0;2;3;17;B02
201200013700;0;7;0;0;0;0;0;A01
201200013701;0;17;0;3;0;8;11;A01
201200013702;0;7;0;0;2;4;0;B02
201200013702;0;7;0;0;2;1;2;A01
201200013703;0;7;0;13;0;2;1;A01
201200013704;0;7;0;3;0;3;17;A01
201200013705;1;7;0;0;1;3;12;A01
201200013706;0;7;0;3;0;1;1;A01
201200013707;0;7;0;3;2;8;17;A01
201200013708;0;7;0;3;0;5;1;A01
201200013709;0;7;0;15;0;1;1;A01
201200013710;0;7;0;15;6;2;21;A01
201200013711;0;17;0;4;0;7;1;A01
201200013712;0;7;0;0;2;3;2;A01
201200013712;0;7;0;0;2;5;2;B02
201200013713;0;17;0;0;2;4;1;A01
201200013713;0;17;0;0;2;1;1;B02
201200013714;0;33;0;0;0;1;1;A01
201200013714;0;7;0;0;0;1;1;B02
201200013715;0;7;0;3;0;2;17;A01
201200013716;0;7;0;0;0;9;23;E05
201200013716;0;17;0;14;0;1;2;A01
201200013716;0;10;0;0;0;9;23;B02
201200013716;0;10;0;0;0;9;23;C03
201200013716;0;7;0;0;0;9;23;D04
201200013716;0;7;0;0;0;5;23;F06
201200013717;0;20;0;1;2;3;14;A01
201200013717;0;15;0;14;2;2;1;B02
201200013718;0;7;0;0;2;4;1;D04
201200013718;0;7;0;0;2;4;24;E05
201200013718;0;7;0;0;2;1;1;B02
201200013718;0;7;0;0;2;4;1;C03
201200013718;0;7;0;5;2;7;12;A01
201200013719;0;10;0;3;0;8;17;A01
201200013720;0;7;0;0;2;1;1;A01
201200013720;0;31;0;0;0;4;1;B02
201200013721;0;7;0;13;0;2;14;A01
201200013722;0;7;0;13;0;9;14;A01
201200013723;0;7;0;13;0;2;14;A01
201200013724;0;7;0;16;0;9;1;A01
201200013725;0;15;0;0;2;2;1;A01
201200013725;0;10;0;0;0;6;23;B02
201200013726;0;7;0;13;0;2;1;A01
201200013727;0;7;0;13;0;1;1;A01
201200013728;0;7;0;13;0;1;0;A01
201200013729;0;7;0;4;0;1;2;A01
201200013730;0;15;0;6;2;3;1;A01
201200013730;0;15;0;0;0;6;1;B02
201200013731;0;7;0;0;0;1;0;A01
201200013732;0;7;0;14;0;0;0;B02
201200013733;0;7;0;13;0;2;1;A01
201200013734;0;15;0;1;1;7;0;A01
201200013735;0;7;0;13;0;2;21;A01
201200013736;0;14;0;0;0;0;2;A01
201200013737;0;7;0;0;2;1;1;A01
201200013737;0;17;0;0;2;5;2;B02
201200013738;0;7;0;0;2;2;0;A01
201200013738;0;7;0;0;9;6;23;B02
201200013738;0;7;0;0;0;4;23;C03
201200013739;0;7;0;0;2;1;2;B02
201200013739;0;7;0;3;0;3;1;A01
201200013740;0;7;0;4;0;3;17;A01
201200013741;0;15;0;3;0;9;1;A01
201200013742;0;33;0;0;0;8;1;A01
201200013743;0;7;0;7;0;1;1;A01
201200013744;0;7;0;4;0;1;1;A01
201200013745;0;7;0;13;0;2;1;A01
201200013746;0;7;0;4;0;1;1;A01
201200013747;0;7;0;4;0;3;1;A01
201200013748;0;17;0;4;0;1;1;A01
201200013749;0;7;0;14;0;1;1;F06
201200013749;0;15;0;0;0;0;1;A01
201200013749;0;7;0;0;2;3;1;D04
201200013749;0;15;0;14;0;1;1;B02
201200013749;0;7;0;10;0;1;1;E05
201200013749;0;7;0;14;0;5;1;C03
201200013750;0;7;0;13;0;2;14;A01
201200013751;0;7;0;3;0;3;1;A01
201200013752;0;10;0;3;0;1;17;A01
201200013753;0;7;0;0;0;1;1;B02
201200013753;0;7;0;0;0;6;17;A01
201200013754;0;7;0;3;0;1;0;A01
201200013755;0;33;0;0;2;1;17;A01
201200013755;0;7;0;0;2;3;1;B01
201200013756;0;13;0;0;2;1;15;A01
201200013756;0;7;0;0;2;3;1;B01
201200013757;0;7;0;0;2;3;1;A01
201200013757;0;33;0;0;2;1;1;B01
201200013758;1;10;0;0;2;0;0;B01
201200013758;0;31;0;0;2;2;1;A01
201200013759;0;10;0;0;1;3;1;A01
201200013760;0;7;0;0;2;3;1;B01
201200013760;0;7;0;0;2;3;1;A01
201200013761;0;33;0;0;0;0;1;A01
201200013761;0;7;0;0;0;0;9;B01
201200013762;0;7;0;0;2;2;1;A01
201200013762;0;10;0;0;2;3;15;B01
201200013763;0;30;0;2;2;1;17;A01
201200013763;0;7;0;0;2;3;15;B01
201200013764;0;2;0;0;2;1;24;B01
201200013764;0;7;0;0;2;2;15;A01
201200013765;0;30;0;0;2;1;2;A01
201200013765;0;7;0;0;0;5;2;B01
201200013766;0;7;0;0;2;3;1;B01
201200013766;0;7;0;0;2;1;1;A01
201200013767;0;7;0;0;1;3;1;A01
201200013768;0;7;0;0;2;7;0;A01
201200013768;0;2;0;0;2;0;0;B01
201200013769;0;33;0;0;2;0;3;A01
201200013769;0;7;0;0;2;1;20;B01
201200013770;0;7;0;0;1;2;1;A01
201200013771;0;30;0;0;0;0;1;A01
201200013772;0;7;0;6;2;1;17;A01
201200013772;0;7;0;0;2;1;1;B01
201200013773;0;7;0;0;2;1;1;A01
201200013773;0;7;0;0;2;3;1;B01
201200013774;0;10;0;0;2;5;16;B01
201200013774;0;30;0;0;2;1;2;A01
201200013775;0;33;0;12;0;1;1;A01
201200013776;0;7;0;0;1;2;1;A01
201200013777;0;33;0;1;2;1;18;A01
201200013777;0;7;0;0;2;2;20;B01
201200013778;0;7;0;0;2;1;1;A01
201200013778;0;7;0;0;2;4;15;B01
201200013779;0;33;0;0;2;1;1;B01
201200013779;0;7;0;0;2;1;15;A01
201200013780;0;7;0;0;2;4;1;C01
201200013780;0;7;0;0;2;1;1;A01
201200013780;0;32;0;0;2;4;1;B01
201200013781;0;7;0;0;2;3;1;B01
201200013781;0;7;0;0;2;3;13;A01
201200013782;0;33;0;12;0;1;21;A01
201200013783;0;7;0;0;2;3;0;A01
201200013783;0;7;0;0;2;2;0;B01
201200013784;0;2;0;0;1;1;1;A01
201200013785;0;7;0;0;2;3;9;A01
201200013785;0;7;0;0;2;9;1;B01
201200013786;0;7;0;0;9;1;2;B01
201200013786;0;14;0;0;2;0;2;A01
201200013787;0;31;0;12;0;1;15;A01
201200013788;0;7;0;0;2;1;2;A01
201200013788;0;7;0;0;2;4;2;B01
201200013788;0;7;0;0;2;4;2;C01
201200013789;0;33;0;0;2;1;15;B01
201200013789;0;7;0;0;2;2;5;A01
201200013790;0;7;0;0;2;8;20;A01
201200013790;0;7;0;0;2;2;1;B01
201200013791;0;7;0;9;0;1;1;A01
201200013792;0;7;0;0;1;3;1;A01
201200013793;0;7;0;0;2;3;13;A01
201200013793;0;7;0;13;2;3;1;B01
201200013794;0;7;0;0;2;1;13;A01
201200013794;0;7;0;0;2;1;1;B01
201200013795;0;14;0;0;0;3;2;B01
201200013795;0;10;0;0;0;5;12;A01
201200013796;0;7;0;0;1;2;1;A01
201200013797;0;33;0;0;0;1;0;A01
201200013798;0;2;0;0;2;2;0;A01
201200013798;0;7;0;0;0;3;2;B01
201200013799;0;33;0;0;0;1;2;A01
201200013800;0;7;0;0;2;3;11;A01
201200013800;0;1;0;0;2;1;2;B01
201200013801;0;7;0;0;1;8;2;A01
201200013802;0;7;0;0;1;3;2;A01
201200013803;0;7;0;0;1;1;2;A01
201200013804;0;7;0;0;2;3;19;B01
201200013804;0;7;0;0;2;8;11;A01
201200013805;0;7;0;13;0;1;14;A01
201200013806;0;7;0;3;0;7;14;A01
201200013807;0;7;0;13;0;9;14;A01
201200013808;0;17;0;4;0;2;1;A01
201200013809;0;38;13;3;0;7;1;A01
201200013810;0;7;0;6;0;2;17;A01
201200013811;0;7;0;16;0;9;1;A01
201200013812;0;7;0;4;0;1;1;A01
201200013813;0;1;0;0;2;4;2;B02
201200013813;0;7;0;0;9;1;1;A01
201200013814;0;7;0;0;2;8;1;A01
201200013814;0;2;0;0;2;8;1;B02
201200013815;0;7;0;8;0;3;1;A01
201200013816;0;7;0;13;0;0;1;A01
201200013817;0;7;0;0;2;1;1;C03
201200013817;0;7;0;0;2;2;1;B02
201200013817;0;7;0;0;2;3;19;A01
201200013818;0;7;0;6;0;1;1;A01
201200013819;0;7;0;13;0;1;1;A01
201200013820;0;7;0;2;0;1;1;A01
201200013821;0;7;0;0;6;1;1;A01
201200013822;0;33;0;6;0;1;2;A01
201200013823;0;7;0;6;0;9;1;A01
201200013824;0;7;0;13;0;9;14;A01
201200013825;0;7;0;0;2;1;1;B01
201200013825;0;7;0;0;0;8;15;A01
201200013826;0;7;0;3;0;2;1;A01
201200013827;0;33;0;3;0;8;1;A01
201200013828;0;14;0;0;2;1;1;B02
201200013828;0;7;0;3;2;2;6;A01
201200013829;0;33;0;3;0;8;13;A01
201200013830;0;7;0;16;0;1;14;A01
201200013831;0;17;0;0;0;4;1;B02
201200013831;0;15;0;0;2;1;2;A01
201200013832;0;17;0;0;0;6;2;B02
201200013832;0;7;0;0;2;2;2;A01
201200013833;0;7;0;14;0;9;21;A01
201200013834;0;7;0;13;0;2;0;A01
201200013835;0;7;0;3;0;1;0;A01
201200013836;0;3;0;3;0;2;14;A01
201200013837;0;15;0;3;0;1;14;A01
201200013838;0;7;0;0;1;2;0;A01
201200013839;0;1;0;0;2;7;1;B01
201200013839;0;7;0;0;2;3;15;A01
201200013840;0;10;0;3;0;9;0;A01
201200013841;0;7;0;0;1;1;15;A01
201200013842;0;31;0;0;2;1;17;A01
201200013842;0;7;0;0;2;1;1;B01
201200013843;0;7;0;0;2;0;0;A01
201200013843;0;32;0;0;2;0;1;B01
201200013844;0;33;0;0;2;7;0;B01
201200013844;0;7;0;0;2;8;11;A01
201200013845;0;7;0;0;0;9;1;A01
201200013846;0;7;0;0;1;1;0;A01
201200013847;0;7;0;0;2;2;12;B01
201200013847;0;17;0;0;2;3;9;A01
201200013848;0;7;0;0;1;1;1;A01
201200013849;0;7;0;0;2;2;17;A01
201200013849;0;33;0;0;2;1;1;B01
201200013850;0;7;0;0;2;1;15;A01
201200013850;0;32;0;0;2;8;21;B01
201200013851;0;7;0;0;2;8;1;A01
201200013851;0;7;0;8;2;1;1;B01
201200013852;0;7;0;0;1;3;1;A01
201200013853;0;7;0;0;0;0;0;A01
201200013854;0;7;0;4;0;3;17;A01
201200013855;0;31;0;0;2;1;2;B01
201200013855;1;7;0;0;2;1;15;Z01
201200013856;0;7;0;3;0;9;1;A01
201200013857;0;7;0;13;0;1;1;A01
201200013858;0;10;0;0;1;1;1;A01
201200013859;0;33;0;0;2;1;0;B01
201200013859;0;7;0;0;2;0;11;A01
201200013860;0;32;0;0;2;1;1;B01
201200013860;0;7;0;0;2;7;20;A01
201200013861;0;7;0;0;2;3;15;B01
201200013861;0;33;0;0;2;7;2;A01
201200013862;0;7;0;0;1;2;0;A01
201200013863;0;1;0;0;0;4;2;B01
201200013863;0;7;0;0;2;2;2;A01
201200013864;0;7;0;0;0;9;2;A01
201200013865;0;7;0;0;2;2;16;B01
201200013865;0;33;0;0;2;1;12;A01
201200013866;0;10;0;0;0;0;0;A01
201200013866;0;30;0;0;2;0;0;B01
201200013867;0;7;0;0;1;3;1;A01
201200013868;0;7;0;0;0;0;0;A01
201200013869;0;32;0;0;2;0;13;A01
201200013869;0;10;0;0;0;3;15;B01
201200013870;0;7;0;0;2;3;15;B01
201200013870;0;30;0;0;2;1;5;A01
201200013871;0;7;0;2;0;7;1;A01
201200013872;0;7;0;13;0;9;2;A01
201200013873;0;7;0;0;2;5;2;B01
201200013873;0;7;0;0;2;3;9;A01
201200013874;0;32;0;12;0;8;1;A01
201200013875;0;7;0;0;1;2;0;A01
201200013876;0;10;0;16;0;9;0;A01
201200013877;0;7;0;0;2;5;1;A01
201200013877;0;7;0;0;2;5;15;B01
201200013878;0;10;0;0;1;0;0;A01
201200013879;0;7;0;0;2;2;15;A01
201200013879;0;32;0;0;0;0;0;B01
201200013880;2;7;0;0;2;1;2;A01
201200013880;0;7;0;0;0;4;23;B01
201200013881;0;15;0;0;1;1;21;A01
201200013882;0;7;0;0;1;1;1;A01
201200013883;0;7;0;0;2;8;1;A01
201200013883;0;7;0;0;2;8;1;B01
201200013884;0;7;0;0;2;3;9;B01
201200013884;0;33;0;0;2;1;1;A01
201200013885;0;1;0;0;2;8;1;B01
201200013885;0;14;0;0;2;7;2;A01
201200013886;0;10;0;0;9;3;15;A01
201200013886;0;31;0;0;2;1;0;B01
201200013887;0;7;0;0;1;1;2;A01
201200013888;0;7;0;0;2;7;2;B01
201200013888;0;33;0;0;2;1;2;A01
201200013889;0;33;0;0;2;7;1;B01
201200013889;0;7;0;0;2;3;1;A01
201200013890;0;30;0;0;0;1;2;A01
201200013891;0;7;0;0;1;1;0;A01
201200013892;1;7;0;0;1;0;0;Z01
201200013893;0;7;0;0;0;0;0;A01
201200013894;0;10;0;0;2;3;19;A01
201200013894;0;10;0;0;2;1;0;B01
201200013895;0;7;0;0;1;2;15;A01
201200013896;0;7;0;6;0;1;1;A01
201200013897;0;10;0;0;0;2;1;B01
201200013897;0;10;0;8;2;1;0;A01
201200013898;0;7;0;0;1;7;1;A01
201200013899;0;7;0;0;1;7;1;A01
201200013900;0;7;0;0;2;1;0;B01
201200013900;0;7;0;0;2;1;0;A01
201200013901;0;7;0;0;2;3;9;A01
201200013901;0;32;0;0;2;1;0;B01
201200013902;0;7;0;0;2;3;15;A01
201200013902;0;31;0;0;2;1;2;B01
201200013903;0;7;0;0;2;3;2;B01
201200013903;0;7;0;0;2;3;15;A01
201200013904;0;7;0;0;1;2;0;A01
201200013905;0;10;0;0;0;6;0;B01
201200013905;0;7;0;0;2;6;2;A01
201200013906;0;7;0;8;1;0;17;A01
201200013907;0;30;0;0;2;0;0;A01
201200013907;0;7;0;0;2;0;0;B01
201200013908;0;7;0;0;2;4;15;A01
201200013908;0;33;0;0;2;7;0;B01
201200013909;0;7;0;6;0;1;0;A01
201200013910;1;10;0;0;2;8;15;Z01
201200013910;0;30;0;0;2;1;2;A01
201200013911;0;7;0;0;2;1;1;A01
201200013911;0;7;0;0;2;4;1;B01
201200013912;0;7;0;0;9;7;22;A01
201200013912;0;1;0;1;0;1;2;C01
201200013913;0;7;0;0;1;2;1;A01
201200013914;0;7;0;0;2;3;15;A01
201200013914;0;33;0;0;2;2;1;B01
201200013915;0;7;0;0;1;3;0;A01
201200013916;0;7;0;0;2;4;0;B01
201200013916;0;7;0;0;2;3;2;C01
201200013916;0;7;0;0;2;1;2;A01
201200013917;0;33;0;0;0;1;5;A01
201200013917;0;7;0;0;0;1;5;B01
201200013918;0;7;0;0;2;1;1;A01
201200013918;0;7;0;6;2;7;15;B01
201200013919;0;7;0;0;1;2;0;A01
201200013920;0;1;0;0;2;1;17;A01
201200013920;0;7;0;0;2;3;1;B01
201200013921;0;30;0;0;2;3;1;A01
201200013921;0;7;0;0;2;3;1;B01
201200013922;0;34;0;0;0;2;0;B01
201200013922;0;7;0;0;0;3;10;A01
201200013923;0;7;0;0;2;3;13;A01
201200013923;0;7;0;0;2;3;1;B01
201200013924;0;7;0;4;0;1;0;A01
201200013925;0;1;0;0;2;1;1;B01
201200013925;0;7;0;0;2;6;1;A01
201200013926;0;7;0;0;0;4;1;B01
201200013926;0;32;0;0;2;1;1;A01
201200013927;0;7;0;0;2;1;2;A01
201200013927;0;7;0;0;0;4;23;B01
201200013928;0;30;0;0;2;1;0;B01
201200013928;0;7;0;0;2;2;15;A01
201200013929;0;7;0;0;2;1;0;A01
201200013929;0;34;0;0;2;1;1;B01
201200013930;0;7;0;8;4;2;1;A01
201200013930;0;39;0;0;1;7;1;B01
201200013931;0;7;0;0;1;3;15;A01
201200013932;0;7;0;0;1;0;0;A01
201200013933;0;15;0;0;1;1;21;A01
201200013934;0;7;0;0;0;0;0;A01
201200013934;0;1;0;0;0;0;0;B01
201200013935;0;31;0;0;2;1;1;B01
201200013935;0;7;0;0;2;3;15;A01
201200013936;1;7;0;0;1;0;0;Z01
201200013937;0;7;0;0;0;0;0;A01
201200013938;0;33;0;1;0;2;21;A01
201200013939;2;7;0;0;2;0;0;A01
201200013939;0;7;0;0;0;0;0;B01
201200013940;0;7;0;0;2;0;2;A01
201200013940;0;7;0;0;0;0;0;B01
201200013941;0;33;0;0;0;0;0;A01
201200013942;0;7;0;0;2;1;0;B01
201200013942;2;7;0;0;2;1;1;A01
201200013943;0;7;0;0;2;4;0;B01
201200013943;0;31;0;0;2;1;1;A01
201200013944;0;32;0;8;1;1;1;A01
201200013945;0;7;0;0;2;8;10;A01
201200013945;0;34;0;0;0;1;1;B01
201200013946;0;7;0;1;0;3;1;A01
201200013946;0;7;0;1;0;2;1;B01
201200013947;0;7;0;0;1;0;4;A01
201200013948;0;7;0;0;0;0;0;A01
201200013948;0;33;0;0;2;1;0;B01
201200013949;0;7;0;0;0;4;23;A01
201200013949;0;7;0;0;2;1;1;B01
201200013950;0;7;0;0;2;8;0;A01
201200013950;0;30;0;0;2;1;0;B01
201200013951;0;7;0;0;0;0;15;A01
201200013951;0;34;0;0;0;0;1;B01
201200013952;0;33;0;0;2;1;0;B01
201200013952;0;7;0;0;2;2;11;A01
201200013953;0;7;0;0;2;1;1;B01
201200013953;0;15;0;0;2;1;1;A01
201200013953;0;7;0;0;2;4;1;C01
201200013954;0;7;0;0;0;8;0;A01
201200013954;0;16;0;0;2;3;0;B01
201200013955;0;14;0;0;2;1;13;A01
201200013955;0;7;0;0;2;2;1;B01
201200013956;0;15;0;3;0;7;1;A01
201200013957;0;15;0;0;2;1;1;A01
201200013957;0;3;0;0;2;4;1;B01
201200013958;0;7;0;0;2;3;16;A01
201200013958;0;2;0;0;2;1;1;B01
201200013959;0;37;1;0;2;3;1;B01
201200013959;0;33;0;0;2;1;1;A01
201200013960;0;7;0;0;1;1;1;A01
201200013961;1;99;0;0;1;0;1;Z01
201200013962;0;7;0;0;2;9;9;A01
201200013962;0;7;0;0;2;1;1;C01
201200013962;0;17;0;0;2;1;1;B01
201200013963;0;7;0;0;1;1;15;A01
201200013964;0;7;0;0;2;3;21;A01
201200013964;0;33;0;0;2;1;2;B01
201200013965;0;7;0;2;0;1;1;A01
201200013966;0;7;0;0;2;1;1;C01
201200013966;0;7;0;0;2;6;1;B01
201200013966;0;7;0;0;2;1;13;A01
201200013967;0;17;0;0;0;7;0;A01
201200013968;0;7;0;0;2;1;1;B01
201200013968;0;7;0;0;2;1;5;A01
201200013969;0;32;0;0;2;2;0;A01
201200013969;0;7;0;0;2;2;1;B01
201200013970;0;7;0;0;1;1;2;A01
201200013971;0;7;0;0;2;4;2;A01
201200013971;0;34;0;0;2;4;2;B01
201200013972;0;7;0;0;2;1;17;A01
201200013972;0;13;0;0;0;3;1;B01
201200013973;0;7;0;0;2;1;9;A01
201200013973;0;32;0;0;2;1;1;B01
201200013974;0;37;1;0;1;3;15;A01
201200013975;0;7;0;0;1;3;1;A01
201200013976;0;7;0;0;2;3;15;A01
201200013976;0;33;0;0;2;1;1;B01
201200013977;0;7;0;0;1;1;1;A01
201200013978;0;30;0;0;2;7;17;A01
201200013978;0;7;0;0;2;6;15;B01
201200013979;0;2;0;0;2;0;21;A01
201200013980;0;7;0;1;0;1;14;A01
201200013981;0;7;0;0;2;6;18;A01
201200013981;0;7;0;0;2;2;2;B01
201200013982;0;7;0;0;2;7;1;B01
201200013982;0;7;0;0;2;2;15;A01
201200013983;0;7;0;0;0;2;12;B01
201200013983;0;32;0;0;2;3;12;A01
201200013984;1;99;0;0;0;0;0;A01
201200013985;0;7;0;0;2;3;15;A01
201200013985;0;30;0;0;2;7;17;B01
201200013986;0;30;0;0;2;1;0;B01
201200013986;0;7;0;0;2;2;5;A01
201200013987;0;7;0;0;2;3;0;C01
201200013987;0;7;0;0;0;0;2;B01
201200013987;0;33;0;0;2;3;17;A01
201200013988;0;33;0;0;2;1;1;B01
201200013988;0;7;0;0;2;1;1;A01
201200013989;0;32;0;0;2;1;1;B01
201200013989;2;7;0;0;2;7;1;A01
201200013990;0;33;0;0;2;2;1;B01
201200013990;0;7;0;0;2;5;19;A01
201200013991;0;14;0;0;2;4;4;A01
201200013991;0;2;0;0;2;8;18;B01
201200013992;0;7;0;0;1;1;1;A01
201200013993;0;7;0;0;2;3;9;A01
201200013993;0;7;0;0;2;2;1;B01
201200013994;0;7;0;0;1;4;4;A01
201200013995;0;1;0;0;2;7;1;B01
201200013995;0;7;0;0;2;3;9;A01
201200013996;0;1;0;0;2;1;1;B01
201200013996;0;7;0;0;9;8;9;A01
201200013997;0;7;0;0;2;1;1;A01
201200013997;0;7;0;0;2;3;1;B01
201200013998;0;7;0;10;0;1;11;A01
201200013999;0;7;0;0;2;3;16;A01
201200013999;0;10;0;0;2;2;1;B01
201200014000;0;34;0;0;2;1;17;B01
201200014000;0;7;0;0;2;3;10;A01
201200014001;0;7;0;0;1;1;1;A01
201200014002;0;7;0;0;2;4;2;A01
201200014002;0;7;0;0;0;4;2;B01
201200014003;0;7;0;0;1;6;4;A01
201200014004;0;2;0;0;2;1;2;A01
201200014004;0;7;0;0;2;4;23;B01
201200014005;0;7;0;1;0;1;14;A01
201200014006;0;7;0;13;0;4;1;A01
201200014007;0;2;0;12;0;1;20;A01
201200014008;0;7;0;0;2;1;2;A01
201200014008;0;7;0;0;2;4;23;B01
201200014009;0;7;0;1;0;2;1;A01
201200014010;0;2;0;0;2;2;17;A01
201200014010;0;7;0;0;2;8;1;B01
201200014011;0;33;0;0;2;1;2;B01
201200014011;0;7;0;0;2;3;9;A01
201200014012;0;7;0;0;2;2;1;A01
201200014012;0;7;0;0;2;3;1;B01
201200014013;0;7;0;0;0;5;24;B01
201200014013;0;33;0;1;0;5;0;A01
201200014014;0;7;0;0;2;3;1;A01
201200014014;0;30;0;0;2;3;21;B01
201200014015;0;7;0;8;0;1;1;A01
201200014016;0;7;0;0;0;3;15;B01
201200014016;0;7;0;0;0;1;2;A01
201200014017;0;7;0;0;1;1;1;A01
201200014018;0;30;0;0;2;8;1;A01
201200014018;0;33;0;0;2;7;16;B01
201200014019;0;7;0;0;9;2;16;A01
201200014019;0;1;0;0;2;8;1;B01
201200014020;0;7;0;0;0;1;1;A01
201200014020;0;7;0;0;0;4;23;B01
201200014021;0;7;0;0;0;1;1;B01
201200014021;0;7;0;0;0;7;15;A01
201200014022;0;7;0;0;2;4;1;A01
201200014022;0;7;0;14;0;1;1;B01
201200014023;0;7;0;0;2;1;19;A01
201200014023;0;7;0;0;2;3;1;B01
201200014024;0;7;0;0;2;1;1;A01
201200014024;0;7;0;0;2;8;9;B01
201200014025;0;7;0;0;0;2;15;B01
201200014025;0;30;0;0;0;1;1;A01
201200014026;0;7;0;15;0;1;1;A01
201200014027;0;7;0;0;2;8;15;B01
201200014027;0;2;0;0;2;1;3;A01
201200014028;0;7;0;0;2;3;0;B01
201200014028;0;33;0;0;2;1;0;A01
201200014029;0;33;0;0;9;1;1;A01
201200014030;0;7;0;0;2;4;23;B01
201200014030;0;7;0;0;2;1;2;A01
201200014031;0;7;0;0;2;3;9;A01
201200014031;0;34;0;0;2;1;1;B01
201200014032;0;30;0;0;2;1;1;A01
201200014032;0;30;0;0;2;1;1;B01
201200014032;0;7;0;0;2;8;15;C01
201200014033;0;7;0;13;0;0;0;A01
201200014034;0;7;0;10;0;3;0;A01
201200014035;0;7;0;0;2;1;1;A01
201200014035;0;7;0;0;0;4;1;B01
201200014036;0;7;0;0;2;1;1;B01
201200014036;0;7;0;0;2;1;17;A01
201200014036;0;7;0;0;2;1;1;C01
201200014037;0;7;0;0;2;6;2;B01
201200014037;0;7;0;0;2;1;9;A01
201200014037;0;7;0;0;2;1;1;C01
201200014038;0;7;0;0;0;1;2;A01
201200014038;0;7;0;0;0;4;0;B01
201200014039;0;7;0;0;0;0;17;A01
201200014039;0;1;0;0;0;0;2;B01
201200014040;0;7;0;0;0;1;2;A01
201200014040;0;7;0;0;0;4;2;B01
201200014041;0;32;0;14;0;1;1;A01
201200014042;0;7;0;0;0;7;13;A01
201200014042;0;32;0;0;0;0;1;B01
201200014043;0;7;0;0;2;3;16;A01
201200014043;0;34;0;0;2;8;1;B01
201200014044;0;7;0;0;0;4;4;A01
201200014044;0;30;0;0;2;1;1;B01
201200014045;0;33;0;12;0;1;0;A01
201200014046;0;33;0;0;2;1;2;A01
201200014046;0;1;0;0;0;4;2;B01
201200014047;0;7;0;0;2;3;15;A01
201200014047;0;33;0;0;2;3;1;B01
201200014048;0;1;0;0;2;7;1;B01