num_acc;senc;catv;occutc;obs;obsm;choc;manv;num_veh
201200014048;0;7;0;0;9;8;9;A01
201200014049;0;32;0;0;2;1;1;A01
201200014049;0;7;0;0;0;8;1;B01
201200014050;0;7;0;0;2;3;2;A01
201200014050;0;33;0;0;2;1;15;B01
201200014051;0;32;0;12;0;1;1;A01
201200014052;0;1;0;0;2;1;1;B01
201200014052;1;7;0;0;2;2;16;A01
201200014053;0;1;0;0;0;3;1;A01
201200014054;0;32;0;0;2;1;1;B01
201200014054;0;7;0;0;2;7;15;A01
201200014055;0;7;0;0;2;8;15;B01
201200014055;0;30;0;0;2;2;17;A01
201200014056;0;7;0;0;2;3;1;A01
201200014056;0;33;0;0;2;8;1;B01
201200014057;0;10;0;0;0;6;10;A01
201200014057;0;30;0;0;2;1;1;B01
201200014058;0;7;0;15;0;1;1;A01
201200014059;0;7;0;8;0;1;1;A01
201200014060;0;34;0;0;2;3;18;A01
201200014060;0;7;0;0;2;2;15;B01
201200014061;0;7;0;0;2;8;11;A01
201200014061;0;34;0;0;2;1;1;B01
201200014062;0;30;0;0;2;1;17;A01
201200014062;0;10;0;0;0;3;15;B01
201200014063;0;7;0;0;2;1;2;A01
201200014063;0;7;0;0;0;4;2;B01
201200014064;0;7;0;1;0;3;13;A01
201200014065;0;7;0;0;0;4;2;B01
201200014065;0;7;0;0;2;1;1;A01
201200014066;0;7;0;0;2;1;13;A01
201200014066;0;37;40;0;2;3;1;B01
201200014067;0;7;0;0;2;1;1;A01
201200014067;0;7;0;0;0;6;1;B01
201200014068;0;7;0;0;2;8;10;A01
201200014068;0;32;0;0;2;1;0;B01
201200014069;0;7;0;0;2;3;16;A01
201200014069;0;7;0;0;2;1;1;B01
201200014070;0;7;0;4;0;3;1;A01
201200014071;0;7;0;0;2;3;1;B01
201200014071;0;10;0;0;2;5;11;A01
201200014071;0;7;0;0;2;3;5;C01
201200014072;0;7;0;1;1;2;1;A01
201200014073;0;30;0;0;0;7;1;A01
201200014074;0;7;0;0;2;2;1;B01
201200014074;0;7;0;0;2;1;15;A01
201200014075;0;7;0;0;0;4;23;B01
201200014075;0;7;0;0;2;1;2;A01
201200014076;0;7;0;0;1;3;1;A01
201200014076;0;20;0;0;2;3;0;B01
201200014077;0;10;0;1;0;3;1;A01
201200014077;0;7;0;0;0;6;15;B01
201200014078;0;7;0;0;2;3;11;A01
201200014078;0;30;0;0;2;1;11;B01
201200014079;0;7;0;0;2;1;1;B01
201200014079;0;7;0;0;0;5;19;A01
201200014080;0;7;0;0;0;2;23;B01
201200014080;0;7;0;0;0;4;4;A01
201200014081;0;99;0;0;2;8;1;B01
201200014081;0;7;0;0;2;1;15;A01
201200014082;0;30;0;1;0;1;1;A01
201200014083;0;7;0;0;2;8;19;A01
201200014083;0;33;0;0;2;1;1;B01
201200014084;0;10;0;0;1;1;2;A01
201200014085;0;7;0;12;0;2;1;A01
201200014086;0;10;0;0;2;8;15;A01
201200014086;0;32;0;0;2;1;1;B01
201200014087;0;10;0;0;2;6;4;A01
201200014087;0;7;0;0;2;2;1;B01
201200014088;0;7;0;0;2;2;19;A01
201200014088;0;7;0;0;2;2;1;B01
201200014089;0;33;0;0;2;8;1;B01
201200014089;0;7;0;0;2;3;15;A01
201200014090;0;7;0;0;1;2;1;A01
201200014091;0;30;0;0;0;1;1;A01
201200014092;0;30;0;7;0;1;0;A01
201200014093;0;33;0;0;2;7;1;B01
201200014093;0;7;0;0;2;1;9;A01
201200014094;0;7;0;0;0;4;2;C01
201200014094;0;7;0;0;2;4;2;A01
201200014094;0;7;0;0;2;4;1;B01
201200014095;0;7;0;0;0;4;2;B01
201200014095;0;7;0;0;2;1;2;A01
201200014096;0;7;0;0;2;4;2;B01
201200014096;0;7;0;0;2;1;2;A01
201200014097;0;7;0;0;2;3;0;A01
201200014097;0;33;0;0;2;1;1;B01
201200014098;0;2;0;0;2;7;1;B01
201200014098;1;7;0;0;2;1;15;Z01
201200014099;0;15;0;0;2;1;2;A01
201200014099;0;7;0;0;0;4;2;B01
201200014099;0;7;0;0;0;6;2;C01
201200014100;0;7;0;0;2;5;15;A01
201200014100;0;7;0;0;2;3;1;B01
201200014100;0;7;0;0;2;1;1;D01
201200014100;0;7;0;0;2;6;1;C01
201200014101;0;7;0;0;1;4;4;A01
201200014102;0;7;0;6;0;2;1;A01
201200014103;0;7;0;13;0;1;1;A01
201200014104;0;1;0;0;2;7;17;B01
201200014104;0;10;0;0;2;3;1;A01
201200014105;0;7;0;8;0;1;1;A01
201200014106;0;34;0;0;2;1;1;B01
201200014106;0;7;0;0;2;6;15;A01
201200014107;0;7;0;15;0;2;14;A01
201200014108;0;2;0;0;2;1;1;A01
201200014108;0;7;0;0;2;2;15;B01
201200014109;0;32;0;1;0;1;2;A01
201200014109;0;7;0;0;0;5;2;B01
201200014110;0;7;0;6;2;9;13;A01
201200014110;0;7;0;0;2;2;1;B01
201200014111;0;10;0;0;2;3;1;A01
201200014111;0;13;0;0;2;3;14;B01
201200014112;0;30;0;11;0;1;0;A01
201200014113;0;34;0;0;2;2;1;B01
201200014113;0;7;0;0;2;3;23;C01
201200014113;1;7;0;0;2;3;19;Z01
201200014114;0;7;0;0;1;3;1;A01
201200014115;0;7;0;0;1;2;1;A01
201200014116;0;7;0;0;2;3;15;A01
201200014116;0;30;0;0;2;1;1;B01
201200014117;0;7;0;0;2;7;17;A01
201200014117;0;2;0;0;2;8;1;B01
201200014118;0;30;0;0;2;7;1;B01
201200014118;0;7;0;0;2;3;19;A01
201200014119;0;38;1;12;0;7;1;A01
201200014120;0;7;0;0;2;2;1;A01
201200014120;0;30;0;0;2;5;1;B01
201200014121;0;7;0;0;2;7;19;A01
201200014121;0;32;0;0;2;1;1;B01
201200014122;0;10;0;0;1;3;1;A01
201200014123;0;7;0;0;2;2;1;A01
201200014123;0;32;0;0;2;1;1;B01
201200014124;0;33;0;0;2;2;2;A01
201200014124;0;7;0;0;0;3;2;B01
201200014125;0;7;0;0;1;4;4;A01
201200014126;0;7;0;2;0;1;13;A01
201200014127;0;30;0;0;2;1;1;A01
201200014127;0;7;0;0;2;7;15;B01
201200014128;1;7;0;0;0;0;0;Z01
201200014129;0;7;0;8;2;1;15;B01
201200014129;0;32;0;0;2;5;1;A01
201200014130;0;7;0;11;0;1;6;A01
201200014131;0;2;0;0;2;2;17;A01
201200014131;0;7;0;0;2;3;1;B01
201200014132;1;7;0;1;0;2;14;A01
201200014132;0;7;0;0;0;8;24;B01
201200014133;0;2;0;0;2;1;16;B01
201200014133;0;7;0;0;2;8;16;A01
201200014134;0;7;0;0;1;3;13;A01
201200014135;0;7;0;0;1;1;1;A01
201200014136;0;33;0;8;0;0;5;A01
201200014137;0;33;0;12;0;1;17;A01
201200014138;0;33;0;0;2;1;21;B01
201200014138;0;7;0;0;2;1;13;A01
201200014139;0;7;0;0;2;2;15;A01
201200014139;0;32;0;0;2;1;1;B01
201200014140;0;30;0;11;2;1;16;A01
201200014140;0;7;0;12;2;1;1;B01
201200014141;0;33;0;0;2;1;17;B01
201200014141;0;7;0;0;2;3;15;A01
201200014142;0;7;0;0;2;2;5;A01
201200014142;0;7;0;0;2;6;1;B01
201200014142;0;7;0;0;2;1;1;C01
201200014143;0;30;0;0;2;2;21;B01
201200014143;1;7;0;0;2;3;9;Z01
201200014144;0;33;0;0;2;1;21;A01
201200014144;0;7;0;0;2;8;19;B01
201200014145;0;34;0;0;2;2;0;B01
201200014145;0;7;0;0;2;3;19;A01
201200014146;0;7;0;0;1;1;9;A01
201200014147;0;30;0;0;2;1;17;A01
201200014147;0;32;0;0;2;1;1;C01
201200014147;0;30;0;0;2;4;2;B01
201200014148;0;7;0;0;2;3;15;A01
201200014148;0;2;0;0;2;1;17;B01
201200014149;0;7;0;1;0;2;20;A01
201200014150;0;7;0;0;2;3;5;A01
201200014150;0;7;0;0;2;3;1;B01
201200014151;0;33;0;0;2;8;1;A01
201200014151;0;14;0;0;2;2;1;B01
201200014152;0;7;0;0;2;8;2;C01
201200014152;0;7;0;0;2;3;17;A01
201200014152;0;33;0;0;2;8;1;B01
201200014153;0;13;0;0;2;1;1;B01
201200014153;0;7;0;0;2;1;13;A01
201200014154;0;7;0;0;2;3;13;A01
201200014154;0;7;0;0;2;3;1;B01
201200014155;0;7;0;8;0;1;14;A01
201200014156;0;7;0;0;2;1;1;B01
201200014156;0;7;0;13;0;6;14;C01
201200014156;0;7;0;0;2;1;17;A01
201200014157;0;7;0;3;0;1;0;A01
201200014158;0;7;0;0;2;1;1;B01
201200014158;0;7;0;0;2;1;5;A01
201200014159;0;30;0;0;2;8;19;A01
201200014159;0;7;0;0;2;1;1;B01
201200014160;0;33;0;0;0;0;1;B01
201200014160;0;7;0;0;2;0;15;A01
201200014161;0;7;0;0;1;2;1;A01
201200014162;0;7;0;0;2;3;15;A01
201200014162;0;7;0;15;2;2;17;B01
201200014163;0;7;0;0;2;1;2;C01
201200014163;0;7;0;0;2;1;13;A01
201200014163;0;15;0;0;2;3;1;B01
201200014164;0;7;0;0;2;6;0;B01
201200014164;1;7;0;0;2;2;0;A01
201200014165;0;33;0;0;2;1;2;B01
201200014165;0;14;0;0;2;8;15;A01
201200014166;0;7;0;16;0;3;9;A01
201200014166;0;32;0;0;0;4;2;B01
201200014167;0;7;0;0;2;1;1;B01
201200014167;0;7;0;0;2;3;16;A01
201200014168;1;7;0;0;0;5;2;Z01
201200014168;0;7;0;0;0;3;2;B01
201200014169;0;7;0;0;0;1;15;A01
201200014169;0;7;0;0;0;0;2;B01
201200014170;1;7;0;0;0;1;1;A01
201200014171;0;7;0;0;0;0;5;B01
201200014171;1;7;0;0;0;0;13;A01
201200014172;0;7;0;0;1;1;2;A01
201200014173;0;7;0;0;0;0;0;A01
201200014173;0;33;0;0;2;8;0;B01
201200014174;0;7;0;0;2;7;15;A01
201200014174;0;31;0;0;2;9;1;B01
201200014175;0;14;0;0;0;5;15;A01
201200014175;0;33;0;0;0;1;1;B01
201200014176;0;7;0;10;0;3;23;B01
201200014176;0;33;0;10;0;1;15;A01
201200014177;0;7;0;0;0;0;19;B01
201200014177;0;7;0;0;0;0;0;A01
201200014178;0;1;0;0;1;1;1;A01
201200014179;0;7;0;0;0;0;0;B01
201200014179;0;7;0;0;0;0;0;C01
201200014179;0;13;0;0;0;0;0;A01
201200014180;0;7;0;0;2;7;1;B01
201200014180;1;7;0;0;2;1;1;Z01
201200014181;0;10;0;0;0;1;16;A01
201200014182;0;7;0;0;2;2;1;A01
201200014182;0;30;0;0;2;4;1;B01
201200014183;0;10;0;0;2;8;0;A01
201200014183;0;10;0;0;2;1;2;B01
201200014184;0;14;0;0;2;2;2;A01
201200014184;0;7;0;0;2;6;2;B01
201200014185;0;7;0;0;0;0;0;A01
201200014185;0;7;0;0;0;0;0;B01
201200014186;0;36;0;0;0;2;2;A01
201200014187;0;30;0;0;2;7;17;A01
201200014187;0;7;0;0;2;8;15;B01
201200014188;0;32;0;0;2;1;1;B01
201200014188;0;7;0;0;2;3;1;A01
201200014189;0;33;0;0;2;1;17;B01
201200014189;0;7;0;0;2;8;10;A01
201200014190;0;7;0;0;0;0;9;B01
201200014190;0;33;0;0;0;0;0;A01
201200014191;0;7;0;0;0;7;17;A01
201200014191;0;7;0;0;0;8;15;B01
201200014192;0;1;0;0;0;4;2;B01
201200014192;0;7;0;0;2;2;2;A01
201200014193;0;7;0;0;0;2;0;A01
201200014193;0;7;0;0;0;3;2;B01
201200014194;0;7;0;0;1;1;1;A01
201200014195;0;7;0;0;0;2;1;A01
201200014195;0;7;0;0;0;1;1;B01
201200014196;0;31;0;0;0;1;2;A01
201200014197;0;7;0;0;1;7;1;A01
201200014198;0;7;0;0;2;3;2;B01
201200014198;0;3;0;0;2;1;9;A01
201200014199;0;7;0;0;0;3;15;A01
201200014200;0;7;0;0;0;4;2;B01
201200014200;1;7;0;0;0;1;2;A01
201200014201;0;7;0;0;2;4;2;B01
201200014201;0;7;0;0;2;1;2;C01
201200014201;0;7;0;0;2;1;2;D01
201200014201;0;7;0;0;0;4;23;A01
201200014202;0;7;0;0;0;7;14;A01
201200014203;0;7;0;0;2;4;4;A01
201200014203;0;7;0;0;2;1;9;B01
201200014204;0;7;0;0;0;8;15;A01
201200014204;0;1;0;0;0;1;17;B01
201200014205;0;10;0;0;0;8;10;A01
201200014205;0;10;0;0;2;1;21;B01
201200014206;0;7;0;0;2;3;17;A01
201200014206;0;7;0;0;2;3;1;B01
201200014206;0;7;0;0;2;6;2;C01
201200014207;0;7;0;0;2;3;11;A01
201200014207;0;33;0;0;2;8;2;B01
201200014208;0;7;0;0;0;3;15;A01
201200014208;0;31;0;0;0;8;15;B01
201200014209;0;7;0;0;2;3;0;A01
201200014209;0;33;0;0;2;8;0;B01
201200014210;0;7;0;0;2;8;2;B01
201200014210;0;7;0;0;2;8;11;A01
201200014211;0;7;0;13;0;1;1;A01
201200014212;0;7;0;0;2;7;11;A01
201200014212;0;34;0;0;2;2;2;B01
201200014213;0;7;0;0;2;2;1;B01
201200014213;0;7;0;0;0;6;0;A01
201200014214;0;10;0;0;0;1;9;A01
201200014214;0;7;0;0;0;2;2;B01
201200014215;0;7;0;0;0;6;15;B01
201200014215;0;30;0;0;0;1;1;A01
201200014216;0;30;0;0;2;7;1;B01
201200014216;1;7;0;0;2;8;15;Z01
201200014217;0;10;0;14;0;1;2;A01
201200014217;0;7;0;0;0;4;2;B01
201200014218;0;15;0;0;0;5;4;A01
201200014218;0;7;0;0;0;2;1;B01
201200014219;0;7;0;0;2;3;15;A01
201200014219;0;7;0;0;2;1;21;B01
201200014220;0;7;0;14;2;4;2;A01
201200014220;0;7;0;0;9;1;2;B01
201200014221;0;7;0;0;0;2;1;B01
201200014221;0;7;0;0;0;1;9;A01
201200014222;0;7;0;0;0;3;13;A01
201200014222;0;32;0;0;0;0;0;B01
201200014223;0;10;0;0;2;1;1;A01
201200014223;0;10;0;0;0;4;2;B01
201200014224;0;7;0;0;0;2;1;A01
201200014224;0;7;0;0;0;6;13;B01
201200014225;0;7;0;0;2;1;1;A01
201200014225;0;7;0;0;2;8;1;B01
201200014226;0;7;0;0;0;1;17;A01
201200014226;0;7;0;0;2;3;15;B01
201200014227;0;7;0;15;0;1;16;A01
201200014228;0;10;0;0;2;1;0;B01
201200014228;0;7;0;0;2;1;13;A01
201200014229;0;7;0;0;2;1;2;A01
201200014229;0;7;0;0;0;4;1;B01
201200014230;0;7;0;0;0;2;2;A01
201200014230;0;33;0;0;0;6;2;B01
201200014231;0;7;0;0;0;2;1;B01
201200014231;0;7;0;0;0;1;9;A01
201200014232;0;7;0;0;2;1;1;B01
201200014232;0;7;0;0;2;8;15;A01
201200014233;1;7;0;0;2;1;0;A01
201200014233;0;7;0;1;0;7;0;B01
201200014234;0;2;0;0;2;5;17;B01
201200014234;0;7;0;0;2;8;15;A01
201200014235;0;1;0;0;2;0;1;B01
201200014235;1;7;0;0;2;4;4;Z01
201200014236;0;7;0;8;0;7;0;A01
201200014237;0;7;0;0;2;1;0;A01
201200014237;0;7;0;0;0;4;0;B01
201200014238;0;7;0;15;0;0;0;A01
201200014239;0;32;0;0;2;0;0;B01
201200014239;1;7;0;0;0;0;0;Z01
201200014240;1;33;0;0;1;0;1;Z01
201200014241;0;7;0;2;0;2;1;A01
201200014242;0;32;0;0;2;1;1;B01
201200014242;1;7;0;0;0;0;0;Z01
201200014243;0;7;0;0;1;2;9;A01
201200014244;0;34;0;0;2;7;21;B01
201200014244;0;7;0;0;2;3;9;A01
201200014245;0;32;0;0;1;2;1;A01
201200014246;2;7;0;0;2;3;1;A01
201200014246;0;34;0;0;2;1;1;C01
201200014246;0;7;0;0;2;6;1;B01
201200014247;0;7;0;8;2;2;0;B01
201200014247;0;7;0;0;2;3;0;A01
201200014248;0;32;0;0;2;1;7;A01
201200014248;0;7;0;0;2;7;7;B01
201200014249;0;32;0;0;2;1;0;A01
201200014249;0;7;0;0;2;2;1;B01
201200014250;0;2;0;0;0;0;12;A01
201200014251;0;33;0;0;2;1;1;B01
201200014251;0;7;0;0;2;4;10;A01
201200014252;0;7;0;0;2;6;0;A01
201200014252;0;32;0;0;2;0;0;B01
201200014253;0;33;0;0;2;1;17;A01
201200014253;0;7;0;0;2;3;15;B01
201200014254;0;10;0;0;2;7;19;A01
201200014254;0;34;0;0;2;1;1;B01
201200014255;0;33;0;0;1;5;21;A01
201200014256;0;7;0;0;2;4;1;B01
201200014256;0;33;0;0;2;1;1;A01
201200014257;0;30;0;0;0;0;16;A01
201200014258;0;7;0;0;0;1;2;A01
201200014258;0;7;0;0;0;0;2;B01
201200014259;0;7;0;0;2;1;1;B01
201200014259;0;7;0;0;0;8;0;A01
201200014260;0;7;0;0;1;3;0;A01
201200014261;0;7;0;0;2;1;0;A01
201200014261;0;7;0;0;1;1;0;B01
201200014262;0;7;0;0;1;1;1;A01
201200014263;0;7;0;0;0;4;2;B01
201200014263;0;7;0;0;2;1;2;A01
201200014264;0;7;0;15;0;3;1;A01
201200014265;1;30;0;0;1;1;1;A01
201200014266;0;1;0;0;0;0;0;B01
201200014266;1;7;0;0;2;0;1;Z01
201200014267;0;7;0;0;2;0;0;B01
201200014267;1;7;0;0;2;1;1;Z01
201200014268;1;7;0;0;0;0;1;Z01
201200014268;0;7;0;0;2;0;0;B01
201200014269;0;2;0;0;1;1;0;A01
201200014270;0;33;0;0;2;0;2;A01
201200014270;1;7;0;0;2;0;2;Z01
201200014271;0;7;0;6;0;1;1;A01
201200014272;0;33;0;0;2;1;0;A01
201200014272;0;7;0;0;2;2;0;B01
201200014272;0;10;0;0;0;6;23;C01
201200014273;0;30;0;0;2;1;11;A01
201200014273;0;7;0;0;0;1;1;B01
201200014274;0;7;0;0;0;2;2;B01
201200014274;0;37;35;0;0;3;10;A01
201200014275;0;38;15;0;9;3;1;B01
201200014275;0;32;0;8;2;1;14;A01
201200014276;0;7;0;0;2;3;9;A01
201200014276;0;7;0;0;2;1;1;B01
201200014277;0;7;0;0;2;1;2;A01
201200014277;0;7;0;0;2;4;2;B01
201200014278;1;7;0;0;2;0;1;Z01
201200014278;0;7;0;0;2;1;1;B01
201200014279;0;7;0;0;2;4;23;B01
201200014279;1;7;0;0;2;1;1;Z01
201200014280;0;7;0;0;2;1;1;A01
201200014280;0;32;0;0;2;4;0;B01
201200014281;0;30;0;0;2;1;11;A01
201200014281;0;7;0;0;2;8;9;B01
201200014282;0;32;0;0;2;1;0;A01
201200014282;0;7;0;0;2;1;1;B01
201200014283;0;7;0;0;2;2;5;A01
201200014283;0;7;0;0;2;2;2;B01
201200014284;0;33;0;0;2;0;0;B01
201200014284;1;7;0;0;2;1;1;Z01
201200014285;1;30;0;0;1;0;1;Z01
201200014286;1;7;0;0;2;1;1;Z01
201200014286;0;1;0;0;2;4;1;B01
201200014287;0;7;0;0;2;1;2;A01
201200014287;0;32;0;0;2;4;23;B01
201200014288;0;33;0;0;2;1;1;B01
201200014288;0;10;0;0;2;2;15;A01
201200014289;0;7;0;0;2;6;1;A01
201200014289;0;14;0;0;0;2;1;B01
201200014290;0;32;0;0;2;1;17;B01
201200014290;0;7;0;0;2;6;11;A01
201200014291;0;33;0;12;0;3;1;B01
201200014291;0;7;0;0;0;0;15;A01
201200014292;0;7;0;0;2;1;2;A01
201200014292;0;7;0;0;2;4;1;B01
201200014293;0;7;0;0;2;4;2;B01
201200014293;0;7;0;0;2;0;2;A01
201200014294;0;1;0;0;1;1;1;A01
201200014295;0;10;0;0;2;2;1;A01
201200014295;0;7;0;0;2;6;16;B01
201200014296;0;30;0;0;2;2;1;B01
201200014296;0;7;0;0;2;1;9;A01
201200014297;0;7;0;0;2;2;9;A01
201200014297;0;7;0;0;2;3;1;B01
201200014298;0;32;0;0;2;1;1;B01
201200014298;0;7;0;0;2;0;9;A01
201200014299;0;7;0;0;1;1;1;A01
201200014300;0;7;0;0;1;1;1;A01
201200014301;0;7;0;0;2;0;2;A01
201200014301;0;7;0;0;0;4;2;B01
201200014302;0;32;0;1;0;1;14;A01
201200014303;0;7;0;1;0;3;0;A01
201200014304;0;7;0;0;2;1;1;B01
201200014304;1;7;0;0;2;1;0;Z01
201200014305;0;7;0;0;0;1;19;A01
201200014305;0;30;0;0;0;8;19;B01
201200014306;0;31;0;0;0;0;21;A01
201200014307;1;7;0;0;1;0;0;Z01
201200014308;0;7;0;0;2;1;2;A01
201200014308;0;7;0;0;2;4;2;B01
201200014309;1;10;0;0;1;7;1;Z01
201200014310;0;7;0;0;2;2;0;A01
201200014310;0;7;0;0;2;1;0;B01
201200014311;0;2;0;0;2;1;2;A01
201200014311;0;7;0;0;2;4;2;B01
201200014312;0;34;0;0;1;1;1;A01
201200014313;0;7;0;0;0;9;0;A01
201200014314;0;30;0;0;2;1;1;B01
201200014314;0;7;0;0;2;3;15;A01
201200014315;0;7;0;0;1;1;1;A01
201200014316;0;3;0;0;1;1;0;A01
201200014317;1;10;0;0;2;0;1;Z01
201200014317;0;34;0;0;2;0;1;B01
201200014318;0;7;0;0;0;0;15;A01
201200014318;0;34;0;0;0;1;2;B01
201200014318;0;7;0;0;0;1;23;C01
201200014319;0;7;0;0;2;1;1;B01
201200014319;0;30;0;0;2;1;17;A01
201200014320;0;33;0;0;2;1;1;A01
201200014320;0;7;0;0;2;6;0;B01
201200014321;0;7;0;0;2;3;15;A01
201200014321;0;7;0;0;2;2;0;B01
201200014322;0;30;0;0;2;1;17;A01
201200014322;0;7;0;0;2;3;15;B01
201200014323;0;32;0;0;0;1;1;A01
201200014323;2;7;0;0;0;8;10;Z01
201200014324;1;7;0;0;2;1;2;Z01
201200014324;0;7;0;0;2;4;2;A01
201200014325;0;7;0;0;1;2;1;A01
201200014326;0;32;0;11;2;1;5;A01
201200014326;0;7;0;0;2;3;0;B01
201200014327;0;7;0;0;2;1;1;A01
201200014327;0;7;0;0;2;4;1;B01
201200014328;0;7;0;0;6;1;21;A01
201200014329;0;32;0;1;0;8;1;A01
201200014330;0;7;0;0;2;1;1;A01
201200014330;0;7;0;0;2;4;23;B01
201200014331;0;10;0;0;2;6;13;A01
201200014331;0;7;0;0;2;2;9;B01
201200014332;0;2;0;0;2;1;1;A01
201200014332;0;7;0;0;2;8;15;B01
201200014333;0;30;0;0;2;0;1;B01
201200014333;0;7;0;0;2;0;0;A01
201200014334;1;7;0;0;1;0;1;Z01
201200014335;0;7;0;0;1;1;1;A01
201200014336;0;33;0;0;2;1;1;B01
201200014336;0;10;0;0;2;4;4;A01
201200014337;0;7;0;8;2;3;10;A01
201200014337;0;7;0;0;2;8;10;B01
201200014338;0;10;0;0;2;4;2;B01
201200014338;0;10;0;0;2;1;1;A01
201200014338;0;10;0;0;2;4;2;C01
201200014338;0;10;0;0;0;4;2;D01
201200014339;0;7;0;0;2;7;16;B01
201200014339;0;32;0;0;2;1;1;A01
201200014340;0;7;0;0;2;3;13;A01
201200014340;0;2;0;0;2;2;1;B01
201200014341;0;7;0;0;2;1;2;A01
201200014341;0;7;0;0;2;4;15;B01
201200014342;0;7;0;13;0;1;1;A01
201200014343;0;7;0;0;2;2;2;A01
201200014344;0;33;0;0;1;2;1;A01
201200014345;0;7;0;0;1;2;1;A01
201200014346;0;7;0;6;0;1;0;A01
201200014347;1;30;0;0;1;0;1;Z01
201200014348;0;33;0;0;2;1;21;A01
201200014348;1;7;0;0;2;4;19;Z01
201200014349;0;7;0;0;2;7;1;B01
201200014349;0;7;0;0;2;1;1;A01
201200014350;0;7;0;0;2;1;2;A01
201200014350;0;7;0;0;0;0;2;B01
201200014351;0;7;0;0;2;8;15;A01
201200014351;0;32;0;0;2;1;17;B01
201200014352;0;30;0;0;0;0;1;A01
201200014353;0;33;0;0;2;7;21;B01
201200014353;1;7;0;0;2;0;1;Z01
201200014354;0;7;0;0;2;1;1;B01
201200014354;1;7;0;0;2;1;1;Z01
201200014355;0;7;0;0;1;2;2;A01
201200014356;0;7;0;0;2;1;1;A01
201200014356;0;7;0;0;2;4;1;B01
201200014357;0;7;0;0;1;2;1;A01
201200014358;0;7;0;8;0;9;0;A01
201200014359;0;7;0;0;2;3;15;B01
201200014359;0;32;0;0;2;1;17;A01
201200014360;0;10;0;0;2;1;1;B01
201200014360;0;30;0;0;2;6;19;A01
201200014361;0;30;0;0;0;1;13;A01
201200014361;0;30;0;0;2;1;1;B01
201200014362;0;7;0;0;1;3;0;A01
201200014363;0;33;0;0;0;1;16;A01
201200014364;0;7;0;0;1;1;0;A01
201200014365;0;7;0;0;1;0;1;A01
201200014366;0;33;0;12;0;1;2;A01
201200014367;0;33;0;0;2;1;2;A01
201200014367;0;7;0;0;2;8;15;B01
201200014368;1;7;0;0;2;4;1;Z01
201200014368;0;34;0;0;2;1;1;A01
201200014369;0;30;0;0;2;1;1;A01
201200014369;0;7;0;0;2;3;15;B01
201200014370;0;7;0;0;2;4;24;B01
201200014370;0;7;0;1;0;2;1;A01
201200014371;0;7;0;0;2;1;1;A01
201200014371;0;7;0;0;2;1;9;B01
201200014372;0;7;0;0;1;4;4;A01
201200014373;0;7;0;0;2;2;15;B01
201200014373;0;30;0;0;2;1;1;A01
201200014374;0;33;0;0;0;0;1;B01
201200014374;1;1;0;0;0;0;0;Z01
201200014375;0;7;0;0;1;1;1;A01
201200014376;0;7;0;0;2;3;2;B01
201200014376;0;32;0;0;2;1;2;A01
201200014377;0;7;0;0;2;1;1;A01
201200014377;0;7;0;0;2;4;23;C01
201200014377;0;7;0;0;2;4;23;B01
201200014378;0;7;0;1;0;1;1;A01
201200014379;2;7;0;1;9;1;1;A01
201200014380;0;7;0;0;2;8;15;A01
201200014380;0;30;0;0;2;1;17;B01
201200014381;0;7;0;0;0;0;1;B01
201200014381;1;7;0;0;2;1;1;Z01
201200014382;0;31;0;0;2;0;0;A01
201200014382;0;7;0;0;0;8;0;B01
201200014383;0;7;0;0;1;1;1;A01
201200014384;0;7;0;0;2;2;1;B01
201200014384;0;3;0;0;2;3;9;A01
201200014385;0;31;0;0;0;1;17;A01
201200014385;0;14;0;0;0;8;15;B01
201200014386;0;30;0;6;0;1;1;A01
201200014387;1;7;0;0;0;0;1;Z01
201200014388;0;7;0;0;1;2;2;A01
201200014389;0;7;0;0;2;3;23;B01
201200014389;0;33;0;14;0;1;21;A01
201200014390;0;7;0;0;2;3;23;B01
201200014390;0;7;0;0;2;1;15;A01
201200014391;0;7;0;0;1;2;1;A01
201200014392;0;7;0;1;0;3;1;A01
201200014393;0;7;0;0;2;5;15;A01
201200014393;0;33;0;0;2;2;21;B01
201200014394;0;7;0;0;2;2;15;A01
201200014394;0;30;0;0;2;1;1;B01
201200014395;0;32;0;0;2;1;17;A01
201200014395;0;7;0;1;0;6;21;B01
201200014396;0;7;0;0;0;4;23;B01
201200014396;0;7;0;0;2;1;2;A01
201200014397;0;7;0;0;2;8;10;A01
201200014397;0;33;0;0;2;1;0;B01
201200014398;0;30;0;0;2;8;15;A01
201200014398;0;2;0;0;2;1;1;B01
201200014399;0;7;0;0;0;8;1;A01
201200014399;0;33;0;0;2;1;1;B01
201200014400;0;34;0;0;2;1;0;B01
201200014400;1;10;0;0;0;0;0;Z01
201200014401;0;7;0;0;2;1;15;A01
201200014401;0;32;0;0;2;2;1;B01
201200014402;0;7;0;0;1;5;4;A01
201200014403;1;2;0;0;1;1;1;Z01
201200014404;0;30;0;0;0;0;5;A01
201200014404;0;33;0;0;0;0;1;B01
201200014404;0;33;0;0;0;0;1;C01
201200014405;0;33;0;0;2;1;17;A01
201200014405;0;7;0;0;2;8;15;B01
201200014406;1;30;0;1;0;0;0;Z01
201200014407;1;7;0;0;1;1;2;Z01
201200014407;0;7;0;0;2;4;23;B01
201200014408;0;32;0;0;2;7;17;B01
201200014408;0;7;0;0;2;3;15;A01