num_acc;senc;catv;occutc;obs;obsm;choc;manv;num_veh
201200014409;0;7;0;0;2;8;11;A01
201200014409;0;30;0;0;2;1;11;B01
201200014410;0;7;0;0;2;7;16;A01
201200014410;0;32;0;0;2;1;18;B01
201200014411;1;7;0;0;2;0;1;Z01
201200014411;0;1;0;0;2;0;1;B01
201200014412;0;2;0;0;0;7;19;A01
201200014412;0;33;0;0;2;1;1;B01
201200014413;0;7;0;0;2;7;15;A01
201200014413;0;32;0;0;2;1;1;B01
201200014414;0;7;0;0;1;1;1;A01
201200014415;0;34;0;0;2;1;2;B01
201200014415;0;31;0;0;2;7;2;A01
201200014416;0;15;0;0;1;2;1;A01
201200014417;0;7;0;0;2;3;2;A01
201200014417;0;7;0;0;0;5;0;B01
201200014418;0;32;0;0;2;7;0;B01
201200014418;0;7;0;0;2;1;0;A01
201200014419;0;7;0;0;2;1;1;A01
201200014419;0;7;0;0;2;4;1;B01
201200014420;1;7;0;0;1;0;0;Z01
201200014421;0;7;0;0;9;1;1;B01
201200014421;0;7;0;15;0;1;1;A01
201200014422;1;10;0;0;1;4;4;Z01
201200014423;0;7;0;0;2;2;9;B01
201200014423;0;32;0;0;2;2;21;A01
201200014424;0;7;0;0;0;0;0;A01
201200014424;0;30;0;0;0;0;0;B01
201200014425;0;7;0;0;9;3;15;A01
201200014425;0;2;0;0;2;3;17;B01
201200014426;1;7;0;0;1;0;1;Z01
201200014427;0;7;0;0;2;4;1;B01
201200014427;1;7;0;0;2;1;1;Z01
201200014428;0;7;0;9;0;1;14;A01
201200014429;0;32;0;0;2;1;1;B01
201200014429;0;7;0;0;2;1;1;A01
201200014430;0;34;0;0;0;2;13;A01
201200014431;0;7;0;0;1;1;1;A01
201200014432;0;7;0;0;1;1;1;A01
201200014433;0;7;0;0;1;1;0;A01
201200014434;0;10;0;0;2;1;2;A01
201200014434;0;7;0;0;2;4;2;B01
201200014435;0;7;0;0;2;7;0;A01
201200014435;0;32;0;0;2;1;0;B01
201200014436;0;7;0;0;0;4;2;B01
201200014436;0;7;0;0;0;2;2;A01
201200014437;0;7;0;0;2;1;0;A01
201200014437;0;7;0;0;2;7;0;B01
201200014438;0;2;0;0;1;7;2;A01
201200014439;0;7;0;0;1;0;1;A01
201200014440;0;7;0;0;1;1;1;A01
201200014441;1;30;0;0;1;0;0;Z01
201200014442;0;30;0;0;2;1;3;A01
201200014442;0;7;0;0;2;3;15;B01
201200014443;0;7;0;0;1;2;1;A01
201200014444;0;7;0;0;2;4;23;B01
201200014444;0;7;0;0;2;1;1;A01
201200014445;0;30;0;0;2;1;5;A01
201200014445;0;7;0;0;2;2;21;B01
201200014446;1;34;0;0;1;1;0;Z01
201200014447;0;7;0;0;2;8;15;B01
201200014447;0;30;0;0;2;7;17;A01
201200014448;0;10;0;1;2;1;1;A01
201200014448;0;7;0;0;2;3;15;B01
201200014449;0;32;0;0;0;1;2;A01
201200014449;0;7;0;0;0;3;11;B01
201200014450;0;7;0;0;0;3;0;A01
201200014451;0;7;0;0;2;2;15;A01
201200014451;0;33;0;0;2;1;0;B01
201200014452;1;14;0;0;0;0;12;Z01
201200014452;0;3;0;4;0;7;21;B01
201200014453;0;31;0;0;2;1;2;A01
201200014453;0;7;0;0;2;4;2;B01
201200014454;0;7;0;0;2;3;9;B01
201200014454;0;33;0;0;2;1;9;A01
201200014455;0;30;0;0;2;1;2;A01
201200014455;0;7;0;0;2;6;2;B01
201200014456;0;33;0;1;0;0;1;A01
201200014457;0;30;0;0;2;4;10;A01
201200014457;0;30;0;0;2;1;14;B01
201200014458;0;7;0;0;2;8;23;B01
201200014458;1;7;0;0;2;7;1;Z01
201200014459;0;7;0;6;0;7;1;A01
201200014460;0;31;0;0;0;0;21;A01
201200014460;1;7;0;0;0;0;0;Z01
201200014461;0;7;0;15;0;1;1;A01
201200014462;0;32;0;0;0;8;1;A01
201200014463;0;37;1;0;1;7;1;A01
201200014464;0;7;0;0;2;6;4;A01
201200014464;0;7;0;0;2;5;1;B01
201200014465;0;14;0;3;0;3;16;A01
201200014466;1;7;0;0;2;1;1;Z01
201200014466;0;7;0;1;2;8;1;B01
201200014467;0;32;0;0;2;8;1;B01
201200014467;0;7;0;0;2;0;19;A01
201200014468;1;7;0;0;1;1;1;A01
201200014469;0;34;0;0;2;8;1;A01
201200014469;0;7;0;0;2;1;1;B01
201200014470;0;7;0;0;1;3;2;A01
201200014471;0;7;0;0;2;3;1;B01
201200014471;0;7;0;0;2;3;13;A01
201200014472;0;30;0;0;9;0;1;B01
201200014473;0;2;0;0;1;1;0;A01
201200014474;0;7;0;4;0;1;1;A01
201200014475;0;7;0;0;2;7;17;A01
201200014475;0;7;0;1;0;8;1;B01
201200014476;0;7;0;0;2;1;1;B01
201200014476;1;13;0;0;2;0;10;Z01
201200014477;0;7;0;0;2;8;1;B01
201200014477;0;30;0;0;2;8;6;A01
201200014478;0;7;0;0;1;3;1;A01
201200014479;0;33;0;0;0;1;2;A01
201200014479;0;7;0;0;1;4;2;B01
201200014480;0;33;0;0;2;7;3;A01
201200014480;0;7;0;0;2;5;1;B01
201200014480;0;7;0;0;2;6;0;C01
201200014481;0;7;0;0;2;1;2;A01
201200014481;0;7;0;0;2;4;2;B01
201200014482;0;7;0;0;2;1;1;B01
201200014482;0;7;0;0;2;5;1;A01
201200014483;0;7;0;8;0;2;1;A01
201200014484;0;7;0;8;2;3;15;A01
201200014484;0;33;0;0;2;2;17;B01
201200014485;0;7;0;0;2;3;20;A01
201200014485;0;34;0;0;2;2;13;B01
201200014486;0;7;0;0;2;4;23;B01
201200014486;1;7;0;0;2;1;2;Z01
201200014487;0;7;0;0;2;2;15;A01
201200014487;0;33;0;0;2;1;1;B01
201200014488;1;7;0;0;2;8;15;Z01
201200014488;0;2;0;0;2;3;17;B01
201200014489;1;7;0;0;1;4;4;Z01
201200014490;0;7;0;0;2;1;0;A01
201200014490;0;7;0;0;0;4;0;B01
201200014491;1;7;0;0;1;1;1;Z01
201200014492;0;7;0;0;2;1;2;A01
201200014492;0;7;0;0;2;4;2;B01
201200014492;0;7;0;0;2;4;2;C01
201200014493;0;7;0;0;2;7;0;A01
201200014493;0;7;0;0;2;1;1;B01
201200014494;0;33;0;0;2;1;17;A01
201200014494;0;7;0;0;2;3;15;B01
201200014495;0;37;1;0;0;2;2;A01
201200014495;0;7;0;0;0;4;2;B01
201200014496;0;33;0;0;2;1;2;A01
201200014496;0;30;0;0;2;4;1;B01
201200014497;0;7;0;0;2;8;1;B01
201200014497;0;33;0;8;2;7;5;A01
201200014498;1;7;0;0;2;1;2;Z01
201200014498;0;7;0;0;2;4;23;B01
201200014499;0;7;0;0;2;4;2;F02
201200014499;0;7;0;0;2;4;2;E01
201200014499;0;7;0;0;2;4;1;B01
201200014499;0;7;0;0;2;4;2;C01
201200014499;0;7;0;0;2;4;2;D01
201200014499;0;7;0;0;2;1;2;A01
201200014500;0;33;0;0;2;1;3;B01
201200014500;0;7;0;0;2;2;12;A01
201200014501;0;13;0;0;2;2;1;A01
201200014501;0;1;0;0;2;3;1;B01
201200014502;0;30;0;0;0;1;8;A01
201200014502;0;7;0;0;0;7;15;B01
201200014503;0;10;0;0;2;5;20;A01
201200014503;0;32;0;0;2;5;2;B01
201200014504;0;7;0;0;2;3;1;B01
201200014504;0;7;0;0;2;2;1;A01
201200014505;0;40;0;0;9;3;8;B01
201200014505;0;1;0;0;4;3;8;A01
201200014506;0;7;0;0;0;0;13;B01
201200014506;0;31;0;0;0;0;1;A01
201200014507;0;7;0;0;1;0;4;A01
201200014508;0;7;0;0;2;3;1;A01
201200014508;0;7;0;0;2;3;1;B01
201200014509;1;99;0;0;2;0;0;Z01
201200014510;0;33;0;0;2;1;2;A01
201200014510;0;7;0;0;2;4;2;B01
201200014511;0;7;0;0;2;7;15;A01
201200014511;0;33;0;0;4;1;1;B01
201200014512;0;7;0;0;2;3;13;A01
201200014512;0;38;25;0;2;1;1;B01
201200014513;0;32;0;0;2;1;5;A01
201200014513;0;10;0;0;2;1;15;B01
201200014514;0;7;0;1;0;2;1;A01
201200014515;0;40;0;0;1;1;1;A01
201200014516;0;7;0;0;2;1;13;A01
201200014516;0;14;0;12;2;3;1;B01
201200014517;0;7;0;0;1;2;0;A01
201200014518;1;7;0;0;2;7;12;Z01
201200014518;0;7;0;0;2;8;1;B01
201200014519;0;7;0;0;2;2;15;A01
201200014519;0;7;0;0;2;3;1;B01
201200014520;0;30;0;0;2;0;1;B01
201200014520;1;7;0;0;2;0;0;Z01
201200014521;1;30;0;0;1;0;0;Z01
201200014522;0;33;0;0;2;1;1;B01
201200014522;0;7;0;0;2;3;1;A01
201200014523;0;7;0;0;2;1;12;A01
201200014523;0;7;0;12;2;1;1;B01
201200014523;0;7;0;0;2;4;0;C01
201200014523;0;7;0;0;2;0;0;D01
201200014524;1;7;0;0;1;0;1;Z01
201200014525;0;7;0;0;2;1;15;A01
201200014525;0;32;0;0;2;1;17;B01
201200014526;0;7;0;0;1;2;9;A01
201200014527;0;31;0;0;2;7;1;B01
201200014527;0;10;0;0;2;2;9;A01
201200014528;0;32;0;0;2;3;1;B01
201200014528;1;30;0;0;2;1;1;Z01
201200014529;0;34;0;0;0;8;15;A01
201200014530;0;7;0;0;1;1;1;B01
201200014531;0;34;0;0;2;1;1;B01
201200014531;0;7;0;0;2;8;2;A01
201200014532;0;31;0;0;0;8;0;A01
201200014533;0;7;0;0;1;1;1;A01
201200014534;0;33;0;0;2;1;17;A01
201200014534;0;7;0;0;2;8;15;B01
201200014535;1;7;0;0;1;0;1;A01
201200014536;0;7;0;0;2;6;1;B01
201200014536;0;7;0;0;2;3;9;A01
201200014537;0;7;0;0;2;8;1;A01
201200014537;0;7;0;0;2;2;1;B01
201200014538;1;7;0;0;0;2;15;Z01
201200014538;0;33;0;0;0;1;1;B01
201200014539;0;33;0;0;2;1;1;B01
201200014539;0;7;0;0;2;3;9;A01
201200014540;0;32;0;0;0;0;1;A01
201200014541;0;10;0;0;1;1;10;A01
201200014542;0;7;0;0;0;0;1;A01
201200014543;0;7;0;0;2;6;1;B01
201200014543;0;7;0;0;2;1;14;A01
201200014544;0;7;0;1;2;1;1;A01
201200014544;0;7;0;0;0;3;0;B01
201200014545;0;7;0;1;2;2;15;B01
201200014545;0;33;0;0;2;1;1;A01
201200014546;0;7;0;0;0;0;0;B01
201200014546;0;7;0;0;0;3;1;A01
201200014547;0;7;0;0;1;4;4;A01
201200014548;0;7;0;0;2;8;15;A01
201200014548;0;31;0;0;2;1;1;B01
201200014549;0;1;0;0;2;1;0;B01
201200014549;0;7;0;0;9;1;1;A01
201200014550;0;7;0;0;2;3;13;A01
201200014550;0;30;0;0;2;7;17;B01
201200014551;0;7;0;0;2;2;1;A01
201200014551;0;7;0;0;2;3;15;B01
201200014552;0;10;0;0;1;1;1;A01
201200014553;0;7;0;0;2;8;1;B01
201200014553;0;7;0;0;2;3;1;C01
201200014553;0;7;0;0;2;3;13;A01
201200014554;0;7;0;0;1;1;1;A01
201200014555;0;7;0;0;2;8;1;B01
201200014555;0;7;0;0;2;2;15;A01
201200014556;0;7;0;0;9;3;15;B01
201200014556;0;1;0;0;2;1;17;A01
201200014557;0;7;0;0;2;3;2;A01
201200014557;0;33;0;0;2;1;2;B01
201200014558;0;10;0;0;1;3;2;A01
201200014559;0;33;0;0;0;0;0;A01
201200014560;0;7;0;0;1;0;0;A01
201200014561;0;7;0;15;1;1;0;A01
201200014562;0;7;0;6;0;1;0;A01
201200014563;0;33;0;0;2;1;1;B01
201200014563;0;7;0;0;0;5;9;A01
201200014564;0;30;0;0;2;5;17;B01
201200014564;0;7;0;0;2;3;9;A01
201200014565;0;7;0;0;2;3;1;B01
201200014565;0;7;0;0;2;2;1;A01
201200014566;0;30;0;0;1;0;21;A01
201200014566;0;32;0;14;2;1;21;B01
201200014567;0;7;0;0;2;3;1;B01
201200014567;0;7;0;0;2;8;15;A01
201200014568;0;7;0;0;2;3;15;A01
201200014568;0;32;0;0;2;9;1;B01
201200014568;0;7;0;0;2;8;23;C01
201200014569;0;7;0;0;0;1;0;B01
201200014569;0;7;0;0;2;3;0;A01
201200014570;1;7;0;0;2;1;1;Z01
201200014570;0;7;0;0;2;0;0;B01
201200014571;0;7;0;0;1;7;1;A01
201200014572;0;7;0;0;1;3;0;A01
201200014573;0;2;0;8;0;8;0;A01
201200014574;0;7;0;0;2;2;10;A01
201200014574;0;32;0;1;2;1;2;B01
201200014575;0;30;0;0;0;0;1;B01
201200014575;1;7;0;0;9;0;11;Z01
201200014576;1;7;0;0;2;1;1;Z01
201200014576;0;7;0;0;2;4;0;B01
201200014577;1;7;0;0;2;1;1;Z01
201200014577;0;2;0;0;2;7;1;B01
201200014578;0;7;0;0;2;8;1;B01
201200014578;1;7;0;0;2;2;2;Z01
201200014579;0;33;0;0;0;0;16;A01
201200014580;0;7;0;9;0;1;2;A01
201200014581;0;7;0;0;0;4;23;B01
201200014581;0;7;0;0;0;1;2;A01
201200014582;0;33;0;0;2;8;24;A01
201200014583;0;7;0;0;2;1;1;A01
201200014583;0;37;1;0;2;8;1;B01
201200014584;0;37;0;0;1;2;1;A01
201200014585;0;2;0;0;0;1;1;A01
201200014585;0;7;0;0;0;0;1;B01
201200014586;0;32;0;0;2;1;17;A01
201200014586;0;7;0;0;2;6;15;B01
201200014587;0;30;0;0;0;3;15;A01
201200014587;0;7;0;0;2;2;1;B01
201200014588;0;7;0;0;1;1;1;A01
201200014589;0;10;0;0;2;4;23;B01
201200014589;0;7;0;0;2;1;1;A01
201200014589;0;10;0;0;2;4;23;C01
201200014590;0;2;0;0;2;1;2;B01
201200014590;0;7;0;0;0;3;1;A01
201200014591;0;7;0;0;2;4;2;C01
201200014591;0;7;0;0;2;4;2;B01
201200014591;0;7;0;0;2;2;2;A01
201200014592;0;7;0;0;0;8;11;A01
201200014592;0;2;0;0;2;1;1;B01
201200014593;0;7;0;0;2;4;1;C01
201200014593;0;7;0;0;2;3;1;B01
201200014593;0;7;0;0;2;1;1;A01
201200014594;0;30;0;0;1;1;1;A01
201200014595;0;33;0;0;2;0;21;A01
201200014595;0;7;0;0;0;0;1;B01
201200014596;0;7;0;0;2;1;2;A01
201200014596;0;7;0;0;2;4;2;B01
201200014597;0;30;0;0;2;8;0;B01
201200014597;0;34;0;0;2;1;1;A01
201200014598;0;7;0;8;0;1;0;A01
201200014599;0;2;0;8;0;1;1;A01
201200014600;1;7;0;0;2;3;0;Z01
201200014600;0;32;0;0;2;1;0;B01
201200014601;0;10;0;0;1;4;4;A01
201200014602;0;7;0;0;1;1;1;A01
201200014603;0;7;0;0;1;1;15;A01
201200014604;0;7;0;0;2;6;15;B01
201200014604;0;7;0;0;2;3;1;A01
201200014605;0;10;0;0;2;8;1;B01
201200014605;0;31;0;0;2;7;17;A01
201200014606;0;7;0;0;1;1;1;A01
201200014607;0;7;0;1;0;1;0;A01
201200014608;0;7;0;0;2;0;1;B01
201200014608;1;7;0;0;2;0;1;Z01
201200014609;0;7;0;6;0;1;0;A01
201200014610;0;32;0;0;0;0;1;A01
201200014611;0;30;0;0;2;7;1;A01
201200014611;0;7;0;0;2;1;1;B01
201200014612;0;7;0;11;0;1;2;A01
201200014613;0;99;0;12;0;0;16;A01
201200014614;1;7;0;0;1;1;1;Z01
201200014615;0;33;0;0;2;1;1;B01
201200014615;0;7;0;0;2;5;15;A01
201200014616;0;7;0;1;0;4;0;A01
201200014617;0;7;0;0;0;2;2;A01
201200014617;0;32;0;0;2;2;3;B01
201200014618;0;31;0;0;2;3;2;A01
201200014618;0;7;0;0;2;5;23;B01
201200014619;0;7;0;0;0;1;2;A01
201200014619;0;33;0;0;0;4;2;B01
201200014620;0;7;0;0;2;1;9;A01
201200014620;0;32;0;0;2;7;1;B01
201200014621;0;10;0;0;2;1;1;A01
201200014621;0;2;0;0;2;1;2;B01
201200014622;0;7;0;0;2;1;2;A01
201200014622;0;7;0;0;2;4;2;B01
201200014622;0;7;0;0;2;4;2;C01
201200014623;0;30;0;0;0;0;16;A01
201200014624;0;7;0;0;1;3;2;A01
201200014625;0;32;0;0;2;1;21;B01
201200014625;0;10;0;0;2;3;9;A01
201200014626;0;34;0;1;2;5;21;A01
201200014626;0;7;0;0;0;0;1;B01
201200014627;0;32;0;0;0;1;1;A01
201200014627;0;10;0;0;0;7;9;B01
201200014628;0;7;0;0;2;3;19;A01
201200014628;0;7;0;0;2;1;1;B01
201200014629;0;7;0;0;0;7;12;A01
201200014629;0;32;0;0;0;8;3;B01
201200014630;0;33;0;1;0;3;1;B01
201200014630;0;7;0;0;2;2;14;A01
201200014631;0;7;0;0;2;2;2;A01
201200014631;0;33;0;0;2;4;2;B01
201200014632;0;33;0;0;0;7;2;B01
201200014632;0;7;0;0;0;8;13;A01
201200014633;0;34;0;0;0;0;1;A01
201200014634;0;7;0;0;2;1;2;A01
201200014634;0;7;0;0;2;4;2;B01
201200014635;1;7;0;0;1;1;1;Z01
201200014636;0;7;0;0;1;2;1;A01
201200014637;1;10;0;0;1;1;0;Z01
201200014638;0;7;0;1;2;2;1;B01
201200014638;1;7;0;0;2;3;1;Z01
201200014639;1;7;0;0;2;0;1;Z01
201200014639;0;2;0;0;2;0;1;B01
201200014640;0;33;0;0;2;8;0;B01
201200014640;0;7;0;0;2;5;2;A01
201200014641;0;10;0;0;2;2;1;B01
201200014641;0;7;0;0;2;8;15;A01
201200014642;0;7;0;0;2;5;15;B01
201200014642;0;7;0;0;2;3;15;A01
201200014643;0;7;0;0;0;0;0;A01
201200014643;0;33;0;0;2;0;2;B01
201200014644;0;7;0;0;2;3;1;B01
201200014644;0;7;0;11;2;3;1;A01
201200014645;0;2;0;0;2;1;0;A01
201200014645;0;7;0;0;9;3;1;B01
201200014646;0;7;0;0;2;3;15;A01
201200014646;0;33;0;0;2;2;1;B01
201200014647;0;7;0;0;2;7;19;A01
201200014647;0;7;0;0;2;1;1;B01
201200014648;1;30;0;0;1;0;0;Z01
201200014649;1;7;0;0;0;0;0;Z01
201200014649;0;7;0;0;2;4;23;B01
201200014650;0;30;0;0;2;7;1;B01
201200014650;0;7;0;0;2;0;0;A01
201200014651;0;7;0;0;2;4;2;A01
201200014651;0;37;1;0;2;1;2;B01
201200014651;0;7;0;0;0;4;2;C01
201200014652;0;7;0;0;2;8;15;A01
201200014652;0;33;0;1;2;2;21;B01
201200014653;0;7;0;1;2;1;1;B01
201200014653;0;7;0;1;2;2;15;A01
201200014654;0;7;0;0;1;1;1;A01
201200014655;0;7;0;0;0;4;2;B01
201200014655;1;7;0;0;2;1;2;A01
201200014656;0;14;0;0;2;2;12;A01
201200014656;0;7;0;0;2;8;1;B01
201200014657;0;32;0;0;2;1;2;A01
201200014657;0;7;0;0;2;4;2;B01
201200014658;0;32;0;0;2;0;0;A01
201200014658;0;7;0;0;2;3;1;B01
201200014659;0;7;0;0;2;9;2;B01
201200014659;0;7;0;0;2;1;2;A01
201200014660;0;32;0;0;2;1;2;B01
201200014660;0;7;0;1;0;3;2;A01
201200014661;0;32;0;0;2;8;2;B01
201200014661;0;10;0;0;2;4;23;A01
201200014662;0;33;0;1;0;1;0;A01
201200014663;0;7;0;0;1;2;2;A01
201200014664;0;7;0;0;2;2;2;B01
201200014664;0;2;0;0;2;1;2;A01
201200014665;0;7;0;0;2;1;0;A01
201200014665;0;7;0;0;2;1;0;B01
201200014666;0;7;0;0;0;4;23;B01
201200014666;0;7;0;0;2;1;2;A01
201200014667;0;7;0;0;2;1;2;A01
201200014667;0;7;0;0;2;4;23;B01
201200014667;0;7;0;0;2;4;23;C01
201200014667;0;7;0;0;2;4;23;D01
201200014668;0;7;0;1;2;4;2;C01
201200014668;0;7;0;0;2;1;2;A01
201200014668;0;7;0;0;2;4;2;B01
201200014668;0;7;0;0;2;4;2;D01
201200014669;0;38;0;0;0;7;0;A01
201200014670;0;7;0;0;1;1;1;A01
201200014671;0;34;0;0;2;1;1;B01
201200014671;0;7;0;0;2;2;15;A01
201200014672;0;7;0;0;1;3;1;A01
201200014673;0;7;0;0;0;4;1;B01
201200014673;0;7;0;0;2;1;2;A01
201200014674;0;7;0;13;0;2;1;A01
201200014675;0;7;0;0;2;1;23;B01
201200014675;0;7;0;0;2;1;1;A01
201200014676;0;31;0;0;1;2;17;A01
201200014677;0;33;0;0;2;2;17;B01
201200014677;0;7;0;0;2;8;10;A01
201200014678;0;7;0;0;0;7;1;A01
201200014678;1;7;0;0;2;1;10;Z01
201200014679;0;7;0;0;2;4;0;B01
201200014679;1;7;0;0;2;1;2;Z01
201200014680;0;7;0;0;2;4;2;B01
201200014680;1;7;0;0;0;1;2;Z01
201200014681;1;7;0;0;2;1;2;Z01
201200014681;0;7;0;0;2;4;23;B01
201200014682;1;7;0;0;2;1;1;Z01
201200014682;0;7;0;0;2;4;1;B01
201200014683;0;7;0;0;2;2;10;A01
201200014683;0;32;0;0;2;3;1;B01
201200014684;1;7;0;0;2;1;2;Z01
201200014684;0;7;0;0;2;4;23;B01
201200014685;0;7;0;0;0;5;12;A01
201200014685;0;33;0;0;0;3;2;B01
201200014686;0;15;0;0;0;0;0;A01
201200014687;0;10;0;0;2;2;1;B01
201200014687;0;7;0;0;2;2;13;A01
201200014688;0;7;0;8;0;1;1;A01
201200014689;0;10;0;0;1;3;17;A01
201200014690;0;32;0;0;1;1;1;A01
201200014691;0;7;0;0;2;4;1;B01
201200014691;0;7;0;0;2;1;1;A01
201200014692;0;32;0;0;2;7;15;A01
201200014692;1;7;0;0;2;0;13;Z01
201200014693;0;33;0;1;2;1;0;B01
201200014693;2;7;0;0;2;3;0;A01
201200014694;0;7;0;0;1;3;0;A01
201200014695;0;7;0;0;2;3;2;B01
201200014695;0;30;0;0;2;1;21;A01
201200014696;0;7;0;0;2;3;1;A01
201200014696;0;7;0;0;2;2;1;B01
201200014697;0;33;0;0;2;1;1;B01
201200014697;2;7;0;0;2;2;15;A01
201200014698;0;33;0;0;1;1;2;A01
201200014699;0;7;0;0;0;5;0;B01
201200014699;0;1;0;0;2;5;0;A01
201200014700;0;7;0;0;2;1;2;A01
201200014700;0;7;0;0;0;4;9;B01
201200014701;0;32;0;0;2;7;2;B01
201200014701;0;7;0;0;2;3;2;A01
201200014702;0;37;1;0;2;2;2;A01
201200014703;0;7;0;0;2;0;9;A01
201200014703;0;32;0;0;2;6;18;B01
201200014704;0;15;0;0;2;1;2;A01
201200014704;0;7;0;0;0;4;2;B01
201200014704;0;7;0;0;0;4;2;C01
201200014705;0;10;0;0;0;5;15;B01
201200014705;0;30;0;0;2;1;1;A01
201200014706;0;7;0;0;2;4;2;B01
201200014706;1;7;0;0;2;1;2;Z01
201200014707;0;7;0;0;2;8;0;A01
201200014707;0;30;0;0;2;1;0;B01
201200014708;0;30;0;0;1;1;3;A01
201200014709;0;7;0;0;2;1;5;A01
201200014709;0;7;0;0;2;1;0;B01
201200014710;0;7;0;0;1;2;1;A01
201200014711;0;33;0;0;2;7;2;A01
201200014711;0;7;0;0;2;8;15;B01
201200014712;0;7;0;0;2;4;1;B01
201200014712;0;7;0;0;2;1;2;A01
201200014713;0;32;0;0;2;2;1;A01
201200014713;0;7;0;0;2;6;9;B01
201200014714;0;7;0;0;2;4;23;B01
201200014714;1;7;0;0;2;1;0;Z01
201200014715;0;7;0;0;2;2;15;A01
201200014715;0;2;0;0;2;1;1;B01
201200014716;0;10;0;0;1;1;15;A01
201200014717;0;32;0;0;2;7;17;B01
201200014717;0;7;0;0;2;8;0;A01
201200014718;0;7;0;0;2;3;1;B01
201200014718;0;7;0;0;2;5;1;A01
201200014719;0;7;0;0;0;0;2;A01
201200014720;0;7;0;0;1;1;1;A01
201200014721;0;10;0;0;2;3;15;A01
201200014721;0;32;0;0;2;7;17;B01
201200014722;0;7;0;0;2;1;16;A01
201200014722;0;2;0;0;2;7;5;B01
201200014723;0;7;0;0;0;4;2;A01
201200014723;0;7;0;0;2;1;2;B01
201200014724;0;33;0;0;0;1;1;A01
201200014725;0;7;0;0;2;3;9;C01
201200014725;0;7;0;0;2;2;2;A01
201200014725;0;7;0;0;2;6;2;B01
201200014726;0;7;0;0;2;3;13;A01
201200014726;0;33;0;0;2;1;1;B01
201200014727;0;34;0;0;0;0;2;A01
201200014727;0;34;0;0;0;0;2;B01
201200014728;0;7;0;0;2;8;15;A01
201200014728;0;2;0;0;2;0;17;B01
201200014729;0;7;0;0;0;0;15;A01
201200014729;0;31;0;0;0;0;17;B01
201200014730;0;7;0;0;1;1;1;A01
201200014731;0;7;0;0;2;3;10;A01
201200014731;0;30;0;0;2;1;17;B01
201200014732;0;7;0;0;2;4;0;B01
201200014732;0;32;0;0;2;1;2;A01
201200014733;0;7;0;0;0;4;23;A01
201200014733;0;7;0;0;2;1;2;B01
201200014734;0;7;0;0;0;3;0;A01
201200014734;1;33;0;0;0;0;0;Z01
201200014735;0;30;0;0;2;7;1;B01
201200014735;1;7;0;0;2;8;13;Z01
201200014736;0;7;0;0;1;4;4;A01
201200014737;0;32;0;0;2;1;2;A01
201200014737;0;7;0;0;2;1;2;B01
201200014738;1;30;0;8;2;7;5;Z01
201200014739;0;7;0;0;2;1;0;A01
201200014739;0;2;0;0;2;1;0;B01
201200014740;0;7;0;0;2;4;2;B01
201200014740;0;7;0;0;2;3;2;C01
201200014740;0;30;0;0;2;1;2;A01
201200014741;1;7;0;0;2;1;1;Z01
201200014741;0;7;0;0;2;4;23;B01
201200014742;1;7;0;0;2;1;0;Z01
201200014742;0;7;0;0;0;5;2;A01
201200014743;0;10;0;0;2;3;9;A01
201200014743;0;32;0;0;2;2;1;B01
201200014744;1;7;0;0;1;1;17;Z01
201200014745;0;30;0;0;2;2;1;A01
201200014745;1;7;0;0;0;0;0;Z01
201200014746;0;30;0;0;1;1;1;A01
201200014747;0;7;0;0;2;6;2;B01
201200014747;0;33;0;0;2;1;2;A01
201200014748;0;2;0;0;2;1;1;A01
201200014748;0;7;0;0;2;7;1;B01
201200014749;1;7;0;0;0;3;15;Z01
201200014749;0;2;0;0;2;1;17;B01
201200014750;1;7;0;0;2;9;1;Z01
201200014750;0;7;0;0;2;8;1;B01
201200014750;0;7;0;0;2;8;1;C01
201200014751;0;7;0;0;2;3;23;A01
201200014751;1;7;0;0;2;2;1;Z01
201200014752;0;30;0;0;2;1;0;A01
201200014752;1;7;0;0;2;0;0;Z01
201200014753;0;2;0;0;2;2;15;A01
201200014753;0;2;0;0;2;3;1;B01
201200014754;0;10;0;0;2;1;2;A01
201200014754;0;7;0;0;0;4;2;B01
201200014755;0;37;1;0;2;3;1;B01
201200014755;0;7;0;0;2;7;17;A01
201200014756;0;37;1;0;2;7;21;B01
201200014756;0;10;0;0;2;6;9;A01
201200014757;0;7;0;0;1;3;1;A01
201200014758;1;7;0;0;2;1;1;Z01
201200014758;0;7;0;0;2;4;1;A01
201200014759;0;7;0;0;9;6;15;A01
201200014759;0;33;0;0;2;1;1;B01
201200014760;0;33;0;0;2;1;1;B01
201200014760;0;10;0;0;2;8;15;A01
201200014761;0;7;0;0;1;1;0;A01
201200014762;0;7;0;0;2;2;15;A01
201200014762;0;7;0;0;2;3;1;B01
201200014763;0;34;0;0;2;7;1;B01
201200014763;0;2;0;0;2;1;1;A01
201200014764;0;33;0;0;0;7;1;A01
201200014765;0;2;0;0;0;1;7;B01
201200014765;0;7;0;0;0;5;16;A01
201200014766;0;7;0;0;2;4;2;B01
201200014766;0;7;0;0;2;4;2;C01
201200014766;0;7;0;0;2;1;2;A01
201200014767;0;7;0;0;2;2;15;A01
201200014767;0;30;0;0;2;1;1;B01
201200014768;0;7;0;0;2;3;10;A01
201200014768;0;2;0;0;2;1;1;B01
201200014769;0;32;0;0;0;0;1;A01
201200014770;0;33;0;0;1;1;1;A01
201200014771;1;99;0;0;1;0;0;Z01
201200014772;0;7;0;0;2;1;1;A01