num_acc;senc;catv;occutc;obs;obsm;choc;manv;num_veh
201200014772;0;7;0;0;2;8;1;B01
201200014773;0;33;0;0;0;1;1;A01
201200014773;0;34;0;0;0;4;12;B01
201200014774;0;34;0;0;2;1;1;B01
201200014774;0;7;0;0;2;1;10;A01
201200014775;0;7;0;11;2;2;0;A01
201200014775;0;32;0;0;2;1;16;B01
201200014776;0;2;0;0;2;2;17;A01
201200014776;0;7;0;0;9;3;13;B01
201200014777;2;7;0;0;4;7;2;A01
201200014777;0;40;0;0;2;1;0;B01
201200014778;0;33;0;0;2;1;0;B01
201200014778;0;7;0;0;2;2;0;A01
201200014779;0;7;0;0;0;7;15;A01
201200014779;0;33;0;0;0;1;9;B01
201200014780;0;7;0;0;0;3;10;A01
201200014780;0;30;0;0;2;1;1;B01
201200014781;0;7;0;0;2;3;11;B01
201200014781;0;33;0;0;2;1;1;A01
201200014782;0;30;0;0;2;1;2;B01
201200014782;0;7;0;0;0;5;1;A01
201200014783;0;7;0;0;1;7;16;A01
201200014784;0;7;0;0;0;4;2;C01
201200014784;0;7;0;0;2;4;2;A01
201200014784;0;7;0;0;2;4;2;B01
201200014785;0;32;0;0;4;7;16;A01
201200014785;0;40;0;0;2;3;1;B01
201200014786;0;33;0;0;2;3;0;B01
201200014786;0;7;0;0;0;0;0;A01
201200014787;0;7;0;0;2;2;2;B01
201200014787;0;30;0;0;2;1;2;A01
201200014788;0;7;0;0;2;3;0;A01
201200014788;0;10;0;0;2;3;3;B01
201200014789;0;7;0;0;1;1;1;A01
201200014790;0;30;0;0;2;1;2;A01
201200014790;0;7;0;0;2;6;2;B01
201200014791;0;7;0;1;2;1;2;A01
201200014791;0;7;0;0;2;2;2;B01
201200014792;0;7;0;0;1;1;15;A01
201200014793;0;30;0;0;0;0;1;A01
201200014794;0;7;0;0;1;8;1;A01
201200014795;0;7;0;0;2;5;20;A01
201200014795;0;32;0;0;2;1;21;B01
201200014796;0;7;0;15;0;2;21;A01
201200014796;0;7;0;0;0;0;16;B01
201200014797;0;7;0;0;2;6;10;B01
201200014797;0;32;0;0;2;7;17;A01
201200014798;0;3;0;0;0;1;2;A01
201200014798;0;7;0;0;0;4;0;B01
201200014799;1;7;0;0;1;0;1;Z01
201200014800;1;7;0;0;1;1;16;Z01
201200014801;0;33;0;0;2;4;0;A01
201200014801;1;7;0;0;2;1;1;Z01
201200014802;0;30;0;0;0;0;0;B01
201200014802;0;7;0;0;0;0;0;A01
201200014803;0;7;0;0;1;3;1;A01
201200014804;0;2;0;0;5;2;0;A01
201200014805;0;32;0;0;0;7;2;A01
201200014805;0;13;0;0;0;8;2;B01
201200014806;0;7;0;0;2;3;0;A01
201200014806;0;7;0;1;0;2;17;B01
201200014807;0;7;0;0;1;1;1;A01
201200014808;0;7;0;0;2;8;1;B01
201200014808;0;10;0;0;2;3;15;A01
201200014809;0;32;0;0;0;0;21;B01
201200014810;0;10;0;0;0;2;16;B01
201200014810;0;32;0;0;2;1;16;A01
201200014811;0;7;0;0;1;1;9;A01
201200014812;1;7;0;0;2;1;15;Z01
201200014812;0;30;0;0;2;1;2;B01
201200014813;0;7;0;0;2;2;15;A01
201200014813;0;32;0;0;2;1;1;B01
201200014814;2;7;0;0;2;0;0;Z01
201200014814;0;37;1;0;2;5;0;C01
201200014814;0;37;1;0;2;3;0;B01
201200014814;0;34;0;0;2;3;1;A01
201200014815;0;38;1;0;1;2;1;A01
201200014816;2;7;0;0;2;3;17;A01
201200014816;0;7;0;0;2;3;1;B01
201200014817;1;7;0;0;1;7;1;Z01
201200014818;0;33;0;0;1;1;1;A01
201200014819;1;99;0;0;1;0;0;A01
201200014820;0;30;0;0;2;1;1;B01
201200014820;0;7;0;0;2;2;15;A01
201200014821;0;30;0;0;2;1;1;B01
201200014821;0;7;0;0;2;3;9;A01
201200014822;0;7;0;8;0;1;0;A01
201200014823;0;2;0;0;1;1;1;A01
201200014824;0;7;0;0;2;6;1;B01
201200014824;0;7;0;0;2;1;11;A01
201200014824;0;7;0;0;2;3;1;D01
201200014824;0;7;0;0;2;1;1;C01
201200014825;0;7;0;0;2;5;15;B01
201200014825;0;30;0;0;2;1;1;A01
201200014826;1;7;0;0;1;0;0;Z01
201200014827;1;7;0;0;1;0;1;Z01
201200014828;0;7;0;6;2;3;6;A01
201200014828;0;7;0;0;0;0;15;B01
201200014829;0;7;0;0;2;1;1;A01
201200014829;0;7;0;0;0;4;1;C01
201200014829;0;7;0;0;2;9;1;B01
201200014830;0;7;0;0;1;1;1;A01
201200014831;1;33;0;0;2;2;2;A01
201200014831;1;7;0;0;2;3;11;Z01
201200014832;0;31;0;0;2;1;17;B01
201200014832;0;7;0;0;2;1;15;A01
201200014833;0;7;0;0;2;1;1;B01
201200014833;0;7;0;0;2;1;15;A01
201200014834;1;33;0;0;2;0;2;Z01
201200014834;0;7;0;0;2;3;2;B01
201200014834;0;33;0;14;0;1;2;C01
201200014835;0;32;0;0;2;8;2;B01
201200014835;0;7;0;0;2;1;13;A01
201200014836;0;7;0;0;1;1;1;A01
201200014837;0;7;0;0;2;1;1;B01
201200014837;0;7;0;0;2;8;9;A01
201200014838;0;37;1;0;1;5;15;A01
201200014839;0;32;0;0;2;3;19;A01
201200014839;0;7;0;0;2;2;1;B01
201200014839;0;10;0;0;2;8;1;C01
201200014840;0;7;0;0;1;6;4;A01
201200014841;0;7;0;0;2;2;1;B01
201200014841;0;7;0;0;2;3;15;A01
201200014842;0;7;0;0;0;3;21;A01
201200014842;0;32;0;0;2;1;1;B01
201200014843;0;10;0;11;2;1;21;A01
201200014843;0;10;0;0;2;0;0;B01
201200014844;0;32;0;0;2;4;2;B01
201200014844;0;7;0;0;2;1;2;A01
201200014845;0;7;0;0;2;2;15;A01
201200014845;0;34;0;0;2;1;1;B01
201200014846;0;7;0;0;2;6;1;B01
201200014846;1;7;0;0;2;2;1;Z01
201200014847;0;10;0;0;1;1;0;A01
201200014848;0;7;0;0;2;4;23;B01
201200014848;1;7;0;0;2;1;1;Z01
201200014849;1;7;0;0;2;1;2;Z01
201200014849;0;7;0;0;2;4;23;B01
201200014850;0;30;0;0;2;7;1;A01
201200014850;1;7;0;0;0;0;1;Z01
201200014851;0;7;0;0;2;2;20;A01
201200014851;0;30;0;0;2;3;1;B01
201200014852;0;34;0;0;1;1;0;A01
201200014853;0;30;0;0;1;2;1;A01
201200014854;0;37;37;1;0;5;21;A01
201200014854;0;14;0;0;2;5;23;B01
201200014855;0;7;0;0;2;0;2;A01
201200014855;0;32;0;0;2;7;21;B01
201200014856;0;2;0;0;2;1;1;A01
201200014856;0;7;0;0;2;8;15;B01
201200014857;0;7;0;0;2;4;23;B01
201200014857;1;7;0;0;2;1;1;Z01
201200014858;0;3;0;0;2;4;2;B01
201200014858;0;7;0;0;0;0;0;C01
201200014858;0;7;0;0;2;1;2;A01
201200014859;0;33;0;0;2;1;13;A01
201200014859;0;7;0;0;2;3;0;B01
201200014860;0;7;0;0;0;9;1;A01
201200014861;0;7;0;4;0;8;11;A01
201200014862;0;7;0;0;1;3;0;A01
201200014863;0;7;0;0;0;0;12;A01
201200014863;0;30;0;0;0;8;2;B01
201200014864;0;7;0;0;2;1;2;A01
201200014864;0;7;0;0;2;4;23;B01
201200014865;0;7;0;1;0;9;14;A01
201200014865;0;7;0;0;2;6;0;B01
201200014866;0;7;0;0;2;1;2;A01
201200014866;0;7;0;0;0;4;2;B01
201200014867;0;15;0;0;2;6;1;B01
201200014867;0;7;0;8;2;7;12;A01
201200014868;0;7;0;0;2;1;1;A01
201200014868;0;7;0;0;2;4;1;B01
201200014869;0;34;0;8;0;1;0;A01
201200014870;0;32;0;0;9;0;1;A01
201200014871;1;7;0;0;1;1;0;Z01
201200014872;0;33;0;0;0;0;17;A01
201200014873;0;34;0;0;1;0;0;A01
201200014874;0;7;0;0;2;2;1;B01
201200014874;0;33;0;0;2;3;18;A01
201200014875;0;7;0;0;2;3;1;B01
201200014875;0;34;0;0;2;1;1;A01
201200014876;0;7;0;0;2;3;1;D01
201200014876;0;10;0;0;2;1;0;E01
201200014876;0;7;0;0;2;3;2;A01
201200014876;0;7;0;15;2;7;0;C01
201200014876;0;7;0;0;2;7;2;B01
201200014877;0;7;0;0;2;1;5;A01
201200014877;0;7;0;0;2;2;1;B01
201200014878;0;32;0;0;6;1;1;A01
201200014879;0;7;0;0;2;3;15;A01
201200014879;0;2;0;0;2;1;17;B01
201200014880;0;7;0;0;1;4;4;A01
201200014881;0;7;0;0;2;3;5;A01
201200014881;0;7;0;1;2;3;1;B01
201200014882;0;33;0;0;2;1;2;A01
201200014882;0;7;0;0;2;3;9;B01
201200014883;0;7;0;6;0;3;1;A01
201200014884;0;7;0;0;2;1;15;B01
201200014884;1;32;0;0;2;1;9;Z01
201200014885;0;7;0;0;2;2;9;A01
201200014885;0;7;0;0;2;6;1;B01
201200014886;0;34;0;0;0;0;0;B01
201200014886;0;7;0;0;0;1;0;A01
201200014887;0;7;0;0;0;3;1;B01
201200014887;0;30;0;0;2;1;13;A01
201200014888;0;7;0;0;2;1;1;A01
201200014888;0;7;0;1;2;6;1;B01
201200014888;0;7;0;0;2;5;0;C01
201200014889;0;7;0;0;1;3;1;A01
201200014890;0;33;0;0;2;1;21;B01
201200014890;0;30;0;0;2;1;21;A01
201200014891;0;10;0;0;2;4;24;D01
201200014891;0;31;0;1;0;1;1;B01
201200014891;0;7;0;0;2;0;15;A01
201200014892;0;7;0;0;2;1;15;A01
201200014892;0;33;0;0;2;1;23;B01
201200014893;0;7;0;0;2;6;1;A01
201200014893;0;33;0;0;2;4;1;B01
201200014894;1;7;0;0;0;1;0;Z01
201200014894;0;30;0;0;0;8;0;A01
201200014895;0;7;0;0;1;2;1;A01
201200014896;0;7;0;0;2;7;16;A01
201200014896;0;99;0;0;2;2;2;B01
201200014897;0;7;0;0;1;2;1;A01
201200014898;0;7;0;0;1;0;1;A01
201200014899;0;7;0;0;2;1;2;A01
201200014899;0;7;0;0;2;4;2;B01
201200014900;0;7;0;0;1;1;1;A01
201200014901;0;34;0;0;2;7;1;A01
201200014901;0;7;0;0;2;3;1;B01
201200014902;0;7;0;1;1;7;1;A01
201200014902;0;7;0;0;2;8;24;B01
201200014903;0;32;0;0;0;7;0;A01
201200014904;0;7;0;0;2;3;15;B01
201200014904;0;31;0;0;2;2;17;A01
201200014905;0;30;0;0;0;7;1;A01
201200014906;0;7;0;0;2;1;13;A01
201200014906;0;7;0;0;2;1;1;B01
201200014906;0;7;0;0;2;1;1;C01
201200014907;0;34;0;0;1;7;0;A01
201200014908;0;1;0;0;2;8;1;B01
201200014908;0;7;0;0;9;7;14;A01
201200014909;0;30;0;0;0;1;1;A01
201200014910;0;7;0;0;2;2;1;A01
201200014910;0;30;0;0;2;1;1;B01
201200014911;0;32;0;0;2;3;0;A01
201200014911;0;7;0;0;2;3;1;B01
201200014912;0;7;0;0;2;1;9;B01
201200014912;0;2;0;0;2;1;5;A01
201200014913;0;7;0;0;2;2;2;A01
201200014913;0;30;0;0;2;8;2;B01
201200014914;0;7;0;0;2;4;1;B01
201200014914;1;7;0;0;2;1;2;Z01
201200014915;0;30;0;0;2;4;1;B01
201200014915;1;7;0;0;2;1;1;Z01
201200014916;1;7;0;0;1;7;0;Z01
201200014917;0;32;0;0;2;1;1;A01
201200014917;0;7;0;0;2;3;15;B01
201200014918;0;10;0;0;2;3;0;B01
201200014918;0;10;0;0;2;1;1;A01
201200014919;1;32;0;0;0;0;0;Z01
201200014920;0;7;0;0;2;3;15;A01
201200014920;0;7;0;0;2;2;1;B01
201200014921;0;7;0;0;2;2;10;A01
201200014921;0;31;0;0;2;3;1;B01
201200014922;0;30;0;0;2;0;2;B01
201200014922;1;10;0;0;0;0;0;Z01
201200014923;0;1;0;0;2;1;5;A01
201200014923;0;7;0;0;2;2;2;B01
201200014924;1;30;0;0;1;0;1;Z01
201200014925;0;7;0;1;0;1;2;C01
201200014925;0;7;0;1;2;4;2;B01
201200014926;1;7;0;0;2;1;2;Z01
201200014926;0;34;0;0;2;4;2;B01
201200014927;0;1;0;0;2;0;1;B01
201200014927;1;7;0;0;2;1;1;Z01
201200014928;0;2;0;0;2;1;17;A01
201200014928;0;7;0;0;0;3;15;B01
201200014929;0;1;0;0;2;4;2;B01
201200014929;1;7;0;0;2;1;2;Z01
201200014930;0;7;0;0;2;3;21;A01
201200014930;0;7;0;0;2;2;15;B01
201200014931;0;1;0;0;2;1;1;B01
201200014931;1;7;0;0;2;7;15;Z01
201200014932;0;7;0;0;2;8;2;A01
201200014932;0;30;0;0;2;2;2;B01
201200014933;0;7;0;0;2;4;23;B01
201200014933;1;7;0;0;2;1;2;Z01
201200014934;1;7;0;0;2;1;1;Z01
201200014934;0;33;0;0;2;9;1;B01
201200014935;1;7;0;0;1;4;4;Z01
201200014936;0;30;0;0;2;8;11;B01
201200014936;1;7;0;0;2;7;17;Z01
201200014937;0;30;0;0;2;7;17;B01
201200014937;1;7;0;0;2;8;11;Z01
201200014938;1;7;0;0;1;1;1;Z01
201200014939;0;7;0;16;2;3;11;A01
201200014939;0;7;0;0;2;2;13;B01
201200014940;0;7;0;15;2;8;15;A01
201200014940;0;7;0;0;2;3;1;B01
201200014941;0;10;0;0;2;1;2;A01
201200014941;0;10;0;0;2;4;2;C01
201200014941;0;10;0;0;2;2;2;B01
201200014942;0;7;0;0;2;3;2;B01
201200014942;0;30;0;0;2;1;2;A01
201200014943;0;7;0;0;2;3;15;A01
201200014943;0;7;0;0;2;3;15;B01
201200014944;0;7;0;0;2;3;15;A01
201200014944;0;30;0;0;2;1;3;B01
201200014945;0;1;0;0;2;1;1;B01
201200014945;0;10;0;0;2;2;1;A01
201200014946;0;7;0;0;0;1;2;A01
201200014946;0;7;0;0;0;4;2;B01
201200014947;0;37;1;0;2;8;23;C01
201200014947;0;7;0;0;2;0;15;A01
201200014947;0;33;0;0;2;0;2;B01
201200014948;0;30;0;0;2;1;1;A01
201200014948;0;7;0;0;0;5;16;B01
201200014949;0;7;0;0;2;3;2;A01
201200014949;0;34;0;0;2;4;2;B01
201200014950;1;7;0;0;2;1;1;Z01
201200014950;0;7;0;0;2;4;23;B01
201200014951;0;30;0;0;2;7;17;A01
201200014951;0;7;0;0;2;1;9;B01
201200014952;1;7;0;0;0;0;0;Z01
201200014953;0;30;0;1;0;7;1;A01
201200014954;0;30;0;0;2;8;0;B01
201200014954;1;7;0;0;2;0;0;Z01
201200014955;0;38;0;0;1;7;1;A01
201200014956;0;7;0;0;2;1;2;A01
201200014956;0;7;0;0;2;4;2;B01
201200014957;0;30;0;0;2;1;1;A01
201200014957;0;7;0;0;2;3;15;B01
201200014958;0;7;0;0;0;4;1;C01
201200014958;0;7;0;0;2;1;1;A01
201200014958;0;7;0;0;2;9;1;B01
201200014959;0;7;0;0;0;0;0;A01
201200014959;0;1;0;1;0;1;0;B01
201200014960;0;2;0;0;2;1;2;A01
201200014960;0;2;0;0;2;4;2;B01
201200014961;0;7;0;0;1;1;1;A01
201200014962;0;7;0;0;2;3;13;A01
201200014962;0;34;0;0;2;7;17;B01
201200014963;0;7;0;0;2;0;1;B01
201200014963;1;7;0;0;2;1;1;Z01
201200014964;0;7;0;0;2;2;1;A01
201200014964;0;7;0;0;2;3;1;B01
201200014965;0;33;0;0;2;1;2;B01
201200014965;0;7;0;0;2;1;15;A01
201200014966;0;33;0;0;2;1;2;A01
201200014966;0;7;0;0;2;4;2;B01
201200014967;0;7;0;0;2;1;23;B01
201200014967;0;7;0;0;2;1;2;A01
201200014967;0;7;0;0;2;8;24;D01
201200014967;0;33;0;1;0;4;23;C01
201200014968;0;31;0;14;0;7;1;A01
201200014969;0;99;0;0;2;3;0;A01
201200014969;0;7;0;0;2;8;0;B01
201200014970;0;37;20;0;1;7;1;A01
201200014971;0;7;0;0;2;1;5;A01
201200014971;0;34;0;0;2;1;1;B01
201200014972;0;32;0;0;2;8;1;A01
201200014972;0;7;0;0;2;7;1;B01
201200014973;0;7;0;0;2;2;2;A01
201200014973;0;7;0;0;2;6;2;B01
201200014974;0;34;0;0;2;1;1;B01
201200014974;0;7;0;0;0;2;15;A01
201200014975;0;7;0;0;2;5;1;C01
201200014975;0;7;0;0;2;1;2;A01
201200014975;0;7;0;0;2;9;2;B01
201200014976;0;13;0;0;0;1;11;A01
201200014976;0;33;0;0;0;3;1;B01
201200014977;0;7;0;0;2;4;2;A01
201200014977;0;7;0;0;2;3;2;B01
201200014978;0;32;0;0;0;0;1;A01
201200014978;1;7;0;0;0;0;15;Z01
201200014979;0;7;0;0;2;1;2;A01
201200014979;0;7;0;0;2;4;2;B01
201200014980;0;34;0;0;2;1;2;A01
201200014980;0;7;0;0;0;5;2;B01
201200014981;0;7;0;0;2;4;1;B01
201200014981;1;7;0;0;2;1;1;Z01
201200014982;0;31;0;1;0;0;1;B01
201200014982;0;10;0;0;2;3;24;A01
201200014983;0;30;0;0;2;1;17;A01
201200014983;0;7;0;0;2;1;9;B01
201200014984;0;31;0;0;2;2;1;A01
201200014984;0;32;0;0;2;2;15;B01
201200014985;0;7;0;0;2;2;1;A01
201200014985;0;30;0;0;2;1;15;B01
201200014986;0;32;0;1;2;3;14;B01
201200014986;0;7;0;0;2;2;14;A01
201200014987;0;2;0;0;2;3;1;A01
201200014987;0;7;0;0;2;1;1;B01
201200014988;0;2;0;0;2;1;1;A01
201200014988;1;7;0;0;2;1;5;Z01
201200014989;0;7;0;0;2;4;1;B01
201200014989;0;14;0;0;2;1;1;A01
201200014990;1;7;0;0;1;1;1;Z01
201200014991;0;30;0;0;0;8;16;A01
201200014992;0;30;0;1;0;8;16;A01
201200014992;0;7;0;0;2;8;24;B01
201200014993;0;7;0;0;2;8;1;B01
201200014993;0;7;0;0;2;1;1;A01
201200014994;0;7;0;8;0;2;0;A01
201200014995;0;7;0;1;1;3;2;A01
201200014996;0;33;0;0;0;0;0;B01
201200014996;1;7;0;0;0;0;0;Z01
201200014997;0;10;0;0;1;2;2;A01
201200014998;0;7;0;0;1;1;0;A01
201200014998;0;10;0;1;2;0;0;B01
201200014998;0;7;0;0;2;7;1;C01
201200014999;0;30;0;0;2;1;1;A01
201200014999;0;7;0;0;2;3;15;B01
201200015000;0;7;0;0;2;1;1;A01
201200015000;0;7;0;0;2;4;1;B01
201200015001;1;7;0;0;2;7;16;Z01
201200015001;0;2;0;9;2;8;1;A01
201200015002;0;33;0;0;2;7;1;B01
201200015002;0;7;0;0;2;1;10;A01
201200015003;0;31;0;0;2;8;23;B01
201200015003;0;7;0;0;2;7;2;A01
201200015004;0;31;0;0;2;3;1;B01
201200015004;0;7;0;0;2;2;1;A01
201200015005;0;7;0;0;1;2;15;A01
201200015006;0;7;0;0;1;2;0;A01
201200015007;0;2;0;0;2;1;8;A01
201200015007;0;7;0;0;0;3;15;B01
201200015008;0;34;0;0;1;1;2;A01
201200015009;0;31;0;1;2;3;18;A01
201200015009;0;7;0;0;2;2;16;B01
201200015010;0;7;0;0;2;3;15;B01
201200015010;0;37;1;0;2;7;1;A01
201200015011;0;7;0;0;2;7;21;B01
201200015011;0;7;0;0;2;3;0;A01
201200015012;0;10;0;0;0;3;9;A01
201200015012;0;7;0;0;0;1;1;B01
201200015013;0;7;0;0;2;5;2;A01
201200015013;0;33;0;0;2;1;2;B01
201200015014;0;13;0;0;1;2;23;B01
201200015014;0;34;0;0;1;1;2;A01
201200015015;1;7;0;0;2;1;19;Z01
201200015015;0;7;0;1;2;9;2;A01
201200015016;0;32;0;0;2;8;2;B01
201200015016;0;7;0;0;2;7;15;A01
201200015017;0;7;0;3;0;3;0;A01
201200015018;0;7;0;0;1;1;0;A01
201200015019;0;7;0;0;2;1;1;B01
201200015019;0;7;0;0;2;2;15;A01
201200015020;0;7;0;0;2;2;0;A01
201200015020;0;33;0;0;2;7;0;B01
201200015021;0;33;0;0;2;1;2;A01
201200015021;0;7;0;0;2;6;2;B01
201200015022;0;7;0;0;2;5;9;A01
201200015022;2;7;0;0;2;1;1;Z01
201200015023;0;7;0;0;2;8;2;A01
201200015023;0;32;0;0;2;1;2;B01
201200015024;0;7;0;1;0;1;2;A01
201200015025;0;7;0;0;1;1;17;A01
201200015026;2;7;0;0;2;1;5;A01
201200015026;0;7;0;0;2;1;2;B01
201200015027;0;32;0;0;0;7;1;B01
201200015027;0;7;0;0;0;3;9;A01
201200015028;0;31;0;0;1;1;1;A01
201200015029;0;2;0;0;0;0;0;A01
201200015030;0;7;0;0;2;3;10;A01
201200015030;0;33;0;0;2;1;11;B01
201200015031;0;7;0;0;2;1;1;A01
201200015031;0;30;0;0;0;8;15;B01
201200015032;0;30;0;0;2;1;1;B01
201200015032;0;7;0;0;2;3;9;A01
201200015033;0;7;0;0;2;4;23;B01
201200015033;0;7;0;0;2;1;2;A01
201200015034;0;33;0;0;2;1;1;B01
201200015034;0;7;0;0;2;3;15;A01
201200015035;0;7;0;0;0;0;1;B01
201200015035;0;31;0;0;0;0;1;A01
201200015036;0;7;0;0;2;8;2;B01
201200015036;0;10;0;0;2;1;2;A01
201200015037;0;7;0;0;0;1;0;A01
201200015037;0;32;0;0;2;4;0;B01
201200015038;0;33;0;0;2;7;16;B01
201200015038;0;33;0;0;2;1;2;A01
201200015039;0;33;0;0;0;3;0;B01
201200015039;0;7;0;0;2;2;12;A01
201200015040;0;7;0;0;2;1;1;B01
201200015040;0;7;0;0;2;3;20;A01
201200015041;0;31;0;0;2;0;0;B01
201200015041;0;7;0;0;2;1;9;A01
201200015042;0;2;0;0;2;4;1;B01
201200015042;0;10;0;0;2;1;1;A01
201200015043;0;13;0;0;2;0;21;A01
201200015043;0;7;0;0;2;2;1;B01
201200015044;0;33;0;0;2;8;2;B01
201200015044;0;32;0;0;2;1;2;A01
201200015045;1;7;0;0;1;0;0;Z01
201200015046;0;7;0;0;2;2;1;A01
201200015046;0;37;7;0;2;1;1;B01
201200015047;0;30;0;0;2;1;15;A01
201200015047;0;7;0;0;2;2;1;B01
201200015048;0;32;0;0;2;7;12;A01
201200015048;0;7;0;0;2;8;23;B01
201200015049;0;7;0;1;0;5;0;A01
201200015050;0;32;0;0;0;8;1;A01
201200015051;0;30;0;0;2;1;9;A01
201200015051;0;15;0;0;0;4;2;B01
201200015052;0;30;0;0;2;1;1;B01
201200015052;1;7;0;0;2;1;5;Z01
201200015053;0;33;0;0;2;7;1;B01
201200015053;0;7;0;0;2;1;9;A01
201200015054;0;30;0;0;2;7;15;A01
201200015054;0;7;0;0;2;2;1;B01
201200015055;0;7;0;1;0;1;1;A01
201200015056;0;7;0;0;1;1;2;A01
201200015057;0;32;0;0;2;1;1;A01
201200015057;0;7;0;0;2;1;15;B01
201200015058;0;2;0;0;2;1;13;A01
201200015058;0;7;0;0;2;1;1;B01
201200015059;0;7;0;0;2;3;0;A01
201200015059;0;32;0;0;2;2;0;B01
201200015060;0;7;0;0;2;2;16;A01
201200015061;0;7;0;0;2;1;9;A01
201200015061;0;37;1;0;2;2;1;B01
201200015062;0;13;0;0;0;7;0;A01
201200015062;0;7;0;0;0;8;0;B01
201200015063;0;32;0;0;2;4;0;B01
201200015063;0;7;0;0;2;1;0;A01
201200015064;0;7;0;12;0;2;1;A01
201200015065;0;30;0;0;0;8;0;A01
201200015066;0;34;0;0;2;8;18;B01
201200015066;0;7;0;0;2;2;16;A01
201200015067;0;31;0;0;2;1;1;B01
201200015067;1;7;0;0;2;1;5;Z01
201200015068;0;7;0;1;2;4;23;B01
201200015068;1;7;0;0;2;1;1;Z01
201200015069;0;7;0;0;1;2;14;A01
201200015070;0;31;0;0;0;2;1;B01
201200015070;1;7;0;0;0;0;4;Z01
201200015071;0;20;0;0;1;3;10;A01
201200015072;0;7;0;0;2;3;15;A01
201200015072;0;32;0;0;2;1;1;B01
201200015073;0;7;0;0;2;1;2;A01
201200015073;0;7;0;0;2;4;23;B01
201200015074;0;37;3;0;1;7;1;A01
201200015075;0;7;0;0;2;2;15;A01
201200015075;0;33;0;0;2;1;1;B01
201200015076;0;7;0;0;2;1;1;A01
201200015076;0;7;0;0;2;4;1;B01
201200015077;0;33;0;0;2;2;1;A01
201200015077;0;7;0;0;2;6;1;B01
201200015078;0;32;0;0;2;4;2;A01
201200015078;1;7;0;0;2;1;2;Z01
201200015079;1;7;0;0;2;5;15;Z01
201200015079;0;37;4;0;2;1;1;B01
201200015080;0;7;0;0;2;2;16;A01
201200015080;0;32;0;0;0;7;16;B01
201200015081;0;31;0;0;2;2;3;A01
201200015081;0;7;0;0;2;2;3;B01
201200015082;0;7;0;1;0;2;1;B01
201200015082;0;7;0;8;2;1;1;A01
201200015083;0;1;0;0;2;1;1;B01
201200015083;0;7;0;0;2;3;16;A01
201200015084;0;34;0;0;2;7;0;B01
201200015084;0;7;0;0;2;7;4;A01
201200015085;0;7;0;0;1;0;0;A01
201200015086;1;7;0;0;1;3;20;Z01
201200015087;0;7;0;0;1;2;1;A01
201200015088;0;1;0;1;0;1;1;A01
201200015088;0;7;0;0;0;8;22;B01
201200015089;0;7;0;12;0;3;1;A01
201200015090;0;31;0;1;0;1;13;A01
201200015091;0;30;0;0;2;1;1;B01
201200015091;0;7;0;0;2;3;15;A01
201200015092;0;2;0;0;0;0;1;A01
201200015093;0;7;0;0;1;1;0;A01
201200015094;0;33;0;0;2;1;1;B01
201200015094;0;7;0;0;2;3;1;C01
201200015094;0;33;0;0;2;1;1;A01
201200015095;0;30;0;0;1;1;1;A01
201200015096;0;2;0;0;2;2;17;A01
201200015096;0;7;0;0;2;3;15;B01
201200015097;0;7;0;0;2;5;1;B01
201200015097;0;7;0;0;2;1;0;A01
201200015098;1;7;0;0;2;8;13;Z01
201200015098;0;7;0;0;2;8;24;B01
201200015099;0;20;0;0;2;4;23;B01
201200015099;1;7;0;0;2;1;2;Z01
201200015100;0;7;0;0;1;2;0;A01
201200015101;0;33;0;0;2;1;1;A01
201200015101;0;7;0;0;2;3;15;B01
201200015102;0;31;0;0;9;1;9;A01
201200015103;0;32;0;1;2;1;5;A01
201200015103;0;7;0;0;2;1;0;C01
201200015104;1;7;0;0;2;1;2;A01
201200015104;0;30;0;0;0;4;0;B01
201200015105;0;2;0;0;2;1;2;A01
201200015105;0;31;0;0;0;4;23;B01
201200015106;0;7;0;0;2;3;0;B01
201200015106;0;30;0;0;2;1;0;A01
201200015107;0;7;0;0;2;1;1;A01
201200015107;0;32;0;0;2;4;23;B01
201200015108;0;7;0;0;2;1;1;A01
201200015108;0;7;0;0;0;4;1;C01
201200015108;0;7;0;0;2;1;1;B01
201200015109;0;15;0;0;2;8;15;A01
201200015109;0;7;0;0;2;7;15;B01
201200015110;0;20;0;0;0;9;16;A01
201200015111;0;7;0;0;0;2;15;A01
201200015111;0;31;0;0;2;1;0;B01
201200015112;0;34;0;4;9;8;12;A01
201200015113;0;2;0;0;2;1;2;A01
201200015113;0;7;0;0;0;4;2;B01
201200015114;0;7;0;0;2;2;15;A01
201200015114;0;30;0;0;2;1;1;B01
201200015115;0;33;0;0;2;1;11;B01
201200015115;0;10;0;0;2;7;0;C01
201200015115;0;7;0;0;2;8;3;A01
201200015116;0;7;0;0;2;1;2;A01
201200015116;0;7;0;0;2;4;2;B01
201200015117;0;7;0;0;2;8;9;B01
201200015117;0;31;0;0;2;1;1;A01
201200015118;0;10;0;0;2;1;1;A01
201200015118;0;7;0;0;2;5;1;B01
201200015119;0;7;0;0;0;4;0;A01
201200015119;1;7;0;0;0;1;2;Z01
201200015120;0;30;0;0;2;1;2;A01
201200015120;1;7;0;0;2;4;14;Z01
201200015121;0;2;0;0;2;1;1;B01
201200015121;0;7;0;0;2;3;1;A01
201200015122;0;7;0;0;1;6;20;A01
201200015123;0;7;0;15;0;1;2;A01
201200015124;1;7;0;0;1;1;0;Z01
201200015125;0;7;0;0;2;3;9;A01