num_acc;senc;catv;occutc;obs;obsm;choc;manv;num_veh
201200015477;0;7;0;0;0;3;0;B01
201200015478;0;7;0;0;0;6;2;B01
201200015478;0;33;0;0;2;1;1;A01
201200015479;0;7;0;0;2;1;0;A01
201200015479;0;7;0;3;0;7;0;B01
201200015480;0;7;0;0;1;1;15;A01
201200015481;0;7;0;13;0;1;1;A01
201200015482;0;7;0;0;0;1;1;A01
201200015482;0;7;0;0;2;4;1;B01
201200015483;0;7;0;0;2;1;2;A01
201200015483;0;7;0;0;2;4;2;B01
201200015483;0;7;0;0;0;4;2;C01
201200015484;0;7;0;0;2;1;1;A01
201200015484;0;7;0;0;2;4;1;B01
201200015485;0;7;0;0;2;1;0;A01
201200015485;0;7;0;0;0;4;0;B01
201200015486;0;7;0;0;2;1;15;A01
201200015486;0;33;0;0;2;4;23;B01
201200015487;0;7;0;0;2;9;2;B01
201200015487;0;7;0;0;2;1;2;A01
201200015487;0;7;0;0;2;4;2;D01
201200015487;0;7;0;0;2;9;2;C01
201200015488;0;33;0;0;1;1;1;A01
201200015489;0;7;0;0;2;7;19;A01
201200015489;0;34;0;0;2;2;1;B01
201200015490;0;31;0;0;2;1;1;A01
201200015490;0;7;0;0;2;4;1;B01
201200015491;0;7;0;0;0;6;24;B01
201200015491;0;7;0;0;0;3;2;A01
201200015492;0;7;0;0;1;1;0;A01
201200015493;0;7;0;0;1;2;1;A01
201200015494;0;34;0;0;0;7;0;A01
201200015495;0;7;0;0;1;7;1;A01
201200015496;0;10;0;0;2;0;12;A01
201200015496;0;32;0;0;2;0;1;B01
201200015497;0;31;0;0;2;1;1;A01
201200015497;0;7;0;0;2;8;15;B01
201200015498;0;7;0;0;2;1;15;A01
201200015498;0;32;0;0;2;1;1;B01
201200015499;0;1;0;0;2;8;5;A01
201200015499;0;7;0;0;9;1;1;B01
201200015500;0;7;0;0;2;8;15;B01
201200015500;0;32;0;1;2;7;21;A01
201200015501;0;30;0;0;2;7;2;B01
201200015501;1;99;0;0;0;0;0;Z01
201200015502;0;13;0;0;2;4;4;A01
201200015502;0;32;0;0;9;1;23;B01
201200015503;0;2;0;0;9;1;17;A01
201200015503;0;1;0;0;2;3;19;B01
201200015504;0;10;0;0;2;1;19;A01
201200015504;0;34;0;0;2;5;1;B01
201200015505;0;34;0;0;2;5;1;A01
201200015505;0;7;0;0;2;1;1;B01
201200015506;0;30;0;0;0;0;0;A01
201200015507;1;37;0;0;1;1;1;Z01
201200015508;0;7;0;0;2;1;1;A01
201200015508;0;7;0;0;2;2;1;B01
201200015509;0;7;0;0;2;6;17;A01
201200015509;0;32;0;0;2;1;17;B01
201200015510;0;32;0;0;2;1;17;A01
201200015510;0;7;0;0;2;1;9;B01
201200015511;1;7;0;0;1;1;0;Z01
201200015512;0;33;0;0;2;1;7;A01
201200015512;0;7;0;0;2;5;20;B01
201200015513;0;7;0;0;0;5;11;A01
201200015513;0;33;0;0;2;1;1;B01
201200015514;0;7;0;0;2;5;0;A01
201200015514;0;33;0;0;2;1;0;B01
201200015515;0;7;0;0;1;3;15;A01
201200015516;0;7;0;0;2;2;15;A01
201200015516;0;33;0;0;2;1;1;B01
201200015517;0;7;0;0;2;1;9;A01
201200015517;0;7;0;0;2;9;2;B01
201200015518;0;7;0;0;1;2;2;A01
201200015519;0;34;0;0;0;7;0;A01
201200015520;0;7;0;14;0;4;23;A01
201200015520;1;7;0;14;0;1;1;Z01
201200015520;0;7;0;0;0;4;23;B01
201200015521;0;7;0;6;2;1;13;A01
201200015521;0;7;0;0;2;2;1;B01
201200015522;0;30;0;0;0;0;1;A01
201200015523;0;37;10;0;2;1;0;A01
201200015523;1;7;0;0;2;4;4;Z01
201200015524;0;7;0;0;1;1;15;A01
201200015525;0;7;0;0;1;6;4;A01
201200015526;0;7;0;0;2;3;15;A01
201200015526;0;31;0;0;2;1;1;B01
201200015527;0;7;0;0;2;6;15;A01
201200015527;0;33;0;0;2;1;1;B01
201200015528;0;7;0;0;2;3;15;A01
201200015528;0;32;0;0;2;3;15;B01
201200015529;0;32;0;0;2;8;5;A01
201200015529;0;7;0;0;2;1;15;B01
201200015530;0;7;0;0;2;4;1;B01
201200015530;0;7;0;0;2;2;1;A01
201200015531;0;7;0;0;2;2;0;A01
201200015531;0;7;0;0;2;3;0;B01
201200015532;0;7;0;1;1;1;0;A01
201200015533;0;10;0;1;0;6;0;B01
201200015533;0;2;0;0;2;1;13;A01
201200015534;0;33;0;0;2;1;1;A01
201200015534;0;7;0;0;2;5;1;B01
201200015535;0;7;0;0;2;4;21;B01
201200015535;1;7;0;0;2;1;0;Z01
201200015535;0;7;0;0;2;1;21;A01
201200015536;0;7;0;0;2;3;15;B01
201200015536;0;32;0;0;2;2;17;A01
201200015537;0;7;0;0;2;8;13;B01
201200015537;0;33;0;0;2;7;17;A01
201200015538;0;7;0;0;2;4;23;B01
201200015538;0;7;0;0;2;1;2;A01
201200015539;0;7;0;0;2;0;2;B01
201200015539;0;30;0;0;2;1;2;A01
201200015540;0;7;0;0;2;3;9;A01
201200015540;0;33;0;0;2;7;1;B01
201200015541;0;33;0;0;2;1;1;B01
201200015541;0;7;0;0;2;5;15;A01
201200015542;0;2;0;0;2;1;1;A01
201200015542;0;7;0;0;2;4;15;B01
201200015543;0;2;0;0;0;8;1;A01
201200015544;1;99;0;0;2;2;14;Z01
201200015544;0;33;0;1;2;1;1;B01
201200015545;0;33;0;0;2;7;1;A01
201200015545;0;7;0;0;2;6;15;B01
201200015546;0;7;0;0;2;8;15;A01
201200015546;0;30;0;0;2;7;17;B01
201200015547;0;7;0;0;1;2;1;A01
201200015548;0;7;0;0;2;3;0;B01
201200015548;0;33;0;0;2;1;1;A01
201200015549;0;7;0;0;2;8;1;A01
201200015549;0;7;0;0;0;7;15;B01
201200015550;0;31;0;0;2;7;16;B01
201200015550;0;2;0;0;2;0;21;A01
201200015551;0;7;0;0;2;3;2;B01
201200015551;0;32;0;0;2;2;2;A01
201200015552;0;7;0;0;2;1;2;A01
201200015552;0;34;0;0;2;4;2;B01
201200015553;0;7;0;0;1;1;5;A01
201200015554;0;33;0;0;0;0;1;A01
201200015555;0;7;0;0;2;1;0;A01
201200015556;0;7;0;0;0;4;15;A01
201200015556;0;33;0;0;2;1;1;B01
201200015557;0;7;0;1;0;1;16;A01
201200015558;0;7;0;0;1;1;1;A01
201200015559;0;7;0;1;0;1;14;A01
201200015559;0;7;0;0;2;4;24;B01
201200015560;0;7;0;0;2;1;1;B01
201200015560;0;33;0;1;0;1;1;A01
201200015561;0;7;0;0;0;1;1;A01
201200015561;0;7;0;0;0;4;1;B01
201200015562;0;7;0;0;1;3;2;A01
201200015563;0;37;30;1;0;6;15;A01
201200015564;0;7;0;0;2;1;1;B01
201200015564;0;3;0;0;2;2;15;A01
201200015565;0;7;0;0;1;3;1;A01
201200015566;0;10;0;0;2;7;16;A01
201200015566;0;10;0;0;2;1;1;B01
201200015567;1;7;0;0;0;0;10;A01
201200015567;0;7;0;0;2;3;2;B01
201200015568;0;7;0;0;2;4;23;B01
201200015568;0;7;0;0;2;4;1;C01
201200015568;0;7;0;0;2;1;1;A01
201200015569;0;2;0;0;2;1;15;A01
201200015569;0;7;0;0;2;1;1;B01
201200015570;0;32;0;0;2;1;1;A01
201200015570;0;15;0;0;2;1;1;C01
201200015570;0;7;0;0;2;3;19;B01
201200015571;0;2;0;0;0;1;1;B01
201200015571;0;7;0;0;0;8;15;A01
201200015572;0;7;0;0;2;4;23;C01
201200015572;2;7;0;0;0;1;1;Z01
201200015572;0;30;0;0;2;4;23;B01
201200015573;0;2;0;0;2;1;13;A01
201200015573;1;10;0;0;0;3;1;Z01
201200015574;0;7;0;8;2;6;0;A01
201200015574;1;7;0;0;2;3;13;Z01
201200015575;0;30;0;0;2;1;2;B01
201200015575;0;7;0;0;2;8;2;A01
201200015576;0;33;0;0;1;1;21;A01
201200015577;0;7;0;0;2;6;15;A01
201200015577;0;33;0;0;2;2;17;B01
201200015578;0;33;0;0;1;0;1;A01
201200015579;0;30;0;0;2;1;5;A01
201200015579;0;7;0;0;2;2;1;B01
201200015580;0;7;0;0;2;2;17;A01
201200015580;0;30;0;0;0;4;15;B01
201200015581;0;32;0;14;0;3;1;B01
201200015581;0;7;0;0;2;2;22;A01
201200015582;0;7;0;1;2;9;1;B01
201200015582;0;10;0;0;2;1;1;A01
201200015583;0;7;0;0;2;1;1;A01
201200015583;0;2;0;0;2;8;1;B01
201200015584;0;7;0;0;2;1;2;A01
201200015584;0;7;0;0;0;4;2;B01
201200015585;0;37;1;0;1;7;2;A01
201200015586;0;7;0;0;2;3;9;B01
201200015586;0;33;0;0;2;7;2;A01
201200015587;0;2;0;0;1;1;1;A01
201200015588;0;34;0;1;0;1;0;A01
201200015589;1;3;0;0;1;0;0;A01
201200015590;0;7;0;15;0;2;1;A01
201200015591;0;7;0;0;0;4;0;B01
201200015591;0;34;0;0;2;1;2;A01
201200015592;0;10;0;0;2;3;15;B01
201200015592;0;30;0;8;2;1;17;A01
201200015593;0;7;0;0;2;8;24;B01
201200015593;1;7;0;1;0;7;0;Z01
201200015594;0;30;0;0;2;1;17;A01
201200015594;0;7;0;0;2;3;15;B01
201200015595;0;14;0;0;2;2;1;A01
201200015595;0;7;0;0;2;6;16;B01
201200015596;0;10;0;0;2;1;1;B01
201200015596;0;7;0;0;2;3;2;A01
201200015597;0;7;0;0;2;5;1;A01
201200015597;0;33;0;0;2;8;1;B01
201200015598;1;2;0;0;0;0;0;Z01
201200015598;0;7;0;0;2;3;24;B01
201200015599;0;7;0;0;2;2;2;A01
201200015599;0;33;0;0;0;4;2;B01
201200015600;0;7;0;0;2;6;15;A01
201200015600;0;30;0;0;2;2;17;B01
201200015601;1;7;0;0;2;0;1;Z01
201200015601;0;2;0;0;2;1;1;A01
201200015602;0;32;0;0;2;0;1;A01
201200015602;1;7;0;0;2;0;17;Z01
201200015603;0;7;0;1;1;0;24;C01
201200015603;0;7;0;1;0;2;14;A01
201200015604;0;7;0;0;0;8;13;A01
201200015604;0;33;0;0;2;1;2;B01
201200015605;0;33;0;8;0;1;0;A01
201200015606;0;33;0;0;0;7;1;A01
201200015607;0;7;0;0;1;3;1;B01
201200015608;0;10;0;0;2;8;13;A01
201200015608;0;33;0;0;2;9;1;B01
201200015609;0;33;0;1;0;1;1;A01
201200015610;1;32;0;0;1;1;1;A01
201200015611;0;34;0;0;0;8;5;A01
201200015611;0;7;0;0;0;0;15;B01
201200015612;0;33;0;0;0;0;1;A01
201200015612;0;33;0;0;0;0;1;B01
201200015613;0;7;0;0;1;3;1;A01
201200015614;0;7;0;15;0;2;1;A01
201200015615;0;2;0;0;2;1;2;B01
201200015615;0;7;0;0;0;3;15;A01
201200015616;0;34;0;0;2;1;1;B01
201200015616;0;7;0;0;2;2;0;A01
201200015617;0;7;0;0;2;7;10;A01
201200015617;0;33;0;0;2;1;2;B01
201200015618;0;33;0;0;2;2;1;B01
201200015618;0;7;0;0;2;1;15;A01
201200015619;0;34;0;0;2;1;17;A01
201200015619;0;7;0;0;2;6;15;B01
201200015620;0;2;0;0;2;1;1;B01
201200015620;0;7;0;0;2;2;15;A01
201200015621;0;7;0;0;2;2;15;A01
201200015621;0;33;0;0;2;1;1;B01
201200015622;0;7;0;0;2;1;9;A01
201200015622;0;34;0;0;2;8;3;B01
201200015623;0;33;0;0;2;3;21;A01
201200015623;0;7;0;0;2;5;23;B01
201200015624;0;7;0;0;2;1;9;A01
201200015624;0;32;0;0;2;5;1;B01
201200015625;0;7;0;0;2;2;2;A01
201200015625;0;7;0;0;2;6;2;B01
201200015626;0;7;0;0;0;3;1;A01
201200015626;0;33;0;0;0;7;1;B01
201200015627;0;7;0;0;1;0;1;A01
201200015628;0;7;0;0;2;1;1;B01
201200015628;0;7;0;1;2;2;15;A01
201200015629;0;30;0;0;2;1;1;B01
201200015629;0;7;0;0;2;7;15;A01
201200015630;0;7;0;0;2;5;4;A01
201200015630;0;7;0;0;2;6;23;B01
201200015631;0;7;0;0;0;3;11;A01
201200015631;0;30;0;0;2;7;2;B01
201200015632;0;7;0;0;2;5;10;A01
201200015632;0;31;0;0;2;1;1;B01
201200015633;0;7;0;0;2;3;1;B01
201200015633;0;7;0;0;2;1;2;C01
201200015633;2;7;0;0;2;2;1;A01
201200015634;0;33;0;0;2;1;1;B01
201200015634;1;2;0;0;2;0;6;Z01
201200015635;1;32;0;0;1;1;2;Z01
201200015636;1;10;0;0;0;1;0;Z01
201200015636;0;7;0;12;2;5;1;B01
201200015637;0;30;0;0;0;0;1;A01
201200015638;0;7;0;0;2;1;1;B01
201200015638;0;7;0;0;2;3;9;A01
201200015639;0;10;0;0;2;2;16;B01
201200015639;0;30;0;0;2;3;18;A01
201200015640;0;30;0;12;0;3;0;A01
201200015641;0;7;0;0;2;8;15;B01
201200015641;0;33;0;0;2;1;17;A01
201200015642;2;7;0;0;2;9;17;A01
201200015642;0;7;0;0;2;9;1;D01
201200015642;0;7;0;0;2;9;1;B01
201200015642;0;10;0;0;2;3;1;C01
201200015643;0;14;0;0;2;6;0;A01
201200015643;1;7;0;0;9;3;0;Z01
201200015644;0;7;0;0;2;5;12;A01
201200015644;0;7;0;0;2;3;16;B01
201200015645;0;7;0;0;2;4;1;A01
201200015645;0;33;0;0;2;9;1;B01
201200015646;0;33;0;0;2;1;1;A01
201200015646;0;7;0;0;0;3;15;B01
201200015647;1;10;0;0;1;0;0;Z01
201200015648;0;2;0;0;1;1;5;A01
201200015649;0;30;0;0;2;1;0;B01
201200015649;0;33;0;0;2;1;0;A01
201200015650;0;30;0;6;0;2;1;A01
201200015651;0;7;0;0;2;1;11;A01
201200015651;0;7;0;0;2;3;0;B01
201200015652;0;2;0;0;2;1;17;A01
201200015652;0;7;0;0;2;3;15;B01
201200015653;0;32;0;0;2;1;1;A01
201200015653;1;7;0;0;2;0;9;Z01
201200015654;0;7;0;0;2;4;2;C01
201200015654;0;7;0;0;2;1;2;A01
201200015654;0;7;0;0;2;4;2;B01
201200015655;0;7;0;0;2;3;13;B01
201200015655;0;7;0;0;2;3;1;C01
201200015655;0;30;0;0;2;3;17;A01
201200015656;0;7;0;0;9;1;15;A01
201200015656;0;1;0;0;2;1;1;B01
201200015657;0;32;0;0;2;1;15;A01
201200015657;0;32;0;0;2;1;1;B01
201200015658;0;7;0;1;0;7;1;A01
201200015659;0;30;0;0;2;2;21;A01
201200015659;0;7;0;0;2;8;0;B01
201200015660;0;30;0;0;2;1;2;A01
201200015660;0;7;0;0;2;4;23;B01
201200015661;0;33;0;0;2;8;20;B01
201200015661;0;7;0;0;2;7;9;A01
201200015662;0;33;0;0;0;7;1;B01
201200015663;0;34;0;0;0;4;1;B01
201200015663;0;7;0;0;2;1;1;A01
201200015664;0;7;0;8;0;4;14;A01
201200015665;0;32;0;0;2;2;1;B01
201200015665;0;32;0;0;2;3;1;A01
201200015666;0;31;0;0;1;1;1;A01
201200015667;0;32;0;0;0;0;1;A01
201200015668;0;7;0;0;2;2;1;A01
201200015668;0;7;0;0;2;3;1;B01
201200015669;0;7;0;0;2;1;2;A01
201200015669;0;7;0;0;0;4;2;B01
201200015670;0;7;0;0;0;1;15;A01
201200015671;0;7;0;0;0;4;2;B01
201200015671;0;14;0;0;2;2;2;A01
201200015672;0;7;0;0;2;7;2;A01
201200015672;0;32;0;0;2;9;3;B01
201200015673;0;7;0;0;2;3;15;A01
201200015673;0;34;0;0;2;3;1;B01
201200015674;0;7;0;0;2;4;1;B01
201200015674;0;7;0;0;2;1;1;A01
201200015675;0;7;0;0;2;1;1;A01
201200015675;0;7;0;0;2;4;0;B01
201200015676;0;7;0;0;2;4;2;B01
201200015676;0;7;0;0;2;4;20;C01
201200015676;0;13;0;0;2;1;2;A01
201200015677;0;33;0;0;2;0;1;A01
201200015677;0;7;0;0;2;0;0;B01
201200015678;0;7;0;0;2;3;2;B01
201200015678;0;7;0;0;2;4;9;A01
201200015679;0;34;0;0;0;8;0;A01
201200015680;0;33;0;0;2;1;2;A01
201200015680;0;7;0;0;0;4;2;B01
201200015681;0;2;0;0;0;1;2;A01
201200015682;0;30;0;0;2;6;17;A01
201200015682;0;7;0;0;2;6;15;B01
201200015683;0;10;0;0;2;0;1;A01
201200015683;0;30;0;0;2;4;1;B01
201200015684;0;34;0;0;2;1;1;A01
201200015684;0;7;0;0;2;1;9;B01
201200015685;0;30;0;0;2;8;7;B01
201200015685;0;7;0;0;2;2;14;A01
201200015686;0;30;0;0;0;0;1;A01
201200015687;0;7;0;0;9;3;12;B01
201200015687;0;1;0;0;2;8;9;A01
201200015688;1;7;0;0;0;0;0;Z01
201200015688;0;30;0;0;0;8;0;A01
201200015689;0;7;0;6;0;2;1;A01
201200015690;0;7;0;0;0;4;23;C01
201200015690;0;7;0;0;2;1;2;A01
201200015690;0;10;0;0;2;4;23;B01
201200015691;0;10;0;0;2;7;15;A01
201200015691;0;33;0;0;2;7;17;B01
201200015692;0;7;0;1;0;1;14;A01
201200015693;0;7;0;0;2;4;23;C01
201200015693;0;7;0;0;2;1;1;A01
201200015693;0;32;0;0;2;9;23;B01
201200015694;0;7;0;0;2;4;2;C01
201200015694;0;7;0;0;2;4;2;D01
201200015694;0;7;0;12;0;2;21;E01
201200015694;0;7;0;0;2;4;2;B01
201200015694;0;7;0;0;2;1;2;A01
201200015695;0;33;0;0;2;3;0;B01
201200015695;0;7;0;0;2;2;2;A01
201200015696;0;7;0;0;1;2;15;A01
201200015697;0;31;0;0;1;1;1;A01
201200015698;0;7;0;1;2;3;15;A01
201200015698;0;7;0;0;2;1;2;C01
201200015699;0;33;0;8;0;1;1;A01
201200015700;0;32;0;0;0;0;0;A01
201200015701;1;7;0;0;2;3;0;Z01
201200015701;0;32;0;0;2;0;1;A01
201200015702;0;7;0;1;0;1;1;A01
201200015703;0;1;0;0;2;1;1;B01
201200015703;0;7;0;0;2;1;4;A01
201200015704;0;7;0;14;2;3;1;A01
201200015705;0;7;0;0;0;1;2;A01
201200015705;0;7;0;0;2;4;1;B01
201200015706;0;1;0;0;1;0;21;A01
201200015707;1;7;0;0;2;1;5;Z01
201200015707;0;7;0;0;2;1;2;A01
201200015708;0;7;0;0;2;1;2;A01
201200015708;0;7;0;0;2;4;2;B01
201200015708;0;7;0;0;0;4;2;C01
201200015709;0;7;0;0;1;3;1;A01
201200015710;0;7;0;0;2;2;9;B01
201200015710;0;30;0;0;2;1;1;A01
201200015711;0;32;0;0;0;0;0;A01
201200015712;0;32;0;0;2;6;19;A01
201200015712;0;33;0;0;2;1;6;B01
201200015713;0;7;0;0;2;1;1;A01
201200015713;0;7;0;0;2;2;1;B01
201200015714;0;37;10;0;2;6;0;B01
201200015714;0;2;0;0;2;1;2;A01
201200015715;0;2;0;0;0;0;0;A01
201200015716;0;37;1;0;1;2;1;A01
201200015717;0;7;0;0;1;8;1;A01
201200015718;0;2;0;0;1;1;1;A01
201200015719;0;7;0;0;2;1;0;A01
201200015720;0;7;0;0;1;2;1;A01
201200015721;1;99;0;0;0;0;0;Z01
201200015722;0;7;0;0;2;0;0;A01
201200015722;0;32;0;0;2;1;0;B01
201200015723;0;30;0;0;2;1;0;A01
201200015723;0;7;0;0;2;3;1;B01
201200015724;0;7;0;3;0;2;1;A01
201200015725;0;7;0;0;1;3;1;A01
201200015726;0;7;0;0;2;7;2;A01
201200015726;0;7;0;0;2;1;21;B01
201200015727;0;7;0;0;2;2;15;A01
201200015727;0;30;0;0;2;1;1;B01
201200015728;0;7;0;0;0;4;23;A01
201200015728;1;7;0;0;2;1;2;Z01
201200015729;0;31;0;0;1;1;1;A01
201200015730;0;7;0;0;1;7;1;A01
201200015731;0;7;0;8;0;2;1;A01
201200015732;0;7;0;0;2;1;2;A01
201200015732;0;7;0;0;2;4;2;B01
201200015733;0;7;0;0;2;4;2;B01
201200015733;0;32;0;0;2;1;2;A01
201200015734;0;7;0;0;2;4;0;B01
201200015734;0;7;0;0;2;1;1;A01
201200015735;0;32;0;0;2;1;1;B01
201200015735;0;10;0;0;2;8;20;A01
201200015736;0;7;0;8;0;1;1;A01
201200015737;0;7;0;0;4;0;0;A01
201200015737;1;7;0;0;2;0;0;Z01
201200015738;0;7;0;0;1;1;1;A01
201200015739;0;7;0;1;0;3;17;A01
201200015739;0;30;0;0;2;1;1;B01
201200015740;0;7;0;0;2;2;0;B01
201200015740;0;7;0;0;2;3;0;A01
201200015741;0;30;0;0;1;1;1;A01
201200015742;0;33;0;0;2;2;17;A01
201200015742;0;7;0;0;2;1;15;B01
201200015743;0;7;0;0;0;4;17;B01
201200015743;0;32;0;0;2;1;2;A01
201200015744;0;7;0;0;0;1;2;A01
201200015744;0;7;0;0;0;4;2;B01
201200015745;0;7;0;0;2;3;1;B01
201200015745;0;33;0;0;2;1;1;A01
201200015746;0;7;0;0;2;8;10;A01
201200015746;0;33;0;0;2;1;3;B01
201200015747;0;7;0;0;2;3;15;B01
201200015747;0;1;0;0;2;1;0;A01
201200015748;0;30;0;0;2;1;5;A01
201200015748;0;7;0;0;2;1;1;B01
201200015749;0;7;0;0;2;1;15;B01
201200015749;0;30;0;0;2;1;1;A01
201200015750;0;33;0;0;1;0;2;A01
201200015751;0;7;0;0;2;1;1;B01
201200015751;0;7;0;0;2;1;5;A01
201200015752;0;2;0;0;9;1;0;A01
201200015752;1;7;0;0;1;1;0;Z01
201200015753;0;7;0;0;2;4;1;B01
201200015753;0;7;0;0;2;1;1;A01
201200015754;0;7;0;0;2;1;1;A01
201200015754;0;30;0;0;2;2;1;B01
201200015755;0;34;0;0;2;1;13;A01
201200015755;0;7;0;0;2;8;15;B01
201200015756;0;33;0;0;2;1;0;A01
201200015756;0;7;0;0;2;1;0;B01
201200015757;0;7;0;0;2;1;1;B01
201200015757;0;7;0;0;2;3;15;A01
201200015758;0;7;0;0;1;1;2;A01
201200015759;1;30;0;0;2;0;12;Z01
201200015759;0;32;0;0;2;8;1;B01
201200015760;0;32;0;0;2;7;17;A01
201200015760;0;7;0;0;2;3;15;B01
201200015761;1;7;0;0;1;0;0;Z01
201200015762;0;2;0;0;0;1;1;A01
201200015762;0;7;0;0;0;3;15;B01
201200015763;0;31;0;0;0;6;1;B01
201200015763;0;7;0;0;2;1;1;A01
201200015764;0;7;0;0;2;4;2;C01
201200015764;0;7;0;0;2;1;2;A01
201200015764;0;7;0;0;2;4;2;B01
201200015765;0;7;0;0;1;1;1;A01
201200015766;0;14;0;0;2;2;0;B01
201200015766;0;7;0;12;2;9;1;A01
201200015767;0;30;0;0;0;0;21;A01
201200015767;0;7;0;0;0;0;23;B01
201200015768;0;33;0;0;2;1;17;A01
201200015768;0;7;0;0;2;3;15;B01
201200015769;0;7;0;0;0;4;23;B01
201200015769;0;7;0;0;2;1;1;A01
201200015770;0;30;0;0;2;2;0;B01
201200015770;0;7;0;0;0;1;0;A01
201200015771;0;30;0;0;2;1;1;B01
201200015771;0;7;0;0;2;6;10;A01
201200015772;0;7;0;0;6;3;1;A01
201200015773;0;40;0;0;1;2;1;A01
201200015774;0;10;0;0;1;2;1;A01
201200015775;0;30;0;0;2;5;2;B01
201200015775;0;10;0;0;2;3;2;A01
201200015776;0;7;0;0;2;7;1;A01
201200015776;0;7;0;0;2;1;1;B01
201200015777;0;40;0;0;2;3;1;A01
201200015777;0;7;0;0;4;2;1;B01
201200015778;0;7;0;0;2;6;2;B01
201200015778;0;10;0;0;2;2;9;A01
201200015779;0;7;0;0;0;6;2;B01
201200015779;0;30;0;0;2;1;2;A01
201200015780;0;34;0;0;2;1;2;A01
201200015780;0;7;0;0;2;6;13;B01
201200015781;0;7;0;0;1;3;0;A01
201200015782;0;34;0;1;0;1;1;A01
201200015782;0;7;0;0;2;1;1;C01
201200015783;0;7;0;0;2;1;15;A01
201200015783;0;7;0;0;2;1;1;B01
201200015784;0;7;0;0;2;8;1;B01
201200015784;0;7;0;0;2;8;13;A01
201200015785;0;7;0;4;0;0;1;A01
201200015786;0;7;0;0;2;3;15;A01
201200015786;0;33;0;0;2;1;1;B01
201200015787;0;7;0;0;2;6;0;A01
201200015788;0;7;0;0;2;4;2;B01
201200015788;0;7;0;0;2;4;2;E01
201200015788;0;7;0;0;2;1;2;A01
201200015788;0;7;0;0;2;4;2;D01
201200015788;0;7;0;0;0;4;2;C01
201200015789;0;32;0;0;0;0;2;A01
201200015790;0;7;0;0;2;1;1;B01
201200015790;0;7;0;0;2;4;12;A01
201200015791;0;10;0;0;1;1;1;A01
201200015792;0;7;0;4;2;2;1;C01
201200015792;0;15;0;0;2;2;2;A01
201200015792;0;7;0;0;2;3;18;B01
201200015793;0;32;0;0;1;1;2;A01
201200015794;0;7;0;0;2;1;1;A01
201200015795;0;7;0;0;0;1;2;A01
201200015795;0;7;0;0;0;4;2;B01
201200015796;0;34;0;4;0;0;0;A01
201200015797;0;33;0;0;2;1;13;A01
201200015798;0;7;0;0;2;1;1;B01
201200015798;0;7;0;0;2;7;15;A01
201200015799;0;7;0;0;0;4;0;B01
201200015799;1;7;0;0;0;0;2;Z01
201200015800;0;30;0;0;2;7;9;A01
201200015800;0;2;0;0;2;1;2;B01
201200015800;0;7;0;0;9;1;23;C01
201200015801;0;7;0;0;2;0;0;A01
201200015801;0;7;0;0;2;0;0;B01
201200015802;0;33;0;0;2;1;17;A01
201200015802;0;7;0;0;2;1;1;B01
201200015802;0;7;0;0;2;1;1;C01
201200015803;0;3;0;0;1;1;1;A01
201200015804;0;7;0;9;0;9;1;A01
201200015805;0;7;0;0;2;1;1;A01
201200015805;0;30;0;0;2;4;1;B01
201200015806;0;7;0;0;1;1;1;A01
201200015807;0;32;0;11;0;1;1;A01
201200015808;0;7;0;0;0;0;0;A01
201200015808;0;7;0;0;0;0;0;B01
201200015809;0;30;0;0;2;2;1;A01
201200015809;1;7;0;0;0;0;0;Z01
201200015810;0;7;0;0;0;2;13;B01
201200015810;0;30;0;0;2;2;17;A01
201200015811;0;7;0;0;2;8;1;B01
201200015811;0;7;0;0;2;2;0;A01
201200015812;0;7;0;0;1;2;1;A01
201200015813;0;7;0;0;2;8;13;A01
201200015813;0;34;0;0;2;2;1;B01
201200015814;0;7;0;0;2;3;19;A01
201200015814;0;7;0;0;2;8;1;B01
201200015814;0;10;0;0;2;2;1;C01
201200015815;0;7;0;0;2;2;1;B01
201200015815;0;2;0;0;2;1;9;A01
201200015816;2;7;0;0;2;8;15;A01
201200015816;1;33;0;0;2;0;0;B01
201200015817;0;33;0;0;0;1;1;B01
201200015817;0;7;0;0;2;1;1;A01
201200015818;0;33;0;0;2;1;17;B01
201200015818;0;7;0;0;2;8;15;A01
201200015819;0;14;0;0;2;1;1;A01
201200015819;0;30;0;0;2;1;1;B01
201200015820;0;7;0;0;2;4;20;B01
201200015820;0;32;0;0;2;1;2;A01
201200015821;0;33;0;8;0;1;0;A01
201200015822;0;7;0;0;2;4;1;B01
201200015822;0;7;0;0;2;1;1;A01
201200015822;0;7;0;0;2;5;1;C01
201200015823;0;7;0;0;0;3;1;B01
201200015823;0;7;0;0;0;3;13;A01
201200015824;0;7;0;0;0;5;1;B01
201200015824;0;7;0;0;2;1;0;A01
201200015825;0;33;0;0;2;1;2;B01
201200015825;0;34;0;0;2;8;24;C01
201200015825;0;7;0;0;2;1;1;A01
201200015826;0;7;0;11;0;3;1;A01
201200015827;0;7;0;0;2;2;1;A01
201200015827;0;33;0;0;2;3;2;B01
201200015828;0;7;0;0;0;3;9;A01
201200015828;0;7;0;0;0;7;0;B01
201200015828;0;7;0;0;0;1;0;C01
201200015829;0;30;0;0;0;1;0;A01
201200015829;0;7;0;0;0;8;0;B01
201200015830;0;7;0;0;0;0;15;A01
201200015831;0;3;0;0;2;1;0;A01
201200015831;0;7;0;0;2;5;0;B01