num_acc;senc;catv;occutc;obs;obsm;choc;manv;num_veh
201200015832;0;7;0;0;0;2;1;B01
201200015832;0;7;0;0;0;1;1;A01
201200015833;0;7;0;0;2;6;1;A01
201200015833;0;34;0;0;2;1;1;B01
201200015834;0;7;0;0;0;3;0;A01
201200015834;0;1;0;0;2;1;0;B01
201200015835;0;7;0;0;9;1;15;B01
201200015835;0;34;0;1;0;1;1;A01
201200015836;0;7;0;8;0;1;0;A01
201200015837;0;7;0;0;2;1;1;B01
201200015837;0;30;0;0;2;1;5;A01
201200015838;0;32;0;0;2;1;2;A01
201200015838;0;7;0;0;0;4;2;B01
201200015839;0;7;0;0;2;2;1;B01
201200015839;0;7;0;0;2;1;15;A01
201200015840;0;7;0;0;0;4;4;A01
201200015841;1;7;0;0;0;0;0;Z01
201200015841;0;7;0;0;0;3;0;A01
201200015841;0;30;0;0;0;0;0;C01
201200015842;0;33;0;0;2;8;17;A01
201200015842;0;10;0;0;0;8;0;B01
201200015843;0;1;0;0;0;0;1;A01
201200015844;0;7;0;0;0;5;15;A01
201200015844;0;33;0;0;2;1;0;B01
201200015845;0;7;0;0;1;2;1;A01
201200015846;0;7;0;0;2;4;23;B01
201200015846;1;7;0;0;2;1;1;Z01
201200015847;0;32;0;0;4;0;0;B01
201200015847;1;7;0;0;2;0;0;Z01
201200015848;0;30;0;12;0;7;0;A01
201200015849;0;7;0;0;2;4;1;B01
201200015849;0;33;0;0;2;1;0;A01
201200015850;0;34;0;0;2;1;1;A01
201200015850;0;7;0;0;2;0;1;B01
201200015851;0;7;0;1;0;1;1;A01
201200015852;0;7;0;8;0;1;0;A01
201200015853;0;7;0;0;2;3;1;A01
201200015853;0;7;0;0;2;3;1;B01
201200015854;0;7;0;0;1;1;2;A01
201200015855;0;33;0;0;2;1;21;B01
201200015855;0;7;0;0;2;2;15;A01
201200015856;0;1;0;0;2;2;12;A01
201200015856;0;7;0;0;2;3;1;B01
201200015857;0;33;0;0;2;1;0;B01
201200015857;1;7;0;0;2;1;11;A01
201200015858;0;32;0;0;2;1;17;A01
201200015858;0;7;0;0;2;8;15;B01
201200015859;0;33;0;0;0;0;0;A01
201200015859;0;7;0;0;0;0;0;B01
201200015860;1;7;0;0;1;1;15;Z01
201200015861;0;7;0;0;2;1;1;A01
201200015861;0;7;0;0;2;4;1;B01
201200015862;0;10;0;0;2;1;12;A01
201200015862;0;32;0;0;2;1;1;B01
201200015863;0;7;0;0;2;3;15;A01
201200015863;0;33;0;0;2;1;1;B01
201200015864;0;7;0;0;2;2;2;A01
201200015864;0;32;0;0;2;4;2;B01
201200015865;0;7;0;0;0;6;15;A01
201200015865;0;34;0;0;2;1;1;B01
201200015866;0;32;0;0;2;6;0;B01
201200015866;1;99;0;0;0;0;0;Z01
201200015867;0;10;0;0;2;1;1;A01
201200015867;0;7;0;0;2;4;1;B01
201200015868;2;7;0;0;0;1;0;A01
201200015868;0;99;0;0;2;1;5;B01
201200015869;0;7;0;0;2;1;2;A01
201200015869;1;7;0;0;2;1;2;Z01
201200015869;0;7;0;0;2;4;2;B01
201200015870;0;7;0;0;2;1;16;C01
201200015870;0;14;0;0;2;1;16;A01
201200015870;0;2;0;0;2;0;0;B01
201200015871;0;33;0;0;2;2;1;B01
201200015871;0;10;0;0;2;3;13;A01
201200015872;0;99;0;0;2;8;15;B01
201200015872;0;32;0;0;2;1;2;A01
201200015873;0;7;0;13;0;1;13;A01
201200015874;1;32;0;1;0;0;0;Z01
201200015875;0;32;0;0;2;1;17;A01
201200015875;0;32;0;0;2;6;15;B01
201200015876;0;34;0;0;2;1;2;A01
201200015876;0;7;0;0;2;6;2;B01
201200015877;0;2;0;0;0;2;0;A01
201200015878;0;7;0;0;2;6;10;A01
201200015878;0;34;0;0;2;1;17;B01
201200015879;0;37;1;0;2;1;2;A01
201200015879;0;7;0;0;2;4;2;B01
201200015880;0;7;0;1;0;6;20;A01
201200015880;0;3;0;0;2;6;24;B01
201200015881;0;31;0;0;0;1;0;A01
201200015882;0;32;0;0;2;1;0;B01
201200015882;0;7;0;0;2;6;11;A01
201200015883;0;32;0;0;2;7;17;A01
201200015883;0;7;0;0;2;3;15;B01
201200015884;0;7;0;0;2;1;1;A01
201200015884;0;30;0;0;2;4;10;B01
201200015885;0;7;0;0;2;3;9;B01
201200015885;0;7;0;0;2;3;4;A01
201200015886;0;7;0;0;2;4;23;B01
201200015886;0;7;0;0;2;1;2;A01
201200015887;0;32;0;0;2;1;1;B01
201200015887;0;7;0;0;2;1;5;A01
201200015888;0;7;0;0;0;2;0;A01
201200015888;0;7;0;0;0;8;0;B01
201200015889;0;34;0;0;0;7;1;A01
201200015890;0;7;0;0;1;0;2;A01
201200015890;1;7;0;0;0;0;0;Z01
201200015891;0;7;0;0;1;4;4;A01
201200015892;0;7;0;0;2;4;2;B01
201200015892;0;3;0;0;2;1;2;A01
201200015893;0;7;0;0;2;3;0;B01
201200015893;0;10;0;0;2;1;15;A01
201200015894;0;7;0;0;2;1;15;A01
201200015894;0;30;0;0;2;1;19;B01
201200015895;0;7;0;0;2;1;15;A01
201200015895;0;33;0;6;2;2;2;B01
201200015896;0;7;0;0;2;1;2;A01
201200015896;0;32;0;0;2;4;23;B01
201200015897;0;7;0;0;2;1;2;A01
201200015897;0;33;0;0;2;4;11;B01
201200015898;0;34;0;0;2;3;0;B01
201200015898;0;7;0;0;2;3;0;A01
201200015899;0;34;0;0;0;3;1;B01
201200015899;1;7;0;0;2;0;9;Z01
201200015900;0;30;0;0;2;1;1;A01
201200015900;0;7;0;0;2;7;16;B01
201200015901;0;2;0;0;2;1;2;B01
201200015901;0;7;0;0;9;3;9;A01
201200015902;0;7;0;0;1;3;1;A01
201200015903;0;31;0;0;2;1;1;A01
201200015903;0;7;0;0;0;4;23;B01
201200015904;0;7;0;0;2;2;2;A01
201200015904;0;7;0;0;0;6;23;B01
201200015905;0;33;0;0;0;0;1;A01
201200015906;0;7;0;0;2;3;10;A01
201200015906;0;33;0;0;2;7;2;B01
201200015907;0;7;0;0;1;2;1;A01
201200015908;0;15;0;0;2;4;2;B01
201200015908;0;7;0;0;2;1;2;A01
201200015909;0;7;0;0;2;3;2;A01
201200015909;0;1;0;0;2;4;1;B01
201200015910;0;7;0;0;2;1;2;A01
201200015910;0;7;0;0;0;4;2;B01
201200015911;0;7;0;0;2;2;1;B01
201200015911;0;37;20;0;0;3;1;A01
201200015912;1;7;0;0;1;4;4;Z01
201200015913;0;7;0;6;0;1;14;A01
201200015914;0;7;0;0;2;2;1;A01
201200015914;0;7;0;0;2;3;15;B01
201200015915;0;7;0;0;2;3;1;A01
201200015915;0;7;0;0;2;2;1;B01
201200015916;0;7;0;0;2;3;15;A01
201200015916;0;7;0;0;2;3;1;B01
201200015917;0;7;0;13;0;1;21;A01
201200015918;0;7;0;6;0;6;1;A01
201200015919;0;37;1;0;1;2;1;A01
201200015920;0;7;0;0;2;3;11;A01
201200015920;0;32;0;0;2;8;1;B01
201200015921;0;33;0;0;0;0;0;A01
201200015922;0;7;0;0;2;3;15;B01
201200015922;0;30;0;0;2;1;0;A01
201200015923;0;33;0;0;2;1;2;C01
201200015923;0;7;0;0;0;4;1;A01
201200015923;0;33;0;4;2;4;1;B01
201200015924;0;7;0;0;2;2;0;B01
201200015924;0;2;0;0;2;1;0;A01
201200015925;0;7;0;0;2;2;1;B01
201200015925;0;7;0;0;2;3;13;A01
201200015926;0;32;0;0;1;1;1;A01
201200015927;0;7;0;0;2;2;2;A01
201200015927;0;7;0;0;2;8;15;B01
201200015928;0;7;0;0;0;8;1;A01
201200015928;0;33;0;0;0;7;3;B01
201200015929;0;7;0;0;2;3;15;A01
201200015929;0;30;0;0;2;1;1;B01
201200015930;0;34;0;0;2;1;1;B01
201200015930;0;7;0;0;2;1;17;A01
201200015931;0;7;0;0;2;3;1;A01
201200015931;0;7;0;0;2;3;1;B01
201200015931;0;31;0;0;2;1;1;C01
201200015932;0;2;0;0;2;1;17;A01
201200015932;0;7;0;0;2;8;17;B01
201200015933;0;7;0;0;2;4;1;B01
201200015933;0;7;0;0;2;1;1;A01
201200015934;0;2;0;0;0;1;0;A01
201200015935;0;7;0;0;2;9;0;A01
201200015935;2;7;0;0;2;3;0;Z01
201200015936;0;10;0;0;0;2;9;A01
201200015936;0;2;0;0;2;3;1;B01
201200015937;0;7;0;0;2;4;0;B01
201200015937;1;7;0;0;2;1;1;Z01
201200015937;0;7;0;0;2;4;1;A01
201200015938;0;7;0;0;2;6;9;A01
201200015938;0;33;0;0;2;1;1;B01
201200015939;0;7;0;0;2;1;2;A01
201200015939;0;7;0;0;2;4;2;B01
201200015940;0;34;0;0;2;1;1;B01
201200015940;0;1;0;0;2;8;1;A01
201200015941;0;33;0;0;9;1;12;A01
201200015941;0;37;0;0;0;6;1;B01
201200015942;0;2;0;0;2;2;17;B01
201200015942;0;7;0;0;2;3;15;A01
201200015943;0;32;0;0;2;1;1;B01
201200015943;0;7;0;0;2;2;15;A01
201200015944;0;30;0;0;2;1;1;A01
201200015944;0;7;0;0;2;2;15;B01
201200015945;0;7;0;1;0;2;1;A01
201200015946;0;7;0;0;2;1;1;A01
201200015946;0;7;0;0;0;4;2;D01
201200015946;0;7;0;0;2;4;2;C01
201200015946;0;7;0;0;2;0;1;B01
201200015947;0;7;0;0;2;2;15;A01
201200015947;0;33;0;0;2;0;1;B01
201200015948;0;7;0;0;2;3;15;B01
201200015948;0;30;0;0;2;1;17;A01
201200015949;0;7;0;0;2;1;1;A01
201200015949;0;7;0;0;2;4;23;B01
201200015950;0;31;0;0;2;3;3;A01
201200015950;0;7;0;0;2;2;14;B01
201200015951;0;10;0;0;1;7;1;A01
201200015952;0;7;0;0;2;1;1;A01
201200015952;0;7;0;0;2;3;1;B01
201200015953;1;7;0;0;1;2;1;Z01
201200015954;1;2;0;0;2;0;0;Z01
201200015954;0;2;0;0;2;0;0;B01
201200015955;0;30;0;0;2;4;1;B01
201200015955;0;31;0;0;2;1;2;A01
201200015956;0;33;0;13;0;1;14;A01
201200015957;0;7;0;6;0;0;0;A01
201200015958;0;31;0;0;2;1;1;B01
201200015958;0;7;0;0;2;2;15;A01
201200015959;0;7;0;0;0;4;2;C01
201200015959;0;10;0;0;2;4;2;B01
201200015959;0;7;0;0;2;1;2;A01
201200015960;0;7;0;0;2;4;2;B01
201200015960;0;13;0;0;2;1;2;A01
201200015960;0;7;0;0;2;4;2;C01
201200015961;0;7;0;0;2;1;2;A01
201200015961;0;7;0;0;2;4;23;C01
201200015961;0;7;0;0;2;4;23;B01
201200015962;0;7;0;0;2;2;1;A01
201200015962;1;33;0;0;2;8;1;B01
201200015963;0;7;0;0;0;4;2;B01
201200015963;0;7;0;0;2;1;2;A01
201200015964;0;10;0;0;2;2;10;A01
201200015964;0;33;0;0;2;1;1;B01
201200015965;0;7;0;0;2;1;2;A01
201200015965;0;7;0;0;2;4;2;B01
201200015966;0;7;0;0;2;6;10;A01
201200015966;0;30;0;0;2;1;1;B01
201200015967;0;30;0;14;0;1;0;A01
201200015968;0;7;0;0;2;1;0;A01
201200015968;0;7;0;14;0;7;0;B01
201200015969;0;2;0;0;2;1;0;A01
201200015969;0;7;0;0;2;3;0;B01
201200015970;1;37;1;0;1;0;1;Z01
201200015971;0;33;0;0;2;1;1;B01
201200015971;1;7;0;0;2;4;4;Z01
201200015972;0;7;0;0;2;1;1;B01
201200015972;1;7;0;0;2;1;11;Z01
201200015973;0;30;0;0;2;3;2;B01
201200015973;1;7;0;0;0;0;2;Z01
201200015974;0;32;0;0;0;0;1;A01
201200015975;0;33;0;0;2;7;2;B01
201200015975;0;7;0;0;2;3;9;A01
201200015976;0;7;0;0;2;4;2;C01
201200015976;0;7;0;0;2;1;2;A01
201200015976;0;7;0;0;2;4;2;B01
201200015977;0;7;0;0;1;1;1;A01
201200015978;0;32;0;0;2;7;1;B01
201200015978;0;7;0;0;2;1;9;A01
201200015979;0;2;0;0;0;8;1;A01
201200015980;0;7;0;0;1;1;1;A01
201200015981;0;7;0;0;2;4;2;B01
201200015981;0;7;0;0;2;4;2;C01
201200015981;0;7;0;0;2;1;2;A01
201200015982;0;7;0;0;2;2;15;A01
201200015982;0;34;0;0;2;1;1;B01
201200015983;0;2;0;0;2;1;0;B01
201200015983;1;7;0;0;2;0;0;Z01
201200015984;1;7;0;0;1;1;0;Z01
201200015985;0;7;0;0;2;1;2;B01
201200015985;2;7;0;0;2;7;1;A01
201200015986;0;31;0;0;2;1;1;A01
201200015986;2;7;0;0;2;2;10;Z01
201200015987;0;7;0;0;0;6;1;B01
201200015987;1;30;0;0;1;1;1;Z01
201200015988;0;7;0;0;1;2;1;A01
201200015989;0;7;0;0;9;8;9;A01
201200015989;0;1;0;0;2;1;2;B01
201200015990;0;1;0;0;2;8;15;A01
201200015990;0;30;0;0;2;7;17;B01
201200015991;0;7;0;3;0;8;1;A01
201200015992;0;10;0;0;1;1;13;A01
201200015993;0;7;0;0;1;1;1;A01
201200015994;1;7;0;0;1;6;4;Z01
201200015995;0;7;0;0;2;1;16;A01
201200015995;0;7;0;0;2;3;1;B01
201200015996;0;7;0;1;0;1;1;A01
201200015997;0;7;0;0;2;4;1;B01
201200015997;0;33;0;0;2;1;1;A01
201200015998;0;2;0;0;2;1;2;A01
201200015998;0;33;0;0;2;8;11;B01
201200015999;0;7;0;0;2;0;0;A01
201200015999;0;7;0;0;2;0;0;B01
201200016000;0;32;0;0;2;8;16;B01
201200016000;1;7;0;0;2;1;0;Z01
201200016001;0;30;0;0;2;0;0;B01
201200016001;1;30;0;0;2;0;0;Z01
201200016002;0;32;0;0;2;2;1;B01
201200016002;0;7;0;0;2;2;13;A01
201200016003;0;7;0;0;0;1;0;A01
201200016003;0;7;0;0;0;7;2;B01
201200016004;0;33;0;0;2;1;1;B01
201200016004;1;7;0;0;2;0;15;Z01
201200016005;0;33;0;0;2;0;0;B01
201200016005;1;7;0;0;0;0;0;Z01
201200016006;0;7;0;0;2;8;2;A01
201200016006;1;31;0;0;0;1;1;Z01
201200016007;0;34;0;0;2;1;1;A01
201200016007;0;7;0;0;2;4;1;B01
201200016008;0;7;0;0;2;4;1;B01
201200016008;1;7;0;0;2;1;2;Z01
201200016009;0;32;0;0;1;1;0;A01
201200016010;0;33;0;0;0;0;0;A01
201200016011;0;7;0;0;2;7;15;A01
201200016011;0;32;0;0;2;1;1;B01
201200016012;0;33;0;0;2;5;0;B01
201200016012;0;7;0;0;2;1;0;A01
201200016013;0;34;0;0;2;7;1;A01
201200016013;0;7;0;0;2;5;20;B01
201200016014;0;32;0;0;2;1;1;A01
201200016014;0;7;0;0;2;4;15;B01
201200016015;0;13;0;0;2;1;1;A01
201200016015;0;37;0;0;2;4;2;B01
201200016016;0;7;0;15;0;4;1;A01
201200016017;0;7;0;0;2;3;15;A01
201200016017;0;32;0;0;2;1;17;B01
201200016018;0;34;0;0;2;1;18;A01
201200016018;0;7;0;0;2;3;15;B01
201200016019;0;33;0;1;2;8;0;C01
201200016019;0;7;0;1;2;6;0;A01
201200016019;0;7;0;0;2;3;0;B01
201200016020;0;10;0;0;1;3;1;A01
201200016021;0;7;0;0;0;4;2;B01
201200016021;0;33;0;0;0;4;2;C01
201200016021;0;7;0;0;0;1;2;A01
201200016022;0;7;0;0;5;9;21;A01
201200016023;0;31;0;0;2;1;5;A01
201200016023;0;10;0;0;2;1;15;B01
201200016024;0;7;0;0;2;6;15;A01
201200016024;0;30;0;0;2;1;17;B01
201200016025;0;2;0;1;0;0;0;A01
201200016026;0;34;0;0;2;4;0;B01
201200016026;0;10;0;0;2;6;16;A01
201200016027;0;7;0;0;2;2;0;A01
201200016027;0;34;0;0;2;1;1;B01
201200016028;0;32;0;0;2;7;16;A01
201200016028;0;32;0;0;2;8;1;B01
201200016029;0;7;0;0;2;1;1;B01
201200016029;0;7;0;0;2;2;15;A01
201200016030;0;7;0;0;2;1;1;A01
201200016030;0;33;0;0;2;8;1;B01
201200016031;1;99;0;0;2;1;2;Z01
201200016031;0;7;0;0;2;4;15;B01
201200016032;0;7;0;0;2;1;2;C01
201200016032;0;7;0;0;0;4;15;A01
201200016032;0;7;0;0;2;3;1;B01
201200016033;0;7;0;0;2;1;2;A01
201200016033;0;7;0;0;2;4;2;B01
201200016034;0;2;0;0;2;2;2;A01
201200016034;0;7;0;0;2;2;15;B01
201200016035;0;2;0;0;2;1;2;A01
201200016035;0;7;0;0;2;6;2;B01
201200016036;0;10;0;0;0;0;20;C01
201200016036;0;32;0;8;2;7;17;A01
201200016036;0;7;0;0;2;6;21;B01
201200016037;0;7;0;0;0;0;0;B01
201200016037;0;7;0;8;2;1;21;A01
201200016038;0;7;0;0;2;4;1;B01
201200016038;0;7;0;0;2;1;1;A01
201200016039;0;34;0;1;0;1;2;A01
201200016040;0;7;0;0;0;7;2;A01
201200016041;0;2;0;0;1;1;1;A01
201200016041;0;32;0;0;9;1;2;C01
201200016042;0;7;0;0;2;3;0;A01
201200016042;0;7;0;0;2;1;0;B01
201200016043;0;7;0;0;2;2;15;A01
201200016043;0;33;0;0;2;1;21;B01
201200016044;0;2;0;0;2;1;0;A01
201200016044;0;7;0;0;0;5;1;B01
201200016045;0;32;0;14;0;1;1;A01
201200016046;1;7;0;0;2;8;0;Z01
201200016046;0;1;0;0;2;7;0;B01
201200016047;0;30;0;0;2;7;2;A01
201200016048;1;7;0;0;2;1;1;Z01
201200016048;0;7;0;0;2;4;0;B01
201200016049;1;7;0;0;1;0;1;Z01
201200016050;0;30;0;0;1;1;1;A01
201200016051;0;7;0;0;2;3;2;B01
201200016051;0;30;0;0;2;2;2;A01
201200016052;0;33;0;0;0;9;21;A01
201200016053;0;7;0;15;0;1;1;A01
201200016053;0;7;0;0;2;7;2;B01
201200016054;0;7;0;8;0;2;0;A01
201200016055;0;7;0;0;0;1;0;A01
201200016056;0;34;0;0;1;1;1;A01
201200016057;0;7;0;8;0;2;1;A01
201200016058;0;33;0;0;2;1;1;B01
201200016058;0;7;0;0;2;3;15;A01
201200016059;0;7;0;0;0;8;1;A01
201200016059;0;7;0;0;0;1;1;B01
201200016060;0;7;0;0;2;3;10;A01
201200016060;0;32;0;0;2;1;17;B01
201200016061;0;34;0;0;2;9;17;B01
201200016061;0;7;0;0;2;1;15;A01
201200016062;0;7;0;0;2;3;0;B01
201200016062;0;7;0;0;2;1;1;A01
201200016063;0;7;0;0;1;5;2;A01
201200016064;0;7;0;0;2;8;11;A01
201200016064;0;17;0;0;2;2;21;B01
201200016065;0;33;0;14;0;0;1;A01
201200016065;0;7;0;0;0;0;15;B01
201200016066;0;7;0;0;2;1;17;A01
201200016066;0;7;0;0;0;6;13;B01
201200016067;0;7;0;0;2;3;9;A01
201200016067;0;33;0;0;2;1;1;B01
201200016068;0;32;0;0;0;7;1;A01
201200016069;0;7;0;0;0;5;15;A01
201200016069;0;30;0;0;2;1;1;B01
201200016070;0;33;0;0;2;1;0;B01
201200016070;0;7;0;0;2;3;17;A01
201200016071;0;7;0;0;2;6;4;A01
201200016071;0;33;0;0;2;1;1;B01
201200016072;0;7;0;0;2;7;1;B01
201200016072;0;7;0;0;2;1;1;A01
201200016073;1;34;0;0;2;1;1;Z01
201200016073;0;2;0;0;2;6;1;B01
201200016074;1;7;0;0;9;0;2;Z01
201200016074;0;1;0;0;2;4;1;B01
201200016075;0;7;0;0;1;8;15;A01
201200016076;0;7;0;0;1;1;1;A01
201200016077;1;7;0;0;1;2;7;Z01
201200016078;0;33;0;0;2;1;3;A01
201200016078;0;7;0;0;2;8;1;C01
201200016078;0;37;1;0;2;3;0;B01
201200016079;0;33;0;0;2;0;0;A01
201200016079;0;7;0;0;2;4;1;B01
201200016080;0;7;0;0;2;3;1;B01
201200016080;1;7;0;0;2;1;1;Z01
201200016081;0;2;0;0;2;8;0;B01
201200016081;1;99;0;0;2;0;0;Z01
201200016082;0;7;0;0;2;8;13;A01
201200016082;0;1;0;0;2;0;2;B01
201200016083;0;30;0;0;2;1;0;A01
201200016083;0;7;0;0;2;6;16;B01
201200016084;0;7;0;0;2;6;2;B01
201200016084;0;31;0;0;2;1;2;A01
201200016085;0;7;0;8;0;1;1;A01
201200016086;1;30;0;0;2;1;1;Z01
201200016086;0;34;0;0;2;0;1;B01
201200016087;1;7;0;0;2;8;0;A01
201200016087;0;30;0;0;0;8;1;B01
201200016088;0;7;0;0;2;5;1;B01
201200016088;0;7;0;0;2;1;1;A01
201200016089;0;7;0;0;2;1;15;A01
201200016089;0;30;0;0;2;4;1;B01
201200016090;0;7;0;0;2;2;1;B01
201200016090;0;7;0;0;2;3;1;A01
201200016091;0;7;0;0;0;6;0;B01
201200016091;0;7;0;0;0;3;1;A01
201200016092;0;2;0;0;2;1;3;A01
201200016092;0;7;0;14;0;8;13;B01
201200016093;0;7;0;0;2;6;9;A01
201200016093;0;32;0;0;2;1;2;B01
201200016094;0;30;0;0;2;1;0;B01
201200016094;0;7;0;0;2;3;1;A01
201200016095;0;10;0;1;2;8;21;A01
201200016095;0;2;0;0;2;7;0;B01
201200016096;0;7;0;0;2;1;16;A01
201200016096;0;7;0;0;1;4;23;B01
201200016097;1;7;0;0;1;7;1;Z01
201200016098;0;7;0;0;0;4;2;B01
201200016098;0;7;0;0;2;1;1;A01
201200016099;0;7;0;0;2;3;17;A01
201200016099;0;33;0;14;2;7;17;B01
201200016100;0;7;0;0;0;3;11;A01
201200016100;0;7;0;0;2;1;21;B01
201200016101;0;7;0;0;2;3;1;B01
201200016101;0;7;0;0;2;6;1;C01
201200016101;0;7;0;0;2;1;9;A01
201200016102;0;33;0;0;0;0;17;A01
201200016102;1;7;0;0;0;0;10;Z01
201200016103;0;10;0;0;2;2;5;A01
201200016103;0;33;0;0;2;3;1;B01
201200016104;1;99;0;0;0;0;0;Z01
201200016105;0;7;0;0;2;7;1;A01
201200016105;0;33;0;0;2;1;1;B01
201200016106;1;30;0;0;1;1;1;Z01
201200016107;0;30;0;0;2;8;1;B01
201200016107;1;33;0;0;2;8;17;Z01
201200016108;0;7;0;0;2;1;1;B01
201200016108;1;10;0;0;2;1;13;Z01
201200016109;0;30;0;0;2;8;1;B01
201200016109;0;7;0;0;2;4;4;A01
201200016110;0;7;0;0;2;1;2;A01
201200016110;0;7;0;0;0;4;2;B01
201200016111;0;7;0;0;1;2;0;A01
201200016112;0;7;0;0;2;8;2;B01
201200016112;0;34;0;0;2;7;2;A01
201200016113;0;7;0;0;2;8;15;A01
201200016113;0;32;0;0;2;7;17;B01
201200016114;0;7;0;0;2;1;2;A01
201200016114;0;7;0;0;2;4;2;D01
201200016114;0;7;0;0;2;4;2;B01
201200016114;0;7;0;0;2;4;2;C01
201200016115;1;7;0;0;1;1;1;Z01
201200016116;0;7;0;0;0;7;1;A01
201200016116;0;3;0;0;0;1;1;B01
201200016117;0;7;0;0;2;3;10;A01
201200016117;0;34;0;0;2;1;1;B01
201200016118;0;37;15;0;2;7;15;B01
201200016118;0;33;0;0;2;0;1;A01
201200016119;0;7;0;0;0;2;1;A01
201200016119;0;30;0;0;0;1;1;B01
201200016120;0;7;0;16;2;5;1;B01
201200016120;0;7;0;0;2;3;9;A01
201200016121;0;7;0;0;0;3;1;A01
201200016121;0;31;0;0;0;1;1;B01
201200016122;0;7;0;0;2;4;2;B01
201200016122;0;34;0;0;2;4;2;A01
201200016123;1;7;0;0;2;0;15;A01
201200016123;0;32;0;0;2;2;17;B01
201200016124;0;34;0;0;2;1;1;B01
201200016124;1;7;0;0;2;5;10;Z01
201200016125;0;7;0;0;2;1;2;A01
201200016125;0;7;0;0;2;4;2;B01
201200016126;1;7;0;0;1;0;1;Z01
201200016127;0;2;0;0;2;1;2;A01
201200016127;0;7;0;0;2;5;2;B01
201200016128;0;7;0;0;2;3;12;A01
201200016128;0;32;0;0;2;1;0;B01
201200016129;0;7;0;0;1;2;1;A01
201200016130;0;7;0;0;2;1;15;A01
201200016130;0;2;0;0;2;1;1;B01
201200016131;0;7;0;0;2;3;15;A01
201200016131;0;32;0;0;2;1;1;B01
201200016132;0;7;0;0;2;2;2;A01
201200016132;0;7;0;15;0;6;2;B01
201200016133;0;31;0;0;2;1;1;B01
201200016133;0;7;0;0;2;7;10;A01
201200016134;0;32;0;0;0;0;2;A01
201200016135;0;7;0;7;0;0;16;A01
201200016136;0;30;0;0;2;8;13;A01
201200016136;0;32;0;0;2;8;13;B01
201200016137;0;7;0;0;2;2;12;A01
201200016137;0;31;0;0;2;3;0;B01
201200016138;0;31;0;0;2;1;0;A01
201200016138;0;7;0;0;2;5;0;B01
201200016139;0;7;0;0;2;4;23;C01
201200016139;0;37;20;0;2;1;2;A01
201200016139;0;7;0;0;2;4;23;B01
201200016140;2;7;0;0;1;1;1;Z01
201200016141;1;7;0;0;1;0;1;Z01
201200016142;1;7;0;0;1;1;1;Z01
201200016143;1;7;0;0;1;4;4;Z01
201200016144;1;10;0;0;2;8;15;Z01
201200016144;0;30;0;0;0;7;17;B01
201200016145;0;7;0;0;2;3;13;A01
201200016145;0;32;0;0;2;1;0;B01
201200016146;0;37;1;0;2;3;1;B01
201200016146;0;30;0;0;2;3;17;A01
201200016147;0;30;0;1;0;8;1;A01
201200016148;1;7;0;0;2;1;1;Z01
201200016148;0;7;0;0;2;4;23;B01
201200016149;0;31;0;0;2;8;1;B01
201200016149;1;7;0;0;2;7;12;Z01
201200016150;1;34;0;0;1;7;17;Z01
201200016151;0;7;0;0;2;3;11;A01
201200016151;0;32;0;0;2;5;1;B01
201200016151;0;7;0;0;2;1;23;C01
201200016152;1;7;0;0;1;1;0;Z01
201200016153;0;7;0;0;2;8;1;A01
201200016153;0;33;0;0;2;0;21;B01
201200016154;1;7;0;0;2;1;1;Z01
201200016154;0;1;0;0;2;1;1;A01
201200016155;0;7;0;0;2;2;16;A01
201200016155;0;2;0;0;2;1;1;B01
201200016156;0;7;0;0;2;4;2;C01
201200016156;0;7;0;0;2;1;2;A01
201200016156;0;7;0;0;2;1;2;B01
201200016157;0;7;0;15;0;1;1;A01
201200016158;0;7;0;0;0;1;2;B01
201200016158;0;7;0;0;0;1;2;A01
201200016159;0;30;0;0;0;0;13;A01
201200016160;0;7;0;0;2;1;1;C01
201200016160;0;7;0;0;2;7;15;A01
201200016160;0;34;0;0;2;1;2;B01
201200016161;0;32;0;0;2;1;17;A01
201200016161;0;7;0;0;2;6;1;B01
201200016161;1;7;0;0;2;3;13;Z01
201200016162;1;34;0;0;1;0;1;Z01
201200016163;0;33;0;0;2;1;1;B01
201200016163;1;7;0;0;2;2;1;Z01
201200016164;1;2;0;0;1;0;0;Z01
201200016165;0;7;0;0;0;5;23;B01
201200016165;0;7;0;0;2;2;0;A01
201200016166;0;32;0;0;2;3;1;A01
201200016166;1;99;0;0;2;0;15;Z01
201200016167;0;7;0;4;0;1;1;A01
201200016168;0;34;0;0;2;2;1;B01
201200016168;1;7;0;0;2;3;9;Z01
201200016169;1;7;0;0;2;1;1;Z01
201200016169;0;30;0;0;2;4;1;B01
201200016170;1;33;0;0;1;1;1;Z01
201200016171;0;20;0;0;2;5;5;A01
201200016171;0;33;0;0;2;8;15;B01
201200016172;0;2;0;0;2;7;1;A01
201200016172;1;7;0;0;2;0;1;Z01
201200016173;0;7;0;0;1;2;16;A01
201200016174;0;7;0;0;2;0;1;B01
201200016174;1;7;0;0;2;0;1;Z01
201200016175;0;7;0;0;2;4;23;B01
201200016175;1;7;0;0;2;1;2;Z01
201200016176;1;7;0;0;1;4;4;Z01
201200016177;0;33;0;0;2;7;17;B01
201200016177;0;7;0;0;1;8;15;A01
201200016178;0;34;0;0;2;1;1;B01
201200016178;0;30;0;0;2;8;9;A01
201200016179;0;30;0;0;2;1;2;A01
201200016179;0;7;0;0;2;8;15;B01
201200016180;0;32;0;0;2;7;1;B01
201200016180;1;7;0;1;2;8;11;Z01
201200016181;0;30;0;0;2;3;18;A01