num_acc;senc;catv;occutc;obs;obsm;choc;manv;num_veh
201200016181;0;7;0;0;0;2;16;B01
201200016182;0;7;0;0;0;0;1;A01
201200016182;0;30;0;0;0;7;1;B01
201200016183;0;7;0;0;2;3;10;A01
201200016183;0;30;0;0;2;1;1;B01
201200016184;0;1;0;14;0;0;1;A01
201200016185;0;7;0;0;0;4;1;B01
201200016185;0;7;0;0;2;2;1;A01
201200016186;0;7;0;0;2;3;10;A01
201200016186;0;33;0;0;2;7;13;B01
201200016187;0;30;0;0;2;2;1;B01
201200016187;0;7;0;0;2;6;10;A01
201200016188;0;7;0;0;2;3;13;A01
201200016188;0;32;0;0;2;2;0;B01
201200016189;0;7;0;0;2;1;2;A01
201200016189;1;99;0;0;0;0;0;Z01
201200016189;0;7;0;0;2;1;2;B01
201200016190;1;2;0;0;1;1;8;Z01
201200016191;0;2;0;0;0;4;23;B01
201200016191;0;2;0;0;2;1;2;A01
201200016192;0;32;0;0;0;0;15;A01
201200016192;0;33;0;0;0;0;1;B01
201200016193;0;7;0;0;0;2;1;B01
201200016193;0;7;0;0;2;8;9;A01
201200016194;0;7;0;0;0;4;1;B01
201200016194;0;30;0;0;2;1;1;A01
201200016195;0;7;0;0;2;1;1;A01
201200016195;0;7;0;0;2;3;1;B01
201200016196;0;7;0;8;2;2;1;A01
201200016197;0;7;0;0;1;1;1;A01
201200016198;0;7;0;0;2;3;15;A01
201200016198;0;31;0;0;2;8;1;B01
201200016199;0;7;0;0;2;2;17;A01
201200016199;0;7;0;0;0;8;15;B01
201200016200;0;3;0;15;0;9;2;A01
201200016201;0;32;0;0;2;3;1;A01
201200016202;0;7;0;0;2;2;1;A01
201200016202;0;7;0;0;0;4;23;C01
201200016202;0;7;0;0;2;6;23;B01
201200016203;0;30;0;0;2;1;17;B01
201200016203;0;7;0;0;2;8;22;A01
201200016204;0;7;0;0;1;4;4;A01
201200016205;0;10;0;0;1;3;19;A01
201200016206;0;7;0;0;2;1;1;B01
201200016206;0;33;0;0;2;1;1;A01
201200016207;0;30;0;8;0;0;0;A01
201200016208;0;2;0;0;2;1;3;A01
201200016208;0;7;0;0;2;3;15;B01
201200016208;0;7;0;0;0;4;1;C01
201200016209;0;7;0;0;2;6;15;B01
201200016209;0;7;0;0;0;3;1;A01
201200016210;0;7;0;0;1;5;4;A01
201200016211;0;2;0;0;2;1;0;A01
201200016211;0;7;0;0;2;3;0;B01
201200016212;0;33;0;0;2;1;1;B01
201200016212;0;7;0;0;2;3;17;A01
201200016213;0;1;0;0;2;8;19;A01
201200016213;0;7;0;0;9;1;1;B01
201200016214;0;7;0;0;1;3;16;A01
201200016215;0;2;0;0;2;1;11;B01
201200016215;0;7;0;0;2;1;1;A01
201200016216;1;7;0;0;1;0;0;Z01
201200016217;0;7;0;0;1;1;1;B01
201200016218;1;7;0;0;2;1;5;Z01
201200016218;0;33;0;1;2;1;21;A01
201200016219;1;7;0;0;0;0;0;Z01
201200016220;0;36;0;0;0;1;0;A01
201200016221;0;7;0;0;2;3;1;B01
201200016221;0;7;0;0;2;2;1;A01
201200016222;0;7;0;0;1;1;15;A01
201200016222;0;34;0;0;0;0;9;B01
201200016223;1;7;0;0;1;2;1;Z01
201200016224;0;7;0;0;2;3;13;A01
201200016224;0;7;0;0;2;3;1;B01
201200016225;0;30;0;0;0;0;10;A01
201200016226;0;7;0;0;2;1;9;A01
201200016226;0;33;0;0;2;7;1;B01
201200016227;1;31;0;0;2;2;1;Z01
201200016227;0;32;0;0;2;1;1;B01
201200016228;0;7;0;0;2;4;0;B01
201200016228;0;33;0;0;2;1;21;A01
201200016229;0;7;0;0;2;8;2;A01
201200016229;0;34;0;0;2;2;0;B01
201200016230;0;7;0;0;2;6;9;A01
201200016230;0;7;0;0;2;1;9;B01
201200016231;0;34;0;0;2;1;1;B01
201200016231;0;7;0;0;2;5;1;A01
201200016232;0;7;0;0;2;5;15;A01
201200016232;0;33;0;0;2;1;17;B01
201200016233;0;7;0;0;2;1;15;A01
201200016233;0;2;0;0;2;1;2;B01
201200016234;0;7;0;15;2;7;1;A01
201200016234;0;7;0;0;2;1;1;B01
201200016235;0;30;0;0;9;1;5;A01
201200016235;0;99;0;0;2;1;1;B01
201200016236;0;7;0;0;2;1;19;A01
201200016236;0;32;0;0;2;8;1;B01
201200016237;0;7;0;0;2;1;15;A01
201200016237;0;2;0;0;2;1;1;B01
201200016238;0;33;0;0;2;8;0;A01
201200016238;0;33;0;0;2;8;0;B01
201200016239;0;7;0;0;2;1;2;A01
201200016239;0;7;0;0;2;4;23;B01
201200016240;0;32;0;0;2;7;17;A01
201200016240;0;7;0;0;2;3;15;B01
201200016241;0;31;0;0;2;2;17;A01
201200016241;0;32;0;0;2;3;13;B01
201200016242;0;2;0;12;0;1;0;A01
201200016243;0;33;0;0;2;1;17;B01
201200016243;0;7;0;0;2;8;15;A01
201200016244;0;31;0;0;2;1;17;B01
201200016244;0;10;0;0;2;3;17;A01
201200016245;0;2;0;0;1;1;17;A01
201200016246;0;7;0;1;2;4;9;A01
201200016246;0;7;0;0;2;2;2;B01
201200016247;0;2;0;0;2;1;2;A01
201200016247;0;33;0;0;0;4;15;B01
201200016248;0;7;0;0;2;4;1;B01
201200016248;0;7;0;0;2;1;1;A01
201200016248;0;7;0;0;0;6;1;C01
201200016249;1;7;0;0;1;0;0;A01
201200016250;0;34;0;0;2;0;1;B01
201200016250;0;7;0;0;2;1;1;A01
201200016251;0;30;0;0;2;8;1;B01
201200016251;0;7;0;0;2;3;15;A01
201200016252;0;30;0;0;0;0;1;A01
201200016252;1;10;0;0;0;0;16;Z01
201200016253;0;30;0;0;1;1;1;A01
201200016254;0;7;0;0;2;2;15;A01
201200016254;0;32;0;0;2;7;5;B01
201200016255;0;34;0;0;2;3;2;A01
201200016255;0;32;0;0;0;7;1;B01
201200016256;0;7;0;0;2;3;16;A01
201200016256;0;30;0;0;2;1;16;B01
201200016257;0;30;0;0;0;1;1;A01
201200016258;0;33;0;0;2;7;1;B01
201200016258;0;7;0;0;2;1;9;A01
201200016259;0;15;0;0;2;1;1;A01
201200016259;0;7;0;0;2;4;23;B01
201200016260;0;7;0;0;0;4;2;B01
201200016260;0;7;0;0;0;1;2;A01
201200016261;0;7;0;0;1;2;23;A01
201200016262;0;7;0;0;2;7;1;C01
201200016262;0;7;0;0;2;1;1;A01
201200016262;0;7;0;0;2;8;19;B01
201200016263;0;30;0;0;2;0;17;A01
201200016263;0;32;0;0;2;8;0;B01
201200016264;0;7;0;0;2;3;10;A01
201200016264;0;33;0;0;2;1;1;B01
201200016265;0;7;0;5;2;6;2;B01
201200016266;0;7;0;0;1;1;0;A01
201200016267;0;34;0;0;2;1;17;A01
201200016267;0;7;0;0;2;8;15;B01
201200016268;0;2;0;0;2;1;13;A01
201200016268;0;2;0;0;2;1;1;B01
201200016269;0;32;0;0;2;4;2;B01
201200016269;0;30;0;0;2;1;2;A01
201200016270;1;7;0;0;2;1;2;Z01
201200016270;0;32;0;0;2;4;1;A01
201200016271;0;7;0;0;0;3;1;A01
201200016271;0;7;0;0;2;1;19;B01
201200016272;0;7;0;0;2;3;9;A01
201200016272;0;7;0;0;0;1;1;B01
201200016273;0;32;0;0;0;7;1;A01
201200016274;0;7;0;0;2;1;2;A01
201200016274;0;7;0;0;0;6;2;B01
201200016274;0;7;0;0;2;3;16;C01
201200016275;0;7;0;0;2;1;1;B01
201200016275;0;7;0;1;2;1;17;A01
201200016276;0;10;0;0;2;1;2;A01
201200016276;0;7;0;0;2;4;23;B01
201200016277;0;7;0;0;2;3;15;A01
201200016277;0;32;0;0;2;1;1;B01
201200016278;0;7;0;0;1;1;2;A01
201200016279;0;7;0;0;2;3;15;A01
201200016279;0;30;0;0;2;1;1;B01
201200016280;0;34;0;0;2;1;1;B01
201200016280;0;7;0;0;2;2;15;A01
201200016281;0;7;0;0;5;7;1;A01
201200016282;0;7;0;0;2;4;1;B01
201200016282;0;7;0;0;2;1;1;A01
201200016283;0;7;0;0;2;6;23;B01
201200016283;1;7;0;0;2;6;11;Z01
201200016283;0;7;0;1;2;2;2;A01
201200016284;0;7;0;0;0;1;1;A01
201200016285;0;14;0;0;1;7;1;A01
201200016286;0;33;0;4;0;1;1;A01
201200016287;0;7;0;0;0;4;2;C01
201200016287;0;10;0;0;2;1;1;A01
201200016287;0;7;0;0;2;4;1;B01
201200016288;0;33;0;0;1;1;1;A01
201200016289;0;30;0;0;2;8;10;A01
201200016289;0;7;0;0;2;1;1;B01
201200016290;0;37;2;0;2;3;11;B01
201200016290;0;30;0;0;2;1;15;A01
201200016291;0;10;0;0;2;0;9;A01
201200016291;0;30;0;0;2;1;1;B01
201200016292;0;7;0;0;2;8;10;A01
201200016292;1;31;0;0;2;4;1;B01
201200016293;0;7;0;0;1;2;0;A01
201200016294;0;34;0;0;2;8;1;B01
201200016294;2;7;0;1;2;1;0;A01
201200016295;0;7;0;0;1;1;1;A01
201200016296;0;7;0;0;0;4;23;B01
201200016296;0;7;0;0;2;1;1;A01
201200016297;1;7;0;0;0;0;0;Z01
201200016297;0;7;0;1;0;1;1;A01
201200016298;0;32;0;0;2;8;17;A01
201200016298;0;33;0;0;2;0;17;B01
201200016299;0;7;0;0;2;8;1;B01
201200016299;0;3;0;0;2;1;10;A01
201200016300;0;7;0;0;1;1;1;A01
201200016301;0;7;0;0;0;8;0;B01
201200016301;0;7;0;0;0;1;0;A01
201200016302;0;2;0;1;0;2;0;A01
201200016303;0;10;0;13;0;9;1;A01
201200016304;0;7;0;0;0;4;2;B01
201200016304;0;34;0;0;0;1;2;A01
201200016305;0;33;0;0;0;7;1;B01
201200016305;0;7;0;0;0;3;9;A01
201200016306;0;7;0;0;4;2;19;A01
201200016306;0;33;0;0;2;2;19;B01
201200016307;0;7;0;0;2;1;1;B01
201200016307;0;7;0;0;0;6;16;A01
201200016308;0;30;0;0;2;7;17;A01
201200016308;0;30;0;0;2;1;2;C01
201200016308;0;7;0;0;2;3;15;B01
201200016309;0;7;0;0;1;1;24;A01
201200016310;0;33;0;0;1;2;0;A01
201200016311;0;3;0;0;2;6;1;C01
201200016311;0;7;0;0;2;3;9;A01
201200016311;0;2;0;0;2;8;1;B01
201200016312;1;7;0;0;2;3;13;Z01
201200016312;0;32;0;0;2;1;1;A01
201200016313;0;30;0;0;0;9;0;A01
201200016314;0;32;0;0;2;8;18;A01
201200016314;0;7;0;0;2;7;1;B01
201200016315;0;7;0;0;2;8;9;A01
201200016315;0;34;0;0;2;1;17;B01
201200016316;0;33;0;0;0;0;1;A01
201200016317;0;10;0;0;2;1;15;A01
201200016317;0;7;0;1;2;3;1;B01
201200016318;0;7;0;0;0;6;1;B01
201200016318;1;15;0;0;0;2;12;A01
201200016319;0;33;0;1;2;1;1;A01
201200016319;0;7;0;0;2;7;11;B01
201200016319;0;7;0;0;2;1;1;C01
201200016320;0;7;0;0;0;4;2;B01
201200016320;0;33;0;0;2;1;2;A01
201200016321;0;7;0;0;2;4;2;B01
201200016321;0;7;0;0;2;1;2;A01
201200016322;0;7;0;0;2;4;19;A01
201200016322;0;34;0;0;2;2;0;B01
201200016323;0;7;0;0;0;3;0;A01
201200016323;0;1;0;0;0;0;0;B01
201200016324;0;7;0;0;1;7;0;A01
201200016325;0;7;0;0;2;4;2;A01
201200016325;1;7;0;0;2;1;2;Z01
201200016326;0;32;0;0;2;8;1;B01
201200016326;0;32;0;0;2;1;15;A01
201200016327;0;7;0;0;2;1;1;A01
201200016327;0;7;0;0;2;7;15;B01
201200016328;0;32;0;15;0;7;14;A01
201200016329;0;30;0;8;0;8;1;A01
201200016330;0;32;0;0;2;7;3;B01
201200016330;0;31;0;0;2;8;11;A01
201200016331;0;7;0;0;0;7;1;B01
201200016331;0;33;0;0;0;7;2;A01
201200016332;0;33;0;0;2;0;21;B01
201200016332;0;7;0;0;2;0;5;A01
201200016333;0;7;0;0;2;3;1;A01
201200016333;0;32;0;0;2;8;1;B01
201200016334;0;33;0;0;0;7;21;A01
201200016335;0;32;0;0;0;0;1;A01
201200016336;0;33;0;1;2;0;2;A01
201200016336;0;7;0;0;2;2;20;B01
201200016337;0;30;0;0;1;1;0;A01
201200016338;0;33;0;0;2;1;1;A01
201200016338;0;7;0;0;2;8;1;B01
201200016339;0;32;0;0;2;1;17;A01
201200016339;0;7;0;0;2;1;1;B01
201200016340;0;7;0;0;2;0;22;A01
201200016340;0;1;0;0;2;1;18;B01
201200016341;0;30;0;0;2;8;1;B01
201200016341;1;7;0;0;2;8;5;Z01
201200016342;0;34;0;0;0;8;0;A01
201200016343;0;7;0;7;2;2;1;A01
201200016343;0;7;0;0;2;3;1;B01
201200016344;0;32;0;8;2;8;1;B01
201200016344;0;7;0;0;2;3;1;A01
201200016345;0;30;0;0;2;3;1;B01
201200016345;0;7;0;0;9;2;11;A01
201200016346;0;30;0;0;2;1;1;B01
201200016346;0;10;0;0;2;1;1;A01
201200016347;0;2;0;0;1;1;1;A01
201200016348;0;32;0;0;2;1;0;A01
201200016348;0;7;0;0;2;8;0;B01
201200016349;0;7;0;0;1;1;15;A01
201200016350;0;7;0;0;2;0;0;B01
201200016350;0;30;0;0;2;0;0;A01
201200016351;0;10;0;0;2;3;15;B01
201200016351;0;30;0;0;2;2;1;A01
201200016352;0;31;0;0;2;0;1;A01
201200016352;1;7;0;0;0;0;0;Z01
201200016353;0;31;0;0;2;2;11;A01
201200016353;0;7;0;0;2;3;11;B01
201200016354;0;7;0;12;0;9;0;A01
201200016355;0;34;0;0;2;1;1;A01
201200016355;0;7;0;0;2;8;1;B01
201200016356;0;7;0;0;1;1;0;A01
201200016357;0;7;0;0;2;2;15;A01
201200016357;0;33;0;0;2;1;1;B01
201200016358;0;7;0;0;1;1;9;A01
201200016359;0;7;0;0;1;5;1;A01
201200016360;1;30;0;0;1;1;1;Z01
201200016361;0;33;0;0;2;5;12;A01
201200016361;1;7;0;0;0;0;0;Z01
201200016362;0;7;0;0;2;3;16;B01
201200016362;1;7;0;0;2;4;1;Z01
201200016363;0;7;0;0;1;4;23;B01
201200016363;1;7;0;0;2;1;1;Z01
201200016364;0;30;0;0;2;8;1;B01
201200016364;1;7;0;0;2;5;17;Z01
201200016365;1;7;0;0;2;7;17;Z01
201200016365;0;33;0;0;2;8;1;B01
201200016366;1;7;0;0;2;1;1;Z01
201200016366;0;7;0;0;2;4;1;B01
201200016367;0;33;0;0;2;7;17;B01
201200016367;1;7;0;0;2;0;11;Z01
201200016368;0;1;0;0;2;1;1;B01
201200016368;1;7;0;0;2;7;15;Z01
201200016369;2;7;0;0;2;3;0;A01
201200016369;0;7;0;0;2;3;1;B01
201200016370;0;32;0;0;2;1;1;B01
201200016370;1;7;0;0;2;1;13;Z01
201200016371;0;7;0;0;2;4;1;B01
201200016371;1;7;0;0;2;1;2;Z01
201200016372;0;34;0;1;1;1;1;B01
201200016372;1;7;0;0;2;0;1;Z01
201200016373;1;7;0;0;1;0;1;Z01
201200016374;1;10;0;0;1;0;1;Z01
201200016375;0;7;0;0;2;2;1;A01
201200016375;0;7;0;0;2;1;1;B01
201200016376;1;13;0;0;2;4;4;Z01
201200016376;0;7;0;0;2;1;0;B01
201200016377;0;7;0;0;2;6;9;B01
201200016377;0;7;0;0;2;2;9;A01
201200016378;0;7;0;0;2;4;1;B01
201200016378;1;7;0;0;2;1;1;Z01
201200016379;0;34;0;0;2;1;2;A01
201200016379;0;7;0;0;0;4;2;B01
201200016380;0;7;0;0;2;3;9;B01
201200016380;0;30;0;0;2;1;0;A01
201200016381;0;7;0;0;0;0;15;A01
201200016381;0;33;0;0;2;0;21;B01
201200016382;0;7;0;0;2;1;2;A01
201200016382;0;7;0;0;2;5;2;B01
201200016383;0;37;10;0;2;3;2;A01
201200016383;0;7;0;0;2;2;20;B01
201200016384;0;7;0;0;1;1;1;A01
201200016385;0;10;0;0;0;3;9;A01
201200016385;0;30;0;0;2;1;1;B01
201200016386;0;7;0;0;2;4;2;B01
201200016386;0;14;0;0;2;2;2;A01
201200016387;0;30;0;0;2;3;15;A01
201200016387;0;7;0;0;2;3;15;B01
201200016388;0;7;0;0;2;5;1;A01
201200016388;1;7;0;0;2;0;3;Z01
201200016389;0;7;0;0;0;4;2;C01
201200016389;0;7;0;0;2;1;2;A01
201200016389;0;10;0;0;2;4;2;B01
201200016390;0;32;0;0;1;1;1;A01
201200016391;0;34;0;0;2;4;2;B01
201200016391;0;7;0;0;2;1;2;A01
201200016391;0;7;0;0;0;4;2;C01
201200016392;0;33;0;0;2;1;2;B01
201200016392;0;7;0;1;0;1;15;A01
201200016393;0;7;0;0;2;4;23;B01
201200016393;1;7;0;0;2;1;1;Z01
201200016394;0;7;0;0;1;1;1;A01
201200016395;0;7;0;0;2;3;15;A01
201200016395;0;2;0;0;2;0;15;B01
201200016396;0;14;0;0;2;2;12;A01
201200016396;0;7;0;0;2;8;1;B01
201200016397;0;7;0;0;2;1;15;A01
201200016397;0;33;0;0;2;1;1;B01
201200016398;0;7;0;0;2;1;15;A01
201200016398;0;33;0;0;2;8;1;B01
201200016399;0;7;0;8;0;1;21;A01
201200016400;0;33;0;0;2;3;0;A01
201200016400;0;7;0;0;0;8;2;B01
201200016401;0;2;0;0;2;2;23;A01
201200016401;1;7;0;0;2;2;5;Z01
201200016402;0;30;0;0;2;0;23;B01
201200016402;0;7;0;0;9;8;1;A01
201200016403;0;7;0;0;0;1;9;A01
201200016403;0;7;0;0;0;5;1;B01
201200016404;0;33;0;0;1;2;1;A01
201200016405;0;7;0;0;2;3;15;A01
201200016405;0;32;0;0;2;3;1;B01
201200016406;0;33;0;14;0;1;17;A01
201200016407;1;7;0;0;1;1;1;Z01
201200016408;0;7;0;0;2;1;1;A01
201200016408;0;1;0;0;2;4;16;B01
201200016409;0;30;0;0;0;0;1;A01
201200016410;0;34;0;0;2;8;1;B01
201200016410;0;7;0;0;2;3;15;A01
201200016411;1;7;0;0;1;0;0;Z01
201200016412;0;1;0;0;4;3;19;A01
201200016412;0;40;0;0;9;2;1;B01
201200016413;1;7;0;0;2;7;0;Z01
201200016413;0;1;0;0;2;8;1;B01
201200016414;0;7;0;0;2;1;9;B01
201200016414;0;7;0;0;2;1;5;A01
201200016415;0;7;0;0;2;4;2;B01
201200016415;0;7;0;0;2;1;2;A01
201200016416;0;7;0;0;0;3;11;A01
201200016416;0;32;0;0;0;7;17;B01
201200016417;0;7;0;0;1;2;1;A01
201200016418;1;99;0;0;0;0;0;Z01
201200016419;0;7;0;0;9;5;15;A01
201200016419;0;33;0;0;2;1;1;B01
201200016420;0;7;0;0;2;2;15;B01
201200016420;0;7;0;0;2;1;1;A01
201200016421;0;14;0;0;1;2;1;A01
201200016422;0;32;0;0;2;1;1;B01
201200016422;0;7;0;0;2;2;15;A01
201200016423;0;7;0;0;1;7;1;A01
201200016424;0;1;0;0;2;0;17;B01
201200016424;0;7;0;0;9;0;13;A01
201200016425;0;7;0;0;1;7;1;A01
201200016426;0;7;0;0;1;1;1;A01
201200016427;0;7;0;0;2;1;1;B01
201200016427;0;10;0;0;2;1;5;A01
201200016428;0;33;0;0;2;3;5;B01
201200016428;0;7;0;0;2;0;19;A01
201200016429;0;7;0;0;1;3;1;A01
201200016430;0;32;0;0;1;1;1;A01
201200016431;0;7;0;8;0;1;2;A01
201200016432;0;30;0;0;4;8;1;A01
201200016432;0;40;0;0;2;2;1;B01
201200016433;0;7;0;0;2;3;2;B01
201200016433;0;7;0;0;2;1;2;A01
201200016434;0;33;0;0;2;1;2;B01
201200016434;0;7;0;0;0;8;15;A01
201200016435;0;7;0;10;2;3;1;A01
201200016435;0;7;0;0;2;3;1;C01
201200016435;0;34;0;0;2;1;0;B01
201200016436;0;7;0;0;2;2;15;A01
201200016436;0;33;0;0;2;1;16;B01
201200016437;0;7;0;0;1;3;1;A01
201200016438;0;7;0;0;1;3;9;A01
201200016439;0;31;0;0;1;1;17;A01
201200016440;0;7;0;0;2;2;2;A01
201200016440;0;7;0;0;0;6;2;B01
201200016441;0;7;0;8;0;2;1;A01
201200016442;0;33;0;0;2;4;1;B01
201200016442;1;2;0;0;2;1;1;Z01
201200016443;1;7;0;0;1;0;1;Z01
201200016444;1;7;0;0;2;0;1;Z01
201200016444;0;2;0;0;2;4;1;B01
201200016445;0;7;0;0;2;3;0;A01
201200016445;0;32;0;0;2;8;0;B01
201200016446;0;7;0;0;2;3;9;A01
201200016446;0;7;0;0;2;7;1;B01
201200016447;0;7;0;0;0;8;11;A01
201200016447;0;2;0;0;0;7;17;B01
201200016448;0;7;0;0;2;1;1;A01
201200016448;0;7;0;0;2;4;1;B01
201200016449;0;7;0;0;0;3;15;A01
201200016449;0;30;0;0;2;6;1;B01
201200016450;0;7;0;0;2;1;2;A01
201200016450;0;3;0;0;0;4;2;B01
201200016451;0;7;0;0;0;0;0;B01
201200016451;0;2;0;0;0;3;3;A01
201200016452;0;7;0;0;0;1;2;A01
201200016452;0;7;0;0;0;4;2;B01
201200016453;0;30;0;0;0;1;2;A01
201200016453;0;7;0;0;0;4;1;B01
201200016454;0;30;0;0;0;7;1;A01
201200016455;0;30;0;1;2;1;0;B01
201200016455;0;7;0;0;2;3;15;A01
201200016456;0;7;0;0;2;8;15;B01
201200016456;0;30;0;0;2;1;17;A01
201200016457;0;30;0;0;1;3;1;A01
201200016458;0;7;0;0;2;6;15;A01
201200016458;0;1;0;0;2;1;1;B01
201200016459;0;7;0;0;2;6;15;B01
201200016459;0;30;0;0;2;1;17;A01
201200016460;0;7;0;0;2;4;23;B01
201200016460;1;7;0;0;2;1;1;Z01
201200016461;1;7;0;0;1;1;1;Z01
201200016462;0;33;0;0;0;0;1;A01
201200016463;0;33;0;0;2;0;17;A01
201200016463;0;7;0;0;2;0;15;B01
201200016464;0;7;0;0;2;2;15;A01
201200016464;0;32;0;0;2;1;1;B01
201200016465;0;33;0;0;2;1;1;A01
201200016465;1;7;0;0;0;0;0;Z01
201200016466;0;32;0;0;1;1;1;A01
201200016467;0;7;0;0;2;3;1;C01
201200016467;0;7;0;0;2;3;1;B01
201200016467;0;10;0;0;2;2;1;A01
201200016468;0;7;0;0;1;1;1;A01
201200016469;1;30;0;0;1;1;0;Z01
201200016470;0;7;0;0;2;7;1;B01
201200016470;0;7;0;0;2;3;9;A01
201200016471;0;7;0;0;2;4;2;A01
201200016471;1;7;0;0;2;1;2;Z01
201200016472;0;34;0;0;2;0;1;B01
201200016472;1;7;0;0;2;0;0;Z01
201200016473;0;7;0;2;0;1;0;A01
201200016474;0;7;0;0;0;1;15;A01
201200016474;0;7;0;0;0;1;1;B01
201200016475;0;30;0;0;1;1;1;A01
201200016476;0;7;0;0;2;8;0;B01
201200016476;0;30;0;0;2;1;0;A01
201200016477;0;7;0;0;2;1;2;A01
201200016477;0;7;0;0;2;4;2;B01
201200016478;0;7;0;1;0;2;2;A01
201200016478;0;7;0;0;2;8;0;B01
201200016479;0;7;0;0;1;0;0;A01
201200016480;0;7;0;0;2;3;10;A01
201200016480;0;32;0;0;0;0;21;C01
201200016480;0;32;0;0;2;1;21;B01
201200016481;1;7;0;0;1;1;1;Z01
201200016482;0;7;0;0;2;3;1;B01
201200016482;0;30;0;0;2;1;15;A01
201200016483;0;33;0;0;1;1;2;A01
201200016484;0;7;0;0;1;3;1;A01
201200016485;0;33;0;0;2;1;1;B01
201200016485;0;7;0;0;2;5;4;A01
201200016486;1;7;0;0;1;0;0;Z01
201200016487;0;2;0;0;1;7;17;A01
201200016488;0;30;0;0;2;1;2;A01
201200016488;0;7;0;0;2;3;11;B01
201200016489;0;37;0;0;1;3;1;A01
201200016490;0;7;0;4;0;1;21;A01
201200016491;1;7;0;0;1;5;4;A01
201200016492;0;7;0;0;2;2;0;B01
201200016492;0;32;0;0;2;3;0;A01
201200016493;0;32;0;0;2;2;2;A01
201200016493;0;7;0;0;2;8;2;B01
201200016494;1;7;0;0;1;1;1;Z01
201200016495;0;7;0;0;2;2;9;A01
201200016495;0;37;41;0;2;3;1;B01
201200016496;0;7;0;0;2;4;2;B01
201200016496;0;7;0;0;2;1;2;A01
201200016497;0;7;0;0;2;9;2;A01
201200016497;0;7;0;0;2;4;1;B01
201200016498;0;7;0;0;2;1;2;A01
201200016498;0;7;0;0;2;4;2;B01
201200016499;0;2;0;0;0;1;17;A01
201200016500;0;7;0;0;0;6;0;A01
201200016500;0;32;0;0;0;1;0;B01
201200016501;0;34;0;0;2;3;1;B01
201200016501;0;7;0;0;2;7;9;A01
201200016502;0;7;0;0;2;5;15;B01
201200016502;0;32;0;0;2;1;1;A01
201200016503;0;7;0;0;1;2;0;A01
201200016504;1;34;0;0;1;0;0;Z01
201200016505;0;14;0;0;1;2;15;A01
201200016506;0;7;0;0;1;3;2;A01
201200016507;0;7;0;6;0;9;0;A01
201200016508;1;7;0;0;0;0;0;Z01
201200016508;0;32;0;0;2;2;21;B01
201200016509;0;7;0;0;2;1;0;B01
201200016509;1;2;0;0;2;1;1;Z01
201200016510;0;20;0;0;2;5;1;A01
201200016510;1;7;0;0;2;1;0;Z01
201200016511;0;7;0;3;2;2;17;A01
201200016511;0;7;0;0;2;6;1;B01
201200016512;0;7;0;0;2;7;15;A01
201200016512;0;33;0;0;2;1;1;B01
201200016513;0;7;0;0;2;4;2;B01
201200016513;0;7;0;0;2;1;2;A01
201200016514;0;7;0;0;1;1;1;A01
201200016515;0;7;0;0;2;7;24;A01
201200016515;1;7;0;1;0;2;0;Z01
201200016516;0;7;0;0;2;4;2;C01
201200016516;0;7;0;0;2;9;2;B01
201200016516;0;7;0;0;2;1;2;A01
201200016517;0;31;0;0;2;7;1;B01
201200016517;1;7;0;0;2;0;0;Z01
201200016518;0;7;0;0;1;0;1;A01
201200016519;1;7;0;0;2;5;12;Z01
201200016519;0;2;0;0;2;1;1;B01
201200016520;0;2;0;0;2;0;0;B01
201200016520;1;7;0;0;2;0;0;Z01
201200016521;0;37;1;0;2;0;0;A01
201200016521;0;7;0;0;2;0;0;B01
201200016522;0;32;0;0;0;0;0;B01
201200016522;1;7;0;0;0;0;0;Z01
201200016523;1;7;0;0;1;0;0;Z01
201200016524;1;7;0;0;1;4;4;Z01
201200016525;2;7;0;0;2;3;13;Z01
201200016525;0;34;0;1;2;1;2;A01
201200016526;1;7;0;0;1;4;4;Z01
201200016527;0;34;0;0;2;0;1;B01
201200016527;1;30;0;1;2;0;12;Z01
201200016528;0;32;0;0;2;7;1;B01
201200016528;1;7;0;0;2;8;5;A01
201200016529;0;7;0;0;9;3;13;A01
201200016529;0;34;0;0;2;9;1;B01
201200016530;0;7;0;2;2;2;17;A01
201200016530;0;7;0;2;2;3;1;B01
201200016531;0;7;0;0;2;1;15;A01
201200016531;0;2;0;0;2;8;1;B01
201200016532;0;7;0;0;1;3;9;A01
201200016532;0;30;0;0;2;2;1;B01
201200016533;0;7;0;0;2;4;2;B01
201200016533;0;7;0;0;0;1;2;A01
201200016534;0;30;0;0;0;2;1;A01
201200016535;0;33;0;0;0;0;21;A01
201200016536;0;31;0;0;0;7;1;A01
201200016537;0;32;0;11;0;8;15;A01
201200016538;0;7;0;0;1;0;0;A01
201200016539;0;7;0;0;2;1;13;A01
201200016539;0;37;11;0;2;1;1;B01
201200016540;0;7;0;0;2;2;1;A01
201200016540;0;32;0;0;2;6;2;B01
201200016541;0;7;0;0;0;1;15;A01
201200016541;0;33;0;0;2;1;2;B01
201200016542;0;7;0;14;2;4;2;B01
201200016542;0;7;0;14;0;1;2;A01
201200016542;0;7;0;14;2;4;2;C01
201200016542;0;7;0;0;2;4;2;D01
201200016543;0;7;0;0;2;2;16;A01
201200016543;0;2;0;0;2;6;1;B01
201200016544;0;7;0;0;2;3;19;A01
201200016544;0;7;0;0;2;0;1;B01
201200016545;0;2;0;0;2;1;17;A01
201200016545;0;7;0;0;2;3;15;B01