num_acc;senc;catv;occutc;obs;obsm;choc;manv;num_veh
201200016546;0;7;0;0;0;6;9;A01
201200016546;0;2;0;0;2;1;1;B01
201200016547;0;7;0;0;1;0;1;A01
201200016548;0;10;0;0;2;5;6;A01
201200016548;0;10;0;0;2;6;1;B01
201200016549;0;7;0;0;0;0;0;A01
201200016550;0;7;0;0;2;3;16;A01
201200016550;0;30;0;0;2;5;21;B01
201200016550;0;7;0;0;2;3;1;C01
201200016551;0;30;0;0;2;3;18;A01
201200016551;0;7;0;0;2;5;1;B01
201200016552;0;1;0;0;2;1;18;B01
201200016552;0;7;0;0;2;2;22;A01
201200016553;0;7;0;0;2;1;1;B01
201200016553;0;7;0;0;2;1;13;A01
201200016554;0;10;0;0;2;8;2;B01
201200016554;0;31;0;0;2;1;2;A01
201200016555;0;30;0;0;2;4;1;B01
201200016555;1;7;0;0;2;1;0;Z01
201200016556;1;7;0;0;1;1;1;Z01
201200016557;0;7;0;0;2;2;2;A01
201200016557;0;1;0;0;2;0;0;B01
201200016558;0;7;0;0;1;1;1;A01
201200016559;0;31;0;0;0;0;0;A01
201200016560;0;7;0;0;2;2;19;A01
201200016560;0;30;0;0;2;1;1;B01
201200016561;0;1;0;0;2;8;1;B01
201200016561;1;33;0;0;2;7;17;Z01
201200016562;0;7;0;0;2;2;11;A01
201200016562;0;32;0;0;2;1;1;B01
201200016563;0;32;0;0;2;1;0;B01
201200016563;0;7;0;0;2;1;15;A01
201200016564;0;7;0;0;1;1;1;A01
201200016565;0;7;0;0;2;7;0;B01
201200016565;0;2;0;0;2;1;0;A01
201200016566;1;7;0;0;1;0;0;Z01
201200016567;0;7;0;0;2;4;1;B01
201200016567;1;7;0;0;2;1;1;Z01
201200016568;0;30;0;0;1;1;0;A01
201200016569;0;7;0;0;2;5;11;A01
201200016569;0;33;0;0;2;1;1;B01
201200016570;0;32;0;0;0;0;2;A01
201200016571;0;7;0;0;1;5;16;A01
201200016572;0;7;0;0;0;4;1;B01
201200016572;0;7;0;0;2;1;1;A01
201200016573;0;30;0;0;1;1;17;A01
201200016574;0;7;0;0;2;1;1;A01
201200016574;0;7;0;0;2;3;1;B01
201200016575;0;7;0;0;1;3;1;A01
201200016576;0;7;0;0;0;7;0;B01
201200016576;0;32;0;12;0;8;0;A01
201200016577;0;7;0;0;2;1;2;C01
201200016577;0;7;0;0;2;2;2;B01
201200016577;0;7;0;0;0;6;1;A01
201200016578;0;7;0;0;2;2;19;A01
201200016578;0;2;0;0;2;1;17;B01
201200016578;0;7;0;0;2;4;23;C01
201200016579;0;7;0;0;0;1;1;A01
201200016579;0;7;0;0;0;4;1;B01
201200016580;0;7;0;0;2;1;1;A01
201200016581;0;7;0;0;0;3;0;A01
201200016582;0;7;0;0;0;6;15;A01
201200016582;0;33;0;0;0;1;17;B01
201200016583;0;7;0;0;1;2;16;A01
201200016584;0;7;0;0;2;5;1;B01
201200016584;0;7;0;0;2;3;16;A01
201200016585;0;7;0;0;0;8;0;A01
201200016585;0;30;0;0;2;8;0;B01
201200016586;0;7;0;0;2;1;1;B01
201200016586;0;7;0;0;1;1;21;A01
201200016587;0;3;0;0;2;2;10;A01
201200016587;0;33;0;1;2;1;21;B01
201200016587;0;7;0;0;2;3;1;C01
201200016588;0;2;0;0;0;0;6;A01
201200016589;0;7;0;0;1;1;0;A01
201200016590;1;2;0;0;1;1;17;Z01
201200016590;0;99;0;0;0;3;23;A01
201200016591;0;7;0;0;1;3;0;A01
201200016592;0;37;1;0;0;8;15;A01
201200016593;0;7;0;0;9;2;9;A01
201200016593;0;1;0;0;2;1;0;B01
201200016594;0;7;0;0;0;7;1;A01
201200016595;0;33;0;0;2;7;3;A01
201200016595;0;7;0;0;2;3;13;B01
201200016596;0;7;0;0;2;1;0;A01
201200016596;0;7;0;9;2;3;0;B01
201200016597;0;7;0;0;0;4;2;B01
201200016597;0;30;0;0;2;1;2;A01
201200016598;0;7;0;0;2;3;17;A01
201200016598;0;34;0;0;2;1;1;B01
201200016599;0;7;0;0;2;2;1;A01
201200016599;0;7;0;0;2;6;1;B01
201200016600;0;34;0;0;2;1;1;B01
201200016600;0;7;0;0;2;3;15;A01
201200016601;0;7;0;0;2;6;20;A01
201200016601;0;30;0;0;2;7;1;B01
201200016602;0;7;0;0;2;5;2;B01
201200016602;0;30;0;0;2;1;2;A01
201200016603;0;7;0;0;2;3;15;B01
201200016603;0;30;0;0;2;2;3;A01
201200016604;0;7;0;1;2;3;2;B01
201200016604;0;7;0;0;2;3;2;A01
201200016605;0;7;0;1;0;1;14;A01
201200016606;0;7;0;0;0;3;15;A01
201200016606;0;32;0;0;2;1;2;B01
201200016607;0;7;0;0;2;5;10;A01
201200016607;0;7;0;0;2;1;1;B01
201200016608;1;30;0;0;1;1;0;Z01
201200016609;0;7;0;0;1;6;20;A01
201200016610;0;30;0;0;1;1;1;A01
201200016611;0;7;0;0;1;2;1;A01
201200016612;0;30;0;0;2;7;17;B01
201200016612;0;7;0;0;2;7;2;A01
201200016613;0;7;0;0;2;8;2;A01
201200016613;0;30;0;0;2;7;2;B01
201200016614;0;7;0;0;2;3;9;A01
201200016614;0;32;0;0;2;1;2;B01
201200016615;0;7;0;0;1;1;0;A01
201200016616;1;7;0;0;2;7;13;Z01
201200016616;0;34;0;0;2;8;1;B01
201200016617;0;30;0;0;2;8;2;B01
201200016617;0;17;0;0;2;5;2;A01
201200016618;0;7;0;0;2;0;9;A01
201200016618;0;30;0;0;2;1;21;B01
201200016619;1;7;0;0;1;1;0;Z01
201200016620;0;7;0;0;1;1;9;A01
201200016621;0;7;0;0;2;2;10;A01
201200016621;0;33;0;0;2;3;1;B01
201200016622;0;7;0;0;2;8;1;B01
201200016622;1;38;0;0;2;7;12;Z01
201200016623;1;13;0;0;2;6;12;Z01
201200016623;0;33;0;0;0;0;0;B01
201200016624;0;7;0;0;2;0;0;B01
201200016624;1;17;0;0;2;0;0;Z01
201200016625;1;7;0;0;2;1;1;Z01
201200016625;0;7;0;0;2;3;23;B01
201200016626;1;7;0;0;2;7;12;Z01
201200016626;0;7;0;0;2;9;1;B01
201200016627;0;33;0;0;2;0;0;B01
201200016627;1;7;0;0;2;0;0;Z01
201200016628;0;2;0;0;2;1;1;B01
201200016628;0;7;0;0;2;3;11;A01
201200016629;0;7;0;0;2;1;2;A01
201200016629;0;7;0;0;2;4;23;B01
201200016630;1;99;0;0;0;0;0;Z01
201200016631;0;32;0;0;2;7;2;A01
201200016631;0;10;0;0;2;3;2;B01
201200016632;0;7;0;0;2;8;10;A01
201200016632;0;30;0;0;2;2;21;B01
201200016633;0;7;0;0;2;2;15;A01
201200016633;0;30;0;0;2;1;16;B01
201200016634;0;7;0;0;2;1;1;A01
201200016634;0;7;0;0;2;3;15;B01
201200016635;0;7;0;0;2;1;1;A01
201200016635;0;7;0;0;2;4;1;B01
201200016636;0;7;0;0;2;1;1;B01
201200016636;1;30;0;0;2;0;15;Z01
201200016636;0;33;0;0;2;7;1;A01
201200016637;0;33;0;0;1;1;1;A01
201200016638;0;7;0;0;2;0;15;A01
201200016638;0;7;0;0;2;2;1;B01
201200016639;0;7;0;0;1;3;0;A01
201200016640;0;32;0;0;0;0;1;A01
201200016640;0;7;0;0;0;0;19;B01
201200016641;0;7;0;0;2;4;2;B01
201200016641;0;10;0;0;2;1;1;A01
201200016642;1;7;0;0;1;0;0;Z01
201200016643;0;7;0;0;2;4;23;B01
201200016643;1;15;0;0;2;1;2;Z01
201200016644;0;7;0;6;0;1;0;A01
201200016645;0;7;0;0;9;4;2;C01
201200016645;0;1;0;0;0;4;2;B01
201200016645;0;7;0;0;0;0;2;A01
201200016645;0;1;0;0;0;4;0;D01
201200016646;0;7;0;8;0;2;1;A01
201200016647;0;7;0;0;1;1;1;A01
201200016648;0;10;0;0;2;4;1;B01
201200016648;0;10;0;0;2;1;1;A01
201200016649;0;7;0;0;2;2;15;A01
201200016649;0;33;0;0;2;1;1;B01
201200016650;0;7;0;0;2;1;13;A01
201200016650;0;34;0;0;2;1;2;B01
201200016651;0;7;0;0;2;3;19;A01
201200016651;0;30;0;0;2;1;1;B01
201200016652;0;2;0;0;2;2;1;A01
201200016652;1;7;0;0;2;3;15;Z01
201200016653;0;31;0;0;0;0;0;A01
201200016654;0;7;0;0;2;5;15;A01
201200016654;0;33;0;0;2;1;1;B01
201200016655;0;3;0;15;0;1;1;A01
201200016656;0;7;0;1;0;2;14;A01
201200016657;0;3;0;0;2;2;1;B01
201200016657;0;32;0;0;2;8;1;A01
201200016658;0;7;0;0;2;1;15;A01
201200016658;0;7;0;0;2;8;1;B01
201200016659;0;7;0;0;2;1;1;A01
201200016659;0;7;0;0;2;4;23;B01
201200016660;0;32;0;0;2;1;2;B01
201200016660;0;7;0;0;2;2;1;A01
201200016661;0;7;0;0;2;1;2;A01
201200016661;0;33;0;0;2;4;2;B01
201200016662;0;33;0;0;2;3;9;B01
201200016662;0;7;0;0;2;2;9;A01
201200016663;1;7;0;0;0;0;0;Z01
201200016664;1;7;0;0;1;0;0;Z01
201200016665;1;2;0;0;1;0;0;Z01
201200016666;1;7;0;0;1;0;1;Z01
201200016667;0;7;0;0;1;5;1;A01
201200016668;0;7;0;1;0;2;14;A01
201200016668;0;2;0;0;2;1;2;B01
201200016669;0;1;0;0;0;0;0;B01
201200016669;0;99;0;0;0;7;1;A01
201200016670;0;30;0;9;0;1;14;A01
201200016671;0;7;0;0;2;1;24;B01
201200016671;0;7;0;1;0;4;4;A01
201200016672;0;7;0;0;0;4;2;C01
201200016672;0;7;0;0;2;1;2;A01
201200016672;0;7;0;0;2;4;2;B01
201200016673;0;31;0;0;2;0;1;B01
201200016673;1;33;0;0;2;1;1;Z01
201200016674;0;7;0;0;2;1;9;A01
201200016674;0;7;0;0;2;8;1;C01
201200016674;0;33;0;0;2;0;1;B01
201200016675;0;7;0;8;0;1;0;A01
201200016676;0;7;0;0;2;1;2;A01
201200016676;0;7;0;1;0;0;2;B01
201200016676;0;7;0;0;0;6;0;C01
201200016677;0;32;0;0;1;1;1;A01
201200016678;0;30;0;0;0;7;16;A01
201200016679;0;7;0;0;2;2;1;B01
201200016679;0;36;0;0;2;7;17;A01
201200016680;0;7;0;0;0;2;1;A01
201200016680;1;99;0;0;0;0;1;Z01
201200016681;0;7;0;0;2;3;15;B01
201200016681;0;31;0;0;2;1;17;A01
201200016682;0;30;0;14;0;1;0;A01
201200016682;0;7;0;0;2;3;0;B01
201200016683;0;7;0;0;1;1;15;A01
201200016684;0;14;0;0;2;6;20;A01
201200016684;0;34;0;1;2;1;18;B01
201200016685;0;7;0;0;2;3;1;A01
201200016685;0;7;0;0;2;3;1;B01
201200016686;0;32;0;0;0;0;1;A01
201200016687;1;38;0;0;0;0;0;Z01
201200016687;0;32;0;0;0;5;21;B01
201200016688;0;14;0;0;1;1;2;A01
201200016689;0;7;0;0;2;1;13;A01
201200016689;0;7;0;0;2;1;1;B01
201200016690;0;7;0;0;1;1;1;A01
201200016691;0;7;0;0;2;3;1;B01
201200016691;0;2;0;0;2;1;13;A01
201200016692;0;7;0;0;0;0;4;A01
201200016693;0;7;0;0;0;1;13;A01
201200016693;0;7;0;0;0;3;2;B01
201200016694;1;99;0;0;1;0;0;Z01
201200016695;0;7;0;0;2;4;1;C01
201200016695;0;7;0;0;2;4;1;B01
201200016695;1;7;0;0;2;1;1;Z01
201200016696;0;7;0;0;2;3;1;A01
201200016696;0;7;0;0;2;8;1;B01
201200016697;2;7;0;0;2;1;16;A01
201200016697;0;7;0;0;2;3;1;B01
201200016698;0;31;0;0;2;0;2;A01
201200016698;0;32;0;0;2;0;2;B01
201200016699;1;7;0;0;1;0;1;Z01
201200016700;1;7;0;0;2;0;12;Z01
201200016700;0;2;0;0;2;0;1;B01
201200016701;0;7;0;0;2;4;1;B01
201200016701;1;14;0;0;2;1;1;Z01
201200016702;0;1;0;0;0;4;2;B01
201200016702;1;7;0;0;1;0;2;Z01
201200016703;0;33;0;0;2;1;1;B01
201200016703;0;7;0;0;2;1;15;A01
201200016704;0;7;0;1;0;1;16;A01
201200016705;0;7;0;0;1;2;1;A01
201200016706;0;7;0;0;0;4;2;B01
201200016706;0;7;0;0;0;1;2;A01
201200016707;2;7;0;0;0;0;2;A01
201200016707;0;7;0;0;9;6;2;B01
201200016708;0;7;0;0;2;1;1;B01
201200016708;0;7;0;0;2;7;10;A01
201200016709;0;7;0;0;1;7;11;A01
201200016709;0;34;0;0;2;3;1;B01
201200016710;0;7;0;0;2;1;9;A01
201200016710;0;7;0;0;2;1;9;B01
201200016711;0;33;0;0;2;2;17;A01
201200016711;0;7;0;0;9;3;15;B01
201200016712;0;7;0;8;0;1;0;A01
201200016713;0;37;4;0;2;3;1;B01
201200016713;0;7;0;0;0;5;12;A01
201200016714;0;31;0;0;0;7;1;A01
201200016715;0;33;0;0;0;2;1;A01
201200016716;0;7;0;0;0;6;1;C01
201200016716;0;33;0;0;0;1;17;A01
201200016716;0;7;0;0;0;5;15;B01
201200016717;0;34;0;0;2;8;1;B01
201200016717;1;7;0;0;2;7;17;Z01
201200016718;0;32;0;0;2;3;2;A01
201200016718;0;7;0;0;2;7;16;B01
201200016719;0;7;0;0;2;2;2;C01
201200016719;0;32;0;0;2;7;3;A01
201200016719;0;7;0;0;2;2;9;B01
201200016720;1;7;0;0;1;1;1;Z01
201200016721;1;10;0;0;1;4;0;Z01
201200016722;0;7;0;0;2;0;1;B01
201200016722;1;7;0;0;2;1;1;Z01
201200016723;0;7;0;0;2;4;23;B01
201200016723;1;7;0;0;2;1;1;Z01
201200016724;0;30;0;0;2;1;1;B01
201200016724;1;30;0;0;2;1;1;Z01
201200016725;0;7;0;0;2;0;15;A01
201200016725;0;30;0;0;2;1;1;B01
201200016726;0;7;0;0;2;0;13;A01
201200016726;0;32;0;0;2;1;1;B01
201200016727;0;7;0;0;2;3;1;B01
201200016727;2;7;0;0;2;3;1;A01
201200016728;0;7;0;0;1;2;15;A01
201200016729;0;7;0;0;0;3;0;A01
201200016729;0;33;0;0;0;0;0;B01
201200016730;0;7;0;16;0;9;1;A01
201200016731;0;7;0;0;0;1;0;A01
201200016732;0;7;0;0;2;1;2;A01
201200016732;0;10;0;0;0;4;2;B01
201200016733;0;14;0;0;2;0;0;A01
201200016733;0;2;0;0;0;0;0;B01
201200016734;0;1;0;0;2;6;5;A01
201200016734;0;7;0;0;2;6;15;B01
201200016735;0;7;0;0;2;8;10;A01
201200016735;0;33;0;0;2;7;17;B01
201200016736;0;7;0;0;2;1;1;A01
201200016736;0;7;0;0;0;7;1;B01
201200016737;1;7;0;0;2;0;1;Z01
201200016737;0;32;0;0;2;4;0;A01
201200016738;0;1;0;0;2;8;1;B01
201200016738;1;7;0;0;2;1;0;Z01
201200016739;1;7;0;1;0;1;1;Z01
201200016740;0;2;0;0;2;1;0;B01
201200016740;0;7;0;0;2;2;9;A01
201200016741;0;7;0;0;2;8;15;B01
201200016741;0;32;0;0;2;1;17;A01
201200016742;0;30;0;0;2;1;1;A01
201200016742;0;7;0;0;2;0;1;B01
201200016743;0;7;0;0;2;6;15;B01
201200016743;0;30;0;0;2;1;0;A01
201200016744;0;33;0;1;0;1;0;A01
201200016745;0;7;0;0;2;8;19;B01
201200016745;1;7;0;0;2;1;2;Y01
201200016746;1;30;0;0;0;0;0;Z01
201200016747;0;2;0;0;0;1;0;A01
201200016747;0;33;0;0;0;1;0;B01
201200016748;0;7;0;0;2;6;2;B01
201200016748;1;10;0;0;0;0;0;Z01
201200016749;0;7;0;0;2;6;1;C01
201200016749;0;10;0;0;2;2;21;A01
201200016749;0;7;0;0;2;3;20;B01
201200016750;0;7;0;0;2;2;6;B01
201200016750;0;2;0;0;2;1;0;A01
201200016751;0;7;0;0;2;3;1;A01
201200016751;1;7;0;0;2;0;16;Z01
201200016752;0;7;0;0;2;9;1;C01
201200016752;0;7;0;0;2;1;1;D01
201200016752;0;7;0;0;2;9;1;B01
201200016752;0;7;0;0;2;3;1;A01
201200016753;0;32;0;13;0;0;2;A01
201200016754;0;32;0;4;0;7;2;A01
201200016755;0;7;0;0;2;3;10;A01
201200016755;0;33;0;0;2;1;1;B01
201200016756;0;10;0;0;2;6;10;A01
201200016756;0;7;0;0;2;1;1;B01
201200016757;0;37;2;0;2;5;1;B01
201200016757;0;99;0;0;2;1;19;A01
201200016758;0;7;0;0;2;2;2;A01
201200016758;0;7;0;0;2;6;2;B01
201200016759;0;7;0;0;1;4;4;A01
201200016760;0;7;0;0;1;1;1;A01
201200016761;0;7;0;0;2;3;11;A01
201200016761;0;1;0;0;2;2;1;B01
201200016762;0;17;0;0;2;4;2;B01
201200016762;0;17;0;0;2;1;2;A01
201200016763;0;7;0;0;2;1;1;A01
201200016763;0;7;0;0;2;6;1;B01
201200016764;0;7;0;0;2;8;2;B01
201200016764;0;17;0;0;2;7;12;A01
201200016765;0;7;0;0;2;1;5;A01
201200016765;0;7;0;0;2;1;1;B01
201200016766;0;7;0;2;0;1;14;A01
201200016767;0;7;0;0;2;1;2;A01
201200016767;0;7;0;0;2;4;2;B01
201200016768;0;7;0;0;2;3;2;A01
201200016768;0;7;0;0;2;8;2;B01
201200016768;0;7;0;0;2;1;2;C01
201200016769;0;10;0;0;2;2;2;A01
201200016769;0;7;0;0;2;4;2;B01
201200016770;0;7;0;0;2;3;5;A01
201200016770;0;7;0;0;2;1;1;C01
201200016770;0;7;0;0;2;8;1;B01
201200016771;0;7;0;0;0;9;1;A01
201200016772;0;7;0;0;2;4;1;C01
201200016772;0;7;0;0;2;9;1;B01
201200016772;0;7;0;0;2;1;1;A01
201200016773;0;7;0;1;0;1;14;A01
201200016774;0;17;0;0;2;2;1;A01
201200016774;0;7;0;0;2;1;1;B01
201200016775;0;7;0;0;2;1;5;A01
201200016775;0;7;0;0;2;1;1;B01
201200016776;0;7;0;0;2;4;1;A01
201200016776;0;7;0;0;2;1;1;B01
201200016777;0;7;0;13;0;0;1;A01
201200016778;0;14;0;0;2;4;2;B01
201200016778;0;7;0;0;2;1;2;A01
201200016779;0;7;0;0;2;1;2;A01
201200016779;0;7;0;0;1;1;2;B01
201200016780;0;7;0;0;2;1;0;C01
201200016780;0;7;0;0;2;9;1;B01
201200016780;0;7;0;0;2;1;0;A01
201200016780;0;7;0;0;2;4;2;D01
201200016781;0;7;0;0;2;1;15;A01
201200016781;0;7;0;0;2;1;1;B01
201200016782;0;7;0;0;2;2;1;B01
201200016782;0;7;0;0;2;3;15;A01
201200016783;0;15;0;14;0;1;1;A01
201200016784;0;30;0;0;2;2;1;B01
201200016784;0;7;0;0;2;1;2;A01
201200016785;0;7;0;0;2;2;1;B01
201200016785;0;7;0;0;2;1;1;A01
201200016786;0;7;0;0;2;1;20;A01
201200016786;0;32;0;0;2;1;1;B01
201200016787;0;7;0;0;2;2;15;A01
201200016787;0;2;0;0;2;1;1;B01
201200016788;0;7;0;0;2;1;13;A01
201200016788;0;17;0;0;2;3;1;B01
201200016789;0;15;0;0;2;0;1;B01
201200016789;0;31;0;11;2;0;1;A01
201200016790;0;10;0;0;2;6;10;A01
201200016790;0;7;0;0;2;0;1;B01
201200016791;0;33;0;0;2;7;1;A01
201200016791;0;7;0;0;2;0;15;B01
201200016792;1;7;0;0;0;0;1;Z01
201200016792;0;7;0;13;0;9;2;A01
201200016793;0;7;0;0;2;1;0;A01
201200016793;0;30;0;0;2;4;2;B01
201200016794;0;7;0;0;2;1;1;A01
201200016794;0;7;0;0;2;6;1;B01
201200016795;0;7;0;0;2;2;15;B01
201200016795;2;7;0;0;0;1;1;Z01
201200016796;0;7;0;6;0;1;1;A01
201200016797;0;7;0;8;0;0;1;A01
201200016798;0;10;0;0;2;4;1;B01
201200016798;0;7;0;0;2;1;2;A01
201200016799;0;7;0;3;0;2;14;A01
201200016800;0;7;0;8;0;1;1;A01
201200016801;0;7;0;0;2;3;16;A01
201200016801;0;7;0;0;2;1;1;B01
201200016802;0;7;0;0;2;1;15;A01
201200016802;0;7;0;0;2;1;1;B01
201200016803;0;33;0;0;2;1;18;A01
201200016803;0;7;0;0;2;7;15;B01
201200016804;0;7;0;0;2;1;1;A01
201200016804;0;7;0;0;2;1;1;B01
201200016805;0;7;0;0;2;1;15;A01
201200016805;0;7;0;0;2;5;1;B01
201200016806;0;7;0;0;1;2;1;A01
201200016807;0;2;0;0;2;4;1;A01
201200016807;1;7;0;0;2;1;3;Z01
201200016808;0;30;0;0;2;8;13;A01
201200016808;0;7;0;0;2;8;1;B01
201200016809;0;2;0;0;2;1;2;B01
201200016809;0;7;0;0;2;8;15;A01
201200016810;0;7;0;0;2;4;11;A01
201200016810;0;10;0;0;2;1;1;B01
201200016811;0;33;0;0;2;1;0;B01
201200016811;0;7;0;0;2;3;9;A01
201200016812;0;7;0;0;2;2;1;A01
201200016812;0;7;0;0;2;3;1;B01
201200016813;1;15;0;0;2;8;2;Z01
201200016813;0;7;0;0;2;7;2;A01
201200016814;0;7;0;0;1;1;1;A01
201200016815;0;7;0;0;2;1;0;A01
201200016815;0;31;0;0;2;1;1;B01
201200016816;0;30;0;0;0;0;1;A01
201200016817;0;7;0;0;1;1;1;A01
201200016818;0;2;0;0;2;2;1;A01
201200016818;0;7;0;0;2;3;11;B01
201200016819;0;7;0;0;2;1;1;B01
201200016819;0;7;0;0;2;1;1;A01
201200016820;0;33;0;0;2;1;1;B01
201200016820;0;7;0;0;2;3;1;A01
201200016821;0;7;0;0;9;9;1;A01
201200016822;0;33;0;0;2;4;12;B01
201200016822;0;7;0;0;2;1;15;A01
201200016823;0;7;0;0;2;3;15;A01
201200016823;0;7;0;0;2;3;1;B01
201200016824;0;7;0;0;2;2;1;B01
201200016824;0;7;0;0;2;3;1;A01
201200016825;0;7;0;0;2;7;17;A01
201200016825;0;1;0;0;2;3;1;B01
201200016826;0;30;0;0;2;1;17;B01
201200016826;0;7;0;0;2;8;10;A01
201200016827;0;1;0;0;2;0;0;B01
201200016827;0;7;0;0;2;0;0;A01
201200016828;0;7;0;0;2;1;1;B01
201200016828;0;7;0;0;2;1;13;A01
201200016829;0;7;0;0;2;8;2;B01
201200016829;0;33;0;0;2;1;1;A01
201200016830;0;31;0;0;0;8;1;A01
201200016831;0;7;0;6;0;1;19;A01
201200016832;0;31;0;0;1;0;0;A01
201200016833;0;7;0;0;2;1;1;B01
201200016833;0;30;0;0;2;1;13;A01
201200016834;0;10;0;0;2;1;1;A01
201200016834;0;7;0;0;2;3;1;B01
201200016835;0;7;0;0;2;1;2;A01
201200016835;0;7;0;0;2;4;2;B01
201200016836;0;7;0;13;0;1;19;A01
201200016837;0;7;0;0;2;8;13;A01
201200016837;0;7;0;0;2;8;21;B01
201200016838;0;7;0;3;2;3;1;B01
201200016838;0;7;0;0;2;3;13;A01
201200016839;0;7;0;0;2;1;13;A01
201200016839;0;7;0;0;2;1;1;B01
201200016840;0;33;0;0;0;0;0;A01
201200016841;0;7;0;0;2;2;19;A01
201200016841;0;30;0;0;2;1;1;B01
201200016842;0;37;54;0;2;7;16;B01
201200016842;0;31;0;0;2;1;16;A01
201200016843;0;7;0;0;2;4;1;B01
201200016843;0;15;0;0;2;1;1;A01
201200016844;0;7;0;0;2;2;3;A01
201200016844;0;2;0;0;2;1;1;B01
201200016845;0;7;0;0;2;8;10;A01
201200016845;0;33;0;0;2;1;1;B01
201200016846;0;7;0;0;1;1;1;A01
201200016847;0;33;0;14;0;0;14;A01
201200016848;0;7;0;0;0;4;23;B01
201200016848;0;7;0;0;2;1;2;A01
201200016849;0;7;0;0;0;4;2;C01
201200016849;0;7;0;0;0;1;2;A01
201200016849;0;7;0;0;0;4;2;B01
201200016850;0;2;0;0;0;1;2;A01
201200016850;0;7;0;0;0;4;2;B01
201200016851;0;7;0;0;0;1;2;A01
201200016851;0;7;0;0;0;6;2;B01
201200016852;0;7;0;0;2;8;17;B01
201200016852;0;33;0;0;2;8;17;A01
201200016853;0;7;0;0;2;2;0;A01
201200016853;0;7;0;0;2;3;16;B01
201200016854;0;7;0;0;2;4;1;B01
201200016854;0;7;0;0;0;1;1;A01
201200016855;0;33;0;0;2;2;0;B01
201200016855;0;7;0;0;0;3;0;A01
201200016856;0;7;0;0;2;4;2;B01
201200016856;0;7;0;0;0;1;2;A01
201200016857;0;7;0;0;0;0;0;A01
201200016858;0;7;0;0;2;1;23;C01
201200016858;0;31;0;0;2;3;1;B01
201200016858;0;7;0;0;2;1;15;A01
201200016859;0;7;0;0;1;1;2;A01
201200016860;0;7;0;0;2;6;2;B01
201200016860;0;17;0;0;2;2;2;A01
201200016861;0;7;0;0;1;1;1;A01
201200016862;0;7;0;0;0;4;2;B01
201200016862;0;7;0;0;2;1;2;A01
201200016863;0;7;0;0;2;4;2;A01
201200016863;1;99;0;0;0;3;0;Z01
201200016864;0;7;0;0;2;7;0;A01
201200016864;0;7;0;0;2;1;0;B01
201200016865;0;7;0;0;2;6;1;B01
201200016865;0;7;0;0;2;1;16;A01
201200016866;0;15;0;0;0;7;0;A01
201200016867;0;7;0;0;2;9;17;A01
201200016868;0;33;0;0;2;1;17;A01
201200016868;0;7;0;0;2;3;13;B01
201200016869;0;14;0;0;2;1;0;B01
201200016869;0;7;0;0;2;1;0;A01
201200016870;0;7;0;0;2;3;12;B01
201200016870;0;14;0;0;2;2;12;A01
201200016871;1;7;0;0;1;0;0;Z01
201200016872;0;7;0;0;1;2;1;A01
201200016873;0;7;0;0;2;1;1;A01
201200016873;0;7;0;0;2;1;1;B01
201200016874;0;7;0;0;2;3;1;B01
201200016874;0;7;0;0;2;1;1;A01
201200016875;0;7;0;0;2;0;16;A01
201200016875;0;7;0;0;2;5;1;B01
201200016876;0;7;0;0;2;5;1;B01
201200016876;0;7;0;0;2;3;1;A01
201200016877;0;7;0;0;2;7;1;B01
201200016877;0;30;0;0;2;1;1;A01
201200016878;0;7;0;0;2;3;2;A01
201200016878;0;30;0;0;2;3;0;B01
201200016879;0;7;0;0;2;4;2;B01
201200016879;0;7;0;0;2;1;2;A01
201200016880;0;7;0;0;2;7;13;A01
201200016880;0;7;0;0;2;9;1;B01
201200016881;0;7;0;0;0;0;0;B01
201200016881;0;7;0;0;0;0;0;C01
201200016881;0;7;0;0;0;0;0;A01
201200016882;0;7;0;0;0;9;1;A01
201200016883;0;7;0;0;2;1;0;A01
201200016883;0;7;0;0;2;7;0;B01
201200016884;0;33;0;0;2;1;1;A01
201200016884;0;7;0;0;0;4;15;B01
201200016885;0;7;0;0;2;1;1;A01
201200016885;0;7;0;0;0;4;15;B01
201200016886;0;7;0;0;1;2;1;A01
201200016887;1;7;0;0;1;0;0;A01
201200016888;0;7;0;0;2;3;1;B01
201200016888;0;7;0;0;2;2;0;A01
201200016889;0;7;0;0;1;1;2;A01
201200016890;0;7;0;2;0;1;0;A01
201200016891;0;7;0;0;1;1;2;A01
201200016892;0;7;0;2;0;3;0;A01
201200016893;0;7;0;0;2;1;2;A01
201200016893;0;7;0;0;2;4;15;B01
201200016894;0;33;0;0;2;4;23;A01
201200016894;1;7;0;0;2;1;1;Z01
201200016895;0;7;0;0;1;3;1;A01
201200016896;0;33;0;0;2;3;1;A01
201200016896;0;7;0;0;2;8;1;B01
201200016897;0;7;0;0;1;1;15;A01
201200016898;0;7;0;0;2;3;1;B01
201200016898;0;7;0;0;2;1;1;A01
201200016899;0;7;0;0;2;2;23;B01
201200016899;1;7;0;0;2;2;5;A01
201200016900;0;2;0;0;2;1;13;A01
201200016900;0;10;0;0;2;3;1;B01
201200016901;0;7;0;0;2;6;15;A01
201200016901;0;33;0;0;2;1;1;B01
201200016902;0;37;1;0;1;1;0;A01
201200016903;0;7;0;0;1;3;2;A01
201200016904;0;7;0;14;0;1;1;A01
201200016905;0;7;0;0;2;3;15;A01
201200016905;0;2;0;8;2;2;17;B01
201200016906;0;7;0;0;1;2;16;A01
201200016907;0;7;0;0;1;1;2;A01