num_acc;senc;catv;occutc;obs;obsm;choc;manv;num_veh
201200017273;0;7;0;4;0;9;21;A01
201200017274;0;7;0;0;2;2;15;A01
201200017274;0;2;0;0;2;1;1;B01
201200017275;0;7;0;0;2;1;1;A01
201200017275;0;30;0;0;0;0;1;B01
201200017276;0;33;0;0;2;2;2;A01
201200017276;0;7;0;0;2;6;2;B01
201200017277;0;33;0;0;2;1;1;A01
201200017277;0;7;0;0;2;3;15;B01
201200017278;0;7;0;0;2;1;16;A01
201200017278;0;7;0;0;2;2;1;B01
201200017279;0;7;0;6;0;1;15;A01
201200017280;0;10;0;0;1;3;15;A01
201200017281;0;7;0;6;0;7;1;A01
201200017282;0;7;0;0;2;3;10;A01
201200017282;0;7;0;6;2;2;13;B01
201200017283;0;33;0;0;2;1;1;A01
201200017283;0;10;0;0;0;6;11;B01
201200017284;0;33;0;0;2;3;13;A01
201200017284;0;7;0;0;2;8;1;B01
201200017285;0;7;0;0;1;2;1;A01
201200017286;0;99;0;0;1;7;1;A01
201200017287;0;7;0;0;1;3;1;A01
201200017288;0;10;0;14;0;1;1;A01
201200017288;0;7;0;0;2;4;1;B01
201200017289;0;7;0;0;2;5;16;A01
201200017289;0;1;0;0;2;1;19;B01
201200017290;0;7;0;0;2;2;17;A01
201200017290;0;7;0;0;2;3;1;B01
201200017291;0;2;0;14;0;1;1;A01
201200017291;0;7;0;0;2;4;23;B01
201200017292;0;7;0;0;2;2;1;A01
201200017292;0;1;0;0;2;8;15;B01
201200017293;0;30;0;9;0;1;14;A01
201200017294;0;30;0;0;2;1;1;A01
201200017294;0;7;0;0;2;3;1;B01
201200017295;0;7;0;0;1;7;1;A01
201200017296;0;7;0;0;1;2;0;B01
201200017297;0;7;0;0;2;3;2;A01
201200017297;0;33;0;0;0;4;2;B01
201200017298;0;7;0;0;2;3;1;A01
201200017298;0;7;0;0;2;4;1;B01
201200017298;0;7;0;0;2;4;1;C01
201200017298;0;7;0;0;2;4;1;D01
201200017299;0;7;0;0;2;1;5;A01
201200017299;0;7;0;3;2;1;1;B01
201200017299;0;7;0;0;9;1;1;C01
201200017300;0;17;0;3;0;1;2;A01
201200017301;0;7;0;0;1;3;1;A01
201200017302;0;7;0;0;2;2;19;A01
201200017302;0;1;0;0;2;1;1;B01
201200017303;0;7;0;0;1;3;1;A01
201200017304;0;7;0;0;1;2;1;A01
201200017305;0;33;0;0;2;7;13;A01
201200017305;0;7;0;0;2;8;1;B01
201200017306;0;2;0;1;0;1;13;A01
201200017307;0;7;0;0;2;1;1;A01
201200017307;0;7;0;6;2;4;23;B01
201200017308;0;14;0;0;2;5;16;A01
201200017308;0;1;0;0;2;8;1;B01
201200017309;0;7;0;0;1;1;1;A01
201200017310;0;7;0;0;2;7;10;A01
201200017310;0;10;0;0;2;1;1;B01
201200017311;0;7;0;15;1;2;1;A01
201200017312;0;7;0;0;2;2;15;A01
201200017312;0;31;0;0;2;1;1;B01
201200017313;0;7;0;0;2;4;23;C01
201200017313;0;7;0;0;2;4;23;B01
201200017313;0;3;0;0;2;1;1;A01
201200017314;0;37;25;0;1;2;7;A01
201200017315;0;7;0;3;0;1;14;A01
201200017316;0;7;0;0;1;3;1;A01
201200017317;0;33;0;0;2;1;1;B01
201200017317;0;7;0;0;2;3;15;A01
201200017318;0;7;0;0;1;1;1;A01
201200017319;0;10;0;0;2;2;16;A01
201200017319;0;1;0;0;2;1;1;B01
201200017320;0;7;0;1;2;1;13;A01
201200017320;0;7;0;0;2;3;1;B01
201200017321;0;37;1;0;2;7;1;A01
201200017321;0;1;0;0;2;1;1;B01
201200017322;0;2;0;12;0;7;15;A01
201200017323;0;37;1;0;1;7;1;A01
201200017324;0;7;0;6;2;8;1;B01
201200017324;0;7;0;0;2;1;1;A01
201200017325;0;7;0;0;2;1;2;A01
201200017325;0;7;0;0;2;4;23;B01
201200017326;0;3;0;0;2;1;1;A01
201200017326;0;33;0;0;2;4;1;B01
201200017327;0;1;0;0;2;8;1;B01
201200017327;1;7;0;0;2;2;15;Z01
201200017328;0;7;0;0;1;1;1;A01
201200017329;0;7;0;8;0;1;1;A01
201200017330;0;7;0;0;1;2;1;A01
201200017331;0;7;0;0;2;2;1;B01
201200017331;0;1;0;0;2;3;1;A01
201200017332;0;2;0;0;2;1;1;A01
201200017332;0;7;0;0;2;8;15;B01
201200017333;0;7;0;0;2;4;23;B01
201200017333;0;2;0;0;2;1;2;A01
201200017334;0;7;0;0;2;2;1;A01
201200017334;0;32;0;0;2;1;1;B01
201200017335;0;7;0;0;0;0;0;A01
201200017336;0;7;0;0;1;2;1;A01
201200017337;0;7;0;0;1;4;4;A01
201200017338;0;7;0;0;2;1;15;A01
201200017338;0;1;0;0;2;8;1;B01
201200017339;0;7;0;0;1;3;15;A01
201200017340;0;7;0;0;1;2;1;A01
201200017341;0;7;0;0;1;1;1;A01
201200017342;0;7;0;0;2;4;1;B01
201200017342;0;2;0;0;2;1;1;A01
201200017343;1;7;0;0;1;2;1;A01
201200017344;0;1;0;0;2;1;1;B01
201200017344;0;7;0;0;2;5;15;A01
201200017345;0;15;0;0;2;6;1;A01
201200017345;0;7;0;0;2;0;1;B01
201200017346;0;7;0;0;1;3;1;A01
201200017347;0;7;0;0;2;4;24;B01
201200017347;0;7;0;1;0;1;1;A01
201200017348;0;36;0;0;0;0;0;A01
201200017349;0;7;0;0;2;4;23;B01
201200017349;0;7;0;0;2;4;1;A01
201200017350;0;7;0;0;1;2;1;A01
201200017351;0;7;0;0;1;3;1;A01
201200017352;0;7;0;0;1;0;1;A01
201200017353;0;40;0;0;1;0;1;A01
201200017354;0;7;0;0;2;1;1;B01
201200017354;1;7;0;0;2;1;13;Z01
201200017355;0;7;0;0;1;1;1;A01
201200017356;0;7;0;7;0;1;1;A01
201200017357;0;7;0;0;2;1;2;A01
201200017357;0;7;0;0;2;6;2;B01
201200017358;0;7;0;0;1;2;9;A01
201200017359;0;2;0;12;0;1;16;A01
201200017360;0;7;0;15;0;1;0;A01
201200017361;0;10;0;0;2;1;15;A01
201200017361;0;1;0;0;2;1;1;B02
201200017362;0;7;0;13;0;1;13;A01
201200017363;0;7;0;13;0;1;1;A01
201200017364;0;7;0;8;2;2;17;A01
201200017364;0;33;0;0;2;1;1;B02
201200017365;0;7;0;0;2;4;2;A01
201200017365;0;30;0;0;2;1;2;B01
201200017366;0;7;0;0;1;1;15;A01
201200017367;0;10;0;0;2;1;1;A01
201200017367;0;7;0;0;2;4;15;B01
201200017368;0;7;0;0;2;1;15;A01
201200017368;0;7;0;0;2;3;1;B01
201200017369;0;7;0;0;0;4;23;A01
201200017369;0;38;1;0;0;1;2;B01
201200017370;0;1;0;0;2;7;1;B01
201200017370;0;7;0;0;2;1;1;A01
201200017371;0;2;0;0;2;1;1;B01
201200017371;0;7;0;0;2;2;1;A01
201200017372;0;7;0;0;2;1;1;A01
201200017372;0;32;0;0;2;7;1;B01
201200017373;0;7;0;0;1;5;1;A01
201200017374;0;1;0;0;2;1;0;B01
201200017374;0;7;0;0;9;2;19;A01
201200017375;0;99;0;0;0;0;1;A01
201200017376;0;33;0;0;2;1;1;A01
201200017376;0;7;0;0;0;8;19;B02
201200017377;0;7;0;0;2;6;23;B02
201200017377;0;7;0;0;2;2;1;A01
201200017377;0;33;0;0;2;1;1;C03
201200017378;0;7;0;6;0;7;13;A01
201200017379;0;7;0;0;0;4;2;B02
201200017379;0;33;0;0;2;1;2;A01
201200017380;0;33;0;0;2;1;17;A01
201200017380;0;7;0;0;2;6;23;B02
201200017381;0;13;0;0;2;1;15;A01
201200017381;0;7;0;0;2;1;1;B02
201200017382;0;7;0;0;2;3;13;A01
201200017382;0;7;0;0;2;3;1;B02
201200017383;0;17;0;8;0;7;1;A01
201200017384;0;7;0;0;1;3;1;A01
201200017385;0;7;0;13;0;2;1;A01
201200017386;0;7;0;13;0;1;1;A01
201200017387;0;7;0;0;2;3;13;A01
201200017387;0;7;0;0;2;3;1;B02
201200017388;0;7;0;0;2;2;13;A01
201200017388;0;7;0;0;2;1;1;B02
201200017389;0;7;0;3;0;1;2;A01
201200017390;0;7;0;6;0;2;1;A01
201200017391;0;7;0;0;2;1;1;A01
201200017391;0;7;0;0;2;1;1;B02
201200017392;0;3;0;0;0;8;19;A01
201200017392;0;7;0;0;2;1;1;B02
201200017393;0;3;0;0;2;3;1;A01
201200017393;0;1;0;0;2;1;1;B02
201200017394;0;7;0;0;2;3;15;A01
201200017394;0;30;0;0;2;6;1;B02
201200017394;0;7;0;0;0;3;23;C03
201200017395;0;7;0;0;0;0;1;A01
201200017396;0;33;0;0;0;0;17;A01
201200017397;0;7;0;13;0;1;1;A01
201200017398;0;33;0;0;2;1;1;A01
201200017398;0;7;0;0;2;8;15;B02
201200017399;0;10;0;2;0;3;0;A01
201200017400;0;7;0;0;1;2;1;A01
201200017401;0;33;0;0;2;3;1;B02
201200017401;0;7;0;0;0;2;5;A01
201200017402;0;7;0;0;2;1;1;A01
201200017402;0;7;0;0;2;8;9;B02
201200017403;0;15;0;0;2;1;5;A01
201200017403;0;7;0;0;2;1;17;B02
201200017404;0;7;0;0;1;1;1;A01
201200017405;0;10;0;8;0;3;1;A01
201200017406;0;7;0;0;2;7;13;A01
201200017406;0;21;0;0;2;1;1;B02
201200017407;0;14;0;0;2;3;21;B02
201200017407;0;7;0;0;2;3;13;A01
201200017408;0;10;0;0;0;2;2;B02
201200017408;0;7;0;0;2;8;10;A01
201200017409;0;7;0;0;0;0;13;A01
201200017409;0;7;0;2;0;9;17;B02
201200017410;0;7;0;0;2;7;17;A01
201200017410;0;33;0;0;2;8;17;B02
201200017411;0;7;0;13;0;2;1;A01
201200017412;0;7;0;0;0;9;1;A01
201200017413;0;7;0;13;0;9;1;A01
201200017414;0;2;0;0;2;1;13;A01
201200017414;0;7;0;0;2;3;1;B02
201200017415;0;7;0;0;2;3;1;B02
201200017415;0;31;0;0;2;1;1;A01
201200017416;0;7;0;8;2;1;1;A01
201200017416;0;2;0;8;2;7;19;B01
201200017417;0;7;0;0;2;3;10;A01
201200017417;0;33;0;0;2;7;17;B01
201200017418;0;7;0;0;2;3;16;A01
201200017418;0;33;0;0;2;8;1;B01
201200017419;0;7;0;1;1;6;4;A01
201200017420;0;7;0;8;0;2;1;A01
201200017421;0;33;0;13;0;1;1;A01
201200017422;0;10;0;2;0;1;21;A01
201200017423;0;7;0;1;0;1;14;A01
201200017424;0;7;0;0;0;0;4;A01
201200017424;0;2;0;1;0;8;1;B01
201200017425;0;7;0;15;0;1;1;A01
201200017426;0;7;0;0;0;3;15;A01
201200017426;0;30;0;0;0;1;2;B01
201200017427;0;7;0;0;0;3;9;A01
201200017427;0;33;0;0;0;7;17;B01
201200017428;0;2;0;14;0;8;16;A01
201200017429;0;7;0;0;2;2;1;B01
201200017429;0;2;0;0;2;1;13;A01
201200017430;0;33;0;0;0;1;2;B01
201200017430;0;7;0;0;2;3;0;A01
201200017431;0;7;0;0;1;5;1;A01
201200017432;0;10;0;0;2;1;1;B01
201200017432;0;7;0;0;2;2;1;A01
201200017432;0;7;0;0;0;1;0;C01
201200017433;0;7;0;0;1;1;1;A01
201200017434;0;33;0;0;0;7;1;A01
201200017435;1;99;0;0;1;0;0;A01
201200017436;0;7;0;0;2;3;13;B01
201200017436;0;7;0;0;2;3;1;A01
201200017437;0;7;0;0;2;1;9;A01
201200017437;0;7;0;0;2;1;1;B02
201200017438;0;7;0;0;0;0;1;A01
201200017439;0;7;0;0;2;1;1;B02
201200017439;0;7;0;0;2;1;13;A01
201200017440;0;7;0;13;0;1;1;A01
201200017441;0;7;0;0;2;1;19;A01
201200017441;0;7;0;0;2;7;1;B02
201200017442;0;7;0;13;0;9;0;A01
201200017443;0;2;0;0;2;1;1;A01
201200017443;0;7;0;0;2;3;1;C03
201200017443;0;7;0;0;2;3;17;B02
201200017444;0;33;0;0;1;1;13;A01
201200017445;0;7;0;6;0;3;1;A01
201200017446;0;33;0;0;2;1;1;B02
201200017446;0;7;0;0;2;5;15;A01
201200017447;0;7;0;16;0;1;1;A01
201200017448;0;7;0;13;2;5;13;A01
201200017448;0;10;0;0;2;2;1;B02
201200017449;0;2;0;0;0;8;1;B02
201200017449;0;7;0;0;0;3;15;A01
201200017450;0;10;0;10;0;2;14;A01
201200017451;0;7;0;0;2;7;13;A01
201200017451;0;7;0;0;2;1;1;B02
201200017452;0;7;0;13;0;1;1;A01
201200017453;0;7;0;3;0;9;14;A01
201200017454;1;7;0;0;1;3;1;A01
201200017455;0;10;0;13;0;2;14;A01
201200017456;0;7;0;2;0;2;14;A01
201200017457;0;21;0;13;0;0;1;A01
201200017458;0;7;0;0;2;7;1;A01
201200017458;0;7;0;0;2;1;1;B02
201200017459;0;33;0;13;0;2;0;A01
201200017460;0;7;0;0;2;1;1;B02
201200017460;0;7;0;0;2;1;17;A01
201200017461;0;7;0;0;2;8;13;B02
201200017461;0;33;0;0;2;8;1;A01
201200017462;0;7;0;6;0;1;1;A01
201200017463;0;1;0;0;2;8;1;C03
201200017463;0;7;0;0;9;2;17;A01
201200017463;0;1;0;0;9;8;1;E05
201200017463;0;1;0;0;0;2;1;B02
201200017463;0;1;0;0;9;8;1;D04
201200017464;0;7;0;13;0;2;1;A01
201200017465;0;7;0;2;0;3;13;A01
201200017466;0;7;0;6;0;3;1;A01
201200017467;0;7;0;2;0;2;1;A01
201200017468;0;7;0;0;1;2;15;A01
201200017469;0;7;0;0;2;3;1;A01
201200017469;0;7;0;0;2;1;9;B02
201200017470;0;33;0;0;2;7;15;B02
201200017470;0;31;0;0;2;1;1;A01
201200017471;0;30;0;0;2;4;1;B02
201200017471;2;10;0;0;2;1;1;A01
201200017472;0;10;0;0;0;5;15;A01
201200017472;0;33;0;0;2;1;1;B02
201200017473;0;7;0;7;6;3;1;A01
201200017474;0;2;0;0;2;1;1;A01
201200017474;0;7;0;0;2;8;15;B02
201200017475;0;7;0;0;2;1;1;B02
201200017475;0;7;0;0;0;5;6;A01
201200017476;0;7;0;0;2;1;13;A01
201200017476;0;7;0;0;2;1;1;B02
201200017477;0;7;0;0;2;1;1;B02
201200017477;0;7;0;0;2;7;13;A01
201200017478;0;33;0;0;2;7;17;A01
201200017478;0;7;0;0;2;1;15;B02
201200017479;0;30;0;13;0;1;1;A01
201200017480;0;36;0;13;0;1;1;A01
201200017481;0;99;0;0;2;1;11;B02
201200017481;0;7;0;0;2;2;2;A01
201200017482;0;7;0;0;0;4;23;B02
201200017482;0;1;0;1;0;1;1;A01
201200017483;0;7;0;0;0;8;15;A01
201200017483;0;10;0;0;0;1;1;B02
201200017484;0;15;0;16;0;8;14;A01
201200017485;0;7;0;0;0;2;1;A01
201200017485;0;7;0;0;0;8;1;B02
201200017486;0;7;0;13;0;9;1;A01
201200017487;0;15;0;0;2;1;1;B02
201200017487;0;3;0;0;2;1;5;A01
201200017488;0;7;0;0;2;6;2;B02
201200017488;0;33;0;0;2;1;2;A01
201200017489;0;30;0;0;0;5;10;A01
201200017489;0;7;0;0;2;1;2;B02
201200017490;0;7;0;0;2;7;10;A01
201200017490;0;31;0;0;2;1;1;B01
201200017491;0;7;0;0;1;1;1;A01
201200017492;0;7;0;0;2;2;15;A01
201200017492;0;2;0;0;2;1;1;B01
201200017493;0;10;0;0;1;1;1;A01
201200017494;0;7;0;13;0;1;14;A01
201200017495;0;7;0;16;0;1;13;A01
201200017496;0;2;0;0;2;1;2;A01
201200017496;0;10;0;0;2;5;1;B01
201200017497;0;10;0;0;1;4;4;A01
201200017498;0;7;0;0;1;1;1;A01
201200017499;0;2;0;0;2;7;1;B01
201200017499;0;7;0;0;2;3;9;A01
201200017500;0;7;0;6;0;1;1;A01
201200017501;0;7;0;0;2;2;15;A01
201200017501;0;33;0;0;2;1;1;B01
201200017502;0;30;0;0;2;1;1;A01
201200017502;0;7;0;0;2;5;1;B01
201200017503;0;7;0;0;2;8;17;A01
201200017503;0;15;0;0;2;6;1;B01
201200017504;0;7;0;0;2;1;1;A01
201200017504;0;7;0;0;2;1;1;B01
201200017504;0;7;0;0;2;1;1;C01
201200017504;0;7;0;0;2;1;1;D01
201200017505;0;7;0;0;2;2;15;A01
201200017505;0;7;0;0;2;1;1;B01
201200017506;0;7;0;0;2;4;20;A01
201200017506;0;10;0;0;2;1;2;B01
201200017507;0;10;0;1;2;6;2;B01
201200017507;0;7;0;0;2;5;2;A01
201200017508;0;7;0;0;2;1;2;A01
201200017508;0;7;0;0;2;4;2;B01
201200017509;0;7;0;0;2;1;5;A01
201200017509;0;7;0;0;2;1;1;B01
201200017510;0;7;0;0;2;1;1;B01
201200017510;0;7;0;0;2;7;1;A01
201200017511;0;7;0;3;0;9;1;A01
201200017512;0;7;0;2;0;1;1;A01
201200017513;0;7;0;0;2;8;10;A01
201200017513;0;2;0;0;2;1;2;B01
201200017514;0;7;0;0;2;2;5;A01
201200017514;0;7;0;0;2;3;1;B01
201200017515;0;7;0;1;0;1;1;A01
201200017516;0;2;0;0;2;1;13;A01
201200017516;0;7;0;0;2;3;1;B01
201200017517;0;7;0;0;1;1;1;A01
201200017518;0;7;0;1;0;1;2;A01
201200017519;0;1;0;0;2;1;1;B01
201200017519;0;7;0;0;2;3;16;A01
201200017520;0;7;0;0;1;8;1;A01
201200017521;0;7;0;0;1;1;1;A01
201200017522;0;7;0;0;2;1;13;A01
201200017522;0;7;0;0;2;1;1;B01
201200017523;0;7;0;0;2;8;13;A01
201200017523;0;10;0;0;2;3;1;B01
201200017524;0;7;0;0;2;2;1;B01
201200017524;0;7;0;0;2;3;9;A01
201200017525;0;7;0;0;2;6;19;B01
201200017525;0;7;0;0;2;1;1;A01
201200017526;0;7;0;0;1;7;1;A01
201200017527;0;7;0;3;0;8;13;A01
201200017528;0;7;0;3;0;1;1;A01
201200017529;0;7;0;0;1;1;1;A01
201200017530;0;7;0;0;2;2;15;A01
201200017530;0;7;0;6;2;6;21;B01
201200017531;0;7;0;0;1;1;15;A01
201200017532;0;7;0;0;2;2;15;A01
201200017532;0;2;0;0;2;1;1;B01
201200017533;0;7;0;0;2;4;23;B01
201200017533;0;7;0;0;2;1;2;A01
201200017534;0;7;0;0;1;1;20;A01
201200017535;0;33;0;13;0;1;1;A01
201200017536;0;7;0;6;0;2;17;A01
201200017537;0;35;0;13;0;2;14;A01
201200017538;0;7;0;0;1;3;15;A01
201200017539;0;7;0;0;2;1;2;A01
201200017539;0;7;0;0;2;4;23;B01
201200017540;0;30;0;0;2;1;17;A01
201200017540;0;7;0;0;2;8;15;B01
201200017541;0;7;0;13;0;9;13;A01
201200017542;0;1;0;0;2;1;5;A01
201200017542;0;7;0;0;2;3;1;B01
201200017543;0;7;0;0;2;1;1;A01
201200017543;0;1;0;0;2;1;5;B01
201200017544;0;7;0;0;1;2;1;A01
201200017545;0;2;0;0;2;1;1;A01
201200017545;0;7;0;0;2;8;1;B01
201200017546;0;7;0;0;2;3;2;B01
201200017546;0;33;0;0;2;1;2;A01
201200017547;0;7;0;13;0;1;1;A01
201200017548;0;7;0;0;1;4;4;A01
201200017549;0;7;0;0;2;3;1;A01
201200017549;0;7;0;0;2;1;1;B01
201200017550;0;33;0;0;2;1;1;B01
201200017550;0;7;0;0;2;2;1;A01
201200017551;0;7;0;0;2;2;1;B01
201200017551;0;1;0;0;2;1;1;A01
201200017552;0;30;0;0;0;0;1;A01
201200017553;0;7;0;0;1;1;1;A01
201200017554;0;7;0;0;2;3;9;A01
201200017554;0;31;0;0;2;4;1;B01
201200017555;0;2;0;0;2;1;17;B01
201200017555;0;31;0;0;2;8;15;A01
201200017556;0;7;0;0;2;1;2;A01
201200017556;0;7;0;0;2;6;2;B01
201200017557;0;7;0;0;2;3;20;A01
201200017557;0;2;0;0;2;1;1;B01
201200017558;0;2;0;0;2;1;1;B01
201200017558;0;7;0;0;2;7;1;A01
201200017559;0;7;0;0;2;2;15;A01
201200017559;0;30;0;0;2;1;1;B01
201200017560;0;7;0;0;2;2;1;B01
201200017560;0;7;0;0;2;3;19;A01
201200017561;0;7;0;0;2;1;24;B01
201200017561;0;7;0;1;0;1;13;A01
201200017562;0;20;0;0;2;4;1;B01
201200017562;0;7;0;0;2;1;2;A01
201200017563;0;33;0;0;0;0;1;A01
201200017564;0;30;0;0;0;0;1;A01
201200017565;0;7;0;0;1;1;1;A01
201200017566;0;7;0;0;2;1;15;A01
201200017567;0;7;0;3;0;1;1;A01
201200017568;0;7;0;3;0;1;1;A01
201200017569;0;7;0;0;2;4;23;B01
201200017569;1;99;0;0;0;0;0;A01
201200017570;0;7;0;0;2;1;19;A01
201200017570;0;7;0;0;2;1;1;B01
201200017571;0;7;0;0;0;4;23;A01
201200017571;0;7;0;0;2;1;2;D01
201200017571;0;7;0;0;2;4;23;B01
201200017571;0;7;0;0;2;4;23;C01
201200017572;0;7;0;0;2;3;5;A01
201200017572;0;7;0;0;2;7;1;B01
201200017573;0;7;0;0;0;1;1;A01
201200017573;0;7;0;0;0;1;13;B02
201200017574;0;7;0;0;2;1;1;B02
201200017574;0;7;0;0;2;8;19;A01
201200017575;0;7;0;13;0;9;1;A01
201200017576;0;33;0;16;0;8;1;A01
201200017577;0;7;0;13;0;1;1;A01
201200017578;0;32;0;7;0;1;1;A01
201200017579;0;7;0;0;1;8;20;A01
201200017580;0;7;0;0;0;6;19;B02
201200017580;0;7;0;0;2;1;1;A01
201200017581;0;7;0;0;0;3;1;A01
201200017582;0;7;0;2;0;2;14;A01
201200017583;0;33;0;0;2;3;1;B02
201200017583;0;7;0;0;2;2;9;A01
201200017584;0;7;0;0;9;3;15;A01
201200017584;0;2;0;0;2;8;1;B02
201200017585;0;7;0;0;2;1;1;A01
201200017585;0;7;0;0;2;3;19;B02
201200017586;0;21;0;0;2;1;23;A01
201200017586;0;10;0;0;2;1;1;B02
201200017587;0;31;0;13;0;2;13;A01
201200017588;0;30;0;0;1;1;1;A01
201200017589;0;33;0;0;2;1;1;A01
201200017589;0;7;0;0;0;6;19;B02
201200017590;0;30;0;9;0;3;13;A01
201200017591;0;1;0;0;2;1;19;A01
201200017591;0;7;0;0;2;1;13;B02
201200017592;0;7;0;6;0;1;0;A01
201200017593;0;7;0;0;2;6;15;B02
201200017593;0;7;0;0;2;2;17;A01
201200017594;0;10;0;0;0;8;1;A01
201200017595;0;7;0;13;0;1;1;A01
201200017596;0;7;0;2;0;1;0;A01
201200017597;0;7;0;1;1;2;1;A01
201200017598;0;7;0;0;0;9;1;A01
201200017599;0;7;0;0;2;2;1;B02
201200017599;0;7;0;0;2;3;15;A01
201200017600;0;14;0;0;0;7;4;A01
201200017601;0;33;0;0;2;1;1;B02
201200017601;0;7;0;0;2;8;19;A01
201200017602;0;7;0;2;0;1;1;A01
201200017603;0;36;0;0;0;0;0;A01
201200017604;0;7;0;0;2;2;2;A01
201200017604;0;1;0;0;0;4;0;C03
201200017604;0;1;0;0;0;4;0;B02
201200017605;1;10;0;0;2;3;13;A01
201200017605;0;7;0;0;2;1;1;B02
201200017605;0;7;0;0;2;1;1;C03
201200017606;0;7;0;0;2;1;15;B02
201200017606;0;7;0;0;2;1;1;A01
201200017607;0;2;0;0;2;1;13;A01
201200017607;0;7;0;0;2;3;1;B02
201200017608;0;7;0;16;0;1;1;A01
201200017609;0;7;0;16;0;1;1;A01
201200017610;0;33;0;0;0;9;1;A01
201200017611;0;30;0;0;0;8;1;A01
201200017612;0;10;0;0;1;2;1;A01
201200017613;0;7;0;2;0;3;13;A01
201200017614;0;31;0;0;2;7;1;A01
201200017614;0;7;0;0;2;7;1;B02
201200017615;0;7;0;16;0;4;1;A01
201200017616;0;7;0;0;5;1;1;A01
201200017617;0;7;0;0;1;2;1;A01
201200017618;0;7;0;3;0;2;1;A01
201200017619;0;7;0;0;1;4;4;A01
201200017620;0;7;0;6;0;1;14;A01
201200017621;0;7;0;8;0;1;1;A01
201200017622;0;7;0;6;0;1;1;A01
201200017623;0;30;0;9;0;1;1;A01
201200017624;0;7;0;0;2;1;1;A01
201200017624;0;7;0;0;2;1;2;B02
201200017625;0;7;0;2;0;3;1;A01
201200017626;0;7;0;0;2;2;15;A01
201200017626;0;30;0;0;2;1;15;B02
201200017627;0;33;0;0;2;1;13;A01
201200017627;0;7;0;0;2;3;1;B02
201200017628;0;33;0;0;2;1;1;A01
201200017628;0;7;0;0;2;7;19;B02
201200017629;0;7;0;13;0;9;14;A01
201200017630;0;7;0;14;0;1;1;A01
201200017630;0;7;0;0;1;4;23;B02
201200017631;0;7;0;3;0;3;1;A01
201200017632;0;7;0;2;0;1;1;A01
201200017633;0;7;0;0;2;1;15;A01
201200017633;0;2;0;0;2;1;1;B02
201200017634;0;7;0;0;0;0;1;A01
201200017635;0;7;0;0;2;5;1;A01
201200017635;0;7;0;0;2;1;1;B02
201200017636;0;33;0;0;2;8;1;B02
201200017636;0;33;0;0;2;1;19;A01
201200017637;0;7;0;0;2;7;1;A01
201200017637;0;10;0;0;2;1;1;B02
201200017638;0;7;0;0;0;1;2;A01
201200017638;0;7;0;0;0;4;23;B02
201200017639;0;3;0;0;2;3;15;A01
201200017639;0;33;0;0;2;1;1;B02
201200017640;0;7;0;13;0;1;1;A01
201200017641;0;7;0;0;2;3;19;A01
201200017641;0;7;0;0;2;1;1;B02
201200017642;0;7;0;0;2;3;1;B02
201200017642;0;7;0;0;2;1;13;A01
201200017643;0;7;0;0;2;7;19;A01
201200017643;0;7;0;0;2;1;1;B02
201200017644;0;7;0;0;2;3;13;A01
201200017644;0;7;0;0;2;3;1;B02
201200017645;0;7;0;0;1;1;1;A01
201200017646;0;31;0;0;2;1;1;A01
201200017646;0;21;0;0;2;6;19;B02
201200017647;0;7;0;2;0;1;13;A01
201200017648;0;7;0;0;2;2;19;B02
201200017648;0;33;0;0;2;1;1;A01
201200017649;0;16;0;0;2;0;1;C03
201200017649;0;31;0;0;2;1;13;A01
201200017649;0;17;0;0;2;3;1;B02
201200017650;0;7;0;16;0;3;19;A01
201200017651;0;7;0;0;2;1;1;B02
201200017651;0;7;0;0;2;1;13;A01
201200017652;0;7;0;2;0;3;13;A01
201200017653;0;7;0;13;0;2;1;A01
201200017654;0;10;0;0;0;1;0;A01
201200017654;0;7;0;0;0;1;0;B02
201200017655;0;7;0;0;2;7;13;A01
201200017655;0;10;0;0;2;1;1;B02
201200017656;0;7;0;6;0;7;1;A01
201200017657;0;10;0;0;2;3;1;B02
201200017657;0;30;0;0;2;1;13;A01
201200017658;0;32;0;6;0;7;1;A01
201200017659;0;7;0;8;0;1;1;A01
201200017660;0;7;0;0;1;2;0;A01
201200017661;0;7;0;0;1;2;21;A01
201200017662;0;7;0;8;0;2;1;A01
201200017663;0;7;0;0;2;5;1;D04
201200017663;0;7;0;0;2;3;1;C03
201200017663;0;7;0;0;2;5;1;B02
201200017663;0;7;0;0;2;3;17;A01
201200017664;0;7;0;0;2;8;19;A01
201200017664;0;7;0;0;2;1;1;B02
201200017665;0;7;0;0;2;2;19;B02
201200017665;0;7;0;0;2;3;1;A01
201200017666;0;7;0;0;2;8;15;A01
201200017666;0;15;0;0;2;3;1;B02
201200017667;0;99;0;12;0;1;1;A01
201200017668;0;7;0;2;0;1;13;A01
201200017669;0;7;0;6;0;1;1;A01
201200017670;0;1;0;0;2;1;1;B02
201200017670;0;3;0;0;2;8;14;A01
201200017671;0;7;0;0;2;3;15;A01
201200017671;0;33;0;0;2;4;1;B02
201200017672;0;7;0;0;2;8;13;A01
201200017672;0;7;0;0;2;1;1;B02
201200017673;0;7;0;4;9;7;1;A01
201200017674;0;7;0;0;2;2;1;A01
201200017674;0;30;0;0;2;1;15;B02
201200017675;0;7;0;8;0;8;1;A01
201200017676;0;7;0;0;9;2;19;A01
201200017676;0;31;0;0;2;1;1;B02