num_acc;senc;catv;occutc;obs;obsm;choc;manv;num_veh
201200017677;0;7;0;0;9;1;1;B02
201200017677;0;2;0;0;2;8;15;A01
201200017678;0;7;0;0;2;3;1;B02
201200017678;0;10;0;0;2;3;13;A01
201200017679;0;14;0;0;2;3;1;A01
201200017679;0;7;0;0;2;3;15;B02
201200017680;0;7;0;0;0;9;1;A01
201200017681;0;7;0;0;2;9;17;A01
201200017681;0;7;0;0;2;6;1;C03
201200017681;0;7;0;0;2;1;1;B02
201200017682;0;7;0;0;0;1;13;A01
201200017682;0;7;0;0;0;1;1;B02
201200017683;0;7;0;0;2;1;2;A01
201200017683;0;17;0;0;2;4;2;B02
201200017684;0;7;0;0;2;1;1;C03
201200017684;0;7;0;0;2;6;1;B02
201200017684;0;7;0;0;2;1;1;D04
201200017684;0;7;0;0;2;9;13;A01
201200017685;0;34;0;13;0;1;1;A01
201200017686;0;7;0;3;2;1;14;A01
201200017686;0;7;0;0;2;4;1;B02
201200017687;0;7;0;0;2;6;1;B02
201200017687;0;33;0;0;2;8;15;A01
201200017688;0;7;0;0;2;6;1;A01
201200017688;0;33;0;0;2;1;17;B02
201200017689;0;7;0;0;2;1;15;A01
201200017689;0;7;0;0;2;1;16;B02
201200017690;0;1;0;0;2;3;1;A01
201200017690;0;7;0;0;2;3;17;B02
201200017691;0;33;0;0;2;7;1;A01
201200017691;0;7;0;0;2;5;15;B02
201200017692;0;7;0;0;2;3;23;C03
201200017692;0;7;0;0;2;1;1;B02
201200017692;0;7;0;0;2;2;19;A01
201200017693;0;33;0;0;2;1;1;A01
201200017693;0;1;0;0;2;1;1;B02
201200017694;0;31;0;0;2;1;2;A01
201200017694;0;7;0;0;2;4;2;B02
201200017695;0;7;0;8;0;1;1;A01
201200017696;0;7;0;0;2;3;5;A01
201200017696;0;15;0;0;2;3;1;B02
201200017697;0;33;0;0;2;1;1;B02
201200017697;0;7;0;0;0;5;15;A01
201200017698;0;7;0;0;2;3;1;A01
201200017698;0;7;0;0;2;3;1;B02
201200017699;0;33;0;0;2;1;14;B02
201200017699;0;7;0;0;2;2;19;A01
201200017700;0;15;0;0;2;8;1;B02
201200017700;0;7;0;0;2;3;13;A01
201200017701;0;33;0;13;0;2;14;A01
201200017702;0;7;0;0;2;2;1;A01
201200017702;0;7;0;0;9;0;1;C03
201200017702;0;7;0;0;2;2;1;B02
201200017703;0;7;0;0;2;8;1;B02
201200017703;0;7;0;0;2;1;19;A01
201200017704;0;7;0;0;2;1;2;A01
201200017704;0;7;0;0;2;4;2;B02
201200017705;0;7;0;0;2;1;9;A01
201200017705;0;31;0;0;2;7;1;B02
201200017706;0;7;0;8;0;1;1;A01
201200017707;0;7;0;0;2;2;1;A01
201200017707;0;7;0;0;0;8;19;B02
201200017708;0;1;0;0;0;3;19;B02
201200017708;0;7;0;0;9;2;1;A01
201200017709;0;33;0;0;2;7;17;A01
201200017709;0;36;0;0;2;8;17;B02
201200017710;0;33;0;0;0;3;1;A01
201200017711;0;7;0;13;0;1;2;A01
201200017712;0;33;0;13;0;1;13;A01
201200017713;0;31;0;0;2;1;1;B02
201200017713;0;21;0;0;2;1;15;A01
201200017714;0;7;0;0;2;1;1;B02
201200017714;0;7;0;0;2;5;1;A01
201200017715;0;14;0;0;1;4;0;A01
201200017716;0;17;0;0;0;1;1;A01
201200017716;0;15;0;0;0;8;1;B02
201200017717;0;7;0;0;2;3;1;A01
201200017717;0;7;0;0;2;2;1;B02
201200017718;0;10;0;13;0;3;1;A01
201200017719;0;7;0;0;2;1;1;A01
201200017719;0;7;0;0;2;7;1;B02
201200017720;0;2;0;15;0;1;1;A01
201200017721;0;7;0;0;2;1;1;A01
201200017721;0;1;0;0;2;7;1;B02
201200017722;0;7;0;0;2;3;15;A01
201200017722;0;2;0;0;2;1;1;B02
201200017723;0;7;0;0;2;6;1;A01
201200017723;0;10;0;0;2;1;1;B02
201200017724;0;7;0;13;0;3;14;A01
201200017725;0;7;0;13;0;9;14;A01
201200017726;0;7;0;0;2;1;1;B02
201200017726;0;7;0;0;2;1;13;A01
201200017727;0;33;0;8;0;1;1;A01
201200017728;0;33;0;11;0;1;17;A01
201200017729;0;14;0;0;1;3;17;A01
201200017730;0;7;0;0;2;3;13;A01
201200017730;0;7;0;0;2;1;0;B02
201200017731;0;7;0;0;2;2;1;B02
201200017731;0;30;0;0;2;7;1;A01
201200017732;0;7;0;0;2;4;1;A01
201200017732;0;7;0;0;2;3;1;B02
201200017733;0;7;0;0;2;8;1;B02
201200017733;0;33;0;0;2;7;17;A01
201200017734;0;3;0;0;2;4;1;B02
201200017734;0;15;0;0;2;2;1;A01
201200017735;0;7;0;4;0;2;1;A01
201200017736;0;7;0;0;0;1;1;A01
201200017737;0;7;0;0;2;3;15;A01
201200017737;0;30;0;0;2;1;1;B02
201200017738;0;7;0;0;0;1;1;B02
201200017738;0;30;0;0;0;5;16;A01
201200017739;0;33;0;5;0;3;1;A01
201200017740;0;7;0;0;0;2;1;B02
201200017740;0;7;0;0;0;3;1;A01
201200017741;0;33;0;6;0;1;1;A01
201200017742;0;30;0;0;0;0;0;A01
201200017743;0;7;0;0;2;3;19;A01
201200017743;0;7;0;0;2;1;1;B02
201200017744;0;14;0;0;0;3;1;A01
201200017744;0;15;0;0;0;2;1;B02
201200017745;0;7;0;0;2;3;19;B02
201200017745;0;7;0;0;2;3;1;A01
201200017746;0;7;0;2;0;1;1;A01
201200017747;0;30;0;0;2;1;1;A01
201200017748;0;33;0;16;0;1;1;A01
201200017749;0;7;0;0;2;8;15;A01
201200017749;0;30;0;0;2;2;2;B02
201200017750;0;33;0;0;2;1;1;B02
201200017750;0;7;0;0;2;2;15;A01
201200017751;0;2;0;12;0;1;1;A01
201200017752;0;10;0;14;0;2;2;A01
201200017752;0;10;0;0;1;6;23;B02
201200017753;0;7;0;0;2;8;10;A01
201200017753;0;33;0;0;2;1;1;B02
201200017754;0;7;0;0;2;1;1;A01
201200017754;0;36;0;0;2;8;19;B02
201200017755;0;7;0;0;2;3;17;A01
201200017755;0;7;0;0;2;3;1;B02
201200017756;0;7;0;0;2;4;1;B02
201200017756;0;7;0;0;2;1;1;A01
201200017757;0;33;0;0;0;0;23;A01
201200017757;0;7;0;0;2;1;21;B02
201200017757;0;14;0;0;2;8;12;C03
201200017758;0;7;0;0;2;1;1;A01
201200017758;0;2;0;0;2;1;1;B02
201200017759;0;7;0;0;9;2;1;A01
201200017759;0;1;0;0;0;0;0;B02
201200017760;0;33;0;13;0;1;1;A01
201200017761;0;33;0;0;2;1;17;A01
201200017761;0;7;0;0;0;6;15;B02
201200017762;0;7;0;0;2;1;1;A01
201200017762;0;7;0;0;2;3;1;B02
201200017763;0;7;0;0;0;3;13;A01
201200017763;0;33;0;0;2;8;0;B02
201200017764;0;33;0;0;2;8;1;A01
201200017764;0;10;0;0;2;1;1;B02
201200017765;0;7;0;0;2;7;13;A01
201200017765;0;7;0;0;2;1;1;B02
201200017766;0;2;0;0;2;1;2;A01
201200017766;0;21;0;0;0;4;23;B02
201200017767;0;7;0;16;0;1;1;A01
201200017768;0;33;0;0;2;1;17;A01
201200017768;0;7;0;0;0;6;17;B02
201200017769;0;21;0;0;2;3;15;A01
201200017769;0;33;0;0;2;1;17;B02
201200017770;0;7;0;0;1;3;1;A01
201200017771;0;33;0;3;0;1;1;A01
201200017772;0;33;0;0;2;1;13;A01
201200017772;0;21;0;0;2;1;1;B02
201200017773;0;7;0;0;2;7;1;A01
201200017773;0;7;0;0;2;1;16;B02
201200017774;0;7;0;2;0;8;1;A01
201200017775;0;7;0;13;0;2;14;A01
201200017776;0;7;0;6;0;0;1;A01
201200017777;0;7;0;2;0;7;19;A01
201200017778;0;7;0;0;2;3;13;A01
201200017778;0;7;0;0;2;3;1;B02
201200017779;0;15;0;0;2;3;1;B02
201200017779;0;7;0;0;2;1;13;A01
201200017780;0;7;0;1;0;3;13;A01
201200017780;0;20;0;0;2;3;0;B02
201200017781;0;7;0;11;0;3;13;A01
201200017782;0;7;0;0;0;0;14;A01
201200017783;0;33;0;0;0;0;1;A01
201200017784;0;7;0;0;0;5;11;A01
201200017784;0;2;0;0;2;1;1;B02
201200017785;0;7;0;0;2;1;0;B02
201200017785;0;7;0;0;2;5;19;A01
201200017786;0;17;0;0;0;1;0;B02
201200017786;0;7;0;0;0;1;13;A01
201200017787;0;7;0;0;2;3;13;A01
201200017787;0;7;0;0;2;3;1;B02
201200017788;0;33;0;0;2;1;1;A01
201200017788;0;7;0;0;2;2;19;B02
201200017789;0;7;0;2;0;1;13;A01
201200017790;0;10;0;0;2;3;13;A01
201200017790;0;7;0;0;2;3;1;B02
201200017791;0;30;0;1;0;1;1;B02
201200017791;0;10;0;0;2;8;22;A01
201200017792;0;15;0;0;0;0;1;A01
201200017792;0;10;0;0;9;1;1;B02
201200017793;0;7;0;2;0;1;1;A01
201200017794;0;17;0;0;2;3;1;B02
201200017794;0;7;0;0;2;7;19;A01
201200017795;0;33;0;0;0;0;17;A01
201200017796;0;7;0;0;2;3;1;A01
201200017796;0;17;0;0;2;3;1;B02
201200017797;0;7;0;0;2;3;1;B02
201200017797;0;7;0;0;2;3;1;A01
201200017798;0;33;0;0;0;4;1;C03
201200017798;0;33;0;0;2;1;1;A01
201200017798;0;33;0;0;0;6;1;B02
201200017799;0;7;0;0;2;2;15;A01
201200017799;0;33;0;0;2;1;1;B02
201200017800;0;7;0;13;0;1;16;A01
201200017801;0;7;0;0;2;3;13;A01
201200017801;0;7;0;0;2;3;1;B02
201200017802;0;7;0;0;2;3;1;A01
201200017802;0;7;0;0;2;3;1;B02
201200017803;0;7;0;13;0;1;1;A01
201200017804;0;7;0;8;0;8;1;A01
201200017805;0;10;0;0;2;8;1;B02
201200017805;0;1;0;0;2;1;19;A01
201200017806;0;33;0;0;0;0;1;A01
201200017807;0;10;0;0;2;3;15;A01
201200017807;0;33;0;0;2;3;1;B02
201200017808;0;7;0;0;2;7;1;A01
201200017808;0;7;0;0;2;1;1;B02
201200017809;0;7;0;0;2;2;13;A01
201200017809;0;7;0;0;2;1;1;B02
201200017810;0;7;0;0;2;2;15;A01
201200017810;0;7;0;0;2;1;1;B02
201200017810;0;7;0;0;2;1;23;C03
201200017811;0;7;0;2;0;0;1;A01
201200017812;0;33;0;0;2;1;17;A01
201200017812;0;10;0;0;2;3;1;B02
201200017813;1;10;0;0;1;7;21;A01
201200017814;0;7;0;0;0;4;24;A01
201200017814;0;7;0;1;0;1;1;B02
201200017815;0;7;0;8;0;7;0;A01
201200017816;0;7;0;13;0;2;1;A01
201200017817;0;10;0;0;2;2;15;A01
201200017817;0;33;0;0;2;7;1;B02
201200017818;0;7;0;0;1;2;1;A01
201200017819;0;7;0;8;0;1;1;A01
201200017820;0;2;0;0;2;3;1;B02
201200017820;1;7;0;0;2;3;13;A01
201200017821;0;7;0;2;0;1;1;A01
201200017822;0;7;0;0;2;3;13;A01
201200017822;0;7;0;0;2;3;1;B02
201200017823;0;7;0;0;2;3;1;B02
201200017823;0;7;0;0;2;3;13;A01
201200017824;0;15;0;0;2;8;1;B02
201200017824;0;10;0;8;2;3;1;A01
201200017825;0;7;0;8;0;1;21;A01
201200017826;0;7;0;13;0;5;1;A01
201200017827;0;7;0;0;1;3;1;A01
201200017828;0;7;0;0;1;3;1;A01
201200017829;0;7;0;0;2;3;1;A01
201200017829;0;31;0;0;2;1;1;B02
201200017830;0;7;0;0;2;1;1;B02
201200017830;0;7;0;0;2;1;13;A01
201200017831;0;7;0;0;2;1;1;A01
201200017831;0;7;0;0;2;8;1;B02
201200017832;0;7;0;0;2;2;19;A01
201200017832;0;30;0;0;2;1;1;B02
201200017833;0;33;0;0;2;1;1;B02
201200017833;0;7;0;0;2;6;15;A01
201200017834;0;7;0;0;2;1;1;B02
201200017834;0;10;0;0;2;1;13;A01
201200017835;0;7;0;0;2;3;1;C03
201200017835;0;2;0;0;2;1;17;A01
201200017835;0;7;0;0;2;1;1;B02
201200017836;0;10;0;0;2;3;13;A01
201200017836;0;10;0;0;2;3;1;B02
201200017837;0;7;0;0;2;7;1;A01
201200017837;0;7;0;0;0;0;1;C03
201200017837;0;31;0;0;2;1;1;B02
201200017838;0;14;0;0;1;4;4;A01
201200017839;0;33;0;0;2;1;1;B02
201200017839;0;7;0;0;2;6;19;A01
201200017840;0;7;0;0;2;8;1;B02
201200017840;0;10;0;0;2;8;5;A01
201200017841;0;21;0;13;0;8;1;A01
201200017842;0;7;0;0;2;3;1;B02
201200017842;0;10;0;0;2;2;19;A01
201200017843;0;1;0;0;2;1;1;B02
201200017843;0;10;0;0;9;5;1;A01
201200017844;0;7;0;8;0;1;1;A01
201200017845;0;33;0;0;2;1;1;A01
201200017845;0;7;0;0;2;2;15;B02
201200017846;0;7;0;13;0;9;1;A01
201200017847;0;7;0;0;2;3;1;A01
201200017847;0;33;0;13;2;3;1;B02
201200017848;0;2;0;0;2;6;15;A01
201200017848;0;7;0;0;2;1;0;B02
201200017849;0;7;0;0;2;1;1;B02
201200017849;0;7;0;0;2;9;13;A01
201200017849;0;7;0;0;2;9;1;D04
201200017849;0;33;0;0;2;2;1;E05
201200017849;0;7;0;0;2;4;23;C03
201200017850;0;7;0;2;0;1;14;A01
201200017851;0;33;0;0;0;0;1;A01
201200017852;0;7;0;4;0;3;1;A01
201200017853;0;7;0;13;0;1;21;A01
201200017854;0;7;0;0;0;9;1;A01
201200017855;0;7;0;0;0;9;1;A01
201200017856;0;10;0;2;0;1;1;A01
201200017857;0;7;0;2;0;3;0;A01
201200017858;0;7;0;0;1;3;1;A01
201200017859;0;30;0;0;2;1;11;A01
201200017859;0;7;0;0;2;1;1;B02
201200017860;0;7;0;2;0;7;1;A01
201200017861;0;7;0;0;2;2;1;B02
201200017861;0;7;0;0;2;2;13;A01
201200017862;0;33;0;0;2;1;1;B02
201200017862;0;7;0;0;2;1;13;A01
201200017863;0;7;0;13;0;1;1;A01
201200017864;0;7;0;0;2;1;1;B02
201200017864;0;7;0;0;2;8;15;A01
201200017865;0;7;0;0;1;4;20;A01
201200017866;0;7;0;2;0;1;1;A01
201200017867;0;33;0;0;0;1;1;A01
201200017868;0;33;0;12;0;1;1;A01
201200017869;0;7;0;13;0;1;14;A01
201200017870;0;7;0;0;1;3;1;A01
201200017871;0;7;0;0;2;2;15;A01
201200017871;0;7;0;0;2;1;1;B02
201200017872;0;33;0;0;2;7;15;A01
201200017872;0;10;0;0;2;1;1;B02
201200017873;0;7;0;0;0;7;1;A01
201200017873;0;1;0;0;2;1;19;B02
201200017874;0;7;0;0;2;2;1;A01
201200017874;0;2;0;0;2;7;19;B02
201200017875;0;7;0;0;0;3;1;A01
201200017875;0;30;0;0;2;1;1;B02
201200017876;0;7;0;0;6;1;21;A01
201200017877;0;14;0;0;0;2;14;A01
201200017878;0;21;0;0;0;1;1;A01
201200017879;0;7;0;0;2;3;1;A01
201200017879;0;33;0;0;2;1;17;B02
201200017880;0;7;0;13;0;1;1;A01
201200017881;0;7;0;13;0;1;1;A01
201200017882;0;7;0;0;2;2;15;A01
201200017882;0;7;0;0;2;2;1;B02
201200017883;0;7;0;0;2;3;1;B02
201200017883;0;7;0;0;2;8;15;A01
201200017884;0;10;0;0;1;4;4;A01
201200017885;0;31;0;0;2;3;1;A01
201200017885;0;14;0;0;2;5;17;B02
201200017886;0;7;0;0;2;3;17;A01
201200017886;0;2;0;0;2;1;1;B02
201200017886;0;7;0;0;2;6;1;C03
201200017887;0;33;0;0;2;1;1;A01
201200017887;0;2;0;0;2;4;1;B02
201200017887;0;21;0;0;2;1;1;C03
201200017888;0;10;0;2;0;2;17;A01
201200017889;0;7;0;2;0;1;1;A01
201200017890;0;7;0;13;0;1;1;A01
201200017891;0;33;0;0;2;1;1;A01
201200017891;0;7;0;0;9;0;2;C03
201200017891;0;7;0;0;2;3;1;B02
201200017892;0;34;0;0;2;7;1;A01
201200017892;0;7;0;0;2;3;9;B02
201200017893;0;7;0;0;2;3;13;A01
201200017893;0;7;0;0;2;3;1;B02
201200017893;0;10;0;0;9;1;21;C03
201200017894;0;10;0;16;0;5;1;A01
201200017895;0;7;0;13;0;3;1;A01
201200017896;0;7;0;0;2;3;1;A01
201200017896;0;30;0;0;2;3;13;B02
201200017897;0;21;0;0;2;0;1;A01
201200017897;0;1;0;0;2;0;1;B02
201200017898;0;7;0;0;6;2;1;A01
201200017899;0;7;0;0;2;3;13;A01
201200017899;0;7;0;0;2;3;1;B02
201200017900;0;7;0;6;0;1;1;A01
201200017901;0;7;0;0;2;1;5;A01
201200017901;0;14;0;0;2;1;1;B02
201200017902;0;2;0;0;2;1;1;B02
201200017902;0;7;0;0;2;8;15;A01
201200017903;0;7;0;1;0;1;1;A01
201200017903;0;7;0;0;2;3;23;B02
201200017904;0;14;0;8;0;1;1;A01
201200017905;0;7;0;0;2;7;1;A01
201200017905;0;1;0;0;2;8;1;B02
201200017906;0;7;0;0;2;7;17;A01
201200017906;0;7;0;0;2;2;1;B02
201200017906;0;7;0;0;2;8;1;C03
201200017907;0;7;0;13;0;1;1;A01
201200017908;0;33;0;14;0;8;1;A01
201200017909;0;33;0;0;2;1;21;B02
201200017909;0;7;0;0;2;1;15;A01
201200017910;0;7;0;0;2;1;1;A01
201200017910;0;7;0;0;2;2;19;B02
201200017911;0;7;0;0;2;8;19;A01
201200017911;0;7;0;0;2;1;1;B02
201200017912;0;15;0;13;0;7;1;A01
201200017913;0;7;0;8;0;0;1;A01
201200017914;0;3;0;13;0;9;1;A01
201200017915;0;7;0;13;0;2;1;A01
201200017916;0;30;0;6;0;1;1;A01
201200017917;0;31;0;0;0;1;1;B02
201200017917;0;7;0;0;0;3;9;A01
201200017918;0;30;0;0;2;8;1;A01
201200017918;0;7;0;0;2;2;1;B02
201200017919;0;7;0;0;2;2;1;A01
201200017919;0;7;0;0;2;3;15;B02
201200017920;0;7;0;0;2;1;1;A01
201200017920;0;7;0;0;2;4;1;B02
201200017921;0;7;0;0;0;3;13;A01
201200017921;0;33;0;0;2;1;1;B02
201200017922;0;31;0;0;0;0;10;A01
201200017923;0;7;0;0;1;1;1;A01
201200017924;0;7;0;3;0;1;1;A01
201200017925;0;7;0;0;1;3;1;A01
201200017926;0;7;0;0;2;2;1;C03
201200017926;0;7;0;0;2;2;1;A01
201200017926;0;7;0;0;2;8;1;B02
201200017927;0;7;0;16;0;1;1;A01
201200017928;0;33;0;0;2;7;2;A01
201200017928;0;7;0;0;9;8;2;B02
201200017929;0;7;0;0;2;3;1;A01
201200017929;0;7;0;0;2;2;17;B02
201200017930;0;7;0;0;2;8;13;A01
201200017930;0;7;0;0;2;8;1;B02
201200017931;0;33;0;0;2;4;23;B02
201200017931;0;7;0;0;2;5;23;A01
201200017931;0;33;0;0;2;7;23;C03
201200017931;0;7;0;0;2;1;2;D04
201200017932;0;7;0;0;2;1;13;A01
201200017932;0;7;0;0;2;1;1;B02
201200017933;0;7;0;13;0;3;13;A01
201200017934;0;7;0;13;0;1;1;A01
201200017935;0;7;0;0;2;8;10;A01
201200017935;0;38;0;0;2;1;1;B02
201200017936;0;10;0;0;1;1;1;A01
201200017937;0;7;0;0;9;3;9;A01
201200017937;0;1;0;0;2;7;9;B02
201200017938;0;7;0;13;0;3;1;A01
201200017939;0;10;0;13;0;1;14;A01
201200017940;0;7;0;0;0;1;1;B02
201200017940;0;7;0;0;0;1;1;A01
201200017941;0;7;0;16;0;3;1;A01
201200017942;0;7;0;0;2;1;1;B02
201200017942;0;31;0;0;2;1;5;A01
201200017943;0;7;0;10;0;1;14;A01
201200017944;0;7;0;2;0;8;1;A01
201200017945;0;7;0;0;1;4;4;A01
201200017946;0;7;0;6;0;1;1;A01
201200017947;0;7;0;0;2;1;13;A01
201200017947;0;7;0;0;2;1;1;B02
201200017948;0;33;0;16;0;3;1;A01
201200017948;0;33;0;13;0;3;1;C03
201200017948;0;33;0;13;0;3;1;B02
201200017949;0;33;0;0;0;0;14;A01
201200017950;0;7;0;0;2;3;9;B02
201200017950;0;7;0;0;2;2;1;A01
201200017951;0;7;0;0;2;3;1;A01
201200017951;0;30;0;0;2;3;6;B02
201200017952;0;7;0;6;0;1;1;A01
201200017953;0;10;0;0;2;3;1;B02
201200017953;0;7;0;0;2;1;1;C03
201200017953;0;7;0;4;2;9;1;A01
201200017954;0;7;0;0;0;1;13;B02
201200017954;0;15;0;0;2;2;1;A01
201200017955;0;10;0;0;2;3;13;A01
201200017955;0;7;0;9;2;3;1;B02
201200017956;0;10;0;0;2;2;15;B02
201200017956;0;33;0;0;2;2;1;A01
201200017957;0;7;0;6;0;1;1;A01
201200017958;0;7;0;0;2;2;1;B02
201200017958;0;31;0;0;2;1;15;A01
201200017959;0;14;0;13;0;7;14;A01
201200017960;0;33;0;0;2;3;1;A01
201200017960;0;14;0;0;2;8;1;B02
201200017961;0;7;0;0;2;1;13;B02
201200017961;0;7;0;0;2;1;1;A01
201200017962;0;7;0;5;0;1;14;A01
201200017963;0;33;0;13;0;1;1;A01
201200017964;0;7;0;13;0;8;1;A01
201200017965;0;7;0;2;0;3;1;A01
201200017966;0;10;0;0;2;3;1;A01
201200017966;0;30;0;0;2;1;17;B02
201200017967;0;1;0;0;2;8;1;A01
201200017967;0;33;0;0;2;8;13;B02
201200017968;0;7;0;0;2;1;13;A01
201200017968;0;7;0;0;2;1;1;B02
201200017969;0;7;0;0;0;8;1;B02
201200017969;0;2;0;0;2;3;0;A01
201200017969;0;7;0;0;0;4;2;C03
201200017970;0;7;0;0;9;2;15;A01
201200017970;0;1;0;0;2;1;1;B02
201200017971;0;33;0;0;2;1;13;A01
201200017971;0;10;0;0;2;3;1;B02
201200017972;0;7;0;13;0;2;13;A01
201200017973;0;7;0;0;0;3;15;A01
201200017973;0;31;0;0;2;1;1;B02
201200017974;0;33;0;0;2;1;0;A01
201200017974;0;7;0;0;2;2;19;B02
201200017975;0;32;0;7;0;2;1;A01
201200017976;0;2;0;0;2;1;1;B02
201200017976;0;10;0;0;2;8;19;A01
201200017977;0;7;0;0;2;3;1;B02
201200017977;0;7;0;0;2;3;13;A01
201200017978;0;2;0;0;2;1;1;A01
201200017978;0;21;0;0;2;1;1;B02
201200017979;0;7;0;16;0;9;1;A01
201200017980;0;17;0;0;2;1;2;A01
201200017980;0;17;0;0;2;6;13;B02
201200017980;0;17;0;0;2;4;1;C03
201200017980;0;17;0;0;0;4;1;D04
201200017981;0;7;0;0;2;8;13;A01
201200017981;0;15;0;0;2;8;1;B02
201200017982;0;7;0;13;0;3;17;A01
201200017983;0;31;0;16;0;7;14;A01
201200017984;0;7;0;0;2;3;10;A01
201200017984;0;30;0;0;2;1;1;B02
201200017985;0;7;0;0;2;2;1;A01
201200017985;0;1;0;0;2;1;19;B02
201200017986;0;7;0;2;0;2;14;A01
201200017987;0;7;0;0;2;3;15;A01
201200017987;0;7;0;0;2;2;1;B02
201200017988;0;33;0;0;2;7;1;A01
201200017988;0;7;0;0;9;1;19;B02
201200017989;0;7;0;8;0;5;18;A01
201200017990;0;15;0;0;2;3;1;A01
201200017990;0;15;0;0;2;4;23;B02
201200017990;0;7;0;0;2;4;1;C03
201200017990;0;7;0;0;2;4;1;D04
201200017990;0;7;0;0;2;4;1;E05
201200017990;0;7;0;0;2;1;1;F06
201200017990;0;7;0;2;2;1;1;G07
201200017991;0;7;0;2;0;1;14;A01
201200017992;0;7;0;0;2;1;1;B02
201200017992;0;7;0;0;0;7;19;A01
201200017993;0;31;0;7;0;1;1;A01
201200017994;0;7;0;0;4;7;1;A01
201200017994;0;39;40;0;2;1;1;B02
201200017995;0;7;0;0;2;8;1;A01
201200017995;0;7;0;0;2;1;19;B02
201200017996;0;33;0;3;0;1;1;A01
201200017997;0;7;0;0;1;3;21;A01
201200017998;0;7;0;6;0;3;1;A01
201200017999;0;7;0;10;0;1;14;A01
201200018000;0;1;0;0;2;1;1;A01
201200018000;0;7;0;0;2;3;1;B02
201200018001;0;33;0;13;0;7;1;A01
201200018002;0;7;0;0;2;2;14;A01
201200018002;0;10;0;1;0;3;14;B02
201200018002;0;7;0;1;0;1;2;C03
201200018003;0;14;0;13;0;7;1;A01
201200018004;0;7;0;0;2;1;1;B02
201200018004;0;30;0;0;2;1;15;A01
201200018005;0;7;0;8;0;1;13;A01
201200018006;0;7;0;2;0;2;1;A01
201200018007;0;7;0;0;2;1;13;A01
201200018007;0;7;0;0;2;1;1;B02
201200018007;0;7;0;0;2;3;1;C03
201200018008;0;7;0;0;2;1;13;A01
201200018008;0;14;0;0;2;3;1;B02
201200018009;0;7;0;2;0;1;1;A01
201200018010;0;7;0;0;2;9;1;A01
201200018010;0;7;0;0;2;1;1;B02
201200018011;0;7;0;0;2;1;1;A01
201200018011;0;33;0;0;2;1;1;B02
201200018012;0;7;0;3;0;9;2;A01
201200018013;0;33;0;0;2;1;6;A01
201200018013;0;10;0;0;2;7;24;B02
201200018014;0;7;0;2;0;7;1;A01
201200018015;0;2;0;0;2;1;18;A01
201200018015;0;7;0;0;2;7;16;B02
201200018016;0;7;0;13;0;3;1;A01
201200018017;0;7;0;0;1;2;1;A01
201200018018;0;7;0;0;2;5;19;A01
201200018018;0;7;0;0;2;2;1;B02
201200018019;0;31;0;0;2;5;16;B02
201200018019;0;7;0;0;2;1;9;A01
201200018020;0;7;0;13;0;8;1;A01
201200018021;0;7;0;0;2;7;19;A01
201200018021;0;2;0;0;2;1;1;B02
201200018022;0;10;0;0;2;1;1;A01
201200018022;0;7;0;0;2;6;15;B02
201200018023;0;1;0;0;2;8;1;A01
201200018023;0;7;0;0;2;7;1;B02
201200018024;0;7;0;0;2;3;19;A01
201200018024;0;2;0;0;2;1;1;B02
201200018025;0;7;0;6;0;2;14;A01
201200018026;0;7;0;0;2;3;15;A01
201200018026;0;7;0;0;2;3;1;B02
201200018027;0;7;0;0;0;9;1;A01
201200018028;0;31;0;12;0;1;1;A01
201200018029;0;7;0;0;2;3;1;B02
201200018029;0;7;0;0;2;3;13;A01
201200018030;0;33;0;16;0;9;1;A01
201200018031;0;7;0;6;0;1;1;A01
201200018032;0;10;0;0;2;3;1;B02
201200018032;0;7;0;0;2;2;19;A01
201200018033;0;7;0;2;0;3;1;A01
201200018034;0;7;0;0;0;8;1;A01
201200018035;0;10;0;0;2;3;13;A01
201200018035;0;31;0;0;2;3;1;B02
201200018036;0;7;0;0;2;1;1;A01
201200018036;0;2;0;0;2;1;15;B02
201200018037;0;7;0;0;1;2;1;A01
201200018038;0;15;0;0;2;1;1;B02
201200018038;0;7;0;0;2;1;17;A01
201200018039;0;31;0;0;2;1;13;A02
201200018039;0;7;0;0;2;2;1;B02
201200018040;0;7;0;0;2;8;1;B02
201200018040;0;7;0;0;2;8;1;A01
201200018041;0;7;0;2;0;1;1;A01
201200018042;0;7;0;0;2;3;0;B02
201200018042;0;7;0;6;2;6;13;A01
201200018043;0;7;0;0;0;2;1;A01
201200018044;0;7;0;13;0;9;14;A01
201200018045;0;7;0;0;2;2;1;A01
201200018045;0;3;0;0;2;6;13;B02
201200018046;0;33;0;0;6;1;1;A01
201200018047;0;7;0;16;0;0;14;A01
201200018048;0;7;0;0;2;7;16;B02
201200018048;0;30;0;0;2;1;2;A01
201200018049;0;10;0;13;0;3;13;A01
201200018050;0;30;0;0;2;7;21;A01
201200018050;0;7;0;0;2;3;15;B02
201200018051;0;7;0;10;0;3;1;A01
201200018052;0;7;0;0;2;1;17;A01
201200018053;0;7;0;0;0;3;10;A01
201200018053;0;7;0;0;2;2;1;B02
201200018054;0;15;0;0;2;1;13;B02
201200018054;0;7;0;0;2;1;13;A01