num_acc;senc;catv;occutc;obs;obsm;choc;manv;num_veh
201200018055;0;7;0;13;0;1;1;A01
201200018056;0;2;0;0;2;1;2;A01
201200018056;0;7;0;0;2;4;2;B02
201200018057;0;7;0;2;0;2;14;A01
201200018058;0;10;0;16;0;9;1;A01
201200018059;0;10;0;0;2;8;1;B02
201200018059;0;2;0;0;2;1;1;A01
201200018060;0;7;0;16;0;9;14;A01
201200018061;0;7;0;0;1;3;1;A01
201200018062;0;30;0;0;2;1;1;B02
201200018062;0;7;0;0;2;2;1;A01
201200018063;0;7;0;8;0;2;1;A01
201200018064;0;31;0;6;0;2;14;A01
201200018065;0;14;0;0;2;3;1;A01
201200018065;0;7;0;0;2;3;1;B02
201200018066;0;31;0;15;0;1;11;A01
201200018067;0;7;0;0;0;1;0;B02
201200018067;0;7;0;0;0;1;0;A01
201200018068;0;7;0;13;0;0;13;A01
201200018069;0;33;0;1;0;3;0;A01
201200018069;0;10;0;0;0;5;23;B02
201200018070;0;2;0;0;0;2;1;A01
201200018071;0;7;0;0;2;7;15;A01
201200018071;0;15;0;0;2;1;1;B02
201200018072;0;7;0;8;0;2;1;A01
201200018073;0;7;0;2;0;8;1;A01
201200018074;0;36;0;10;0;0;1;A01
201200018075;0;7;0;0;1;1;1;A01
201200018076;0;7;0;0;0;2;1;A01
201200018076;0;31;0;0;0;7;13;B02
201200018077;0;7;0;2;0;1;1;A01
201200018078;0;7;0;0;1;1;21;A01
201200018079;0;7;0;8;0;2;13;A01
201200018080;0;7;0;0;2;3;13;A01
201200018080;0;7;0;0;2;3;1;B02
201200018081;0;33;0;0;2;1;1;B02
201200018081;0;7;0;0;2;5;9;A01
201200018082;0;7;0;0;2;1;1;B02
201200018082;0;7;0;0;2;2;15;A01
201200018082;0;7;0;0;2;1;23;C03
201200018083;0;7;0;6;0;3;13;A01
201200018084;0;7;0;13;0;9;15;A01
201200018085;0;10;0;0;2;1;1;A01
201200018085;0;2;0;0;2;8;10;B02
201200018086;0;7;0;0;2;1;10;B02
201200018086;0;7;0;0;2;2;1;A01
201200018087;0;7;0;0;2;2;15;A01
201200018087;0;7;0;0;2;3;1;B02
201200018087;0;7;0;0;2;8;23;C03
201200018088;0;7;0;0;0;6;19;A01
201200018088;0;33;0;0;0;1;1;B02
201200018089;0;1;0;0;0;6;16;B02
201200018089;0;7;0;0;2;1;1;A01
201200018090;0;2;0;0;0;4;15;B02
201200018090;0;13;0;0;2;2;17;A01
201200018091;0;7;0;0;2;1;1;A01
201200018091;0;10;0;0;2;3;10;B02
201200018092;0;30;0;2;0;1;1;A01
201200018093;0;7;0;2;0;9;17;A01
201200018094;0;7;0;16;0;9;13;A01
201200018095;0;7;0;0;0;1;13;A01
201200018095;0;7;0;0;0;8;1;B02
201200018096;0;10;0;0;0;1;1;B02
201200018096;0;7;0;0;0;7;1;A01
201200018097;0;7;0;8;0;9;14;A01
201200018098;0;7;0;0;0;1;1;A01
201200018098;0;2;0;0;0;1;13;B02
201200018099;0;33;0;13;0;1;1;A01
201200018100;0;7;0;8;0;3;1;A01
201200018101;0;7;0;2;0;1;1;A01
201200018102;0;7;0;0;2;2;1;A01
201200018102;0;32;0;0;2;1;5;B02
201200018103;0;7;0;0;1;2;1;A01
201200018104;0;7;0;0;2;8;1;A01
201200018104;0;10;0;0;2;1;1;B02
201200018105;0;7;0;0;1;2;1;A01
201200018106;0;1;0;0;0;4;1;B02
201200018106;0;7;0;0;9;2;2;A01
201200018107;0;7;0;2;0;3;13;A01
201200018108;0;33;0;0;2;1;13;A01
201200018108;0;7;0;0;2;1;1;B02
201200018109;0;7;0;0;2;2;1;A01
201200018109;0;2;0;0;2;4;1;B02
201200018110;0;30;0;1;0;1;1;A01
201200018111;0;31;0;0;2;1;1;A01
201200018111;0;2;0;0;2;1;1;B02
201200018112;0;7;0;0;2;1;11;A01
201200018112;0;7;0;0;2;1;1;B02
201200018113;0;10;0;0;2;2;15;A01
201200018113;0;33;0;0;2;7;21;B02
201200018114;0;7;0;0;2;1;11;A01
201200018114;0;10;0;0;2;3;1;B02
201200018115;0;7;0;16;0;3;1;A01
201200018116;0;30;0;8;0;1;1;A01
201200018117;0;17;0;0;2;2;1;A01
201200018117;0;7;0;0;2;5;19;B02
201200018118;1;14;0;0;0;8;13;A01
201200018118;0;17;0;0;2;3;1;B01
201200018119;0;15;0;0;2;3;1;C03
201200018119;0;15;0;0;2;3;1;B02
201200018119;0;15;0;0;2;3;13;A01
201200018120;0;7;0;15;0;9;1;A01
201200018121;0;7;0;0;2;3;1;A01
201200018121;0;30;0;0;2;5;1;B02
201200018122;0;7;0;0;1;1;13;A01
201200018123;0;7;0;2;0;2;1;A01
201200018124;0;10;0;0;2;1;19;A01
201200018124;0;7;0;0;2;6;1;B02
201200018125;0;7;0;13;0;3;13;A01
201200018126;0;7;0;2;0;2;1;A01
201200018127;0;7;0;13;0;2;14;A01
201200018128;0;33;0;0;2;1;17;A01
201200018128;0;7;0;0;2;3;1;B02
201200018129;0;7;0;0;2;2;1;B02
201200018129;0;7;0;0;2;3;16;A01
201200018130;0;7;0;0;2;3;1;B02
201200018130;0;10;0;0;2;2;19;A01
201200018131;0;7;0;0;2;2;17;A01
201200018132;0;7;0;6;0;3;13;A01
201200018133;0;33;0;0;6;1;1;A01
201200018134;0;7;0;0;2;4;13;A01
201200018134;0;14;0;0;2;2;1;B02
201200018135;0;36;0;0;9;0;1;A01
201200018136;0;7;0;0;2;7;21;A01
201200018136;0;7;0;0;1;8;2;B02
201200018137;0;30;0;0;2;3;1;A01
201200018137;0;7;0;0;2;3;1;B02
201200018138;0;7;0;3;0;1;1;A01
201200018139;0;7;0;0;2;8;1;A01
201200018139;0;7;0;0;2;8;1;B02
201200018140;0;7;0;0;1;3;1;A01
201200018141;0;7;0;0;2;3;1;A01
201200018141;0;33;0;0;2;1;1;B02
201200018142;0;33;0;0;2;1;1;B02
201200018142;0;1;0;0;2;7;1;A01
201200018143;0;31;0;0;2;1;1;A01
201200018143;0;7;0;0;2;2;15;B02
201200018144;0;7;0;0;2;2;15;A01
201200018144;0;33;0;0;2;1;16;B02
201200018145;0;3;0;0;2;3;19;A01
201200018145;0;7;0;0;2;2;0;B02
201200018146;0;30;0;0;2;1;1;A01
201200018146;0;10;0;0;2;8;1;B02
201200018147;0;7;0;0;2;7;17;A01
201200018147;0;7;0;0;2;1;1;B02
201200018148;0;7;0;0;2;1;1;B02
201200018148;0;7;0;0;2;5;1;A01
201200018149;0;7;0;2;0;7;14;A01
201200018150;0;14;0;0;2;3;13;A01
201200018150;0;33;0;0;2;1;1;B02
201200018150;0;33;0;0;2;1;1;C03
201200018151;0;10;0;0;1;2;1;A01
201200018152;0;33;0;0;6;9;1;A01
201200018153;0;1;0;0;0;1;1;B02
201200018153;0;10;0;0;0;3;15;A01
201200018154;0;33;0;0;2;1;17;A01
201200018154;0;7;0;0;2;8;15;B02
201200018155;0;7;0;0;2;3;1;A01
201200018155;0;15;0;0;2;3;0;B02
201200018156;0;1;0;0;2;8;15;A01
201200018156;0;7;0;0;2;2;1;B02
201200018157;0;33;0;0;2;1;1;B01
201200018157;0;7;0;0;2;2;15;A01
201200018158;0;7;0;0;2;1;1;B02
201200018158;0;7;0;0;2;7;13;A01
201200018159;0;36;0;0;0;8;1;A01
201200018160;0;33;0;3;0;8;13;A01
201200018161;0;2;0;12;0;1;1;A01
201200018162;0;33;0;13;0;8;1;A01
201200018163;0;33;0;0;0;4;1;B02
201200018163;0;33;0;0;2;1;1;A01
201200018164;0;7;0;0;2;5;1;A01
201200018164;0;7;0;0;2;1;1;B02
201200018165;0;1;0;0;2;5;19;A01
201200018165;0;7;0;0;2;1;1;B02
201200018166;0;7;0;1;0;3;1;A01
201200018167;0;7;0;1;0;9;13;A01
201200018168;0;2;0;0;2;1;1;B02
201200018168;0;7;0;0;2;1;15;A01
201200018169;0;7;0;2;0;2;1;A01
201200018170;0;7;0;2;0;1;1;A01
201200018171;0;7;0;0;2;8;17;A01
201200018171;0;10;0;0;2;3;1;B02
201200018171;0;14;0;0;2;3;1;C03
201200018172;0;10;0;0;2;2;19;A01
201200018172;0;7;0;0;2;1;1;B02
201200018173;0;14;0;0;0;1;16;A01
201200018173;0;1;0;0;0;8;1;B02
201200018174;0;31;0;0;2;7;23;B02
201200018174;0;14;0;0;2;4;4;A01
201200018175;0;7;0;0;1;4;4;A01
201200018176;0;7;0;2;0;3;19;A01
201200018177;0;7;0;2;0;6;19;A01
201200018178;0;7;0;0;2;3;11;C03
201200018178;0;7;0;0;2;1;1;B02
201200018178;0;7;0;0;2;1;13;A01
201200018179;0;7;0;6;0;3;1;A01
201200018180;0;7;0;0;2;1;13;A01
201200018180;0;7;0;0;2;1;1;B02
201200018181;0;7;0;2;0;4;15;B02
201200018181;0;7;0;0;2;1;1;A01
201200018182;0;31;0;2;0;1;14;A01
201200018183;0;7;0;13;0;2;1;A01
201200018184;0;7;0;8;0;8;1;A01
201200018185;0;10;0;0;2;1;1;A01
201200018185;0;1;0;0;2;8;15;B02
201200018186;0;10;0;8;0;1;0;A01
201200018187;0;30;0;0;2;1;1;A01
201200018187;0;7;0;0;2;0;1;B02
201200018188;0;7;0;6;0;2;1;A01
201200018189;0;33;0;16;0;1;0;A01
201200018190;0;7;0;13;2;2;13;A01
201200018190;0;7;0;0;2;1;1;B02
201200018191;0;33;0;8;0;1;17;A01
201200018192;0;7;0;2;0;8;1;A01
201200018193;0;30;0;0;2;1;13;A01
201200018193;0;10;0;0;2;3;1;B02
201200018194;0;30;0;1;0;2;1;A01
201200018195;0;33;0;2;0;1;1;A01
201200018196;0;10;0;0;2;3;17;A01
201200018196;0;7;0;0;2;3;1;B02
201200018197;0;7;0;2;0;1;1;A01
201200018198;0;10;0;6;0;7;1;A01
201200018199;0;33;0;8;0;1;1;A01
201200018200;0;7;0;12;0;8;1;A01
201200018201;0;7;0;0;2;3;13;B02
201200018201;0;10;0;0;2;3;1;A01
201200018202;0;15;0;2;0;1;1;A01
201200018203;0;1;0;0;2;6;13;B02
201200018203;0;7;0;0;2;2;17;A01
201200018204;0;30;0;3;0;3;1;A01
201200018205;0;2;0;0;2;1;1;B02
201200018205;0;15;0;0;2;6;1;A01
201200018206;0;7;0;8;0;2;1;A01
201200018207;0;7;0;16;0;2;1;A01
201200018208;0;10;0;13;0;1;17;A01
201200018209;0;17;0;13;0;1;1;A01
201200018210;0;7;0;0;2;2;1;A01
201200018210;0;7;0;0;2;1;1;B02
201200018211;0;33;0;13;0;1;1;A01
201200018212;0;33;0;0;0;6;1;A01
201200018212;0;14;0;0;2;5;17;B02
201200018213;0;30;0;0;2;1;1;A01
201200018213;0;7;0;0;0;7;1;B02
201200018214;0;7;0;0;2;1;1;C03
201200018214;0;7;0;0;2;1;13;B02
201200018214;0;17;0;2;2;3;21;A01
201200018215;0;7;0;0;2;1;1;B02
201200018215;0;7;0;0;2;8;1;A01
201200018216;0;7;0;0;2;8;1;A01
201200018216;0;7;0;0;2;1;1;B02
201200018217;0;7;0;0;2;3;1;B02
201200018217;0;7;0;0;2;3;17;A01
201200018218;0;7;0;16;0;9;1;A01
201200018219;0;33;0;16;0;7;1;A01
201200018220;0;7;0;0;0;8;1;B02
201200018220;0;7;0;0;2;1;1;A01
201200018221;0;33;0;1;2;2;17;A01
201200018221;0;7;0;0;2;8;15;B02
201200018222;0;17;0;0;2;3;15;A01
201200018222;0;33;0;0;2;1;1;B02
201200018223;0;31;0;8;0;1;1;A01
201200018224;0;36;0;10;0;1;1;A01
201200018225;0;7;0;0;2;1;17;A01
201200018225;0;21;0;0;0;4;15;B02
201200018226;0;7;0;0;2;2;1;A01
201200018226;0;7;0;0;2;1;15;B02
201200018227;0;7;0;0;2;8;1;C03
201200018227;0;7;0;0;2;3;1;B02
201200018227;0;33;0;0;2;1;17;A01
201200018228;0;7;0;0;1;3;1;A01
201200018229;0;7;0;16;0;9;1;A01
201200018230;0;7;0;0;2;1;1;B02
201200018230;0;7;0;0;2;1;15;A01
201200018231;0;7;0;12;0;1;1;A01
201200018232;0;21;0;0;2;7;1;A01
201200018232;0;7;0;0;2;1;16;B02
201200018233;0;14;0;0;0;4;1;A01
201200018233;0;2;0;0;2;1;1;B02
201200018234;0;1;0;1;0;1;1;B02
201200018234;0;15;0;0;0;4;23;A01
201200018235;0;7;0;0;0;0;9;B02
201200018235;0;7;0;0;2;3;1;C03
201200018235;0;21;0;0;2;3;3;A01
201200018236;0;7;0;0;2;2;13;A01
201200018236;0;7;0;0;2;1;1;B02
201200018237;0;2;0;0;2;1;1;A01
201200018238;0;30;0;0;2;0;1;A01
201200018239;0;2;0;0;2;8;9;A01
201200018240;0;7;0;0;2;1;13;B02
201200018240;0;7;0;0;2;1;1;A01
201200018241;0;7;0;0;2;3;21;A01
201200018241;0;7;0;0;2;3;1;B02
201200018242;0;7;0;0;2;1;13;A01
201200018242;0;7;0;0;2;3;1;B02
201200018243;0;7;0;0;1;4;4;A01
201200018244;0;7;0;13;0;9;14;A01
201200018245;0;7;0;0;2;1;2;A01
201200018245;0;7;0;0;0;4;15;B02
201200018246;0;7;0;0;2;1;1;A01
201200018246;0;15;0;0;2;8;15;B02
201200018247;0;31;0;0;0;0;1;A01
201200018248;0;3;0;0;2;1;1;A01
201200018248;0;7;0;0;2;4;1;B02
201200018249;0;7;0;0;6;0;21;A01
201200018250;0;30;0;16;0;7;1;A01
201200018251;0;7;0;0;1;1;1;A01
201200018252;0;7;0;0;2;3;1;B02
201200018252;0;7;0;0;2;5;15;A01
201200018253;0;7;0;0;0;7;1;A01
201200018253;0;1;0;0;2;1;16;B02
201200018254;0;33;0;0;2;1;1;B02
201200018254;0;2;0;0;2;8;1;A01
201200018255;0;7;0;6;0;1;1;A01
201200018256;0;14;0;0;2;5;1;B02
201200018256;0;7;0;6;2;1;1;A01
201200018256;0;14;0;0;2;7;1;C03
201200018257;0;7;0;0;1;4;4;A01
201200018258;0;7;0;3;0;3;17;A01
201200018258;0;7;0;0;2;4;17;B02
201200018258;0;15;0;0;2;2;1;C03
201200018259;0;30;0;0;2;1;1;B02
201200018259;0;7;0;0;2;6;4;A01
201200018260;0;7;0;0;2;3;1;A01
201200018260;0;2;0;0;2;2;19;B02
201200018261;0;33;0;0;2;1;13;A01
201200018261;0;7;0;0;2;3;1;B02
201200018262;0;99;0;1;0;1;1;A01
201200018263;0;7;0;0;2;1;13;A01
201200018263;0;10;0;0;2;3;1;B02
201200018264;0;14;0;0;2;7;19;B02
201200018264;0;33;0;0;2;1;1;A01
201200018265;0;7;0;0;2;3;13;A01
201200018265;0;15;0;0;2;3;1;B02
201200018266;0;7;0;0;2;2;1;A01
201200018266;0;7;0;0;2;3;15;B02
201200018267;0;7;0;0;2;3;1;B02
201200018267;0;7;0;0;2;3;1;A01
201200018268;0;7;0;3;0;9;13;A01
201200018269;0;7;0;0;1;2;1;A01
201200018270;0;7;0;0;9;1;1;A01
201200018271;0;7;0;0;0;1;1;B02
201200018271;0;7;0;0;0;4;2;A01
201200018272;0;39;0;0;1;3;1;A01
201200018273;0;7;0;0;2;1;1;B02
201200018273;0;7;0;0;2;1;13;A01
201200018274;0;7;0;0;2;1;1;A01
201200018274;0;7;0;0;2;4;1;B02
201200018275;0;33;0;13;0;1;13;A01
201200018276;0;2;0;0;0;8;1;A01
201200018277;0;7;0;0;2;1;1;B02
201200018277;0;7;0;0;2;1;13;A01
201200018278;0;7;0;0;2;3;1;B02
201200018278;0;7;0;0;2;3;1;A01
201200018279;0;17;0;16;0;3;1;A01
201200018280;0;7;0;0;2;3;17;A01
201200018280;0;10;0;0;2;3;1;B02
201200018281;0;7;0;0;2;1;1;B02
201200018281;0;7;0;0;2;7;13;A01
201200018282;0;7;0;0;2;1;1;B02
201200018282;0;7;0;0;2;1;17;A01
201200018283;0;7;0;0;2;8;19;B02
201200018283;0;10;0;0;2;1;1;A01
201200018284;0;7;0;0;1;7;9;A01
201200018285;0;7;0;0;2;3;13;A01
201200018285;0;17;0;0;2;3;1;B02
201200018286;0;7;0;2;0;1;13;A01
201200018287;0;7;0;0;2;3;9;A01
201200018287;0;30;0;0;2;1;1;B02
201200018288;0;30;0;0;2;1;1;B02
201200018288;0;7;0;0;2;3;13;A01
201200018289;0;33;0;0;0;3;1;B02
201200018289;0;7;0;0;0;3;19;A01
201200018290;0;3;0;2;0;1;1;A01
201200018291;1;15;0;0;2;0;1;B02
201200018291;0;2;0;0;2;1;16;A01
201200018292;0;33;0;6;0;1;1;A01
201200018293;0;7;0;2;0;8;15;B02
201200018293;2;7;0;0;2;1;17;A01
201200018294;0;7;0;0;1;1;13;A01
201200018295;0;1;0;0;0;0;13;B02
201200018295;0;21;0;0;2;6;1;A01
201200018296;0;2;0;4;0;1;1;A01
201200018297;0;30;0;0;2;1;1;B02
201200018297;0;7;0;0;2;7;15;A01
201200018298;0;7;0;0;1;2;1;A01
201200018299;0;30;0;0;2;1;1;A01
201200018299;0;7;0;0;2;3;9;B02
201200018300;0;2;0;0;0;8;1;A01
201200018301;0;30;0;0;2;1;1;B02
201200018301;0;7;0;0;2;1;1;A01
201200018302;0;7;0;3;1;2;14;A01
201200018303;0;7;0;0;0;3;13;A01
201200018303;0;10;0;0;0;6;1;B02
201200018303;0;7;0;0;2;1;1;C03
201200018304;0;7;0;0;1;3;9;A01
201200018305;0;7;0;0;0;6;11;A01
201200018305;0;33;0;0;2;2;17;B02
201200018306;0;7;0;3;2;1;17;A01
201200018306;0;7;0;3;0;4;2;B02
201200018307;0;7;0;0;2;3;13;A01
201200018307;0;7;0;0;2;3;1;B02
201200018308;0;10;0;13;0;8;1;B02
201200018308;0;7;0;0;2;5;14;A01
201200018309;0;7;0;0;2;3;13;A01
201200018309;0;33;0;0;2;1;1;B02
201200018310;0;7;0;0;2;3;0;B02
201200018310;0;34;0;0;2;0;0;A01
201200018311;0;33;0;6;0;3;0;A01
201200018312;0;31;0;0;2;1;1;B02
201200018312;0;7;0;6;2;1;13;A01
201200018313;0;7;0;0;2;1;1;A01
201200018313;0;7;0;0;2;7;13;B02
201200018313;0;7;0;0;0;0;1;C03
201200018314;0;1;0;0;0;0;21;A01
201200018314;0;7;0;0;0;0;15;B02
201200018315;0;7;0;13;0;3;1;A01
201200018316;0;7;0;0;2;3;1;A01
201200018316;0;7;0;0;2;3;1;B02
201200018317;0;10;0;0;2;3;1;B02
201200018317;0;7;0;0;2;3;13;A01
201200018318;0;33;0;0;0;0;1;A01
201200018319;0;7;0;3;0;9;13;A01
201200018320;0;7;0;0;2;3;9;A01
201200018320;0;33;0;0;2;1;1;B02
201200018321;0;33;0;2;0;1;1;A01
201200018322;0;7;0;6;2;1;1;B02
201200018322;0;7;0;0;2;1;13;A01
201200018322;0;7;0;0;2;5;21;C03
201200018323;0;7;0;13;0;6;0;A01
201200018324;0;7;0;0;2;2;19;A01
201200018324;0;7;0;0;2;5;23;B01
201200018324;0;7;0;0;2;3;1;C01
201200018325;0;33;0;12;0;1;1;A01
201200018326;0;7;0;0;2;1;1;C01
201200018326;0;7;0;0;2;8;16;D01
201200018326;0;33;0;0;2;1;1;A01
201200018326;0;7;0;0;2;7;15;B01
201200018327;0;7;0;0;2;1;13;A01
201200018327;0;7;0;0;2;1;1;B01
201200018328;0;36;0;6;0;3;1;A01
201200018329;0;1;0;0;0;0;1;A01
201200018330;0;33;0;0;2;7;13;A01
201200018330;0;7;0;0;2;2;1;B01
201200018331;0;7;0;0;2;2;1;B01
201200018331;0;7;0;13;2;1;13;A01
201200018332;0;36;0;6;0;1;1;A01
201200018333;0;7;0;0;0;1;23;C01
201200018333;0;16;0;0;0;4;15;A01
201200018333;0;7;0;0;2;1;17;B01
201200018334;0;7;0;0;2;1;13;A01
201200018334;0;7;0;0;2;3;1;B01
201200018335;0;7;0;0;2;5;15;B01
201200018335;0;7;0;0;2;2;1;C01
201200018335;0;7;0;14;0;3;17;A01
201200018336;0;10;0;0;2;1;13;A01
201200018336;0;10;0;0;2;1;2;C01
201200018336;0;7;0;0;2;1;1;B01
201200018337;0;7;0;0;2;2;1;B02
201200018337;0;2;0;0;2;8;16;A01
201200018338;0;33;0;1;0;1;1;A01
201200018339;0;7;0;0;2;3;13;A01
201200018339;0;7;0;0;2;3;1;B01
201200018340;0;7;0;0;2;8;15;B01
201200018340;0;33;0;0;2;7;17;A01
201200018341;0;7;0;0;0;1;1;A01
201200018342;0;7;0;0;2;8;1;C01
201200018342;0;7;0;0;2;3;13;A01
201200018342;0;15;0;0;2;3;1;B01
201200018343;0;10;0;0;2;2;19;A01
201200018343;0;7;0;0;2;1;23;C03
201200018343;0;7;0;0;2;1;1;B02
201200018344;0;7;0;0;2;3;13;A01
201200018344;0;7;0;0;2;2;21;B01
201200018345;0;7;0;0;2;1;1;B01
201200018345;0;7;0;0;2;2;19;A01
201200018346;0;7;0;0;2;1;1;B01
201200018346;0;10;0;0;2;3;15;A01
201200018347;0;2;0;13;0;1;1;C01
201200018347;0;2;0;0;2;1;1;A01
201200018347;0;7;0;0;2;3;15;B01
201200018348;0;7;0;0;0;4;2;B01
201200018348;0;7;0;0;2;1;2;A01
201200018349;0;7;0;0;1;2;1;A01
201200018350;0;7;0;0;2;1;5;B02
201200018350;0;7;0;0;2;1;1;A01
201200018351;0;30;0;0;2;1;15;A01
201200018351;0;7;0;0;2;2;1;B01
201200018352;0;30;0;0;2;1;17;C01
201200018352;0;30;0;0;2;1;17;B01
201200018352;0;7;0;0;2;3;1;A01
201200018353;0;10;0;6;0;1;1;A01
201200018354;0;33;0;0;0;0;13;A01
201200018355;0;7;0;0;2;1;1;B01
201200018355;0;10;0;0;2;1;13;A01
201200018356;0;31;0;2;0;1;1;A01
201200018357;0;7;0;0;;7;17;B02
201200018357;0;7;0;0;2;6;17;A01
201200018358;0;7;0;0;2;8;10;A01
201200018358;0;7;0;0;2;1;1;B02
201200018359;0;30;0;0;0;1;13;A01
201200018359;0;7;0;0;0;3;0;B02
201200018360;0;33;0;13;0;1;14;A01
201200018361;0;31;0;0;2;1;14;A01
201200018361;0;33;0;0;2;1;1;B02
201200018362;0;7;0;0;2;3;13;A01
201200018362;0;7;0;0;2;3;16;B02
201200018363;0;10;0;0;2;1;1;B02
201200018363;0;30;0;0;2;8;1;A01
201200018364;0;7;0;0;2;2;17;A01
201200018364;0;7;0;0;2;3;15;B01
201200018365;0;30;0;2;0;1;1;A01
201200018366;0;7;0;0;2;6;2;A01
201200018366;0;33;0;0;2;1;17;B02
201200018367;0;7;0;0;1;3;1;A01
201200018368;0;7;0;13;0;1;14;A01
201200018369;0;33;0;13;0;1;1;A01
201200018370;0;30;0;0;2;1;17;A01
201200018370;0;7;0;0;2;3;16;B02
201200018371;0;7;0;0;2;3;17;A01
201200018371;0;7;0;13;2;2;17;B02
201200018372;0;37;0;13;0;3;1;A01
201200018373;0;1;0;0;2;3;9;A01
201200018373;0;7;0;0;2;2;1;B02
201200018374;0;1;0;13;0;3;1;A01
201200018375;0;10;0;0;2;3;1;B02
201200018375;0;7;0;0;2;2;15;A01
201200018376;0;7;0;2;0;9;1;A01
201200018377;0;7;0;0;2;3;13;A01
201200018377;0;15;0;0;2;3;1;B02
201200018378;0;7;0;0;2;1;1;B01
201200018378;0;7;0;0;2;4;23;A01
201200018379;0;31;0;0;0;0;1;A01
201200018379;0;21;0;0;0;0;1;B02
201200018380;0;7;0;8;0;3;13;A01
201200018381;0;7;0;2;0;3;1;A01
201200018382;0;7;0;0;2;1;13;A01
201200018382;0;7;0;0;2;1;1;B02
201200018382;0;7;0;0;2;3;1;C03
201200018383;0;7;0;0;2;1;1;A01
201200018383;0;7;0;0;0;4;1;B02
201200018384;0;15;0;0;0;3;1;A01
201200018385;0;2;0;0;2;4;15;B02
201200018385;0;7;0;0;2;1;2;A01
201200018386;0;7;0;0;2;3;13;A01
201200018386;0;7;0;0;2;3;1;B02
201200018387;0;2;0;0;2;8;1;A01
201200018387;0;1;0;0;2;1;9;B01
201200018388;0;1;0;0;0;0;1;A01
201200018389;0;1;0;0;0;0;1;A01
201200018390;0;7;0;0;2;8;21;C01
201200018390;0;7;0;0;2;1;1;B01
201200018390;0;33;0;0;2;1;17;A01
201200018391;0;36;0;6;0;2;1;A01
201200018392;0;15;0;0;2;6;13;A01
201200018392;0;7;0;0;9;1;1;C03
201200018392;0;7;0;0;2;3;1;B02
201200018393;0;36;0;0;0;9;1;A01
201200018394;0;7;0;8;0;7;1;A01
201200018395;0;15;0;0;2;3;15;A01
201200018395;0;2;0;12;2;1;17;B02
201200018396;0;7;0;0;0;6;15;A01
201200018396;0;10;0;13;2;8;21;B02
201200018396;0;7;0;0;2;2;13;C03
201200018397;0;1;0;0;2;2;1;B02
201200018397;0;10;0;0;9;6;20;A01
201200018398;0;7;0;0;2;1;21;B02
201200018398;0;7;0;1;2;8;10;A01
201200018399;0;7;0;0;2;3;9;B02
201200018399;0;7;0;0;2;1;1;A01
201200018400;0;7;0;0;2;1;1;A01
201200018400;0;7;0;0;2;6;1;B02
201200018401;0;7;0;0;0;3;19;B02
201200018401;0;7;0;0;0;2;1;A01
201200018402;0;17;0;0;2;2;13;A01
201200018402;0;7;0;13;2;7;21;B02
201200018403;0;7;0;0;1;2;1;A01
201200018404;0;7;0;0;2;3;1;B02
201200018404;0;3;0;0;2;2;15;A01
201200018405;0;33;0;8;0;1;1;A01
201200018406;0;7;0;0;1;4;4;A01
201200018407;0;7;0;0;1;1;1;A01
201200018408;0;30;0;15;2;2;1;B02
201200018408;0;7;0;0;2;3;11;A01
201200018409;0;7;0;0;2;3;13;A01
201200018409;0;15;0;0;2;3;1;B02
201200018410;0;7;0;0;2;3;15;A01
201200018410;0;7;0;0;2;2;17;B02
201200018411;0;7;0;13;0;1;1;A01
201200018412;1;7;0;0;1;2;17;A01
201200018413;0;7;0;0;2;1;1;B02
201200018413;0;7;0;0;2;1;13;A01
201200018414;0;37;0;0;9;8;1;B02
201200018414;0;34;0;0;9;3;1;A01
201200018415;0;7;0;8;0;2;1;A01
201200018416;0;7;0;0;2;4;21;A01
201200018416;0;30;0;0;2;1;2;B02
201200018417;0;7;0;0;2;1;2;B02
201200018417;0;7;0;0;1;4;2;A01
201200018418;0;7;0;0;2;8;19;A01
201200018418;0;32;0;0;2;1;1;B02
201200018419;0;33;0;0;2;1;15;A01
201200018419;0;7;0;0;2;2;1;B02
201200018420;0;7;0;0;2;1;15;A01
201200018420;0;33;0;0;2;1;17;B02
201200018421;0;7;0;0;2;3;13;A01
201200018421;0;7;0;0;2;3;1;B02
201200018422;0;7;0;0;2;1;1;B02
201200018422;0;7;0;0;2;1;13;A01
201200018423;0;7;0;0;2;1;9;A01
201200018423;0;1;0;0;0;2;1;B02
201200018424;0;33;0;2;0;2;1;A01
201200018425;0;33;0;0;2;1;13;A01
201200018425;0;7;0;0;2;3;1;B02
201200018426;0;33;0;0;2;7;13;A01
201200018426;0;7;0;0;2;2;1;B02
201200018427;0;33;0;0;2;3;1;B02
201200018427;0;7;0;0;2;3;13;A01
201200018428;0;33;0;0;0;7;1;A01
201200018429;0;17;0;0;2;8;13;A01
201200018429;0;7;0;0;2;8;1;B02
201200018430;0;7;0;0;2;3;17;A01
201200018430;0;10;0;0;2;3;1;B02
201200018431;0;33;0;0;2;1;13;A01
201200018431;0;38;0;0;2;3;1;B02
201200018432;0;7;0;0;2;3;1;A01
201200018432;0;1;0;0;2;1;16;B02
201200018433;0;33;0;0;2;7;17;B02
201200018433;0;17;0;0;2;0;13;A01
201200018434;0;34;0;0;2;1;17;A01
201200018434;0;7;0;0;2;6;17;B02