num_acc;senc;catv;occutc;obs;obsm;choc;manv;num_veh
201200018435;0;1;0;4;0;0;1;A01
201200018436;0;13;0;4;0;8;16;A01
201200018437;0;7;0;13;0;3;1;A01
201200018438;0;1;0;0;0;0;16;A01
201200018439;0;1;0;0;2;8;19;B02
201200018439;0;10;0;0;2;3;1;A01
201200018440;0;33;0;0;2;3;1;C03
201200018440;0;33;0;0;2;3;1;B02
201200018440;0;33;0;0;2;9;13;A01
201200018441;0;7;0;0;1;4;4;A01
201200018442;0;7;0;0;2;1;5;A01
201200018442;0;15;0;0;2;2;1;B02
201200018443;0;7;0;0;2;1;13;A01
201200018443;0;7;0;0;2;1;1;B02
201200018444;0;10;0;0;2;2;1;A01
201200018444;0;7;0;0;2;2;1;B02
201200018445;0;7;0;13;0;3;5;A01
201200018446;0;7;0;0;2;3;1;B02
201200018446;0;7;0;0;2;2;15;A01
201200018447;0;7;0;0;1;1;1;A01
201200018448;0;7;0;0;1;3;1;A01
201200018449;0;30;0;6;0;7;15;A01
201200018450;0;30;0;13;0;1;1;A01
201200018451;0;17;0;0;2;1;1;B02
201200018451;0;7;0;0;2;1;13;A01
201200018452;0;33;0;14;0;0;6;A01
201200018453;0;30;0;3;0;1;14;A01
201200018454;0;33;0;3;0;1;1;A01
201200018455;0;7;0;0;2;1;1;A01
201200018455;0;7;0;0;2;7;19;B02
201200018456;0;30;0;1;0;1;1;A01
201200018456;0;7;0;0;2;4;23;B02
201200018457;0;7;0;0;2;3;1;A01
201200018457;0;30;0;0;2;1;17;B02
201200018458;0;7;0;13;0;1;1;A01
201200018459;0;33;0;0;2;1;16;A01
201200018459;0;7;0;0;2;3;1;B02
201200018460;0;7;0;0;0;3;1;B02
201200018460;0;7;0;0;0;3;1;A01
201200018461;0;30;0;0;2;1;17;A01
201200018461;0;7;0;0;2;3;15;B02
201200018462;0;7;0;0;2;1;1;A01
201200018462;0;10;0;0;0;0;17;C03
201200018462;0;10;0;0;0;8;23;B02
201200018463;0;7;0;0;2;2;1;B02
201200018463;0;10;0;0;2;1;19;A01
201200018464;0;7;0;0;2;8;15;B02
201200018464;0;33;0;0;2;1;1;A01
201200018465;0;21;0;12;0;9;16;A01
201200018466;0;7;0;0;0;4;0;A01
201200018467;0;7;0;0;0;1;13;A01
201200018468;0;7;0;0;2;3;13;A01
201200018468;0;7;0;0;2;3;1;B02
201200018469;0;7;0;2;0;2;13;A01
201200018470;0;10;0;8;0;2;14;A01
201200018471;0;2;0;2;0;1;1;A01
201200018472;0;2;0;0;2;1;2;B02
201200018472;0;7;0;0;0;4;2;A01
201200018473;0;7;0;0;0;9;1;A01
201200018474;0;33;0;0;2;1;1;B02
201200018474;0;7;0;0;0;5;10;A01
201200018475;0;20;0;0;2;3;15;B02
201200018475;0;33;0;0;2;1;13;A01
201200018476;0;7;0;0;2;2;1;B02
201200018476;0;7;0;0;2;3;19;A01
201200018477;0;7;0;0;2;1;1;B02
201200018477;0;33;0;0;2;1;13;A01
201200018478;0;36;0;13;0;1;1;A01
201200018479;0;14;0;0;2;7;15;A01
201200018479;0;33;0;0;2;2;1;B02
201200018480;0;7;0;0;2;1;1;A01
201200018480;0;38;1;0;2;3;1;B02
201200018481;0;7;0;0;1;3;1;A01
201200018482;0;7;0;1;1;3;13;A01
201200018483;0;33;0;0;2;1;2;B02
201200018483;0;7;0;0;2;3;1;A01
201200018484;0;30;0;0;2;8;2;B02
201200018484;0;7;0;0;2;7;15;A01
201200018485;0;7;0;0;2;3;0;B02
201200018485;0;7;0;0;2;3;13;A01
201200018486;0;10;0;0;2;1;1;B02
201200018486;0;7;0;0;0;3;9;A01
201200018487;0;7;0;0;2;2;20;B02
201200018487;0;33;0;0;2;1;17;A01
201200018488;0;7;0;0;2;1;1;B02
201200018488;0;7;0;0;2;1;13;A01
201200018488;0;7;0;0;0;6;0;C03
201200018489;0;33;0;0;0;8;1;A01
201200018490;0;7;0;2;0;1;13;A01
201200018491;0;7;0;0;1;1;1;A01
201200018492;0;7;0;13;0;5;1;A01
201200018493;0;7;0;0;2;3;1;A01
201200018493;0;7;0;0;2;2;15;B02
201200018494;0;2;0;0;0;8;15;A01
201200018495;0;7;0;6;0;1;1;A01
201200018496;0;7;0;0;2;2;21;A01
201200018496;0;33;0;0;2;1;0;B02
201200018497;0;7;0;0;2;1;15;A01
201200018498;0;7;0;0;0;1;1;A01
201200018499;0;7;0;0;2;1;13;A01
201200018499;0;7;0;0;0;0;2;B02
201200018499;0;7;0;0;2;1;1;D04
201200018500;0;17;0;0;2;1;1;B02
201200018500;0;7;0;0;2;3;19;A01
201200018501;0;7;0;0;2;6;23;B02
201200018501;0;15;0;0;2;2;2;A01
201200018502;0;36;0;14;1;3;0;A01
201200018503;0;1;0;0;2;1;1;B02
201200018503;0;21;0;0;2;3;15;A01
201200018504;0;7;0;0;2;2;2;A01
201200018504;0;7;0;0;2;8;15;B02
201200018505;0;7;0;2;0;2;13;A01
201200018506;0;10;0;0;2;8;15;B02
201200018506;0;33;0;0;2;2;1;A01
201200018507;0;33;0;0;2;1;1;A01
201200018507;0;10;0;0;0;6;9;B02
201200018508;0;7;0;0;2;1;1;A01
201200018508;0;7;0;0;2;1;1;B02
201200018509;0;33;0;0;2;1;1;C03
201200018509;0;7;0;0;0;0;21;A01
201200018509;0;7;0;0;2;4;1;B02
201200018510;0;7;0;0;9;3;15;A01
201200018510;0;1;0;0;2;1;21;B02
201200018511;0;7;0;6;0;3;1;A01
201200018512;1;7;0;0;1;1;1;Z01
201200018513;0;7;0;0;2;6;9;A01
201200018513;0;1;0;0;2;1;1;B01
201200018514;0;7;0;0;2;1;1;B01
201200018514;0;7;0;13;2;7;9;A01
201200018515;0;7;0;0;1;3;0;A01
201200018516;2;7;0;15;0;3;13;A01
201200018517;0;7;0;0;2;7;15;A01
201200018517;0;33;0;0;2;1;1;B01
201200018518;0;7;0;0;1;3;1;A01
201200018519;0;7;0;0;0;1;13;A01
201200018520;0;7;0;2;0;2;1;A01
201200018521;0;37;3;0;2;7;16;A01
201200018521;0;30;0;0;2;8;18;B01
201200018522;0;7;0;2;0;1;1;A01
201200018523;0;2;0;6;0;8;15;A01
201200018524;0;7;0;0;2;7;1;A01
201200018524;0;7;0;0;2;1;1;B01
201200018525;0;7;0;0;1;4;4;A01
201200018526;0;7;0;0;1;1;1;A01
201200018527;0;7;0;0;1;3;15;A01
201200018528;0;7;0;0;1;1;1;A01
201200018529;0;7;0;0;2;7;15;A01
201200018529;0;33;0;0;2;3;1;B01
201200018530;0;30;0;0;1;1;1;A01
201200018531;0;7;0;0;2;3;9;A01
201200018531;0;30;0;0;2;7;1;B01
201200018532;0;30;0;2;0;1;1;A01
201200018533;0;7;0;12;0;6;1;A01
201200018534;0;7;0;0;2;8;9;A01
201200018534;0;7;0;0;2;1;1;B01
201200018535;0;7;0;0;1;1;9;A01
201200018536;0;7;0;0;1;1;1;A01
201200018537;0;7;0;0;2;1;1;A01
201200018537;0;7;0;0;2;1;1;B01
201200018538;0;7;0;0;2;1;1;A01
201200018538;0;7;0;0;2;4;1;B01
201200018539;0;7;0;0;2;2;1;A01
201200018539;0;30;0;0;2;1;9;B01
201200018540;0;7;0;0;2;3;1;A01
201200018540;0;30;0;0;2;1;1;B01
201200018541;0;7;0;13;0;1;1;A01
201200018542;0;30;0;0;0;8;1;A01
201200018543;0;7;0;0;2;3;1;A01
201200018543;0;1;0;0;2;2;1;B01
201200018544;0;7;0;0;1;1;1;A01
201200018545;0;30;0;0;0;7;0;A01
201200018546;0;32;0;0;0;0;1;A01
201200018547;0;31;0;12;0;0;1;A01
201200018548;0;7;0;0;2;3;1;B01
201200018548;0;30;0;0;2;1;19;A01
201200018549;0;7;0;9;0;1;1;A01
201200018550;0;2;0;0;0;0;1;A01
201200018551;0;7;0;0;1;1;0;A01
201200018552;0;7;0;0;2;2;0;A01
201200018552;0;7;0;0;2;3;0;B01
201200018553;0;7;0;0;2;1;0;A01
201200018553;0;7;0;0;2;1;0;B01
201200018554;0;7;0;0;1;1;0;A01
201200018555;0;7;0;0;2;4;1;B01
201200018555;0;30;0;0;2;1;1;A01
201200018556;0;33;0;0;2;0;0;B02
201200018556;0;7;0;0;0;6;10;A01
201200018557;0;7;0;0;0;0;0;B02
201200018557;0;7;0;0;0;1;0;A01
201200018558;0;33;0;16;0;9;17;A01
201200018558;0;10;0;0;9;1;1;B02
201200018559;0;31;0;14;0;8;1;A01
201200018560;0;33;0;14;0;7;1;A01
201200018561;0;2;0;13;0;0;1;A01
201200018562;0;33;0;13;2;1;1;A01
201200018562;0;21;0;0;0;8;15;B02
201200018563;0;7;0;0;2;1;1;B02
201200018563;0;7;0;0;2;1;13;A01
201200018564;0;7;0;7;0;4;13;A01
201200018565;0;7;0;0;1;3;15;A01
201200018566;0;7;0;0;1;8;1;A01
201200018567;0;7;0;2;0;2;14;A01
201200018568;0;33;0;0;2;8;1;A01
201200018568;0;7;0;0;9;5;19;B02
201200018569;0;7;0;0;2;3;1;C03
201200018569;0;7;0;0;2;6;23;A01
201200018569;0;7;0;0;2;3;1;B02
201200018570;0;33;0;0;2;1;1;A01
201200018570;0;7;0;0;2;1;1;B02
201200018571;0;7;0;0;2;3;1;B02
201200018571;0;7;0;0;2;1;1;C03
201200018571;0;7;0;0;2;3;13;A01
201200018572;0;10;0;0;2;2;17;A01
201200018572;0;15;0;0;0;6;2;B02
201200018573;0;7;0;6;0;3;1;A01
201200018574;0;7;0;0;2;2;15;A01
201200018574;0;1;0;0;2;1;1;B02
201200018575;0;33;0;0;2;1;19;B02
201200018575;0;33;0;0;2;8;1;A01
201200018576;0;33;0;0;2;8;1;A01
201200018576;0;10;0;0;2;8;1;B02
201200018577;0;7;0;2;0;1;1;A01
201200018578;0;7;0;0;2;3;13;A01
201200018578;0;15;0;0;2;3;1;B02
201200018579;0;31;0;0;2;5;15;A01
201200018579;0;33;0;0;2;2;1;B02
201200018580;0;7;0;0;0;1;1;A01
201200018581;0;7;0;0;2;3;15;A01
201200018581;0;33;0;0;2;1;1;B02
201200018582;0;7;0;0;2;1;1;B02
201200018582;0;7;0;0;2;1;15;A01
201200018583;0;7;0;0;2;2;5;A01
201200018583;0;7;0;0;2;2;1;B02
201200018584;0;7;0;0;2;7;1;A01
201200018584;0;7;0;0;2;3;1;B02
201200018585;0;31;0;13;0;8;1;A01
201200018586;0;7;0;8;0;1;1;A01
201200018587;0;7;0;6;0;2;1;A01
201200018588;0;7;0;13;0;9;1;A01
201200018589;0;36;0;2;0;0;1;A01
201200018590;0;7;0;8;0;1;1;A01
201200018591;0;33;0;0;2;1;17;A01
201200018591;0;21;0;0;0;8;15;B02
201200018592;0;7;0;0;0;1;1;A01
201200018593;0;7;0;16;0;9;1;A01
201200018594;0;7;0;0;0;1;2;A01
201200018595;0;7;0;0;2;1;1;A01
201200018595;0;30;0;0;0;4;1;B02
201200018596;0;10;0;0;0;0;0;A01
201200018597;0;7;0;0;0;0;0;A01
201200018598;0;7;0;0;2;1;13;A01
201200018598;0;7;0;0;2;1;1;B02
201200018599;0;7;0;6;0;2;14;A01
201200018600;0;7;0;8;0;2;1;A01
201200018601;0;7;0;0;1;1;11;A01
201200018602;0;7;0;2;0;8;1;A01
201200018603;0;7;0;2;0;1;1;A01
201200018604;0;33;0;0;2;9;21;A01
201200018604;0;7;0;0;2;8;1;B02
201200018605;0;30;0;0;0;0;1;A01
201200018606;0;7;0;0;2;1;1;B02
201200018606;0;7;0;0;2;2;15;A01
201200018607;0;38;0;0;1;7;7;A01
201200018608;0;7;0;0;2;1;1;B02
201200018608;0;7;0;0;2;3;13;A01
201200018609;0;7;0;0;2;0;16;B02
201200018609;0;7;0;6;0;8;21;A01
201200018610;0;1;0;0;0;4;2;B02
201200018610;0;7;0;0;0;2;2;A01
201200018611;0;14;0;6;0;2;1;A01
201200018612;0;7;0;16;0;9;1;A01
201200018613;0;1;0;0;0;4;1;B02
201200018613;0;7;0;0;2;2;1;A01
201200018614;0;35;0;0;2;1;15;A01
201200018614;0;10;0;0;2;2;1;B02
201200018615;0;7;0;6;0;3;0;A01
201200018616;0;7;0;0;2;7;1;B02
201200018616;0;1;0;0;2;8;15;A01
201200018617;0;7;0;6;0;1;13;A01
201200018618;0;7;0;6;0;1;13;A01
201200018619;0;1;0;0;2;7;1;A01
201200018619;0;7;0;0;2;1;19;B02
201200018620;0;10;0;0;2;2;13;A01
201200018620;0;10;0;0;2;3;1;B02
201200018621;0;2;0;0;1;1;1;A01
201200018622;0;7;0;0;2;1;9;A01
201200018622;0;31;0;0;2;7;1;B02
201200018623;0;7;0;0;1;1;1;A01
201200018624;0;33;0;0;2;1;1;B02
201200018624;0;7;0;0;2;2;11;A01
201200018625;0;33;0;0;2;7;13;A01
201200018625;0;7;0;0;2;3;15;B02
201200018626;0;33;0;13;0;1;1;A01
201200018627;0;2;0;0;2;1;13;A01
201200018627;0;10;0;0;2;6;2;B02
201200018628;0;7;0;13;0;3;13;A01
201200018629;0;33;0;0;2;1;18;A01
201200018629;0;7;0;0;2;7;16;B02
201200018630;0;33;0;0;2;1;1;C03
201200018630;0;7;0;0;2;5;19;A01
201200018630;0;7;0;0;2;2;1;B02
201200018631;0;7;0;2;0;8;1;A01
201200018632;0;7;0;0;0;2;19;A01
201200018632;0;31;0;0;0;1;1;B02
201200018633;0;7;0;0;2;3;13;A01
201200018633;0;7;0;0;2;3;1;B02
201200018634;0;7;0;0;2;8;1;B02
201200018634;0;10;0;16;2;1;21;A01
201200018634;0;7;0;0;2;1;1;C03
201200018635;0;7;0;2;0;2;14;A01
201200018636;0;7;0;0;2;2;1;A01
201200018636;0;30;0;0;2;1;1;B02
201200018637;0;7;0;0;2;2;1;A01
201200018637;0;1;0;0;2;8;19;B02
201200018638;0;33;0;0;0;7;1;A01
201200018639;0;1;0;0;2;1;19;A01
201200018639;0;7;0;0;2;1;1;B02
201200018640;0;7;0;0;2;1;1;B02
201200018640;0;7;0;0;2;3;19;A01
201200018641;0;7;0;0;2;3;23;B02
201200018641;0;2;0;0;2;1;13;A01
201200018642;0;7;0;0;2;1;13;A01
201200018642;0;7;0;0;2;1;1;B02
201200018643;0;7;0;13;0;9;14;A01
201200018644;0;2;0;0;2;1;1;B02
201200018644;0;7;0;0;2;3;13;A01
201200018645;0;7;0;0;2;3;1;B02
201200018645;0;7;0;0;2;3;13;A01
201200018646;0;30;0;0;2;2;19;A01
201200018646;0;31;0;0;2;2;1;B02
201200018647;0;10;0;0;1;4;4;A01
201200018648;0;7;0;8;0;1;1;A01
201200018649;0;7;0;0;1;3;1;A01
201200018650;0;7;0;0;1;1;13;A01
201200018651;0;7;0;3;0;3;1;B02
201200018651;0;7;0;0;2;8;1;A01
201200018652;0;7;0;0;1;3;15;A01
201200018653;0;7;0;13;0;0;14;A01
201200018654;2;7;0;0;1;7;14;A01
201200018655;0;7;0;0;0;6;2;B02
201200018655;0;33;0;0;2;1;11;A01
201200018656;0;7;0;0;2;2;11;A01
201200018656;0;7;0;0;2;6;2;B02
201200018657;0;15;0;0;0;3;24;B02
201200018657;0;17;0;1;0;2;3;A01
201200018658;0;10;0;0;0;1;19;A01
201200018658;0;7;0;0;0;8;1;B01
201200018659;0;14;0;13;0;2;14;A01
201200018660;0;7;0;8;0;7;14;A01
201200018661;0;30;0;0;2;3;1;A01
201200018661;1;7;0;0;0;0;13;B02
201200018662;0;7;0;0;2;3;5;A01
201200018663;0;7;0;0;2;1;15;A01
201200018663;0;7;0;0;2;1;1;B02
201200018664;0;7;0;6;0;2;1;A01
201200018665;0;7;0;0;2;2;17;B02
201200018665;0;21;0;0;2;6;15;A01
201200018666;0;7;0;0;2;3;9;A01
201200018666;0;7;0;0;2;2;1;B02
201200018667;0;7;0;0;2;2;1;A01
201200018667;0;7;0;0;2;3;23;B02
201200018668;0;7;0;0;2;1;13;A01
201200018668;0;7;0;0;2;1;1;B02
201200018669;0;7;0;0;2;1;19;A01
201200018669;0;31;0;0;2;7;1;B02
201200018670;0;7;0;0;0;1;1;A01
201200018670;0;7;0;0;0;1;1;B01
201200018671;0;7;0;6;0;1;13;A01
201200018672;0;7;0;2;0;1;14;A01
201200018673;0;7;0;2;0;1;13;A01
201200018674;0;14;0;0;0;1;1;A01
201200018674;0;7;0;0;0;8;1;B02
201200018675;0;7;0;2;0;9;0;A01
201200018676;0;7;0;0;0;8;1;A01
201200018676;0;1;0;0;2;1;1;B02
201200018677;0;7;0;0;1;2;1;A01
201200018678;0;7;0;2;0;8;1;A01
201200018679;0;31;0;6;0;7;1;A01
201200018680;0;7;0;8;0;2;1;A01
201200018681;0;7;0;0;0;3;15;A01
201200018681;0;33;0;0;2;1;1;B02
201200018682;0;1;0;0;2;4;2;C03
201200018682;0;7;0;0;2;2;2;A01
201200018682;0;1;0;0;2;4;2;B02
201200018683;0;7;0;0;2;1;13;A01
201200018683;0;10;0;0;2;1;1;B02
201200018684;0;7;0;8;0;2;14;A01
201200018685;0;7;0;1;1;1;1;A01
201200018685;0;7;0;0;2;4;23;B02
201200018686;0;3;0;0;1;1;0;A01
201200018687;0;7;0;0;1;7;1;A01
201200018688;0;7;0;2;0;1;1;A01
201200018689;0;7;0;0;1;2;21;A01
201200018690;0;31;0;0;2;0;21;A01
201200018691;0;7;0;7;0;3;1;C03
201200018691;0;7;0;0;2;1;15;A01
201200018691;0;7;0;0;2;2;1;B02
201200018692;0;1;0;0;2;1;1;B01
201200018692;0;7;0;0;2;1;15;A01
201200018693;0;30;0;0;2;1;1;B02
201200018693;0;7;0;0;2;1;15;A01
201200018694;0;33;0;0;2;1;1;A01
201200018694;0;7;0;0;0;5;15;B02
201200018695;0;7;0;2;0;1;14;A01
201200018696;0;7;0;0;2;1;13;A01
201200018696;0;7;0;0;2;1;21;B02
201200018697;0;33;0;16;0;8;14;A01
201200018698;0;7;0;0;2;3;19;A01
201200018698;0;2;0;0;2;6;1;B02
201200018699;0;1;0;0;2;1;1;A01
201200018699;0;7;0;0;2;4;23;B01
201200018700;0;10;0;0;2;2;1;B01
201200018700;0;2;0;0;2;8;19;A01
201200018701;0;31;0;0;0;1;1;B01
201200018701;0;7;0;0;0;1;17;A01
201200018702;0;7;0;2;0;1;13;A01
201200018703;0;7;0;0;2;1;1;A01
201200018703;0;7;0;0;2;4;1;B02
201200018704;0;7;0;8;0;1;1;A01
201200018705;0;7;0;0;2;1;13;A01
201200018705;0;10;0;0;2;1;1;B02
201200018705;0;7;0;14;0;0;2;C03
201200018706;0;32;0;0;0;1;1;A01
201200018706;0;7;0;0;0;1;1;B01
201200018706;0;13;0;0;0;4;23;D01
201200018706;0;7;0;0;0;1;1;C01
201200018707;0;7;0;0;2;2;15;A01
201200018707;0;7;0;0;2;3;1;B02
201200018708;0;7;0;2;0;8;1;A01
201200018709;0;7;0;0;2;3;1;B02
201200018709;0;33;0;0;2;0;1;A01
201200018710;0;7;0;13;0;1;1;A01
201200018711;0;7;0;0;1;1;1;A01
201200018712;0;7;0;0;2;3;19;A01
201200018712;0;7;0;0;2;1;1;B02
201200018713;0;21;0;0;1;2;1;A01
201200018714;0;33;0;6;0;9;1;A01
201200018715;0;33;0;16;0;9;0;A01
201200018716;0;7;0;3;0;3;1;A01
201200018717;0;7;0;2;0;3;1;A01
201200018718;0;21;0;0;2;3;5;B02
201200018718;0;33;0;0;2;1;5;A01
201200018719;0;33;0;0;0;9;1;A01
201200018720;0;7;0;0;0;9;19;A01
201200018721;0;7;0;8;0;1;21;A01
201200018722;0;33;0;0;2;1;1;A01
201200018722;0;7;0;0;2;3;1;C03
201200018722;0;7;0;0;2;7;15;B02
201200018723;0;34;0;0;1;1;17;A01
201200018724;0;3;0;0;2;1;13;A01
201200018724;0;7;0;0;2;3;1;B02
201200018725;0;33;0;0;2;3;2;A01
201200018725;0;7;0;0;2;3;15;B02
201200018726;0;31;0;0;2;1;13;A01
201200018726;0;7;0;0;2;1;1;B02
201200018727;0;7;0;0;2;8;15;A01
201200018727;0;15;0;0;2;1;1;B02
201200018728;0;30;0;0;1;1;0;A01
201200018729;0;30;0;0;0;8;1;A01
201200018730;0;7;0;0;2;3;13;A01
201200018730;0;33;0;0;2;3;1;B02
201200018731;0;7;0;0;1;3;1;A01
201200018732;0;7;0;0;1;3;13;A01
201200018733;0;7;0;0;2;0;2;A01
201200018733;0;1;0;0;0;4;2;B02
201200018734;0;7;0;2;0;1;1;A01
201200018735;0;7;0;0;2;3;13;A01
201200018735;0;7;0;0;2;3;1;B02
201200018736;0;7;0;0;2;2;13;A01
201200018736;0;7;0;0;2;3;1;B02
201200018737;0;7;0;0;2;1;1;B02
201200018737;0;7;0;0;2;3;0;A01
201200018738;0;7;0;0;2;8;19;A01
201200018738;0;7;0;0;2;1;1;B02
201200018739;0;7;0;0;2;1;0;A01
201200018739;0;7;0;0;2;1;0;B02
201200018740;0;7;0;0;2;3;0;A01
201200018740;0;7;0;0;2;3;0;B02
201200018741;0;7;0;0;2;8;10;A01
201200018741;0;2;0;0;2;1;2;B02
201200018742;0;7;0;4;0;3;13;A01
201200018743;0;3;0;0;2;2;1;B02
201200018743;0;1;0;0;2;1;1;A01
201200018744;0;7;0;0;0;0;4;A01
201200018745;0;7;0;0;1;2;16;A01
201200018746;0;33;0;0;2;1;2;A01
201200018746;0;33;0;0;0;4;2;B02
201200018747;0;1;0;0;2;7;1;B02
201200018747;0;7;0;0;2;7;19;A01
201200018748;0;31;0;0;2;1;17;A01
201200018748;0;7;0;0;2;2;15;B02
201200018749;0;7;0;0;2;1;1;A01
201200018749;0;7;0;0;0;8;0;B02
201200018750;0;7;0;0;1;4;20;A01
201200018751;0;7;0;0;2;2;15;A01
201200018751;0;2;0;0;2;7;1;B02
201200018752;0;7;0;13;0;2;14;A01
201200018753;0;7;0;13;0;3;1;A01
201200018754;0;33;0;0;0;7;1;A01
201200018755;0;15;0;3;0;9;1;A01
201200018756;0;10;0;0;1;1;11;A01
201200018757;0;1;0;0;2;1;13;A01
201200018757;0;7;0;0;2;3;1;B02
201200018758;0;7;0;8;0;9;1;A01
201200018759;0;7;0;10;0;2;1;A01
201200018760;0;2;0;0;2;1;21;A01
201200018760;0;7;0;0;2;3;1;B02
201200018761;0;14;0;0;1;1;0;A01
201200018762;0;7;0;0;0;0;1;A01
201200018763;0;30;0;0;0;8;1;A01
201200018764;0;7;0;2;0;8;1;A01
201200018765;0;31;0;0;2;2;17;A01
201200018765;0;15;0;0;0;8;15;B02
201200018766;0;7;0;16;0;9;1;A01
201200018767;0;30;0;0;0;1;1;A01
201200018768;0;33;0;14;0;1;1;A01
201200018769;0;33;0;0;2;7;17;A01
201200018769;0;7;0;0;2;3;15;B02
201200018770;0;10;0;0;0;0;0;B02
201200018770;0;7;0;0;2;3;13;A01
201200018771;0;7;0;0;2;1;1;B02
201200018771;0;7;0;0;2;1;5;A01
201200018772;0;2;0;0;0;8;1;B02
201200018772;0;7;0;0;2;1;15;A01
201200018773;0;7;0;0;1;2;1;A01
201200018774;0;36;0;6;0;1;1;A01
201200018775;0;7;0;0;0;3;9;A01
201200018775;0;30;0;0;2;1;1;B02
201200018776;0;7;0;0;2;3;1;B02
201200018776;0;7;0;0;2;3;10;A01
201200018777;0;7;0;0;2;3;16;A01
201200018777;0;7;0;0;2;7;1;B02
201200018778;0;7;0;0;1;1;16;A01
201200018779;0;7;0;0;1;1;1;A01
201200018780;0;7;0;0;2;3;1;B02
201200018780;0;33;0;0;2;1;13;A01
201200018781;0;7;0;0;2;1;1;B02
201200018781;0;10;0;0;2;1;13;A01
201200018782;0;15;0;0;2;2;1;B02
201200018782;0;7;0;0;2;2;15;A01
201200018783;0;33;0;0;2;3;1;B02
201200018783;0;14;0;0;2;2;15;A01
201200018784;0;31;0;0;2;1;1;A01
201200018784;0;21;0;0;2;4;2;B02
201200018785;0;7;0;6;0;8;14;A01
201200018786;0;33;0;0;2;7;1;A01
201200018786;0;7;0;0;2;2;15;B02
201200018787;0;30;0;0;0;2;1;A01
201200018788;0;7;0;0;1;3;1;A01
201200018789;0;33;0;0;0;5;9;A01
201200018790;0;7;0;13;0;0;13;A01
201200018791;0;7;0;0;2;2;21;B02
201200018791;0;7;0;0;2;3;1;A01
201200018792;0;7;0;0;2;3;1;B02
201200018792;0;7;0;0;2;2;13;A01
201200018793;0;7;0;0;2;0;1;B02
201200018793;0;7;0;0;0;1;1;A01
201200018794;0;21;0;0;2;8;15;B02
201200018794;0;2;0;0;2;1;17;A01
201200018795;0;7;0;0;2;2;1;B01
201200018795;2;7;0;0;2;3;15;A02
201200018796;0;30;0;0;2;1;17;A01
201200018796;0;7;0;0;2;1;1;B02
201200018797;0;33;0;0;0;0;1;A01
201200018798;0;7;0;13;0;9;14;A01
201200018799;0;7;0;0;2;3;1;B02
201200018799;0;2;0;0;2;1;13;A01
201200018800;0;7;0;0;2;8;1;B02
201200018800;0;31;0;0;2;8;13;A01
201200018801;0;33;0;0;2;8;13;A01
201200018801;0;7;0;0;2;8;1;B02
201200018802;0;7;0;8;0;1;1;A01
201200018803;0;7;0;0;0;1;1;B02
201200018803;0;33;0;0;0;8;15;A01
201200018804;0;36;0;15;0;1;13;A01
201200018805;0;7;0;3;0;2;13;A01
201200018806;0;7;0;0;2;1;17;A01
201200018806;0;7;0;0;2;1;1;B02
201200018807;0;15;0;13;0;7;14;A01
201200018808;0;2;0;0;2;1;1;B02
201200018808;0;7;0;0;2;3;11;A01
201200018809;0;7;0;0;1;2;1;A01
201200018810;0;7;0;0;2;5;10;A01
201200018810;0;14;0;0;2;0;1;B02
201200018811;0;15;0;0;2;0;1;C03
201200018811;0;7;0;0;2;0;13;A01
201200018811;0;7;0;0;2;0;1;B02
201200018812;0;7;0;0;0;8;21;B02
201200018812;0;33;0;0;0;8;13;A01
201200018813;0;7;0;16;0;9;14;A01
201200018814;0;7;0;0;2;1;13;A01
201200018814;0;7;0;0;2;1;1;B02
201200018814;0;7;0;0;2;3;1;C03
201200018815;0;7;0;0;2;8;1;B02
201200018815;0;7;0;4;2;7;17;A01
201200018816;0;7;0;0;0;9;1;A01
201200018817;0;7;0;0;1;1;1;A01
201200018818;0;7;0;0;0;9;14;A01
201200018819;0;7;0;0;6;1;13;A01
201200018819;0;15;0;0;2;1;1;B02
201200018820;0;7;0;2;0;5;17;A01
201200018821;0;2;0;0;0;1;18;B02
201200018821;0;10;0;0;0;7;16;A01
201200018822;0;1;0;0;2;1;9;A02
201200018822;0;7;0;0;9;3;1;B01
201200018823;0;7;0;0;2;3;16;A01
201200018823;0;7;0;0;2;2;1;B02
201200018824;0;2;0;0;2;1;9;A02
201200018824;0;7;0;0;0;2;16;B01
201200018825;0;7;0;0;2;3;15;A01
201200018825;0;2;0;0;2;1;1;B02
201200018826;0;7;0;8;0;9;14;A01
201200018827;0;10;0;8;0;1;13;A01
201200018828;0;7;0;6;0;1;13;A01
201200018829;0;30;0;0;2;1;1;B02
201200018829;0;7;0;0;2;3;13;A01
201200018830;0;10;0;13;9;9;13;A01
201200018831;0;10;0;0;2;1;1;B02
201200018831;0;17;0;0;2;8;19;A01
201200018832;0;7;0;0;2;1;1;A01
201200018832;0;7;0;0;2;8;15;B02
201200018833;0;31;0;0;2;1;1;A01
201200018833;0;7;0;0;2;3;19;B02
201200018834;0;7;0;0;2;3;15;A01
201200018834;0;7;0;0;2;3;1;B02
201200018835;0;31;0;0;2;8;1;B02
201200018835;0;7;0;0;2;3;15;A01
201200018836;0;33;0;4;0;1;1;A01
201200018837;0;7;0;0;1;2;1;A01
201200018838;0;7;0;0;0;1;1;A01
201200018838;0;7;0;0;5;1;21;B02