num_acc;senc;catv;occutc;obs;obsm;choc;manv;num_veh
201200018839;0;7;0;0;2;1;1;B02
201200018839;0;7;0;0;2;1;13;A01
201200018840;0;1;0;6;0;3;16;A01
201200018841;0;10;0;0;2;4;2;A01
201200018841;0;1;0;0;2;1;2;B02
201200018842;0;21;0;0;2;1;9;A01
201200018842;0;1;0;0;2;1;1;B02
201200018843;0;7;0;0;2;3;15;B02
201200018843;0;34;0;0;2;1;17;A01
201200018844;0;7;0;0;1;3;1;A01
201200018845;0;30;0;0;0;1;13;A01
201200018845;0;7;0;0;0;3;1;B02
201200018846;0;33;0;0;1;1;1;A01
201200018847;0;2;0;0;2;6;15;A01
201200018847;0;7;0;0;2;3;1;B02
201200018848;0;30;0;0;0;0;0;A01
201200018849;0;7;0;16;2;1;15;A01
201200018849;0;7;0;16;2;1;21;B02
201200018850;0;14;0;0;2;5;2;A01
201200018850;0;1;0;0;2;8;1;B02
201200018851;0;10;0;0;2;1;19;B02
201200018851;0;10;0;0;2;8;1;A01
201200018852;0;10;0;0;2;1;1;C03
201200018852;0;7;0;0;2;1;2;B02
201200018852;0;10;0;0;2;4;1;A01
201200018853;0;15;0;0;2;3;1;B02
201200018853;0;7;0;0;2;1;13;A01
201200018854;0;7;0;0;2;4;4;B02
201200018854;0;2;0;0;2;1;1;A01
201200018855;0;7;0;0;0;8;1;B02
201200018855;0;7;0;0;2;6;1;C03
201200018855;0;2;0;0;0;7;17;A01
201200018856;0;7;0;2;0;2;1;A01
201200018857;0;33;0;0;2;1;1;B02
201200018857;0;7;0;0;0;2;19;A01
201200018858;0;14;0;0;0;0;1;A01
201200018859;0;10;0;0;2;8;19;B02
201200018859;0;33;0;0;2;1;1;A01
201200018860;0;7;0;0;2;1;1;A01
201200018860;0;7;0;0;2;8;1;B02
201200018861;0;7;0;0;1;8;1;A01
201200018862;0;7;0;0;2;3;1;A01
201200018862;0;30;0;0;2;1;1;B02
201200018863;0;7;0;0;9;3;13;A01
201200018864;0;1;0;0;2;1;12;B02
201200018864;0;10;0;0;9;3;1;A01
201200018865;0;7;0;0;1;4;4;A01
201200018866;0;1;0;0;2;8;1;B02
201200018866;0;7;0;0;2;1;19;A01
201200018867;0;7;0;0;2;1;1;A01
201200018867;0;1;0;0;2;0;19;B02
201200018868;0;7;0;0;0;5;15;B02
201200018868;0;7;0;0;0;3;1;A01
201200018869;0;1;0;0;2;7;1;A01
201200018869;0;7;0;0;9;1;16;B02
201200018870;0;7;0;0;0;1;1;A01
201200018870;0;7;0;0;0;0;1;B02
201200018871;0;7;0;0;2;3;1;B02
201200018871;0;7;0;0;2;3;3;A01
201200018872;0;7;0;0;2;1;2;A01
201200018872;0;3;0;0;2;4;2;B02
201200018873;0;10;0;0;2;3;12;A01
201200018873;0;32;0;0;2;1;18;B02
201200018874;0;30;0;0;2;8;1;B02
201200018874;0;14;0;0;2;7;17;A01
201200018875;0;10;0;0;2;2;21;A01
201200018875;0;1;0;0;2;6;2;B02
201200018876;0;7;0;0;0;0;0;A01
201200018876;0;30;0;0;2;1;1;B02
201200018877;0;7;0;0;2;1;1;B02
201200018877;0;7;0;0;2;4;10;A01
201200018878;0;7;0;8;6;3;1;A01
201200018879;0;33;0;0;0;0;1;A01
201200018880;0;10;0;0;0;6;17;B02
201200018880;0;33;0;0;0;7;17;A01
201200018881;0;7;0;0;1;1;1;A01
201200018882;0;7;0;0;2;3;1;B02
201200018882;0;7;0;0;2;1;1;A01
201200018883;0;30;0;0;2;1;13;A01
201200018883;0;7;0;0;2;1;1;B02
201200018884;0;7;0;0;2;2;1;B02
201200018884;0;7;0;0;2;2;15;A01
201200018885;0;7;0;4;0;7;13;A01
201200018886;0;2;0;0;0;8;0;A01
201200018887;0;1;0;0;0;7;1;A01
201200018887;0;7;0;0;1;3;19;B02
201200018888;0;10;0;0;2;2;2;B02
201200018888;0;7;0;0;2;3;10;A01
201200018889;0;2;0;0;2;3;1;A01
201200018890;0;7;0;0;2;2;1;A01
201200018890;0;7;0;0;2;3;1;B02
201200018891;0;7;0;1;2;3;1;A01
201200018891;0;7;0;0;2;2;15;B02
201200018891;0;7;0;0;0;3;24;C03
201200018892;0;7;0;0;0;1;1;B02
201200018892;0;30;0;0;0;7;15;A01
201200018893;0;33;0;0;2;3;1;A01
201200018893;0;7;0;0;2;5;9;B02
201200018894;0;7;0;0;0;2;1;A01
201200018895;0;7;0;0;2;7;16;B02
201200018895;0;7;0;0;0;2;1;A01
201200018896;0;7;0;0;2;3;1;B02
201200018896;0;3;0;0;2;2;15;A01
201200018897;0;13;0;0;2;4;1;C03
201200018897;0;7;0;0;2;1;1;A01
201200018897;0;7;0;0;2;9;1;B02
201200018898;0;7;0;0;2;1;1;A01
201200018898;0;7;0;0;2;7;15;B02
201200018899;0;33;0;0;0;8;1;A01
201200018900;0;7;0;0;2;1;1;A01
201200018900;0;7;0;0;2;1;13;B02
201200018901;0;7;0;0;2;1;15;B02
201200018901;0;33;0;0;2;1;1;A01
201200018902;0;7;0;0;2;3;13;A01
201200018902;0;33;0;0;2;1;1;B02
201200018903;0;7;0;6;0;3;1;A01
201200018904;0;7;0;0;2;7;1;B02
201200018904;0;2;0;0;2;3;9;A01
201200018905;0;7;0;1;0;2;1;B02
201200018906;0;33;0;0;0;8;1;A01
201200018907;0;7;0;15;0;9;1;A01
201200018908;0;7;0;0;2;3;1;B02
201200018908;0;7;0;0;2;1;19;A01
201200018909;0;15;0;0;2;8;13;A01
201200018909;0;7;0;0;2;2;1;B02
201200018910;0;1;0;13;0;1;1;A01
201200018911;0;30;0;0;2;1;1;B02
201200018911;2;7;0;0;2;1;5;A01
201200018912;0;7;0;2;0;1;21;A01
201200018913;0;2;0;0;2;1;1;B02
201200018913;0;7;0;0;2;2;6;A01
201200018914;0;33;0;0;5;7;1;A01
201200018915;0;7;0;0;2;1;1;B02
201200018915;0;7;0;0;2;1;13;A01
201200018915;0;7;0;0;2;2;1;D04
201200018915;0;2;0;0;2;1;1;C03
201200018916;0;7;0;0;2;1;1;B02
201200018916;0;15;0;0;2;6;15;A01
201200018917;0;7;0;0;2;3;19;A01
201200018917;0;33;0;0;2;7;1;B02
201200018918;0;7;0;0;1;2;1;A01
201200018919;0;7;0;2;0;3;13;A01
201200018920;0;7;0;0;2;3;1;B02
201200018920;0;10;0;0;2;1;15;A01
201200018921;0;7;0;0;2;1;2;A01
201200018921;0;21;0;0;2;5;15;B02
201200018922;0;30;0;0;0;3;1;A01
201200018923;0;7;0;15;0;1;13;A01
201200018924;0;7;0;2;0;3;13;A01
201200018925;0;7;0;2;0;7;1;A01
201200018926;0;7;0;8;2;7;1;A01
201200018926;0;7;0;13;2;1;1;B02
201200018927;0;7;0;2;0;1;19;A01
201200018928;0;33;0;0;2;2;1;B02
201200018928;0;7;0;0;2;2;15;A01
201200018929;0;7;0;0;0;1;13;A01
201200018930;2;7;0;2;0;7;1;A01
201200018931;0;7;0;0;2;1;1;B02
201200018931;0;7;0;0;2;7;19;A01
201200018932;0;10;0;0;2;3;1;B02
201200018932;0;7;0;0;2;3;13;A01
201200018933;0;7;0;0;1;1;1;A01
201200018934;0;33;0;3;0;1;11;A01
201200018935;0;7;0;0;2;2;17;A01
201200018935;0;7;0;0;2;3;15;B02
201200018936;0;7;0;0;2;8;9;A01
201200018936;0;31;0;0;2;7;2;B02
201200018937;0;7;0;0;2;3;16;A01
201200018937;0;7;0;0;2;2;1;B02
201200018938;0;7;0;0;2;3;12;A01
201200018938;0;33;0;0;2;2;12;B02
201200018939;2;7;0;0;2;1;1;A01
201200018939;0;7;0;0;2;8;1;B02
201200018940;0;35;0;0;2;1;19;B02
201200018940;0;7;0;0;2;3;1;A01
201200018941;0;1;0;0;2;7;1;B02
201200018941;0;7;0;0;2;3;9;A01
201200018942;0;1;0;0;2;1;1;A01
201200018942;0;10;0;0;9;8;1;B02
201200018943;0;14;0;0;5;3;1;A01
201200018944;0;7;0;0;2;1;1;A01
201200018944;0;7;0;0;2;8;1;B02
201200018945;0;7;0;0;9;2;1;A01
201200018945;0;1;0;0;0;4;1;B02
201200018946;0;7;0;0;2;3;1;B02
201200018946;0;2;0;0;2;1;5;A01
201200018947;0;14;0;0;2;3;13;A01
201200018947;0;7;0;0;2;3;5;B02
201200018948;0;7;0;0;2;1;16;A01
201200018948;0;7;0;0;2;1;1;B02
201200018949;0;33;0;0;2;1;1;B02
201200018949;0;7;0;0;2;2;19;A01
201200018950;0;7;0;0;1;2;1;A01
201200018951;0;33;0;0;2;1;13;A01
201200018951;0;33;0;0;2;8;10;B02
201200018952;0;7;0;0;2;1;17;A01
201200018952;0;7;0;0;2;1;1;B02
201200018953;0;7;0;0;2;1;19;A01
201200018953;0;10;0;0;2;3;1;B02
201200018954;0;7;0;2;0;3;1;A01
201200018955;0;7;0;13;0;1;1;A01
201200018956;0;7;0;0;2;5;1;B02
201200018956;0;7;0;0;2;2;13;A01
201200018957;0;1;0;0;2;1;1;B02
201200018957;0;7;0;0;2;2;15;A01
201200018958;1;7;0;0;1;2;1;A01
201200018959;0;30;0;0;2;8;16;A01
201200018959;0;7;0;0;2;3;0;B02
201200018960;0;7;0;6;0;2;1;A01
201200018961;0;10;0;0;1;2;1;A01
201200018962;0;10;0;0;2;1;13;A01
201200018962;0;7;0;0;2;1;1;B02
201200018962;0;7;0;0;0;8;1;C03
201200018963;0;7;0;13;0;2;1;A01
201200018964;0;33;0;13;0;1;1;A01
201200018965;0;7;0;6;0;3;1;A01
201200018966;0;7;0;0;2;1;1;A01
201200018966;0;7;0;0;2;7;1;B02
201200018967;0;7;0;0;2;3;13;A01
201200018967;0;7;0;0;2;3;1;B02
201200018968;0;7;0;0;1;1;1;A01
201200018969;0;7;0;0;2;7;1;A01
201200018969;0;14;0;0;2;1;1;B02
201200018970;0;7;0;0;2;6;15;A01
201200018970;0;33;0;0;2;1;1;B02
201200018971;0;7;0;0;0;2;1;A01
201200018971;0;30;0;0;0;1;15;B02
201200018972;0;7;0;1;0;2;0;A01
201200018972;0;7;0;0;0;6;24;B02
201200018973;0;7;0;0;2;3;13;A01
201200018973;0;10;0;0;2;2;21;B02
201200018974;0;10;0;0;2;2;1;A01
201200018974;0;7;0;13;2;3;19;B02
201200018975;0;33;0;0;0;0;1;A01
201200018976;0;1;0;0;0;8;2;B02
201200018976;0;7;0;0;9;7;2;A01
201200018977;0;1;0;0;0;8;13;A01
201200018977;0;33;0;0;0;1;17;B02
201200018978;0;7;0;0;2;3;1;B02
201200018978;0;7;0;0;2;3;1;A01
201200018979;0;33;0;0;2;1;1;B02
201200018979;0;7;0;0;2;3;19;A01
201200018980;0;7;0;0;2;4;1;B02
201200018980;0;7;0;0;2;1;17;A01
201200018981;0;30;0;0;0;0;1;A01
201200018982;0;7;0;0;9;3;1;A01
201200018982;0;1;0;0;2;8;1;B02
201200018983;0;31;0;0;2;2;1;A01
201200018983;0;1;0;0;2;1;1;B02
201200018984;0;33;0;0;2;5;1;A01
201200018985;0;37;0;8;0;3;15;A01
201200018986;0;7;0;0;1;4;4;A01
201200018987;0;33;0;0;2;7;17;A01
201200018987;0;7;0;0;2;6;15;B02
201200018988;0;7;0;0;2;3;23;B02
201200018988;0;31;0;0;2;7;21;A01
201200018989;0;1;0;0;2;8;15;B02
201200018989;0;7;0;0;9;3;1;A01
201200018990;0;1;0;6;0;0;1;A01
201200018991;0;7;0;0;2;6;1;B02
201200018991;0;7;0;0;2;2;15;A01
201200018992;0;7;0;0;1;3;1;A01
201200018993;0;10;0;0;0;5;2;B02
201200018993;0;7;0;0;0;3;2;A01
201200018994;0;7;0;0;2;3;1;B02
201200018994;0;7;0;0;2;3;1;A01
201200018995;0;30;0;8;0;1;1;A01
201200018996;0;7;0;0;5;1;0;B02
201200018997;0;30;0;0;0;2;1;A01
201200018998;0;7;0;0;2;1;2;A01
201200018998;0;14;0;0;0;4;0;B02
201200018999;0;7;0;13;0;2;1;A01
201200019000;0;7;0;0;2;1;1;B02
201200019000;0;2;0;0;2;1;13;A01
201200019001;0;10;0;0;0;0;1;A01
201200019002;0;7;0;0;2;3;1;A01
201200019002;0;1;0;0;2;8;15;B02
201200019003;0;7;0;13;0;2;1;A01
201200019004;0;36;0;0;0;2;1;A01
201200019005;0;2;0;0;2;1;1;B02
201200019005;1;7;0;0;2;3;13;A01
201200019006;0;7;0;6;;1;1;A01
201200019007;0;7;0;0;2;1;13;A01
201200019007;0;38;1;0;2;1;13;B02
201200019008;0;1;0;0;2;4;2;B02
201200019008;0;7;0;13;9;3;2;A01
201200019009;0;10;0;0;9;6;15;A01
201200019009;0;33;0;0;2;1;1;B02
201200019010;0;1;0;;1;1;1;A01
201200019011;0;7;0;0;2;1;23;A01
201200019011;0;33;0;14;0;1;1;B02
201200019012;1;10;0;0;2;2;1;A01
201200019012;0;1;0;0;2;4;1;B02
201200019013;0;7;0;0;2;8;0;B02
201200019013;0;7;0;0;2;1;1;A01
201200019014;0;7;0;0;2;1;1;B02
201200019014;0;7;0;0;2;1;1;A01
201200019015;0;2;0;0;2;3;13;A01
201200019015;0;7;0;0;2;3;1;B02
201200019016;0;7;0;0;2;2;2;A01
201200019016;0;30;0;0;2;4;2;B02
201200019017;0;7;0;0;1;2;1;A01
201200019018;0;7;0;0;2;2;1;B01
201200019018;0;21;0;0;2;1;15;A02
201200019019;0;30;0;0;2;3;15;A01
201200019019;0;37;1;0;2;1;17;B02
201200019020;0;33;0;0;2;1;2;A01
201200019020;0;7;0;0;2;5;15;B02
201200019021;0;10;0;0;2;1;2;B02
201200019021;0;7;0;3;0;6;2;A01
201200019022;0;7;0;6;0;1;1;A01
201200019023;0;7;0;8;0;0;1;A01
201200019024;0;33;0;0;2;1;2;A01
201200019024;0;7;0;0;2;6;2;B02
201200019025;0;33;0;3;0;7;1;A01
201200019026;0;17;0;2;0;1;14;A01
201200019027;0;7;0;13;0;2;1;A01
201200019028;0;33;0;0;2;0;0;A01
201200019028;0;7;0;0;0;1;1;B02
201200019029;1;7;0;0;1;4;1;A01
201200019030;0;7;0;0;0;8;15;A01
201200019030;0;14;0;0;0;3;1;B02
201200019031;0;2;0;0;2;1;1;A01
201200019031;0;7;0;0;2;2;15;B02
201200019032;0;7;0;2;0;1;1;A01
201200019033;0;7;0;8;0;2;1;A01
201200019034;0;7;0;0;0;1;1;B02
201200019034;0;7;0;0;0;7;19;A01
201200019035;0;10;0;0;0;2;1;A01
201200019035;0;1;0;0;0;4;1;B02
201200019036;0;14;0;0;1;8;0;A01
201200019037;0;1;0;0;2;8;1;A01
201200019037;0;7;0;0;2;1;1;B02
201200019038;0;7;0;13;0;8;1;B02
201200019038;0;7;0;0;2;1;19;A01
201200019039;0;33;0;0;2;1;1;B02
201200019039;0;7;0;0;2;8;19;A01
201200019040;0;10;0;0;2;7;15;A01
201200019040;0;33;0;0;2;1;1;B02
201200019041;0;7;0;2;0;1;1;A01
201200019042;0;7;0;0;2;1;1;B02
201200019042;0;7;0;0;2;2;1;A01
201200019043;0;7;0;13;0;1;1;A01
201200019044;0;7;0;0;2;1;1;B02
201200019044;0;30;0;0;2;1;5;A01
201200019045;0;30;0;0;0;0;1;A01
201200019046;0;1;0;0;0;7;1;A01
201200019047;0;7;0;0;0;0;0;A01
201200019048;0;7;0;0;2;7;1;B02
201200019048;0;31;0;0;2;7;19;A01
201200019049;0;7;0;13;0;1;1;A01
201200019050;0;1;0;0;2;8;1;B02
201200019050;0;10;0;0;2;2;1;A01
201200019051;0;7;0;16;0;9;1;A01
201200019052;0;31;0;0;2;1;1;B02
201200019052;0;1;0;0;2;8;15;A01
201200019053;0;7;0;0;2;2;1;A01
201200019053;0;2;0;0;2;8;15;B02
201200019054;0;7;0;0;2;3;1;A01
201200019054;0;7;0;0;2;3;1;B02
201200019055;0;7;0;0;0;9;0;A01
201200019056;0;7;0;0;2;3;15;B02
201200019056;0;33;0;0;2;1;17;A01
201200019057;0;7;0;0;2;3;13;A01
201200019057;0;7;0;0;2;3;1;B02
201200019058;0;7;0;0;2;3;13;A01
201200019058;0;16;0;0;2;3;1;B02
201200019059;0;10;0;0;2;1;1;B02
201200019059;0;7;0;0;2;7;13;A01
201200019060;0;7;0;2;0;7;1;A01
201200019061;0;1;0;0;2;7;1;A01
201200019061;0;21;0;0;2;3;1;B02
201200019062;0;7;0;0;2;1;15;A01
201200019062;0;33;0;0;2;1;1;B02
201200019063;0;7;0;0;9;2;2;A01
201200019063;0;1;0;0;0;4;0;B02
201200019064;0;14;0;2;0;1;13;A01
201200019065;0;31;0;6;0;1;1;A01
201200019066;0;7;0;0;2;2;15;A01
201200019066;0;7;0;0;2;2;1;B02
201200019067;0;7;0;0;1;1;14;A01
201200019068;0;30;0;0;2;3;13;A01
201200019068;0;14;0;0;2;8;1;B02
201200019069;0;30;0;8;0;1;1;A01
201200019070;0;33;0;13;0;1;1;A01
201200019071;0;7;0;0;2;8;21;A01
201200019071;0;33;0;0;;1;1;B02
201200019072;0;7;0;0;1;3;1;A01
201200019073;0;7;0;0;1;5;4;A01
201200019074;0;10;0;2;0;3;1;A01
201200019075;0;2;0;0;2;1;1;B02
201200019075;0;7;0;0;2;3;15;A01
201200019076;0;7;0;0;2;3;1;A01
201200019076;0;7;0;0;2;3;1;B02
201200019077;0;30;0;8;0;2;1;A01
201200019078;0;7;0;0;2;2;2;A01
201200019078;0;1;0;0;2;4;2;B02
201200019079;0;31;0;0;2;1;2;A01
201200019079;0;7;0;0;0;5;2;B02
201200019080;0;7;0;0;2;2;1;B02
201200019080;0;7;0;0;2;3;5;A01
201200019081;0;7;0;0;2;3;1;A01
201200019081;0;7;0;0;2;3;1;B02
201200019082;0;7;0;0;2;8;15;B02
201200019082;0;7;0;0;2;1;1;A01
201200019083;0;7;0;0;2;3;13;A01
201200019083;0;7;0;0;2;3;1;B02
201200019084;0;7;0;0;1;3;1;A01
201200019085;0;33;0;2;0;1;1;A01
201200019086;0;15;0;0;2;8;1;B02
201200019086;0;7;0;0;2;3;1;A01
201200019087;0;1;0;3;0;7;1;A01
201200019088;0;7;0;0;0;2;1;A01
201200019089;0;33;0;5;0;8;1;A01
201200019090;0;36;0;0;2;3;13;B02
201200019090;0;10;0;0;2;3;1;A01
201200019091;0;7;0;0;2;8;1;C03
201200019091;0;10;0;0;2;3;1;B02
201200019091;0;7;0;0;2;3;13;A01
201200019092;0;7;0;5;0;3;1;A01
201200019093;0;7;0;13;0;3;1;A01
201200019094;0;33;0;0;2;0;17;A01
201200019095;0;30;0;12;0;1;1;A01
201200019096;0;7;0;8;0;9;14;A01
201200019097;0;2;0;0;2;3;1;B02
201200019097;0;10;0;0;2;3;13;A01
201200019098;0;7;0;0;0;3;13;A01
201200019098;0;7;0;0;0;3;2;B02
201200019099;0;7;0;0;1;2;1;A01
201200019100;0;7;0;0;1;3;1;A01
201200019101;0;30;0;0;0;1;1;B02
201200019101;0;7;0;0;2;4;4;A01
201200019102;0;33;0;1;0;2;1;A01
201200019103;0;1;0;0;2;1;19;B02
201200019104;0;7;0;0;2;2;15;A01
201200019104;0;31;0;0;2;1;1;B02
201200019105;0;33;0;0;0;8;1;A01
201200019106;0;33;0;0;2;1;1;A01
201200019106;0;7;0;0;2;3;9;B02
201200019107;0;7;0;0;2;6;1;C03
201200019107;0;7;0;0;2;6;23;B02
201200019107;0;30;0;0;2;2;21;A01
201200019108;0;30;0;0;2;1;19;A01
201200019108;0;7;0;0;2;6;1;B02
201200019109;0;33;0;3;0;0;1;A01
201200019110;0;7;0;8;0;7;13;A01
201200019111;1;7;0;0;1;2;14;A01
201200019112;0;7;0;0;0;1;1;A01
201200019113;0;7;0;0;2;8;1;B02
201200019113;0;33;0;0;2;1;13;A01
201200019114;0;14;0;0;2;1;1;B02
201200019114;0;7;0;0;2;1;11;A01
201200019115;0;7;0;0;2;8;13;A01
201200019115;0;7;0;0;2;1;1;B02
201200019116;0;33;0;0;0;8;1;A01
201200019117;0;7;0;0;9;3;1;A01
201200019117;0;1;0;0;2;7;15;B02
201200019118;0;7;0;0;0;7;1;A01
201200019119;0;7;0;13;0;3;1;A01
201200019120;0;33;0;13;0;1;13;A01
201200019120;0;7;0;0;2;6;2;B02
201200019121;0;7;0;0;2;3;1;A01
201200019121;0;7;0;0;2;3;1;B02
201200019122;0;7;0;0;1;1;1;A01
201200019123;0;31;0;1;2;1;17;A01
201200019123;0;7;0;0;2;3;15;B02
201200019124;0;7;0;0;1;2;1;A01
201200019125;0;33;0;0;2;1;1;A01
201200019125;0;7;0;0;0;6;21;B02
201200019125;0;10;0;0;2;8;1;C03
201200019126;0;10;0;0;2;1;17;B02
201200019126;0;7;0;0;2;1;1;A01
201200019126;0;7;0;0;2;3;1;C03
201200019127;0;10;0;2;0;8;1;A01
201200019128;0;2;0;0;2;1;13;B02
201200019128;0;7;0;0;2;1;1;A01
201200019129;0;7;0;0;1;3;1;A01
201200019130;0;7;0;0;2;1;16;A01
201200019130;0;7;0;0;2;7;1;B02
201200019131;0;7;0;6;0;1;0;A01
201200019132;0;7;0;0;2;1;2;B02
201200019132;0;33;0;0;2;7;15;A01
201200019133;0;33;0;0;2;1;1;A01
201200019133;0;7;0;0;2;3;1;B02
201200019134;0;7;0;13;0;1;1;A01
201200019135;0;7;0;13;0;1;19;A01
201200019136;0;7;0;0;2;7;13;A01
201200019136;0;7;0;0;2;1;1;B02
201200019137;0;7;0;13;0;1;13;A01
201200019138;0;7;0;0;2;1;13;A01
201200019138;0;7;0;0;2;1;1;B02
201200019139;0;33;0;0;2;1;17;A01
201200019139;0;7;0;0;2;3;15;B02
201200019140;0;2;0;0;2;1;17;A01
201200019140;0;7;0;0;2;6;15;B02
201200019141;0;7;0;13;0;3;13;A01
201200019142;0;7;0;0;2;3;1;B02
201200019142;0;7;0;0;2;7;19;A01
201200019143;0;33;0;0;2;1;21;A01
201200019143;0;10;0;0;2;8;0;B02
201200019144;0;7;0;0;2;2;15;A01
201200019144;0;33;0;0;2;1;1;B02
201200019145;0;7;0;0;2;3;13;A01
201200019145;0;7;0;0;2;3;1;B02
201200019146;0;33;0;0;2;1;1;A01
201200019146;0;7;0;0;2;3;19;B02
201200019147;0;7;0;0;2;3;9;A01
201200019147;0;30;0;0;2;2;9;B02
201200019148;0;7;0;0;2;1;9;A01
201200019148;0;7;0;0;2;2;1;B02
201200019149;0;7;0;0;2;1;9;A01
201200019149;0;1;0;0;2;7;1;B02
201200019150;0;10;0;0;1;2;1;A01
201200019151;0;7;0;13;0;9;13;A01
201200019152;0;30;0;0;2;1;13;B02
201200019152;0;7;0;0;2;1;1;A01
201200019153;0;10;0;0;2;8;10;A01
201200019153;0;10;0;0;2;2;1;B02
201200019154;0;2;0;0;0;8;1;A01
201200019155;0;7;0;0;9;2;1;A01
201200019155;0;1;0;0;2;1;1;B02
201200019155;0;1;0;0;2;9;1;C03
201200019156;0;7;0;0;2;1;1;A01
201200019156;0;7;0;0;2;7;19;B02
201200019157;0;7;0;16;0;3;1;A01
201200019158;0;7;0;13;0;7;13;A01
201200019159;0;33;0;0;2;1;1;A01
201200019159;0;10;0;0;2;7;13;B02
201200019160;0;21;0;6;0;2;14;A01
201200019161;0;7;0;0;2;7;19;A01
201200019161;0;7;0;0;2;2;1;B02
201200019162;0;30;0;0;2;8;1;B02
201200019162;0;7;0;0;2;1;19;A01
201200019163;0;7;0;2;0;6;13;A01
201200019164;0;7;0;8;0;2;13;A01
201200019165;0;7;0;0;2;1;15;A01
201200019165;0;7;0;0;2;8;1;B02
201200019166;0;7;0;13;0;9;13;A01
201200019167;0;33;0;0;2;1;2;A01
201200019167;0;10;0;0;2;6;23;B02
201200019167;0;7;0;0;2;3;1;C03
201200019168;0;7;0;0;9;2;1;B02
201200019168;0;1;0;0;2;7;19;A01
201200019169;0;7;0;0;1;1;16;A01
201200019170;0;7;0;0;2;1;13;A01
201200019170;0;7;0;0;2;1;1;B02
201200019171;0;7;0;0;2;1;5;A01
201200019171;0;15;0;0;2;3;1;B02
201200019172;0;7;0;0;2;3;1;A01
201200019172;0;7;0;0;2;3;1;B02
201200019173;0;2;0;0;2;1;1;A01
201200019173;0;10;0;0;2;2;15;B02
201200019174;0;33;0;0;2;1;1;B02
201200019174;0;7;0;0;2;3;1;A01
201200019175;0;7;0;0;2;1;19;A01
201200019175;0;7;0;0;2;1;1;B02
201200019176;0;1;0;0;2;1;13;B02
201200019176;0;7;0;0;2;2;1;A01
201200019177;0;7;0;0;2;8;19;A01
201200019177;0;14;0;0;2;1;1;B02
201200019178;0;7;0;0;2;3;13;A01
201200019178;0;21;0;0;2;3;21;B02
201200019179;0;7;0;0;2;1;1;B02
201200019179;0;10;0;0;2;5;15;A01
201200019180;0;10;0;2;0;3;1;A01
201200019181;0;33;0;0;2;1;0;A01
201200019181;0;7;0;0;2;1;0;B02
201200019182;0;33;0;14;2;0;21;A01
201200019183;0;7;0;3;2;2;1;A01
201200019183;0;7;0;3;2;3;1;B02
201200019184;0;7;0;0;2;1;13;A01
201200019184;0;7;0;0;2;1;1;B02
201200019185;0;17;0;0;2;5;17;A01
201200019185;0;1;0;0;2;8;1;B02
201200019186;0;7;0;0;2;1;13;A01
201200019186;0;7;0;0;2;1;1;B02
201200019187;0;7;0;0;2;3;13;A01
201200019187;0;7;0;0;2;1;1;B02
201200019188;0;2;0;0;2;1;13;A01
201200019188;0;7;0;0;2;3;1;B02
201200019189;0;1;0;0;2;4;1;A01
201200019189;1;7;0;;9;;2;Z02
201200019190;0;7;0;0;2;3;19;A01
201200019190;0;30;0;0;2;1;21;B02
201200019191;0;7;0;0;1;2;1;A01
201200019192;0;33;0;0;6;1;0;A01
201200019193;0;14;0;0;0;1;1;D04
201200019193;0;10;0;0;0;4;1;C03
201200019193;0;7;0;0;0;4;0;B02
201200019193;0;7;0;0;0;1;1;A01
201200019194;0;7;0;0;1;3;1;A01
201200019195;0;10;0;2;0;1;1;A01
201200019196;0;33;0;15;0;1;1;A01
201200019197;0;7;0;2;0;1;13;A01
201200019198;0;33;0;0;2;2;1;A01
201200019198;0;7;0;0;2;3;1;B02
201200019199;0;33;0;0;2;1;13;A01
201200019199;0;7;0;0;2;1;1;B02
201200019200;0;21;0;0;0;4;1;B02
201200019200;0;7;0;0;2;1;1;A01
201200019201;0;7;0;0;0;4;23;A01
201200019201;0;33;0;0;0;1;1;B02
201200019202;0;7;0;0;2;8;1;B02
201200019202;0;15;0;0;2;3;16;A01
201200019203;0;31;0;6;0;2;14;A01
201200019204;0;7;0;0;2;1;1;B02
201200019204;0;10;0;0;2;1;1;A01
201200019205;0;7;0;16;0;9;1;A01
201200019206;0;31;0;16;0;1;1;A01
201200019207;0;7;0;2;0;1;1;A01
201200019208;0;7;0;0;2;8;1;B02
201200019208;0;31;0;0;2;2;19;A01
201200019209;0;33;0;0;0;0;1;A01
201200019210;0;7;0;0;2;3;1;A01
201200019210;0;1;0;0;2;7;19;B02
201200019211;0;7;0;0;2;3;1;B02
201200019211;0;7;0;0;2;3;13;A01
201200019212;0;7;0;0;2;3;1;B02
201200019212;0;99;0;0;2;2;1;A01
201200019213;0;7;0;0;2;1;1;B02
201200019213;0;7;0;0;2;1;5;A01
201200019214;0;10;0;13;0;2;1;A01
201200019215;0;1;0;0;2;8;19;A01
201200019215;0;10;0;0;2;3;1;B02
201200019216;0;10;0;8;0;1;19;A01
201200019217;0;7;0;0;1;1;1;A01
201200019218;0;30;0;0;2;1;1;B02
201200019218;0;30;0;0;2;1;1;A01
201200019219;0;7;0;0;2;1;15;A01
201200019219;0;31;0;0;2;1;1;B02
201200019220;0;7;0;2;0;1;1;A01
201200019221;0;33;0;13;0;7;0;A01