num_acc;senc;catv;occutc;obs;obsm;choc;manv;num_veh
201200019222;0;33;0;13;0;7;1;A01
201200019223;0;7;0;6;0;9;1;A01
201200019224;0;7;0;0;2;4;23;A01
201200019224;0;7;0;0;2;1;1;B02
201200019225;0;7;0;0;2;7;10;A01
201200019225;0;7;0;0;2;1;1;B02
201200019226;0;10;0;2;0;8;13;A01
201200019227;0;7;0;8;0;3;1;A01
201200019228;0;7;0;0;1;2;1;A01
201200019229;0;7;0;0;1;3;1;A01
201200019230;0;7;0;0;2;8;1;A01
201200019230;0;1;0;0;2;8;16;B02
201200019231;0;7;0;2;0;3;1;A01
201200019231;0;7;0;0;0;5;3;B02
201200019232;0;7;0;2;0;1;1;A01
201200019233;0;7;0;2;2;1;14;A01
201200019234;0;10;0;0;0;8;15;A01
201200019234;0;33;0;0;2;9;17;B02
201200019235;0;7;0;2;0;1;1;A01
201200019236;0;7;0;2;0;7;1;A01
201200019237;0;7;0;0;2;1;1;B02
201200019237;0;7;0;0;2;8;1;C03
201200019237;0;7;0;0;2;1;5;A01
201200019238;0;7;0;0;1;1;1;A01
201200019239;0;7;0;0;2;1;1;B02
201200019239;0;7;0;0;0;8;15;A01
201200019240;0;10;0;0;2;1;1;B02
201200019240;0;10;0;0;2;7;19;A01
201200019241;0;7;0;2;0;1;13;A01
201200019242;0;7;0;0;2;1;1;B02
201200019242;0;7;0;0;2;1;1;D04
201200019242;0;7;0;0;2;1;23;C03
201200019242;0;7;0;0;2;1;15;A01
201200019243;0;33;0;0;5;1;1;A01
201200019244;0;7;0;0;2;3;16;A01
201200019244;0;7;0;0;2;2;15;B02
201200019245;0;10;0;0;2;3;5;A01
201200019245;0;33;0;0;2;7;5;B02
201200019246;0;1;0;0;0;0;1;A01
201200019247;0;10;0;0;2;7;17;B02
201200019247;0;31;0;0;2;3;17;A01
201200019248;0;10;0;13;0;0;1;A01
201200019249;0;33;0;6;0;1;1;A01
201200019250;0;7;0;4;0;1;1;B02
201200019250;0;7;0;0;0;3;1;C03
201200019250;0;7;0;0;0;1;1;A01
201200019251;0;7;0;0;1;1;1;A01
201200019252;0;7;0;0;1;1;1;A01
201200019253;0;10;0;0;1;0;15;A01
201200019254;0;7;0;13;0;1;1;A01
201200019255;0;7;0;0;2;2;15;A01
201200019255;0;33;0;0;2;1;1;B01
201200019256;0;7;0;0;2;7;15;A01
201200019256;0;33;0;0;2;2;1;B01
201200019257;0;7;0;0;1;2;1;A01
201200019258;0;7;0;0;0;1;1;A01
201200019259;0;7;0;0;1;1;1;A01
201200019260;0;7;0;0;1;1;1;A01
201200019261;0;3;0;0;2;3;13;A01
201200019261;0;7;0;0;2;3;1;B01
201200019261;0;7;0;0;2;3;1;C01
201200019262;0;7;0;0;1;2;1;A01
201200019263;0;7;0;0;1;3;16;A01
201200019264;0;17;0;0;2;1;1;C03
201200019264;0;7;0;0;2;1;1;A01
201200019264;0;17;0;0;2;4;1;B02
201200019265;0;7;0;0;0;9;0;A01
201200019266;0;7;0;0;2;2;17;A01
201200019266;0;7;0;0;9;3;1;B02
201200019266;0;7;0;0;2;1;1;C03
201200019267;0;7;0;0;1;2;15;A01
201200019268;0;30;0;0;2;1;0;A01
201200019268;0;7;0;0;2;3;15;B02
201200019269;0;7;0;0;0;8;1;B02
201200019269;0;32;0;4;2;9;1;A01
201200019270;0;7;0;0;0;4;1;A01
201200019270;0;10;0;0;2;1;1;C03
201200019270;0;10;0;0;2;1;1;B02
201200019271;0;7;0;12;0;2;0;A01
201200019272;0;7;0;0;2;1;1;B02
201200019272;0;32;0;0;2;1;13;A01
201200019273;0;7;0;13;0;2;1;A01
201200019274;0;7;0;0;2;8;1;C03
201200019274;0;7;0;0;2;8;1;D04
201200019274;0;7;0;0;2;3;13;A01
201200019274;0;7;0;0;2;1;1;B02
201200019275;0;33;0;0;2;1;2;A01
201200019275;0;7;0;0;2;6;2;B02
201200019276;0;10;0;2;0;1;1;A01
201200019277;0;7;0;0;2;3;13;A01
201200019277;0;13;0;0;2;3;1;B02
201200019278;0;31;0;0;0;1;0;A01
201200019279;0;7;0;5;0;3;1;A01
201200019280;0;7;0;0;2;1;1;C03
201200019280;0;7;0;0;2;7;1;A01
201200019280;0;7;0;0;2;1;1;B02
201200019281;0;7;0;0;2;3;1;B02
201200019281;0;7;0;0;2;5;1;A01
201200019282;0;7;0;0;2;1;1;B02
201200019282;0;7;0;0;2;1;15;A01
201200019283;0;7;0;2;0;9;0;A01
201200019284;0;7;0;6;0;2;0;A01
201200019285;0;7;0;16;0;1;19;A01
201200019286;0;7;0;0;0;9;13;A01
201200019287;0;7;0;0;2;2;17;A01
201200019287;0;2;0;0;2;1;17;B02
201200019288;0;7;0;6;0;7;14;A01
201200019289;2;7;0;0;2;2;17;A01
201200019289;0;7;0;0;0;6;2;B02
201200019289;0;7;0;0;2;1;2;C03
201200019290;0;7;0;0;2;2;13;A01
201200019290;0;7;0;0;2;3;1;B02
201200019291;0;7;0;0;2;4;2;C03
201200019291;0;7;0;0;2;1;2;A01
201200019291;0;7;0;0;2;9;2;B02
201200019292;0;7;0;13;0;1;13;A01
201200019293;0;10;0;0;2;2;1;A01
201200019293;0;14;0;0;2;2;21;B02
201200019294;0;33;0;0;0;1;1;A01
201200019295;0;7;0;0;0;0;0;A01
201200019296;0;33;0;0;2;1;2;A01
201200019296;0;7;0;0;2;6;2;B02
201200019296;0;10;0;0;1;1;21;C03
201200019297;0;7;0;0;2;1;17;A01
201200019297;0;10;0;0;2;3;21;B02
201200019297;0;7;0;0;2;3;21;C03
201200019298;0;7;0;0;2;3;13;A01
201200019298;0;7;0;0;2;3;21;B02
201200019299;0;2;0;0;2;3;1;B02
201200019299;0;7;0;0;2;1;15;A01
201200019300;0;7;0;0;1;3;20;A01
201200019301;0;7;0;0;1;3;1;A01
201200019302;0;30;0;0;2;1;1;A01
201200019302;0;7;0;0;2;8;19;B02
201200019303;0;7;0;13;0;9;1;A01
201200019304;0;34;0;6;0;7;1;A01
201200019305;0;7;0;13;0;2;1;A01
201200019306;0;30;0;16;0;1;1;A01
201200019307;0;33;0;0;0;0;1;A01
201200019308;0;7;0;1;2;1;1;B02
201200019308;0;7;0;0;2;7;1;A01
201200019309;0;7;0;0;2;8;1;B02
201200019309;0;7;0;2;2;7;17;A01
201200019310;0;7;0;0;2;1;1;A01
201200019310;0;7;0;0;2;1;1;B02
201200019311;0;7;0;0;2;7;9;A01
201200019311;0;33;0;0;2;1;1;B02
201200019312;0;2;0;0;2;1;1;A01
201200019312;0;3;0;0;2;8;15;B02
201200019313;0;1;0;14;2;0;1;A01
201200019313;0;1;0;0;2;0;0;B02
201200019313;0;1;0;0;2;0;0;D04
201200019313;0;1;0;0;2;0;0;C03
201200019314;2;7;0;0;0;0;1;A01
201200019315;0;1;0;0;2;8;1;B02
201200019315;0;7;0;0;2;7;16;A01
201200019316;0;7;0;0;2;2;19;A01
201200019316;0;2;0;0;2;6;1;B02
201200019317;0;1;0;0;2;8;1;C03
201200019317;0;7;0;0;2;7;17;B02
201200019317;0;7;0;0;2;8;1;A01
201200019318;0;7;0;0;2;1;1;A01
201200019318;0;7;0;0;2;2;19;B02
201200019319;0;7;0;0;2;1;1;B02
201200019319;0;7;0;8;2;7;13;A01
201200019320;0;7;0;0;1;3;1;A01
201200019321;0;32;0;0;2;3;1;B02
201200019321;0;7;0;0;2;3;15;A01
201200019322;0;7;0;6;0;1;13;A01
201200019323;0;33;0;2;0;1;13;A01
201200019324;0;3;0;0;2;1;1;A01
201200019324;0;33;0;0;2;7;1;B02
201200019325;0;30;0;0;2;1;2;A01
201200019325;0;7;0;0;2;4;23;B02
201200019326;0;7;0;8;0;1;1;A01
201200019327;0;33;0;2;0;1;1;A01
201200019328;0;21;0;0;1;5;1;A01
201200019329;0;7;0;2;0;1;1;A01
201200019330;0;7;0;0;1;2;2;A01
201200019331;0;7;0;0;0;5;19;B02
201200019331;0;33;0;0;2;3;1;A01
201200019332;0;7;0;0;9;2;1;A01
201200019332;0;1;0;0;0;4;1;B02
201200019333;0;7;0;0;0;3;1;A01
201200019334;0;7;0;16;0;9;0;A01
201200019335;0;7;0;0;2;8;1;B02
201200019335;0;7;0;0;2;1;5;A01
201200019335;0;7;0;0;2;1;1;C03
201200019336;0;7;0;0;2;5;13;A01
201200019336;0;7;0;0;2;1;1;B02
201200019337;2;7;0;13;0;1;1;A01
201200019338;0;7;0;0;2;3;15;A01
201200019338;0;7;0;0;2;1;0;B02
201200019338;0;7;0;0;2;1;0;C03
201200019339;0;7;0;0;0;3;1;A01
201200019339;0;7;0;0;0;1;1;B02
201200019340;0;1;0;0;2;1;17;B02
201200019340;0;7;0;0;9;5;1;A01
201200019341;0;10;0;0;2;1;5;A01
201200019341;0;7;0;0;2;1;1;B02
201200019342;0;7;0;0;2;1;11;A01
201200019342;0;7;0;0;2;1;1;B02
201200019343;0;7;0;0;1;1;1;A01
201200019344;0;7;0;0;2;1;1;B02
201200019344;0;7;0;0;2;7;15;A01
201200019345;0;2;0;0;2;6;1;A01
201200019345;1;7;0;0;0;0;2;B01
201200019346;0;7;0;0;9;1;14;A01
201200019346;0;1;0;0;2;4;1;B02
201200019347;0;7;0;13;0;1;21;A01
201200019348;0;7;0;0;9;1;1;A01
201200019348;0;1;0;0;2;1;16;B02
201200019349;0;33;0;0;2;7;17;B02
201200019349;0;7;0;0;2;8;13;A01
201200019350;0;10;0;0;2;7;15;A01
201200019350;0;33;0;0;2;1;1;B02
201200019351;0;30;0;0;2;8;15;A01
201200019351;0;7;0;0;2;3;1;B02
201200019352;0;7;0;2;0;8;1;A01
201200019353;0;7;0;0;2;3;1;A01
201200019353;0;7;0;0;2;3;1;B02
201200019354;0;7;0;0;0;9;1;A01
201200019355;0;7;0;2;0;1;0;A01
201200019356;0;10;0;0;1;8;1;A01
201200019357;0;7;0;0;2;1;13;A01
201200019357;0;7;0;0;2;1;1;C03
201200019357;0;7;0;0;2;1;1;B02
201200019358;0;17;0;0;2;3;1;B02
201200019358;0;7;0;0;2;1;13;A01
201200019359;0;7;0;2;0;9;13;A01
201200019360;0;7;0;0;1;2;1;A01
201200019361;0;7;0;0;2;3;15;B02
201200019361;0;7;0;0;2;1;1;A01
201200019362;0;7;0;8;0;7;1;A01
201200019363;0;7;0;0;2;1;15;B02
201200019363;0;7;0;16;2;7;1;A01
201200019364;0;7;0;13;0;9;13;A01
201200019365;0;7;0;0;2;2;1;A01
201200019365;0;2;0;0;2;1;1;B02
201200019366;0;7;0;2;0;9;1;A01
201200019367;0;7;0;0;2;2;1;A01
201200019367;0;2;0;0;2;4;1;B02
201200019368;0;14;0;0;2;1;1;B02
201200019368;0;7;0;0;2;3;23;D04
201200019368;0;7;0;0;2;1;23;E05
201200019368;0;7;0;0;2;1;23;C03
201200019368;0;7;0;0;2;3;15;A01
201200019369;0;7;0;0;2;1;1;A01
201200019369;0;10;0;0;2;2;19;B02
201200019370;0;7;0;6;0;1;14;B02
201200019370;0;7;0;6;0;3;14;A01
201200019371;0;7;0;0;2;1;1;A01
201200019371;0;7;0;0;2;1;1;B02
201200019372;0;7;0;0;1;1;1;A01
201200019373;0;7;0;8;0;7;1;A01
201200019374;0;7;0;0;2;7;1;A01
201200019374;0;7;0;0;2;1;1;B02
201200019375;0;1;0;0;2;4;1;B02
201200019375;0;1;0;0;2;1;1;A01
201200019376;0;7;0;0;2;2;15;A01
201200019376;0;2;0;0;2;1;1;B02
201200019377;0;7;0;0;1;2;1;A01
201200019378;0;30;0;0;1;2;1;A01
201200019379;0;7;0;0;0;0;1;A01
201200019380;0;7;0;2;0;7;13;A01
201200019381;0;10;0;0;2;3;13;A01
201200019381;0;10;0;0;2;2;1;B02
201200019381;0;7;0;0;2;1;2;C03
201200019382;0;10;0;0;6;0;1;A01
201200019383;0;10;0;0;1;4;4;A01
201200019384;0;17;0;0;2;3;1;B02
201200019384;0;7;0;0;2;3;13;A01
201200019385;0;10;0;0;0;4;15;B02
201200019385;0;7;0;0;2;1;2;A01
201200019386;0;7;0;6;0;1;13;A01
201200019387;0;7;0;0;2;5;19;A01
201200019387;0;10;0;0;2;1;1;B02
201200019388;0;31;0;0;2;2;1;B02
201200019388;0;7;0;0;0;2;15;A01
201200019389;0;2;0;0;2;8;1;A01
201200019390;0;33;0;0;2;2;15;A01
201200019390;0;7;0;0;2;1;1;B02
201200019391;0;7;0;0;2;3;1;C03
201200019391;0;15;0;0;2;2;0;A01
201200019391;0;10;0;0;2;3;1;B02
201200019392;0;3;0;0;2;7;19;A01
201200019392;0;7;0;0;2;1;1;B02
201200019393;0;7;0;2;0;1;1;A01
201200019394;0;7;0;0;2;9;1;A01
201200019394;0;7;0;0;2;4;1;C03
201200019394;0;10;0;0;2;1;1;D04
201200019394;0;7;0;0;2;9;1;B02
201200019395;0;31;0;0;0;1;2;A01
201200019395;0;30;0;0;0;4;2;B02
201200019396;0;33;0;3;0;8;17;A01
201200019397;1;99;0;0;0;0;0;A01
201200019398;0;7;0;0;2;2;15;A01
201200019398;0;7;0;0;2;1;1;B02
201200019399;0;7;0;3;0;3;1;C03
201200019399;0;17;0;3;0;8;1;B02
201200019399;0;7;0;9;0;1;19;A01
201200019400;0;7;0;0;1;3;13;A01
201200019401;0;31;0;8;0;2;1;A01
201200019402;0;31;0;0;2;1;6;B02
201200019402;0;7;0;0;2;8;15;A01
201200019403;0;7;0;0;0;7;15;A01
201200019403;0;33;0;0;2;1;1;B02
201200019404;0;7;0;10;0;1;1;A01
201200019405;0;10;0;2;0;1;1;A01
201200019406;0;7;0;0;0;1;1;C03
201200019406;0;7;0;0;0;4;1;A01
201200019406;0;7;0;0;0;1;1;B02
201200019407;0;7;0;13;0;1;15;A01
201200019408;0;7;0;0;2;1;5;A01
201200019408;0;7;0;0;2;1;1;B02
201200019409;0;7;0;0;9;1;2;C03
201200019409;0;7;0;0;2;9;13;A01
201200019409;0;7;0;0;2;3;21;B02
201200019409;0;7;0;0;9;3;2;D04
201200019410;0;7;0;0;0;1;13;A01
201200019411;0;7;0;13;0;3;1;A01
201200019412;0;7;0;0;1;2;21;A01
201200019413;0;7;0;0;2;3;13;A01
201200019413;0;7;0;0;2;3;1;B02
201200019414;0;7;0;13;0;9;1;A01
201200019415;0;7;0;2;0;1;1;A01
201200019416;0;10;0;0;9;1;1;B02
201200019416;0;33;0;16;0;0;13;A01
201200019417;0;7;0;6;0;1;1;A01
201200019418;0;7;0;0;0;3;19;A01
201200019418;0;1;0;0;2;2;1;B02
201200019419;0;7;0;0;2;1;1;A01
201200019419;0;7;0;0;2;1;1;B02
201200019420;0;7;0;0;2;1;13;A01
201200019420;0;7;0;0;2;1;1;B02
201200019421;0;7;0;0;2;3;1;A01
201200019421;0;7;0;0;2;3;1;B02
201200019422;0;7;0;0;2;6;1;B02
201200019422;0;7;0;0;2;1;15;A01
201200019423;0;7;0;13;0;1;1;A01
201200019424;0;30;0;0;2;1;1;A01
201200019424;0;7;0;0;2;4;23;B02
201200019425;0;7;0;0;9;7;1;A01
201200019426;0;7;0;0;0;1;1;B02
201200019426;0;7;0;0;0;7;13;A01
201200019426;0;10;0;0;2;1;0;C03
201200019427;0;7;0;0;1;3;13;A01
201200019428;0;7;0;13;0;3;1;A01
201200019429;0;7;0;2;2;3;17;A01
201200019429;0;7;0;0;2;8;1;B02
201200019430;0;7;0;0;1;2;1;A01
201200019431;0;7;0;0;2;2;1;A01
201200019431;0;7;0;0;2;3;16;B02
201200019432;0;2;0;0;1;2;1;A01
201200019433;0;7;0;0;2;3;21;B02
201200019433;0;7;0;0;2;1;13;A01
201200019434;0;1;0;0;0;1;0;B02
201200019434;0;15;0;0;0;3;17;A01
201200019435;0;10;0;0;2;3;19;A01
201200019435;0;3;0;0;2;1;1;B02
201200019436;0;7;0;0;2;3;1;B02
201200019436;0;7;0;0;2;3;13;A01
201200019437;0;7;0;13;0;2;14;A01
201200019438;0;7;0;0;1;1;1;A01
201200019439;0;33;0;13;0;1;1;A01
201200019440;0;7;0;0;2;1;1;B02
201200019440;0;7;0;0;2;1;1;A01
201200019441;0;7;0;0;2;2;1;A01
201200019441;0;1;0;0;2;3;1;B02
201200019442;0;7;0;6;0;1;20;A01
201200019443;0;10;0;0;2;3;1;A01
201200019443;0;1;0;0;2;8;1;B02
201200019443;0;10;0;0;2;7;17;C03
201200019444;0;10;0;0;2;3;1;B02
201200019444;0;7;0;0;2;2;1;A01
201200019445;0;2;0;0;2;1;1;B02
201200019445;0;7;0;0;2;2;15;A01
201200019446;0;7;0;0;2;1;0;B02
201200019446;0;7;0;0;2;1;1;A01
201200019447;0;7;0;0;2;2;15;A01
201200019447;0;7;0;0;2;3;1;B02
201200019448;0;33;0;6;0;2;1;A01
201200019449;0;7;0;2;0;1;1;A01
201200019450;0;17;0;0;2;3;1;B02
201200019450;0;7;0;0;2;1;1;A01
201200019451;0;7;0;0;0;3;0;A01
201200019451;0;7;0;0;0;3;1;B02
201200019452;0;7;0;0;2;3;1;B02
201200019452;0;7;0;0;2;3;1;A01
201200019453;0;10;0;0;0;3;1;A01
201200019453;0;10;0;0;0;2;15;B02
201200019454;0;7;0;2;0;3;1;A01
201200019455;0;7;0;0;2;8;15;B02
201200019455;0;14;0;0;2;1;1;A01
201200019456;0;7;0;0;2;2;2;A01
201200019456;0;1;0;0;0;4;2;B02
201200019457;0;31;0;2;0;3;1;A01
201200019458;0;7;0;2;0;1;1;A01
201200019459;0;7;0;0;2;1;1;A01
201200019459;0;7;0;0;0;8;15;B02
201200019460;0;7;0;3;0;1;1;A01
201200019461;0;10;0;0;2;1;21;A01
201200019461;0;7;0;0;2;1;13;B02
201200019462;0;30;0;0;2;0;21;A01
201200019463;0;7;0;13;0;5;14;A01
201200019464;0;7;0;0;2;1;1;A01
201200019464;0;33;0;0;2;1;1;B02
201200019465;0;7;0;6;0;3;0;A01
201200019466;0;7;0;0;1;2;21;A01
201200019467;0;7;0;0;0;3;0;B02
201200019467;0;30;0;0;0;3;13;A01
201200019468;0;33;0;2;0;3;16;A01
201200019469;0;7;0;13;0;2;1;A01
201200019470;0;1;0;0;2;1;1;A01
201200019470;0;10;0;0;2;7;15;B02
201200019471;0;7;0;0;2;1;1;C03
201200019471;0;7;0;0;2;1;13;A01
201200019471;0;7;0;0;2;3;1;B02
201200019472;0;7;0;0;0;1;1;A01
201200019473;0;7;0;0;2;2;5;A01
201200019473;0;31;0;0;2;1;0;B02
201200019473;0;7;0;0;2;1;2;C03
201200019474;0;38;1;0;2;3;1;A01
201200019474;0;2;0;0;2;3;1;B02
201200019475;0;30;0;15;0;1;1;A01
201200019476;0;33;0;12;0;1;1;A01
201200019477;0;7;0;2;0;1;1;A01
201200019478;0;7;0;0;0;1;2;B02
201200019478;0;7;0;0;0;3;16;A01
201200019479;0;10;0;6;0;1;1;A01
201200019480;0;7;0;0;2;3;13;A01
201200019480;0;7;0;0;2;3;1;B02
201200019481;0;7;0;0;2;1;15;A01
201200019481;0;30;0;0;2;1;1;B02
201200019482;0;7;0;0;2;1;1;A01
201200019482;0;17;0;0;0;7;15;B02
201200019483;0;33;0;0;0;5;1;A01
201200019484;0;7;0;0;1;4;4;A01
201200019485;0;33;0;0;2;3;3;A01
201200019485;0;7;0;0;2;3;1;B02
201200019485;0;7;0;1;0;1;2;C03
201200019485;0;7;0;0;2;4;2;D04
201200019485;0;7;0;0;2;3;1;E05
201200019486;0;7;0;0;2;3;1;A01
201200019486;0;7;0;0;2;7;1;B02
201200019487;0;31;0;0;2;7;17;A01
201200019487;0;14;0;0;0;2;15;B02
201200019488;0;7;0;0;2;5;15;B02
201200019488;0;33;0;0;2;1;1;A01
201200019489;0;1;0;0;2;1;19;A01
201200019489;0;7;0;0;2;2;1;B02
201200019490;0;7;0;13;0;1;1;A01
201200019491;0;7;0;0;2;1;2;A01
201200019491;0;38;1;0;2;6;2;B02
201200019492;0;7;0;0;2;2;1;A01
201200019492;0;7;0;0;2;3;15;B02
201200019493;0;7;0;0;2;2;13;A01
201200019493;0;7;0;3;2;3;1;B02
201200019494;0;7;0;0;2;1;13;A01
201200019494;0;10;0;0;2;1;1;B02
201200019495;0;7;0;13;0;1;1;A01
201200019496;0;7;0;0;2;5;17;A01
201200019496;0;15;0;0;2;3;1;B02
201200019496;0;7;0;0;2;4;1;C03
201200019496;0;17;0;0;2;1;1;D04
201200019497;0;7;0;13;0;9;1;A01
201200019498;0;21;0;16;0;7;1;A01
201200019499;0;7;0;0;2;2;19;A01
201200019499;0;7;0;0;2;1;1;B02
201200019499;0;14;0;0;2;3;23;C03
201200019500;0;33;0;3;0;3;1;A01
201200019501;0;7;0;0;2;5;15;A01
201200019501;0;2;0;0;2;1;1;B02
201200019502;0;7;0;0;1;1;1;A01
201200019503;0;30;0;0;2;1;1;A01
201200019503;0;7;0;0;2;1;1;B02
201200019504;0;33;0;13;0;1;1;A01
201200019505;0;7;0;0;2;2;2;A01
201200019505;0;30;0;0;2;4;2;B02
201200019506;0;33;0;0;2;1;17;A01
201200019506;0;17;0;0;2;8;15;B02
201200019507;0;7;0;13;0;1;1;A01
201200019508;0;7;0;0;2;1;5;A01
201200019508;0;17;0;0;2;1;1;B02
201200019509;0;7;0;0;2;3;1;A01
201200019509;0;7;0;0;2;3;1;B02
201200019510;0;33;0;13;0;1;1;A01
201200019511;0;7;0;13;0;1;1;A01
201200019512;0;7;0;0;2;3;1;B02
201200019512;0;33;0;0;2;7;19;A01
201200019513;0;7;0;2;0;1;13;A01
201200019514;0;10;0;13;0;2;1;A01
201200019515;0;2;0;0;2;8;1;A01
201200019515;0;7;0;0;2;1;1;B02
201200019516;0;7;0;0;2;1;1;A01
201200019516;0;7;0;0;2;4;1;B02
201200019517;0;30;0;0;2;1;1;A01
201200019517;0;7;0;0;2;3;15;B02
201200019518;0;7;0;0;2;3;1;A01
201200019518;0;1;0;0;2;2;15;B02
201200019519;0;7;0;0;2;8;19;B02
201200019519;0;7;0;0;2;1;1;A01
201200019520;0;7;0;8;0;2;0;A01
201200019521;0;30;0;0;2;1;1;B02
201200019521;0;7;0;0;2;8;15;A01
201200019522;0;7;0;0;1;1;1;A01
201200019523;0;7;0;0;2;3;15;A01
201200019523;0;33;0;0;2;1;1;B02
201200019524;0;7;0;2;0;1;13;A01
201200019525;0;7;0;0;2;1;17;A01
201200019525;0;7;0;0;2;1;1;B02
201200019526;0;30;0;0;0;4;15;A01
201200019527;0;7;0;13;0;1;1;A01
201200019528;0;7;0;14;0;1;1;A01
201200019529;0;7;0;0;1;2;1;A01
201200019530;0;33;0;0;2;1;1;A01
201200019530;0;7;0;0;2;6;15;B02
201200019531;0;7;0;0;0;3;1;A01
201200019532;0;7;0;0;9;1;1;A01
201200019532;0;30;0;0;9;9;1;B02
201200019533;0;7;0;0;2;1;1;B02
201200019533;0;21;0;0;2;2;9;A01
201200019534;0;31;0;0;0;0;0;A01
201200019535;0;7;0;2;0;7;1;A01
201200019536;0;7;0;0;1;2;1;A01
201200019537;0;7;0;0;0;2;1;A01
201200019538;0;7;0;0;0;3;1;A01
201200019538;0;7;0;0;0;2;0;B02
201200019539;0;7;0;16;2;1;21;A01
201200019540;0;33;0;13;0;1;1;A01
201200019541;0;33;0;0;2;7;17;A01
201200019541;0;7;0;0;2;8;13;B02
201200019542;0;7;0;0;1;1;1;A01
201200019543;0;7;0;0;2;1;9;B02
201200019543;0;33;0;9;2;1;13;A01
201200019544;0;7;0;13;0;9;1;A01
201200019545;0;7;0;0;2;3;9;A01
201200019545;0;7;0;0;2;2;1;B02
201200019546;0;7;0;0;2;3;13;B02
201200019546;0;17;0;13;2;3;1;A01
201200019547;0;7;0;0;1;3;1;A01
201200019548;0;7;0;0;2;3;1;A01
201200019548;0;7;0;0;2;2;15;B02
201200019549;0;33;0;0;2;1;1;A01
201200019549;0;7;0;0;2;2;15;B02
201200019550;0;36;0;0;2;2;1;B02
201200019550;0;7;0;0;2;5;15;A01
201200019551;0;7;0;0;2;3;1;A01
201200019551;0;7;0;0;2;1;1;B02
201200019552;0;7;0;0;2;3;13;A01
201200019552;0;15;0;0;2;3;1;B02
201200019553;0;7;0;13;0;3;1;A01
201200019554;0;7;0;13;0;1;14;A01
201200019555;0;7;0;0;1;3;1;A01
201200019556;0;10;0;0;1;2;1;A01
201200019557;0;7;0;0;1;7;1;A01
201200019558;0;7;0;0;2;8;19;B02
201200019558;0;15;0;0;2;1;1;A01
201200019559;0;33;0;0;2;1;17;A01
201200019559;0;7;0;0;2;3;15;B02
201200019560;0;10;0;0;0;1;1;B02
201200019560;0;7;0;0;2;2;15;A01
201200019561;0;36;0;2;0;1;14;A01
201200019562;0;7;0;0;1;3;1;A01
201200019563;0;7;0;0;2;3;1;A01
201200019563;0;7;0;0;2;3;1;B02
201200019564;0;14;0;0;2;3;1;A01
201200019564;0;7;0;0;2;3;1;B02
201200019565;0;7;0;0;2;1;13;A01
201200019565;0;7;0;0;2;1;1;B02
201200019566;0;7;0;14;0;1;6;A01
201200019567;0;2;0;0;2;1;17;A01
201200019567;0;7;0;0;2;8;15;B02
201200019568;0;7;0;0;2;2;17;A01
201200019568;0;30;0;0;2;3;15;B02
201200019569;0;30;0;0;0;7;15;B02
201200019569;0;7;0;0;0;3;16;A01
201200019570;0;7;0;0;2;3;13;A01
201200019570;0;3;0;0;2;3;1;B02
201200019571;0;7;0;0;2;3;1;B02
201200019571;0;7;0;0;2;3;1;A01
201200019572;0;33;0;0;2;1;1;A01
201200019572;0;10;0;0;0;8;19;B02
201200019573;0;33;0;0;0;0;0;A01
201200019574;0;7;0;;2;1;1;B02
201200019574;0;2;0;0;2;3;0;A01
201200019575;0;33;0;2;0;9;1;A01
201200019576;0;7;0;16;0;9;1;A01
201200019577;0;10;0;0;2;3;1;B02
201200019577;0;7;0;0;2;1;15;A01
201200019578;0;14;0;0;2;1;1;B02
201200019578;0;7;0;0;2;3;15;A01
201200019579;0;7;0;0;0;3;1;A01
201200019580;2;7;0;0;2;2;15;A01
201200019580;0;7;0;0;2;3;1;B02
201200019581;0;33;0;13;0;1;1;A01
201200019582;0;7;0;0;2;1;15;A01
201200019582;0;33;0;0;2;1;1;B02
201200019583;0;7;0;6;0;7;16;A01
201200019584;0;7;0;2;0;1;16;A01
201200019585;0;33;0;3;0;0;0;A01
201200019586;0;14;0;0;2;1;1;A01
201200019586;0;7;0;0;2;3;1;B02
201200019587;0;15;0;3;0;9;1;A01
201200019588;0;2;0;0;2;1;1;B02
201200019588;0;7;0;0;0;8;9;A01
201200019589;0;7;0;0;0;9;1;A01
201200019590;0;7;0;0;2;1;13;A01
201200019590;0;7;0;0;2;1;1;B02
201200019591;0;33;0;0;0;7;1;A01
201200019592;0;30;0;0;0;2;2;A01
201200019592;0;10;0;0;0;6;2;B02
201200019593;0;7;0;0;1;4;20;A01
201200019594;0;7;0;0;2;1;0;B02
201200019594;0;7;0;0;2;3;1;A01
201200019595;0;7;0;0;0;6;2;B02
201200019595;0;10;0;8;0;2;17;A01
201200019596;0;7;0;0;1;1;1;A01
201200019597;0;33;0;3;0;1;1;A01
201200019598;0;7;0;0;2;1;13;A01
201200019598;0;7;0;0;2;3;1;B02
201200019599;0;31;0;11;0;1;1;A01
201200019600;0;7;0;2;0;2;1;A01
201200019601;0;7;0;0;2;1;1;C03
201200019601;0;14;0;0;2;7;13;A01
201200019602;0;33;0;13;0;1;1;A01
201200019603;0;7;0;0;2;2;1;B02
201200019603;0;17;0;0;2;2;5;A01
201200019604;0;7;0;0;2;6;13;A01
201200019604;0;7;0;0;2;6;1;B02
201200019604;0;7;0;0;2;2;17;C03
201200019605;0;10;0;6;0;1;19;A01
201200019606;0;99;0;1;0;3;13;A01
201200019607;0;38;11;0;0;7;1;A01