num_acc;senc;catv;occutc;obs;obsm;choc;manv;num_veh
201200019608;0;7;0;0;2;3;16;B02
201200019608;0;7;0;0;2;1;13;A01
201200019609;0;7;0;8;0;6;11;A01
201200019610;0;7;0;2;0;1;1;A01
201200019611;0;7;0;0;1;7;1;A01
201200019612;0;7;0;0;2;1;1;A01
201200019612;0;7;0;0;2;1;1;B02
201200019613;0;7;0;0;2;1;13;A01
201200019613;0;7;0;0;2;1;1;B02
201200019614;0;7;0;13;0;1;1;A01
201200019615;0;36;0;0;0;0;0;A01
201200019616;0;33;0;10;0;7;1;A01
201200019617;0;7;0;0;0;1;1;A01
201200019618;0;33;0;0;2;7;1;A01
201200019618;0;7;0;0;2;3;23;B02
201200019619;0;7;0;10;0;2;14;A01
201200019620;0;14;0;0;2;1;21;B02
201200019620;0;7;0;0;2;1;1;A01
201200019621;0;7;0;0;2;1;1;A01
201200019621;0;7;0;0;0;8;19;B02
201200019622;0;7;0;0;2;3;13;A01
201200019622;0;7;0;0;2;2;1;B02
201200019623;0;2;0;0;0;8;15;A01
201200019623;0;33;0;0;2;1;1;B02
201200019624;0;7;0;0;0;1;1;A01
201200019625;0;10;0;0;2;8;13;A01
201200019625;0;15;0;0;2;8;1;B02
201200019625;0;7;0;0;2;3;1;C03
201200019626;0;7;0;13;0;8;1;A01
201200019627;0;7;0;0;2;1;0;B02
201200019627;0;10;0;0;2;1;0;A01
201200019628;0;7;0;0;2;1;9;A01
201200019628;0;7;0;0;2;1;1;B02
201200019629;0;7;0;9;0;1;1;A01
201200019630;0;7;0;0;2;3;15;A01
201200019630;0;2;0;0;2;1;1;B02
201200019631;0;33;0;0;0;1;1;A01
201200019632;0;7;0;0;2;8;15;A01
201200019632;0;33;0;0;2;1;1;B02
201200019633;0;7;0;0;0;1;14;A01
201200019634;0;21;0;0;2;2;15;A01
201200019634;0;7;0;0;2;1;1;B02
201200019635;0;1;0;0;2;8;10;A01
201200019635;0;7;0;0;0;7;17;B02
201200019636;0;7;0;0;2;1;13;A01
201200019636;0;38;1;0;2;1;1;B02
201200019637;0;7;0;14;0;3;13;A01
201200019638;0;7;0;16;0;1;1;A01
201200019639;0;7;0;13;0;1;1;A01
201200019640;0;7;0;6;0;3;1;A01
201200019641;0;7;0;8;0;9;1;A01
201200019642;0;15;0;0;2;3;1;A01
201200019642;0;7;0;0;2;3;9;B02
201200019643;0;7;0;0;2;7;15;A01
201200019643;0;7;0;0;2;2;1;B02
201200019644;0;7;0;0;2;8;1;A01
201200019644;0;7;0;0;2;3;1;B02
201200019645;0;7;0;16;0;3;1;A01
201200019646;0;7;0;0;2;3;13;A01
201200019646;0;10;0;0;2;3;1;B02
201200019647;0;7;0;2;0;9;14;A01
201200019648;0;7;0;0;1;3;1;A01
201200019649;0;7;0;8;0;3;14;A01
201200019650;0;7;0;0;2;3;13;A01
201200019650;0;7;0;0;2;3;1;B02
201200019651;0;7;0;0;0;2;1;A01
201200019652;0;7;0;0;2;3;18;A01
201200019652;0;14;0;0;2;2;16;B02
201200019653;0;7;0;2;0;1;1;A01
201200019654;0;7;0;0;2;1;1;B02
201200019654;0;7;0;0;2;3;15;A01
201200019655;0;10;0;0;0;1;1;A01
201200019656;0;30;0;16;2;0;21;A01
201200019657;0;7;0;0;2;2;1;A01
201200019657;0;7;0;0;2;3;19;B02
201200019658;0;10;0;0;2;3;13;A01
201200019658;0;21;0;0;2;8;1;B02
201200019658;0;7;0;0;2;5;21;C03
201200019659;0;7;0;0;2;7;19;B02
201200019659;0;7;0;0;2;2;1;A01
201200019660;0;7;0;0;0;8;19;B02
201200019660;0;7;0;0;0;2;1;A01
201200019661;0;7;0;0;2;3;13;A01
201200019661;0;15;0;0;2;8;1;B02
201200019661;0;7;0;0;2;3;1;C03
201200019661;0;7;0;14;0;8;1;D04
201200019661;0;7;0;14;0;1;1;E05
201200019662;0;7;0;0;2;8;13;A01
201200019662;0;15;0;0;2;1;13;B02
201200019663;0;7;0;2;0;1;1;A01
201200019664;2;7;0;0;9;7;17;A01
201200019664;0;1;0;0;2;8;2;B02
201200019665;0;7;0;0;1;3;15;A01
201200019666;0;7;0;0;2;1;13;A01
201200019666;0;38;1;0;2;1;1;B02
201200019667;0;7;0;0;0;9;1;A01
201200019668;0;30;0;0;0;0;0;A01
201200019669;0;7;0;0;2;2;15;A01
201200019669;0;33;0;0;2;6;1;B02
201200019670;0;33;0;0;2;1;1;A01
201200019670;0;14;0;0;2;3;1;B02
201200019671;0;7;0;6;0;1;1;A01
201200019672;0;7;0;0;1;3;1;A01
201200019673;0;7;0;2;0;3;1;A01
201200019674;0;7;0;0;2;8;15;A01
201200019674;0;31;0;0;2;1;1;B02
201200019675;1;7;0;0;0;0;0;A01
201200019676;0;7;0;0;2;1;15;A01
201200019676;0;7;0;0;2;3;1;B02
201200019677;0;33;0;0;0;0;1;A01
201200019678;2;10;0;0;0;9;1;A01
201200019679;0;7;0;0;2;1;13;A01
201200019679;0;7;0;0;2;3;1;B02
201200019680;0;7;0;0;2;1;2;A01
201200019680;0;7;0;0;2;4;2;B02
201200019680;0;7;0;0;2;1;0;C03
201200019681;0;7;0;13;0;3;2;A01
201200019682;0;33;0;0;2;1;0;A01
201200019682;0;7;0;0;2;1;1;B02
201200019683;0;7;0;0;2;1;1;A01
201200019683;0;10;0;0;2;4;24;B02
201200019683;0;7;0;0;2;1;1;C03
201200019684;0;7;0;0;2;6;11;A01
201200019684;0;7;0;0;2;2;17;B02
201200019685;0;7;0;0;0;1;15;A01
201200019685;0;37;50;0;0;1;1;B02
201200019686;0;7;0;0;2;1;1;A01
201200019686;0;7;0;0;2;2;1;B02
201200019687;0;7;0;0;2;2;17;A01
201200019687;0;2;0;0;2;6;15;B02
201200019688;0;7;0;0;2;2;15;A01
201200019688;0;7;0;0;2;1;1;B02
201200019689;0;7;0;0;2;7;13;A01
201200019689;0;7;0;0;2;1;1;B02
201200019690;0;7;0;0;2;2;15;A01
201200019690;0;7;0;0;2;1;1;B02
201200019691;0;7;0;0;2;1;2;A01
201200019691;0;7;0;0;2;5;19;B02
201200019692;0;7;0;13;1;3;2;A01
201200019693;0;7;0;0;0;1;0;A01
201200019693;0;7;0;0;0;1;13;B02
201200019694;0;7;0;16;0;6;1;A01
201200019695;0;10;0;0;1;1;1;A01
201200019696;0;7;0;0;1;2;1;A01
201200019697;0;7;0;3;0;3;1;A01
201200019698;0;7;0;0;2;3;1;A01
201200019698;0;7;0;0;2;5;13;B02
201200019699;0;33;0;0;0;7;1;A01
201200019700;0;7;0;0;2;8;19;B02
201200019700;0;7;0;0;2;1;1;A01
201200019701;0;7;0;6;0;1;1;A01
201200019702;0;7;0;13;2;6;1;A01
201200019702;0;7;0;0;2;3;1;B02
201200019703;0;7;0;13;0;9;1;A01
201200019704;0;7;0;6;0;1;1;A01
201200019705;0;7;0;5;0;1;0;A01
201200019706;0;10;0;0;1;1;0;A01
201200019707;0;7;0;0;1;3;1;A01
201200019708;0;7;0;0;1;6;4;A01
201200019709;0;7;0;0;2;1;15;A01
201200019709;0;7;0;0;2;1;1;B02
201200019710;0;10;0;6;0;1;1;A01
201200019711;0;7;0;0;2;1;1;A01
201200019711;0;1;0;0;2;8;15;B02
201200019712;0;7;0;0;2;8;19;A01
201200019712;0;33;0;0;2;1;1;B02
201200019713;0;30;0;0;2;1;13;A01
201200019713;0;7;0;0;2;3;1;B02
201200019714;0;7;0;0;0;2;15;A01
201200019714;0;33;0;0;0;3;1;B02
201200019715;0;7;0;2;0;8;1;A01
201200019716;0;7;0;13;0;1;1;A01
201200019717;0;7;0;0;1;1;1;A01
201200019718;0;14;0;0;2;3;1;A01
201200019718;0;7;0;0;0;4;15;B02
201200019719;0;7;0;0;2;8;15;A01
201200019719;0;7;0;0;2;1;1;B02
201200019720;0;7;0;0;1;2;15;A01
201200019721;0;7;0;0;1;1;1;A01
201200019722;0;7;0;0;2;4;9;A01
201200019722;0;33;0;0;2;1;2;B02
201200019723;0;7;0;0;2;1;1;B02
201200019723;0;7;0;0;2;7;13;A01
201200019724;0;7;0;13;0;4;13;A01
201200019725;0;33;0;2;0;1;0;A01
201200019726;0;1;0;0;0;8;2;A01
201200019727;0;33;0;13;0;7;14;A01
201200019728;0;33;0;13;0;1;1;A01
201200019729;0;31;0;0;2;1;13;A01
201200019729;0;7;0;0;2;2;1;B02
201200019730;0;7;0;8;0;8;1;A01
201200019731;0;10;0;2;0;1;1;A01
201200019732;0;33;0;0;0;0;1;A01
201200019733;0;7;0;0;2;1;2;A01
201200019733;0;7;0;0;2;6;1;B02
201200019733;0;7;0;0;2;4;1;C03
201200019734;0;33;0;0;2;1;1;B02
201200019734;0;7;0;0;2;6;1;A01
201200019735;0;7;0;0;2;1;1;C03
201200019735;0;7;0;0;2;3;1;B02
201200019735;0;7;0;0;2;3;13;A01
201200019736;0;33;0;3;0;1;1;A01
201200019737;0;7;0;2;0;1;1;A01
201200019738;0;7;0;0;2;1;1;A01
201200019738;0;7;0;0;2;3;1;B02
201200019739;0;21;0;0;2;4;2;A01
201200019739;0;10;0;0;2;1;2;B02
201200019740;0;7;0;0;2;1;1;A01
201200019740;0;7;0;0;2;8;1;B02
201200019740;0;33;0;0;0;4;1;C03
201200019741;0;7;0;10;0;3;0;A01
201200019742;0;31;0;0;0;1;1;A01
201200019743;0;7;0;13;0;1;19;A01
201200019744;0;7;0;0;2;1;1;A01
201200019744;0;7;0;0;2;3;16;B02
201200019745;0;7;0;0;2;7;13;A01
201200019745;0;7;0;0;2;2;1;C03
201200019745;0;99;0;0;2;3;1;B02
201200019746;0;33;0;0;2;1;1;B02
201200019746;0;14;0;0;2;3;1;A01
201200019747;0;33;0;0;0;3;1;A01
201200019748;0;7;0;0;1;3;1;A01
201200019749;0;7;0;0;2;8;19;A01
201200019749;0;32;0;0;2;1;1;B02
201200019750;0;14;0;0;0;6;15;B02
201200019750;0;2;0;0;2;1;17;A01
201200019751;0;2;0;0;2;1;13;A01
201200019751;0;7;0;0;2;3;1;B02
201200019752;0;33;0;3;0;1;17;A01
201200019753;0;32;0;0;2;1;3;A01
201200019753;0;7;0;0;0;8;15;B02
201200019754;0;7;0;0;0;5;15;A01
201200019754;0;2;0;0;0;1;1;B02
201200019755;0;33;0;0;2;8;1;A01
201200019756;0;7;0;0;2;5;19;B02
201200019756;0;7;0;0;2;1;1;A01
201200019757;0;7;0;2;0;1;1;A01
201200019758;0;10;0;0;2;2;1;A01
201200019758;0;2;0;0;2;2;12;B02
201200019759;0;7;0;0;1;5;21;A01
201200019760;0;7;0;0;2;3;15;A01
201200019760;0;7;0;0;2;3;1;B02
201200019761;0;7;0;0;1;1;15;A01
201200019762;0;7;0;0;1;3;0;A01
201200019763;0;7;0;0;2;3;1;C03
201200019763;0;33;0;0;2;1;1;A01
201200019763;0;7;0;0;2;4;10;B02
201200019764;0;7;0;3;0;1;14;A01
201200019765;0;7;0;0;0;3;1;B02
201200019765;0;15;0;0;0;3;13;A01
201200019766;0;14;0;0;2;3;1;A01
201200019766;0;7;0;0;2;1;13;B02
201200019767;0;7;0;0;2;1;2;A01
201200019767;0;7;0;0;2;4;2;B02
201200019768;0;38;14;0;0;0;1;A01
201200019769;0;33;0;0;0;1;1;A01
201200019769;0;30;0;9;0;3;19;B02
201200019770;0;33;0;16;0;7;1;A01
201200019771;0;7;0;0;2;4;2;A01
201200019771;0;1;0;0;2;4;2;B02
201200019772;0;33;0;13;0;0;1;A01
201200019773;0;7;0;13;0;2;0;A01
201200019774;0;33;0;3;0;7;2;A01
201200019775;0;7;0;0;2;3;13;A01
201200019775;0;7;0;0;2;1;1;B02
201200019775;0;7;0;0;2;3;1;C03
201200019776;0;7;0;0;2;1;17;A01
201200019776;0;7;0;0;2;1;1;B02
201200019777;0;2;0;12;0;7;1;A01
201200019778;0;2;0;0;2;3;1;A01
201200019778;0;7;0;0;2;6;9;B02
201200019779;0;7;0;6;0;2;14;A01
201200019780;0;14;0;0;0;8;15;A01
201200019781;0;7;0;0;0;1;0;A01
201200019781;0;7;0;0;0;1;0;B02
201200019782;0;7;0;0;2;7;13;A01
201200019782;0;7;0;0;2;1;1;B02
201200019783;0;7;0;6;0;0;1;A01
201200019784;0;7;0;0;2;3;1;A01
201200019784;0;1;0;0;2;7;15;B02
201200019785;0;33;0;0;2;1;1;A01
201200019785;0;7;0;0;2;6;15;B02
201200019786;0;7;0;6;0;1;1;A01
201200019787;0;33;0;0;2;1;1;A01
201200019787;0;10;0;0;2;8;15;B02
201200019788;0;33;0;12;0;5;1;A01
201200019789;0;7;0;8;0;1;1;A01
201200019790;0;7;0;0;2;1;1;B02
201200019790;0;7;0;0;2;2;15;A01
201200019791;0;7;0;2;2;4;1;B02
201200019791;0;7;0;0;2;1;17;A01
201200019792;0;7;0;0;2;1;1;B02
201200019792;0;7;0;0;2;1;1;A01
201200019793;0;7;0;12;0;3;1;A01
201200019794;0;15;0;15;0;1;1;A01
201200019795;0;10;0;0;2;2;2;A01
201200019795;0;10;0;0;0;6;2;B02
201200019796;0;33;0;0;0;0;21;A01
201200019797;0;7;0;2;0;1;1;A01
201200019798;0;33;0;0;2;1;1;B02
201200019798;0;7;0;0;2;3;15;A01
201200019799;0;7;0;0;2;5;13;A01
201200019799;0;7;0;0;0;1;0;B02
201200019800;0;10;0;2;0;1;1;A01
201200019801;0;7;0;0;2;1;1;B02
201200019801;0;33;0;0;2;1;13;A01
201200019802;0;7;0;0;2;7;19;A01
201200019802;0;37;0;0;2;2;1;B02
201200019803;0;7;0;0;2;1;19;A01
201200019803;0;7;0;0;2;5;1;B02
201200019804;0;1;0;0;2;4;1;A01
201200019804;0;7;0;0;2;1;1;B02
201200019805;0;33;0;15;0;7;1;A01
201200019806;0;1;0;0;2;8;15;A01
201200019806;0;7;0;0;2;1;1;B02
201200019807;0;7;0;0;2;1;1;A01
201200019807;0;1;0;0;2;8;19;B02
201200019808;0;33;0;13;6;1;21;A01
201200019809;0;7;0;0;2;3;19;A01
201200019809;0;33;0;0;2;7;1;B02
201200019810;0;7;0;0;2;1;1;B02
201200019810;0;7;0;0;2;3;15;A01
201200019811;0;10;0;0;1;2;1;A01
201200019812;0;7;0;8;0;9;0;A01
201200019813;0;7;0;0;2;4;15;A01
201200019813;0;7;0;0;2;1;1;C03
201200019813;0;10;0;0;2;1;1;B02
201200019814;0;7;0;6;0;7;0;A01
201200019815;0;1;0;0;0;4;1;B02
201200019815;0;10;0;0;9;2;1;A01
201200019816;0;7;0;0;1;1;15;A01
201200019817;0;7;0;2;0;3;13;A01
201200019818;0;30;0;0;2;1;1;A01
201200019818;0;10;0;0;2;3;17;B02
201200019819;0;14;0;13;0;1;1;A01
201200019820;0;14;0;0;2;3;13;A01
201200019820;0;10;0;0;2;3;0;B02
201200019821;0;31;0;0;2;2;2;A01
201200019821;0;14;0;0;0;5;15;B02
201200019822;0;33;0;0;2;7;1;A01
201200019822;0;7;0;0;2;1;15;B02
201200019823;0;7;0;13;0;3;1;A01
201200019824;0;2;0;0;2;1;1;B02
201200019824;0;7;0;0;2;3;17;A01
201200019825;0;7;0;0;2;3;1;B02
201200019825;0;7;0;0;2;3;13;A01
201200019826;0;7;0;13;2;1;1;C03
201200019826;0;21;0;0;2;3;1;B02
201200019826;0;7;0;0;2;1;17;A01
201200019827;0;7;0;0;2;3;1;B02
201200019827;0;7;0;0;2;3;17;A01
201200019828;0;7;0;13;0;1;14;A01
201200019829;0;10;0;0;2;2;21;A01
201200019829;0;13;0;0;0;6;1;B02
201200019830;0;7;0;13;0;1;1;B02
201200019830;0;7;0;3;0;8;1;A01
201200019831;0;7;0;13;0;2;1;A01
201200019832;0;7;0;13;0;1;1;A01
201200019833;0;7;0;0;2;3;13;A01
201200019833;0;7;0;0;2;3;1;B02
201200019834;0;7;0;0;2;3;0;A01
201200019834;0;99;0;0;2;3;0;B02
201200019835;0;7;0;0;2;3;1;B02
201200019835;0;7;0;0;2;1;1;A01
201200019836;0;7;0;0;2;2;19;A01
201200019836;0;1;0;0;2;8;1;B02
201200019837;0;7;0;0;6;1;2;A01
201200019838;0;7;0;0;2;1;1;A01
201200019838;0;7;0;0;2;6;9;B02
201200019839;0;7;0;2;0;7;13;A01
201200019840;0;33;0;0;2;1;17;A01
201200019840;0;30;0;0;0;6;15;B02
201200019841;0;33;0;1;0;1;1;A01
201200019841;0;7;0;0;2;6;23;B02
201200019842;0;7;0;0;2;3;19;B02
201200019842;0;7;0;0;2;2;1;A01
201200019843;0;7;0;13;0;9;1;A01
201200019844;0;33;0;0;2;1;1;A01
201200019844;0;7;0;0;2;4;1;B02
201200019845;0;33;0;0;0;7;1;A01
201200019846;0;7;0;0;2;8;1;B02
201200019846;0;7;0;0;2;1;1;A01
201200019847;0;7;0;2;0;3;13;A01
201200019848;0;7;0;0;2;1;1;A01
201200019848;0;21;0;0;2;6;1;B02
201200019849;0;7;0;2;0;9;13;A01
201200019850;0;7;0;0;2;7;15;A01
201200019850;0;2;0;0;2;1;1;B02
201200019851;0;30;0;12;0;1;1;A01
201200019852;0;7;0;0;1;2;13;A01
201200019853;0;2;0;0;2;1;1;B02
201200019853;0;7;0;0;2;2;19;A01
201200019854;0;7;0;0;2;1;21;B02
201200019854;0;10;0;0;2;1;13;A01
201200019855;0;30;0;0;2;6;21;A01
201200019855;0;7;0;0;2;3;13;B02
201200019856;0;33;0;13;0;0;0;A01
201200019857;0;7;0;0;2;1;13;A01
201200019857;0;7;0;0;2;1;1;B02
201200019858;0;30;0;0;2;1;1;B02
201200019858;0;21;0;0;2;5;0;A01
201200019859;0;33;0;13;0;7;1;A01
201200019860;0;7;0;0;0;1;1;B02
201200019860;0;7;0;0;0;7;19;A01
201200019861;0;7;0;0;2;8;19;A01
201200019861;0;7;0;0;2;1;1;B02
201200019862;0;10;0;0;2;5;23;B02
201200019862;0;30;0;0;2;3;21;A01
201200019863;0;7;0;2;0;3;13;A01
201200019864;0;7;0;0;2;1;1;B02
201200019864;0;15;0;0;2;2;15;A01
201200019865;0;7;0;0;9;8;1;A01
201200019865;0;2;0;0;2;1;1;B02
201200019866;0;7;0;0;2;3;15;B02
201200019866;0;31;0;0;2;1;1;A01
201200019867;0;30;0;0;1;1;13;A01
201200019868;0;30;0;0;2;1;1;B02
201200019868;0;10;0;0;2;2;19;A01
201200019869;0;7;0;0;2;3;15;A01
201200019869;0;7;0;0;2;2;1;B02
201200019870;0;7;0;0;2;3;9;A01
201200019870;0;2;0;0;2;1;1;B02
201200019871;0;33;0;0;2;8;1;B02
201200019871;0;7;0;0;2;3;15;A01
201200019872;0;31;0;16;0;1;15;A01
201200019873;0;7;0;0;2;3;10;A01
201200019873;0;33;0;0;2;1;1;B02
201200019874;0;7;0;0;2;1;1;A01
201200019874;0;3;0;0;2;8;19;B02
201200019875;0;7;0;2;0;7;13;A01
201200019876;0;31;0;3;0;7;1;A01
201200019877;0;7;0;0;2;8;1;B02
201200019877;0;7;0;0;2;3;13;A01
201200019878;0;35;0;16;0;2;1;A01
201200019879;0;2;0;0;2;1;1;A01
201200019879;0;7;0;0;2;6;10;B02
201200019880;0;7;0;13;0;9;1;A01
201200019881;0;7;0;2;0;2;1;A01
201200019882;0;31;0;1;0;2;0;A01
201200019883;0;7;0;0;1;2;1;A01
201200019884;0;33;0;0;2;1;1;B02
201200019884;0;10;0;0;2;6;10;A01
201200019885;0;31;0;0;0;1;1;B02
201200019885;0;7;0;0;2;3;9;A01
201200019886;0;7;0;2;0;1;1;A01
201200019887;0;7;0;0;2;2;1;B02
201200019887;0;7;0;0;2;8;9;A01
201200019888;0;10;0;0;0;8;1;A01
201200019889;0;2;0;0;2;3;1;A01
201200019889;0;7;0;0;2;3;13;B02
201200019890;0;38;1;0;1;4;4;A01
201200019891;0;7;0;0;2;2;19;A01
201200019891;0;17;0;0;2;0;1;B02
201200019892;0;7;0;0;0;4;15;B02
201200019892;0;7;0;0;2;1;1;A01
201200019893;0;37;1;0;2;8;15;B02
201200019893;0;30;0;0;2;1;15;A01
201200019894;0;30;0;0;2;1;19;A01
201200019894;0;7;0;0;2;2;1;B02
201200019895;0;7;0;0;2;5;15;A01
201200019895;0;33;0;0;2;1;1;B02
201200019896;0;7;0;0;2;3;21;B02
201200019896;0;7;0;0;2;2;13;A01
201200019897;0;7;0;0;2;3;13;A01
201200019897;0;33;0;0;2;1;1;B02
201200019898;0;7;0;6;0;1;13;A01
201200019899;0;7;0;0;1;1;1;A01
201200019900;0;7;0;0;2;3;1;A01
201200019900;0;7;0;0;2;3;1;B02
201200019901;0;7;0;13;0;1;13;A01
201200019902;0;7;0;6;0;1;16;A01
201200019903;0;7;0;0;2;3;1;A01
201200019903;0;7;0;0;2;1;1;B02
201200019904;0;2;0;8;0;1;1;A01
201200019905;0;33;0;8;2;1;21;A01
201200019905;0;1;0;0;2;4;21;B02
201200019906;0;7;0;0;2;7;9;A01
201200019906;0;33;0;0;2;1;1;B02
201200019907;0;7;0;0;2;8;1;B02
201200019907;0;30;0;0;2;1;1;A01
201200019908;0;7;0;0;2;3;1;B02
201200019908;0;31;0;0;2;7;19;A01
201200019909;0;7;0;0;1;3;1;A01
201200019910;0;7;0;13;0;9;1;A01
201200019911;0;7;0;0;2;3;1;B02
201200019911;0;7;0;0;2;1;13;A01
201200019912;0;10;0;0;2;1;1;A01
201200019912;0;7;0;0;2;8;16;B02
201200019913;0;7;0;0;2;7;1;A01
201200019913;0;7;0;0;2;1;1;B02
201200019914;0;7;0;0;2;1;1;B02
201200019914;0;7;0;0;2;1;5;A01
201200019915;0;7;0;0;2;1;2;A01
201200019915;0;1;0;0;0;4;1;B02
201200019916;0;33;0;0;2;1;1;A01
201200019916;0;33;0;0;0;4;1;B02
201200019917;0;7;0;0;2;2;19;A01
201200019917;0;31;0;0;2;7;21;B02
201200019918;0;33;0;8;0;1;0;A01
201200019919;0;7;0;2;0;8;13;A01
201200019920;0;7;0;6;0;8;1;A01
201200019921;0;33;0;0;2;3;21;A01
201200019921;0;7;0;0;0;6;1;B02
201200019922;0;2;0;0;2;8;1;B02
201200019922;0;7;0;0;2;1;19;A01
201200019923;0;7;0;0;2;3;13;A01
201200019923;0;17;0;0;2;3;21;B02
201200019924;0;7;0;16;0;1;1;A01
201200019925;0;10;0;0;2;8;5;A01
201200019925;0;10;0;0;2;3;1;B02
201200019926;0;7;0;2;0;2;1;A01
201200019927;0;7;0;6;0;1;1;A01
201200019928;0;7;0;0;2;1;13;A01
201200019928;0;7;0;0;2;1;1;B02
201200019929;0;33;0;0;2;1;2;A01
201200019929;0;7;0;0;0;5;2;B02
201200019930;0;7;0;0;1;2;1;A01
201200019931;0;10;0;0;2;3;13;A01
201200019931;0;33;0;0;2;3;1;B02
201200019932;0;7;0;0;2;1;1;A01
201200019932;0;7;0;0;2;7;19;B02
201200019933;0;7;0;0;1;2;0;A01
201200019934;0;7;0;0;0;3;1;A01
201200019935;0;7;0;2;0;8;13;A01
201200019936;0;7;0;0;2;3;1;A01
201200019936;0;7;0;0;2;3;1;B02
201200019936;0;7;0;0;0;6;1;C03
201200019937;0;30;0;16;0;7;10;A01
201200019938;0;31;0;0;6;1;1;A01
201200019939;0;7;0;0;9;3;1;B02
201200019939;0;1;0;0;2;1;9;A01
201200019940;0;3;0;15;0;1;1;A01
201200019941;0;7;0;0;1;3;1;A01
201200019942;0;7;0;0;2;3;1;B02
201200019942;0;7;0;0;2;8;19;A01
201200019943;0;7;0;8;0;2;1;A01
201200019944;0;7;0;0;1;1;1;A01
201200019945;0;7;0;2;0;8;1;A01
201200019946;0;7;0;0;2;3;1;B02
201200019946;0;7;0;0;2;3;13;A01
201200019947;0;30;0;8;0;1;13;A01
201200019948;0;7;0;0;2;2;13;A01
201200019948;0;14;0;0;2;1;1;B02
201200019949;0;7;0;0;2;8;1;B02
201200019949;0;7;0;0;2;1;19;A01
201200019950;0;1;0;0;2;8;19;A01
201200019950;0;7;0;0;2;3;15;B02
201200019951;0;7;0;0;2;2;2;A01
201200019951;0;2;0;0;2;4;1;B02
201200019952;0;10;0;0;9;3;0;A01
201200019952;0;1;0;0;2;3;1;B02
201200019953;0;7;0;16;0;9;15;A01
201200019954;0;7;0;0;0;0;1;A01
201200019955;0;30;0;0;2;8;21;B02
201200019955;0;7;0;0;2;1;6;A01
201200019956;0;7;0;0;1;2;2;A01
201200019957;0;7;0;2;0;3;1;A01
201200019958;0;7;0;0;0;9;1;A01
201200019959;0;15;0;3;0;8;1;A01
201200019960;0;7;0;0;2;8;19;A01
201200019960;0;15;0;0;2;3;1;B02
201200019961;0;7;0;0;2;3;13;A01
201200019961;0;7;0;0;2;3;1;B02
201200019962;0;7;0;6;0;1;14;A01
201200019963;0;30;0;0;0;0;1;A01
201200019964;0;7;0;2;0;7;1;A01
201200019965;0;7;0;6;0;7;0;A01
201200019966;0;10;0;0;2;8;0;A01
201200019966;0;10;0;0;2;1;19;B02
201200019967;0;7;0;2;0;1;1;A01
201200019968;0;7;0;0;2;3;15;A01
201200019968;0;7;0;0;2;7;1;B02
201200019968;0;10;0;0;2;1;15;C03
201200019969;0;7;0;0;0;9;1;A01
201200019970;0;30;0;0;2;1;1;B02
201200019970;0;10;0;0;2;2;15;A01
201200019971;0;7;0;0;2;8;0;B02
201200019971;0;7;0;0;2;1;1;A01
201200019972;0;10;0;2;0;2;14;A01
201200019973;0;7;0;0;2;1;1;B02
201200019973;0;30;0;0;2;1;5;A01
201200019974;0;7;0;0;1;1;1;A01
201200019975;0;7;0;0;2;1;1;C03
201200019975;0;10;0;0;2;1;1;A01
201200019975;0;7;0;0;2;1;1;B02
201200019976;0;7;0;0;2;1;1;B02
201200019976;0;7;0;0;2;7;19;A01
201200019977;0;7;0;0;1;2;1;A01
201200019978;0;36;0;0;0;0;16;A01
201200019979;0;7;0;6;0;8;1;A01
201200019980;0;7;0;2;0;3;1;A01
201200019981;0;7;0;2;0;2;1;A01
201200019982;0;15;0;0;2;1;1;B02
201200019982;0;7;0;0;2;7;19;A01
201200019983;0;7;0;0;2;1;1;A01
201200019983;0;15;0;0;2;7;19;B02
201200019984;0;30;0;0;1;1;1;A01
201200019985;0;7;0;3;0;3;1;A01
201200019986;0;7;0;4;0;7;2;A01
201200019987;0;7;0;0;0;2;1;A01
201200019988;0;10;0;0;2;3;1;B02
201200019988;0;10;0;0;2;3;1;A01
201200019989;0;7;0;0;1;3;1;A01
201200019990;0;7;0;13;0;9;1;A01
201200019991;0;7;0;16;0;2;13;A01
201200019992;0;30;0;0;2;1;2;A01
201200019992;0;7;0;0;2;3;1;B02
201200019993;0;33;0;0;6;1;0;A01
201200019994;0;7;0;0;0;2;1;A01
201200019994;0;1;0;0;0;4;1;B02
201200019995;0;14;0;0;2;3;1;B02
201200019995;0;7;0;0;2;3;13;A01
201200019996;0;1;0;0;2;1;1;B02
201200019996;0;7;0;0;2;2;15;A01
201200019997;0;1;0;0;0;3;1;B02
201200019997;0;1;0;0;0;3;1;C03
201200019997;0;7;0;0;0;7;13;A01
201200019998;0;31;0;12;9;1;14;A01
201200019999;0;10;0;9;1;2;14;A01
201200020000;0;7;0;2;0;9;13;A01
201200020001;0;1;0;0;2;1;1;B02
201200020001;0;7;0;0;9;3;13;A01
201200020002;0;7;0;13;0;1;1;A01
201200020003;0;7;0;6;0;2;1;A01
201200020004;0;7;0;0;2;7;19;B02
201200020004;0;10;0;0;2;1;1;A01
201200020005;0;1;0;0;2;1;1;B02
201200020005;1;10;0;0;0;5;1;A01
201200020006;0;30;0;0;2;1;2;B02
201200020006;0;30;0;0;2;4;2;A01
201200020007;0;7;0;0;0;0;23;C03