num_acc;senc;catv;occutc;obs;obsm;choc;manv;num_veh
201200020007;0;7;0;0;2;5;15;A01
201200020007;0;33;0;0;0;1;1;B02
201200020008;0;7;0;0;2;8;19;A01
201200020008;0;32;0;0;0;0;1;B02
201200020009;0;30;0;0;2;4;2;B02
201200020009;0;7;0;0;2;2;2;A01
201200020010;0;7;0;0;2;2;9;B02
201200020010;0;33;0;0;2;1;1;A01
201200020011;0;7;0;0;1;3;1;A01
201200020012;0;7;0;0;2;8;15;A01
201200020012;0;31;0;0;2;1;17;B02
201200020013;0;33;0;0;2;1;13;A01
201200020013;0;7;0;0;0;3;1;B02
201200020014;0;7;0;0;2;8;5;B02
201200020014;0;7;0;0;2;8;1;A01
201200020014;0;33;0;0;2;8;1;C03
201200020015;0;2;0;0;2;3;13;A01
201200020015;0;7;0;0;2;3;1;B02
201200020016;0;7;0;2;0;9;13;A01
201200020017;0;7;0;0;2;8;15;A01
201200020017;0;33;0;0;2;7;17;B02
201200020018;2;7;0;9;0;7;13;A01
201200020019;0;7;0;0;1;3;1;A01
201200020019;0;38;5;0;1;1;1;B02
201200020020;0;7;0;0;2;1;17;A01
201200020020;0;7;0;0;2;1;1;B02
201200020021;0;7;0;0;2;1;1;A01
201200020021;0;7;0;0;2;1;13;B02
201200020022;0;7;0;0;0;8;19;B02
201200020022;0;33;0;0;2;1;1;A01
201200020023;0;7;0;0;2;1;1;A01
201200020023;0;7;0;0;2;4;1;C03
201200020023;0;7;0;0;0;4;0;B02
201200020024;0;7;0;0;2;1;17;A01
201200020024;0;33;0;0;2;4;15;B02
201200020025;0;31;0;0;2;1;1;B02
201200020025;0;14;0;0;2;3;15;A01
201200020026;0;7;0;0;2;3;1;A01
201200020026;0;7;0;0;2;3;1;B02
201200020027;0;7;0;0;2;3;13;A01
201200020027;0;7;0;0;2;3;1;B02
201200020028;0;7;0;0;0;9;1;A01
201200020029;0;7;0;0;1;2;1;A01
201200020030;0;2;0;0;2;3;13;A01
201200020030;0;2;0;0;2;3;1;B02
201200020031;0;33;0;0;2;1;5;A01
201200020031;0;7;0;0;2;1;1;B02
201200020032;0;33;0;0;1;1;1;A01
201200020033;0;15;0;0;0;7;21;B02
201200020033;0;7;0;0;0;1;15;A01
201200020034;0;7;0;0;2;8;19;A01
201200020034;0;7;0;0;2;1;1;B02
201200020035;0;31;0;0;2;3;1;A01
201200020035;0;21;0;0;2;1;1;B02
201200020036;0;7;0;6;0;8;1;A01
201200020037;0;7;0;0;2;1;1;B02
201200020037;0;7;0;0;2;1;13;A01
201200020038;0;10;0;0;0;1;1;A01
201200020038;0;21;0;0;0;4;1;B02
201200020039;0;7;0;11;0;3;1;A01
201200020040;0;36;0;2;0;2;14;A01
201200020041;0;7;0;0;2;1;13;A01
201200020041;0;7;0;0;2;1;1;B02
201200020042;0;7;0;8;0;3;1;A01
201200020043;0;7;0;2;0;3;1;A01
201200020044;0;30;0;3;0;7;14;A01
201200020045;0;33;0;2;0;1;1;A01
201200020046;0;3;0;0;2;8;1;B02
201200020046;0;7;0;0;2;2;19;A01
201200020047;0;38;1;0;2;3;1;B02
201200020047;0;7;0;0;2;3;13;A01
201200020048;0;7;0;0;2;3;1;C03
201200020048;0;7;0;0;2;1;1;B02
201200020048;0;7;0;0;2;3;13;A01
201200020049;0;2;0;0;2;1;1;B02
201200020049;0;7;0;0;0;3;15;A01
201200020050;0;21;0;0;2;3;15;B02
201200020050;0;1;0;0;2;1;1;A01
201200020051;0;10;0;0;2;3;1;B02
201200020051;0;30;0;0;2;3;5;A01
201200020052;0;7;0;6;0;1;1;A01
201200020053;0;7;0;0;2;2;1;B02
201200020053;0;7;0;0;2;2;13;A01
201200020054;0;7;0;2;0;8;1;A01
201200020055;0;7;0;0;0;3;1;A01
201200020055;0;7;0;0;0;3;1;B02
201200020056;0;7;0;1;0;4;0;B02
201200020056;0;30;0;0;0;1;1;A01
201200020057;0;7;0;0;1;2;1;A01
201200020058;0;7;0;0;2;5;16;B02
201200020058;0;33;0;0;2;1;2;A01
201200020059;0;7;0;6;0;3;1;A01
201200020060;0;7;0;2;0;5;13;A01
201200020061;0;7;0;2;0;1;0;A01
201200020062;0;7;0;0;2;1;1;A01
201200020062;0;7;0;0;0;7;9;B02
201200020063;0;7;0;0;2;2;1;A01
201200020063;0;7;0;0;2;8;19;B02
201200020064;0;7;0;0;1;1;16;A01
201200020065;0;7;0;13;0;3;13;A01
201200020066;0;10;0;0;2;1;1;A01
201200020066;0;10;0;0;2;4;2;B02
201200020067;0;10;0;0;2;3;17;B02
201200020067;0;7;0;0;2;3;13;A01
201200020068;0;7;0;2;0;8;14;A01
201200020069;0;7;0;0;2;7;14;A01
201200020069;0;7;0;3;2;8;1;B02
201200020070;0;33;0;0;2;1;1;B02
201200020070;0;7;0;0;2;7;19;A01
201200020071;0;33;0;0;0;8;21;A01
201200020072;0;2;0;0;0;0;1;C03
201200020072;0;7;0;0;2;1;17;A01
201200020072;0;7;0;0;2;1;1;B02
201200020073;0;10;0;0;1;3;20;A01
201200020074;0;7;0;0;2;7;1;B02
201200020074;0;7;0;0;2;3;19;A01
201200020075;0;1;0;0;2;8;15;A01
201200020075;0;7;0;0;2;1;19;B02
201200020076;0;33;0;0;2;1;17;B02
201200020076;0;7;0;0;2;3;11;A01
201200020077;0;7;0;6;0;5;1;A01
201200020078;0;7;0;0;2;3;15;A01
201200020078;0;7;0;0;0;2;17;B02
201200020079;0;39;0;0;4;1;1;B02
201200020079;0;7;0;0;0;7;1;A01
201200020080;0;7;0;13;0;1;1;A01
201200020081;0;7;0;0;2;3;15;A01
201200020081;0;32;0;0;2;1;1;B02
201200020082;0;7;0;8;0;1;1;A01
201200020083;0;7;0;0;2;8;15;A01
201200020083;0;2;0;0;2;1;1;B02
201200020084;0;7;0;0;0;3;13;A01
201200020084;0;7;0;0;0;3;1;B02
201200020085;0;7;0;2;0;1;0;A01
201200020086;0;7;0;0;1;3;15;A01
201200020087;0;7;0;0;1;2;1;A01
201200020088;0;7;0;13;0;9;1;A01
201200020089;0;7;0;0;2;1;14;B02
201200020089;0;7;0;0;2;6;15;A01
201200020090;0;21;0;0;0;6;1;B02
201200020090;0;7;0;0;2;1;2;A01
201200020091;0;33;0;0;2;1;1;B02
201200020091;0;7;0;0;2;5;19;A01
201200020092;0;10;0;0;0;0;1;A01
201200020093;0;7;0;0;2;7;1;B02
201200020093;0;7;0;0;2;1;1;A01
201200020094;0;7;0;0;2;3;1;B02
201200020094;0;7;0;0;2;3;1;A01
201200020095;0;33;0;0;2;1;1;A01
201200020095;0;7;0;0;2;3;15;B02
201200020096;0;7;0;0;2;1;5;B02
201200020096;0;7;0;0;2;1;5;A01
201200020097;0;7;0;0;2;2;15;A01
201200020097;0;7;0;0;2;1;1;B02
201200020098;0;7;0;0;2;2;1;A01
201200020098;0;7;0;0;2;3;16;B02
201200020099;0;7;0;0;2;2;1;A01
201200020099;0;7;0;0;2;3;1;B02
201200020100;0;32;0;0;2;1;2;B02
201200020100;0;20;0;0;2;6;2;A01
201200020100;0;14;0;14;0;6;2;C03
201200020101;0;7;0;13;0;1;1;A01
201200020102;0;7;0;0;2;1;1;B02
201200020102;0;7;0;0;0;1;1;A01
201200020103;0;7;0;0;1;1;1;A01
201200020104;0;33;0;6;0;1;1;A01
201200020105;0;7;0;0;2;1;13;A01
201200020105;0;13;0;0;2;1;1;B02
201200020106;0;7;0;0;2;3;1;C03
201200020106;0;7;0;0;2;3;13;A01
201200020106;0;7;0;0;2;3;1;B02
201200020107;0;7;0;0;2;1;1;B02
201200020107;0;15;0;2;0;1;1;A01
201200020108;0;33;0;2;0;7;1;A01
201200020109;0;7;0;0;2;3;13;A01
201200020109;0;33;0;0;2;1;1;B02
201200020110;0;7;0;0;2;1;1;B02
201200020110;0;2;0;0;2;8;9;A01
201200020111;0;33;0;0;2;4;2;B02
201200020111;0;33;0;0;2;1;2;A01
201200020112;0;33;0;0;0;2;1;A01
201200020112;0;7;0;0;0;3;15;B02
201200020113;0;7;0;6;0;7;1;A01
201200020114;0;30;0;0;2;1;1;A01
201200020114;0;14;0;0;2;2;15;B02
201200020115;0;7;0;2;0;9;1;A01
201200020116;0;7;0;16;0;0;1;A01
201200020117;0;33;0;0;6;2;1;A01
201200020118;0;7;0;0;0;7;19;A01
201200020118;0;7;0;0;2;3;1;B02
201200020119;0;7;0;0;1;6;1;A01
201200020120;0;7;0;3;9;1;1;A01
201200020121;0;33;0;14;0;2;14;A01
201200020122;0;33;0;0;2;1;17;A01
201200020122;0;7;0;0;2;3;15;B02
201200020123;0;33;0;0;2;1;2;A01
201200020123;0;15;0;0;2;5;2;B02
201200020124;0;21;0;0;2;8;15;A01
201200020124;0;31;0;0;2;1;17;B02
201200020125;0;7;0;8;0;3;1;A01
201200020126;0;7;0;0;2;1;19;A01
201200020126;0;33;0;0;2;7;1;B02
201200020127;0;30;0;8;0;7;1;A01
201200020128;0;7;0;0;1;1;1;A01
201200020129;0;7;0;2;2;5;13;A01
201200020129;0;7;0;0;2;2;1;B02
201200020130;0;7;0;13;0;1;1;A01
201200020131;0;7;0;0;2;3;13;A01
201200020131;0;7;0;0;2;6;1;B02
201200020131;0;33;0;0;2;1;1;C03
201200020132;0;7;0;0;2;3;13;A01
201200020132;0;7;0;0;2;1;1;B02
201200020133;0;7;0;0;2;8;15;A01
201200020133;0;30;0;0;2;7;17;B02
201200020134;0;33;0;0;0;2;1;A01
201200020135;0;7;0;0;9;7;15;A01
201200020135;0;1;0;0;2;1;1;B02
201200020136;0;33;0;0;2;1;13;A01
201200020136;0;7;0;0;2;1;1;B02
201200020137;0;30;0;0;2;3;16;A01
201200020137;0;7;0;0;2;2;1;B02
201200020138;0;30;0;0;0;0;2;A01
201200020139;0;7;0;8;0;8;1;A01
201200020140;0;7;0;0;2;3;15;A01
201200020140;0;33;0;0;2;1;1;B02
201200020141;0;7;0;0;2;7;17;A01
201200020141;0;31;0;0;2;7;13;B02
201200020142;0;7;0;0;2;3;13;A01
201200020142;0;10;0;0;2;3;1;B02
201200020143;0;2;0;0;2;7;13;A01
201200020143;0;7;0;0;9;2;19;B02
201200020144;0;7;0;0;1;3;1;A01
201200020145;0;33;0;0;2;1;1;A01
201200020145;0;7;0;0;2;2;15;B02
201200020146;0;7;0;0;0;7;15;A01
201200020146;0;33;0;0;0;3;1;B02
201200020147;0;7;0;0;2;3;15;A01
201200020147;0;7;0;0;2;8;1;B02
201200020148;0;7;0;0;2;2;9;A01
201200020148;0;2;0;0;2;1;21;B02
201200020148;0;7;0;0;2;1;23;C03
201200020149;0;2;0;0;2;1;1;A01
201200020149;0;7;0;0;0;3;15;B02
201200020150;0;1;0;0;5;1;1;B02
201200020151;0;7;0;0;2;3;13;A01
201200020151;0;7;0;0;2;8;1;B02
201200020152;0;7;0;0;2;3;1;B02
201200020152;0;7;0;0;2;3;13;A01
201200020153;0;13;0;13;0;1;1;A01
201200020154;1;7;0;0;1;3;1;A01
201200020155;0;7;0;7;0;1;1;A01
201200020156;0;7;0;5;0;2;1;A01
201200020157;0;7;0;6;0;1;13;A01
201200020158;0;7;0;0;2;3;5;A01
201200020158;0;33;0;0;0;1;1;B02
201200020159;0;7;0;0;2;3;19;A01
201200020159;0;33;0;0;2;1;1;B02
201200020160;0;7;0;0;2;2;1;A01
201200020160;0;30;0;0;2;1;15;B02
201200020161;0;33;0;7;0;1;1;A01
201200020162;0;7;0;0;2;6;17;A01
201200020162;0;33;0;0;2;1;17;B02
201200020163;0;7;0;0;9;4;20;A01
201200020163;0;1;0;0;2;1;1;B02
201200020164;0;7;0;0;2;3;13;A01
201200020164;0;7;0;0;2;8;1;B02
201200020165;0;34;0;0;5;3;1;A01
201200020166;0;10;0;0;2;6;13;A01
201200020166;0;10;0;0;2;1;1;B02
201200020167;0;7;0;0;2;3;5;A01
201200020167;0;7;0;0;2;3;1;B02
201200020168;0;7;0;0;0;6;10;A01
201200020168;0;33;0;0;2;1;17;B02
201200020169;0;30;0;12;0;1;1;A01
201200020170;0;33;0;3;0;8;13;A01
201200020171;0;33;0;10;2;8;18;A01
201200020171;0;7;0;0;2;7;16;B02
201200020172;0;7;0;0;2;1;1;A01
201200020172;0;7;0;0;2;1;1;B02
201200020173;0;7;0;6;0;2;1;A01
201200020174;0;7;0;0;2;3;1;A01
201200020174;0;7;0;0;2;3;1;B02
201200020175;0;7;0;0;2;1;13;A01
201200020175;0;14;0;0;2;1;1;B02
201200020176;0;7;0;0;2;3;13;A01
201200020176;0;7;0;0;2;6;1;B02
201200020177;0;33;0;0;2;1;2;A01
201200020177;0;31;0;0;2;4;2;B02
201200020178;0;33;0;16;0;0;1;A01
201200020179;0;10;0;0;1;4;4;A01
201200020180;0;7;0;0;1;3;15;A01
201200020181;0;7;0;0;1;1;15;A01
201200020182;0;7;0;0;2;1;13;A01
201200020182;0;7;0;0;2;1;21;B02
201200020182;0;7;0;0;2;1;0;C03
201200020182;0;7;0;0;2;6;21;D04
201200020183;0;33;0;14;0;0;1;A01
201200020184;0;2;0;0;2;0;1;A01
201200020184;0;14;0;0;2;3;15;B02
201200020185;0;7;0;0;1;1;1;A01
201200020186;0;7;0;0;1;3;1;A01
201200020187;0;7;0;0;2;3;5;B02
201200020187;0;7;0;0;2;3;1;A01
201200020188;0;15;0;0;2;1;1;C03
201200020188;0;7;0;0;2;1;1;B02
201200020188;0;7;0;0;2;8;9;A01
201200020189;0;7;0;0;2;3;13;A01
201200020189;0;14;0;0;2;3;1;B02
201200020190;0;7;0;0;9;0;2;A01
201200020190;0;1;0;0;2;4;2;B02
201200020191;1;99;0;0;1;0;0;Z02
201200020192;0;7;0;0;2;4;1;B02
201200020192;0;7;0;0;2;1;1;A01
201200020193;0;7;0;0;2;3;15;B02
201200020193;0;30;0;0;2;1;1;A01
201200020194;0;7;0;0;2;3;13;A01
201200020194;0;7;0;0;2;3;13;B02
201200020195;0;7;0;0;1;4;20;A01
201200020196;0;7;0;0;2;1;1;C03
201200020196;0;7;0;0;2;7;13;A01
201200020196;0;7;0;0;2;7;1;B02
201200020197;0;7;0;0;2;7;1;B02
201200020197;0;7;0;0;2;1;1;A01
201200020198;0;10;0;0;2;3;1;D04
201200020198;0;7;0;0;2;1;1;B02
201200020198;0;7;0;0;2;1;5;A01
201200020198;0;7;0;0;2;3;1;C03
201200020199;0;7;0;0;2;6;15;A01
201200020199;0;10;0;0;0;1;1;B02
201200020200;0;2;0;0;2;2;17;A01
201200020200;0;21;0;0;0;8;17;B02
201200020201;0;7;0;13;0;3;1;A01
201200020202;0;10;0;0;2;2;13;A01
201200020202;0;33;0;0;2;1;1;B02
201200020203;0;10;0;0;2;3;23;C03
201200020203;0;7;0;0;0;2;1;A01
201200020203;0;7;0;0;2;3;1;B02
201200020204;0;33;0;0;2;1;15;A01
201200020204;0;7;0;0;2;3;1;B02
201200020205;0;7;0;13;0;1;1;A01
201200020206;0;7;0;0;2;1;1;B02
201200020206;0;7;0;0;2;7;15;A01
201200020207;0;7;0;0;1;2;16;A01
201200020208;0;7;0;0;0;3;15;A01
201200020208;0;33;0;0;2;1;1;B02
201200020209;0;33;0;0;2;7;3;A01
201200020209;0;7;0;0;2;3;1;C03
201200020209;0;7;0;0;2;8;1;B02
201200020210;0;1;0;0;2;1;1;B02
201200020210;0;7;0;0;2;5;9;A01
201200020211;0;14;0;0;2;3;15;A01
201200020211;0;33;0;0;2;1;17;B02
201200020212;0;33;0;0;0;0;1;A01
201200020213;0;33;0;0;2;1;17;A01
201200020213;0;7;0;0;2;3;15;B02
201200020214;0;1;0;0;2;1;19;A01
201200020214;0;7;0;0;2;1;1;B02
201200020215;0;7;0;0;2;8;1;C03
201200020215;0;7;0;0;2;2;9;A01
201200020215;0;7;0;0;2;2;1;B02
201200020216;0;7;0;13;0;9;17;A01
201200020217;0;7;0;0;2;1;1;B02
201200020217;0;33;0;0;2;1;1;A01
201200020218;0;31;0;0;0;8;15;A01
201200020219;0;33;0;0;2;1;1;A01
201200020219;0;7;0;0;2;3;1;B02
201200020220;0;7;0;13;0;1;1;A01
201200020221;0;7;0;2;0;2;1;A01
201200020222;0;7;0;0;2;8;15;A01
201200020222;0;33;0;0;2;3;1;B02
201200020223;0;7;0;0;2;7;15;A01
201200020223;0;7;0;0;2;1;1;B02
201200020224;0;7;0;0;2;6;15;A01
201200020224;0;33;0;0;2;1;1;B02
201200020225;0;10;0;0;2;5;15;A01
201200020225;0;31;0;0;2;1;1;B02
201200020226;0;7;0;6;0;7;1;A01
201200020227;0;1;0;0;2;1;1;A01
201200020227;0;7;0;0;2;8;15;B02
201200020228;0;7;0;0;2;3;1;B02
201200020228;0;10;0;0;2;3;17;A01
201200020229;0;1;0;0;2;4;1;B02
201200020229;0;7;0;0;2;2;1;A01
201200020230;0;38;15;0;2;3;1;B02
201200020230;0;7;0;0;2;3;1;A01
201200020231;0;1;0;0;2;2;1;A01
201200020231;0;7;0;0;2;3;15;B02
201200020232;0;7;0;0;2;1;1;B02
201200020232;0;7;0;13;2;7;1;A01
201200020233;0;2;0;11;0;3;1;A01
201200020234;0;10;0;13;0;1;0;A01
201200020235;0;30;0;0;2;1;15;B02
201200020235;0;7;0;0;2;2;17;A01
201200020236;0;7;0;6;0;1;1;A01
201200020237;0;7;0;0;2;2;1;B02
201200020237;0;7;0;0;2;3;19;A01
201200020238;0;7;0;0;1;1;1;A01
201200020239;0;14;0;0;0;1;0;A01
201200020240;0;10;0;0;2;4;2;B02
201200020240;0;33;0;0;2;1;2;A01
201200020241;0;3;0;2;0;1;1;A01
201200020242;0;3;0;2;0;1;1;A01
201200020243;0;7;0;0;2;1;1;B02
201200020243;0;7;0;0;2;7;13;A01
201200020244;0;17;0;0;1;5;16;A01
201200020245;0;14;0;0;1;2;15;A01
201200020246;0;7;0;0;1;1;1;A01
201200020247;0;33;0;1;1;1;1;A01
201200020248;0;7;0;0;2;1;17;A01
201200020248;0;7;0;0;0;6;23;C03
201200020248;0;7;0;0;0;1;1;B02
201200020249;0;33;0;0;2;7;15;A01
201200020249;0;14;0;0;2;1;1;B02
201200020250;0;7;0;0;2;7;15;A01
201200020250;0;32;0;0;2;1;1;B02
201200020251;0;7;0;13;0;2;14;A01
201200020252;0;7;0;0;2;1;1;A01
201200020252;0;7;0;0;2;3;9;B02
201200020253;0;38;1;0;1;2;15;A01
201200020254;0;7;0;0;2;5;19;A01
201200020254;0;7;0;0;2;1;1;B02
201200020255;0;7;0;0;2;1;15;A01
201200020255;0;7;0;0;2;1;1;B02
201200020256;0;2;0;0;2;1;1;A01
201200020256;0;21;0;0;2;3;1;B02
201200020257;0;7;0;0;2;8;19;A01
201200020257;0;2;0;0;2;1;16;B02
201200020258;0;33;0;13;0;1;17;A01
201200020259;0;7;0;13;0;2;1;A01
201200020260;0;7;0;0;0;0;1;A01
201200020261;0;7;0;0;2;2;15;A01
201200020261;0;7;0;0;2;1;1;B02
201200020262;0;7;0;8;0;1;13;A01
201200020263;0;7;0;0;1;3;13;A01
201200020264;0;7;0;14;0;1;1;A01
201200020265;1;7;0;0;1;2;1;A01
201200020266;0;30;0;0;2;1;1;B02
201200020266;0;7;0;0;2;1;15;A01
201200020267;0;7;0;0;2;1;2;E05
201200020267;0;7;0;0;2;4;2;D04
201200020267;0;7;0;0;2;9;1;B02
201200020267;0;7;0;0;2;4;2;C03
201200020267;0;7;0;14;2;1;21;A01
201200020268;0;7;0;0;2;2;1;B02
201200020268;0;7;0;0;2;4;1;D04
201200020268;0;7;0;3;2;6;1;C03
201200020268;0;7;0;0;2;1;3;A01
201200020269;0;7;0;13;2;1;14;B02
201200020269;0;7;0;4;2;9;1;A01
201200020270;0;7;0;0;2;2;15;A01
201200020270;0;7;0;0;2;1;1;B02
201200020271;0;7;0;0;2;3;11;B02
201200020271;0;33;0;0;2;7;1;A01
201200020272;0;38;1;0;2;2;1;B02
201200020272;0;14;0;0;2;1;1;C03
201200020272;0;7;0;0;0;6;4;A01
201200020273;0;7;0;0;2;1;1;B02
201200020273;0;7;0;0;2;4;23;A01
201200020273;0;7;0;0;2;1;1;C03
201200020273;0;7;0;0;2;1;1;E05
201200020273;0;7;0;0;2;1;1;D04
201200020274;0;7;0;4;2;7;17;A01
201200020275;0;7;0;0;2;2;15;A01
201200020275;0;7;0;0;2;3;1;B02
201200020276;0;30;0;12;0;8;1;A01
201200020277;0;7;0;0;2;8;1;C03
201200020277;0;33;0;0;2;1;1;A01
201200020277;0;7;0;0;2;6;1;B02
201200020278;0;7;0;0;2;2;1;C03
201200020278;0;7;0;0;2;3;1;B02
201200020278;0;34;0;0;2;1;13;A01
201200020279;0;7;0;0;1;2;16;A01
201200020280;0;33;0;0;2;2;16;B02
201200020280;0;7;0;0;2;3;15;A01
201200020281;0;7;0;0;1;4;20;A01
201200020282;0;7;0;1;0;2;17;A01
201200020282;0;7;0;;2;3;22;B02
201200020283;0;7;0;6;0;1;1;A01
201200020284;0;30;0;0;5;1;0;A01
201200020285;0;30;0;0;0;0;0;A01
201200020286;0;7;0;6;0;3;1;A01
201200020287;0;33;0;3;0;1;1;A01
201200020288;0;10;0;0;2;0;1;B01
201200020288;0;31;0;0;2;1;1;A01
201200020289;0;31;0;0;2;1;13;B01
201200020289;0;7;0;0;2;3;15;A01
201200020290;0;2;0;0;0;0;1;A01
201200020291;0;7;0;0;2;1;17;A01
201200020291;0;7;0;0;2;3;1;B01
201200020292;0;7;0;0;2;6;1;A01
201200020292;0;30;0;0;2;1;1;B01
201200020293;0;7;0;13;0;2;13;A01
201200020294;0;7;0;0;2;4;2;B01
201200020294;0;7;0;0;2;1;2;A01
201200020295;0;7;0;13;0;2;1;A01
201200020296;0;33;0;3;0;1;1;A01
201200020297;0;30;0;0;0;4;18;A01
201200020297;0;1;0;0;2;4;14;B02
201200020298;0;7;0;0;2;5;15;B02
201200020298;0;33;0;0;2;1;1;A01
201200020299;0;17;0;13;2;6;1;C03
201200020299;0;17;0;0;0;0;1;A01
201200020300;0;7;0;0;0;7;19;A01
201200020300;0;30;0;0;2;1;1;B02
201200020301;0;33;0;0;2;1;2;A01
201200020301;0;7;0;0;0;5;1;B02
201200020302;0;7;0;0;9;2;1;A01
201200020302;0;1;0;0;2;1;0;B02
201200020303;0;33;0;3;0;2;17;A01
201200020304;0;7;0;0;2;1;2;A01
201200020304;0;16;0;0;2;6;2;B02
201200020305;0;7;0;0;2;3;1;B02
201200020305;0;7;0;0;2;1;13;A01
201200020306;0;30;0;0;0;0;21;A01
201200020307;0;10;0;0;2;1;2;A01
201200020307;0;7;0;0;2;4;2;B02
201200020308;0;7;0;0;0;9;1;A01
201200020309;0;7;0;0;0;0;23;C03
201200020309;0;7;0;0;0;4;23;B02
201200020309;0;7;0;1;0;1;2;A01
201200020310;0;7;0;0;2;3;13;A01
201200020310;0;7;0;0;2;2;5;B02
201200020311;0;7;0;15;0;1;1;A01
201200020312;0;33;0;0;2;1;1;B02
201200020312;0;7;0;0;2;6;20;A01
201200020313;0;33;0;0;2;9;1;B02
201200020313;0;7;0;0;2;2;1;C03
201200020313;0;7;0;0;2;1;13;A01
201200020314;0;33;0;0;0;0;1;A01
201200020315;0;7;0;3;0;1;1;A01
201200020316;0;7;0;0;2;1;1;C03
201200020316;0;14;0;0;2;3;1;B02
201200020316;0;7;0;0;2;7;17;A01
201200020317;0;7;0;0;2;8;1;B02
201200020317;0;37;0;0;2;3;1;A01
201200020318;0;7;0;16;0;9;1;A01
201200020319;0;7;0;2;0;3;1;A01
201200020320;0;7;0;3;0;7;1;A01
201200020321;0;34;0;0;2;1;2;A01
201200020321;0;7;0;0;2;8;2;B02
201200020322;0;7;0;0;0;9;14;A01
201200020323;0;33;0;0;2;9;1;B02
201200020323;0;7;0;0;2;1;15;A01
201200020324;0;7;0;8;0;8;1;A01
201200020325;0;7;0;0;1;2;1;A01
201200020326;0;7;0;2;0;8;14;A01
201200020327;0;7;0;0;2;3;1;B02
201200020327;0;7;0;6;2;3;1;A01
201200020328;0;30;0;0;2;1;13;A01
201200020328;0;7;0;0;2;2;1;B02
201200020329;0;13;0;0;2;3;1;A01
201200020329;0;7;0;0;2;8;1;B02
201200020330;0;7;0;0;0;4;23;C03
201200020330;0;7;0;0;0;4;23;B02
201200020330;0;7;0;0;2;1;1;A01
201200020331;0;2;0;0;0;1;14;A01
201200020332;0;7;0;0;0;8;1;B02
201200020332;0;2;0;0;2;1;0;A01
201200020333;0;33;0;0;2;1;1;B02
201200020333;0;10;0;0;2;5;10;A01
201200020334;0;7;0;0;2;3;1;C03
201200020334;0;7;0;0;2;7;15;A01
201200020334;0;7;0;0;2;1;1;B02
201200020335;0;1;0;0;2;4;13;B02
201200020335;0;1;0;0;2;8;1;C03
201200020335;0;7;0;0;2;2;17;A01
201200020336;0;7;0;0;0;3;13;A01
201200020337;0;7;0;0;0;3;1;A01
201200020338;0;7;0;0;2;7;19;A01
201200020338;0;7;0;0;2;1;1;B02
201200020339;0;7;0;7;0;1;1;A01
201200020340;0;7;0;2;0;9;1;A01
201200020341;0;7;0;0;2;8;13;A01
201200020341;0;33;0;0;2;8;1;B02
201200020342;0;10;0;0;0;6;1;A01
201200020342;0;33;0;0;2;1;2;B02
201200020343;0;7;0;0;2;3;1;B02
201200020343;0;7;0;0;2;3;17;A01
201200020344;0;7;0;0;2;1;13;A01
201200020344;0;7;0;0;2;1;1;B02
201200020345;0;7;0;16;0;9;1;A01
201200020346;0;7;0;2;0;1;1;A01
201200020347;0;7;0;0;2;3;1;B02
201200020347;0;7;0;0;2;3;1;A01
201200020348;0;15;0;0;2;7;15;A01
201200020348;0;2;0;0;2;1;1;B02
201200020349;0;17;0;0;2;8;1;B02
201200020349;0;7;0;0;2;3;13;A01
201200020350;0;7;0;0;2;8;15;B02
201200020350;0;2;0;0;2;1;17;A01
201200020351;0;7;0;2;0;1;1;A01
201200020352;0;7;0;0;1;1;1;A01
201200020353;0;7;0;0;2;3;13;A01
201200020353;0;7;0;0;2;3;1;B02
201200020354;0;7;0;0;2;4;2;A01
201200020354;0;33;0;0;2;1;1;B02
201200020355;0;7;0;0;9;2;1;A01
201200020355;0;1;0;0;2;4;1;B02
201200020356;0;7;0;13;0;9;1;A01
201200020357;0;7;0;0;0;2;1;A01
201200020358;0;10;0;0;0;8;17;A01
201200020358;0;33;0;0;0;1;1;B02
201200020359;0;33;0;3;0;7;14;A01
201200020360;0;7;0;3;0;9;1;A01
201200020361;0;7;0;1;1;1;2;A01
201200020362;0;7;0;0;2;3;1;B02
201200020362;0;7;0;0;2;2;1;A01
201200020362;0;7;0;0;2;3;1;C03
201200020363;0;7;0;0;2;1;13;A01
201200020363;0;7;0;0;2;1;1;B02
201200020364;0;33;0;0;0;8;0;A01
201200020365;0;7;0;0;0;9;1;A01
201200020366;0;7;0;13;0;8;0;A01
201200020367;0;7;0;0;2;3;1;B02
201200020367;0;10;0;0;2;3;1;A01
201200020368;0;14;0;0;2;3;1;B02
201200020368;0;7;0;0;2;6;19;A01
201200020369;0;7;0;0;2;1;13;A01
201200020369;0;14;0;0;2;3;21;B02
201200020370;0;15;0;0;2;8;16;A01
201200020370;0;7;0;0;2;1;21;B02
201200020371;0;7;0;0;2;1;1;B02
201200020371;0;7;0;0;2;7;13;A01
201200020372;0;33;0;0;2;1;2;B02
201200020372;0;7;0;0;0;6;15;A01
201200020373;0;1;0;0;2;7;19;B02
201200020373;0;14;0;0;9;1;1;A01
201200020374;0;7;0;0;2;1;1;B02
201200020374;0;7;0;0;2;7;1;A01
201200020375;0;2;0;0;2;1;1;A01
201200020375;0;7;0;0;2;3;15;B02
201200020376;0;7;0;16;0;9;1;A01
201200020377;0;7;0;16;0;9;0;A01