num_acc;senc;catv;occutc;obs;obsm;choc;manv;num_veh
201200020378;0;7;0;0;0;5;0;A01
201200020379;0;7;0;0;0;9;1;A01
201200020380;0;7;0;0;2;8;1;B02
201200020380;0;7;0;0;2;2;2;A01
201200020381;0;7;0;0;2;1;1;B02
201200020381;0;7;0;0;2;2;13;A01
201200020382;0;7;0;0;2;2;19;B02
201200020382;0;33;0;0;2;3;21;A01
201200020383;0;7;0;0;2;3;1;B02
201200020383;0;7;0;0;2;1;15;A01
201200020384;0;7;0;13;0;1;21;A01
201200020385;0;7;0;0;2;1;1;A01
201200020385;0;7;0;0;2;1;15;B02
201200020386;0;7;0;0;2;2;15;A01
201200020386;0;1;0;0;2;6;15;B02
201200020387;0;14;0;0;2;1;1;B02
201200020387;0;10;0;0;2;3;15;A01
201200020388;0;7;0;0;2;1;1;B02
201200020388;0;7;0;0;2;7;19;A01
201200020389;0;7;0;0;1;1;1;A01
201200020390;0;30;0;12;0;8;1;A01
201200020391;0;30;0;0;2;1;2;A01
201200020391;0;1;0;0;0;4;2;B02
201200020392;0;2;0;0;2;1;1;B02
201200020392;0;7;0;0;2;7;19;A01
201200020393;0;7;0;0;2;3;2;A01
201200020394;0;33;0;0;2;1;1;B02
201200020394;0;7;0;0;2;8;9;A01
201200020395;0;33;0;0;2;2;13;A01
201200020395;0;7;0;0;2;1;1;B02
201200020396;0;7;0;0;2;3;13;A01
201200020396;0;7;0;0;2;3;1;B02
201200020397;0;1;0;0;2;1;1;B02
201200020397;0;10;0;0;2;5;17;A01
201200020397;0;1;0;0;2;1;1;C03
201200020397;0;1;0;0;2;1;1;D04
201200020398;0;7;0;0;9;3;15;A01
201200020398;0;33;0;0;9;8;1;B02
201200020399;0;7;0;0;2;2;1;A01
201200020399;0;7;0;0;2;3;1;B02
201200020400;0;7;0;0;2;3;21;B02
201200020400;2;10;0;0;2;8;13;A01
201200020401;0;7;0;0;2;6;1;C03
201200020401;0;99;0;0;2;1;13;A01
201200020401;0;7;0;0;2;8;23;D04
201200020401;0;7;0;0;2;3;1;B02
201200020402;0;33;0;0;0;2;17;A01
201200020402;0;7;0;0;0;6;1;B02
201200020403;0;33;0;0;2;1;17;A01
201200020403;0;10;0;0;2;7;15;B02
201200020404;0;7;0;0;1;2;13;A01
201200020405;0;7;0;0;2;1;1;A01
201200020405;0;7;0;0;2;1;1;B02
201200020406;0;15;0;0;2;1;0;C03
201200020406;0;7;0;1;2;3;0;B02
201200020406;0;10;0;1;2;2;15;A01
201200020407;0;7;0;6;0;2;1;A01
201200020408;0;7;0;0;0;6;1;B02
201200020408;0;36;0;13;0;3;2;A01
201200020409;0;38;1;0;2;1;1;B02
201200020409;0;7;0;0;2;1;13;A01
201200020410;0;7;0;0;2;7;13;A01
201200020410;0;10;0;0;2;1;1;B02
201200020411;0;7;0;0;2;3;13;A01
201200020411;0;7;0;0;2;3;1;B02
201200020412;0;33;0;8;0;1;1;A01
201200020412;0;33;0;16;9;1;1;B02
201200020413;0;7;0;2;0;1;21;A01
201200020414;0;33;0;16;0;0;1;A01
201200020415;0;7;0;0;2;1;2;A01
201200020415;0;10;0;0;0;4;1;B02
201200020416;0;7;0;0;2;1;1;A01
201200020416;0;7;0;0;2;2;13;B02
201200020417;0;31;0;0;2;7;1;A01
201200020417;0;7;0;0;2;8;9;B02
201200020418;0;7;0;0;1;3;1;A01
201200020419;0;34;0;0;2;2;17;A01
201200020419;0;7;0;0;2;3;9;B02
201200020420;0;10;0;1;0;2;14;A01
201200020420;0;15;0;0;0;6;24;B02
201200020421;0;7;0;0;2;1;5;A01
201200020421;0;15;0;0;2;1;1;B02
201200020422;0;31;0;0;2;1;1;A01
201200020422;0;7;0;0;2;3;15;B02
201200020423;0;7;0;0;2;8;15;A01
201200020423;0;7;0;0;2;1;1;B02
201200020424;0;10;0;0;2;8;13;A01
201200020424;0;7;0;0;2;0;1;B02
201200020425;0;1;0;0;2;8;15;A01
201200020425;0;7;0;0;2;2;1;B02
201200020426;0;7;0;0;2;1;5;A01
201200020426;0;7;0;0;2;2;5;B02
201200020427;0;10;0;0;2;1;1;B02
201200020427;0;7;0;13;0;8;19;A01
201200020428;0;7;0;0;2;1;23;A01
201200020428;0;30;0;0;2;1;5;B02
201200020428;0;7;0;0;2;8;1;C03
201200020429;0;7;0;0;2;1;1;A01
201200020429;0;7;0;0;2;1;1;B02
201200020430;0;2;0;0;2;1;1;A01
201200020430;0;7;0;0;2;7;15;B02
201200020430;0;7;0;0;2;1;1;C03
201200020431;0;2;0;0;2;7;1;A01
201200020431;0;7;0;0;2;3;15;B02
201200020432;0;10;0;13;6;3;1;A01
201200020433;0;7;0;13;0;1;1;A01
201200020434;0;10;0;2;0;1;14;A01
201200020435;0;7;0;13;0;9;1;A01
201200020436;0;7;0;13;0;1;1;A01
201200020437;0;10;0;0;2;6;1;B02
201200020437;0;7;0;0;2;1;1;A01
201200020438;0;7;0;0;1;2;1;A01
201200020439;0;7;0;0;1;1;1;A01
201200020440;0;7;0;0;2;8;13;A01
201200020440;0;7;0;0;2;8;1;B02
201200020441;0;7;0;0;9;5;14;A01
201200020441;0;1;0;0;2;1;19;B02
201200020442;0;7;0;0;9;7;1;A01
201200020442;0;1;0;0;2;1;19;B02
201200020443;0;7;0;0;2;8;15;A01
201200020443;0;33;0;0;2;1;1;B02
201200020444;0;7;0;0;2;1;13;A01
201200020444;0;7;0;0;2;1;1;B02
201200020445;0;7;0;0;1;1;1;A01
201200020446;0;7;0;0;1;4;20;A01
201200020447;0;2;0;0;2;1;9;A01
201200020447;0;7;0;0;2;8;15;B01
201200020448;0;7;0;0;1;1;9;A01
201200020449;0;30;0;0;2;1;13;A01
201200020449;0;7;0;0;2;1;1;B01
201200020450;0;31;0;0;2;1;1;A01
201200020450;0;7;0;0;2;5;1;B01
201200020451;0;7;0;6;0;1;0;A01
201200020452;0;7;0;0;1;1;15;A01
201200020453;0;33;0;0;2;1;17;A01
201200020453;0;10;0;0;2;8;15;B01
201200020454;0;33;0;15;0;1;21;A01
201200020455;2;7;0;0;2;1;1;A01
201200020455;0;1;0;0;2;3;15;B01
201200020456;0;33;0;0;2;7;17;A01
201200020456;0;7;0;0;2;3;15;B01
201200020457;0;7;0;0;1;3;1;A01
201200020458;0;7;0;0;1;2;1;A01
201200020459;0;7;0;0;1;2;1;A01
201200020460;0;7;0;0;2;3;9;A01
201200020460;0;33;0;0;2;2;17;B01
201200020461;0;7;0;0;2;8;15;A01
201200020461;0;33;0;0;2;1;17;B01
201200020462;0;37;40;0;1;5;7;A01
201200020463;0;30;0;16;0;0;14;A01
201200020464;0;7;0;13;0;9;1;A01
201200020465;0;30;0;0;2;1;1;A01
201200020465;0;7;0;0;2;4;1;B01
201200020466;0;7;0;0;1;2;1;A01
201200020467;0;7;0;0;1;4;4;A01
201200020468;0;2;0;0;2;8;1;A01
201200020468;0;10;0;0;2;7;17;B01
201200020469;0;7;0;0;2;4;15;A01
201200020469;0;33;0;0;2;1;1;B01
201200020470;0;7;0;0;2;1;2;A01
201200020470;0;33;0;0;2;4;2;B01
201200020471;2;7;0;0;2;7;1;A01
201200020471;0;7;0;0;2;8;9;B01
201200020472;0;7;0;2;0;1;14;A01
201200020473;0;31;0;0;2;3;17;A01
201200020473;0;7;0;0;2;1;15;B01
201200020474;0;33;0;0;2;1;2;A01
201200020474;0;7;0;0;2;4;2;B01
201200020475;0;1;0;0;2;1;1;A01
201200020475;0;7;0;0;2;2;2;B01
201200020476;1;7;0;0;1;1;1;Z01
201200020477;0;7;0;0;9;3;22;A01
201200020477;0;1;0;1;0;1;1;B01
201200020478;0;30;0;6;0;1;13;A01
201200020479;0;30;0;0;2;7;7;A01
201200020479;0;7;0;0;2;3;15;B01
201200020480;0;7;0;0;2;3;13;A01
201200020480;0;7;0;0;2;3;1;B01
201200020481;0;7;0;0;2;8;9;A01
201200020481;0;15;0;0;2;2;1;B01
201200020482;0;7;0;1;0;2;14;A01
201200020483;0;7;0;8;0;1;13;A01
201200020484;0;7;0;0;2;8;9;A01
201200020484;0;2;0;0;2;1;1;B01
201200020485;0;7;0;14;2;1;2;A01
201200020485;0;7;0;0;2;4;1;B01
201200020486;0;2;0;0;2;1;17;A01
201200020486;0;7;0;0;2;3;15;B01
201200020487;0;7;0;0;2;1;1;A01
201200020487;0;2;0;0;2;1;1;B01
201200020488;0;33;0;13;0;1;1;A01
201200020489;2;7;0;0;1;1;0;A01
201200020490;0;7;0;0;1;6;1;A01
201200020491;0;10;0;1;1;2;1;A01
201200020492;0;2;0;0;2;1;1;A01
201200020492;0;7;0;0;2;3;15;B01
201200020493;0;7;0;0;1;1;1;A01
201200020494;0;7;0;0;1;1;1;A01
201200020495;0;30;0;1;2;1;16;A01
201200020495;0;7;0;0;2;2;24;B01
201200020496;0;7;0;0;1;7;1;A01
201200020497;0;7;0;0;1;1;1;A01
201200020498;0;7;0;0;1;1;1;A01
201200020499;0;7;0;0;2;7;4;A01
201200020499;0;2;0;0;2;1;1;B01
201200020500;0;10;0;0;2;1;1;A01
201200020500;0;7;0;0;2;7;1;B01
201200020501;0;33;0;0;2;1;1;A01
201200020501;0;7;0;;2;4;15;B01
201200020502;0;3;0;1;0;1;13;A01
201200020503;0;1;0;0;2;2;16;A01
201200020503;0;31;0;0;0;3;1;B01
201200020504;0;30;0;0;2;7;1;B01
201200020504;0;7;0;0;2;1;19;A01
201200020505;0;7;0;0;2;3;2;A01
201200020505;0;1;0;0;2;3;16;B01
201200020506;0;38;15;14;0;0;1;A01
201200020507;0;33;0;0;2;8;1;A01
201200020507;0;7;0;0;2;7;15;B01
201200020508;0;7;0;0;2;2;1;A01
201200020508;0;33;0;0;2;8;10;B01
201200020509;0;32;0;0;2;1;1;B01
201200020509;0;7;0;0;2;6;19;A01
201200020510;0;7;0;1;0;1;1;A01
201200020510;0;7;0;0;1;4;1;B01
201200020511;0;30;0;0;2;1;1;A01
201200020511;0;7;0;0;2;4;23;B01
201200020512;0;7;0;0;1;1;1;A01
201200020513;0;30;0;8;0;1;1;A01
201200020514;0;30;0;9;0;9;1;A01
201200020515;0;7;0;0;2;3;15;A01
201200020515;0;33;0;0;2;1;1;B01
201200020516;0;14;0;0;2;1;1;B02
201200020516;0;7;0;0;2;3;19;A01
201200020517;0;10;0;0;2;2;1;B02
201200020517;0;7;0;0;2;3;19;A01
201200020518;0;7;0;0;2;1;1;A01
201200020518;0;7;0;15;2;0;1;B02
201200020518;0;7;0;0;0;9;1;C03
201200020518;0;7;0;0;2;1;1;D04
201200020519;0;2;0;0;2;1;17;A01
201200020519;0;7;0;0;2;8;1;B02
201200020520;0;1;0;0;2;1;9;A01
201200020520;0;7;0;0;2;2;1;B02
201200020521;1;2;0;0;0;0;0;A01
201200020522;0;30;0;0;0;8;15;A01
201200020523;0;30;0;0;0;0;0;A01
201200020524;0;7;0;0;1;5;1;A01
201200020525;0;7;0;15;0;8;1;A01
201200020526;0;33;0;13;0;1;1;A01
201200020527;0;7;0;0;0;3;15;A01
201200020527;0;32;0;0;2;1;17;B02
201200020528;0;10;0;0;2;3;15;B02
201200020528;0;7;0;0;2;2;1;A01
201200020529;0;7;0;0;2;2;1;B02
201200020529;0;30;0;0;2;1;9;A01
201200020530;0;33;0;0;2;1;1;B02
201200020530;0;7;0;0;2;7;9;A01
201200020531;0;7;0;0;1;4;4;A01
201200020532;0;7;0;0;2;3;15;A01
201200020532;0;30;0;0;2;8;1;B01
201200020533;0;10;0;0;2;1;2;A01
201200020533;0;10;0;0;2;4;2;C01
201200020533;0;10;0;0;2;4;2;B01
201200020534;0;10;0;0;2;5;0;A01
201200020534;0;10;0;0;2;3;0;B01
201200020535;0;31;0;0;2;1;1;B01
201200020535;0;10;0;0;2;7;15;A01
201200020536;0;1;0;1;0;1;15;A01
201200020537;0;1;0;0;2;5;1;A01
201200020537;0;7;0;0;2;1;1;B01
201200020538;0;7;0;0;2;2;1;A01
201200020538;0;7;0;0;2;3;1;B01
201200020539;0;7;0;0;2;1;11;A01
201200020539;0;7;0;0;2;1;1;B01
201200020540;0;1;0;1;0;1;1;A01
201200020540;0;7;0;0;2;8;24;B01
201200020541;0;7;0;0;2;1;2;C01
201200020541;0;7;0;0;2;4;1;A01
201200020541;0;7;0;0;2;1;2;B01
201200020542;0;30;0;0;2;1;1;B01
201200020542;0;7;0;0;2;4;4;A01
201200020543;0;30;0;0;0;8;1;A01
201200020544;0;1;0;0;0;7;0;A01
201200020545;0;7;0;2;0;8;0;A01
201200020546;0;7;0;4;0;8;0;A01
201200020547;0;7;0;12;0;1;6;A01
201200020548;0;7;0;0;2;3;9;A01
201200020548;0;7;0;0;2;7;1;B01
201200020549;0;7;0;0;2;4;1;B01
201200020549;0;7;0;0;2;1;2;A01
201200020550;0;2;0;0;2;1;1;B01
201200020550;0;7;0;0;2;2;0;A01
201200020551;0;30;0;0;0;8;1;A01
201200020552;0;7;0;0;2;4;2;B01
201200020552;0;10;0;0;2;1;2;A01
201200020553;0;31;0;0;2;1;1;B01
201200020553;0;7;0;0;2;7;1;A01
201200020554;0;7;0;0;1;1;16;A01
201200020555;0;7;0;0;1;7;1;A01
201200020556;0;33;0;0;0;8;0;A01
201200020557;0;31;0;0;0;7;0;A01
201200020558;0;33;0;0;2;8;1;A01
201200020558;0;10;0;0;2;3;1;B01
201200020559;0;7;0;0;2;2;0;A01
201200020559;0;7;0;0;2;3;1;B01
201200020560;0;7;0;6;0;1;0;A01
201200020561;0;30;0;0;0;8;0;A01
201200020562;0;33;0;0;2;1;1;B01
201200020562;0;7;0;0;2;6;9;A01
201200020563;0;30;0;0;0;7;1;A01
201200020564;0;1;0;0;2;1;16;A01
201200020564;0;7;0;0;2;2;15;B01
201200020565;0;7;0;0;0;8;13;A01
201200020565;0;7;0;0;2;8;1;B01
201200020566;0;7;0;0;2;4;2;C01
201200020566;0;7;0;0;2;4;1;B01
201200020566;0;10;0;0;2;1;2;A01
201200020567;0;7;0;0;0;3;1;B01
201200020567;0;7;0;0;0;3;13;A01
201200020568;0;2;0;0;0;7;1;A01
201200020569;0;1;0;0;2;1;1;B01
201200020569;0;7;0;0;2;3;9;A01
201200020570;0;1;0;8;0;1;0;A01
201200020571;0;2;0;0;0;5;1;A01
201200020572;0;7;0;1;0;2;1;A01
201200020573;0;7;0;0;1;1;1;A01
201200020574;0;7;0;0;2;3;1;B01
201200020574;0;7;0;0;2;1;1;A01
201200020575;0;7;0;0;1;1;1;A01
201200020576;0;30;0;0;0;8;1;A01
201200020577;0;7;0;0;2;1;9;A01
201200020577;0;7;0;0;2;2;1;B01
201200020578;0;1;0;0;2;1;1;A01
201200020578;0;7;0;0;2;1;1;B01
201200020579;0;7;0;13;0;1;0;A01
201200020580;0;7;0;0;2;2;1;A01
201200020580;0;7;0;0;2;3;1;B01
201200020581;0;10;0;0;1;2;0;A01
201200020582;0;7;0;12;0;1;0;A01
201200020583;0;7;0;0;2;3;1;B01
201200020583;0;7;0;0;2;7;17;A01
201200020584;0;7;0;0;2;4;1;B01
201200020584;0;10;0;0;2;1;2;A01
201200020585;0;7;0;0;2;4;2;B01
201200020585;0;7;0;0;2;1;2;A01
201200020586;0;10;0;2;0;1;1;A01
201200020587;0;33;0;12;0;8;1;A01
201200020588;0;33;0;12;0;8;1;A01
201200020589;0;15;0;0;0;7;1;A01
201200020590;0;7;0;11;0;1;1;A01
201200020591;0;7;0;0;2;2;15;B01
201200020591;0;31;0;0;2;1;1;A01
201200020592;0;7;0;0;1;0;1;A01
201200020592;0;7;0;0;1;3;1;B01
201200020593;0;31;0;0;0;7;1;A01
201200020594;0;7;0;0;2;1;1;A01
201200020594;0;30;0;0;2;4;1;B01
201200020595;0;30;0;0;0;7;0;A01
201200020596;0;7;0;0;1;3;1;A01
201200020597;0;7;0;0;2;6;13;B01
201200020597;0;7;0;0;2;1;1;A01
201200020598;0;7;0;6;0;1;13;A01
201200020599;0;7;0;0;0;1;1;A01
201200020600;0;7;0;0;2;4;23;A01
201200020600;0;2;0;0;2;1;1;B01
201200020601;0;2;0;0;2;1;1;B01
201200020601;0;7;0;0;2;1;1;A01
201200020602;0;2;0;0;2;0;0;A01
201200020603;0;7;0;0;2;1;10;A01
201200020603;0;2;0;0;2;1;1;B01
201200020604;0;7;0;0;1;1;1;A01
201200020605;0;7;0;0;0;4;1;A01
201200020605;0;7;0;0;2;1;1;B01
201200020606;0;7;0;0;2;8;1;B01
201200020606;0;2;0;0;2;7;17;A01
201200020607;0;7;0;0;2;7;1;A01
201200020608;0;7;0;0;2;4;1;A01
201200020608;0;7;0;0;2;1;1;B01
201200020609;0;1;0;0;2;1;9;B01
201200020609;0;7;0;0;2;3;1;A01
201200020610;0;7;0;0;2;4;1;C01
201200020610;0;7;0;0;2;1;1;A01
201200020610;0;7;0;0;2;4;1;B01
201200020611;0;7;0;0;2;1;0;A01
201200020611;0;37;0;;2;1;1;B02
201200020612;0;7;0;16;0;2;1;A01
201200020613;0;3;0;0;2;3;1;A01
201200020613;0;7;0;0;2;3;1;B01
201200020614;0;7;0;0;1;1;1;A01
201200020615;0;7;0;0;2;1;1;B01
201200020615;0;7;0;0;2;2;1;A01
201200020616;0;3;0;8;0;1;0;A01
201200020617;0;7;0;0;2;1;1;B01
201200020617;0;33;0;0;2;4;1;A01
201200020618;0;7;0;0;1;1;1;A01
201200020619;0;7;0;0;2;1;1;A01
201200020619;0;7;0;0;2;4;1;B01
201200020619;0;7;0;0;2;4;1;D01
201200020619;0;7;0;0;2;4;1;C01
201200020620;0;7;0;0;2;4;0;B01
201200020620;0;7;0;0;2;1;1;A01
201200020621;0;7;0;0;1;1;1;A01
201200020622;0;2;0;0;0;0;1;A01
201200020623;0;7;0;16;0;0;1;A01
201200020624;0;31;0;0;0;0;0;A01
201200020625;0;32;0;16;0;7;1;A01
201200020626;0;7;0;0;2;1;0;B01
201200020626;0;1;0;0;2;1;0;A01
201200020627;0;7;0;13;0;1;1;A01
201200020628;0;31;0;0;0;0;0;A01
201200020629;0;33;0;0;2;1;2;A01
201200020629;0;7;0;0;2;4;2;B01
201200020630;1;7;0;0;1;1;1;A01
201200020631;0;7;0;0;2;2;1;A01
201200020631;0;1;0;0;2;1;1;B01
201200020632;0;7;0;0;2;1;1;A01
201200020632;0;7;0;0;2;4;1;B01
201200020633;0;7;0;0;2;3;13;A01
201200020633;0;7;0;0;2;3;1;B01
201200020634;0;7;0;0;2;1;0;A01
201200020634;0;31;0;0;0;3;1;B01
201200020635;0;7;0;0;2;4;1;A01
201200020635;0;10;0;0;2;1;1;B01
201200020636;0;7;0;5;0;1;1;A01
201200020637;0;7;0;16;0;7;1;A01
201200020638;0;7;0;0;2;1;1;A01
201200020638;0;7;0;0;2;4;0;B01
201200020639;0;1;0;0;2;1;1;A01
201200020639;0;7;0;0;2;2;15;B01
201200020640;0;33;0;0;2;1;17;B01
201200020640;0;7;0;0;2;8;15;A01
201200020641;0;32;0;16;0;7;1;A01
201200020642;0;7;0;0;2;3;13;A01
201200020642;0;30;0;0;2;3;17;B01
201200020643;0;7;0;0;1;1;20;A01
201200020644;0;1;0;0;2;1;1;B01
201200020644;0;7;0;0;2;1;1;A01
201200020645;0;31;0;16;0;0;1;A01
201200020646;0;7;0;0;1;0;1;A01
201200020647;0;7;0;0;2;1;1;A01
201200020647;0;7;0;0;0;8;1;B01
201200020648;0;1;0;0;0;7;0;B01
201200020648;0;7;0;0;2;1;0;A01
201200020649;0;33;0;0;2;1;1;B01
201200020649;0;7;0;0;2;3;1;A01
201200020650;0;7;0;12;0;0;21;A01
201200020651;0;7;0;0;2;1;1;A01
201200020651;0;7;0;0;2;4;1;B01
201200020652;0;7;0;0;2;1;1;A01
201200020652;0;7;0;0;2;4;1;C01
201200020652;0;7;0;0;2;4;1;B01
201200020653;0;7;0;0;2;1;1;B01
201200020653;0;7;0;0;2;1;9;A01
201200020654;0;7;0;0;1;2;0;A01
201200020655;0;2;0;16;0;8;1;A01
201200020656;0;7;0;0;2;4;13;A01
201200020656;0;33;0;0;2;2;1;B01
201200020657;0;7;0;0;0;1;1;A01
201200020657;0;7;0;0;0;4;1;B01
201200020658;0;7;0;0;2;2;14;A01
201200020658;0;7;0;0;2;3;1;B01
201200020659;0;7;0;0;2;1;1;A01
201200020659;0;10;0;0;2;4;1;C01
201200020659;0;7;0;0;2;4;1;B01
201200020660;0;7;0;0;1;1;1;A01
201200020661;0;7;0;0;2;1;0;A01
201200020661;0;7;0;0;2;1;1;C01
201200020661;0;7;0;0;2;4;0;B01
201200020662;0;34;0;0;0;0;1;A01
201200020662;0;7;0;0;0;0;1;B01
201200020663;0;7;0;0;2;5;1;A01
201200020663;1;7;0;0;2;1;19;B01
201200020664;0;7;0;13;0;1;14;A01
201200020665;0;37;1;0;2;1;1;B01
201200020665;0;7;0;0;2;4;1;A01
201200020666;0;2;0;0;2;1;17;B01
201200020666;0;7;0;0;2;8;0;A01
201200020667;0;2;0;0;0;0;1;A01
201200020668;0;7;0;13;0;1;14;A01
201200020669;0;7;0;12;0;0;1;A01
201200020670;0;1;0;0;2;8;1;B01
201200020670;0;7;0;0;2;1;1;A01
201200020671;0;7;0;0;0;7;1;A01
201200020672;0;1;0;0;2;1;15;A01
201200020672;0;7;0;0;2;1;1;B01
201200020673;0;7;0;0;2;2;13;A01
201200020673;0;33;0;0;2;6;1;B01
201200020674;0;7;0;6;0;1;13;A01
201200020675;0;7;0;0;1;1;1;A01
201200020676;0;7;0;0;2;1;5;B01
201200020676;0;7;0;0;2;1;1;A01
201200020677;0;2;0;0;1;1;1;A01
201200020678;0;7;0;0;2;2;1;B01
201200020678;0;2;0;0;2;1;1;A01
201200020679;0;7;0;0;2;1;1;A01
201200020679;0;1;0;0;2;4;1;B01
201200020680;0;33;0;0;2;1;1;A01
201200020680;0;7;0;0;2;4;1;B01
201200020681;0;33;0;6;0;1;1;A01
201200020682;0;7;0;0;2;3;13;B01
201200020682;0;7;0;0;2;3;1;A01
201200020683;0;7;0;0;2;1;1;B01
201200020683;0;7;0;0;2;1;15;A01
201200020684;0;7;0;0;2;4;1;C01
201200020684;0;7;0;0;2;4;1;B01
201200020684;0;7;0;0;2;1;1;A01
201200020685;0;7;0;0;2;1;9;A01
201200020685;0;33;0;0;2;8;1;B01
201200020686;0;7;0;2;0;1;1;A01
201200020687;0;7;0;0;2;4;0;B01
201200020687;0;7;0;0;2;1;0;A01
201200020688;0;7;0;0;2;4;1;B01
201200020688;0;7;0;0;2;1;1;A01
201200020689;2;7;0;0;2;1;0;B01
201200020689;0;7;0;0;2;1;0;A01
201200020690;0;33;0;0;2;3;1;B01
201200020690;0;7;0;0;2;1;1;A01
201200020691;0;7;0;0;2;3;13;A01
201200020691;0;31;0;0;2;5;17;B01
201200020692;0;7;0;0;1;1;1;A01
201200020693;0;7;0;0;2;1;0;A01
201200020693;0;33;0;0;2;4;0;B01
201200020694;0;1;0;0;2;7;1;B01
201200020694;0;7;0;0;2;1;1;A01
201200020695;0;7;0;6;0;1;1;A01
201200020696;0;7;0;0;2;4;1;C01
201200020696;0;7;0;0;2;1;1;A01
201200020696;0;7;0;0;2;4;1;B01
201200020697;0;7;0;0;0;4;0;B01
201200020697;0;37;0;0;2;1;0;A01
201200020698;0;30;0;0;0;0;0;A01
201200020699;0;7;0;6;0;3;1;A01
201200020700;0;2;0;0;2;4;1;B01
201200020700;0;7;0;0;2;1;1;A01
201200020701;0;33;0;0;2;4;1;B01
201200020701;0;7;0;0;2;1;1;A01
201200020702;0;7;0;0;2;9;1;C01
201200020702;0;7;0;0;2;1;1;A01
201200020702;0;7;0;0;2;1;13;B01
201200020703;0;2;0;0;0;8;1;A01
201200020704;0;31;0;16;0;7;1;A01
201200020705;0;7;0;0;2;4;1;C01
201200020705;0;7;0;0;2;4;1;B01
201200020705;0;7;0;0;2;1;1;A01
201200020706;0;33;0;0;2;3;1;B01
201200020706;0;31;0;0;2;7;1;A01
201200020706;0;7;0;0;2;3;1;C01
201200020707;0;7;0;0;0;4;0;B01
201200020707;0;2;0;0;2;1;0;A01
201200020708;0;7;0;0;2;1;1;C01
201200020708;0;7;0;0;2;4;1;B01
201200020708;0;7;0;0;2;1;1;A01
201200020709;0;7;0;0;2;1;1;B01
201200020709;0;7;0;0;2;7;1;A01
201200020710;0;7;0;3;0;1;14;A01
201200020711;0;10;0;0;2;1;0;A01
201200020711;0;1;0;0;2;7;0;B01
201200020712;0;30;0;16;0;7;1;A01
201200020713;0;33;0;0;2;1;1;B01
201200020713;0;7;0;0;2;3;9;A01
201200020714;0;1;0;0;2;2;1;A01
201200020714;0;7;0;0;2;3;1;B01
201200020715;0;38;0;0;1;0;1;A01
201200020716;0;7;0;0;2;1;1;A01
201200020716;0;7;0;0;2;4;1;B01
201200020717;0;7;0;0;2;1;1;A01
201200020717;0;7;0;0;2;4;1;B01
201200020717;0;7;0;0;2;4;1;C01
201200020718;0;7;0;0;2;4;1;A01
201200020718;0;7;0;0;2;1;1;B01
201200020719;0;32;0;0;2;4;0;B01
201200020719;0;7;0;0;2;1;0;A01
201200020720;0;7;0;0;2;1;1;C01
201200020720;0;7;0;0;2;4;1;A01
201200020720;0;7;0;0;2;1;1;B01
201200020721;0;7;0;13;0;7;0;A01
201200020722;0;7;0;0;2;8;1;A01
201200020722;0;10;0;0;2;5;9;B01
201200020723;0;7;0;0;0;4;0;A01
201200020723;0;38;0;0;2;1;1;B01
201200020724;0;7;0;0;2;1;1;A01
201200020724;0;7;0;0;2;4;1;B01
201200020725;0;7;0;0;2;4;1;B01
201200020725;0;7;0;0;2;1;1;A01
201200020726;0;1;0;0;0;0;1;A01
201200020727;0;7;0;0;1;1;0;A01
201200020728;0;7;0;4;0;3;1;A01
201200020728;0;7;0;0;2;1;1;B01
201200020729;0;7;0;0;2;1;1;A01
201200020729;0;7;0;0;2;4;1;B01
201200020729;0;7;0;0;2;4;1;C01
201200020730;0;7;0;2;0;1;1;A01
201200020731;0;30;0;0;0;7;0;A01
201200020732;0;7;0;0;2;5;1;B01
201200020732;0;7;0;0;2;1;15;A01
201200020733;0;7;0;0;2;8;15;A01
201200020733;0;33;0;0;2;7;1;B01
201200020734;0;7;0;0;2;3;22;A01
201200020734;0;1;0;1;0;1;1;B01
201200020735;0;7;0;0;2;1;1;A01
201200020735;0;32;0;0;2;8;1;B01
201200020736;0;7;0;1;0;2;1;A01
201200020737;0;30;0;16;0;0;1;A01
201200020738;0;7;0;0;2;1;1;B01
201200020738;0;7;0;0;2;4;23;C01
201200020738;0;7;0;0;0;4;23;A01
201200020738;0;7;0;0;2;4;23;D01
201200020739;0;7;0;0;1;1;1;A01
201200020740;0;7;0;0;2;4;1;B01
201200020740;0;7;0;0;2;1;1;A01
201200020741;0;30;0;0;2;1;1;A01
201200020741;0;7;0;0;2;4;23;B01
201200020742;1;7;0;0;2;1;1;Z01
201200020742;0;7;0;0;2;1;15;B01
201200020743;0;7;0;0;2;1;1;C01
201200020743;0;7;0;0;2;4;23;A01
201200020743;0;7;0;0;2;4;23;B01
201200020744;0;7;0;0;2;1;0;A01
201200020744;0;7;0;0;2;1;0;B01
201200020745;0;2;0;8;0;1;1;A01
201200020746;0;7;0;0;1;1;1;A01
201200020747;0;7;0;0;2;4;1;A01
201200020747;0;7;0;0;2;1;1;B01
201200020748;0;7;0;0;2;4;1;B01
201200020748;0;7;0;0;2;1;1;A01
201200020749;0;1;0;0;2;2;1;B01
201200020749;0;7;0;0;2;3;6;A01
201200020750;0;7;0;0;2;1;15;A01
201200020750;0;1;0;0;2;1;1;B01
201200020751;0;31;0;0;2;1;1;B01
201200020751;0;7;0;0;2;6;1;A01
201200020752;0;33;0;0;2;1;1;B01
201200020752;0;7;0;0;2;7;0;A01
201200020753;0;33;0;0;2;1;1;A01