num_acc;senc;catv;occutc;obs;obsm;choc;manv;num_veh
201200020753;0;7;0;0;2;4;1;B01
201200020754;0;33;0;0;2;1;13;A01
201200020754;0;7;0;0;2;1;1;B01
201200020755;0;7;0;0;2;1;0;A01
201200020755;0;30;0;0;2;1;0;B01
201200020756;0;7;0;0;2;3;5;A01
201200020756;0;7;0;0;2;1;1;B01
201200020757;0;7;0;0;1;1;0;A01
201200020758;0;32;0;0;0;7;1;A01
201200020759;0;7;0;0;0;0;1;A01
201200020760;0;7;0;8;0;1;14;A01
201200020761;0;1;0;16;0;0;1;A01
201200020762;0;33;0;0;2;1;2;B01
201200020762;0;7;0;0;2;2;10;A01
201200020763;0;7;0;0;2;1;0;A01
201200020763;0;7;0;0;2;1;0;B01
201200020764;0;1;0;0;2;3;13;B01
201200020764;0;7;0;0;2;2;17;A01
201200020765;0;31;0;16;0;0;0;A01
201200020766;0;7;0;0;9;9;9;A01
201200020767;0;31;0;0;2;1;0;A01
201200020767;0;7;0;0;2;0;16;B01
201200020768;0;3;0;0;2;2;15;A01
201200020768;0;33;0;0;2;1;1;B01
201200020769;0;7;0;0;2;0;15;A01
201200020769;0;32;0;0;2;0;1;B01
201200020770;0;7;0;0;2;4;2;A01
201200020770;0;2;0;0;2;1;2;B01
201200020771;0;32;0;0;2;1;1;A01
201200020771;0;7;0;0;2;4;1;B01
201200020772;0;7;0;0;1;4;4;A01
201200020773;0;30;0;16;0;0;0;A01
201200020774;0;7;0;6;0;1;1;A01
201200020775;0;7;0;0;1;1;1;A01
201200020776;0;1;0;0;2;0;19;B01
201200020776;0;32;0;0;2;1;1;A01
201200020777;0;7;0;0;2;2;15;A01
201200020777;0;1;0;0;2;1;1;B01
201200020778;0;7;0;0;2;2;15;A01
201200020778;0;1;0;0;2;1;1;B01
201200020779;0;7;0;16;0;9;1;A01
201200020780;0;7;0;0;0;0;0;A01
201200020780;0;1;0;0;0;0;0;B01
201200020781;1;2;0;0;1;1;3;A01
201200020782;0;7;0;0;2;4;2;B01
201200020782;0;33;0;0;2;1;2;A01
201200020783;0;7;0;0;2;2;15;B01
201200020783;0;7;0;0;2;1;1;A01
201200020784;0;7;0;0;1;4;4;A01
201200020785;0;7;0;0;0;1;0;B01
201200020785;0;7;0;0;0;1;0;D01
201200020785;0;7;0;0;0;0;0;A01
201200020785;0;7;0;0;0;4;0;C01
201200020786;0;31;0;0;2;1;18;A01
201200020786;0;7;0;0;2;0;16;B01
201200020787;0;7;0;0;2;4;2;B01
201200020787;0;30;0;0;2;1;2;A01
201200020788;0;37;1;0;2;1;1;A01
201200020788;0;2;0;0;2;1;13;B01
201200020789;0;7;0;0;1;1;1;A01
201200020790;0;31;0;0;0;0;0;A01
201200020791;0;36;0;0;2;1;2;A01
201200020791;0;7;0;0;0;0;2;B01
201200020792;0;32;0;0;0;0;1;A01
201200020793;0;7;0;0;2;2;15;A01
201200020793;0;33;0;0;2;1;1;B01
201200020794;0;1;0;0;2;0;15;A01
201200020794;0;7;0;0;2;3;1;B01
201200020795;0;30;0;0;0;1;0;A01
201200020795;0;7;0;0;0;5;0;B01
201200020796;0;7;0;0;9;1;2;A01
201200020796;0;1;0;0;2;2;2;B01
201200020797;0;30;0;0;2;1;2;A01
201200020797;1;7;0;0;0;0;0;B01
201200020798;0;1;0;0;2;4;23;A01
201200020798;0;7;0;0;2;0;1;B01
201200020799;0;1;0;0;1;1;1;A01
201200020800;0;7;0;0;0;0;4;A01
201200020801;0;7;0;15;0;1;1;A01
201200020802;0;30;0;0;2;1;21;B01
201200020802;0;7;0;0;2;2;15;A01
201200020803;0;30;0;0;0;7;0;A01
201200020804;0;7;0;0;1;4;4;A01
201200020805;0;30;0;0;0;0;0;A01
201200020806;0;1;0;0;0;0;0;A01
201200020807;0;7;0;0;2;1;2;A01
201200020807;0;1;0;0;2;7;2;B01
201200020808;0;1;0;0;2;7;1;B01
201200020808;0;7;0;0;2;1;0;A01
201200020809;0;33;0;0;2;1;1;A01
201200020809;0;7;0;0;2;7;15;B01
201200020810;0;13;0;0;0;7;0;A01
201200020811;0;7;0;0;2;1;1;A01
201200020811;0;7;0;0;0;4;1;B01
201200020811;0;7;0;0;2;4;1;C01
201200020811;0;7;0;0;2;4;1;D01
201200020811;0;7;0;0;2;4;1;E01
201200020812;0;7;0;0;1;1;3;A01
201200020813;0;30;0;0;0;0;1;A01
201200020814;0;1;0;0;2;7;15;A01
201200020814;0;7;0;0;2;1;1;B01
201200020815;0;2;0;0;0;0;1;A01
201200020816;0;7;0;0;0;1;5;A01
201200020816;0;33;0;0;2;1;0;B01
201200020817;0;7;0;0;2;0;16;B01
201200020817;0;7;0;0;2;0;2;A01
201200020818;0;37;0;0;1;1;1;A01
201200020819;0;7;0;0;2;3;9;A01
201200020819;0;33;0;0;2;2;1;B01
201200020820;0;7;0;0;2;3;1;A01
201200020820;0;2;0;0;2;1;1;B01
201200020821;0;30;0;0;2;1;2;A01
201200020821;0;7;0;0;0;4;2;B01
201200020822;0;7;0;0;2;3;2;A01
201200020822;0;7;0;0;2;0;0;B01
201200020823;0;7;0;0;2;4;1;B01
201200020823;0;7;0;0;2;1;1;A01
201200020824;0;2;0;16;0;0;1;A01
201200020825;0;2;0;0;2;1;1;A01
201200020825;0;7;0;0;2;4;1;B01
201200020826;0;7;0;0;2;3;0;B01
201200020826;0;32;0;0;2;0;0;A01
201200020827;0;7;0;0;0;0;15;A01
201200020827;0;33;0;0;0;0;2;B01
201200020828;0;7;0;0;2;1;1;A01
201200020828;0;33;0;0;2;7;1;B01
201200020829;0;32;0;0;2;1;1;B01
201200020829;0;7;0;0;2;1;15;A01
201200020830;0;7;0;0;2;2;17;B01
201200020830;0;20;0;0;2;6;1;A01
201200020831;0;7;0;0;0;0;0;A01
201200020831;0;1;0;0;2;0;0;B01
201200020832;0;7;0;0;2;0;15;A01
201200020832;0;30;0;0;2;1;2;B01
201200020833;0;7;0;0;2;1;0;A01
201200020833;0;7;0;0;2;4;1;B01
201200020834;0;33;0;16;0;0;1;A01
201200020835;0;32;0;0;0;0;0;A01
201200020836;0;2;0;0;2;1;1;B01
201200020836;0;7;0;0;2;3;15;A01
201200020837;0;1;0;0;1;0;0;A01
201200020838;0;32;0;0;2;1;0;B01
201200020838;0;33;0;0;2;1;0;A01
201200020839;0;7;0;0;1;1;1;A01
201200020840;0;37;1;0;0;0;0;B01
201200020840;0;32;0;0;0;0;0;A01
201200020841;0;7;0;3;0;2;1;A01
201200020842;0;1;0;0;1;1;1;A01
201200020843;0;34;0;0;0;0;1;A01
201200020844;0;2;0;0;2;1;1;B01
201200020844;0;7;0;0;2;7;15;A01
201200020845;0;7;0;0;0;0;0;A01
201200020845;0;2;0;0;0;0;0;B01
201200020846;0;7;0;0;2;3;1;B01
201200020846;0;7;0;0;2;2;12;A01
201200020847;0;7;0;0;2;1;16;A01
201200020847;0;7;0;0;2;0;2;C01
201200020847;0;7;0;0;2;2;2;B01
201200020848;0;7;0;0;2;1;1;A01
201200020848;0;32;0;0;2;1;0;B01
201200020849;0;30;0;14;0;1;1;A01
201200020850;0;1;0;0;2;0;0;V01
201200020850;0;7;0;0;9;0;2;A01
201200020851;0;7;0;0;2;1;9;B01
201200020851;0;7;0;0;2;2;1;A01
201200020852;0;7;0;0;0;0;0;B01
201200020852;0;32;0;0;2;1;0;A01
201200020853;0;7;0;7;0;0;1;A01
201200020854;0;14;0;0;2;1;1;A01
201200020854;0;7;0;0;2;4;1;C01
201200020854;0;7;0;0;2;4;1;B01
201200020855;0;7;0;0;0;0;2;A01
201200020855;0;13;0;0;0;0;2;B01
201200020856;0;7;0;0;1;4;1;A01
201200020856;0;7;0;0;2;1;1;B01
201200020857;0;7;0;0;2;1;1;B01
201200020857;0;7;0;0;2;1;1;A01
201200020858;0;7;0;0;2;4;1;A01
201200020858;0;7;0;0;2;1;1;B01
201200020859;0;7;0;0;2;1;1;A01
201200020859;0;1;0;0;2;7;1;B01
201200020860;0;7;0;0;0;0;0;A01
201200020861;0;7;0;0;2;3;1;B01
201200020861;0;1;0;0;2;2;1;A01
201200020862;0;1;0;0;2;0;2;B01
201200020862;0;7;0;0;0;8;2;A01
201200020863;0;30;0;16;0;0;1;A01
201200020864;0;7;0;0;0;0;0;B01
201200020864;0;30;0;0;0;0;0;A01
201200020865;0;7;0;0;2;1;1;B01
201200020865;0;30;0;0;2;1;17;A01
201200020866;0;30;0;0;0;0;2;B01
201200020866;0;7;0;0;2;0;0;A01
201200020867;0;7;0;0;0;0;1;A01
201200020868;0;7;0;0;2;1;9;A01
201200020868;0;30;0;0;2;1;1;B01
201200020869;0;7;0;0;0;0;0;A01
201200020870;1;7;0;0;1;1;1;A01
201200020871;0;7;0;0;2;3;11;A01
201200020871;0;33;0;0;2;2;1;B01
201200020872;0;7;0;0;2;1;0;B01
201200020872;0;7;0;0;2;2;0;A01
201200020873;0;7;0;0;2;7;15;A01
201200020873;0;33;0;0;2;1;1;B01
201200020874;0;30;0;0;0;0;0;A01
201200020875;0;7;0;0;2;1;5;A01
201200020875;0;7;0;0;2;1;1;B01
201200020876;0;7;0;0;2;4;0;B01
201200020876;0;7;0;0;2;1;0;A01
201200020877;0;7;0;0;2;1;1;A01
201200020877;0;1;0;0;2;4;1;B01
201200020878;0;7;0;0;0;0;0;A01
201200020878;0;30;0;0;0;0;0;B01
201200020879;0;7;0;0;0;9;0;A01
201200020880;0;7;0;0;1;1;1;A01
201200020881;0;7;0;12;0;9;1;A01
201200020882;0;7;0;8;0;1;1;A01
201200020883;0;7;0;0;1;3;1;A01
201200020884;0;7;0;0;2;7;1;A01
201200020884;0;13;0;0;2;1;1;B01
201200020885;0;7;0;0;2;1;1;A01
201200020885;0;15;0;0;2;4;1;B01
201200020886;0;7;0;0;2;0;1;B01
201200020886;0;7;0;0;2;8;1;C01
201200020886;0;7;0;0;2;8;13;A01
201200020887;0;7;0;0;2;1;1;A01
201200020887;0;7;0;0;0;4;1;C01
201200020887;0;7;0;0;0;4;1;B01
201200020888;0;7;0;5;0;0;0;A01
201200020889;0;33;0;0;2;7;2;B01
201200020889;0;7;0;0;2;8;15;A01
201200020890;0;7;0;0;0;4;2;B01
201200020890;0;7;0;0;2;1;0;A01
201200020890;0;7;0;0;2;4;0;C01
201200020891;0;7;0;0;9;4;4;A01
201200020891;0;1;0;0;2;1;1;B01
201200020892;0;7;0;10;0;7;0;A01
201200020893;0;7;0;0;0;0;0;A01
201200020894;0;7;0;0;1;1;0;A01
201200020895;0;30;0;0;2;1;1;A01
201200020895;0;7;0;0;2;4;1;B01
201200020896;0;7;0;0;2;1;1;A01
201200020897;0;30;0;0;2;1;1;A01
201200020897;0;33;0;0;2;4;1;B01
201200020898;0;7;0;0;1;1;1;A01
201200020899;0;7;0;0;1;1;1;A01
201200020900;0;7;0;0;2;1;1;B01
201200020900;0;7;0;0;2;1;13;A01
201200020901;0;2;0;0;2;1;0;D01
201200020901;0;7;0;0;2;1;0;A01
201200020901;0;7;0;0;2;4;0;B01
201200020901;0;7;0;0;2;4;0;C01
201200020902;0;7;0;0;1;1;1;A01
201200020903;0;7;0;0;1;1;9;A01
201200020904;0;7;0;0;0;0;1;A01
201200020905;0;7;0;6;0;7;0;A01
201200020906;0;7;0;0;2;1;0;A01
201200020906;0;7;0;0;2;1;0;B01
201200020907;0;7;0;0;2;8;0;A01
201200020907;0;33;0;0;2;7;0;B01
201200020908;0;33;0;8;0;1;0;A01
201200020909;0;1;0;0;2;3;1;A01
201200020909;1;10;0;0;9;0;17;B01
201200020910;0;1;0;0;2;1;0;B01
201200020910;0;7;0;0;2;7;0;A01
201200020911;0;7;0;0;2;1;0;B01
201200020911;0;7;0;0;2;8;0;A01
201200020912;0;7;0;0;1;7;1;A01
201200020913;0;7;0;0;2;2;0;B01
201200020913;0;32;0;0;2;1;0;A01
201200020914;0;7;0;0;2;1;13;B01
201200020914;0;7;0;0;2;7;1;A01
201200020915;0;7;0;6;0;1;0;A01
201200020916;0;7;0;0;2;1;1;B01
201200020916;0;7;0;0;2;7;15;A01
201200020917;0;1;0;0;2;0;12;B01
201200020917;0;7;0;0;2;8;17;A01
201200020918;0;3;0;0;9;0;0;A01
201200020918;0;1;0;0;2;0;0;B01
201200020919;0;7;0;0;2;0;0;E01
201200020919;0;7;0;0;2;0;0;C01
201200020919;0;7;0;0;2;0;0;D01
201200020919;0;7;0;0;2;0;0;B01
201200020919;0;7;0;0;2;0;0;A01
201200020920;0;2;0;0;0;0;0;A01
201200020921;0;7;0;13;0;9;1;A01
201200020922;0;30;0;0;0;0;0;A01
201200020923;0;1;0;1;0;1;1;B01
201200020923;0;7;0;0;2;8;24;A01
201200020924;0;7;0;0;2;6;1;B01
201200020924;0;31;0;0;2;9;1;A01
201200020925;0;7;0;0;2;0;0;A01
201200020925;0;7;0;0;0;0;0;B01
201200020926;0;7;0;0;2;3;1;B01
201200020926;0;30;0;0;2;1;1;A01
201200020927;0;7;0;8;0;1;1;A01
201200020928;0;33;0;0;0;7;1;A01
201200020929;0;7;0;0;2;0;0;A01
201200020929;0;7;0;0;0;0;0;B01
201200020929;0;7;0;0;0;0;0;C01
201200020930;0;30;0;0;0;0;0;A01
201200020930;0;7;0;0;0;0;0;B01
201200020931;0;7;0;0;0;4;1;A01
201200020931;0;7;0;0;0;1;0;B01
201200020932;0;7;0;0;2;1;1;A01
201200020932;0;32;0;0;2;5;1;B01
201200020933;0;7;0;0;1;1;1;A01
201200020934;0;7;0;0;1;0;0;A01
201200020935;1;10;0;0;1;0;0;Z01
201200020936;0;7;0;0;2;6;11;A01
201200020936;0;33;0;0;0;0;0;B01
201200020937;0;7;0;0;2;2;1;B01
201200020937;0;30;0;0;2;1;3;A01
201200020938;0;7;0;0;2;3;15;B01
201200020938;0;33;0;0;2;1;21;A01
201200020939;0;1;0;0;0;0;1;A01
201200020940;0;33;0;0;2;1;17;A01
201200020940;0;7;0;0;2;3;15;B01
201200020941;0;7;0;0;2;0;0;B01
201200020941;0;30;0;0;2;0;0;A01
201200020942;0;30;0;0;2;8;1;A01
201200020942;0;7;0;0;2;3;1;B01
201200020943;0;7;0;0;0;0;0;A01
201200020943;0;30;0;0;0;0;0;B01
201200020944;0;31;0;0;0;0;1;B01
201200020944;0;7;0;0;0;0;0;C01
201200020944;0;7;0;0;0;0;0;A01
201200020945;0;1;0;0;0;6;2;B01
201200020945;0;7;0;0;0;1;16;A01
201200020946;0;1;0;1;0;0;1;A01
201200020946;0;7;0;0;2;1;1;B01
201200020947;0;7;0;8;0;1;1;A01
201200020948;0;7;0;0;0;1;1;A01
201200020949;0;1;0;0;2;1;1;A01
201200020949;0;7;0;0;2;2;1;B01
201200020950;0;30;0;0;0;0;0;B01
201200020950;0;7;0;0;0;0;0;A01
201200020951;0;7;0;0;0;0;1;B01
201200020951;0;1;0;0;2;1;1;A01
201200020952;0;7;0;0;2;1;1;B01
201200020952;0;7;0;0;2;4;2;C01
201200020952;0;7;0;0;2;1;1;A01
201200020953;0;31;0;0;0;0;23;B01
201200020953;1;7;0;0;0;2;14;Z01
201200020954;0;7;0;0;2;3;22;A01
201200020954;0;1;0;1;0;1;1;B01
201200020955;0;1;0;0;0;0;1;A01
201200020956;0;31;0;0;2;1;1;B01
201200020956;0;7;0;0;2;3;10;A01
201200020957;0;7;0;0;2;4;1;B01
201200020957;0;7;0;0;2;1;1;A01
201200020958;0;7;0;0;2;8;10;A01
201200020958;0;7;0;0;2;1;1;B01
201200020959;0;7;0;9;0;1;1;A01
201200020960;0;7;0;0;2;1;1;B01
201200020960;0;7;0;0;2;6;1;A01
201200020961;0;7;0;0;2;7;0;D01
201200020961;0;34;0;12;0;8;1;A01
201200020961;0;7;0;0;2;7;0;C01
201200020961;0;7;0;0;2;7;0;B01
201200020962;0;7;0;0;2;4;1;B01
201200020962;0;7;0;0;2;1;1;A01
201200020963;0;33;0;5;0;0;21;B01
201200020963;0;7;0;0;0;0;9;A01
201200020964;0;33;0;0;2;7;17;A01
201200020964;0;7;0;0;2;8;15;B01
201200020965;0;32;0;0;2;1;1;A01
201200020965;0;7;0;0;2;7;1;B01
201200020966;0;30;0;0;2;1;1;B01
201200020966;0;7;0;0;2;7;1;A01
201200020967;0;32;0;0;2;0;1;A01
201200020967;0;7;0;0;2;4;1;B01
201200020968;0;2;0;0;2;1;13;A01
201200020968;0;7;0;0;2;1;1;B01
201200020969;0;7;0;0;2;7;1;B01
201200020969;0;7;0;0;2;1;1;A01
201200020970;0;10;0;0;0;2;2;A01
201200020970;0;7;0;0;0;4;2;D01
201200020970;0;7;0;0;0;6;2;B01
201200020970;0;7;0;0;0;4;2;C01
201200020971;0;1;0;0;2;1;1;B01
201200020971;0;7;0;0;0;0;0;A01
201200020972;0;30;0;1;0;1;2;A01
201200020973;0;7;0;1;0;8;0;A01
201200020973;0;2;0;0;2;2;1;B01
201200020974;0;7;0;0;2;6;2;A01
201200020974;0;7;0;7;0;1;2;B01
201200020975;0;1;0;0;0;7;2;B01
201200020975;0;30;0;0;9;0;2;A01
201200020976;0;7;0;14;0;0;0;A01
201200020977;0;33;0;0;2;0;1;B01
201200020977;0;7;0;13;0;0;1;A01
201200020978;0;7;0;7;0;9;1;A01
201200020979;0;7;0;0;2;8;1;A01
201200020979;0;7;0;6;2;1;1;B01
201200020980;0;7;0;0;2;1;0;A01
201200020980;0;7;0;0;2;1;0;B01
201200020981;0;7;0;0;1;1;0;A01
201200020982;0;7;0;0;1;1;0;A01
201200020983;0;1;0;0;2;0;0;A01
201200020983;0;1;0;0;2;0;0;B01
201200020984;0;7;0;0;2;8;1;B02
201200020984;0;7;0;0;2;7;12;A01
201200020985;0;7;0;4;0;3;1;A01
201200020986;0;33;0;1;0;1;1;A01
201200020986;0;10;0;0;0;6;24;B02
201200020987;0;7;0;4;0;3;1;A01
201200020988;0;7;0;4;0;3;13;A01
201200020989;0;7;0;7;0;3;2;A01
201200020990;0;7;0;13;0;2;14;A01
201200020991;0;7;0;0;9;3;0;A01
201200020991;0;33;0;0;0;2;0;B01
201200020992;0;30;0;0;1;1;0;A01
201200020993;0;33;0;0;2;3;0;B01
201200020993;0;7;0;0;9;2;0;A01
201200020994;1;99;0;0;1;0;0;Z01
201200020995;0;7;0;0;0;4;1;B01
201200020995;0;2;0;0;2;1;1;A01
201200020996;0;7;0;0;2;2;0;B01
201200020996;0;7;0;0;2;3;0;A01
201200020997;0;7;0;0;1;1;1;A01
201200020998;0;7;0;0;2;3;13;A01
201200020998;0;7;0;0;2;3;1;B01
201200020999;0;2;0;0;1;1;1;A01
201200021000;0;7;0;0;0;8;17;A01
201200021001;0;2;0;0;0;0;0;B01
201200021001;0;7;0;0;0;0;0;A01
201200021002;0;2;0;0;2;1;1;B01
201200021002;0;7;0;0;2;1;15;A01
201200021003;0;10;0;0;2;3;12;B01
201200021003;0;7;0;0;0;2;19;A01
201200021004;0;2;0;0;0;0;0;A01
201200021004;0;2;0;0;0;0;0;B01
201200021005;0;7;0;0;2;1;1;A01
201200021005;0;7;0;0;2;4;1;B01
201200021006;0;2;0;0;2;4;0;B01
201200021006;0;2;0;0;2;1;1;A01
201200021007;0;7;0;0;2;4;1;B01
201200021007;0;14;0;0;2;1;0;A01
201200021008;0;33;0;0;0;0;0;A01
201200021009;0;7;0;0;2;1;1;A01
201200021009;0;7;0;0;2;1;1;B01
201200021010;0;31;0;0;2;1;15;A01
201200021010;0;7;0;0;2;3;1;B01
201200021011;0;7;0;0;0;0;0;A01
201200021012;0;7;0;0;0;7;1;A01
201200021013;0;7;0;0;0;0;0;B01
201200021013;0;2;0;0;0;0;0;A01
201200021014;0;2;0;0;2;1;17;A01
201200021014;0;10;0;0;2;2;0;B01
201200021015;0;7;0;0;0;0;0;A01
201200021015;0;7;0;0;0;0;0;B01
201200021016;0;7;0;0;2;1;1;B01
201200021016;0;7;0;0;2;1;1;A01
201200021017;0;7;0;0;0;0;0;A01
201200021017;0;7;0;0;0;0;0;B01
201200021018;0;7;0;0;0;1;0;A01
201200021019;0;7;0;0;0;0;0;A01
201200021020;0;7;0;0;0;0;0;A01
201200021021;0;7;0;0;0;0;0;A01
201200021021;0;7;0;0;0;0;0;B01
201200021022;0;7;0;1;0;0;0;A01
201200021023;0;7;0;0;0;0;0;A01
201200021023;0;7;0;0;0;0;0;B01
201200021024;0;7;0;0;0;0;0;B01
201200021024;0;7;0;0;0;0;0;A01
201200021025;0;33;0;0;0;0;0;B01
201200021025;0;7;0;0;0;0;0;A01
201200021026;0;2;0;0;0;0;0;A01
201200021027;0;7;0;0;4;1;1;A01
201200021027;0;7;0;0;2;1;1;B01
201200021028;0;2;0;0;1;1;1;A01
201200021029;0;2;0;0;2;1;1;B01
201200021029;0;7;0;0;2;2;17;A01
201200021030;0;7;0;0;2;8;15;A01
201200021030;0;7;0;0;2;1;1;B01
201200021031;1;10;0;0;2;4;0;A01
201200021031;0;30;0;0;2;1;1;B01
201200021032;0;7;0;9;0;1;1;A01
201200021033;0;7;0;0;2;1;1;A01
201200021033;0;7;0;0;2;4;0;B01
201200021034;0;10;0;0;0;1;1;A01
201200021035;0;2;0;0;0;1;1;A01
201200021036;0;7;0;0;2;1;1;B01
201200021036;0;7;0;0;2;3;11;A01
201200021037;0;31;0;0;0;7;1;A01
201200021038;0;7;0;0;1;1;1;A01
201200021039;0;2;0;1;0;1;15;A01
201200021039;0;7;0;0;2;3;1;B01
201200021040;0;7;0;0;9;4;1;B01
201200021040;0;1;0;0;2;1;1;A01
201200021041;0;7;0;0;2;1;1;C01
201200021041;0;7;0;0;2;4;0;A01
201200021041;0;7;0;0;2;1;1;B01
201200021042;0;30;0;0;0;2;0;A01
201200021043;0;7;0;0;2;3;17;A01
201200021043;0;7;0;0;2;1;1;B01
201200021044;0;7;0;0;2;4;1;B01
201200021044;0;30;0;0;2;1;1;A01
201200021045;0;7;0;0;1;1;0;A01
201200021046;0;2;0;0;0;2;0;B01
201200021046;0;7;0;0;2;2;0;A01
201200021047;0;30;0;0;2;1;1;B01
201200021047;0;7;0;0;2;1;15;A01
201200021048;0;7;0;0;2;7;14;A01
201200021048;0;7;0;0;2;1;1;B01
201200021049;0;7;0;0;1;1;0;A01
201200021050;0;7;0;0;2;2;16;A01
201200021050;0;30;0;0;2;1;1;B01
201200021051;0;32;0;0;1;1;1;A01
201200021052;0;7;0;0;2;1;9;A01
201200021052;0;7;0;0;0;8;1;B01
201200021053;0;7;0;0;2;3;15;A01
201200021053;0;1;0;0;2;1;1;B01
201200021054;0;7;0;0;0;4;1;B01
201200021054;0;7;0;0;2;1;1;A01
201200021055;0;7;0;0;0;0;0;A01
201200021055;0;3;0;0;0;0;0;B01
201200021056;0;7;0;0;0;0;0;A01
201200021057;0;7;0;0;2;1;1;B01
201200021057;0;7;0;0;2;1;5;A01
201200021058;0;10;0;0;2;1;15;A01
201200021058;0;2;0;0;2;1;1;B01
201200021059;0;7;0;0;2;1;1;A01
201200021059;0;7;0;0;0;4;1;B01
201200021060;0;10;0;0;2;1;15;A01
201200021060;0;1;0;0;2;1;1;B01
201200021061;0;7;0;0;2;2;1;B01
201200021061;0;7;0;0;2;1;15;A01
201200021062;0;1;0;0;0;0;0;B01
201200021062;0;1;0;0;0;0;0;A01
201200021063;0;2;0;0;2;1;17;A01
201200021063;0;7;0;0;2;8;1;B01
201200021064;0;7;0;0;1;1;1;A01
201200021065;0;10;0;0;2;1;13;A01
201200021065;0;7;0;0;2;1;1;B01
201200021066;0;7;0;0;1;1;1;A01
201200021067;0;2;0;0;2;4;1;B01
201200021067;0;7;0;0;2;1;1;A01
201200021068;0;7;0;0;2;1;1;B01
201200021068;0;17;0;0;2;8;15;A01
201200021069;0;31;0;0;2;1;17;B01
201200021069;0;7;0;0;2;8;15;A01
201200021070;0;7;0;0;2;2;15;A01
201200021070;0;33;0;0;2;1;1;B01
201200021071;0;7;0;0;9;3;9;A01
201200021071;0;1;0;0;2;1;1;B01
201200021072;0;15;0;10;0;1;1;A01
201200021073;0;15;0;4;0;1;13;A01
201200021074;0;7;0;0;2;7;17;C03
201200021074;0;14;0;0;2;4;2;B02
201200021074;0;15;0;0;2;1;2;A01
201200021075;0;7;0;4;0;7;1;A01
201200021076;0;7;0;0;2;4;1;C03
201200021076;0;10;0;3;2;1;2;A01
201200021076;0;7;0;4;2;4;2;B02
201200021077;0;7;0;3;0;1;1;A01
201200021078;0;7;0;4;0;8;17;A01
201200021079;0;10;0;0;2;2;19;A01
201200021079;0;2;0;0;2;1;1;B02
201200021080;0;10;0;0;1;1;1;A01
201200021081;0;7;0;0;2;3;19;A01
201200021081;0;33;0;0;2;1;17;B02
201200021082;0;30;0;0;2;1;1;A01
201200021082;0;7;0;0;2;3;1;B02
201200021083;0;7;0;0;2;3;15;A01
201200021083;0;30;0;0;2;1;17;B02
201200021084;0;15;0;0;2;1;21;B02
201200021084;0;7;0;0;2;1;13;A01
201200021085;0;7;0;0;2;3;1;A01
201200021085;0;7;0;0;2;3;1;B02
201200021086;0;33;0;0;0;7;1;B02
201200021086;0;7;0;0;2;1;9;A01
201200021087;0;10;0;2;0;3;13;A01
201200021088;0;7;0;2;0;1;1;A01
201200021089;0;7;0;13;0;1;1;A01
201200021090;0;7;0;2;0;7;1;A01
201200021091;0;31;0;8;0;1;1;A01
201200021092;0;36;0;0;0;0;20;A01
201200021093;0;10;0;0;2;7;15;A01
201200021093;0;7;0;0;2;1;1;B02
201200021094;0;7;0;5;0;2;14;A01
201200021095;0;7;0;2;2;2;1;A01
201200021095;0;15;0;0;2;3;1;B02
201200021096;0;33;0;0;2;3;1;B02
201200021096;0;7;0;0;2;1;15;A01
201200021097;0;7;0;6;2;3;16;B02
201200021097;0;36;0;0;2;3;1;A01
201200021098;0;2;0;0;2;1;1;A01
201200021098;0;7;0;0;2;8;15;B02
201200021099;0;7;0;0;2;7;9;B02
201200021099;0;33;0;0;2;8;1;A01
201200021100;0;7;0;2;0;1;1;A01
201200021101;0;33;0;8;0;1;1;A01
201200021102;0;7;0;0;2;1;1;B02
201200021102;0;30;0;0;1;1;1;A01
201200021103;0;7;0;0;2;2;21;A01
201200021104;0;7;0;13;0;2;0;A01
201200021105;0;7;0;16;0;3;14;A01
201200021106;0;14;0;13;0;3;13;A01
201200021107;0;21;0;0;2;6;15;A01
201200021107;0;7;0;0;2;1;17;B02
201200021108;0;7;0;6;0;3;1;A01
201200021109;0;33;0;0;2;1;1;B02
201200021109;0;7;0;0;2;5;1;A01
201200021110;0;7;0;0;2;1;1;C03
201200021110;0;10;0;0;2;1;1;B02
201200021110;0;17;0;0;2;1;1;A01
201200021111;0;7;0;0;2;2;1;A01
201200021111;0;7;0;0;2;8;1;B02
201200021112;0;7;0;0;2;2;0;B02
201200021112;0;30;0;0;2;1;0;A01
201200021113;0;7;0;0;2;1;1;B02
201200021113;0;7;0;0;2;3;19;A01
201200021114;0;7;0;0;0;3;15;A01
201200021114;0;17;0;0;0;1;1;B02
201200021115;0;10;0;2;0;3;0;A01
201200021116;0;7;0;0;2;8;15;B02
201200021116;0;33;0;0;2;1;17;A01
201200021117;0;30;0;2;0;1;1;A01
201200021118;0;30;0;0;2;7;15;A01
201200021118;0;7;0;0;2;3;1;B02
201200021119;0;14;0;0;2;2;1;A01
201200021119;0;10;0;0;2;1;1;B02
201200021120;0;7;0;16;0;9;1;A01
201200021121;0;7;0;13;0;1;1;A01
201200021122;0;14;0;2;0;3;1;A01
201200021123;0;7;0;0;2;1;15;A01
201200021123;0;7;0;0;2;1;1;B02
201200021124;0;16;0;0;2;8;13;A01
201200021124;0;7;0;0;2;8;1;B02
201200021125;0;7;0;0;2;3;10;A01
201200021125;0;33;0;0;2;1;1;B02
201200021126;0;3;0;0;2;7;1;A01
201200021126;0;7;0;0;2;1;1;B02
201200021127;0;7;0;13;0;8;13;A01
201200021128;0;7;0;0;2;1;1;B02