num_acc;senc;catv;occutc;obs;obsm;choc;manv;num_veh
201200021128;0;32;0;0;2;1;5;A01
201200021129;0;7;0;8;0;9;1;A01
201200021130;0;7;0;2;0;8;1;A01
201200021131;0;7;0;0;2;2;15;A01
201200021131;0;33;0;0;2;1;1;B02
201200021132;0;30;0;8;0;1;0;A01
201200021133;0;33;0;9;0;1;1;A01
201200021134;0;7;0;0;2;1;1;A01
201200021134;0;17;0;0;2;4;2;B02
201200021135;0;7;0;13;0;1;1;A01
201200021136;0;7;0;0;2;1;0;B02
201200021136;0;7;0;0;2;1;1;A01
201200021137;0;7;0;2;0;3;1;A01
201200021138;0;7;0;13;0;1;1;A01
201200021139;0;7;0;2;0;1;1;A01
201200021140;0;7;0;15;0;1;1;A01
201200021141;0;10;0;3;0;3;2;A01
201200021142;0;10;0;0;0;1;23;A01
201200021142;0;7;0;0;2;1;1;B02
201200021143;0;7;0;14;0;1;2;C03
201200021143;0;7;0;4;0;6;1;B02
201200021143;0;7;0;4;2;2;17;A01
201200021144;0;10;0;3;0;7;0;A01
201200021145;0;7;0;4;0;1;1;A01
201200021145;0;7;0;0;2;3;1;B02
201200021146;0;15;0;13;0;1;1;A01
201200021147;0;7;0;0;2;4;2;B02
201200021147;0;7;0;0;2;1;2;A01
201200021148;0;33;0;0;2;1;3;A01
201200021148;0;7;0;0;0;6;1;B02
201200021149;0;7;0;13;0;5;0;A01
201200021150;0;33;0;0;0;9;1;A01
201200021151;0;15;0;1;1;2;14;A01
201200021152;0;17;0;4;0;8;0;A01
201200021153;0;7;0;0;2;3;5;A01
201200021153;0;7;0;0;2;3;5;B02
201200021154;0;7;0;0;2;3;5;A01
201200021154;0;99;0;0;2;3;1;B02
201200021155;0;30;0;6;0;1;1;A01
201200021156;0;2;0;0;2;1;1;B02
201200021156;0;7;0;0;2;7;15;A01
201200021157;0;7;0;0;2;6;15;B02
201200021157;0;32;0;0;2;1;13;A01
201200021158;0;7;0;0;2;2;2;B02
201200021158;0;32;0;0;2;4;23;A01
201200021159;0;14;0;0;2;4;24;C03
201200021159;0;7;0;0;0;1;9;A01
201200021159;0;7;0;1;2;5;1;B02
201200021160;0;7;0;0;2;3;13;A01
201200021160;0;7;0;0;2;3;1;B02
201200021161;0;33;0;0;2;5;1;A01
201200021161;0;7;0;0;2;6;19;B02
201200021162;0;31;0;13;0;7;14;A01
201200021163;0;7;0;0;2;1;1;B02
201200021163;0;7;0;0;2;2;10;A01
201200021164;0;7;0;13;0;7;14;A01
201200021165;0;15;0;8;0;3;1;A01
201200021166;0;14;0;0;9;3;1;A01
201200021166;1;10;0;0;9;3;1;B02
201200021167;0;7;0;0;2;4;23;C03
201200021167;0;7;0;0;2;9;23;B02
201200021167;0;7;0;0;2;1;1;A01
201200021168;0;7;0;0;2;8;13;A01
201200021168;0;17;0;0;2;1;1;B02
201200021169;0;7;0;0;2;3;1;B02
201200021169;0;7;0;0;2;5;17;A01
201200021170;0;1;0;0;2;3;13;A01
201200021170;0;7;0;0;9;3;1;B02
201200021171;0;7;0;0;2;1;1;B02
201200021171;0;7;0;0;2;1;13;A01
201200021172;0;7;0;0;2;3;2;A01
201200021172;0;2;0;0;0;4;15;B02
201200021173;0;33;0;0;2;1;1;B02
201200021173;0;7;0;0;2;3;13;A01
201200021174;0;7;0;3;0;2;1;A01
201200021175;0;7;0;13;0;3;13;A01
201200021176;0;33;0;0;2;1;1;B01
201200021176;0;7;0;0;2;3;15;A01
201200021177;0;7;0;0;2;3;13;A01
201200021177;0;7;0;0;2;3;1;B02
201200021178;0;7;0;0;0;1;18;A01
201200021178;0;16;0;0;0;3;15;B01
201200021179;0;7;0;0;0;8;1;A01
201200021179;0;7;0;0;2;1;1;B02
201200021180;0;33;0;3;0;1;1;A01
201200021181;0;7;0;13;0;1;1;A01
201200021182;0;7;0;6;0;1;16;A01
201200021183;0;99;0;0;9;3;1;B02
201200021183;0;7;0;0;9;3;1;A01
201200021184;0;10;0;0;0;3;0;A01
201200021185;0;7;0;0;2;2;1;B02
201200021185;0;33;0;0;2;3;1;A01
201200021186;0;33;0;0;0;8;16;A01
201200021187;0;7;0;8;0;1;20;A01
201200021188;0;7;0;0;1;1;1;A01
201200021189;0;33;0;0;2;1;1;A01
201200021189;0;7;0;0;2;3;16;B01
201200021190;0;7;0;0;2;1;13;A01
201200021190;0;7;0;0;2;1;1;B01
201200021191;0;7;0;0;1;2;1;A01
201200021192;0;7;0;8;0;1;14;A01
201200021193;0;7;0;0;1;2;1;A01
201200021194;0;7;0;0;1;1;1;A01
201200021195;0;7;0;0;2;4;2;C01
201200021195;0;7;0;0;2;4;2;B01
201200021195;0;7;0;0;0;4;2;D01
201200021195;0;7;0;0;2;1;1;A01
201200021196;0;33;0;0;0;8;15;A01
201200021197;0;7;0;0;1;3;16;B01
201200021198;1;7;0;0;2;3;13;A01
201200021198;0;7;0;0;2;3;1;B01
201200021199;0;7;0;0;2;8;15;A01
201200021199;0;7;0;0;2;8;1;B01
201200021200;0;33;0;0;0;2;14;A01
201200021201;0;2;0;0;2;1;13;A01
201200021201;0;10;0;0;2;1;1;B01
201200021202;0;7;0;0;2;7;1;B01
201200021202;0;30;0;0;2;8;9;A01
201200021203;0;30;0;0;0;0;1;A01
201200021204;0;7;0;0;2;3;9;A01
201200021204;0;7;0;0;2;2;1;B01
201200021205;0;7;0;12;0;2;1;A01
201200021206;0;7;0;3;0;3;1;A01
201200021207;0;17;0;10;1;6;20;A01
201200021208;0;30;0;0;1;1;1;A01
201200021209;0;1;0;0;2;1;1;B01
201200021209;0;7;0;0;9;7;16;A01
201200021210;0;7;0;0;2;2;1;B01
201200021210;0;7;0;0;2;3;19;A01
201200021211;0;33;0;0;2;1;2;B01
201200021211;0;7;0;0;2;8;9;A01
201200021212;0;7;0;0;2;2;15;A01
201200021212;0;30;0;0;2;1;1;B01
201200021213;0;33;0;0;0;0;0;A01
201200021214;0;7;0;0;2;3;1;C01
201200021214;0;10;0;0;2;1;2;A01
201200021214;0;7;0;0;2;4;16;B01
201200021215;0;7;0;7;0;1;1;A01
201200021216;0;7;0;0;2;3;1;B01
201200021216;0;7;0;0;2;3;16;A01
201200021217;0;10;0;0;2;3;1;C01
201200021217;0;10;0;0;2;3;17;A01
201200021217;0;17;0;0;2;6;1;B01
201200021218;0;7;0;0;2;4;1;B01
201200021218;0;7;0;0;2;1;2;A01
201200021219;0;7;0;0;2;3;15;B01
201200021219;0;30;0;0;2;7;17;A01
201200021220;0;33;0;0;0;7;1;A01
201200021221;0;7;0;0;1;2;16;A01
201200021222;0;7;0;0;1;1;1;A01
201200021223;0;7;0;0;2;1;13;A01
201200021223;0;14;0;0;2;1;1;B01
201200021224;0;7;0;0;0;6;23;B01
201200021224;0;7;0;0;2;2;2;A01
201200021225;0;33;0;1;0;1;18;A01
201200021226;0;31;0;11;0;1;21;A01
201200021227;0;7;0;0;1;1;1;A01
201200021228;0;7;0;0;2;1;19;A01
201200021228;0;7;0;0;2;3;1;B01
201200021229;0;7;0;0;2;1;1;A01
201200021229;0;7;0;0;0;4;23;B01
201200021230;0;7;0;0;1;1;1;A01
201200021231;0;7;0;0;2;3;1;B01
201200021231;0;7;0;0;2;1;15;A01
201200021232;0;10;0;0;2;3;2;A01
201200021232;0;7;0;0;2;4;1;C01
201200021232;0;7;0;0;2;5;2;B01
201200021233;0;7;0;0;2;5;9;C01
201200021233;0;3;0;0;2;5;2;A01
201200021233;0;7;0;0;2;2;2;B01
201200021234;0;36;0;0;2;1;1;B01
201200021234;0;7;0;0;2;1;15;A01
201200021235;0;33;0;0;2;3;1;B01
201200021235;0;7;0;0;2;2;15;A01
201200021236;0;7;0;0;2;5;1;B01
201200021236;0;7;0;0;2;1;1;A01
201200021237;0;7;0;0;2;7;1;A01
201200021237;0;7;0;0;2;1;1;B01
201200021238;0;7;0;0;2;1;1;B01
201200021238;0;1;0;0;2;2;19;A01
201200021239;0;33;0;0;0;8;9;A01
201200021240;0;7;0;0;1;4;4;A01
201200021241;0;2;0;0;2;1;1;B01
201200021241;0;7;0;0;2;3;16;A01
201200021242;0;7;0;3;0;3;1;A01
201200021243;0;7;0;0;2;8;9;B01
201200021243;0;33;0;0;2;1;1;A01
201200021244;0;7;0;0;2;4;2;B01
201200021244;0;7;0;0;2;1;1;A01
201200021245;0;7;0;0;2;3;9;B01
201200021245;0;2;0;0;2;2;9;A01
201200021246;0;7;0;0;2;2;3;A01
201200021246;0;7;0;0;2;6;1;B01
201200021247;0;33;0;0;0;2;1;A01
201200021248;0;7;0;0;2;3;1;B01
201200021248;0;30;0;0;2;1;21;A01
201200021249;0;10;0;0;2;3;15;A01
201200021249;0;33;0;0;2;3;1;B01
201200021250;0;2;0;9;0;1;1;A01
201200021251;0;7;0;8;0;1;1;A01
201200021252;0;7;0;0;1;3;1;A01
201200021253;0;7;0;0;2;1;1;A01
201200021253;0;7;0;0;0;4;1;B01
201200021254;0;7;0;0;2;3;15;A01
201200021254;0;33;0;0;2;1;1;B01
201200021255;0;7;0;0;2;3;2;A01
201200021255;0;7;0;0;2;5;23;B01
201200021256;0;7;0;0;2;6;15;B01
201200021256;0;32;0;0;2;1;2;A01
201200021257;0;30;0;0;0;0;17;A01
201200021257;0;7;0;0;2;3;15;B01
201200021258;0;2;0;11;0;1;6;A01
201200021259;0;31;0;0;2;1;1;B01
201200021259;0;7;0;0;2;7;15;A01
201200021260;0;37;60;0;2;2;4;A01
201200021260;0;37;6;0;2;8;1;B01
201200021261;0;7;0;2;0;1;1;A01
201200021262;0;2;0;8;0;1;1;A01
201200021263;0;33;0;0;2;7;1;B01
201200021263;0;7;0;0;2;6;11;A01
201200021264;0;7;0;1;0;2;1;A01
201200021265;0;7;0;13;0;1;1;A01
201200021266;0;7;0;0;2;3;17;A01
201200021266;0;7;0;12;2;3;1;B01
201200021267;0;1;0;0;2;1;1;B01
201200021267;0;7;0;0;9;3;15;A01
201200021268;0;7;0;0;1;1;1;A01
201200021269;1;7;0;0;1;1;16;A01
201200021270;0;14;0;0;2;6;16;B01
201200021270;0;7;0;0;2;2;1;A01
201200021271;0;33;0;0;2;8;1;B01
201200021271;0;7;0;0;2;7;14;A01
201200021272;0;7;0;0;2;1;1;B01
201200021272;0;7;0;4;2;1;1;A01
201200021273;0;7;0;0;2;1;15;A01
201200021273;0;33;0;0;2;1;1;B01
201200021274;0;10;0;8;2;1;1;B01
201200021274;0;7;0;0;2;2;1;A01
201200021275;0;2;0;0;2;1;19;A01
201200021275;0;7;0;0;2;1;15;B01
201200021276;0;2;0;15;0;1;1;A01
201200021277;0;7;0;8;0;2;15;A01
201200021278;0;7;0;0;2;7;16;A01
201200021278;0;2;0;0;2;1;1;B01
201200021279;0;7;0;0;2;1;11;B01
201200021279;0;17;0;0;0;0;16;C01
201200021279;0;33;0;0;0;8;15;A01
201200021280;0;30;0;0;2;3;5;A01
201200021280;0;7;0;0;2;3;16;B01
201200021281;0;7;0;0;2;1;1;B01
201200021281;1;7;0;0;2;8;1;A01
201200021282;0;7;0;0;2;7;1;B01
201200021282;0;7;0;0;2;3;16;A01
201200021283;0;7;0;0;2;1;1;A01
201200021283;0;7;0;0;2;2;15;B01
201200021284;0;7;0;2;0;1;1;A01
201200021285;0;10;0;0;2;1;9;A01
201200021285;0;7;0;0;2;7;15;B01
201200021286;0;7;0;0;2;2;19;A01
201200021286;0;7;0;0;2;1;1;B01
201200021287;0;7;0;0;2;1;16;A01
201200021287;0;7;0;0;2;1;1;B01
201200021288;0;7;0;0;0;6;1;B01
201200021288;0;7;0;0;2;3;1;A01
201200021289;0;30;0;0;2;1;1;A01
201200021289;0;7;0;0;2;4;23;B01
201200021290;0;7;0;0;2;2;15;A01
201200021290;0;7;0;0;2;3;1;B01
201200021291;0;7;0;1;0;1;1;A01
201200021291;0;7;0;0;0;4;23;B01
201200021292;0;2;0;0;2;1;1;A01
201200021292;0;7;0;0;0;5;2;B01
201200021293;0;2;0;0;0;8;1;B01
201200021293;1;10;0;0;0;0;0;C01
201200021294;0;7;0;8;0;2;1;A01
201200021295;0;13;0;0;2;2;1;B01
201200021295;0;7;0;0;2;6;9;A01
201200021296;0;7;0;0;2;3;10;A01
201200021296;0;30;0;0;2;1;1;B01
201200021297;0;33;0;13;0;1;1;A01
201200021298;0;7;0;0;2;8;1;C01
201200021298;0;7;0;0;2;3;13;A01
201200021298;0;10;0;0;2;8;1;D01
201200021298;0;7;0;0;2;3;1;B01
201200021299;1;30;0;0;1;1;1;Z01
201200021300;0;7;0;0;2;1;2;A01
201200021300;0;10;0;0;0;4;1;C01
201200021300;0;7;0;0;0;4;1;B01
201200021301;0;1;0;1;0;1;1;B01
201200021301;0;7;0;0;9;7;24;A01
201200021302;0;33;0;0;2;6;1;B01
201200021302;0;7;0;0;2;3;16;A01
201200021303;0;7;0;0;1;2;1;A01
201200021304;0;7;0;0;2;3;13;A01
201200021304;0;7;0;0;2;3;1;B01
201200021305;0;7;0;0;2;1;2;B01
201200021305;0;7;0;0;2;4;23;A01
201200021306;0;7;0;0;1;2;1;A01
201200021307;0;7;0;0;2;1;1;B01
201200021307;0;7;0;0;2;8;15;A01
201200021308;0;7;0;0;2;6;1;B01
201200021308;0;2;0;0;2;1;17;A01
201200021309;0;3;0;0;2;7;17;A01
201200021309;0;7;0;0;2;8;1;B01
201200021310;0;7;0;15;0;1;14;A01
201200021311;0;30;0;0;2;1;9;A01
201200021311;0;7;0;0;9;2;1;B01
201200021311;0;7;0;0;9;3;1;C01
201200021312;0;33;0;0;2;1;5;B01
201200021312;0;7;0;0;2;3;15;A01
201200021313;0;7;0;0;2;3;1;B01
201200021313;0;7;0;0;2;3;13;A01
201200021314;0;30;0;0;2;1;2;A01
201200021314;0;7;0;0;0;4;23;B01
201200021315;0;7;0;8;2;5;1;A01
201200021315;0;7;0;0;2;2;1;B01
201200021316;0;7;0;0;2;3;9;A01
201200021316;0;7;0;0;2;1;1;B01
201200021317;0;7;0;1;0;2;1;A01
201200021318;0;7;0;0;0;4;1;C01
201200021318;0;7;0;0;2;1;1;A01
201200021318;0;7;0;0;0;4;1;B01
201200021319;0;2;0;0;2;1;13;A01
201200021319;0;7;0;0;2;2;1;B01
201200021320;0;7;0;0;2;4;1;B01
201200021320;0;7;0;0;2;1;1;A01
201200021321;0;7;0;0;2;2;1;A01
201200021321;0;1;0;0;2;5;1;B01
201200021322;0;7;0;0;2;1;1;C01
201200021322;0;7;0;0;2;5;21;B01
201200021322;0;7;0;0;2;2;13;A01
201200021323;0;7;0;0;2;7;15;A01
201200021323;0;32;0;0;2;1;1;B01
201200021324;0;7;0;0;1;4;4;A01
201200021325;0;7;0;0;2;1;1;B01
201200021325;0;2;0;0;2;8;1;A01
201200021326;0;7;0;0;2;5;5;A01
201200021326;0;7;0;0;2;1;16;B01
201200021327;0;7;0;14;1;4;4;A01
201200021328;0;7;0;13;0;8;14;A01
201200021329;0;31;0;0;2;2;1;B01
201200021329;0;7;0;0;2;1;9;A01
201200021330;0;7;0;6;0;3;15;A01
201200021331;0;7;0;0;2;8;1;B01
201200021331;0;7;0;0;2;1;1;A01
201200021332;0;7;0;0;2;7;1;B01
201200021332;0;1;0;0;2;1;16;A01
201200021333;0;7;0;0;2;2;2;B01
201200021333;0;7;0;0;2;6;2;A01
201200021334;0;7;0;0;2;1;2;B01
201200021334;0;7;0;0;0;4;1;A01
201200021334;0;7;0;14;2;4;2;C01
201200021334;0;7;0;14;2;1;2;D01
201200021335;0;7;0;0;0;9;1;A01
201200021336;0;7;0;0;2;1;2;C01
201200021336;0;7;0;0;0;1;2;A01
201200021336;0;7;0;0;0;4;1;B01
201200021337;0;7;0;14;0;1;1;A01
201200021338;0;7;0;0;2;2;1;B01
201200021338;0;7;0;0;2;1;16;A01
201200021339;0;7;0;0;2;1;2;A01
201200021339;0;7;0;0;2;4;2;B01
201200021339;0;7;0;0;0;4;2;C01
201200021340;0;7;0;0;1;2;1;A01
201200021341;0;10;0;0;0;3;15;B01
201200021341;0;33;0;0;2;1;1;A01
201200021342;0;7;0;0;2;4;1;B01
201200021342;0;7;0;0;2;1;2;A01
201200021343;1;7;0;0;1;0;1;Z01
201200021344;0;7;0;0;2;1;17;A01
201200021344;0;33;0;0;2;1;1;B01
201200021345;0;7;0;13;0;9;1;A01
201200021346;0;7;0;13;2;2;17;A01
201200021346;0;7;0;0;2;3;2;B01
201200021347;0;7;0;0;2;1;1;A01
201200021347;0;7;0;0;2;2;15;B01
201200021348;0;7;0;0;2;2;1;B01
201200021348;0;7;0;0;2;3;9;A01
201200021349;0;30;0;0;2;2;14;A01
201200021349;0;7;0;0;9;3;1;B01
201200021350;0;7;0;0;2;8;15;A01
201200021350;0;7;0;0;2;1;1;B01
201200021351;0;7;0;0;2;6;10;A01
201200021351;0;30;0;0;2;1;1;B01
201200021352;0;7;0;0;2;4;0;C01
201200021352;0;10;0;0;2;1;1;A01
201200021352;0;7;0;0;2;4;1;B01
201200021353;0;7;0;0;1;1;0;A01
201200021354;0;3;0;8;0;1;1;A01
201200021355;0;7;0;0;1;1;1;A01
201200021356;0;3;0;0;2;1;1;B01
201200021356;0;7;0;0;2;3;15;A01
201200021357;0;7;0;15;1;1;1;A01
201200021357;0;7;0;3;0;3;1;B01
201200021358;0;10;0;0;2;1;1;A01
201200021358;0;10;0;0;0;4;1;B01
201200021359;0;7;0;0;1;2;1;A01
201200021360;0;7;0;0;2;1;2;A01
201200021360;0;7;0;0;0;4;1;C01
201200021360;0;7;0;0;2;9;1;B01
201200021361;0;7;0;1;0;2;1;A01
201200021361;0;7;0;0;0;6;23;B01
201200021362;0;7;0;0;2;3;9;A01
201200021362;0;2;0;0;2;2;1;B01
201200021363;0;7;0;0;0;0;5;A01
201200021363;0;2;0;16;0;7;21;B01
201200021364;0;7;0;1;0;5;14;A01
201200021365;0;2;0;0;2;1;1;B01
201200021365;0;7;0;0;2;3;15;A01
201200021366;0;14;0;0;2;1;15;A01
201200021366;0;7;0;0;2;3;1;B01
201200021367;0;1;0;0;2;1;9;A01
201200021367;0;7;0;0;2;8;1;B01
201200021368;0;3;0;0;2;4;23;B01
201200021368;0;7;0;0;2;1;1;A01
201200021369;0;2;0;0;2;1;1;B01
201200021369;0;7;0;0;2;1;15;A01
201200021370;0;7;0;15;0;1;1;A01
201200021371;0;7;0;0;2;7;15;A01
201200021371;0;7;0;0;2;1;1;B01
201200021372;0;37;1;0;1;4;9;A01
201200021373;0;7;0;0;0;1;1;A01
201200021374;0;33;0;14;0;7;1;A01
201200021375;0;30;0;0;2;1;1;A01
201200021375;0;10;0;0;2;3;15;B01
201200021376;0;2;0;0;2;2;1;B01
201200021376;0;7;0;0;2;2;1;A01
201200021377;0;7;0;15;0;2;1;A01
201200021378;0;7;0;0;2;1;1;A01
201200021378;0;30;0;0;2;8;9;B02
201200021379;0;10;0;0;2;3;13;A01
201200021379;0;33;0;0;2;7;17;B02
201200021380;0;33;0;0;2;8;13;B02
201200021380;0;7;0;0;2;8;1;A01
201200021381;0;10;0;0;0;1;9;B02
201200021381;0;31;0;0;0;1;1;A01
201200021382;0;15;0;0;2;3;1;B02
201200021382;0;10;0;0;2;3;13;A01
201200021383;0;7;0;8;0;1;1;A01
201200021384;0;7;0;0;2;5;15;B02
201200021384;0;34;0;0;2;1;14;A01
201200021385;0;10;0;2;0;3;13;A01
201200021386;0;10;0;0;2;2;1;A01
201200021387;0;7;0;0;2;7;6;B02
201200021387;0;7;0;0;2;2;1;A01
201200021388;0;7;0;0;2;1;13;A01
201200021388;0;7;0;0;2;1;0;B02
201200021389;0;33;0;7;0;1;21;A01
201200021390;0;33;0;0;0;1;1;A01
201200021391;0;7;0;0;2;6;1;B02
201200021391;0;7;0;0;2;8;15;A01
201200021392;0;21;0;0;9;0;1;A01
201200021393;0;17;0;0;2;1;1;B02
201200021393;0;7;0;0;2;1;13;A01
201200021394;0;7;0;0;2;1;2;A01
201200021394;0;21;0;0;0;4;1;B02
201200021395;0;10;0;0;0;6;2;A01
201200021395;0;7;0;0;2;2;2;B02
201200021396;0;7;0;3;0;1;1;A01
201200021397;0;7;0;0;0;0;13;A01
201200021397;0;7;0;3;0;9;21;B02
201200021398;0;7;0;0;0;1;16;A01
201200021399;0;7;0;0;2;3;2;B02
201200021399;0;7;0;0;0;0;0;C03
201200021399;0;10;0;0;0;4;9;A01
201200021400;0;7;0;0;2;6;2;B02
201200021400;0;7;0;0;2;2;2;A01
201200021401;0;10;0;0;0;4;2;B02
201200021401;0;33;0;0;2;1;2;A01
201200021402;0;33;0;3;0;1;1;A01
201200021403;0;10;0;1;0;1;1;A01
201200021404;0;7;0;3;0;2;1;A01
201200021405;0;7;0;13;0;1;1;A01
201200021406;0;7;0;0;2;7;19;A01
201200021406;0;7;0;0;2;2;21;B02
201200021407;0;15;0;3;0;2;1;A01
201200021408;0;7;0;3;1;1;1;A01
201200021409;0;33;0;0;0;3;0;A01
201200021410;0;7;0;0;2;2;11;A01
201200021410;0;15;0;0;2;6;2;B02
201200021411;0;7;0;4;0;3;17;A01
201200021412;0;15;0;0;2;7;1;B02
201200021412;0;7;0;5;2;8;9;A01
201200021413;0;7;0;6;0;4;17;A01
201200021414;0;7;0;0;0;9;1;A01
201200021415;0;7;0;4;0;1;17;A01
201200021416;0;33;0;3;0;0;0;A01
201200021417;0;7;0;4;0;3;1;A01
201200021418;0;7;0;3;2;3;13;A01
201200021418;1;99;0;0;0;0;0;D04
201200021419;0;7;0;9;0;1;1;A01
201200021420;0;7;0;3;0;1;1;A01
201200021421;0;7;0;0;0;9;21;H08
201200021421;0;7;0;0;2;6;20;F06
201200021421;0;7;0;0;2;1;21;G07
201200021421;0;7;0;3;2;2;21;I09
201200021421;0;7;0;0;2;8;21;D04
201200021421;0;7;0;0;2;8;21;B02
201200021421;0;7;0;0;2;2;5;A01
201200021421;0;7;0;3;0;2;21;C03
201200021421;0;7;0;0;2;3;21;E05
201200021422;0;7;0;13;0;1;17;A01
201200021423;0;7;0;6;0;9;14;A01
201200021424;0;17;0;3;2;7;6;A01
201200021424;0;7;0;3;0;4;1;B02
201200021425;0;7;0;0;2;0;23;A01
201200021425;0;33;0;0;2;1;2;B02
201200021426;0;7;0;0;0;6;2;B02
201200021426;0;7;0;0;2;5;2;A01
201200021427;0;7;0;4;0;3;1;A01
201200021428;0;7;0;3;0;2;14;A01
201200021429;0;7;0;13;0;3;17;A01
201200021430;0;7;0;0;2;1;2;A01
201200021430;0;33;0;0;0;4;2;B02
201200021431;0;7;0;16;0;9;14;A01
201200021432;0;7;0;4;0;3;13;A01
201200021433;0;7;0;1;1;7;20;A01
201200021433;0;7;0;0;2;8;23;B02
201200021433;0;7;0;0;2;7;0;C03
201200021434;0;7;0;4;0;3;1;A01
201200021435;0;7;0;3;0;2;14;A01
201200021436;0;7;0;0;1;3;1;A01
201200021437;0;7;0;0;2;1;5;A01
201200021437;0;7;0;0;2;1;1;B02
201200021438;0;7;0;4;0;1;1;A01
201200021439;0;7;0;7;0;1;14;A01
201200021440;0;7;0;0;2;2;12;A01
201200021440;0;7;0;0;2;3;1;B02
201200021441;0;7;0;0;2;1;5;A01
201200021441;0;7;0;0;2;1;1;B02
201200021442;0;7;0;0;2;1;2;A01
201200021442;0;7;0;0;2;4;2;B02
201200021443;0;7;0;3;0;3;1;A01
201200021444;0;15;0;3;0;1;1;A01
201200021444;0;7;0;0;0;0;0;B02
201200021445;0;7;0;0;0;1;11;A01
201200021446;0;7;0;3;0;1;1;A01
201200021447;0;7;0;0;2;1;2;A01
201200021447;0;17;0;0;2;4;2;B02
201200021448;0;7;0;3;0;3;1;A01
201200021449;0;7;0;0;2;1;2;A01
201200021449;0;10;0;0;2;4;2;B02
201200021449;0;7;0;1;0;1;1;C03
201200021450;0;7;0;3;0;1;0;A01
201200021451;0;7;0;0;2;1;2;A01
201200021451;0;10;0;0;2;4;23;B02
201200021452;0;7;0;0;2;1;1;B02
201200021452;0;7;0;0;0;4;1;A01
201200021453;0;7;0;0;2;1;1;A01
201200021453;0;7;0;8;2;4;1;B02
201200021454;0;7;0;0;2;2;14;A01
201200021454;0;7;0;0;0;4;1;B02
201200021455;0;7;0;0;2;0;13;B02
201200021455;0;7;0;0;2;0;17;A01
201200021456;0;7;0;0;2;1;1;B02
201200021456;0;7;0;0;2;1;5;A01
201200021457;0;3;0;0;0;4;2;B02
201200021457;0;7;0;0;2;1;2;A01
201200021458;0;7;0;0;2;9;1;B02
201200021458;0;7;0;0;2;1;1;A01
201200021458;0;7;0;0;2;4;23;D04
201200021458;0;7;0;0;2;9;1;C03
201200021459;0;7;0;13;0;1;13;A01
201200021460;0;31;0;13;0;1;12;A01
201200021461;0;7;0;0;2;6;19;A01
201200021461;0;10;0;0;2;3;1;B02
201200021462;0;7;0;13;0;1;1;A01
201200021463;0;7;0;2;0;8;1;A01
201200021464;0;17;0;0;0;8;1;C03
201200021464;0;10;0;0;0;6;1;B02
201200021464;0;10;0;0;0;2;17;A01
201200021465;0;7;0;0;2;1;2;A01
201200021465;0;7;0;0;0;4;23;B02
201200021466;0;7;0;0;0;4;1;A01
201200021466;0;7;0;14;0;1;2;C03
201200021466;0;7;0;14;0;1;2;E05
201200021466;0;10;0;0;0;4;2;D04
201200021466;0;7;0;0;0;4;2;B02
201200021467;0;7;0;0;0;4;1;A01
201200021467;0;7;0;0;2;1;2;B02
201200021468;0;7;0;0;0;4;2;B02
201200021468;0;7;0;0;2;1;2;A01
201200021469;0;7;0;13;0;2;1;A01
201200021470;0;7;0;3;1;1;2;A01
201200021471;0;7;0;3;0;1;1;A01
201200021471;0;7;0;1;0;8;1;B02
201200021472;0;7;0;0;2;4;2;E05
201200021472;0;10;0;0;2;1;2;A01
201200021472;0;7;0;3;0;3;21;I09
201200021472;0;7;0;0;2;4;2;H08
201200021472;0;7;0;0;2;4;2;D04
201200021472;0;7;0;0;2;4;2;G07
201200021472;0;7;0;0;2;4;2;F06
201200021472;0;7;0;3;2;4;2;B02
201200021473;0;7;0;3;0;3;1;A01
201200021474;0;7;0;13;2;9;1;A01
201200021474;0;7;0;0;2;1;1;D01
201200021474;0;7;0;0;2;4;24;C01
201200021475;0;33;0;3;0;8;1;A01
201200021476;0;7;0;0;2;0;17;A01
201200021476;0;7;0;0;2;3;1;B01
201200021477;0;7;0;3;0;1;1;A01
201200021478;0;17;0;0;0;4;2;B02
201200021478;0;17;0;0;2;1;2;A01
201200021479;0;7;0;0;2;7;17;A01
201200021479;0;7;0;0;2;8;2;B01
201200021480;0;7;0;13;0;2;14;A01
201200021481;0;7;0;13;6;7;21;A01
201200021482;0;10;0;0;2;3;1;C01
201200021482;0;7;0;0;2;1;1;B01
201200021482;2;2;0;0;2;1;19;A01
201200021483;0;7;0;0;1;1;1;A01
201200021484;0;7;0;0;2;1;15;A01
201200021484;0;7;0;0;2;8;1;B01
201200021485;0;7;0;0;2;1;1;A01
201200021485;0;7;0;0;2;3;15;B01
201200021486;0;7;0;0;2;1;16;A01
201200021486;0;7;0;0;2;8;1;B01
201200021487;0;7;0;0;0;3;16;A01
201200021487;0;33;0;0;2;1;1;B01
201200021488;0;7;0;0;2;2;11;A01
201200021488;0;2;0;0;2;7;0;B01
201200021489;0;7;0;0;2;1;2;A01
201200021489;0;33;0;0;2;8;2;B01
201200021490;0;2;0;0;2;1;17;A01
201200021490;0;7;0;0;2;1;15;B01
201200021491;0;30;0;0;0;2;1;A01
201200021492;0;2;0;0;2;1;1;A01
201200021492;0;7;0;0;0;4;1;B01
201200021493;0;2;0;15;2;1;1;B01
201200021493;0;7;0;0;2;2;10;A01
201200021494;0;13;0;0;2;6;4;A01
201200021494;0;1;0;0;2;1;1;B01
201200021495;0;7;0;8;0;1;1;A01