num_acc;senc;catv;occutc;obs;obsm;choc;manv;num_veh
201200021496;0;7;0;0;2;7;1;B01
201200021496;0;10;0;0;2;1;9;A01
201200021497;0;7;0;0;2;1;1;B01
201200021497;0;7;0;0;2;1;13;A01
201200021498;1;7;0;0;1;0;17;Z01
201200021499;0;30;0;0;2;2;1;B01
201200021499;0;7;0;0;2;3;16;A01
201200021500;0;7;0;0;2;1;1;B01
201200021500;0;7;0;0;2;8;9;A01
201200021501;0;2;0;12;0;0;1;A01
201200021502;0;10;0;0;1;1;1;A01
201200021503;0;7;0;0;2;1;1;B01
201200021503;0;7;0;0;2;8;19;A01
201200021504;0;7;0;0;2;1;15;A01
201200021504;0;7;0;0;2;1;1;B01
201200021505;0;7;0;0;2;3;11;A01
201200021505;0;7;0;0;2;1;16;B01
201200021506;0;7;0;0;0;4;15;A01
201200021506;0;10;0;0;2;1;1;C01
201200021506;0;7;0;0;2;1;1;B01
201200021507;0;7;0;13;0;1;14;A01
201200021508;0;7;0;0;2;2;15;A01
201200021508;0;7;0;0;2;1;1;B01
201200021509;0;7;0;0;2;1;1;B01
201200021509;0;7;0;0;2;1;5;A01
201200021510;0;7;0;0;1;3;1;A01
201200021511;0;30;0;0;2;8;1;B01
201200021511;0;7;0;0;2;3;15;A01
201200021512;0;7;0;0;1;7;1;A01
201200021513;0;7;0;0;2;2;15;A01
201200021513;0;7;0;0;2;1;1;B01
201200021514;0;7;0;0;2;6;1;B01
201200021514;0;7;0;0;2;1;13;A01
201200021515;0;7;0;0;1;1;1;A01
201200021516;0;7;0;0;2;2;17;B01
201200021516;0;7;0;0;2;3;15;A01
201200021517;0;2;0;0;2;1;1;B01
201200021517;0;7;0;0;2;3;9;A01
201200021518;0;7;0;0;1;3;16;A01
201200021519;0;7;0;9;0;3;0;A01
201200021520;0;7;0;6;0;2;14;A01
201200021521;0;7;0;0;2;1;1;B02
201200021521;0;7;0;0;2;8;1;A01
201200021522;0;7;0;2;0;1;0;A01
201200021523;0;38;0;0;2;1;1;B02
201200021523;0;31;0;0;2;1;13;A01
201200021524;0;10;0;0;2;3;19;A01
201200021524;0;7;0;0;2;5;0;B02
201200021525;0;99;0;13;0;1;15;A01
201200021526;0;7;0;2;0;1;0;A01
201200021527;0;7;0;8;0;3;1;A01
201200021528;0;7;0;0;2;2;17;B02
201200021528;0;30;0;0;2;3;15;A01
201200021529;0;7;0;0;2;1;1;B02
201200021529;0;7;0;0;2;1;15;A01
201200021530;0;7;0;0;0;5;17;A01
201200021530;0;7;0;0;2;3;1;B02
201200021531;0;7;0;0;2;1;1;C03
201200021531;0;7;0;0;2;1;1;B02
201200021531;0;7;0;0;2;1;1;A01
201200021532;0;7;0;0;2;3;10;A01
201200021532;0;33;0;0;2;2;17;B02
201200021533;0;7;0;0;1;7;1;A01
201200021534;0;7;0;0;0;1;1;B02
201200021534;0;13;0;0;2;1;13;A01
201200021535;0;1;0;0;0;4;2;B02
201200021535;0;7;0;0;2;1;2;A01
201200021536;0;33;0;2;0;3;0;A01
201200021537;0;7;0;0;2;3;13;A01
201200021537;0;7;0;0;2;3;17;B02
201200021538;0;7;0;0;2;1;1;B02
201200021538;0;10;0;0;2;2;15;A01
201200021539;0;31;0;0;2;1;1;B02
201200021539;0;7;0;0;2;7;15;A01
201200021540;0;33;0;0;9;1;13;A01
201200021541;0;7;0;0;2;1;1;B02
201200021541;0;10;0;0;2;1;13;A01
201200021542;0;33;0;0;0;7;17;A01
201200021543;0;1;0;0;2;6;1;B02
201200021543;0;7;0;0;2;3;1;A01
201200021544;0;7;0;2;0;1;13;A01
201200021545;0;7;0;0;1;3;1;A01
201200021546;0;17;0;0;1;3;1;A01
201200021546;0;7;0;0;1;1;1;B02
201200021547;0;7;0;0;2;3;17;A01
201200021547;0;7;0;0;2;8;1;B02
201200021547;0;7;0;0;2;3;1;C03
201200021548;0;2;0;1;0;1;2;B02
201200021548;0;7;0;0;0;6;23;A01
201200021549;0;1;0;0;2;8;1;A01
201200021549;0;7;0;0;2;7;17;B02
201200021550;0;34;0;0;0;9;13;A01
201200021551;0;34;0;0;2;1;1;A01
201200021551;0;7;0;0;0;4;0;B02
201200021552;0;1;0;0;1;1;21;A01
201200021553;0;7;0;13;2;7;17;B02
201200021553;0;10;0;12;2;8;17;A01
201200021554;0;7;0;0;2;3;1;A01
201200021554;0;7;0;0;2;6;1;B02
201200021555;0;7;0;0;2;1;2;A01
201200021555;0;7;0;0;2;4;2;B02
201200021556;0;7;0;0;2;3;13;A01
201200021556;0;7;0;0;2;3;1;B02
201200021557;0;33;0;0;2;1;17;A01
201200021557;0;7;0;0;2;3;1;C03
201200021557;0;7;0;0;2;3;1;B02
201200021558;0;7;0;0;1;3;1;A01
201200021559;0;30;0;0;1;1;1;A01
201200021560;0;30;0;1;0;2;1;A01
201200021561;0;7;0;0;2;1;1;A01
201200021561;0;7;0;0;2;1;1;B02
201200021562;0;33;0;0;2;2;13;A01
201200021562;0;7;0;0;2;2;1;B02
201200021563;0;7;0;0;2;1;10;A01
201200021563;0;7;0;0;2;1;1;B02
201200021564;0;7;0;2;0;5;1;A01
201200021565;0;7;0;1;0;4;13;A01
201200021565;0;15;0;0;0;5;23;C03
201200021565;0;7;0;0;2;1;13;B02
201200021566;0;10;0;0;0;4;23;B02
201200021566;0;7;0;0;0;6;23;A01
201200021566;0;7;0;0;2;1;1;C03
201200021567;0;7;0;0;2;4;13;A01
201200021567;0;7;0;0;2;1;1;B02
201200021568;0;7;0;0;2;3;1;A01
201200021568;0;7;0;0;2;1;5;B02
201200021569;0;33;0;0;0;7;1;A01
201200021570;0;1;0;0;2;7;1;B02
201200021570;0;7;0;0;2;3;9;A01
201200021571;0;7;0;0;2;3;1;B02
201200021571;0;7;0;0;2;3;13;A01
201200021572;0;7;0;0;1;3;1;A01
201200021573;0;7;0;0;2;1;1;B02
201200021573;0;7;0;0;2;3;15;A01
201200021574;0;7;0;0;2;1;1;B02
201200021574;0;10;0;0;2;7;15;A01
201200021575;0;7;0;0;2;1;13;A01
201200021575;0;7;0;0;2;1;1;B02
201200021576;0;2;0;0;2;1;1;B02
201200021576;0;7;0;0;2;7;15;A01
201200021577;0;36;0;2;0;3;17;A01
201200021578;0;7;0;13;0;9;1;A01
201200021579;0;17;0;0;2;1;1;B02
201200021579;0;7;0;0;2;1;13;A01
201200021580;0;10;0;0;2;2;1;A01
201200021580;0;1;0;0;2;8;10;B02
201200021581;0;7;0;0;2;3;1;B02
201200021581;0;7;0;0;2;2;9;A01
201200021582;0;10;0;0;2;1;1;A01
201200021582;0;10;0;0;2;7;1;B02
201200021583;0;33;0;0;0;0;15;A01
201200021584;0;30;0;0;2;3;17;B02
201200021584;0;7;0;0;2;5;1;A01
201200021585;0;10;0;12;0;2;1;A01
201200021586;0;33;0;0;2;2;1;B02
201200021586;0;7;0;0;2;6;11;A01
201200021587;0;7;0;0;2;1;1;B02
201200021587;0;33;0;0;2;1;17;A01
201200021588;0;7;0;0;2;3;1;B02
201200021588;0;7;0;0;2;3;13;A01
201200021589;0;32;0;0;9;1;21;A01
201200021590;0;7;0;0;2;1;15;A01
201200021590;0;30;0;0;2;1;1;B01
201200021591;0;7;0;0;2;8;15;B01
201200021591;0;2;0;0;2;7;17;A01
201200021592;0;7;0;0;2;1;15;A01
201200021592;0;2;0;0;2;1;1;B01
201200021593;0;7;0;0;2;2;15;A01
201200021593;0;1;0;0;2;1;1;B01
201200021594;0;10;0;0;2;4;23;B01
201200021594;0;10;0;0;2;1;1;A01
201200021595;0;7;0;0;1;1;1;A01
201200021596;0;10;0;0;1;7;16;A01
201200021597;0;7;0;0;2;4;2;B01
201200021597;0;7;0;0;2;1;1;A01
201200021597;0;7;0;0;2;4;2;C01
201200021598;0;2;0;0;2;1;2;A01
201200021598;0;7;0;0;2;4;2;B01
201200021599;0;31;0;0;1;1;1;A01
201200021599;0;7;0;0;2;8;23;B01
201200021600;0;33;0;12;0;8;1;A01
201200021601;0;7;0;0;2;1;9;A01
201200021601;0;7;0;0;2;2;1;B01
201200021602;0;7;0;0;2;1;1;A01
201200021602;0;7;0;0;2;4;2;B01
201200021602;0;38;10;0;2;6;23;C01
201200021603;0;10;0;0;1;4;23;A01
201200021603;0;10;0;0;2;1;2;B01
201200021604;0;7;0;0;2;2;1;B01
201200021604;0;7;0;0;2;3;9;A01
201200021605;0;7;0;0;2;1;2;A01
201200021605;0;2;0;0;2;4;23;B01
201200021605;0;7;0;0;2;4;23;C01
201200021606;1;7;0;0;2;1;1;Z01
201200021606;0;30;0;0;2;7;1;B01
201200021607;0;7;0;0;2;2;13;A01
201200021607;0;32;0;0;2;1;1;B01
201200021608;0;7;0;0;2;1;9;A01
201200021608;0;7;0;0;2;1;1;B01
201200021609;0;10;0;0;1;1;1;A01
201200021610;0;10;0;0;2;1;2;A01
201200021610;0;7;0;0;2;4;23;B01
201200021611;0;7;0;0;1;4;4;A01
201200021612;0;7;0;8;0;9;1;A01
201200021613;0;7;0;0;2;1;9;A01
201200021613;0;1;0;0;2;4;2;B01
201200021614;0;7;0;0;2;3;17;A01
201200021614;0;30;0;0;2;8;15;B01
201200021615;0;7;0;0;1;1;1;A01
201200021616;0;7;0;0;2;4;2;D01
201200021616;0;7;0;0;2;4;2;B01
201200021616;0;7;0;0;2;1;1;A01
201200021616;0;7;0;0;2;4;2;C01
201200021617;0;7;0;0;1;1;1;A01
201200021618;0;7;0;0;1;1;1;A01
201200021619;0;7;0;0;2;1;1;B01
201200021619;0;7;0;0;2;2;9;A01
201200021620;0;7;0;0;2;3;1;B01
201200021620;0;7;0;0;2;2;15;A01
201200021621;0;7;0;0;2;1;1;A01
201200021621;0;7;0;0;2;2;1;B01
201200021622;0;7;0;0;2;1;1;B01
201200021622;0;7;0;0;2;3;9;A01
201200021623;0;2;0;0;2;1;1;B01
201200021623;0;7;0;0;2;3;9;A01
201200021624;0;2;0;0;2;1;1;B01
201200021624;0;7;0;0;2;2;1;A01
201200021625;0;7;0;0;0;4;1;B01
201200021625;0;10;0;0;2;1;1;A01
201200021626;0;7;0;0;2;1;5;A01
201200021626;0;7;0;0;2;1;1;B01
201200021627;0;7;0;0;2;1;15;A01
201200021627;0;2;0;0;2;1;1;B01
201200021628;1;7;0;0;1;0;1;Z01
201200021629;0;7;0;0;2;2;15;A01
201200021629;0;30;0;0;2;1;1;B01
201200021630;0;7;0;0;2;4;2;A01
201200021630;0;7;0;0;2;4;2;B01
201200021630;0;7;0;0;2;4;2;C01
201200021631;1;7;0;1;1;1;1;Z01
201200021632;0;7;0;8;0;1;1;A01
201200021633;0;7;0;0;2;2;2;A01
201200021633;0;7;0;0;2;4;20;B01
201200021634;0;7;0;15;1;1;1;Z01
201200021635;0;7;0;0;1;1;15;A01
201200021636;0;7;0;0;2;8;9;A01
201200021636;0;30;0;0;2;1;1;B01
201200021637;0;7;0;15;0;1;1;A01
201200021638;0;7;0;0;2;3;9;A01
201200021638;0;30;0;0;2;1;1;B01
201200021639;0;7;0;0;2;4;2;B01
201200021639;0;7;0;0;2;1;1;A01
201200021640;0;7;0;0;2;1;1;A01
201200021640;0;7;0;0;2;1;1;B01
201200021641;0;2;0;0;1;1;1;A01
201200021642;0;2;0;0;2;0;2;B01
201200021642;0;7;0;0;2;7;17;A01
201200021643;0;2;0;1;0;1;1;A01
201200021644;0;7;0;0;2;0;22;A01
201200021644;0;1;0;1;0;0;1;B01
201200021645;0;7;0;0;2;8;13;A01
201200021645;0;99;0;0;2;8;1;B01
201200021646;0;7;0;8;0;1;1;A01
201200021647;0;31;0;0;2;1;17;A01
201200021647;0;7;0;0;2;3;15;B01
201200021648;0;7;0;0;2;6;1;B01
201200021648;0;7;0;0;2;1;1;A01
201200021649;1;7;0;0;1;1;1;Z01
201200021650;0;7;0;0;2;1;1;B01
201200021650;0;7;0;0;2;1;15;A01
201200021651;0;7;0;0;2;4;1;B01
201200021651;0;30;0;0;2;1;1;A01
201200021652;0;7;0;0;2;8;15;A01
201200021652;0;2;0;0;2;9;17;B01
201200021653;0;7;0;0;2;5;1;B01
201200021653;0;7;0;0;2;1;19;A01
201200021654;0;1;0;0;2;1;1;B01
201200021654;0;7;0;0;2;1;15;A01
201200021655;0;2;0;0;0;0;1;A01
201200021656;0;31;0;0;2;1;1;B01
201200021656;0;7;0;0;2;2;15;A01
201200021657;0;7;0;0;1;1;1;A01
201200021658;0;30;0;0;2;1;19;A01
201200021658;0;7;0;0;2;6;1;B01
201200021659;0;7;0;0;1;1;16;A01
201200021660;0;3;0;0;1;2;16;A01
201200021661;0;2;0;0;1;1;1;A01
201200021662;0;7;0;1;2;1;1;A01
201200021662;0;7;0;0;2;6;24;B01
201200021662;0;7;0;0;2;3;1;C01
201200021663;0;7;0;0;1;1;16;A01
201200021664;0;31;0;0;2;1;17;B01
201200021664;0;7;0;0;2;3;15;A01
201200021664;0;7;0;0;2;6;2;C01
201200021665;0;7;0;0;1;2;1;A01
201200021666;0;7;0;0;1;1;1;A01
201200021667;0;7;0;0;2;3;19;A01
201200021667;0;7;0;0;2;1;1;B01
201200021668;0;7;0;0;2;3;1;B01
201200021668;0;7;0;0;2;1;9;A01
201200021669;0;7;0;0;2;1;1;A01
201200021669;0;7;0;0;2;1;1;B01
201200021669;0;7;0;0;2;4;1;C01
201200021670;0;7;0;0;2;1;1;A01
201200021670;0;7;0;0;2;4;1;C01
201200021670;0;7;0;0;2;4;1;B01
201200021671;0;7;0;0;2;4;1;C01
201200021671;0;7;0;0;2;1;1;B01
201200021671;0;7;0;0;2;1;1;A01
201200021672;0;7;0;0;2;3;22;A01
201200021672;0;1;0;1;0;1;1;B01
201200021673;0;7;0;0;1;1;15;A01
201200021674;0;7;0;0;2;3;2;B01
201200021674;0;7;0;0;2;1;2;A01
201200021675;0;7;0;0;2;1;9;A01
201200021675;0;2;0;0;2;7;1;B01
201200021676;0;7;0;0;2;1;15;A01
201200021676;0;30;0;0;2;1;1;B01
201200021677;0;7;0;0;2;1;1;B01
201200021677;0;7;0;0;2;7;19;A01
201200021678;0;7;0;0;2;1;15;A01
201200021678;0;30;0;0;2;1;16;B01
201200021679;0;2;0;0;2;1;1;B01
201200021679;0;7;0;0;2;8;9;A01
201200021680;0;1;0;0;2;0;0;B01
201200021680;0;1;0;0;2;0;0;A01
201200021681;0;7;0;0;1;1;1;A01
201200021682;0;7;0;0;1;1;1;A01
201200021683;0;2;0;0;2;4;15;B01
201200021683;0;7;0;0;2;1;1;A01
201200021684;0;7;0;0;2;3;19;A01
201200021684;0;33;0;0;2;1;1;B01
201200021685;0;7;0;0;1;1;1;A01
201200021686;0;7;0;0;2;4;1;B01
201200021686;0;7;0;0;2;1;1;A01
201200021687;0;7;0;0;2;4;20;B01
201200021687;0;7;0;0;2;1;1;A01
201200021687;0;7;0;1;0;4;24;C01
201200021688;0;7;0;6;0;1;1;A01
201200021689;0;30;0;0;2;1;1;B01
201200021689;0;7;0;0;2;3;15;A01
201200021690;0;2;0;0;2;4;1;B01
201200021690;0;7;0;0;2;1;1;A01
201200021691;0;3;0;0;2;1;15;A01
201200021691;0;31;0;0;2;1;16;B01
201200021692;0;7;0;0;2;1;1;A01
201200021692;0;7;0;0;2;3;9;B01
201200021693;0;7;0;0;1;3;1;A01
201200021694;0;7;0;0;1;1;1;A01
201200021695;0;30;0;0;2;1;1;A01
201200021695;0;7;0;0;2;3;15;B01
201200021696;0;30;0;0;1;1;17;A01
201200021697;0;7;0;0;2;1;2;A01
201200021697;0;7;0;0;2;4;1;B01
201200021698;0;7;0;0;2;1;15;A01
201200021698;0;30;0;0;2;7;1;B01
201200021699;0;7;0;0;2;4;1;B01
201200021699;0;7;0;0;2;4;1;C01
201200021699;1;7;0;0;2;1;1;Z01
201200021700;0;7;0;0;1;8;1;A01
201200021701;0;30;0;0;2;4;1;B02
201200021701;0;7;0;0;2;2;1;A01
201200021702;0;7;0;0;2;7;15;A01
201200021702;0;30;0;0;0;1;1;B02
201200021703;0;7;0;0;2;2;17;A01
201200021703;0;7;0;0;0;4;2;B02
201200021704;0;7;0;8;0;5;1;A01
201200021705;0;14;0;0;2;3;1;A01
201200021705;0;7;0;0;2;1;1;B02
201200021706;0;3;0;0;1;8;1;B02
201200021707;0;7;0;0;2;7;13;A01
201200021707;0;10;0;0;2;1;1;B02
201200021708;0;33;0;6;0;1;13;A01
201200021709;0;7;0;0;2;3;1;B02
201200021709;0;1;0;0;2;1;15;A01
201200021710;0;7;0;0;2;1;5;A01
201200021710;0;2;0;0;2;1;1;B02
201200021711;0;7;0;0;1;0;0;A01
201200021712;0;7;0;0;1;1;1;A01
201200021713;0;7;0;0;1;3;15;A01
201200021714;0;3;0;0;1;6;4;A01
201200021715;0;7;0;0;1;1;0;A01
201200021716;0;2;0;0;2;8;5;A01
201200021716;0;7;0;0;2;3;1;B01
201200021717;0;7;0;0;0;2;2;B01
201200021717;0;30;0;0;0;8;2;A01
201200021718;0;30;0;0;0;7;1;A01
201200021719;0;10;0;6;0;3;5;A01
201200021720;0;33;0;8;0;3;19;A01
201200021721;0;7;0;7;0;1;0;A01
201200021722;0;7;0;0;1;2;1;B01
201200021723;0;7;0;0;1;6;4;A01
201200021724;0;2;0;0;0;0;1;A01
201200021725;0;7;0;13;0;2;1;A01
201200021726;0;7;0;12;0;2;14;A01
201200021727;0;7;0;0;2;3;1;B01
201200021727;0;7;0;0;2;2;15;A01
201200021728;0;7;0;0;2;3;11;A01
201200021728;0;33;0;0;2;1;1;B01
201200021729;0;7;0;0;2;2;2;A01
201200021729;0;10;0;0;0;6;16;B01
201200021730;0;14;0;0;0;0;1;A01
201200021731;0;7;0;14;0;2;1;B01
201200021731;0;7;0;0;2;3;1;A01
201200021732;0;7;0;6;0;3;0;A01
201200021733;0;2;0;15;0;3;0;A01
201200021734;0;7;0;0;2;0;2;B01
201200021734;0;7;0;0;2;1;2;A01
201200021734;0;7;0;0;0;4;2;C01
201200021735;0;14;0;0;2;5;2;A01
201200021735;0;2;0;0;0;3;2;B01
201200021736;0;7;0;0;1;8;1;A01
201200021737;0;7;0;2;0;3;13;A01
201200021738;0;15;0;2;0;1;1;A01
201200021739;0;10;0;0;2;5;16;A01
201200021739;0;1;0;0;2;1;1;B02
201200021740;0;33;0;0;2;1;1;B02
201200021740;0;10;0;0;2;8;19;A01
201200021741;0;7;0;0;2;1;1;A01
201200021741;0;7;0;0;2;3;15;B02
201200021742;0;7;0;0;2;1;5;A01
201200021742;0;7;0;0;2;1;1;B01
201200021743;0;7;0;0;2;3;9;A01
201200021743;0;1;0;0;2;2;17;B01
201200021744;0;7;0;0;2;3;9;A01
201200021744;0;33;0;0;2;5;1;B01
201200021745;0;7;0;0;2;3;15;A01
201200021745;0;33;0;0;2;1;1;B01
201200021746;0;7;0;0;2;7;9;A01
201200021746;0;33;0;0;2;3;21;B01
201200021747;0;1;0;0;2;1;1;B01
201200021747;0;3;0;0;2;7;15;A01
201200021748;0;7;0;0;2;1;1;A01
201200021748;0;7;0;0;2;2;15;B01
201200021749;0;36;0;0;2;1;1;B01
201200021749;0;7;0;1;2;8;1;A01
201200021750;0;30;0;0;2;1;1;A01
201200021750;0;7;0;0;2;8;15;B01
201200021751;0;2;0;0;2;1;2;B01
201200021751;0;7;0;0;0;0;5;C01
201200021751;1;7;0;0;2;5;14;A01
201200021752;0;1;0;0;2;8;1;B01
201200021752;0;10;0;0;2;1;15;A01
201200021753;0;14;0;0;2;4;1;A01
201200021753;0;2;0;0;2;1;2;B01
201200021754;0;7;0;0;1;2;1;A01
201200021755;0;7;0;0;1;1;1;A01
201200021756;0;7;0;0;2;5;16;A01
201200021756;0;1;0;0;2;1;1;B01
201200021757;0;10;0;6;1;7;1;A01
201200021758;0;7;0;0;1;2;0;A01
201200021759;0;7;0;0;1;1;1;A01
201200021760;0;7;0;0;2;1;1;B01
201200021760;0;7;0;0;2;3;9;A01
201200021761;0;7;0;7;2;7;1;A01
201200021761;0;7;0;0;2;1;1;B01
201200021762;0;7;0;0;2;6;23;B01
201200021762;0;3;0;0;2;2;2;A01
201200021763;0;7;0;0;2;1;13;A01
201200021763;0;38;1;0;2;1;1;B01
201200021764;0;7;0;0;1;3;1;A01
201200021765;0;30;0;0;0;0;1;A01
201200021766;0;7;0;0;2;5;15;B01
201200021766;0;34;0;0;2;1;1;A01
201200021767;0;2;0;0;2;2;1;B01
201200021767;0;7;0;0;2;3;20;A01
201200021768;0;7;0;1;0;3;13;A01
201200021769;0;7;0;0;2;1;13;A01
201200021769;0;7;0;0;2;1;1;B01
201200021770;0;7;0;8;0;1;14;A01
201200021771;0;10;0;0;2;1;1;A01
201200021771;0;7;0;0;2;8;1;B01
201200021772;0;7;0;0;1;1;1;A01
201200021773;0;30;0;0;2;0;0;A01
201200021773;0;1;0;0;2;0;1;B01
201200021774;0;30;0;0;2;0;1;A01
201200021774;0;7;0;0;2;4;23;C01
201200021774;0;7;0;0;2;1;1;B01
201200021775;0;7;0;7;2;1;1;B01
201200021775;0;7;0;0;2;1;15;A01
201200021776;1;7;0;0;2;2;2;Z01
201200021776;0;7;0;6;2;4;1;B01
201200021777;0;7;0;1;0;1;13;A01
201200021778;1;7;0;0;1;0;1;Z01
201200021779;0;32;0;0;2;6;2;B01
201200021779;0;7;0;0;2;2;17;A01
201200021780;0;10;0;3;0;1;13;A01
201200021781;0;7;0;12;2;8;1;B01
201200021781;0;7;0;0;2;1;1;A01
201200021782;0;7;0;0;2;2;1;B01
201200021782;0;30;0;0;2;3;14;A01
201200021783;0;7;0;0;2;2;1;A01
201200021783;0;7;0;0;2;8;1;B01
201200021784;0;7;0;0;1;2;1;A01
201200021785;0;7;0;0;2;1;1;B01
201200021785;0;7;0;7;2;7;1;A01
201200021785;0;7;0;0;2;1;23;C01
201200021786;0;7;0;11;2;2;17;A01
201200021786;0;7;0;0;2;3;15;B01
201200021787;0;7;0;0;2;1;15;A01
201200021787;0;33;0;0;2;2;17;B01
201200021788;0;7;0;0;2;2;16;A01
201200021788;0;1;0;0;2;8;19;B01
201200021789;0;7;0;0;1;2;1;A01
201200021790;0;7;0;0;2;3;1;B01
201200021790;0;7;0;0;2;1;1;A01
201200021791;0;10;0;0;2;2;1;B01
201200021791;0;30;0;0;2;1;15;A01
201200021792;0;2;0;0;2;1;2;A01
201200021792;0;7;0;0;2;4;1;B01
201200021793;0;7;0;11;2;1;5;A01
201200021793;0;17;0;0;2;8;1;B01
201200021794;0;7;0;0;1;3;1;A01
201200021795;0;7;0;0;1;4;4;A01
201200021796;0;7;0;0;1;4;4;A01
201200021797;0;7;0;0;2;1;5;A01
201200021797;0;34;0;0;2;1;1;B01
201200021798;0;2;0;0;2;1;1;A01
201200021798;0;1;0;0;2;1;1;B01
201200021799;0;7;0;0;1;1;1;A01
201200021800;0;10;0;0;1;0;1;A01
201200021801;0;7;0;0;1;2;1;A01
201200021802;0;3;0;0;2;4;23;B01
201200021802;1;7;0;0;2;1;2;Z01
201200021803;0;1;0;0;2;1;1;B01
201200021803;0;7;0;0;2;2;15;A01
201200021804;0;7;0;8;0;1;1;A01
201200021805;0;10;0;0;2;1;1;A01
201200021805;0;1;0;0;2;5;1;B01
201200021806;0;30;0;1;0;1;0;A01
201200021807;0;7;0;0;2;4;23;F02
201200021807;0;7;0;4;2;4;23;E01
201200021807;0;7;0;0;2;4;2;B01
201200021807;0;7;0;4;2;5;1;C01
201200021807;0;14;0;0;2;1;2;A01
201200021807;0;7;0;0;2;4;2;D01
201200021808;0;33;0;0;2;1;1;B01
201200021808;0;10;0;0;2;8;15;A01
201200021809;0;7;0;0;2;1;1;B01
201200021809;0;7;0;0;2;2;15;A01
201200021810;0;7;0;0;1;2;1;A01
201200021811;0;7;0;0;2;1;1;B01
201200021811;0;7;0;0;2;5;15;A01
201200021812;0;7;0;3;0;1;14;A01
201200021813;0;7;0;0;2;8;1;C01
201200021813;0;37;2;0;2;3;23;D01
201200021813;0;7;0;0;2;2;0;A01
201200021813;0;7;0;0;2;8;1;B01
201200021814;0;7;0;0;2;1;1;B01
201200021814;0;7;0;13;2;7;13;A01
201200021815;0;7;0;0;2;5;15;A01
201200021815;0;31;0;0;2;1;1;B01
201200021816;0;33;0;0;2;1;1;A01
201200021816;0;10;0;0;2;1;15;B01
201200021817;0;7;0;0;2;5;1;B01
201200021817;0;7;0;0;2;1;1;A01
201200021818;0;7;0;0;2;4;23;C01
201200021818;0;7;0;0;2;4;23;E01
201200021818;0;10;0;0;2;1;2;A01
201200021818;0;7;0;0;2;4;23;D01
201200021818;0;7;0;0;2;4;23;B01
201200021819;0;7;0;0;2;7;15;B01
201200021819;0;7;0;0;2;1;1;A01
201200021820;0;7;0;0;2;3;13;A01
201200021820;0;7;0;0;2;8;1;B01
201200021821;0;1;0;0;2;2;15;B01
201200021821;0;30;0;0;2;3;1;A01
201200021822;0;7;0;2;0;8;14;A01
201200021823;0;7;0;0;2;3;15;A01
201200021823;0;7;0;0;2;1;17;C01
201200021823;0;7;0;0;2;7;1;B01
201200021824;1;7;0;0;2;0;0;A01
201200021824;0;1;0;0;2;0;1;B01
201200021825;0;1;0;0;2;1;19;B01
201200021825;0;7;0;0;2;3;1;A01
201200021826;0;1;0;0;1;1;1;A01
201200021827;0;7;0;0;1;3;1;A01
201200021828;0;7;0;0;1;1;1;A01
201200021829;0;7;0;0;1;1;1;A01
201200021830;0;7;0;13;0;2;14;A01
201200021831;0;7;0;0;1;1;1;A01
201200021832;0;7;0;2;0;1;1;A01
201200021833;0;7;0;0;1;2;1;A01
201200021834;1;7;0;0;1;1;16;Z01
201200021835;0;1;0;0;0;1;21;B02
201200021835;0;10;0;0;0;8;1;A01
201200021836;0;1;0;0;2;3;1;B02
201200021836;0;7;0;0;9;5;4;A01
201200021837;0;7;0;0;2;2;15;A01
201200021837;0;33;0;0;2;1;1;B02
201200021838;0;7;0;0;1;1;1;A01
201200021839;0;7;0;13;0;0;1;A01
201200021840;0;7;0;0;2;8;1;A01
201200021840;0;7;0;0;2;1;19;B01
201200021841;0;30;0;0;2;1;13;A01
201200021841;0;7;0;0;2;3;1;B01
201200021842;0;10;0;0;1;3;1;A01
201200021843;0;7;0;0;2;3;19;A01
201200021843;0;7;0;0;2;2;1;B01
201200021844;0;30;0;0;2;7;21;A01
201200021844;0;7;0;0;2;1;15;B01
201200021845;0;7;0;0;2;1;5;A01
201200021845;0;7;0;0;2;1;1;B01
201200021845;0;7;0;0;2;1;1;C01
201200021846;0;2;0;0;0;0;1;A01
201200021847;0;7;0;0;1;1;1;A01
201200021848;0;31;0;0;2;2;17;A01
201200021848;0;7;0;0;2;1;15;B01
201200021849;0;1;0;0;2;1;1;A01
201200021849;0;7;0;0;2;8;24;B01
201200021850;0;7;0;6;0;9;21;A01
201200021851;0;7;0;0;2;7;1;B01
201200021851;0;7;0;0;2;1;1;A01
201200021852;0;7;0;0;1;8;1;A01
201200021853;0;7;0;0;1;4;4;A01
201200021854;0;7;0;0;2;3;15;A01
201200021854;0;30;0;0;2;1;1;B01
201200021855;0;7;0;0;1;3;15;A01
201200021856;0;7;0;0;1;2;1;A01
201200021857;0;7;0;0;1;3;1;A01
201200021858;0;7;0;8;0;1;1;A01
201200021859;0;7;0;2;0;9;13;A01
201200021860;0;1;0;0;2;1;1;B01
201200021860;0;7;0;0;9;3;9;A01
201200021861;0;7;0;0;1;1;1;A01
201200021862;0;38;1;0;0;0;0;A01
201200021862;0;2;0;0;0;8;1;B01
201200021863;0;3;0;0;2;1;13;A01
201200021863;0;7;0;0;2;1;1;B01
201200021863;0;13;0;0;2;3;21;C01
201200021864;0;7;0;0;1;1;0;A01
201200021865;0;7;0;8;0;3;14;A01
201200021866;0;7;0;0;2;3;1;A01
201200021866;0;31;0;0;2;1;17;B01
201200021867;0;7;0;4;0;8;11;A01