num_acc;senc;catv;occutc;obs;obsm;choc;manv;num_veh
201200021868;0;7;0;0;0;0;9;B01
201200021868;0;31;0;0;0;0;16;A01
201200021869;0;7;0;8;0;1;0;A01
201200021870;0;10;0;0;1;4;4;A01
201200021871;0;7;0;0;2;1;15;A01
201200021871;0;7;0;0;2;2;21;B01
201200021872;0;7;0;0;1;4;4;A01
201200021873;0;2;0;8;0;1;14;A01
201200021874;0;7;0;0;2;1;15;A01
201200021874;0;7;0;0;2;8;1;B01
201200021875;0;30;0;0;2;4;15;B01
201200021875;0;7;0;0;2;2;15;A01
201200021876;0;3;0;5;0;1;14;A01
201200021877;0;7;0;0;1;1;15;A01
201200021878;0;33;0;16;0;8;21;B01
201200021878;0;7;0;0;0;0;9;A01
201200021879;0;37;1;0;1;7;1;A01
201200021880;0;7;0;0;2;3;13;A01
201200021880;0;7;0;0;2;3;1;B01
201200021881;0;7;0;0;9;2;16;A01
201200021881;0;1;0;0;2;4;1;B01
201200021882;0;33;0;0;2;3;13;A01
201200021882;0;7;0;0;2;8;1;B01
201200021883;0;7;0;0;2;3;19;A01
201200021883;0;2;0;0;2;1;1;B01
201200021884;0;33;0;0;2;1;1;B01
201200021884;0;7;0;0;2;3;19;A01
201200021885;0;7;0;9;2;1;1;B01
201200021885;0;7;0;0;2;2;19;A01
201200021886;0;2;0;0;0;1;21;A01
201200021887;0;30;0;0;2;1;1;B01
201200021887;0;7;0;0;2;3;9;A01
201200021888;0;36;0;0;0;9;1;A01
201200021889;0;7;0;0;2;1;5;A01
201200021889;0;7;0;0;2;1;1;B01
201200021889;0;7;0;0;2;1;1;C01
201200021890;0;7;0;0;2;3;15;A01
201200021890;0;30;0;0;2;4;2;B01
201200021891;0;10;0;0;2;3;9;A01
201200021891;0;7;0;0;2;2;1;B01
201200021892;0;7;0;0;2;1;9;A01
201200021892;0;7;0;9;2;1;1;B01
201200021893;0;7;0;13;0;7;14;A01
201200021894;0;7;0;0;2;2;1;A01
201200021894;0;30;0;0;2;8;10;B01
201200021895;0;30;0;7;0;1;1;A01
201200021896;0;30;0;7;0;7;1;A01
201200021897;0;2;0;0;0;2;1;A01
201200021898;0;7;0;0;2;1;1;A01
201200021898;0;1;0;0;2;5;19;B01
201200021899;0;7;0;0;2;4;23;A01
201200021899;0;7;0;0;2;4;23;B01
201200021899;1;7;0;0;0;0;1;Z01
201200021900;0;2;0;0;2;1;2;A01
201200021900;0;7;0;0;2;4;23;B01
201200021901;0;7;0;0;2;1;2;A01
201200021901;0;7;0;0;2;4;1;B01
201200021902;0;30;0;0;2;1;13;A01
201200021902;0;7;0;0;2;1;1;B01
201200021903;0;30;0;0;2;1;1;A01
201200021903;0;7;0;0;2;7;16;B01
201200021904;0;7;0;0;2;1;2;A01
201200021904;0;7;0;0;2;4;23;B01
201200021904;0;7;0;0;2;4;23;C01
201200021905;0;7;0;0;1;2;16;A01
201200021906;0;10;0;2;0;2;14;A01
201200021907;0;7;0;13;0;1;13;A01
201200021908;0;7;0;13;0;1;21;A01
201200021909;0;30;0;0;2;7;1;B01
201200021909;0;7;0;0;2;1;19;A01
201200021910;0;7;0;13;0;3;13;A01
201200021911;0;33;0;0;0;8;1;A01
201200021912;0;7;0;0;2;3;1;A01
201200021912;0;30;0;0;2;2;15;B01
201200021913;0;7;0;0;2;6;9;A01
201200021913;0;7;0;6;2;1;1;B01
201200021914;0;7;0;0;1;3;9;A01
201200021915;0;30;0;5;0;1;1;A01
201200021916;0;7;0;0;2;3;15;A01
201200021916;0;30;0;0;2;8;1;B01
201200021917;0;7;0;0;1;1;1;A01
201200021918;0;7;0;0;2;2;15;A01
201200021918;0;7;0;0;2;1;1;B01
201200021919;0;7;0;0;2;1;2;A01
201200021919;0;33;0;0;2;4;2;B01
201200021919;0;7;0;0;2;4;1;C01
201200021920;0;30;0;0;0;7;14;A01
201200021921;0;30;0;0;0;2;1;A01
201200021922;0;7;0;0;2;2;1;B01
201200021922;0;7;0;0;2;3;9;A01
201200021923;0;2;0;12;0;1;17;A01
201200021924;0;1;0;0;2;1;1;B01
201200021924;1;7;0;0;2;6;9;Z01
201200021925;0;7;0;0;2;3;15;A01
201200021925;0;2;0;0;2;1;1;B01
201200021926;0;10;0;0;1;1;1;Z01
201200021927;0;7;0;13;0;1;13;A01
201200021928;0;7;0;5;0;1;1;A01
201200021929;0;7;0;0;1;2;1;A01
201200021930;0;7;0;6;0;1;1;A01
201200021931;0;2;0;11;0;1;5;A01
201200021932;0;7;0;0;2;1;2;A01
201200021932;0;7;0;0;2;4;23;B01
201200021933;0;1;0;1;0;1;1;A01
201200021934;0;10;0;0;2;1;1;A01
201200021934;0;7;0;0;2;4;23;B01
201200021935;0;2;0;0;0;7;1;A01
201200021936;0;2;0;0;2;1;1;B01
201200021936;1;7;0;0;2;3;15;Z01
201200021937;0;2;0;0;2;3;1;B01
201200021937;1;7;0;0;2;5;16;Z01
201200021938;0;2;0;16;0;8;9;A01
201200021939;0;7;0;0;1;7;1;A01
201200021940;0;30;0;12;0;2;1;A01
201200021941;0;30;0;0;2;1;2;A01
201200021941;0;7;0;0;2;4;1;B01
201200021942;0;1;0;0;2;1;1;A01
201200021942;0;2;0;0;2;1;1;B01
201200021943;0;30;0;0;2;1;1;A01
201200021943;0;7;0;0;2;2;1;B01
201200021944;0;7;0;2;0;1;1;A01
201200021945;0;1;0;0;2;1;19;A01
201200021945;0;7;0;0;2;3;1;B01
201200021946;0;10;0;0;2;1;2;A01
201200021946;0;7;0;0;2;5;23;B01
201200021947;0;7;0;0;2;8;15;A01
201200021947;0;2;0;0;2;7;17;B01
201200021948;0;7;0;0;2;3;15;A01
201200021948;0;1;0;0;2;1;1;B01
201200021949;0;7;0;0;9;8;1;A01
201200021950;0;10;0;0;2;1;2;A01
201200021950;0;7;0;0;2;4;23;B01
201200021951;0;7;0;0;2;1;17;A01
201200021951;0;7;0;8;2;8;15;B01
201200021952;0;7;0;13;0;1;13;A01
201200021953;0;7;0;8;0;1;13;A01
201200021954;0;7;0;0;2;3;2;A01
201200021954;0;7;0;0;2;5;23;B01
201200021955;0;2;0;0;0;7;9;A01
201200021956;0;30;0;0;2;1;2;A01
201200021956;0;7;0;0;2;4;15;B01
201200021957;0;7;0;15;0;7;1;A01
201200021958;0;30;0;0;0;7;1;A01
201200021959;0;7;0;0;1;3;1;A01
201200021960;0;7;0;0;2;1;17;A01
201200021960;0;7;0;0;2;3;15;B01
201200021961;0;7;0;0;2;1;1;A01
201200021961;0;7;0;0;2;1;1;B01
201200021962;0;10;0;0;1;4;4;A01
201200021963;0;7;0;9;0;1;15;A01
201200021964;0;30;0;0;2;1;2;A01
201200021964;0;7;0;0;2;4;1;B01
201200021965;0;7;0;0;1;2;1;A01
201200021966;0;7;0;0;2;1;20;A01
201200021966;0;30;0;0;2;1;1;B01
201200021967;0;7;0;1;0;2;2;A01
201200021967;0;14;0;0;2;6;23;B01
201200021968;0;30;0;0;2;2;17;A01
201200021968;0;7;0;0;2;3;15;B01
201200021969;0;31;0;4;0;3;1;A01
201200021970;0;30;0;0;2;1;19;A01
201200021970;0;7;0;0;2;2;1;B01
201200021971;0;7;0;0;2;1;2;A01
201200021971;0;7;0;0;2;4;1;B01
201200021972;0;30;0;0;2;1;1;B01
201200021972;0;7;0;0;2;2;15;A01
201200021973;0;1;0;0;2;1;19;A01
201200021973;0;7;0;0;2;2;1;B01
201200021974;0;7;0;14;0;1;13;A01
201200021975;0;7;0;0;2;1;2;A01
201200021975;0;10;0;0;2;4;23;B01
201200021976;0;7;0;0;2;1;2;A01
201200021976;0;14;0;0;2;4;1;B01
201200021977;0;7;0;0;2;1;2;A01
201200021977;0;7;0;0;2;4;23;B01
201200021978;0;7;0;0;1;1;15;A01
201200021979;0;7;0;13;0;9;14;A01
201200021980;0;7;0;0;2;1;2;A01
201200021980;0;7;0;0;2;4;1;B01
201200021981;0;7;0;0;2;2;5;A01
201200021981;0;7;0;0;2;1;1;B01
201200021982;0;30;0;0;2;2;17;A01
201200021982;0;7;0;0;2;3;15;B01
201200021983;0;30;0;0;0;7;1;A01
201200021984;0;10;0;0;2;3;15;A01
201200021984;0;7;0;0;2;1;1;B01
201200021985;0;7;0;0;2;1;2;A01
201200021985;0;30;0;0;2;4;23;B01
201200021985;0;7;0;0;2;4;23;C01
201200021986;0;7;0;0;2;3;15;A01
201200021986;0;2;0;0;2;1;1;B01
201200021987;0;30;0;0;2;1;2;A01
201200021987;0;7;0;0;2;4;1;B01
201200021988;0;1;0;0;2;4;1;A01
201200021988;1;7;0;0;0;0;17;Z01
201200021989;0;13;0;0;2;1;2;A01
201200021989;0;7;0;0;2;4;1;B01
201200021989;0;7;0;0;2;4;1;C01
201200021989;0;10;0;0;2;1;2;D01
201200021989;0;14;0;0;2;1;2;E01
201200021990;0;7;0;0;2;4;1;A01
201200021990;0;7;0;0;2;1;1;B01
201200021991;0;30;0;13;0;7;14;A01
201200021992;0;33;0;0;1;1;1;A01
201200021993;0;30;0;0;2;2;2;A01
201200021993;0;7;0;0;2;4;1;B01
201200021994;0;7;0;0;1;3;1;A01
201200021995;0;30;0;1;0;1;1;A01
201200021996;0;2;0;14;0;3;1;A01
201200021997;0;7;0;0;2;3;1;B01
201200021997;0;2;0;0;2;2;5;A01
201200021998;0;30;0;13;0;1;13;A01
201200021999;0;30;0;0;2;7;1;B01
201200021999;0;7;0;0;2;1;9;A01
201200022000;0;7;0;0;2;3;9;A01
201200022000;0;2;0;0;2;1;16;B01
201200022001;0;37;1;0;2;2;1;B01
201200022001;0;2;0;0;2;1;9;A01
201200022002;0;7;0;3;0;1;21;A01
201200022003;0;7;0;6;0;1;14;A01
201200022004;0;7;0;6;0;1;1;A01
201200022005;0;30;0;0;0;8;1;A01
201200022006;0;30;0;0;0;7;1;A01
201200022007;0;7;0;0;2;1;1;B01
201200022007;0;7;0;0;2;8;9;A01
201200022008;0;33;0;0;2;1;17;A01
201200022008;0;7;0;0;2;3;9;B01
201200022009;0;30;0;0;0;7;16;A01
201200022010;0;7;0;0;1;1;16;A01
201200022011;0;7;0;0;2;2;2;A01
201200022011;0;7;0;0;2;4;23;B01
201200022012;0;2;0;12;0;0;14;A01
201200022013;0;7;0;0;1;4;4;A01
201200022014;0;30;0;0;2;1;17;A01
201200022014;0;7;0;0;2;3;9;B01
201200022015;0;1;0;0;2;1;19;B01
201200022015;0;7;0;0;2;1;1;A01
201200022016;0;7;0;0;2;7;13;A01
201200022016;0;7;0;0;2;1;1;B01
201200022017;0;7;0;3;0;1;14;A01
201200022018;0;7;0;0;1;5;1;A01
201200022019;0;30;0;0;1;1;1;A01
201200022020;0;7;0;0;2;1;1;B01
201200022020;0;7;0;0;2;7;19;A01
201200022021;0;7;0;13;0;7;1;A01
201200022022;0;33;0;14;0;1;1;A01
201200022023;0;30;0;0;2;1;1;A01
201200022023;0;7;0;0;2;8;1;B01
201200022024;0;30;0;0;2;1;1;B01
201200022024;0;7;0;0;2;5;15;A01
201200022025;0;30;0;0;2;1;15;A01
201200022025;0;7;0;0;2;2;1;B01
201200022026;0;7;0;0;2;2;15;A01
201200022026;0;7;0;0;2;1;1;B01
201200022027;0;30;0;0;2;3;2;A01
201200022027;0;7;0;0;2;5;1;B01
201200022028;0;7;0;0;2;1;2;A01
201200022028;0;7;0;0;2;4;23;B01
201200022028;0;7;0;0;2;4;23;C01
201200022029;0;7;0;0;2;7;15;A01
201200022029;0;7;0;0;2;2;1;B01
201200022030;0;2;0;0;1;7;5;A01
201200022031;0;7;0;5;0;8;1;A01
201200022032;0;7;0;0;2;8;15;B01
201200022032;0;7;0;0;2;3;1;A01
201200022033;0;2;0;0;2;3;13;B01
201200022033;0;7;0;0;2;8;15;A01
201200022034;0;30;0;0;2;1;1;B01
201200022034;0;7;0;0;2;1;15;A01
201200022035;0;7;0;0;1;1;1;A01
201200022036;0;2;0;0;2;7;1;B01
201200022036;0;10;0;0;2;1;9;A01
201200022037;0;7;0;0;2;8;11;A01
201200022037;0;14;0;0;2;2;14;B01
201200022038;0;36;0;12;0;9;1;A01
201200022039;0;7;0;3;0;3;1;A01
201200022040;0;7;0;0;2;5;15;A01
201200022040;0;31;0;0;2;1;1;B01
201200022041;0;7;0;9;0;3;14;A01
201200022042;0;7;0;0;1;7;1;A01
201200022043;0;7;0;0;2;6;23;A01
201200022043;0;7;0;0;2;1;2;B01
201200022044;0;7;0;6;0;1;0;A01
201200022045;0;7;0;0;9;1;1;A01
201200022046;0;2;0;0;2;1;1;B01
201200022046;0;7;0;0;2;3;9;A01
201200022047;0;7;0;0;1;3;15;A01
201200022048;0;2;0;0;2;1;1;B01
201200022048;1;7;0;0;0;0;0;Z01
201200022049;0;7;0;0;2;1;9;A01
201200022049;0;2;0;0;2;7;1;B01
201200022050;0;7;0;0;1;4;4;A01
201200022051;0;7;0;0;2;1;2;A01
201200022051;0;7;0;0;2;4;2;B01
201200022051;0;7;0;0;2;4;23;C01
201200022052;0;30;0;0;2;1;17;A01
201200022052;0;7;0;0;2;3;15;B01
201200022053;0;7;0;9;0;1;13;A01
201200022054;0;30;0;0;2;1;2;A01
201200022054;0;7;0;0;2;4;23;B01
201200022055;0;7;0;3;0;3;17;A01
201200022056;0;7;0;11;0;1;13;A01
201200022057;0;7;0;0;2;3;9;A01
201200022057;0;7;0;0;2;1;1;B01
201200022058;0;7;0;13;0;7;14;A01
201200022059;0;7;0;0;1;3;1;A01
201200022060;0;7;0;0;1;3;1;A01
201200022061;0;7;0;0;1;7;1;A01
201200022062;0;7;0;0;2;4;23;A01
201200022062;0;7;0;0;2;1;2;B01
201200022063;0;7;0;13;2;0;14;A01
201200022063;0;7;0;0;2;3;21;B01
201200022063;0;7;0;0;2;4;23;C01
201200022063;0;7;0;1;0;1;21;D01
201200022064;0;7;0;7;0;1;14;A01
201200022065;0;15;0;0;2;2;12;A01
201200022065;0;7;0;0;2;8;1;B01
201200022065;0;7;0;0;2;2;1;C01
201200022066;0;7;0;0;2;0;9;A01
201200022066;0;2;0;0;2;0;1;B01
201200022067;0;2;0;0;2;1;9;A01
201200022067;0;7;0;0;2;8;9;B01
201200022068;0;7;0;8;0;2;1;A01
201200022069;0;7;0;0;2;2;1;B01
201200022069;0;7;0;0;2;1;16;A01
201200022070;0;2;0;0;2;1;1;B01
201200022070;0;7;0;0;2;3;15;A01
201200022071;0;7;0;0;2;1;1;A01
201200022071;0;1;0;0;2;7;1;B01
201200022072;0;7;0;0;1;3;1;A01
201200022073;0;2;0;0;2;7;0;B01
201200022073;0;7;0;0;2;2;15;A01
201200022074;0;7;0;0;2;3;1;A01
201200022074;0;7;0;0;2;3;1;B01
201200022075;0;7;0;0;1;1;1;A01
201200022076;0;7;0;0;2;3;13;A01
201200022076;0;7;0;0;2;3;21;B01
201200022077;0;7;0;0;1;3;1;A01
201200022078;0;10;0;0;1;3;15;A01
201200022079;0;3;0;0;2;1;1;A01
201200022079;0;7;0;0;0;4;23;B01
201200022080;0;7;0;0;1;1;1;A01
201200022081;0;7;0;8;0;0;0;A01
201200022082;0;7;0;8;0;7;1;A01
201200022083;0;1;0;0;2;0;0;B01
201200022083;1;10;0;0;2;3;0;A01
201200022084;0;7;0;0;2;7;19;A01
201200022084;0;14;0;0;2;1;1;B01
201200022085;0;7;0;2;0;3;1;A01
201200022086;0;7;0;13;0;1;1;A01
201200022087;0;7;0;0;2;1;5;A01
201200022087;0;7;0;0;2;1;1;B01
201200022088;0;7;0;1;0;3;21;A01
201200022088;0;7;0;0;2;8;24;C01
201200022088;0;7;0;0;0;0;23;B01
201200022089;0;2;0;0;2;5;1;B01
201200022089;0;7;0;0;2;3;9;A01
201200022090;0;7;0;0;2;1;1;B01
201200022090;0;7;0;0;2;8;15;A01
201200022091;0;7;0;11;1;1;14;A01
201200022092;0;7;0;0;1;1;16;A01
201200022093;0;33;0;0;0;1;0;A01
201200022094;0;7;0;3;2;3;1;B01
201200022094;0;7;0;0;2;3;13;A01
201200022095;0;7;0;13;2;1;0;A01
201200022095;0;2;0;0;2;4;2;B01
201200022095;0;7;0;0;2;1;1;C01
201200022096;0;7;0;0;2;1;15;A01
201200022096;0;1;0;0;2;1;1;B01
201200022097;0;7;0;0;1;1;1;A01
201200022098;0;7;0;6;2;8;15;B01
201200022098;0;33;0;6;2;7;21;A01
201200022099;0;30;0;11;0;1;1;A01
201200022100;0;33;0;1;0;1;21;A01
201200022100;0;7;0;0;0;0;9;B01
201200022101;0;7;0;0;1;5;4;A01
201200022102;0;7;0;9;0;3;1;A01
201200022103;0;33;0;0;2;1;17;B01
201200022103;0;7;0;0;2;8;15;A01
201200022104;0;7;0;0;1;1;1;A01
201200022105;0;7;0;0;2;8;15;B01
201200022105;0;33;0;0;2;0;17;A01
201200022106;0;17;0;0;1;3;16;A01
201200022107;0;30;0;0;0;9;9;A01
201200022108;0;7;0;0;2;1;1;A01
201200022109;0;33;0;0;2;0;1;B01
201200022109;0;7;0;0;2;6;15;A01
201200022110;0;7;0;6;0;3;19;A01
201200022111;0;7;0;0;0;5;1;B01
201200022111;0;30;0;0;2;1;1;A01
201200022112;0;7;0;0;1;1;1;A01
201200022113;0;7;0;2;0;8;1;A01
201200022114;0;7;0;0;2;1;15;A01
201200022114;0;7;0;0;2;3;1;B01
201200022115;0;30;0;11;0;1;17;A01
201200022116;0;7;0;0;2;1;1;A01
201200022116;0;7;0;0;2;7;1;B01
201200022117;0;2;0;1;0;1;1;A01
201200022118;0;31;0;0;2;1;1;A01
201200022118;0;7;0;0;2;4;1;B01
201200022119;0;37;1;0;1;0;23;A01
201200022120;0;10;0;0;1;4;4;A01
201200022121;0;7;0;4;0;0;0;A01
201200022122;0;7;0;0;1;4;4;A01
201200022123;0;7;0;0;2;1;17;B01
201200022123;0;1;0;0;2;1;1;A01
201200022124;0;37;6;0;2;1;1;B01
201200022124;0;7;0;0;2;7;1;A01
201200022125;0;1;0;0;2;0;19;B01
201200022125;0;7;0;0;2;0;0;A01
201200022126;0;7;0;2;0;0;0;A01
201200022127;0;7;0;0;2;1;0;A01
201200022127;0;7;0;0;2;6;1;B01
201200022128;0;7;0;0;1;1;1;A01
201200022129;0;7;0;0;2;2;1;A01
201200022129;0;7;0;0;2;0;1;B01
201200022129;0;7;0;0;2;0;23;C01
201200022130;0;7;0;8;2;0;0;A01
201200022130;0;7;0;0;2;4;0;B01
201200022130;0;7;0;0;2;0;0;C01
201200022131;0;7;0;0;2;1;1;B01
201200022131;0;7;0;0;2;1;1;A01
201200022132;0;7;0;2;0;9;1;A01
201200022133;0;2;0;0;2;1;2;B01
201200022133;0;7;0;0;2;5;2;A01
201200022134;0;7;0;0;2;2;1;B01
201200022134;0;7;0;0;2;1;9;A01
201200022135;0;7;0;0;1;2;1;A01
201200022136;0;7;0;0;1;3;2;A01
201200022137;0;7;0;0;2;3;1;B01
201200022137;0;7;0;0;2;2;9;A01
201200022138;0;10;0;0;1;7;17;A01
201200022138;0;10;0;0;0;0;23;B01
201200022139;0;7;0;0;2;0;1;B01
201200022139;0;7;0;0;2;0;15;A01
201200022140;0;7;0;0;1;8;1;A01
201200022141;0;7;0;0;1;3;1;A01
201200022142;0;7;0;0;1;1;0;A01
201200022143;0;30;0;0;0;0;0;A01
201200022144;0;2;0;0;2;1;1;B01
201200022144;0;7;0;0;2;3;15;A01
201200022145;0;10;0;0;0;4;23;C01
201200022145;0;7;0;14;0;1;2;A01
201200022145;0;7;0;14;0;4;23;B01
201200022146;0;2;0;0;0;0;0;A01
201200022147;0;37;3;0;0;3;1;B01
201200022147;0;7;0;0;2;2;17;A01
201200022148;0;7;0;0;1;2;1;A01
201200022149;0;7;0;0;2;2;1;B01
201200022149;0;30;0;0;2;3;17;A01
201200022150;1;7;0;0;2;2;15;B01
201200022150;0;1;0;0;2;0;0;A01
201200022151;2;7;0;0;2;1;9;A01
201200022151;0;7;0;0;2;3;9;B01
201200022152;0;7;0;0;2;3;15;A01
201200022152;0;30;0;0;2;3;1;B01
201200022153;0;7;0;0;2;3;15;A01
201200022153;0;7;0;0;2;3;1;B01
201200022154;0;7;0;0;1;2;1;A01
201200022155;0;7;0;0;2;6;16;B01
201200022155;0;33;0;0;2;1;1;A01
201200022156;0;33;0;0;2;1;0;A01
201200022156;0;7;0;0;0;4;0;B01
201200022157;0;30;0;0;2;8;15;A01
201200022157;0;7;0;0;2;2;1;B01
201200022158;0;7;0;0;1;4;4;A01
201200022159;0;7;0;0;1;1;1;A01
201200022160;0;1;0;0;2;1;1;B01
201200022160;0;7;0;0;2;1;9;A01
201200022161;0;7;0;0;2;1;1;A01
201200022161;0;7;0;0;2;4;1;B01
201200022162;0;7;0;0;2;0;0;B01
201200022162;0;7;0;0;2;0;1;A01
201200022163;0;31;0;0;2;1;1;B01
201200022163;0;7;0;0;2;0;15;A01
201200022164;0;1;0;0;2;1;1;A01
201200022164;0;7;0;0;2;2;0;B01
201200022165;0;2;0;0;2;1;0;B01
201200022165;1;7;0;0;2;0;5;A01
201200022166;0;1;0;0;2;1;0;B01
201200022166;0;30;0;0;2;1;1;A01
201200022167;0;30;0;0;2;1;1;B01
201200022167;0;7;0;0;2;7;15;A01
201200022168;0;7;0;0;2;8;20;A01
201200022168;0;33;0;0;2;0;1;B01
201200022169;0;1;0;0;1;0;1;A01
201200022170;0;7;0;0;1;1;1;A01
201200022171;0;10;0;0;2;4;23;B01
201200022171;0;7;0;0;2;1;2;A01
201200022171;0;37;2;0;0;4;23;C01
201200022172;1;10;0;0;1;7;2;A01
201200022173;0;30;0;0;2;0;0;A01
201200022173;0;7;0;0;2;0;1;B01
201200022174;0;32;0;12;0;1;1;A01
201200022175;0;33;0;0;0;0;1;A01
201200022176;0;33;0;0;2;1;1;A01
201200022176;0;33;0;0;2;8;1;B01
201200022177;0;30;0;0;0;0;0;A01
201200022178;0;7;0;0;2;1;9;B01
201200022178;0;7;0;6;2;4;1;A01
201200022179;0;7;0;0;1;2;1;A01
201200022180;0;1;0;0;2;1;2;C01
201200022180;0;30;0;0;2;1;17;A01
201200022180;0;7;0;0;2;3;2;B01
201200022181;0;7;0;6;0;1;1;A01
201200022182;0;7;0;0;1;3;1;A01
201200022183;0;7;0;0;2;1;1;A01
201200022183;0;7;0;0;2;4;0;B01
201200022184;0;37;1;0;1;5;2;A01
201200022185;1;99;0;0;0;0;0;A01
201200022186;0;7;0;0;2;2;1;A01
201200022186;0;30;0;0;2;8;19;B01
201200022187;0;7;0;0;1;4;4;A01
201200022188;0;7;0;0;1;7;1;A01
201200022189;0;30;0;11;0;1;16;A01
201200022190;0;7;0;0;1;7;1;A01
201200022191;0;7;0;0;2;1;0;A01
201200022191;0;7;0;0;0;2;10;B01
201200022191;0;32;0;0;2;3;1;C01
201200022192;0;7;0;0;2;1;1;C01
201200022192;0;7;0;0;2;3;1;B01
201200022192;1;7;0;0;2;5;15;A01
201200022193;0;7;0;0;2;2;0;B01
201200022193;0;31;0;0;2;1;1;A01
201200022194;0;30;0;0;2;1;19;B01
201200022194;0;7;0;0;2;1;7;A01
201200022195;0;7;0;0;2;8;1;A01
201200022195;0;33;0;0;2;7;1;B01
201200022196;0;7;0;0;1;1;1;A01
201200022197;0;30;0;12;0;1;15;A01
201200022198;1;7;0;0;2;1;2;Z01
201200022198;0;7;0;0;1;4;23;A01
201200022199;0;34;0;0;2;1;17;B01
201200022199;0;7;0;0;2;6;15;A01
201200022200;0;7;0;0;2;3;15;A01
201200022200;0;2;0;0;2;7;17;B01
201200022201;0;7;0;0;1;1;0;A01
201200022202;0;7;0;0;2;3;1;B01
201200022202;0;7;0;0;2;1;15;A01
201200022203;0;7;0;0;2;1;2;A01
201200022203;0;7;0;0;2;4;16;B01
201200022204;0;7;0;0;1;3;15;A01
201200022205;0;7;0;0;2;8;1;B01
201200022205;1;7;0;0;2;1;5;A01
201200022206;0;7;0;0;1;7;1;A01
201200022207;0;33;0;0;0;4;23;B01
201200022207;0;7;0;0;2;1;2;A01
201200022207;0;33;0;0;0;4;23;C01
201200022208;0;2;0;0;0;0;1;A01
201200022209;0;7;0;0;2;4;1;B01
201200022209;0;7;0;0;2;4;1;C01
201200022209;0;7;0;0;2;1;1;A01
201200022210;0;7;0;0;0;4;23;B01
201200022210;0;7;0;0;0;1;2;A01
201200022211;0;10;0;0;2;2;15;A01
201200022211;0;7;0;0;2;3;1;B01
201200022212;0;7;0;0;2;1;1;A01
201200022212;0;7;0;0;2;4;23;B01
201200022213;0;7;0;0;1;1;1;A01
201200022214;0;33;0;0;2;1;2;A01
201200022214;0;7;0;0;0;4;2;B01
201200022215;0;7;0;0;2;3;1;B01
201200022215;0;7;0;0;2;1;1;A01
201200022216;0;7;0;0;2;3;17;A01
201200022217;0;32;0;14;0;2;1;A01
201200022218;0;1;0;0;2;8;19;B01
201200022218;0;7;0;0;2;1;1;A01
201200022219;0;7;0;0;2;3;9;A01
201200022219;0;30;0;0;2;7;1;B01
201200022220;0;7;0;0;1;1;1;A01
201200022221;0;7;0;12;0;1;13;A01
201200022222;0;10;0;0;2;0;9;A01
201200022222;0;1;0;0;2;1;1;B01
201200022223;0;7;0;4;0;5;1;A01
201200022224;0;7;0;0;2;4;1;B01
201200022224;0;10;0;0;2;1;1;A01
201200022225;0;2;0;0;0;1;0;A01
201200022226;0;2;0;0;2;1;1;A01
201200022226;1;7;0;0;2;1;1;B01
201200022227;0;7;0;0;1;1;0;A01
201200022228;0;7;0;0;2;5;4;B01
201200022228;0;7;0;0;2;2;1;A01
201200022229;0;7;0;0;1;2;1;A01
201200022230;0;7;0;0;2;1;1;B01
201200022230;0;7;0;0;2;1;13;A01
201200022231;0;7;0;0;2;3;15;A01
201200022231;0;30;0;0;2;1;1;B01
201200022232;0;33;0;0;2;7;17;B01
201200022232;0;7;0;0;2;8;15;A01
201200022233;0;7;0;0;2;4;2;B01
201200022233;0;7;0;0;2;1;2;A01
201200022234;0;7;0;0;2;8;2;B01
201200022234;0;7;0;0;2;1;15;A01
201200022235;0;7;0;0;2;2;15;B01
201200022235;0;33;0;0;2;1;17;A01
201200022236;0;1;0;0;2;6;19;B01
201200022236;0;7;0;0;9;3;1;A01
201200022237;0;7;0;4;0;9;1;A01
201200022238;0;7;0;0;2;1;1;A01
201200022238;0;7;0;0;2;1;13;B01
201200022239;0;7;0;0;1;1;0;A01
201200022240;0;7;0;0;2;0;17;A01
201200022240;0;1;0;0;2;8;1;B01
201200022241;0;2;0;0;2;1;0;A01
201200022241;0;10;0;0;2;4;0;B01
201200022242;1;30;0;0;1;1;0;A01
201200022243;0;7;0;0;2;7;1;B01
201200022243;0;7;0;0;2;1;1;A01
201200022244;0;7;0;4;0;0;0;A01
201200022245;0;7;0;0;1;1;1;A01
201200022246;0;7;0;0;0;4;15;B01
201200022246;0;7;0;0;2;1;1;A01
201200022247;0;7;0;0;2;3;15;A01
201200022247;0;1;0;0;2;1;1;B01
201200022248;0;33;0;0;2;1;1;A01
201200022248;0;7;0;0;2;4;11;B01
201200022249;1;7;0;0;1;3;7;Z01
201200022250;0;7;0;0;1;6;4;A01
201200022251;0;7;0;1;0;1;0;A01
201200022251;0;7;0;0;2;5;24;B01
201200022252;0;37;1;0;1;3;1;A01
201200022253;0;7;0;0;1;1;1;A01
201200022254;1;7;0;0;1;1;1;Z01
201200022255;0;7;0;0;2;1;1;B01
201200022255;0;7;0;0;2;2;15;A01
201200022256;0;7;0;0;2;2;15;B01
201200022256;0;34;0;0;2;2;1;A01
201200022257;0;7;0;0;2;4;1;B01
201200022257;0;2;0;0;2;1;1;A01
201200022258;0;7;0;0;2;4;23;B01
201200022258;0;30;0;0;2;1;2;A01
201200022259;0;7;0;0;2;1;2;A01
201200022259;0;33;0;0;2;4;23;B01
201200022260;0;7;0;0;1;2;1;A01