num_acc;senc;catv;occutc;obs;obsm;choc;manv;num_veh
201200022261;0;7;0;0;2;1;5;A01
201200022261;0;7;0;0;2;3;1;B01
201200022262;0;7;0;0;1;7;1;A01
201200022263;0;7;0;0;1;3;1;A01
201200022264;0;7;0;6;0;1;1;A01
201200022265;0;7;0;0;2;5;15;B01
201200022265;0;7;0;0;2;3;2;A01
201200022266;0;7;0;0;2;7;1;B01
201200022266;0;7;0;0;2;1;13;A01
201200022267;0;1;0;0;2;1;1;B01
201200022267;0;7;0;0;2;1;15;A01
201200022268;0;7;0;0;2;1;1;B01
201200022268;0;7;0;0;2;1;15;A01
201200022269;0;30;0;15;0;1;1;A01
201200022270;0;7;0;0;2;4;23;A01
201200022270;0;7;0;0;2;1;2;B01
201200022271;0;7;0;0;2;3;1;A01
201200022271;0;7;0;0;2;2;1;B01
201200022272;0;7;0;0;1;2;1;A01
201200022273;0;7;0;4;6;1;1;A01
201200022274;0;7;0;0;1;7;1;A01
201200022275;0;7;0;0;1;1;1;A01
201200022276;1;7;0;0;1;2;1;A01
201200022277;0;7;0;0;2;3;1;A01
201200022277;0;14;0;0;2;3;1;B01
201200022278;0;7;0;0;2;7;1;A01
201200022278;0;7;0;0;2;1;1;B01
201200022279;0;7;0;0;1;3;1;A01
201200022280;0;7;0;0;1;2;0;A01
201200022281;0;7;0;0;1;1;1;A01
201200022282;0;7;0;0;2;7;1;B01
201200022282;2;7;0;0;2;3;15;A01
201200022283;0;7;0;0;1;2;1;A01
201200022284;0;7;0;0;1;8;1;A01
201200022285;0;7;0;0;1;2;1;A01
201200022286;0;7;0;0;1;2;1;A01
201200022287;0;7;0;15;0;7;1;A01
201200022288;0;7;0;0;1;2;1;A01
201200022289;0;7;0;0;1;2;0;A01
201200022290;0;7;0;0;1;1;1;A01
201200022291;0;7;0;0;2;2;15;A01
201200022291;0;1;0;0;2;7;1;B01
201200022292;0;7;0;1;0;2;1;A01
201200022293;0;7;0;0;0;4;2;A01
201200022293;0;7;0;0;2;1;2;B01
201200022294;1;7;0;0;0;6;1;B01
201200022294;0;2;0;0;2;1;2;A01
201200022295;0;7;0;0;2;2;15;A01
201200022295;0;33;0;0;2;1;1;B01
201200022296;0;7;0;0;1;2;1;A01
201200022297;0;10;0;0;1;1;1;A01
201200022298;0;7;0;0;2;1;1;A01
201200022298;0;7;0;0;2;1;10;B01
201200022299;2;2;0;0;2;2;17;Z01
201200022299;0;1;0;0;2;6;11;B01
201200022300;0;7;0;0;2;3;11;A01
201200022300;0;33;0;6;0;5;1;B01
201200022301;0;14;0;10;0;1;1;A01
201200022302;0;30;0;0;2;1;1;B01
201200022302;0;7;0;0;2;3;15;A01
201200022303;0;7;0;0;1;2;1;A01
201200022304;0;7;0;0;2;1;19;A01
201200022304;0;2;0;0;2;8;1;B01
201200022305;0;7;0;1;2;4;2;B01
201200022305;0;7;0;0;2;1;2;A01
201200022306;0;7;0;0;1;3;1;A01
201200022307;0;2;0;0;2;8;2;A01
201200022307;0;7;0;0;2;1;2;B01
201200022308;0;7;0;8;0;1;1;A01
201200022309;0;7;0;8;0;3;13;A01
201200022310;0;7;0;0;2;1;13;A01
201200022310;0;7;0;0;2;1;1;B02
201200022311;0;33;0;0;2;1;1;A01
201200022311;0;7;0;0;2;1;15;B02
201200022312;0;7;0;8;0;8;14;A01
201200022313;0;7;0;0;0;1;1;A01
201200022314;0;30;0;0;2;1;5;A01
201200022314;0;7;0;0;2;3;15;B02
201200022315;0;7;0;0;2;3;1;A01
201200022315;0;32;0;0;2;1;13;B02
201200022316;0;30;0;13;0;0;14;A01
201200022317;0;30;0;0;2;1;1;B02
201200022317;0;7;0;0;2;3;1;A01
201200022318;0;7;0;0;2;8;19;A01
201200022318;0;33;0;0;2;1;1;B02
201200022319;0;7;0;0;2;8;1;B02
201200022319;0;10;0;0;2;1;19;A01
201200022320;0;7;0;6;0;1;0;A01
201200022321;0;7;0;0;2;1;1;B02
201200022321;0;7;0;0;2;8;19;A01
201200022322;0;7;0;0;1;2;1;A01
201200022323;0;7;0;0;2;3;9;A01
201200022323;0;33;0;0;2;2;1;B02
201200022324;0;2;0;0;0;0;0;A01
201200022325;0;7;0;0;2;3;1;B02
201200022325;0;7;0;0;2;1;2;C03
201200022325;0;7;0;0;2;2;13;A01
201200022326;0;30;0;0;2;1;1;B02
201200022326;0;7;0;0;2;1;15;A01
201200022327;0;31;0;0;2;8;15;A01
201200022327;0;7;0;0;2;3;15;B02
201200022328;0;2;0;0;2;1;17;B02
201200022328;0;7;0;0;2;3;15;A01
201200022329;0;7;0;0;1;7;0;A01
201200022330;0;7;0;0;1;3;1;A01
201200022331;0;7;0;0;2;8;15;A01
201200022331;0;33;0;0;2;1;1;B02
201200022332;0;33;0;0;2;1;17;B02
201200022332;0;7;0;0;2;6;15;A01
201200022333;0;1;0;0;2;1;1;B02
201200022333;0;7;0;0;2;7;19;A01
201200022334;0;3;0;0;2;1;1;B02
201200022334;0;7;0;0;2;5;15;A01
201200022335;0;33;0;13;0;2;0;A01
201200022336;0;7;0;0;2;3;15;B02
201200022336;0;7;0;0;2;1;1;A01
201200022337;0;7;0;0;1;3;15;A01
201200022338;0;7;0;0;1;1;1;A01
201200022339;0;7;0;0;1;2;1;A01
201200022340;0;7;0;0;2;1;13;A01
201200022340;0;7;0;0;2;1;1;B02
201200022341;0;2;0;9;0;1;1;A01
201200022342;0;38;0;0;1;2;1;A01
201200022343;0;7;0;0;2;4;1;B02
201200022343;0;7;0;0;2;2;2;A01
201200022344;0;7;0;0;2;1;13;A01
201200022344;0;7;0;0;2;1;1;B02
201200022345;0;7;0;13;0;1;1;A01
201200022346;0;7;0;0;2;1;18;A01
201200022346;0;7;0;0;2;6;1;B02
201200022346;0;15;0;0;2;3;1;C03
201200022347;0;33;0;3;0;1;1;A01
201200022347;0;33;0;0;2;1;1;B02
201200022348;0;38;20;0;2;1;1;A01
201200022348;0;31;0;0;2;1;13;B02
201200022349;0;10;0;0;1;2;1;A01
201200022350;0;15;0;0;2;6;13;A01
201200022350;0;7;0;0;2;3;1;B02
201200022351;0;31;0;0;2;1;1;A01
201200022351;0;7;0;0;2;3;20;B02
201200022352;0;7;0;0;2;2;1;A01
201200022352;0;7;0;0;2;3;15;B02
201200022353;0;7;0;14;0;2;1;A01
201200022354;0;7;0;0;2;1;1;A01
201200022354;0;7;0;0;2;3;15;B02
201200022355;0;7;0;0;1;4;4;A01
201200022356;0;7;0;0;0;9;1;A01
201200022357;0;33;0;7;0;1;1;A01
201200022358;0;33;0;13;0;1;21;C03
201200022358;0;33;0;0;2;3;13;A01
201200022358;0;7;0;0;2;3;1;B02
201200022359;0;7;0;0;2;8;19;A01
201200022359;0;7;0;0;2;1;1;B01
201200022360;0;7;0;0;2;1;9;A01
201200022360;0;7;0;0;2;8;1;B01
201200022361;0;30;0;0;2;4;13;B01
201200022361;0;7;0;0;2;1;1;A01
201200022362;2;30;0;0;2;1;1;A01
201200022362;0;7;0;0;0;4;23;B01
201200022363;0;7;0;0;2;1;1;A01
201200022363;0;30;0;0;2;4;2;B01
201200022363;0;7;0;0;0;4;2;C01
201200022364;0;7;0;0;2;3;6;A01
201200022364;0;7;0;0;2;1;2;C01
201200022364;0;7;0;0;2;3;1;B01
201200022365;0;7;0;0;0;9;0;A01
201200022366;0;7;0;0;0;7;0;A01
201200022367;0;10;0;0;2;2;1;B01
201200022367;2;7;0;0;2;8;15;Z01
201200022368;0;7;0;0;2;2;1;A01
201200022368;0;7;0;0;2;8;0;B01
201200022369;0;17;0;0;2;1;23;C01
201200022369;0;7;0;0;2;7;15;A01
201200022369;0;7;0;0;2;3;1;B01
201200022370;0;7;0;0;1;1;0;A01
201200022371;1;7;0;0;0;0;0;Z01
201200022371;0;7;0;0;2;3;1;B01
201200022371;0;7;0;0;2;1;1;A01
201200022372;0;7;0;0;1;4;4;A01
201200022373;0;7;0;0;2;2;1;A01
201200022373;0;7;0;0;2;4;2;B01
201200022374;0;7;0;0;2;1;1;A01
201200022374;0;7;0;0;2;1;1;B01
201200022375;0;13;0;0;2;2;1;B01
201200022375;0;7;0;0;2;2;15;A01
201200022376;0;2;0;0;2;2;1;A01
201200022376;0;7;0;0;2;3;15;B01
201200022377;0;33;0;2;0;0;1;A01
201200022378;0;7;0;0;2;3;1;B01
201200022378;0;7;0;0;2;3;6;A01
201200022379;0;33;0;0;2;1;1;B01
201200022379;0;7;0;0;2;7;15;A01
201200022380;0;33;0;0;2;7;1;B01
201200022380;0;7;0;0;2;3;0;A01
201200022381;0;7;0;0;0;7;15;A01
201200022381;0;1;0;0;2;8;2;B01
201200022382;0;7;0;0;2;2;11;A01
201200022382;0;33;0;0;2;8;15;B01
201200022383;0;7;0;0;1;3;1;A01
201200022384;0;7;0;9;0;1;1;A01
201200022385;0;14;0;0;2;1;1;B01
201200022385;0;2;0;0;2;7;1;A01
201200022386;0;33;0;0;2;0;1;B01
201200022386;0;7;0;0;2;8;10;A01
201200022387;1;7;0;0;1;1;1;Z01
201200022388;0;7;0;0;2;1;2;A01
201200022388;0;7;0;0;2;4;23;B01
201200022388;0;7;0;0;2;4;23;C01
201200022389;0;7;0;0;2;7;1;B01
201200022389;0;7;0;0;2;3;9;A01
201200022390;0;7;0;0;1;8;1;A01
201200022391;1;14;0;0;0;0;17;Z01
201200022391;0;1;0;0;2;0;2;A01
201200022392;0;30;0;0;2;1;1;B01
201200022392;0;7;0;0;2;2;19;A01
201200022393;0;7;0;0;1;1;2;A01
201200022394;0;7;0;0;2;1;13;A01
201200022394;0;7;0;0;2;1;1;B01
201200022395;0;33;0;0;2;1;1;B01
201200022395;0;7;0;0;2;8;11;A01
201200022396;0;7;0;0;2;1;1;B01
201200022396;0;7;0;0;2;1;1;A01
201200022397;0;7;0;0;2;1;1;B01
201200022397;0;7;0;0;2;1;1;A01
201200022398;0;7;0;14;0;9;1;A01
201200022399;0;7;0;0;2;1;2;C01
201200022399;0;7;0;0;2;1;13;B01
201200022399;0;10;0;0;2;1;1;A01
201200022400;0;7;0;0;1;1;1;A01
201200022401;0;7;0;0;1;1;1;A01
201200022402;0;2;0;0;2;1;1;A01
201200022402;0;7;0;0;0;4;23;B01
201200022403;0;7;0;0;1;1;1;A01
201200022404;0;30;0;0;2;1;1;B01
201200022404;0;7;0;0;2;1;19;A01
201200022405;0;7;0;0;1;7;1;A01
201200022406;0;7;0;0;2;1;19;A01
201200022406;0;1;0;0;2;7;1;B01
201200022407;0;7;0;0;2;1;15;A01
201200022407;0;1;0;0;2;1;1;B01
201200022408;0;1;0;0;2;3;1;B01
201200022408;0;7;0;0;2;1;9;A01
201200022409;0;7;0;0;2;3;1;B01
201200022409;0;7;0;0;2;3;15;A01
201200022410;0;7;0;0;1;0;0;A01
201200022411;0;7;0;0;2;4;2;B01
201200022411;0;7;0;0;2;1;2;A01
201200022412;0;7;0;0;2;1;1;B01
201200022412;0;7;0;0;2;3;19;A01
201200022413;0;2;0;0;2;7;17;B01
201200022413;0;7;0;0;2;2;9;A01
201200022414;0;30;0;0;2;2;17;A01
201200022414;0;7;0;0;0;6;23;B01
201200022414;0;7;0;0;2;3;1;C01
201200022415;0;7;0;0;2;1;6;A01
201200022415;0;7;0;0;2;3;1;B01
201200022416;0;7;0;0;2;1;15;A01
201200022416;0;7;0;0;2;1;1;B01
201200022417;0;7;0;0;2;8;15;B01
201200022417;0;33;0;0;2;1;17;A01
201200022418;0;1;0;0;0;8;15;A01
201200022418;0;2;0;0;2;1;17;B01
201200022419;0;7;0;0;2;2;1;A01
201200022419;0;7;0;2;2;3;16;B01
201200022420;0;7;0;0;2;3;1;A01
201200022420;0;7;0;0;2;3;1;B01
201200022421;0;7;0;0;2;3;1;B01
201200022421;0;7;0;0;2;3;1;A01
201200022422;0;7;0;0;2;3;1;B01
201200022422;0;7;0;0;2;3;9;A01
201200022423;0;7;0;0;2;7;19;A01
201200022423;0;7;0;0;2;1;1;B01
201200022424;0;7;0;0;0;4;1;B01
201200022424;0;2;0;0;2;1;1;A01
201200022425;0;7;0;0;2;8;1;B01
201200022425;0;7;0;0;2;1;19;A01
201200022426;0;1;0;0;2;7;19;A01
201200022426;0;7;0;0;2;1;1;B01
201200022427;0;1;0;0;1;1;2;A01
201200022428;0;2;0;0;2;1;1;B01
201200022428;0;7;0;0;2;2;15;A01
201200022429;0;7;0;0;2;1;1;A01
201200022429;0;7;0;0;2;1;1;B01
201200022430;0;10;0;0;2;1;15;A01
201200022430;0;2;0;0;2;1;1;B01
201200022431;2;7;0;0;2;1;6;A01
201200022431;0;7;0;0;2;1;1;B01
201200022432;0;7;0;0;2;1;1;A01
201200022432;0;7;0;0;0;4;23;B01
201200022433;0;1;0;0;2;1;19;A01
201200022433;0;7;0;0;2;7;9;B01
201200022434;0;7;0;0;1;3;1;A01
201200022435;0;7;0;0;1;3;1;A01
201200022436;0;7;0;0;2;1;1;B01
201200022436;0;7;0;0;2;0;9;A01
201200022437;0;7;0;0;2;1;19;A01
201200022437;0;7;0;0;2;5;1;B01
201200022438;0;33;0;0;2;2;6;A01
201200022438;0;7;0;0;2;2;1;B01
201200022439;0;7;0;0;2;1;1;B01
201200022439;0;1;0;0;2;5;15;A01
201200022440;0;2;0;0;2;2;1;A01
201200022440;0;7;0;0;0;6;15;B01
201200022441;0;7;0;0;0;2;15;A01
201200022441;0;1;0;0;2;1;1;B01
201200022442;0;7;0;0;2;3;19;A01
201200022442;0;15;0;0;2;1;1;B01
201200022443;0;7;0;0;2;1;1;B01
201200022443;0;7;0;0;2;1;9;A01
201200022444;0;7;0;0;2;1;1;A01
201200022444;0;7;0;0;0;4;23;B01
201200022445;0;7;0;0;2;3;9;A01
201200022445;0;7;0;0;2;2;1;B01
201200022446;0;2;0;0;2;1;6;A01
201200022446;0;7;0;0;2;1;1;B01
201200022447;0;7;0;0;2;1;19;A01
201200022447;0;7;0;0;2;2;1;B01
201200022448;0;7;0;0;1;1;1;A01
201200022449;0;7;0;0;2;3;1;A01
201200022449;0;32;0;0;2;8;1;B01
201200022450;0;2;0;0;2;1;1;A01
201200022450;0;7;0;0;2;1;15;B01
201200022451;0;7;0;0;2;1;2;A01
201200022451;0;7;0;0;2;4;2;B01
201200022452;0;7;0;0;2;1;19;A01
201200022452;0;7;0;0;2;7;1;B01
201200022453;0;7;0;0;1;4;4;A01
201200022454;0;7;0;0;2;3;9;A01
201200022454;0;2;0;0;0;6;1;B01
201200022455;0;33;0;0;2;1;1;A02
201200022455;0;7;0;0;2;3;9;A01
201200022456;0;33;0;0;2;1;1;B01
201200022456;0;7;0;0;2;3;9;A01
201200022457;0;7;0;0;2;2;15;A01
201200022457;0;7;0;0;2;3;1;B01
201200022458;0;7;0;0;2;3;1;B01
201200022458;0;7;0;0;2;3;9;A01
201200022459;0;7;0;6;0;1;13;A01
201200022460;0;1;0;0;2;1;1;B01
201200022460;0;7;0;0;2;3;9;A01
201200022461;0;7;0;0;2;7;17;A01
201200022461;0;1;0;0;2;8;1;B01
201200022462;0;7;0;0;1;2;1;A01
201200022463;0;1;0;0;2;7;1;B01
201200022463;0;7;0;0;2;1;9;A01
201200022464;0;7;0;0;2;6;19;A01
201200022464;0;30;0;0;2;1;1;B01
201200022465;0;7;0;0;1;1;1;A01
201200022466;0;7;0;0;2;2;1;A01
201200022466;0;1;0;0;2;1;1;B01
201200022467;0;7;0;0;2;1;2;A01
201200022467;0;7;0;0;2;1;2;B01
201200022467;0;7;0;0;2;4;2;C01
201200022468;0;7;0;0;2;3;20;B01
201200022468;0;2;0;0;2;2;17;A01
201200022469;0;7;0;0;1;4;4;A01
201200022470;0;31;0;0;2;1;17;B01
201200022470;0;7;0;0;2;3;9;A01
201200022471;0;2;0;0;2;3;15;A01
201200022471;0;7;0;0;2;2;17;B01
201200022472;0;33;0;0;2;2;18;A01
201200022472;0;7;0;0;2;2;1;B01
201200022473;0;7;0;0;2;7;1;B01
201200022473;0;1;0;0;2;1;9;A01
201200022474;0;7;0;0;2;3;9;A01
201200022474;0;30;0;0;2;7;1;B01
201200022475;0;7;0;0;2;2;10;A01
201200022475;0;7;0;0;2;3;1;B01
201200022476;0;39;20;0;1;1;1;A01
201200022477;0;33;0;0;1;1;1;A01
201200022478;0;7;0;0;2;7;1;B01
201200022478;0;7;0;0;2;1;19;A01
201200022479;0;30;0;0;2;5;1;A01
201200022479;0;7;0;0;2;1;9;B01
201200022480;0;7;0;0;2;1;9;B01
201200022480;0;7;0;0;2;8;1;A01
201200022481;0;1;0;0;2;1;5;B01
201200022481;0;7;0;0;2;1;9;A01
201200022482;0;7;0;0;2;1;1;A01
201200022482;0;7;0;0;0;4;1;B01
201200022483;0;7;0;0;2;2;1;A01
201200022483;0;1;0;0;0;6;1;B01
201200022484;0;7;0;0;2;2;1;A01
201200022484;0;7;0;0;0;6;16;B01
201200022485;0;7;0;0;2;7;9;A01
201200022485;0;7;0;0;2;1;1;B01
201200022486;0;1;0;0;2;5;1;B01
201200022486;0;7;0;0;2;3;9;A01
201200022487;0;7;0;8;0;0;19;A01
201200022488;0;30;0;0;2;1;1;A01
201200022488;0;7;0;0;2;6;9;B01
201200022489;0;7;0;0;0;4;23;C01
201200022489;0;7;0;0;2;1;1;A01
201200022489;0;7;0;0;2;4;23;B01
201200022490;0;30;0;0;2;1;1;B01
201200022490;0;7;0;0;2;2;15;A01
201200022491;0;33;0;0;2;1;1;A01
201200022491;0;7;0;0;2;2;16;B01
201200022492;1;10;0;0;1;2;1;Z01
201200022493;0;33;0;0;2;1;5;A01
201200022493;0;7;0;0;2;1;0;B01
201200022494;0;7;0;0;2;0;0;B01
201200022494;0;7;0;6;2;1;1;A01
201200022495;0;7;0;0;2;4;1;A01
201200022495;0;7;0;0;2;1;1;C01
201200022495;0;7;0;0;2;1;1;B01
201200022496;0;32;0;0;2;1;1;B01
201200022496;0;7;0;0;2;2;15;A01
201200022497;0;33;0;0;2;1;1;A01
201200022497;0;7;0;0;2;3;1;B01
201200022498;1;7;0;0;2;5;16;B01
201200022498;0;2;0;0;2;0;1;A01
201200022499;0;1;0;0;2;4;1;B01
201200022499;0;7;0;0;2;2;1;A01
201200022500;0;7;0;0;2;2;1;A01
201200022500;0;2;0;0;2;1;1;B01
201200022501;0;7;0;0;2;1;1;B01
201200022501;0;7;0;0;2;1;15;A01
201200022502;0;30;0;0;0;0;2;A01
201200022503;0;7;0;0;0;8;1;A01
201200022503;0;7;0;0;2;4;1;B01
201200022504;0;31;0;0;1;8;1;A01
201200022505;0;7;0;0;2;3;19;A01
201200022505;0;37;2;0;2;2;1;B01
201200022506;1;32;0;0;1;0;0;Z01
201200022507;0;7;0;0;2;2;16;A01
201200022507;0;7;0;0;2;8;16;B01
201200022508;0;7;0;0;2;3;15;A01
201200022508;0;33;0;0;2;1;1;B01
201200022509;0;10;0;0;2;3;9;A01
201200022509;0;31;0;0;2;2;1;B01
201200022509;0;7;0;0;2;5;1;C01
201200022510;0;7;0;0;2;0;9;A01
201200022510;0;37;2;0;2;0;1;B01
201200022511;0;1;0;0;2;1;2;B01
201200022511;0;7;0;0;2;3;9;A01
201200022512;0;10;0;7;0;1;2;A01
201200022513;0;31;0;0;2;7;17;A01
201200022513;0;7;0;0;2;6;15;B01
201200022514;0;7;0;0;2;0;15;A01
201200022514;0;7;0;0;2;3;1;B01
201200022515;0;7;0;0;1;1;9;A01
201200022516;0;1;0;0;2;8;9;A01
201200022516;0;7;0;0;2;1;1;B01
201200022517;0;37;0;0;0;4;2;B01
201200022517;0;17;0;0;2;2;2;A01
201200022518;0;7;0;0;2;1;1;B01
201200022518;0;7;0;0;2;1;1;A01
201200022518;0;7;0;0;2;1;1;C01
201200022519;0;7;0;0;2;1;1;B01
201200022519;0;32;0;0;2;4;1;A01
201200022520;0;7;0;0;2;3;2;B01
201200022520;0;7;0;0;2;1;19;A01
201200022521;0;7;0;3;2;3;11;A01
201200022521;0;7;0;0;2;2;2;B01
201200022522;1;7;0;0;1;0;0;Z01
201200022523;0;7;0;0;1;2;1;A01
201200022524;0;7;0;0;2;6;9;A01
201200022524;0;33;0;0;2;1;1;B01
201200022525;0;7;0;0;2;0;2;B01
201200022525;0;2;0;0;2;7;19;A01
201200022526;0;7;0;0;2;1;1;B01
201200022526;0;7;0;0;2;8;0;A01
201200022527;0;7;0;0;2;8;10;A01
201200022527;0;33;0;0;2;1;2;B01
201200022528;0;34;0;0;2;8;1;B01
201200022528;0;14;0;0;0;0;1;A01
201200022529;0;7;0;0;2;1;19;A01
201200022529;0;7;0;0;2;3;2;B01
201200022530;0;1;0;0;2;0;1;B01
201200022530;0;7;0;0;2;0;9;A01
201200022531;0;30;0;11;0;1;16;A01
201200022532;0;7;0;0;2;1;14;A01
201200022532;0;32;0;0;2;8;1;B01
201200022533;0;31;0;0;2;0;2;B01
201200022533;0;7;0;0;2;2;19;A01
201200022534;0;7;0;0;2;3;1;B01
201200022534;0;7;0;0;2;0;1;C01
201200022534;0;7;0;0;2;9;13;A01
201200022535;0;7;0;0;0;1;1;A01
201200022536;0;7;0;0;2;1;2;B01
201200022536;0;30;0;0;2;0;2;A01
201200022537;0;7;0;0;2;2;9;A01
201200022537;0;31;0;0;2;1;2;B01
201200022538;0;7;0;0;2;0;0;B01
201200022538;0;31;0;0;2;1;1;A01
201200022539;0;30;0;0;2;1;1;A01
201200022539;0;7;0;0;2;8;1;B01
201200022540;0;7;0;0;2;8;2;B01
201200022540;1;7;0;0;2;0;17;Z01
201200022541;0;7;0;0;2;1;2;A01
201200022541;0;7;0;0;0;4;2;B01
201200022542;0;7;0;0;2;2;15;A01
201200022542;0;31;0;0;2;1;1;B01
201200022543;0;7;0;0;2;2;15;A01
201200022543;0;30;0;0;2;1;1;B01
201200022544;0;7;0;0;1;0;1;A01
201200022545;0;7;0;0;1;1;2;A01
201200022546;0;7;0;0;0;9;1;A01
201200022547;0;7;0;0;2;4;15;B01
201200022547;0;33;0;0;2;1;1;A01
201200022548;0;7;0;0;2;2;16;A01
201200022548;0;1;0;0;2;8;2;B01
201200022549;0;7;0;0;2;9;0;A01
201200022550;0;33;0;0;2;1;1;A01
201200022550;0;7;0;0;2;8;15;B01
201200022551;0;30;0;12;0;1;14;A01
201200022552;0;7;0;0;2;2;1;B01
201200022552;0;7;0;0;2;1;1;A01
201200022553;0;10;0;0;0;4;2;B01
201200022553;0;7;0;0;2;1;2;A01
201200022554;0;1;0;0;2;0;0;B01
201200022554;0;7;0;0;2;2;1;A01
201200022555;0;33;0;0;2;1;2;B01
201200022555;0;7;0;1;2;2;10;A01
201200022556;0;7;0;0;2;4;2;B01
201200022556;0;31;0;0;2;1;1;A01
201200022557;0;7;0;0;2;1;1;A01
201200022557;0;1;0;0;2;4;0;B01
201200022558;0;33;0;6;0;1;1;A01
201200022559;0;7;0;1;0;1;2;A01
201200022560;0;7;0;0;2;1;1;A01
201200022560;0;15;0;0;2;4;1;B01
201200022561;0;2;0;0;2;1;2;B01
201200022561;0;7;0;0;2;2;5;A01
201200022562;0;7;0;0;1;0;16;A01
201200022563;0;7;0;0;2;4;23;B01
201200022563;0;17;0;0;2;1;1;A01
201200022564;0;30;0;0;2;8;7;A01
201200022564;0;7;0;0;2;7;16;B01
201200022565;0;7;0;0;2;3;9;A01
201200022565;0;31;0;0;2;1;21;B01
201200022566;0;7;0;8;0;0;0;A01
201200022567;0;7;0;8;0;1;1;A01
201200022568;0;7;0;0;1;2;2;A01
201200022569;0;37;1;0;2;3;1;B01
201200022569;0;30;0;0;2;1;0;A01
201200022570;0;7;0;0;2;2;17;A01
201200022570;0;7;0;0;2;8;2;C01
201200022570;0;7;0;0;0;6;2;B01
201200022571;0;7;0;0;1;1;1;A01
201200022572;0;7;0;0;0;6;2;C01
201200022572;0;7;0;0;2;4;2;B01
201200022572;0;7;0;0;2;1;2;A01
201200022573;0;7;0;0;2;0;15;A01
201200022573;0;32;0;0;2;0;1;B01
201200022574;0;7;0;0;2;1;2;A01
201200022574;0;7;0;0;0;4;2;C01
201200022574;0;7;0;0;2;4;2;B01
201200022575;0;7;0;0;2;3;9;A01
201200022575;0;7;0;0;2;1;1;B01
201200022576;0;7;0;0;0;6;0;A01
201200022576;0;33;0;1;0;2;14;B01
201200022577;0;7;0;7;0;1;16;A01
201200022578;0;7;0;8;0;1;14;A01
201200022579;0;7;0;0;2;7;1;A01
201200022579;0;7;0;0;2;1;1;B01
201200022580;0;1;0;0;2;1;5;B01
201200022580;0;14;0;0;2;2;9;A01
201200022581;0;33;0;8;0;1;14;A01
201200022582;0;7;0;1;1;0;1;A01
201200022583;0;32;0;0;2;1;2;A01
201200022583;0;7;0;0;2;1;2;B01
201200022584;0;7;0;0;2;1;1;A01
201200022584;0;7;0;0;2;4;1;C01
201200022584;0;7;0;0;2;1;1;B01
201200022585;0;1;0;0;2;1;2;B01
201200022585;0;7;0;0;2;2;19;A01
201200022586;0;14;0;0;2;7;1;B01
201200022586;0;7;0;0;2;1;15;A01
201200022587;2;7;0;0;2;1;2;A01
201200022587;0;7;0;0;0;4;23;C01
201200022587;0;7;0;0;2;4;23;B01
201200022588;0;7;0;0;2;4;1;C01
201200022588;0;7;0;0;2;1;0;B01
201200022588;1;7;0;0;2;0;0;Z01
201200022589;0;7;0;0;2;1;17;A01
201200022589;0;33;0;0;2;1;2;B01
201200022590;0;7;0;0;1;1;16;A01
201200022591;0;7;0;0;1;1;9;A01
201200022592;0;7;0;0;1;0;0;A01
201200022593;0;7;0;7;2;1;1;B01
201200022593;0;7;0;0;2;3;9;A01
201200022594;0;7;0;0;1;0;0;A01
201200022595;0;33;0;12;0;1;14;A01
201200022596;0;7;0;3;0;1;13;A01
201200022597;0;7;0;0;2;2;0;A01
201200022597;0;2;0;0;0;5;0;B02
201200022598;0;7;0;0;2;1;1;B02
201200022598;0;7;0;0;2;8;1;A01
201200022599;0;7;0;13;0;8;13;A01
201200022600;0;7;0;13;0;7;1;A01
201200022601;0;33;0;0;2;1;1;B02
201200022601;0;7;0;0;2;7;15;A01
201200022602;0;7;0;0;2;1;0;A01
201200022602;0;7;0;0;2;6;0;C03
201200022602;0;7;0;0;2;1;0;B02
201200022603;0;7;0;8;0;1;21;A01
201200022604;0;7;0;0;2;1;1;B02
201200022604;0;7;0;0;2;7;17;A01
201200022605;0;30;0;0;2;1;5;A01
201200022605;0;10;0;0;2;1;1;B02
201200022606;0;7;0;0;2;1;13;A01
201200022606;0;7;0;0;2;1;1;B02
201200022607;0;2;0;0;2;8;15;A01
201200022607;0;7;0;0;2;1;15;B02
201200022608;0;33;0;0;2;1;2;A01
201200022608;0;7;0;0;2;3;15;B02
201200022609;0;7;0;0;2;2;15;A01
201200022609;0;7;0;0;2;3;1;B02
201200022610;0;7;0;10;0;1;1;A01
201200022611;0;33;0;0;2;1;1;B02
201200022611;0;7;0;0;2;1;13;A01
201200022612;0;7;0;2;0;2;1;A01
201200022613;0;7;0;0;0;4;9;B02
201200022613;0;10;0;0;2;1;9;A01
201200022614;0;7;0;6;0;1;1;A01
201200022615;0;7;0;13;0;0;1;A01
201200022616;0;7;0;0;2;3;21;A01
201200022616;0;7;0;0;2;3;13;B02
201200022617;0;7;0;0;1;3;1;A01
201200022618;0;10;0;1;0;1;1;A01
201200022618;0;15;0;1;0;4;24;B02
201200022619;0;7;0;0;2;2;12;A01
201200022619;0;7;0;0;2;2;1;D04
201200022619;0;13;0;0;2;6;1;B02
201200022619;0;14;0;1;0;1;1;C03
201200022619;0;7;0;0;2;6;1;E05
201200022620;0;10;0;13;0;0;14;A01
201200022621;0;10;0;0;0;4;23;A01
201200022621;0;17;0;1;0;1;2;B02
201200022622;0;38;46;13;0;2;14;A01
201200022623;0;17;0;0;2;6;1;B02
201200022623;0;7;0;0;2;2;3;A01
201200022624;0;7;0;0;2;2;17;A01
201200022624;0;7;0;0;2;6;1;B02