num_acc;senc;catv;occutc;obs;obsm;choc;manv;num_veh
201200022625;0;7;0;4;0;1;1;A01
201200022626;0;7;0;0;2;1;1;B01
201200022626;0;7;0;0;2;2;15;A01
201200022626;0;33;0;0;2;1;23;C01
201200022627;0;7;0;0;2;1;15;A01
201200022627;0;2;0;0;2;1;1;B01
201200022628;0;7;0;0;1;1;15;A01
201200022629;0;7;0;0;2;4;1;B01
201200022629;0;7;0;0;2;4;23;C01
201200022629;0;7;0;0;2;1;1;A01
201200022630;0;7;0;0;2;1;10;A01
201200022630;0;30;0;0;2;1;1;B01
201200022631;0;7;0;0;2;3;15;A01
201200022631;0;7;0;0;2;3;1;B01
201200022632;0;7;0;0;1;3;1;A01
201200022633;0;7;0;0;1;7;1;A01
201200022634;0;7;0;0;2;3;2;A01
201200022634;0;7;0;0;0;5;1;B01
201200022635;0;7;0;0;2;8;9;A01
201200022635;0;32;0;0;2;7;1;B01
201200022636;0;31;0;12;0;1;1;A01
201200022637;0;7;0;0;2;7;17;A01
201200022637;0;7;0;0;2;3;15;B01
201200022638;0;7;0;0;1;6;4;A01
201200022639;0;7;0;0;1;2;1;A01
201200022640;0;1;0;0;2;1;7;B01
201200022640;0;7;0;0;2;5;12;A01
201200022641;0;7;0;0;1;2;16;A01
201200022642;0;7;0;0;1;7;1;A01
201200022643;0;7;0;0;1;5;4;A01
201200022644;0;7;0;0;2;3;9;A01
201200022644;0;32;0;0;2;1;1;B01
201200022645;0;30;0;0;2;1;17;A01
201200022645;0;7;0;0;2;8;15;B01
201200022646;0;7;0;0;2;1;13;A01
201200022646;0;7;0;0;2;3;1;B01
201200022647;0;7;0;0;0;3;1;C01
201200022647;0;7;0;0;0;1;1;B01
201200022647;0;33;0;0;2;1;17;A01
201200022648;0;7;0;1;0;1;1;A01
201200022649;0;30;0;0;2;1;1;B01
201200022649;0;10;0;0;2;2;1;A01
201200022650;0;2;0;0;2;1;2;A01
201200022650;0;2;0;0;0;4;1;B01
201200022651;0;7;0;0;1;1;1;A01
201200022652;0;7;0;0;2;2;1;B01
201200022652;0;30;0;0;2;1;1;A01
201200022653;0;7;0;0;2;2;15;A01
201200022653;0;30;0;0;2;1;1;B01
201200022654;0;7;0;0;1;1;1;A01
201200022655;0;7;0;0;2;2;1;A01
201200022655;0;7;0;0;2;2;1;B01
201200022656;0;21;0;0;2;1;2;A01
201200022656;0;7;0;0;2;4;2;B01
201200022656;0;7;0;0;2;4;2;C01
201200022656;0;7;0;0;0;4;2;D01
201200022657;0;7;0;0;1;1;1;A01
201200022658;0;7;0;0;2;3;1;B01
201200022658;0;7;0;0;0;8;10;A01
201200022659;0;17;0;0;2;4;2;B02
201200022659;0;14;0;0;2;1;2;A01
201200022660;0;33;0;0;2;1;1;A01
201200022660;0;1;0;0;2;3;1;B02
201200022661;0;7;0;2;0;3;1;A01
201200022662;0;7;0;0;2;2;10;A01
201200022662;0;2;0;0;2;1;1;B01
201200022663;0;7;0;0;1;3;1;A01
201200022663;0;7;0;0;1;3;1;B01
201200022664;0;7;0;0;1;1;1;A01
201200022665;0;7;0;4;0;1;1;A01
201200022666;0;33;0;0;2;1;1;A01
201200022666;0;7;0;0;2;5;15;B01
201200022667;0;13;0;0;2;4;4;A01
201200022667;0;37;8;0;2;7;1;B01
201200022668;0;15;0;0;2;4;24;A01
201200022668;0;30;0;1;0;1;1;B01
201200022669;0;7;0;0;2;4;1;B01
201200022669;0;7;0;0;2;1;1;A01
201200022670;0;2;0;0;1;1;1;A01
201200022671;0;10;0;0;1;5;5;A01
201200022672;0;7;0;0;9;2;1;A01
201200022672;0;1;0;0;2;4;1;B01
201200022673;0;7;0;0;6;9;21;A01
201200022674;0;7;0;3;0;9;1;A01
201200022675;0;33;0;0;0;1;1;A01
201200022676;0;7;0;13;0;2;1;A01
201200022677;0;3;0;0;2;4;2;A01
201200022677;0;7;0;0;2;1;2;B02
201200022678;0;7;0;3;0;8;1;A01
201200022679;0;7;0;12;0;1;21;A01
201200022680;0;7;0;0;2;5;18;A01
201200022680;0;7;0;0;2;3;1;B02
201200022681;0;10;0;0;1;2;1;A01
201200022682;0;1;0;0;2;8;1;B02
201200022682;0;7;0;0;9;7;16;A01
201200022683;0;31;0;0;2;1;13;A01
201200022683;0;10;0;0;2;1;1;B02
201200022684;0;7;0;0;2;3;1;A01
201200022684;0;7;0;0;2;1;13;B02
201200022685;0;7;0;13;0;1;14;A01
201200022686;0;7;0;0;0;7;15;A01
201200022686;0;33;0;0;2;1;1;B02
201200022687;0;30;0;6;0;3;14;A01
201200022688;0;31;0;0;0;7;1;A01
201200022689;0;10;0;0;2;6;15;A01
201200022689;0;33;0;12;2;2;1;B01
201200022690;0;7;0;0;1;1;1;A01
201200022691;0;33;0;3;0;9;1;A01
201200022692;0;33;0;2;0;7;1;A01
201200022693;0;7;0;0;2;7;20;A01
201200022693;0;30;0;0;2;1;1;B01
201200022694;0;1;0;0;2;4;15;B01
201200022694;0;7;0;0;2;1;1;A01
201200022695;0;33;0;12;0;7;16;A01
201200022696;0;33;0;0;1;1;1;A01
201200022697;0;7;0;0;2;1;15;B01
201200022697;0;33;0;0;2;7;1;A01
201200022698;0;33;0;11;0;1;1;A01
201200022699;0;7;0;0;2;2;1;A01
201200022699;0;1;0;0;2;4;1;B01
201200022700;0;7;0;0;2;6;1;B01
201200022700;0;7;0;0;2;1;1;A01
201200022701;0;7;0;0;2;1;1;B01
201200022701;0;7;0;11;2;1;5;A01
201200022702;0;7;0;0;2;4;23;B01
201200022702;0;7;0;0;2;1;1;A01
201200022703;0;7;0;0;1;2;2;A01
201200022704;0;33;0;0;2;8;10;A01
201200022704;0;7;0;0;2;2;1;B02
201200022705;0;14;0;0;2;3;1;B02
201200022705;0;7;0;0;2;3;17;A01
201200022706;0;7;0;0;9;2;2;A01
201200022706;0;1;0;0;2;6;2;B02
201200022707;0;1;0;0;9;1;17;B02
201200022707;0;1;0;0;9;1;1;A01
201200022708;0;17;0;3;0;3;1;A01
201200022709;0;7;0;3;0;1;0;A01
201200022710;0;7;0;0;2;2;17;B02
201200022710;0;14;0;0;2;8;2;C03
201200022710;0;10;0;1;0;7;17;A01
201200022711;0;7;0;0;2;6;24;A01
201200022711;0;7;0;1;2;2;9;B02
201200022712;0;7;0;0;2;4;2;B02
201200022712;0;7;0;0;2;1;1;A01
201200022713;0;7;0;0;2;4;1;A01
201200022713;0;33;0;0;2;1;2;B02
201200022714;0;7;0;13;0;2;16;A01
201200022715;0;15;0;3;0;2;1;A01
201200022716;0;17;0;0;1;2;1;A01
201200022717;0;15;0;13;0;7;1;A01
201200022718;0;7;0;0;2;2;1;A01
201200022718;0;33;0;0;0;4;1;B02
201200022719;0;7;0;13;0;1;1;A01
201200022720;0;7;0;13;0;2;14;A01
201200022721;0;7;0;4;0;1;1;A01
201200022722;0;7;0;0;6;1;2;A01
201200022723;0;10;0;0;0;1;2;A01
201200022724;0;17;0;3;2;1;6;A01
201200022724;0;17;0;0;2;1;1;B02
201200022725;0;7;0;13;0;1;1;A01
201200022726;0;33;0;3;0;1;2;A01
201200022727;0;7;0;0;0;0;1;A01
201200022728;0;17;0;0;0;0;2;C01
201200022728;0;17;0;0;2;1;2;A01
201200022729;0;7;0;0;2;6;1;B01
201200022729;0;7;0;4;2;1;1;C02
201200022730;0;7;0;0;0;8;22;A01
201200022730;0;1;0;0;9;1;1;B02
201200022731;0;7;0;0;2;1;6;A01
201200022731;0;7;0;0;2;1;1;B02
201200022732;0;31;0;5;2;1;21;A01
201200022733;0;33;0;0;2;7;17;B02
201200022733;0;7;0;0;0;6;15;A01
201200022734;0;7;0;0;2;3;1;A01
201200022734;0;7;0;0;2;5;15;B01
201200022735;0;2;0;0;2;1;1;A01
201200022735;0;7;0;0;2;6;1;B01
201200022736;0;2;0;0;0;0;0;B01
201200022736;0;2;0;0;2;0;0;A01
201200022737;0;7;0;0;1;3;1;A01
201200022738;0;1;0;0;2;4;1;B01
201200022738;0;7;0;0;2;1;0;A01
201200022739;0;7;0;0;0;3;24;B01
201200022739;0;7;0;1;0;3;1;A01
201200022740;0;7;0;0;1;2;1;A01
201200022741;0;2;0;0;2;1;1;A01
201200022741;0;7;0;0;2;7;16;B01
201200022742;0;37;0;0;1;0;1;A01
201200022743;0;7;0;0;1;1;15;A01
201200022744;0;7;0;9;0;1;0;A01
201200022745;0;7;0;0;2;1;1;A01
201200022745;0;7;0;0;0;4;1;B01
201200022746;0;7;0;0;2;2;0;A01
201200022746;0;7;0;0;2;7;15;B01
201200022747;0;7;0;0;2;3;2;A01
201200022747;0;7;0;1;2;7;2;B01
201200022748;0;7;0;0;1;2;15;A01
201200022749;0;7;0;0;1;2;16;A01
201200022750;0;7;0;0;0;2;0;A01
201200022750;0;7;0;0;0;1;1;B01
201200022751;0;33;0;7;0;1;1;A01
201200022752;0;1;0;0;0;4;1;B01
201200022752;0;7;0;0;2;2;0;A01
201200022753;0;7;0;0;2;2;2;B01
201200022753;0;7;0;0;2;8;20;A01
201200022754;0;7;0;0;2;0;0;A01
201200022754;0;1;0;0;2;0;0;B01
201200022755;0;7;0;0;1;0;0;A01
201200022756;0;7;0;0;1;2;2;A01
201200022757;0;1;0;0;2;1;15;B01
201200022757;0;7;0;0;2;1;2;A01
201200022758;0;7;0;0;2;2;1;A01
201200022758;0;7;0;0;2;1;1;B01
201200022759;0;7;0;14;0;1;11;A01
201200022759;0;7;0;0;2;1;23;B01
201200022760;1;7;0;0;0;0;18;A01
201200022760;0;7;0;13;0;9;21;B01
201200022761;0;7;0;0;2;3;1;A01
201200022761;0;30;0;0;0;1;1;B01
201200022762;0;2;0;0;2;1;1;B01
201200022762;0;7;0;0;2;7;1;A01
201200022763;0;7;0;0;2;1;1;B01
201200022763;0;7;0;0;2;1;15;A01
201200022764;0;7;0;0;2;4;2;B01
201200022764;0;7;0;0;2;1;2;A01
201200022765;0;7;0;0;1;2;1;A01
201200022766;0;33;0;11;0;9;0;A01
201200022767;0;1;0;0;2;1;1;B01
201200022767;0;7;0;0;2;3;15;A01
201200022768;0;7;0;0;2;3;0;A01
201200022768;0;2;0;0;2;1;1;B01
201200022769;0;7;0;13;0;0;0;A01
201200022770;1;2;0;0;0;0;0;Z01
201200022771;0;7;0;0;2;3;1;B01
201200022771;0;7;0;0;2;1;0;A01
201200022772;0;7;0;0;1;1;1;A01
201200022773;0;33;0;0;0;0;2;A01
201200022773;0;7;0;0;0;0;12;B01
201200022774;0;7;0;0;9;1;15;A01
201200022775;0;36;0;6;0;0;0;A01
201200022776;0;7;0;0;2;4;15;B01
201200022776;0;7;0;0;2;1;2;A01
201200022777;0;7;0;13;0;9;1;A01
201200022778;0;7;0;0;1;1;1;A01
201200022779;0;32;0;0;0;1;1;B01
201200022779;0;7;0;0;2;2;21;A01
201200022780;0;30;0;0;0;0;1;A01
201200022781;0;7;0;0;0;4;2;B01
201200022781;0;14;0;0;2;1;2;A01
201200022782;0;1;0;0;0;0;0;A01
201200022783;0;7;0;0;2;1;1;B01
201200022783;0;7;0;0;2;3;19;A01
201200022784;0;7;0;0;2;1;2;A01
201200022784;0;1;0;0;2;4;2;B01
201200022785;0;17;0;0;2;1;2;A01
201200022785;0;7;0;3;0;1;23;B01
201200022786;0;7;0;0;2;8;15;B01
201200022786;0;33;0;0;2;1;1;A01
201200022787;0;7;0;0;2;2;1;A01
201200022787;0;2;0;0;0;1;1;B01
201200022788;0;10;0;1;2;8;1;B01
201200022788;0;7;0;0;2;1;1;A01
201200022789;0;2;0;0;1;1;1;A01
201200022790;0;7;0;3;0;1;0;A01
201200022791;0;33;0;0;2;1;1;B01
201200022791;0;7;0;0;2;3;15;A01
201200022792;0;7;0;0;1;2;1;A01
201200022793;0;33;0;0;2;1;19;B01
201200022793;0;7;0;0;2;7;19;A01
201200022794;0;7;0;1;0;9;1;A01
201200022795;0;7;0;0;0;0;0;A01
201200022796;0;30;0;15;0;1;0;A01
201200022797;0;7;0;0;2;5;15;A01
201200022797;0;31;0;0;2;1;1;B01
201200022798;0;7;0;0;2;3;1;A01
201200022798;0;7;0;0;2;1;2;B01
201200022799;0;1;0;0;1;1;0;A01
201200022800;0;7;0;0;2;4;2;C01
201200022800;0;7;0;0;2;1;2;A01
201200022800;0;7;0;0;2;4;2;B01
201200022801;0;31;0;0;0;4;2;B01
201200022801;0;7;0;0;2;1;0;A01
201200022802;0;7;0;0;2;1;1;B01
201200022802;0;7;0;0;2;3;15;A01
201200022803;0;1;0;0;2;0;1;B01
201200022803;0;7;0;0;2;1;16;A01
201200022804;0;7;0;0;2;1;15;A01
201200022804;0;30;0;0;2;1;1;B01
201200022805;0;7;0;0;1;3;1;A01
201200022806;0;7;0;0;1;1;1;A01
201200022807;0;33;0;0;0;1;19;A01
201200022807;0;7;0;0;2;6;1;B01
201200022808;1;7;0;0;1;0;0;Z01
201200022809;0;7;0;0;1;0;1;A01
201200022810;0;33;0;0;2;0;1;B01
201200022810;0;7;0;0;2;3;15;A01
201200022811;0;7;0;0;2;7;0;B01
201200022811;0;7;0;0;2;1;0;A01
201200022812;0;7;0;3;0;1;0;A01
201200022813;0;7;0;0;2;3;1;B01
201200022813;0;33;0;0;2;1;1;A01
201200022814;0;1;0;0;2;2;1;B01
201200022814;0;7;0;0;2;3;16;A01
201200022815;0;7;0;0;0;8;0;A01
201200022815;0;2;0;0;2;1;1;B01
201200022816;0;7;0;0;2;4;2;B01
201200022816;0;7;0;0;2;4;2;C01
201200022816;0;7;0;0;2;1;2;A01
201200022817;0;7;0;0;2;3;2;B01
201200022817;0;7;0;0;2;4;2;A01
201200022818;0;7;0;0;1;3;7;A01
201200022819;0;7;0;0;1;2;1;A01
201200022820;0;2;0;0;0;1;0;A01
201200022821;0;7;0;0;2;1;1;B01
201200022821;0;7;0;0;2;1;1;A01
201200022822;0;7;0;0;1;4;4;A01
201200022823;0;2;0;0;0;3;0;A01
201200022824;0;7;0;8;0;1;1;A01
201200022825;0;2;0;0;2;1;5;A01
201200022825;0;7;0;0;2;1;1;B01
201200022826;0;7;0;0;2;2;0;B01
201200022826;0;7;0;0;2;1;0;A01
201200022827;0;7;0;0;1;4;4;A01
201200022828;0;7;0;0;2;3;0;B01
201200022828;0;7;0;0;2;3;0;A01
201200022829;0;2;0;0;2;1;0;A01
201200022829;0;7;0;0;2;1;0;B01
201200022830;0;7;0;0;2;1;15;A01
201200022830;0;7;0;0;2;1;1;B01
201200022831;0;7;0;0;2;1;0;A01
201200022831;0;31;0;0;2;1;0;B01
201200022832;1;7;0;0;2;1;15;A01
201200022832;0;2;0;0;2;1;1;B01
201200022833;0;7;0;0;2;1;0;A01
201200022833;0;7;0;0;2;1;0;B01
201200022834;0;7;0;0;2;2;14;A01
201200022834;0;7;0;0;2;7;0;B01
201200022835;0;33;0;0;0;0;0;A01
201200022836;0;7;0;10;9;9;0;A01
201200022837;0;7;0;0;2;1;16;A01
201200022837;0;14;0;0;2;3;1;B01
201200022838;0;7;0;0;2;1;1;B01
201200022838;0;7;0;0;2;1;15;A01
201200022839;0;1;0;0;2;1;0;A01
201200022839;0;14;0;0;2;1;0;B01
201200022840;0;7;0;0;1;2;1;A01
201200022841;0;7;0;0;2;4;2;B01
201200022841;0;7;0;0;2;1;2;A01
201200022841;0;7;0;0;2;4;2;C01
201200022842;0;7;0;0;1;3;15;A01
201200022843;0;7;0;0;2;1;2;A01
201200022843;0;7;0;0;0;4;2;B01
201200022844;0;2;0;0;1;1;17;A01
201200022845;0;2;0;0;1;1;17;A01
201200022846;0;7;0;0;2;3;1;B01
201200022846;0;7;0;0;2;3;13;A01
201200022847;0;7;0;0;2;1;13;A01
201200022847;0;7;0;0;2;1;2;B01
201200022848;0;30;0;0;0;0;1;A01
201200022849;0;7;0;0;2;1;0;C01
201200022849;0;7;0;0;2;1;2;A01
201200022849;0;7;0;0;0;4;0;B01
201200022850;0;30;0;0;0;1;1;A01
201200022850;0;30;0;0;0;4;2;B01
201200022851;0;7;0;0;1;1;1;A01
201200022852;0;7;0;0;0;4;15;B01
201200022852;0;7;0;0;0;1;2;A01
201200022853;0;35;0;0;2;1;13;B02
201200022853;0;7;0;0;2;3;1;A01
201200022854;0;7;0;13;0;9;1;A01
201200022855;0;30;0;3;0;7;1;A01
201200022856;0;1;0;0;2;4;2;B02
201200022856;0;7;0;0;2;2;21;A01
201200022857;0;17;0;13;0;1;1;A01
201200022858;0;7;0;13;0;9;14;A01
201200022859;0;7;0;3;0;9;14;A01
201200022860;0;7;0;0;0;1;1;A01
201200022860;0;7;0;0;0;1;0;B02
201200022861;0;7;0;15;0;9;1;A01
201200022862;0;7;0;2;0;2;0;A01
201200022863;0;7;0;0;2;1;9;A01
201200022863;0;7;0;0;2;5;15;B02
201200022864;0;1;0;0;2;1;1;A01
201200022864;0;7;0;0;2;4;1;B02
201200022865;0;10;0;0;1;5;20;A01
201200022866;0;33;0;0;0;9;14;A01
201200022867;0;7;0;13;0;1;14;A01
201200022868;0;7;0;2;0;1;13;A01
201200022869;0;7;0;0;2;3;1;A01
201200022869;0;10;0;0;2;1;19;B02
201200022870;0;31;0;0;0;7;1;A01
201200022871;0;7;0;0;1;3;1;A01
201200022872;0;7;0;0;1;4;4;A01
201200022873;0;10;0;0;0;6;13;A01
201200022873;0;10;0;0;0;2;13;B01
201200022874;0;99;0;0;9;4;1;A01
201200022875;2;7;0;0;1;1;1;Z01
201200022876;0;7;0;0;2;1;5;A01
201200022876;0;7;0;0;2;1;1;B01
201200022877;0;7;0;0;2;9;5;A01
201200022877;0;7;0;0;2;7;1;C01
201200022877;0;33;0;0;2;9;1;B01
201200022878;0;7;0;0;2;2;15;A01
201200022878;0;30;0;0;2;1;1;B01
201200022879;0;7;0;0;2;2;1;A01
201200022879;0;1;0;0;2;9;1;B01
201200022880;0;7;0;0;2;9;1;B01
201200022880;0;7;0;0;2;9;1;A01
201200022881;0;32;0;0;2;9;1;B01
201200022881;0;7;0;0;2;1;19;A01
201200022882;0;7;0;0;2;5;15;A01
201200022882;0;31;0;0;2;1;1;B01
201200022883;0;7;0;0;2;3;1;B01
201200022883;0;7;0;0;2;2;12;A01
201200022883;0;7;0;0;2;3;1;C01
201200022883;0;7;0;0;2;8;1;D01
201200022884;0;7;0;0;1;3;1;A01
201200022885;0;7;0;0;2;1;1;B01
201200022885;0;7;0;0;2;3;15;A01
201200022886;0;7;0;0;1;4;20;A01
201200022887;1;33;0;0;0;0;0;A01
201200022888;0;33;0;0;2;1;0;A01
201200022888;0;7;0;0;2;1;15;B01
201200022889;0;33;0;0;2;1;1;B01
201200022889;0;10;0;0;2;1;15;A01
201200022890;0;7;0;0;2;3;1;B01
201200022890;0;7;0;0;2;1;5;A01
201200022891;1;33;0;0;1;9;1;A01
201200022892;0;7;0;8;0;1;1;A01
201200022893;0;7;0;0;2;1;15;A01
201200022893;0;31;0;0;2;1;1;B01
201200022894;0;17;0;0;2;3;1;B01
201200022894;0;7;0;0;2;8;15;A01
201200022895;0;7;0;0;9;1;1;B01
201200022895;0;1;0;0;2;8;19;A01
201200022896;0;33;0;0;2;4;2;B01
201200022896;0;7;0;0;2;1;1;A01
201200022897;0;7;0;13;0;1;0;A01
201200022898;0;30;0;0;2;1;1;B01
201200022898;0;7;0;0;2;2;20;A01
201200022899;0;7;0;0;2;4;2;B01
201200022899;0;17;0;0;2;2;2;A01
201200022900;0;7;0;6;0;9;1;A01
201200022901;0;7;0;0;2;8;1;B01
201200022901;0;7;0;0;2;1;1;A01
201200022902;0;7;0;13;0;1;17;A01
201200022903;0;7;0;0;2;8;0;B01
201200022903;0;2;0;0;2;7;1;A01
201200022904;0;7;0;4;0;3;1;A01
201200022905;0;7;0;0;2;2;14;A01
201200022905;0;7;0;3;2;6;1;B02
201200022906;0;7;0;4;2;7;13;A01
201200022906;0;7;0;4;2;8;1;B02
201200022907;0;7;0;3;0;2;14;A01
201200022908;0;33;0;0;2;8;13;A01
201200022908;0;7;0;0;2;7;1;B02
201200022909;0;10;0;0;2;2;2;A01
201200022909;0;17;0;0;0;0;2;B02
201200022909;0;7;0;0;2;9;2;C03
201200022910;0;7;0;4;0;2;1;A01
201200022911;0;7;0;4;0;3;1;A01
201200022912;0;10;0;0;2;2;13;A01
201200022912;0;13;0;0;2;6;2;B02
201200022913;0;10;0;3;0;1;1;A01
201200022914;0;7;0;0;2;8;5;A01
201200022914;0;7;0;0;2;8;21;B02
201200022914;0;7;0;0;2;8;21;C03
201200022915;0;7;0;0;2;1;6;A01
201200022915;0;7;0;0;2;3;0;B02
201200022916;0;7;0;0;2;2;15;A01
201200022916;0;33;0;1;2;1;1;B02
201200022917;0;7;0;0;1;2;1;A01
201200022918;0;30;0;12;0;1;1;A01
201200022919;0;7;0;0;2;1;1;A01
201200022919;0;7;0;0;2;1;1;B02
201200022920;0;1;0;11;2;1;5;B02
201200022920;0;7;0;0;2;2;2;A01
201200022921;0;14;0;0;2;5;17;A01
201200022921;0;30;0;0;2;3;1;B02
201200022922;0;7;0;0;2;2;13;A01
201200022922;0;7;0;0;2;6;1;B02
201200022922;0;7;0;0;2;1;1;C03
201200022923;0;7;0;0;2;1;1;A01
201200022923;0;7;0;0;2;1;1;B02
201200022924;0;7;0;3;0;1;1;A01
201200022925;0;7;0;0;2;1;5;A01
201200022925;0;7;0;0;2;1;1;B02
201200022925;0;7;0;0;2;1;1;C03
201200022925;0;7;0;0;2;1;1;D04
201200022926;0;7;0;0;2;3;10;A01
201200022926;0;7;0;0;2;2;1;B02
201200022927;0;7;0;13;0;3;21;A01
201200022928;0;33;0;16;0;8;1;A01
201200022929;0;7;0;1;0;1;13;A01
201200022929;0;7;0;0;2;1;23;B02
201200022930;0;7;0;13;0;9;1;A01
201200022931;0;21;0;0;2;3;15;B02
201200022931;0;7;0;0;2;1;1;A01
201200022932;0;7;0;0;2;1;1;B02
201200022932;0;7;0;0;2;1;13;A01
201200022933;1;7;0;0;2;0;13;B02
201200022933;0;7;0;0;2;6;1;A01
201200022934;0;7;0;0;1;0;11;A01
201200022935;0;7;0;0;2;1;2;B02
201200022935;0;17;0;0;0;4;2;A01
201200022936;0;7;0;7;0;9;1;A01
201200022937;0;17;0;1;0;1;2;A01
201200022937;0;15;0;13;0;4;24;B02
201200022938;0;2;0;3;0;1;1;A01
201200022939;0;30;0;0;0;8;10;A01
201200022940;0;10;0;13;0;2;1;A01
201200022941;0;10;0;14;0;3;21;B02
201200022941;0;7;0;3;0;1;21;A01
201200022942;0;15;0;0;2;4;1;A01
201200022942;0;7;0;0;2;1;2;B02
201200022943;0;7;0;0;0;0;2;A01
201200022943;0;7;0;0;2;4;2;B02
201200022943;0;10;0;0;2;3;2;C03
201200022943;0;7;0;0;2;8;2;D04
201200022943;0;7;0;0;2;1;2;E05
201200022943;0;7;0;0;2;2;2;F06
201200022943;0;7;0;0;2;3;2;G07
201200022943;0;7;0;0;2;5;1;H08
201200022944;0;7;0;14;0;1;21;A01
201200022945;0;10;0;0;2;6;1;A01
201200022945;0;7;0;0;2;4;2;B02
201200022945;0;10;0;0;2;2;2;C03
201200022945;0;7;0;0;2;3;2;D04
201200022945;0;10;0;0;2;5;2;E05
201200022945;0;10;0;0;2;1;2;F06
201200022945;0;10;0;0;2;1;2;G07
201200022945;0;15;0;0;2;4;2;H08
201200022945;0;10;0;13;0;7;21;I09
201200022945;0;14;0;0;2;6;2;J10
201200022945;0;7;0;0;2;1;2;K11
201200022945;0;7;0;0;2;2;2;L12
201200022945;0;7;0;0;2;4;2;M13
201200022945;0;7;0;0;2;4;2;N14
201200022945;0;10;0;0;2;4;2;O15
201200022945;0;7;0;0;2;1;2;P16
201200022945;0;7;0;0;2;1;2;Q17
201200022945;0;7;0;0;2;1;2;R18
201200022945;0;7;0;0;2;1;2;S19
201200022945;0;7;0;0;2;6;2;T20
201200022945;0;7;0;0;2;1;2;U21
201200022945;0;14;0;0;2;2;2;V22
201200022945;0;15;0;0;2;4;2;W23
201200022945;0;7;0;0;2;1;2;X24
201200022945;0;7;0;0;2;1;2;Y25
201200022946;0;7;0;0;2;1;2;A01
201200022946;0;17;0;0;2;4;1;B02
201200022947;0;7;0;0;2;1;1;A01
201200022947;0;10;0;0;2;4;1;B02
201200022948;0;7;0;0;2;3;17;A01
201200022948;0;10;0;0;2;3;1;B02
201200022949;0;7;0;3;0;3;13;A01
201200022950;0;7;0;13;0;1;14;A01
201200022951;0;7;0;0;2;1;2;A01
201200022951;0;7;0;0;2;4;1;B02
201200022952;0;7;0;13;0;1;14;A01
201200022953;0;7;0;7;0;1;14;A01
201200022954;0;7;0;3;0;8;1;A01
201200022955;0;7;0;3;0;2;13;A01
201200022956;0;7;0;3;0;3;12;A01
201200022957;0;7;0;0;2;1;2;A01
201200022957;0;7;0;0;2;4;2;B02
201200022958;0;7;0;0;0;6;2;A01
201200022958;0;7;0;1;0;9;24;B02
201200022958;0;7;0;5;2;2;2;C03
201200022958;0;7;0;1;2;1;14;D04
201200022959;0;7;0;13;0;2;14;A01
201200022960;0;10;0;7;0;2;1;A01
201200022961;0;7;0;16;0;4;14;A01
201200022962;0;7;0;0;2;3;5;A01
201200022962;0;7;0;0;2;8;21;C03
201200022962;0;7;0;0;2;3;21;B02
201200022963;0;7;0;13;0;9;0;A01
201200022964;0;14;0;1;1;2;14;A01
201200022964;0;7;0;1;0;4;24;B02
201200022965;0;7;0;1;0;1;2;C03
201200022965;0;7;0;1;2;4;23;B02
201200022965;0;7;0;1;0;1;2;D04
201200022965;0;7;0;1;0;0;1;E05
201200022965;0;7;0;1;0;1;23;A01
201200022965;0;7;0;0;0;5;1;F06
201200022966;0;14;0;0;0;4;2;B02
201200022966;0;7;0;0;2;1;2;A01
201200022967;0;33;0;3;0;3;17;A01
201200022968;0;7;0;13;0;2;1;A01
201200022969;0;7;0;0;1;0;17;B02
201200022969;0;7;0;0;1;8;21;A01
201200022970;0;7;0;14;9;3;14;C03
201200022970;0;7;0;14;0;3;13;B02
201200022970;0;7;0;0;0;0;23;A01
201200022971;0;10;0;0;2;2;2;A01
201200022971;0;10;0;0;0;6;2;B02
201200022972;0;7;0;0;0;4;23;A01
201200022972;0;7;0;0;2;1;2;C03
201200022972;0;31;0;0;2;1;2;D04
201200022972;0;14;0;0;2;1;2;B02
201200022973;0;7;0;0;0;0;17;A01
201200022974;0;7;0;0;2;1;1;A01
201200022974;0;7;0;0;0;4;1;B02
201200022975;0;7;0;0;2;4;2;A01
201200022975;0;7;0;0;2;1;2;B02
201200022976;0;7;0;13;0;1;0;A01
201200022977;0;7;0;3;0;9;1;A01
201200022978;0;7;0;0;2;1;1;B02
201200022978;0;7;0;0;0;7;15;A01
201200022979;0;1;0;0;2;5;1;B02
201200022979;0;7;0;0;2;2;9;A01
201200022980;0;7;0;1;0;6;0;A01
201200022980;0;34;0;1;0;1;2;B02
201200022981;0;7;0;0;2;1;1;A01
201200022981;0;7;0;0;2;1;6;B02
201200022982;0;2;0;0;2;1;1;A01
201200022982;0;7;0;0;2;4;1;B02
201200022983;0;31;0;0;2;2;17;A01
201200022983;0;7;0;0;2;8;15;B02
201200022984;0;7;0;0;2;7;19;A01
201200022984;0;7;0;0;2;1;1;B02
201200022985;0;7;0;0;1;1;1;A01
201200022986;0;33;0;16;0;8;16;A01
201200022987;0;7;0;0;2;8;2;A01
201200022987;0;2;0;0;2;2;2;B02
201200022988;0;2;0;13;0;1;0;A01
201200022989;0;7;0;0;2;1;1;B02
201200022989;0;7;0;0;2;6;1;A01
201200022990;0;7;0;0;2;4;23;A01
201200022990;0;38;15;0;2;1;1;B02
201200022991;0;7;0;0;0;9;1;A01
201200022992;0;7;0;0;2;8;1;B02
201200022992;0;7;0;0;2;7;13;A01
201200022993;0;7;0;0;1;1;1;A01
201200022994;0;7;0;0;2;3;1;B02