num_acc;senc;catv;occutc;obs;obsm;choc;manv;num_veh
201200022994;0;10;0;0;2;3;1;A01
201200022995;0;7;0;8;0;1;1;A01
201200022996;0;33;0;0;0;0;1;A01
201200022997;0;7;0;0;2;7;15;B02
201200022997;0;33;0;0;2;1;1;A01
201200022998;0;7;0;0;2;2;17;A01
201200022998;0;1;0;11;0;8;13;B02
201200022999;0;7;0;0;0;1;14;A01
201200023000;0;33;0;3;0;0;1;A01
201200023001;0;7;0;0;2;3;1;A01
201200023001;0;7;0;0;2;1;19;B02
201200023002;0;7;0;2;0;2;1;A01
201200023003;0;7;0;0;0;5;15;A01
201200023003;0;31;0;0;0;1;1;B02
201200023004;0;31;0;8;0;1;1;A01
201200023005;0;7;0;0;0;1;0;A01
201200023006;0;7;0;0;1;4;4;A01
201200023007;0;33;0;0;2;1;21;B02
201200023007;0;10;0;0;0;3;15;A01
201200023008;0;7;0;0;2;8;1;B02
201200023008;0;7;0;0;2;7;1;C03
201200023008;0;7;0;0;2;1;3;A01
201200023008;0;7;0;0;2;1;1;D04
201200023009;0;7;0;1;1;1;14;A01
201200023010;0;7;0;2;0;9;1;A01
201200023011;0;7;0;0;1;1;1;A01
201200023012;0;7;0;0;2;3;15;A01
201200023012;0;30;0;0;2;1;17;B02
201200023013;0;7;0;0;1;1;1;A01
201200023014;0;1;0;0;2;8;5;B02
201200023014;0;1;0;0;2;8;5;C03
201200023014;0;7;0;0;2;3;5;A01
201200023015;0;32;0;0;2;1;1;B02
201200023015;0;7;0;0;2;7;15;A01
201200023016;0;30;0;0;1;1;17;A01
201200023017;0;33;0;0;2;2;17;A01
201200023017;0;7;0;0;2;6;15;B02
201200023018;0;7;0;0;2;3;1;B02
201200023018;0;31;0;0;2;1;13;A01
201200023019;0;33;0;0;2;9;1;A01
201200023019;0;7;0;0;2;8;20;B02
201200023020;0;7;0;0;2;1;1;B02
201200023020;0;7;0;0;2;1;5;A01
201200023021;0;7;0;0;2;1;1;A01
201200023021;0;1;0;0;2;4;19;B02
201200023022;0;7;0;0;0;2;2;A01
201200023022;0;1;0;0;0;4;2;B02
201200023023;0;7;0;0;1;2;1;A01
201200023024;0;7;0;0;2;5;16;A01
201200023024;0;32;0;0;2;3;1;B02
201200023025;0;7;0;2;0;1;14;A01
201200023026;0;33;0;0;0;8;1;A01
201200023027;0;7;0;0;1;3;2;A01
201200023028;0;7;0;0;2;3;19;A01
201200023028;0;7;0;6;2;2;1;B02
201200023029;0;7;0;13;0;2;15;A01
201200023030;0;7;0;8;0;3;1;A01
201200023031;0;7;0;0;2;1;1;B02
201200023031;0;7;0;0;2;1;13;A01
201200023032;0;10;0;0;2;3;1;A01
201200023032;0;7;0;0;2;3;1;B02
201200023033;0;33;0;0;2;1;17;A01
201200023033;0;10;0;0;0;8;15;B02
201200023034;0;7;0;0;2;1;15;B02
201200023034;0;33;0;0;2;1;1;A01
201200023035;0;14;0;0;2;7;15;A01
201200023035;0;33;0;0;2;1;1;B02
201200023036;0;33;0;8;0;1;1;A01
201200023037;0;7;0;0;2;2;17;A01
201200023037;0;2;0;0;2;3;15;B02
201200023038;0;7;0;0;2;6;15;B02
201200023038;0;14;0;0;2;1;17;A01
201200023039;0;30;0;6;2;3;18;A01
201200023039;0;10;0;0;2;2;16;B02
201200023040;0;7;0;13;0;1;1;A01
201200023041;0;7;0;2;0;1;1;A01
201200023042;0;7;0;6;2;1;1;A01
201200023042;0;3;0;3;2;7;1;B02
201200023043;0;7;0;3;2;3;17;A01
201200023043;0;7;0;4;0;8;1;B02
201200023044;0;7;0;4;0;6;1;A01
201200023045;0;7;0;4;0;3;21;A01
201200023046;0;7;0;1;0;1;2;A01
201200023046;0;7;0;0;0;0;1;B02
201200023047;0;7;0;13;0;1;1;A01
201200023048;0;17;0;0;0;3;1;B02
201200023048;0;7;0;0;2;2;17;A01
201200023049;0;15;0;0;0;0;1;B02
201200023049;0;15;0;0;2;1;1;A01
201200023050;0;7;0;4;2;1;2;A01
201200023050;0;17;0;0;0;6;2;B02
201200023051;0;7;0;4;0;1;1;A01
201200023052;0;7;0;0;2;4;23;B02
201200023052;0;17;0;0;2;1;2;A01
201200023052;0;7;0;0;2;7;13;C03
201200023052;0;7;0;0;2;1;1;D04
201200023053;0;7;0;0;2;1;1;A01
201200023053;0;17;0;0;0;0;1;B02
201200023054;0;7;0;3;0;3;2;A01
201200023055;0;7;0;4;0;1;1;A01
201200023056;0;7;0;0;0;3;17;A01
201200023057;0;7;0;0;0;3;1;A01
201200023058;0;7;0;0;2;3;13;A01
201200023058;0;7;0;0;2;8;1;B02
201200023058;0;7;0;0;2;3;1;C03
201200023059;0;7;0;0;2;7;0;A01
201200023059;0;7;0;0;2;1;1;B02
201200023060;0;7;0;0;2;1;1;B02
201200023060;0;7;0;0;2;1;0;A01
201200023061;0;7;0;2;0;9;1;A01
201200023062;0;10;0;2;0;1;1;A01
201200023063;0;7;0;0;2;1;17;A01
201200023063;0;7;0;0;0;4;1;B02
201200023064;0;7;0;16;0;1;0;A01
201200023065;0;7;0;0;2;3;2;A01
201200023065;0;10;0;0;2;1;1;B02
201200023066;0;33;0;0;2;1;1;B02
201200023066;0;2;0;0;2;8;15;A01
201200023067;0;7;0;0;1;3;1;A01
201200023068;0;7;0;0;2;1;1;B02
201200023068;0;7;0;0;2;1;13;A01
201200023069;0;7;0;0;2;3;1;B02
201200023069;0;7;0;0;2;2;13;A01
201200023070;0;7;0;2;0;1;1;A01
201200023071;0;7;0;0;2;1;13;A01
201200023071;0;7;0;0;2;1;1;B02
201200023071;0;10;0;0;2;8;1;C03
201200023072;0;7;0;0;2;3;13;A01
201200023072;0;21;0;0;2;1;21;B02
201200023073;0;7;0;8;0;9;13;A01
201200023074;0;7;0;0;2;1;15;A01
201200023074;0;7;0;0;2;1;1;B02
201200023075;0;7;0;0;0;8;15;A01
201200023075;0;33;0;0;2;7;2;B02
201200023076;0;10;0;0;1;4;20;A01
201200023077;0;2;0;0;2;7;21;A01
201200023077;0;7;0;0;2;8;15;B02
201200023078;0;7;0;0;1;5;1;A01
201200023079;0;1;0;0;2;1;1;B02
201200023079;0;7;0;0;2;6;9;A01
201200023080;0;7;0;0;2;6;1;B01
201200023080;0;7;0;0;2;1;1;A01
201200023081;0;7;0;0;1;1;1;A01
201200023082;0;7;0;0;0;8;1;B01
201200023082;0;2;0;0;2;1;9;A01
201200023083;0;7;0;0;2;1;1;A01
201200023083;0;7;0;0;2;1;1;B01
201200023083;0;7;0;0;0;4;0;C01
201200023084;0;7;0;0;2;1;2;A01
201200023084;0;7;0;0;0;4;2;B01
201200023085;0;7;0;0;2;1;2;A01
201200023085;0;2;0;0;0;4;2;B01
201200023086;0;7;0;0;0;3;13;A01
201200023086;0;7;0;0;2;3;1;B01
201200023087;0;10;0;0;2;1;1;A01
201200023087;0;7;0;0;2;4;2;B01
201200023087;0;7;0;0;0;4;2;C01
201200023088;0;7;0;0;1;1;15;A01
201200023089;0;7;0;0;2;4;23;A01
201200023089;0;7;0;0;2;1;1;B01
201200023090;0;34;0;0;2;8;1;B01
201200023090;0;7;0;0;2;1;1;A01
201200023091;0;32;0;0;2;8;2;A01
201200023091;0;7;0;0;2;5;2;B01
201200023092;0;7;0;0;1;1;1;A01
201200023093;0;31;0;0;2;7;17;A01
201200023093;0;7;0;0;0;6;15;B01
201200023094;0;7;0;1;0;1;14;A01
201200023094;0;7;0;6;0;4;24;B01
201200023095;0;10;0;0;1;6;4;A01
201200023096;0;1;0;0;1;1;1;A01
201200023097;0;7;0;12;0;7;1;B01
201200023097;0;7;0;0;2;1;1;A01
201200023098;0;7;0;0;2;8;7;A01
201200023098;0;37;15;0;2;2;1;B01
201200023099;0;7;0;0;2;1;15;A01
201200023099;0;2;0;0;2;0;1;B01
201200023100;0;7;0;0;2;1;23;B01
201200023100;0;7;0;0;2;1;15;A01
201200023101;0;7;0;0;1;2;15;A01
201200023102;0;10;0;0;2;1;1;A01
201200023102;0;33;0;0;0;4;23;B01
201200023103;0;33;0;0;2;1;23;A01
201200023103;0;33;0;0;2;4;2;B01
201200023104;0;7;0;0;2;3;1;B01
201200023104;0;7;0;0;2;2;1;A01
201200023105;0;7;0;0;2;8;16;A01
201200023105;0;33;0;0;2;7;1;B01
201200023106;0;7;0;0;2;3;15;A01
201200023106;0;32;0;0;2;3;17;B01
201200023107;0;7;0;8;0;1;1;A01
201200023108;0;7;0;0;1;1;1;A01
201200023109;0;7;0;0;2;8;15;A01
201200023109;0;33;0;0;2;7;17;B01
201200023110;0;7;0;0;2;3;15;A01
201200023110;0;30;0;0;2;7;1;B01
201200023111;0;7;0;1;1;4;4;A01
201200023112;0;7;0;14;0;1;6;A01
201200023113;2;7;0;0;1;1;15;A01
201200023114;0;7;0;0;1;1;1;A01
201200023115;0;7;0;0;2;6;10;A01
201200023115;0;33;0;0;2;1;1;B01
201200023116;0;7;0;0;2;1;1;A01
201200023116;0;7;0;0;2;3;1;B01
201200023117;0;33;0;0;2;4;1;A01
201200023117;1;7;0;0;2;1;1;Z01
201200023118;0;7;0;0;2;4;2;B01
201200023118;0;7;0;0;2;4;1;C01
201200023118;1;7;0;0;2;1;1;Z01
201200023119;0;7;0;0;2;3;9;A01
201200023119;0;7;0;0;2;2;1;B01
201200023120;0;34;0;0;2;1;6;A01
201200023120;0;34;0;0;2;1;6;B01
201200023121;0;7;0;0;2;1;1;A01
201200023121;0;7;0;0;2;4;2;B01
201200023121;0;7;0;0;0;4;2;C01
201200023122;1;7;0;0;2;1;15;Z01
201200023122;0;7;0;0;2;5;1;B01
201200023123;0;7;0;0;2;3;9;A01
201200023123;0;1;0;0;2;7;1;B01
201200023124;0;7;0;0;2;8;15;A01
201200023124;0;37;3;0;2;1;7;B01
201200023125;0;7;0;0;2;1;19;A01
201200023125;0;33;0;0;2;0;1;B01
201200023126;0;30;0;0;2;6;1;A01
201200023126;0;7;0;0;2;3;1;B01
201200023127;0;1;0;0;2;1;13;A01
201200023127;0;10;0;0;2;3;1;B01
201200023128;0;7;0;0;2;7;1;A01
201200023128;0;7;0;0;2;1;1;B01
201200023129;0;7;0;0;2;8;15;A01
201200023129;0;1;0;0;2;1;1;B01
201200023130;0;30;0;0;2;3;17;A01
201200023130;0;7;0;0;2;5;15;B01
201200023131;0;7;0;0;1;1;16;A01
201200023132;0;7;0;0;2;1;1;A01
201200023132;0;33;0;0;2;7;1;B01
201200023133;0;7;0;0;1;8;15;A01
201200023134;0;7;0;0;2;5;1;A01
201200023134;0;33;0;0;2;1;1;B01
201200023135;0;7;0;0;2;1;1;A01
201200023135;0;7;0;1;2;1;24;B01
201200023136;0;7;0;0;1;1;1;A01
201200023137;0;13;0;0;2;1;1;B01
201200023137;0;13;0;0;2;8;1;A01
201200023138;0;7;0;0;2;1;1;A01
201200023138;0;7;0;0;2;1;1;B01
201200023138;0;7;0;0;0;4;23;C01
201200023139;0;7;0;0;0;0;15;A01
201200023139;0;2;0;6;2;1;21;B01
201200023140;0;7;0;0;2;3;1;A01
201200023140;0;2;0;0;2;1;1;B01
201200023141;0;7;0;0;2;6;1;A01
201200023141;0;7;0;0;2;2;0;B01
201200023142;0;30;0;0;2;1;17;A01
201200023142;0;7;0;0;0;3;15;B01
201200023143;0;2;0;0;2;1;19;A01
201200023143;0;7;0;0;2;7;1;B01
201200023144;0;10;0;0;2;3;16;A01
201200023144;0;1;0;0;2;1;1;B01
201200023145;0;34;0;0;2;1;1;A01
201200023145;0;7;0;0;2;2;9;B01
201200023146;0;30;0;0;4;8;15;A01
201200023146;0;40;20;0;2;1;1;B01
201200023147;0;7;0;0;1;1;1;A01
201200023148;1;2;0;0;1;0;1;Z01
201200023149;0;10;0;0;2;1;1;A01
201200023149;0;7;0;0;2;8;1;B01
201200023150;0;7;0;0;1;1;1;A01
201200023151;0;7;0;0;4;8;15;A01
201200023151;0;40;0;7;2;1;1;B01
201200023152;0;7;0;0;1;7;1;A01
201200023153;0;2;0;0;2;1;1;B01
201200023153;0;10;0;0;2;3;1;A01
201200023154;0;7;0;0;2;1;2;A01
201200023154;0;7;0;0;0;4;2;C01
201200023154;0;7;0;0;2;4;2;B01
201200023155;0;7;0;0;2;3;1;B01
201200023155;0;7;0;0;2;1;1;A01
201200023156;0;7;0;0;2;8;15;B01
201200023156;0;1;0;0;2;1;17;A01
201200023157;0;7;0;0;2;1;1;A01
201200023157;0;2;0;0;2;4;1;B01
201200023158;0;7;0;0;2;3;1;B01
201200023158;0;1;0;0;2;7;1;A01
201200023159;0;31;0;15;0;2;21;A01
201200023159;1;7;0;0;0;0;10;Z01
201200023160;0;7;0;0;1;1;1;A01
201200023161;0;30;0;0;2;5;1;B01
201200023161;0;7;0;0;2;2;1;A01
201200023162;0;7;0;0;2;1;9;B01
201200023162;0;7;0;0;0;8;9;A01
201200023163;0;30;0;0;2;3;1;B01
201200023163;0;7;0;0;2;2;12;A01
201200023164;0;7;0;0;2;1;1;B01
201200023164;0;7;0;0;2;1;1;C01
201200023164;0;7;0;0;2;1;9;A01
201200023165;0;7;0;0;2;4;23;B01
201200023165;0;7;0;0;2;1;23;A01
201200023166;0;40;0;0;1;1;1;A01
201200023167;0;33;0;0;2;1;0;A01
201200023167;0;32;0;0;2;1;1;B01
201200023168;0;7;0;0;2;2;1;A01
201200023168;0;7;0;0;0;5;1;B01
201200023169;0;33;0;0;2;6;1;A01
201200023169;1;10;0;0;2;1;16;Z01
201200023170;0;30;0;16;0;0;9;A01
201200023171;0;2;0;0;2;1;1;B01
201200023171;0;7;0;0;2;1;15;A01
201200023172;0;7;0;0;2;5;23;A01
201200023172;0;30;0;0;2;1;1;B01
201200023173;1;7;0;0;2;1;2;A01
201200023173;0;7;0;0;0;4;2;B01
201200023174;0;7;0;0;0;4;23;B01
201200023174;0;7;0;0;2;1;2;A01
201200023175;0;7;0;0;1;4;4;A01
201200023176;0;7;0;1;0;1;1;A01
201200023177;0;30;0;0;2;1;21;B01
201200023177;0;7;0;0;2;7;5;A01
201200023178;0;7;0;13;5;1;1;A01
201200023179;0;33;0;0;2;1;17;A01
201200023179;0;2;0;0;2;4;15;B01
201200023180;0;32;0;0;2;1;1;B01
201200023180;0;7;0;0;2;3;15;A01
201200023181;0;7;0;0;2;3;1;A01
201200023181;0;1;0;0;0;4;15;B01
201200023182;0;7;0;0;2;1;1;A01
201200023182;0;7;0;0;2;8;1;B01
201200023183;0;30;0;0;2;9;17;A01
201200023183;0;7;0;0;2;4;10;B01
201200023184;0;7;0;0;2;1;13;A01
201200023184;0;7;0;0;2;3;1;B01
201200023185;0;7;0;1;0;7;1;A01
201200023186;0;7;0;0;2;1;1;A01
201200023186;0;7;0;0;0;4;23;B01
201200023187;0;7;0;0;2;8;5;A01
201200023187;1;7;0;0;2;0;0;B01
201200023188;0;2;0;0;2;1;17;B01
201200023188;0;14;0;0;2;8;15;A01
201200023189;0;7;0;0;1;3;1;A01
201200023190;0;7;0;6;2;4;10;A01
201200023190;0;7;0;0;2;1;1;B01
201200023191;0;7;0;0;2;1;1;B01
201200023191;0;7;0;0;2;1;1;A01
201200023192;0;7;0;0;1;1;1;A01
201200023193;0;31;0;0;2;2;1;A01
201200023193;0;3;0;0;2;3;1;B01
201200023194;0;7;0;0;0;1;15;B01
201200023194;0;30;0;0;2;1;1;A01
201200023195;0;7;0;0;2;1;1;B01
201200023195;0;7;0;0;2;1;9;A01
201200023196;0;7;0;0;2;2;15;A01
201200023196;0;30;0;0;2;1;1;B01
201200023197;0;7;0;0;1;1;1;A01
201200023198;0;7;0;0;4;7;1;A01
201200023198;0;40;1;0;2;1;1;B01
201200023199;0;7;0;0;1;2;0;A01
201200023200;0;3;0;0;2;8;11;B01
201200023200;0;7;0;0;2;2;1;A01
201200023201;0;7;0;13;0;1;1;A01
201200023202;0;14;0;0;2;3;22;A01
201200023202;0;3;0;0;2;1;17;B01
201200023203;0;7;0;0;2;3;1;B01
201200023203;0;7;0;0;2;1;1;A01
201200023204;0;3;0;0;2;1;1;A01
201200023204;0;7;0;0;2;7;16;B01
201200023205;0;7;0;0;0;6;1;B01
201200023205;0;7;0;0;2;2;3;A01
201200023206;0;7;0;0;1;3;1;A01
201200023207;0;7;0;0;2;1;1;B01
201200023207;2;7;0;0;2;1;13;A01
201200023208;0;32;0;0;2;1;1;A01
201200023208;0;10;0;0;2;7;15;B01
201200023209;1;7;0;0;2;8;4;A01
201200023209;0;3;0;0;2;1;1;B01
201200023210;0;7;0;0;1;1;1;A01
201200023211;0;7;0;0;2;1;2;B01
201200023211;0;7;0;0;0;4;2;C01
201200023211;0;7;0;0;2;1;2;A01
201200023212;0;7;0;0;2;1;1;B01
201200023212;0;7;0;0;2;1;16;A01
201200023213;0;40;0;0;2;1;1;B01
201200023213;0;7;0;0;4;7;1;A01
201200023214;0;7;0;6;0;3;13;A01
201200023215;0;10;0;0;2;3;16;A01
201200023215;0;2;0;0;2;7;1;B01
201200023216;0;7;0;0;1;1;1;A01
201200023217;0;7;0;15;4;8;9;A01
201200023217;0;40;0;0;2;1;1;B01
201200023218;0;30;0;16;0;1;1;A01
201200023219;0;2;0;0;2;1;5;A01
201200023219;0;7;0;0;2;1;1;B01
201200023220;0;7;0;0;1;4;4;A01
201200023221;1;7;0;0;1;1;0;A01
201200023222;0;7;0;0;1;1;1;A01
201200023223;0;7;0;0;1;2;16;A01
201200023224;0;7;0;0;2;3;15;B01
201200023224;0;1;0;0;2;1;13;A01
201200023225;2;7;0;1;0;1;0;A01
201200023226;0;7;0;0;1;8;1;A01
201200023227;0;7;0;0;2;1;2;A01
201200023227;0;7;0;0;0;4;9;B01
201200023228;1;7;0;0;1;1;15;A01
201200023229;0;7;0;0;2;4;2;C01
201200023229;0;7;0;0;2;1;2;B01
201200023229;0;7;0;0;2;1;2;A01
201200023230;0;31;0;0;2;1;9;B01
201200023230;0;10;0;0;2;7;1;A01
201200023231;0;7;0;13;0;9;14;A01
201200023232;0;7;0;4;0;3;1;A01
201200023233;0;7;0;0;0;9;1;A01
201200023234;0;7;0;0;2;3;9;A01
201200023234;0;7;0;0;2;2;1;B01
201200023235;0;33;0;0;0;0;11;A01
201200023236;0;30;0;1;0;7;2;A01
201200023237;0;7;0;0;2;2;9;A01
201200023237;0;7;0;0;2;3;1;B01
201200023238;0;30;0;0;2;3;1;A01
201200023238;0;7;0;0;2;1;1;B01
201200023238;0;31;0;1;0;4;0;C01
201200023238;0;7;0;1;0;4;0;D01
201200023239;0;7;0;2;0;1;1;A01
201200023240;0;7;0;0;1;4;4;A01
201200023241;0;30;0;0;2;1;1;A01
201200023241;0;7;0;0;0;8;15;B01
201200023242;0;7;0;0;0;0;1;A01
201200023243;0;33;0;0;2;1;1;B01
201200023243;0;7;0;0;2;7;0;A01
201200023244;0;1;0;0;2;7;1;A01
201200023244;0;20;0;0;9;1;1;B01
201200023245;0;7;0;0;1;4;4;A01
201200023246;0;33;0;0;2;1;2;A01
201200023246;0;7;0;0;0;4;2;B01
201200023247;0;7;0;0;2;2;0;A01
201200023247;0;7;0;0;2;3;0;B01
201200023248;0;7;0;0;2;2;2;A01
201200023248;0;7;0;0;0;6;2;B01
201200023248;0;7;0;0;0;4;2;C01
201200023249;0;7;0;0;9;1;2;A01
201200023249;0;30;0;0;0;4;2;B01
201200023250;0;7;0;0;2;3;16;A01
201200023250;0;2;0;0;2;3;1;B01
201200023251;0;7;0;0;2;1;1;A01
201200023251;0;7;0;0;0;4;1;B01
201200023252;0;7;0;0;1;1;1;A01
201200023253;0;30;0;0;0;1;1;A01
201200023254;0;10;0;13;0;1;1;A01
201200023255;0;7;0;0;1;1;1;A01
201200023256;0;7;0;13;0;2;1;A01
201200023257;0;30;0;0;0;0;0;A01
201200023258;0;1;0;0;2;1;1;B01
201200023258;0;7;0;0;9;3;9;A01
201200023259;0;30;0;12;0;1;0;A01
201200023260;0;7;0;0;2;1;1;A01
201200023260;0;7;0;0;0;4;1;B01
201200023261;0;7;0;0;2;1;1;A01
201200023261;0;7;0;0;0;5;1;B01
201200023262;0;2;0;0;0;0;1;A01
201200023263;0;7;0;0;2;3;19;A01
201200023263;0;2;0;0;2;1;1;B01
201200023264;0;30;0;12;0;1;1;A01
201200023265;0;7;0;13;0;1;2;A01
201200023266;0;7;0;1;0;0;0;A01
201200023266;0;7;0;0;1;2;1;B01
201200023267;0;7;0;0;2;1;2;A01
201200023267;0;7;0;0;2;4;2;B01
201200023267;0;7;0;0;2;4;2;C01
201200023268;0;7;0;0;2;6;15;A01
201200023268;0;33;0;0;2;1;1;B01
201200023269;0;30;0;0;2;1;17;A01
201200023269;0;7;0;0;2;3;15;B01
201200023270;0;7;0;0;2;2;15;A01
201200023270;0;7;0;0;2;1;1;B01
201200023271;0;7;0;13;0;7;1;A01
201200023272;0;7;0;0;1;4;4;A01
201200023273;0;30;0;7;0;1;13;A01
201200023274;0;10;0;1;9;3;0;A01
201200023274;0;1;0;1;0;3;1;P01
201200023275;0;7;0;1;0;2;1;A01
201200023276;0;7;0;0;2;8;13;A01
201200023276;0;7;0;0;2;3;0;B01
201200023277;0;2;0;0;2;1;16;A01
201200023277;0;7;0;0;2;2;16;B01
201200023278;0;7;0;0;0;3;11;A01
201200023278;0;33;0;0;2;1;21;B01
201200023279;0;7;0;0;9;2;17;A01
201200023279;0;1;0;0;2;3;2;B01
201200023280;0;7;0;8;0;2;1;A01
201200023281;0;7;0;13;0;2;2;A01
201200023282;0;7;0;13;0;2;14;A01
201200023283;0;7;0;13;0;1;1;A01
201200023284;0;30;0;0;0;7;1;A01
201200023285;0;7;0;3;0;1;1;A01
201200023286;0;7;0;1;0;3;1;A01
201200023287;0;30;0;0;0;7;1;A01
201200023288;0;7;0;3;0;0;1;A01
201200023289;0;7;0;14;2;1;1;A01
201200023289;0;31;0;0;2;4;2;B01
201200023290;0;7;0;0;2;1;1;B01
201200023290;0;7;0;0;2;2;1;A01
201200023291;0;2;0;0;1;1;0;A01
201200023292;0;7;0;0;2;1;1;A01
201200023292;0;14;0;0;0;3;20;B01
201200023293;0;7;0;8;0;8;1;A01
201200023294;0;7;0;0;2;5;1;A01
201200023294;0;7;0;0;2;6;1;B01
201200023295;0;3;0;1;0;1;2;A01
201200023296;0;30;0;0;2;1;13;A01
201200023296;0;7;0;0;2;3;1;B01
201200023297;0;7;0;0;2;4;1;A01
201200023297;0;7;0;0;0;4;1;B01
201200023298;0;7;0;0;2;9;0;A01
201200023298;0;7;0;0;2;3;0;B01
201200023298;0;7;0;0;2;6;0;C01
201200023299;0;15;0;0;2;7;9;A01
201200023299;0;33;0;0;2;1;1;B01
201200023300;0;7;0;13;2;9;1;A01
201200023300;0;7;0;0;0;7;1;B01
201200023301;0;7;0;2;0;1;1;A01
201200023302;0;7;0;0;1;1;1;A01
201200023303;0;10;0;0;2;1;1;A01
201200023303;0;7;0;0;2;3;1;B01
201200023304;0;7;0;1;2;5;11;A01
201200023304;0;7;0;0;2;6;23;B01
201200023305;0;7;0;0;1;3;0;A01
201200023306;0;7;0;0;2;8;1;A01
201200023306;0;2;0;0;2;1;1;B01
201200023307;0;10;0;0;1;2;15;A01
201200023308;0;7;0;0;2;8;9;A01
201200023308;0;1;0;0;2;1;1;B01
201200023309;0;7;0;0;9;6;0;A01
201200023309;0;31;0;0;2;1;0;B01
201200023310;0;7;0;0;2;1;0;A01
201200023310;0;7;0;0;0;1;1;B01
201200023311;0;7;0;0;1;2;0;A01
201200023312;0;30;0;0;0;0;1;A01
201200023313;0;7;0;0;2;1;2;A01
201200023313;0;10;0;0;2;4;2;B01
201200023314;0;7;0;0;2;2;1;A01
201200023314;0;7;0;0;2;2;1;B01
201200023315;0;31;0;0;2;1;1;A01
201200023315;0;7;0;0;0;5;0;B01
201200023316;0;30;0;6;2;8;17;A01
201200023316;0;7;0;0;0;6;15;B01
201200023317;0;7;0;3;0;2;17;A01
201200023318;0;30;0;0;0;0;0;A01
201200023319;0;7;0;3;2;2;3;A01
201200023319;0;7;0;0;0;6;2;B01
201200023320;0;7;0;13;2;2;14;A01
201200023320;0;7;0;13;2;6;1;B01
201200023321;0;30;0;0;2;1;1;A01
201200023321;0;7;0;0;9;5;1;B01
201200023322;0;2;0;0;0;0;1;A01
201200023323;0;7;0;0;1;1;15;A01
201200023324;0;7;0;3;0;9;0;A01
201200023325;0;35;0;16;0;0;1;A01
201200023326;0;7;0;3;0;2;1;A01
201200023327;0;7;0;0;0;0;11;A01
201200023327;0;7;0;4;0;3;21;B02
201200023328;0;14;0;14;0;3;14;A01
201200023329;0;7;0;4;6;3;1;A01
201200023330;0;7;0;0;0;1;0;A01
201200023331;0;17;0;0;2;0;1;B02
201200023331;0;7;0;13;0;1;1;A01
201200023332;0;17;0;0;0;0;1;A01
201200023333;0;7;0;0;6;3;1;A01
201200023334;0;7;0;4;0;1;0;A01
201200023335;0;7;0;4;0;3;1;A01
201200023336;0;7;0;0;2;2;2;B02
201200023336;0;7;0;0;2;4;2;A01
201200023337;0;7;0;0;2;1;2;A01
201200023337;0;17;0;0;0;4;1;B02
201200023338;0;7;0;0;2;1;1;B02
201200023338;0;7;0;0;2;7;13;A01
201200023339;0;30;0;0;0;1;1;A01
201200023340;0;7;0;0;1;4;4;A01
201200023341;0;34;0;3;0;3;13;A01
201200023342;0;7;0;0;2;3;23;B02
201200023342;0;30;0;0;2;7;1;A01
201200023343;0;33;0;0;0;7;1;A01
201200023344;0;7;0;6;0;2;1;A01
201200023345;0;7;0;0;9;1;0;C03
201200023345;0;7;0;0;2;2;17;B02
201200023345;0;7;0;3;0;2;1;D04
201200023345;0;7;0;0;9;1;1;E05
201200023345;0;7;0;0;2;2;5;A01
201200023346;0;7;0;3;0;1;1;D04
201200023346;0;10;0;0;9;1;1;A01
201200023346;0;7;0;0;2;3;1;C03
201200023346;0;7;0;1;0;1;1;B02
201200023347;0;7;0;0;2;1;1;J10
201200023347;0;7;0;0;9;0;21;G07
201200023347;0;7;0;0;2;4;21;K11
201200023347;0;7;0;0;9;3;21;I09
201200023347;0;7;0;0;9;0;21;N14
201200023347;0;7;0;0;2;4;21;F06
201200023347;0;7;0;0;9;1;1;H08
201200023347;0;7;0;13;0;1;21;C03
201200023347;2;7;0;0;2;1;21;B02
201200023347;0;7;0;0;9;4;21;L12
201200023347;0;7;0;3;0;1;21;D04
201200023347;0;7;0;0;9;0;21;M13
201200023347;0;7;0;0;9;0;21;E05
201200023347;0;7;0;3;0;1;1;A01
201200023348;0;15;0;0;0;6;1;A01
201200023348;0;10;0;0;2;3;1;B02
201200023349;0;10;0;3;0;1;6;A01
201200023350;0;16;0;0;0;0;1;C03
201200023350;0;7;0;0;2;3;11;A01
201200023350;0;7;0;0;2;5;1;B02
201200023351;0;7;0;13;0;2;21;A01
201200023352;0;7;0;0;0;4;1;A01
201200023352;0;7;0;0;2;1;2;B02
201200023353;0;7;0;1;0;7;0;A01
201200023354;0;7;0;9;0;1;0;A01
201200023355;0;7;0;3;0;1;0;A01
201200023356;0;7;0;0;2;2;15;A01
201200023356;0;7;0;0;2;1;1;B01
201200023357;0;7;0;13;0;9;1;A01
201200023358;0;7;0;0;1;1;0;A01
201200023359;0;7;0;0;2;3;15;A01
201200023359;0;30;0;0;2;3;1;B01
201200023360;0;7;0;0;2;2;16;A01
201200023360;0;7;0;0;2;6;1;B01
201200023361;0;7;0;0;0;9;0;A01
201200023362;0;7;0;0;1;8;1;A01
201200023363;0;7;0;0;1;1;20;A01
201200023364;0;7;0;0;2;4;2;A01
201200023364;1;7;0;0;0;0;0;B01
201200023365;0;7;0;13;0;9;0;A01
201200023366;0;7;0;16;0;9;16;A01
201200023367;0;30;0;16;0;3;1;A01
201200023368;0;7;0;0;2;1;11;A01
201200023368;0;33;0;0;2;9;1;B01
201200023369;0;7;0;0;2;2;1;A01