num_acc;senc;catv;occutc;obs;obsm;choc;manv;num_veh
201200023369;0;21;0;0;2;4;1;B01
201200023370;0;30;0;0;0;0;1;A01
201200023371;0;7;0;0;2;1;1;A01
201200023371;0;7;0;0;2;1;1;B01
201200023371;0;7;0;0;2;4;1;C01
201200023372;0;30;0;0;0;7;14;A01
201200023373;0;7;0;3;0;9;14;A01
201200023374;0;7;0;0;2;3;9;A01
201200023374;0;2;0;0;2;8;0;B01
201200023375;0;7;0;0;2;3;9;A01
201200023375;0;7;0;0;2;1;1;B01
201200023376;0;7;0;0;2;7;0;B01
201200023376;0;7;0;0;2;3;13;A01
201200023377;0;7;0;5;0;9;0;A01
201200023378;0;33;0;0;0;0;0;A01
201200023379;0;7;0;13;0;1;1;A01
201200023380;0;7;0;2;0;0;0;A01
201200023381;0;1;0;0;2;1;17;A01
201200023381;0;7;0;0;2;3;15;B01
201200023382;0;7;0;1;0;2;14;A01
201200023383;0;2;0;9;0;9;1;A01
201200023384;0;7;0;0;2;1;1;B01
201200023384;0;3;0;0;2;2;15;A01
201200023385;0;38;26;3;2;2;1;A01
201200023385;0;7;0;11;2;4;1;B01
201200023386;0;7;0;0;1;2;0;A01
201200023387;0;2;0;0;0;0;0;A01
201200023388;0;7;0;0;2;1;2;A01
201200023388;0;7;0;0;2;4;2;B01
201200023388;0;7;0;0;2;4;2;C01
201200023389;0;7;0;0;2;2;10;A01
201200023389;0;33;0;0;2;3;1;B01
201200023390;0;30;0;0;0;0;0;A01
201200023391;0;7;0;0;2;2;17;A01
201200023391;0;1;0;0;2;4;1;B01
201200023392;0;7;0;0;1;2;0;A01
201200023393;0;7;0;0;2;1;0;A01
201200023393;0;7;0;0;2;4;0;B01
201200023394;0;31;0;0;0;8;1;A01
201200023395;0;1;0;9;0;1;2;A01
201200023396;0;7;0;13;0;1;0;A01
201200023397;0;7;0;13;0;1;1;A01
201200023398;0;7;0;0;2;1;1;A01
201200023398;0;14;0;0;2;4;1;B01
201200023399;0;7;0;6;0;1;1;A01
201200023400;0;33;0;3;0;8;1;A01
201200023401;0;7;0;0;2;1;2;A01
201200023401;0;7;0;0;2;4;0;B01
201200023401;0;7;0;0;2;4;0;C01
201200023402;0;7;0;0;0;3;1;B01
201200023402;0;7;0;0;2;3;15;A01
201200023403;0;7;0;13;0;1;14;A01
201200023404;0;2;0;12;0;1;2;A01
201200023405;0;31;0;0;0;1;0;A01
201200023406;0;7;0;0;2;2;15;A01
201200023406;0;2;0;0;2;1;1;B01
201200023407;0;7;0;3;0;2;17;A01
201200023408;0;7;0;3;0;0;1;A01
201200023409;0;32;0;12;0;1;0;A01
201200023410;0;30;0;0;0;5;0;A01
201200023411;0;7;0;1;0;1;14;A01
201200023412;0;7;0;1;0;9;14;A01
201200023413;0;1;0;0;2;4;0;B01
201200023413;0;7;0;0;2;1;1;A01
201200023414;0;3;0;8;0;2;0;A01
201200023415;0;30;0;3;0;1;1;A01
201200023416;0;7;0;0;2;7;17;A01
201200023416;0;1;0;0;2;8;1;B01
201200023417;0;33;0;0;0;0;1;A01
201200023418;0;33;0;0;0;0;1;A01
201200023419;0;7;0;8;0;9;0;A01
201200023420;0;7;0;3;2;7;1;A01
201200023420;0;7;0;0;2;1;1;B01
201200023421;0;30;0;0;2;9;1;A01
201200023421;0;10;0;0;2;6;15;B01
201200023422;0;2;0;0;0;0;0;A01
201200023423;0;1;0;0;1;0;0;A01
201200023424;0;7;0;8;0;9;0;A01
201200023425;0;7;0;0;2;2;15;A01
201200023425;0;7;0;0;2;8;1;B01
201200023426;0;7;0;6;0;5;13;A01
201200023427;0;7;0;0;2;2;15;A01
201200023427;0;7;0;0;2;1;1;B01
201200023428;0;37;1;0;2;2;9;A01
201200023428;0;7;0;0;2;4;9;B01
201200023429;0;7;0;7;0;2;1;A01
201200023430;0;7;0;13;0;1;1;A01
201200023431;0;7;0;0;2;2;1;B01
201200023431;0;7;0;0;2;1;15;A01
201200023432;0;7;0;9;0;1;1;A01
201200023433;0;7;0;0;2;7;15;A01
201200023433;0;33;0;0;2;1;1;B01
201200023434;0;2;0;0;0;1;1;A01
201200023435;0;30;0;16;0;7;16;A01
201200023436;0;7;0;0;2;0;0;A01
201200023436;0;30;0;0;2;0;0;B01
201200023437;0;33;0;0;1;1;1;A01
201200023438;0;7;0;0;0;0;12;A01
201200023439;0;32;0;0;0;0;1;A01
201200023440;0;7;0;7;0;1;14;A01
201200023441;0;7;0;0;2;3;16;A01
201200023441;0;7;0;0;2;3;1;B01
201200023442;0;7;0;0;2;7;1;B01
201200023442;0;1;0;0;2;1;0;A01
201200023443;0;7;0;8;0;3;0;A01
201200023444;0;7;0;0;2;4;23;B01
201200023444;0;30;0;0;2;3;1;A01
201200023445;0;7;0;0;1;0;0;A01
201200023446;0;33;0;0;0;0;14;A01
201200023447;0;7;0;0;2;4;0;B01
201200023447;0;7;0;0;2;1;0;A01
201200023448;0;7;0;0;2;3;15;B01
201200023448;0;7;0;0;2;1;1;A01
201200023449;0;7;0;1;0;2;13;A01
201200023450;0;7;0;15;2;7;17;A01
201200023450;0;7;0;0;2;8;0;B01
201200023451;0;3;0;16;0;1;1;A01
201200023452;0;7;0;0;2;1;2;B01
201200023452;0;7;0;0;0;4;2;A01
201200023453;0;7;0;0;0;4;11;A01
201200023453;0;7;0;0;2;1;1;B01
201200023453;0;7;0;0;2;1;1;C01
201200023454;0;33;0;0;0;8;17;A01
201200023455;0;7;0;0;2;3;1;B01
201200023455;0;7;0;0;2;2;1;A01
201200023456;0;10;0;0;0;0;19;A01
201200023456;0;1;0;0;0;0;1;B01
201200023457;0;2;0;0;0;0;1;A01
201200023458;0;14;0;0;2;7;12;A01
201200023458;0;7;0;3;2;8;1;B01
201200023459;0;7;0;0;1;4;20;A01
201200023460;0;33;0;0;2;1;0;B01
201200023460;0;10;0;0;2;7;15;A01
201200023461;0;7;0;6;0;1;13;A01
201200023462;0;7;0;0;2;0;0;B01
201200023462;0;7;0;0;2;0;0;A01
201200023463;0;7;0;13;0;2;0;A01
201200023464;0;2;0;0;0;8;1;A01
201200023465;0;7;0;13;0;1;21;A01
201200023466;0;2;0;0;2;2;0;A01
201200023466;0;7;0;0;2;3;1;B01
201200023467;0;7;0;0;2;4;2;B01
201200023467;0;7;0;0;2;3;1;A01
201200023468;0;7;0;0;2;3;2;A01
201200023468;0;33;0;0;2;4;1;B01
201200023469;0;7;0;0;2;8;2;A01
201200023469;0;2;0;0;2;8;1;B01
201200023470;0;2;0;0;0;8;1;A01
201200023471;1;7;0;0;1;1;1;A01
201200023472;0;30;0;11;0;9;1;A01
201200023473;0;7;0;0;2;2;0;B01
201200023473;0;7;0;3;2;1;0;A01
201200023474;0;7;0;4;0;1;1;A01
201200023475;0;30;0;0;0;0;0;A01
201200023476;0;7;0;0;2;3;0;A01
201200023476;0;37;1;13;2;3;1;B01
201200023477;1;7;0;0;1;0;0;X01
201200023478;0;7;0;0;1;2;1;A01
201200023479;0;2;0;11;0;1;0;A01
201200023480;0;7;0;9;2;1;0;A01
201200023481;0;7;0;0;1;1;15;A01
201200023482;0;7;0;0;2;7;0;A01
201200023482;0;7;0;0;2;3;16;B01
201200023483;0;7;0;0;1;3;2;B01
201200023484;0;7;0;0;1;0;1;A01
201200023485;0;7;0;0;0;9;0;A01
201200023486;0;7;0;0;2;2;15;A01
201200023486;0;7;0;0;2;3;1;B01
201200023487;0;7;0;0;2;1;2;A01
201200023487;0;7;0;0;2;4;2;B01
201200023487;0;7;0;0;2;4;2;C01
201200023488;0;7;0;0;1;4;4;A01
201200023489;0;7;0;0;1;3;2;A01
201200023490;0;7;0;3;0;2;13;A01
201200023491;0;7;0;0;0;0;9;A01
201200023491;0;33;0;0;0;0;1;B01
201200023492;0;7;0;11;0;1;0;A01
201200023493;0;10;0;0;1;4;4;A01
201200023494;0;7;0;0;1;3;0;A01
201200023495;0;7;0;0;2;7;22;B01
201200023495;0;32;0;1;0;1;18;A01
201200023496;0;7;0;0;2;1;2;A01
201200023496;0;7;0;1;0;1;16;B01
201200023497;0;7;0;0;1;2;1;A01
201200023498;0;7;0;0;1;3;16;A01
201200023499;0;1;0;0;2;7;1;B01
201200023499;0;7;0;0;2;3;16;A01
201200023500;0;7;0;0;1;1;1;A01
201200023501;0;7;0;13;0;1;16;A01
201200023502;0;2;0;0;0;0;0;A01
201200023503;0;7;0;3;2;4;2;A01
201200023503;0;7;0;3;2;1;2;B01
201200023504;0;7;0;0;1;3;9;A01
201200023505;0;7;0;0;1;4;0;A01
201200023506;0;30;0;0;2;7;1;B01
201200023506;0;7;0;0;2;3;9;A01
201200023507;0;30;0;0;2;7;2;B01
201200023507;0;7;0;0;2;8;2;A01
201200023508;0;7;0;0;2;7;0;A01
201200023508;0;37;1;0;2;1;0;B01
201200023509;0;7;0;0;0;0;1;A01
201200023510;0;30;0;0;0;0;1;A01
201200023511;0;7;0;0;2;8;15;A01
201200023511;0;2;0;0;2;1;1;B01
201200023512;0;7;0;0;2;1;9;A01
201200023512;0;7;0;0;2;7;1;B01
201200023512;0;7;0;0;2;8;23;C01
201200023513;0;7;0;5;0;3;13;A01
201200023514;0;2;0;0;0;0;0;A01
201200023515;0;7;0;0;1;5;4;A01
201200023516;0;7;0;0;2;3;17;A01
201200023516;0;33;0;0;0;3;17;B01
201200023517;0;7;0;0;2;1;1;B01
201200023517;0;7;0;0;2;1;6;A01
201200023518;0;30;0;0;0;8;15;A01
201200023519;0;7;0;0;2;1;5;A01
201200023519;0;7;0;0;2;1;1;B01
201200023520;0;7;0;3;0;1;0;A01
201200023521;0;7;0;13;0;0;14;A01
201200023522;0;30;0;0;0;0;21;A01
201200023523;0;7;0;0;1;1;15;A01
201200023524;0;7;0;0;2;1;2;A01
201200023525;0;7;0;13;0;9;14;A01
201200023526;0;7;0;0;0;0;1;A01
201200023527;0;7;0;13;0;1;14;A01
201200023528;0;10;0;0;0;8;15;A01
201200023528;0;33;0;0;2;1;15;B02
201200023529;0;7;0;6;0;9;1;A01
201200023530;0;7;0;0;0;7;1;B02
201200023530;0;30;0;0;0;1;19;A01
201200023531;0;7;0;12;0;2;1;A01
201200023532;0;7;0;0;2;7;15;B02
201200023532;0;7;0;0;2;1;1;A01
201200023533;0;7;0;2;0;1;19;A01
201200023534;0;7;0;0;2;1;2;A01
201200023534;0;7;0;0;2;4;2;B01
201200023535;0;7;0;0;2;7;14;A01
201200023535;0;7;0;0;2;3;1;B01
201200023536;0;7;0;0;2;3;9;A01
201200023536;0;33;0;0;2;7;1;B01
201200023537;0;2;0;0;1;0;1;A01
201200023538;0;7;0;0;1;1;1;A01
201200023539;0;10;0;0;2;1;2;A01
201200023539;0;7;0;0;2;4;2;B01
201200023540;0;7;0;0;2;3;15;B01
201200023540;0;2;0;0;2;3;17;A01
201200023541;0;7;0;0;2;1;2;C01
201200023541;0;7;0;0;2;9;2;B01
201200023541;1;7;0;0;2;1;2;A01
201200023542;0;7;0;0;2;1;2;A01
201200023542;0;7;0;0;2;4;2;B01
201200023543;0;7;0;0;2;3;5;A01
201200023543;0;30;0;0;2;1;1;B01
201200023544;0;7;0;0;1;1;1;A01
201200023545;1;7;0;0;1;0;1;A01
201200023546;0;33;0;0;2;4;2;B01
201200023546;0;7;0;0;2;1;2;A01
201200023547;0;7;0;12;0;1;16;A01
201200023548;0;1;0;0;2;1;1;B01
201200023548;0;7;0;0;2;1;9;A01
201200023549;0;10;0;0;2;3;1;B01
201200023549;0;7;0;0;2;1;15;A01
201200023550;0;10;0;0;0;9;1;A01
201200023551;0;7;0;0;2;4;2;B01
201200023551;0;7;0;0;2;1;2;A01
201200023552;1;13;0;0;2;0;0;A01
201200023552;0;2;0;0;2;8;2;B01
201200023553;0;10;0;0;2;3;9;A01
201200023553;0;31;0;0;2;8;1;B01
201200023554;0;7;0;0;1;2;1;A01
201200023555;0;7;0;0;2;5;4;A01
201200023555;0;32;0;0;2;0;1;B01
201200023556;0;30;0;0;2;1;16;B01
201200023556;0;7;0;0;2;1;1;A01
201200023557;0;7;0;0;1;1;1;A01
201200023558;0;7;0;0;2;4;2;C01
201200023558;0;7;0;0;2;1;2;A01
201200023558;0;7;0;0;2;9;2;B01
201200023559;0;7;0;0;2;4;2;C01
201200023559;0;7;0;0;2;1;2;A01
201200023559;0;7;0;0;2;4;2;B01
201200023560;0;33;0;0;2;1;1;B01
201200023560;0;7;0;0;2;8;10;A01
201200023561;0;7;0;6;2;6;1;B01
201200023561;0;7;0;0;2;1;1;A01
201200023561;0;7;0;0;2;1;1;C01
201200023562;1;3;0;0;1;0;1;A01
201200023563;0;30;0;0;2;7;9;A01
201200023563;0;7;0;0;2;8;1;B01
201200023564;0;7;0;0;2;1;2;A01
201200023564;0;7;0;0;2;4;2;B01
201200023565;0;7;0;0;2;1;9;A01
201200023565;0;7;0;0;2;3;1;B01
201200023566;0;33;0;0;2;1;1;B01
201200023566;0;7;0;0;2;2;15;A01
201200023567;0;2;0;0;2;0;1;B01
201200023567;0;7;0;0;2;5;4;A01
201200023568;0;7;0;0;2;1;13;A01
201200023568;0;10;0;0;2;8;1;B01
201200023569;0;7;0;0;2;1;2;A01
201200023569;0;7;0;0;2;4;2;B01
201200023569;0;7;0;0;2;4;2;C01
201200023570;0;2;0;0;2;7;17;A01
201200023570;0;7;0;0;2;3;1;B01
201200023571;0;7;0;0;2;2;2;B01
201200023571;0;1;0;0;2;0;10;A01
201200023572;0;7;0;0;2;3;15;A01
201200023572;0;30;0;0;2;9;5;B01
201200023573;0;7;0;0;1;2;1;A01
201200023574;0;7;0;0;2;3;13;A01
201200023574;0;7;0;0;2;3;1;B01
201200023575;0;30;0;0;2;0;17;A01
201200023575;0;7;0;0;2;3;15;B01
201200023576;0;7;0;0;2;1;13;A01
201200023576;0;7;0;0;2;3;1;B01
201200023577;0;7;0;14;0;1;13;A01
201200023578;0;7;0;0;1;1;1;A01
201200023579;0;7;0;0;2;3;15;B01
201200023579;0;2;0;0;2;0;17;A01
201200023580;0;30;0;0;2;0;13;A01
201200023580;0;7;0;0;2;3;1;B01
201200023581;0;7;0;0;2;2;1;B01
201200023581;0;7;0;0;2;3;0;A01
201200023582;0;7;0;0;2;0;2;A01
201200023582;0;7;0;0;2;1;2;B01
201200023583;0;7;0;0;2;0;9;A01
201200023583;0;33;0;0;2;7;1;B01
201200023584;0;7;0;0;2;2;1;B01
201200023584;0;7;0;0;2;3;15;A01
201200023585;1;7;0;0;1;0;1;Z01
201200023586;0;7;0;0;2;1;1;B01
201200023586;0;7;0;0;2;1;5;A01
201200023587;0;7;0;0;1;1;1;A01
201200023588;0;2;0;0;2;1;2;A01
201200023588;0;7;0;0;0;6;2;B01
201200023589;0;7;0;1;0;2;14;A01
201200023590;0;7;0;6;0;1;13;A01
201200023591;0;7;0;0;2;2;9;A01
201200023591;0;7;0;0;2;3;1;B01
201200023592;0;7;0;8;0;1;1;A01
201200023593;0;7;0;0;2;3;15;B01
201200023593;0;7;0;0;2;3;15;A01
201200023594;0;7;0;0;1;3;1;A01
201200023595;0;7;0;0;0;4;2;B01
201200023595;0;7;0;0;2;1;2;A01
201200023596;0;7;0;0;1;3;1;A01
201200023597;0;30;0;0;2;1;1;A01
201200023597;0;7;0;0;2;1;1;B01
201200023598;0;7;0;0;1;1;1;B01
201200023598;0;7;0;0;2;1;2;A01
201200023599;0;7;0;0;1;2;21;A01
201200023600;0;7;0;0;2;3;15;B01
201200023600;0;7;0;0;2;2;1;A01
201200023601;0;7;0;0;1;3;1;A01
201200023602;0;33;0;0;2;1;1;C01
201200023602;0;7;0;0;2;2;9;A01
201200023602;0;7;0;0;2;1;1;B01
201200023603;0;7;0;0;1;1;1;A01
201200023604;0;7;0;0;0;4;2;B01
201200023604;0;7;0;0;2;1;2;A01
201200023605;0;7;0;0;1;2;1;A01
201200023606;0;7;0;0;2;3;19;A01
201200023606;0;31;0;0;2;1;1;B01
201200023607;0;7;0;0;2;2;1;B01
201200023607;0;7;0;0;2;3;15;A01
201200023608;0;20;0;0;1;1;1;A01
201200023609;0;7;0;8;2;1;1;B01
201200023609;0;7;0;11;2;4;19;A01
201200023610;0;7;0;0;1;2;1;A01
201200023611;0;7;0;0;1;4;23;C01
201200023611;0;7;0;0;2;1;2;A01
201200023611;0;7;0;0;2;4;23;B01
201200023612;0;7;0;0;2;1;2;A01
201200023612;0;7;0;0;2;4;23;C01
201200023612;0;33;0;0;2;4;23;B01
201200023613;0;7;0;0;1;3;1;A01
201200023614;0;7;0;0;2;1;2;A01
201200023614;0;7;0;0;0;4;2;B01
201200023615;0;7;0;0;2;1;2;B01
201200023615;0;7;0;0;0;4;2;C01
201200023615;0;7;0;0;2;1;2;A01
201200023616;0;7;0;0;2;3;1;B01
201200023616;0;7;0;0;2;3;13;A01
201200023617;0;7;0;0;1;1;1;A01
201200023618;0;7;0;0;0;4;1;C01
201200023618;0;7;0;0;2;1;2;A01
201200023618;0;7;0;0;2;1;2;B01
201200023619;0;7;0;1;0;4;2;C01
201200023619;0;7;0;0;2;1;2;B01
201200023619;0;7;0;1;0;1;2;A01
201200023620;0;7;0;0;2;1;1;B01
201200023620;0;7;0;0;2;8;15;A01
201200023621;0;7;0;0;0;4;15;B01
201200023621;0;7;0;0;2;1;2;A01
201200023622;0;7;0;0;2;3;23;C01
201200023622;0;31;0;0;2;7;3;B01
201200023622;0;7;0;0;2;6;15;A01
201200023623;0;7;0;0;1;2;1;A01
201200023624;0;7;0;0;0;4;2;B01
201200023624;0;7;0;0;2;1;2;A01
201200023625;0;10;0;0;0;4;1;B01
201200023625;0;14;0;0;2;1;2;A01
201200023626;0;7;0;0;1;1;1;A01
201200023627;0;7;0;0;0;4;23;B01
201200023627;1;7;0;0;2;1;13;A01
201200023628;0;7;0;0;2;1;1;B01
201200023628;0;7;0;0;2;2;15;A01
201200023629;0;7;0;0;2;3;15;B01
201200023629;0;33;0;0;2;2;17;A01
201200023630;0;7;0;13;0;2;2;A01
201200023631;0;7;0;0;2;4;2;A01
201200023631;0;7;0;0;2;1;0;B01
201200023632;0;1;0;0;2;1;5;B01
201200023632;0;7;0;0;2;2;16;A01
201200023633;0;7;0;0;2;3;16;A01
201200023633;0;7;0;0;2;2;2;B01
201200023634;0;7;0;7;0;1;2;A01
201200023635;0;1;0;0;2;2;5;A01
201200023635;0;37;1;0;2;2;2;B01
201200023636;0;7;0;0;2;2;8;A01
201200023636;0;7;0;0;2;7;2;B01
201200023637;0;7;0;0;2;5;16;B01
201200023637;0;33;0;0;2;1;2;A01
201200023638;0;7;0;0;2;7;2;B01
201200023638;0;7;0;0;2;1;9;A01
201200023639;0;33;0;0;2;1;2;B01
201200023639;0;7;0;0;2;3;15;A01
201200023640;0;3;0;0;1;2;2;A01
201200023641;1;7;0;0;2;3;2;A01
201200023641;0;7;0;0;2;3;2;B01
201200023642;1;7;0;0;1;1;0;Z01
201200023643;0;7;0;0;2;1;2;A01
201200023643;0;7;0;0;2;4;2;B01
201200023644;1;30;0;0;1;1;1;Z01
201200023645;0;7;0;0;2;7;2;B01
201200023645;0;7;0;0;2;1;9;A01
201200023646;0;7;0;0;2;1;2;B01
201200023646;0;7;0;0;2;1;5;A01
201200023647;0;7;0;6;2;1;2;A01
201200023648;0;7;0;0;2;4;1;B01
201200023648;0;7;0;0;2;1;1;A01
201200023649;0;7;0;0;0;1;1;A01
201200023650;0;3;0;0;1;1;1;A01
201200023651;0;7;0;0;2;8;9;A01
201200023651;0;32;0;0;2;1;1;B01
201200023652;1;7;0;0;1;1;1;Z01
201200023653;0;7;0;0;2;1;1;A01
201200023653;0;7;0;0;2;0;1;B01
201200023654;0;7;0;0;1;3;1;A01
201200023655;0;10;0;0;2;3;11;A01
201200023655;0;33;0;0;2;7;1;B01
201200023656;0;7;0;0;2;1;1;B01
201200023656;0;7;0;0;2;8;1;A01
201200023657;0;7;0;0;2;8;5;A01
201200023657;0;7;0;0;2;3;1;B01
201200023658;0;33;0;0;2;8;1;B01
201200023658;0;7;0;0;2;1;16;A01
201200023659;0;30;0;0;2;1;1;B01
201200023659;0;1;0;0;2;1;5;A01
201200023660;0;30;0;0;2;8;2;B01
201200023660;0;10;0;0;2;3;13;A01
201200023661;0;7;0;12;0;1;1;A01
201200023662;0;7;0;0;2;7;1;A01
201200023662;0;10;0;0;2;1;1;B01
201200023663;0;10;0;1;2;1;1;B01
201200023663;0;7;0;1;2;8;1;A01
201200023664;0;7;0;0;2;5;0;B01
201200023664;0;13;0;0;2;3;11;A01
201200023665;0;10;0;0;2;2;0;A01
201200023665;0;7;0;0;0;8;15;B01
201200023666;0;7;0;0;2;2;1;B01
201200023666;0;7;0;0;2;7;15;A01
201200023667;0;33;0;0;2;1;1;B01
201200023667;0;7;0;0;2;1;15;A01
201200023668;0;7;0;0;1;2;1;A01
201200023669;0;7;0;0;0;4;23;B01
201200023669;0;14;0;0;2;1;1;A01
201200023670;0;33;0;0;2;1;2;A01
201200023670;0;10;0;0;0;4;1;B01
201200023671;0;7;0;8;0;2;2;A01
201200023672;0;7;0;0;2;2;2;B01
201200023672;0;7;0;0;2;8;11;A01
201200023673;0;7;0;0;2;2;16;A01
201200023673;0;7;0;0;2;6;2;B01
201200023674;0;33;0;1;0;1;2;A01
201200023675;0;7;0;0;2;2;15;A01
201200023675;0;1;0;0;2;1;1;B01
201200023676;0;7;0;0;0;1;1;A01
201200023677;0;7;0;0;2;1;2;A01
201200023677;0;7;0;0;2;4;2;B01
201200023678;0;7;0;0;2;1;2;A01
201200023678;0;1;0;0;2;1;19;B01
201200023679;0;7;0;0;1;1;2;A01
201200023680;0;7;0;0;2;3;2;B01
201200023680;0;7;0;0;2;2;15;A01
201200023681;0;34;0;0;2;2;2;A01
201200023681;0;7;0;0;2;3;16;B01
201200023682;0;7;0;0;2;2;0;B01
201200023682;0;1;0;0;2;1;19;A01
201200023683;0;30;0;0;2;1;1;B01
201200023683;0;7;0;0;2;1;19;A01
201200023684;0;7;0;0;2;7;1;B01
201200023684;0;1;0;0;2;8;15;A01
201200023685;0;30;0;12;0;8;1;A01
201200023686;0;7;0;0;2;1;2;A01
201200023686;0;7;0;0;2;4;2;B01
201200023686;0;7;0;0;0;4;2;C01
201200023687;0;7;0;12;0;1;1;A01
201200023688;0;7;0;6;0;3;1;A01
201200023689;0;7;0;0;2;7;1;A01
201200023689;0;10;0;0;2;1;1;B01
201200023690;0;32;0;0;2;1;1;B01
201200023690;0;7;0;0;2;3;19;A01
201200023691;0;1;0;0;0;0;2;C01
201200023691;0;10;0;0;2;0;2;A01
201200023691;0;1;0;0;0;0;2;B01
201200023692;0;10;0;0;2;0;15;A01
201200023692;0;7;0;0;2;1;1;B01
201200023693;0;7;0;0;1;7;1;A01
201200023694;0;10;0;0;2;1;1;B01
201200023694;0;7;0;8;2;7;1;A01
201200023695;1;7;0;0;0;0;0;Z01
201200023695;0;7;0;13;2;1;1;A01
201200023696;0;7;0;0;1;4;20;A01
201200023697;0;7;0;0;2;1;1;A01
201200023697;0;7;0;0;2;6;0;B01
201200023698;0;7;0;0;0;4;2;C01
201200023698;0;7;0;0;2;1;2;A01
201200023698;0;7;0;0;2;1;2;B01
201200023699;0;33;0;14;0;0;1;A01
201200023700;0;7;0;0;2;1;1;B01
201200023700;0;7;0;0;2;1;19;A01
201200023700;0;7;0;0;2;1;1;C01
201200023701;0;7;0;0;1;4;4;A01
201200023702;0;7;0;1;2;1;1;B01
201200023702;0;7;0;0;2;1;15;A01
201200023703;0;7;0;0;2;0;0;A01
201200023703;0;7;0;0;0;4;0;B01
201200023704;0;2;0;0;2;3;1;A01
201200023704;0;14;0;0;2;0;1;B01
201200023705;0;7;0;0;1;7;1;A01
201200023706;0;7;0;0;2;5;23;B01
201200023706;0;7;0;0;2;4;23;C01
201200023706;0;33;0;0;2;8;1;A01
201200023707;2;7;0;0;2;0;0;A01
201200023707;0;30;0;0;0;4;23;B01
201200023708;0;7;0;0;2;1;1;A01
201200023708;0;7;0;0;2;4;1;B01
201200023709;0;7;0;0;0;4;2;B01
201200023709;0;7;0;0;2;1;2;A01
201200023710;0;7;0;0;2;3;11;A01
201200023710;0;32;0;0;2;1;1;B01
201200023711;0;13;0;6;2;1;5;A01
201200023711;0;7;0;0;2;8;0;B01
201200023711;0;7;0;0;0;2;0;C01
201200023712;0;33;0;0;2;1;15;A01
201200023712;0;7;0;0;2;3;1;B01
201200023713;0;1;0;0;2;1;1;B01
201200023713;0;7;0;0;2;1;19;A01
201200023714;0;33;0;0;2;1;1;B01
201200023714;0;7;0;0;2;5;10;A01
201200023715;0;7;0;0;2;1;2;A01
201200023715;0;3;0;0;2;4;2;B01
201200023716;0;7;0;0;1;8;1;A01
201200023717;0;7;0;0;2;2;1;B01
201200023717;0;7;0;1;2;4;4;A01
201200023718;0;7;0;0;2;1;1;A01
201200023718;0;7;0;0;0;4;1;C01
201200023718;0;7;0;0;2;4;1;B01
201200023719;0;7;0;0;2;2;2;A01
201200023719;0;7;0;0;2;1;16;B01
201200023720;0;7;0;0;2;1;1;A01
201200023720;0;7;0;0;2;3;1;B01
201200023721;0;7;0;0;2;1;9;A01
201200023721;0;30;0;0;2;7;1;B01
201200023722;0;1;0;0;0;0;0;A01
201200023723;0;7;0;0;0;4;1;B01
201200023723;0;7;0;0;2;1;1;A01
201200023724;0;7;0;0;2;1;1;B01
201200023724;0;7;0;0;2;1;15;A01
201200023725;0;7;0;0;2;2;0;A01
201200023725;0;1;0;0;2;3;0;B01
201200023726;0;7;0;0;2;7;1;B01
201200023726;0;7;0;0;2;3;15;A01
201200023727;0;7;0;0;2;1;15;B01
201200023727;0;7;0;0;2;1;1;A01
201200023728;0;33;0;12;0;7;6;A01
201200023729;0;7;0;8;0;3;0;A01
201200023730;0;33;0;6;0;8;0;A01
201200023731;0;10;0;0;2;3;15;A01
201200023731;0;33;0;7;2;1;1;B01
201200023732;1;7;0;0;1;1;1;A01
201200023733;0;7;0;0;0;4;23;B01
201200023733;0;7;0;0;2;1;1;A01
201200023734;0;7;0;0;1;3;1;A01
201200023735;0;14;0;0;1;2;1;A01
201200023736;0;7;0;6;2;7;1;A01
201200023736;0;7;0;0;2;1;1;B01
201200023737;0;7;0;0;0;9;2;A01
201200023738;0;7;0;0;2;1;2;A01
201200023738;0;7;0;0;0;4;1;B01
201200023739;0;7;0;11;0;7;15;A01
201200023740;0;7;0;0;0;1;2;B01
201200023740;0;7;0;0;0;4;2;C01
201200023740;0;7;0;0;0;0;2;A01
201200023741;1;7;0;0;1;0;0;A01
201200023742;0;30;0;0;0;0;0;A01
201200023743;0;7;0;2;0;1;1;A01
201200023744;0;10;0;0;0;2;0;B01
201200023744;0;30;0;0;0;0;0;A01
201200023745;0;7;0;0;2;2;2;A01
201200023745;0;33;0;0;2;1;2;B01
201200023746;0;33;0;0;2;1;2;B01
201200023746;0;33;0;0;2;1;2;A01
201200023747;0;7;0;0;2;7;1;A01
201200023748;0;7;0;0;2;1;15;A01
201200023748;0;7;0;0;2;1;1;B01
201200023749;0;7;0;0;0;9;0;A01
201200023750;0;37;1;0;0;0;0;A01
201200023750;0;7;0;1;2;0;0;B01
201200023751;0;7;0;0;1;1;2;A01
201200023752;0;7;0;0;0;1;2;A01
201200023753;0;33;0;0;0;4;1;B01
201200023753;0;33;0;0;2;1;2;A01
201200023754;1;7;0;0;1;2;1;A01
201200023755;0;7;0;0;2;1;2;C01
201200023755;0;7;0;0;2;4;1;B01
201200023755;0;7;0;0;0;0;5;A01
201200023756;0;10;0;0;2;1;2;A01
201200023756;0;7;0;0;2;4;2;B01
201200023756;0;7;0;0;2;4;2;C01
201200023757;0;7;0;0;2;8;2;A01
201200023757;0;34;0;0;2;7;2;B01
201200023758;0;33;0;0;2;1;2;B01
201200023758;0;7;0;0;2;4;15;A01
201200023759;1;7;0;0;1;1;1;A01