num_acc;senc;catv;occutc;obs;obsm;choc;manv;num_veh
201200023760;0;1;0;0;2;4;11;A01
201200023760;0;7;0;0;2;3;2;B01
201200023761;0;33;0;0;2;1;1;B01
201200023761;0;7;0;0;0;2;10;A01
201200023762;0;7;0;8;0;0;0;A01
201200023763;0;30;0;0;0;1;0;A01
201200023763;0;7;0;0;9;7;0;B01
201200023764;0;14;0;0;0;0;0;B01
201200023764;0;30;0;1;0;0;0;A01
201200023765;0;33;0;0;2;1;17;A01
201200023765;0;7;0;0;0;6;15;B01
201200023766;0;7;0;0;0;1;0;B01
201200023766;0;7;0;0;0;4;2;A01
201200023767;0;30;0;0;2;0;5;A01
201200023767;0;7;0;0;2;1;9;B01
201200023768;0;7;0;0;0;6;0;B01
201200023768;0;7;0;0;0;3;0;A01
201200023769;0;7;0;0;2;8;9;B01
201200023769;0;7;0;0;0;2;0;A01
201200023770;0;10;0;0;2;3;1;B01
201200023770;0;7;0;0;2;3;13;A01
201200023771;0;7;0;0;0;3;0;B01
201200023771;0;33;0;0;0;7;0;A01
201200023772;0;7;0;0;0;1;0;A01
201200023773;0;7;0;14;0;1;1;A01
201200023774;0;3;0;0;0;7;16;B01
201200023774;0;2;0;0;2;3;18;A01
201200023775;0;7;0;0;2;2;15;A01
201200023775;0;7;0;0;0;1;2;B01
201200023776;0;10;0;7;2;9;1;B01
201200023776;0;7;0;0;2;9;2;C01
201200023776;0;10;0;0;2;1;2;D01
201200023776;0;7;0;0;2;4;2;A01
201200023777;0;7;0;0;2;4;2;C01
201200023777;0;7;0;0;0;1;0;A01
201200023777;0;7;0;0;2;0;2;B01
201200023778;0;33;0;0;2;1;0;B01
201200023778;0;7;0;0;2;3;0;A01
201200023779;0;7;0;0;0;1;0;A01
201200023779;0;7;0;0;0;3;0;B01
201200023780;0;30;0;0;0;0;0;A01
201200023780;1;99;0;0;0;0;0;B01
201200023781;0;7;0;0;0;0;0;B01
201200023781;0;1;0;0;0;0;0;A01
201200023782;0;35;0;0;9;0;0;A01
201200023783;0;7;0;0;2;3;0;A01
201200023783;0;7;0;0;0;0;9;B01
201200023784;0;7;0;0;9;8;0;B01
201200023784;0;2;0;0;0;1;0;A01
201200023785;0;7;0;0;2;1;15;A01
201200023785;0;33;0;0;2;1;0;B01
201200023786;0;1;0;0;0;7;0;B01
201200023786;0;7;0;0;9;3;9;A01
201200023787;0;7;0;2;0;1;0;A01
201200023788;0;7;0;0;0;9;0;A01
201200023789;0;10;0;0;9;0;1;A01
201200023789;0;33;0;0;2;0;0;B01
201200023790;0;7;0;0;2;1;1;B01
201200023790;0;30;0;0;2;1;0;A01
201200023791;0;30;0;0;0;1;0;A01
201200023792;0;30;0;0;0;7;16;A01
201200023793;0;7;0;6;0;1;0;B01
201200023793;0;7;0;0;2;1;0;A01
201200023794;0;7;0;0;2;7;2;B01
201200023794;0;7;0;0;2;1;2;C01
201200023794;0;7;0;0;2;1;2;A01
201200023795;0;7;0;0;0;4;23;B01
201200023795;0;7;0;0;2;1;1;A01
201200023796;0;2;0;0;0;1;0;A01
201200023796;0;7;0;0;2;1;2;B01
201200023797;0;30;0;0;2;1;1;B01
201200023797;0;7;0;0;2;5;15;A01
201200023798;0;7;0;0;2;4;2;B01
201200023798;0;7;0;0;0;4;0;C01
201200023798;0;7;0;0;2;1;1;A01
201200023799;0;7;0;6;0;1;0;A01
201200023800;0;7;0;0;2;1;2;A01
201200023800;0;7;0;0;2;4;2;B01
201200023800;0;7;0;0;0;4;2;C01
201200023801;0;2;0;0;0;1;17;B01
201200023801;0;7;0;0;2;3;15;A01
201200023802;0;37;5;0;1;7;9;A01
201200023803;0;7;0;15;0;1;0;A01
201200023804;0;33;0;0;1;1;1;A01
201200023805;0;7;0;15;0;2;0;A01
201200023806;0;32;0;0;2;7;1;B01
201200023806;0;7;0;0;9;1;0;A01
201200023807;0;7;0;0;2;1;5;B01
201200023807;0;7;0;0;2;1;1;A01
201200023808;0;7;0;0;2;1;9;A01
201200023808;0;1;0;0;2;0;2;B01
201200023809;0;1;0;0;2;1;5;A01
201200023809;0;7;0;0;2;0;9;B01
201200023810;0;7;0;0;2;8;0;B01
201200023810;0;2;0;12;2;1;15;A01
201200023811;0;7;0;0;0;1;1;B01
201200023811;0;7;0;0;2;1;0;A01
201200023812;0;30;0;0;2;4;1;A01
201200023812;0;7;0;0;2;3;1;B01
201200023813;0;7;0;3;1;1;1;A01
201200023814;0;1;0;0;2;7;1;A01
201200023814;0;10;0;0;2;1;1;B01
201200023815;0;30;0;0;0;8;0;A01
201200023816;0;7;0;0;2;6;24;B01
201200023816;1;7;0;0;2;1;0;A01
201200023817;0;7;0;0;0;3;1;B01
201200023817;0;31;0;0;2;2;12;A01
201200023818;0;7;0;0;2;3;9;A01
201200023818;0;32;0;0;2;5;0;B01
201200023819;0;7;0;0;2;4;1;B01
201200023819;0;14;0;0;2;2;1;A01
201200023820;0;7;0;0;1;2;0;A01
201200023821;0;7;0;0;2;1;2;A01
201200023821;0;2;0;0;2;7;2;B01
201200023822;0;7;0;0;2;3;1;A01
201200023822;0;7;0;0;2;3;1;B01
201200023823;0;30;0;0;2;0;1;B01
201200023823;0;7;0;0;2;0;15;A01
201200023824;0;7;0;0;2;2;1;B01
201200023824;2;7;0;0;2;1;19;A01
201200023825;0;7;0;2;0;2;1;A01
201200023826;0;7;0;0;2;1;1;B01
201200023826;2;7;0;0;2;1;5;A01
201200023827;0;10;0;6;0;1;1;A01
201200023828;0;7;0;2;0;3;12;A01
201200023829;0;7;0;0;0;1;15;A01
201200023829;0;7;0;0;2;2;14;B01
201200023830;0;7;0;0;0;8;1;B01
201200023830;0;32;0;0;2;1;1;A01
201200023831;0;7;0;0;0;4;0;C01
201200023831;0;7;0;0;2;4;2;B01
201200023831;0;7;0;0;2;1;0;A01
201200023832;0;7;0;0;1;1;1;A01
201200023833;0;7;0;0;2;2;16;B01
201200023833;0;7;0;0;2;3;9;A01
201200023834;0;7;0;0;0;1;1;A01
201200023835;0;7;0;13;0;9;0;A01
201200023836;0;7;0;8;2;1;1;B01
201200023836;0;7;0;8;2;8;1;A01
201200023837;0;15;0;0;9;1;15;A01
201200023837;0;33;0;0;9;1;1;B01
201200023838;0;7;0;0;2;1;15;A01
201200023838;0;7;0;0;0;1;0;B01
201200023839;0;7;0;0;2;8;1;B01
201200023839;0;14;0;0;2;1;2;A01
201200023840;0;7;0;0;2;5;0;A01
201200023840;0;31;0;0;2;3;0;B01
201200023841;0;2;0;0;0;2;0;A01
201200023841;0;7;0;0;0;3;1;B01
201200023842;0;2;0;0;0;0;0;A01
201200023843;0;7;0;0;1;1;1;A01
201200023844;0;7;0;0;2;5;16;A01
201200023844;0;37;1;0;2;3;16;B01
201200023845;0;7;0;0;2;0;0;A01
201200023845;0;7;0;0;0;0;1;B01
201200023846;0;1;0;0;2;0;2;A01
201200023846;0;7;0;0;0;4;1;B01
201200023847;0;7;0;0;1;2;0;A01
201200023848;0;7;0;0;2;1;1;A01
201200023848;0;31;0;0;2;8;1;B01
201200023849;0;7;0;0;1;1;1;A01
201200023850;0;7;0;0;1;0;0;A01
201200023851;0;15;0;0;0;4;1;B01
201200023851;0;7;0;0;9;1;0;A01
201200023852;0;99;0;0;2;2;2;A01
201200023852;0;7;0;0;2;1;1;B01
201200023853;0;7;0;0;1;0;1;A01
201200023854;0;7;0;0;1;0;1;A01
201200023855;0;17;0;0;2;2;1;B01
201200023855;0;7;0;7;2;7;1;A01
201200023856;0;1;0;0;0;0;19;B01
201200023856;0;7;0;0;9;2;1;A01
201200023857;0;7;0;2;0;9;1;A01
201200023858;0;7;0;0;2;1;1;B01
201200023858;0;7;0;0;2;2;0;A01
201200023859;0;7;0;0;2;1;0;A01
201200023859;0;1;0;0;2;0;0;B01
201200023860;0;7;0;0;1;1;1;A01
201200023861;0;7;0;0;2;5;1;A01
201200023861;0;7;0;0;2;1;9;B01
201200023862;0;7;0;0;2;3;1;B01
201200023862;0;7;0;0;2;2;15;A01
201200023863;0;7;0;0;0;0;0;B01
201200023863;0;7;0;3;0;2;18;A01
201200023864;0;33;0;0;2;1;17;A01
201200023864;0;7;0;0;2;1;17;B01
201200023865;0;7;0;0;2;3;13;A01
201200023865;0;7;0;0;2;2;1;B01
201200023866;0;7;0;0;2;4;2;B01
201200023866;0;7;0;0;2;1;2;A01
201200023867;0;7;0;0;2;1;1;B01
201200023867;0;16;0;0;2;3;9;A01
201200023868;0;7;0;0;2;2;16;A01
201200023868;0;1;0;0;2;4;1;B01
201200023869;0;38;1;0;2;2;1;A01
201200023869;0;37;5;0;0;4;1;B01
201200023870;0;7;0;0;2;2;16;A01
201200023870;0;31;0;0;2;8;1;B01
201200023871;0;30;0;0;2;1;1;B01
201200023871;0;7;0;0;2;3;15;A01
201200023872;0;7;0;13;2;3;11;A01
201200023872;0;7;0;0;2;7;17;B01
201200023873;0;7;0;0;2;6;16;A01
201200023873;0;30;0;0;2;4;15;B01
201200023874;0;7;0;0;2;1;0;A01
201200023874;0;7;0;0;2;2;15;B01
201200023875;0;7;0;0;2;2;15;A01
201200023875;0;33;0;0;2;8;1;B01
201200023876;2;33;0;0;0;8;2;A01
201200023877;0;20;0;0;2;2;1;A01
201200023877;0;34;0;1;0;3;1;B01
201200023878;0;7;0;0;2;4;1;C01
201200023878;0;7;0;0;2;1;0;A01
201200023878;0;7;0;0;2;4;0;B01
201200023879;0;7;0;1;0;4;4;A01
201200023880;0;15;0;0;2;2;12;A01
201200023880;0;7;0;0;2;3;1;B01
201200023881;0;7;0;0;2;2;16;B01
201200023881;0;1;0;0;2;1;19;A01
201200023882;0;7;0;0;2;1;17;A01
201200023882;0;7;0;0;2;3;1;B01
201200023883;0;7;0;13;6;9;1;A01
201200023884;0;7;0;0;2;3;2;B01
201200023884;0;7;0;0;2;1;15;A01
201200023885;0;7;0;6;0;1;1;A01
201200023886;0;30;0;0;2;1;1;A01
201200023886;0;7;0;0;0;4;1;B01
201200023887;0;7;0;0;1;1;16;A01
201200023888;0;7;0;0;2;1;21;B01
201200023888;0;7;0;0;2;1;1;A01
201200023889;0;10;0;0;2;1;1;B01
201200023889;0;7;0;8;2;2;9;A01
201200023890;0;14;0;0;2;1;1;A01
201200023890;0;7;0;0;2;4;1;B01
201200023890;0;7;0;0;0;4;1;D01
201200023890;0;7;0;0;2;4;1;C01
201200023891;0;7;0;8;0;1;14;A01
201200023892;0;7;0;0;2;0;2;A01
201200023892;0;30;0;0;2;4;2;B01
201200023893;0;7;0;6;0;2;2;A01
201200023894;0;33;0;0;0;8;1;A01
201200023895;0;7;0;6;0;6;19;A01
201200023896;0;7;0;0;2;4;2;B01
201200023896;0;7;0;0;2;1;2;A01
201200023897;0;7;0;0;2;1;2;A01
201200023897;0;7;0;0;2;4;2;B01
201200023897;0;7;0;0;0;4;2;C01
201200023898;0;7;0;0;2;1;1;B01
201200023898;0;7;0;8;2;7;14;A01
201200023899;0;7;0;0;1;1;2;A01
201200023900;0;33;0;0;2;5;1;B01
201200023900;0;7;0;0;2;3;1;A01
201200023901;0;7;0;0;2;2;2;B01
201200023901;0;1;0;0;2;1;11;A01
201200023902;0;7;0;0;1;1;2;A01
201200023903;0;7;0;1;1;1;1;A01
201200023904;0;7;0;0;2;1;1;B01
201200023904;0;7;0;0;2;2;15;A01
201200023905;0;32;0;0;2;1;1;A01
201200023905;0;7;0;0;2;3;1;B01
201200023906;0;7;0;0;1;1;2;A01
201200023907;0;7;0;0;2;1;1;A01
201200023907;0;7;0;0;0;4;1;B01
201200023908;0;14;0;0;2;8;15;A01
201200023908;0;33;0;0;2;6;2;B01
201200023909;0;7;0;0;2;1;2;B01
201200023909;0;2;0;0;2;1;2;A01
201200023910;0;7;0;0;0;6;1;B01
201200023910;0;30;0;0;2;1;15;A01
201200023911;0;7;0;0;2;4;2;B01
201200023911;0;7;0;0;2;1;2;A01
201200023912;0;34;0;0;2;1;9;A01
201200023912;0;10;0;0;2;6;9;B01
201200023913;0;37;1;0;1;3;1;A01
201200023914;0;7;0;13;0;0;0;A01
201200023915;0;7;0;2;0;1;0;A01
201200023916;0;7;0;0;1;1;15;A01
201200023917;0;7;0;0;0;1;2;A01
201200023918;0;7;0;0;1;1;16;A01
201200023919;0;7;0;0;1;1;1;A01
201200023920;0;99;0;6;0;1;1;A01
201200023921;0;7;0;0;2;1;2;A01
201200023921;0;7;0;0;2;4;23;B01
201200023921;0;10;0;0;2;3;17;C01
201200023922;0;7;0;0;2;5;15;A01
201200023922;0;7;0;7;2;1;1;B01
201200023923;0;7;0;0;2;0;1;C01
201200023923;0;7;0;0;2;4;1;B01
201200023923;0;7;0;0;2;1;1;A01
201200023924;0;7;0;3;0;3;0;A01
201200023925;0;7;0;0;2;1;15;A01
201200023925;0;7;0;0;2;1;1;B01
201200023926;0;7;0;0;2;2;1;B01
201200023926;0;7;0;0;2;3;1;A01
201200023927;0;7;0;15;0;1;1;A01
201200023928;0;7;0;0;1;0;1;A01
201200023929;0;7;0;8;0;1;0;A01
201200023930;0;7;0;0;2;4;23;B01
201200023930;0;7;0;0;2;1;2;A01
201200023930;0;7;0;0;2;4;23;C01
201200023930;0;7;0;0;2;6;15;D01
201200023931;0;7;0;2;0;0;0;A01
201200023932;0;7;0;2;0;1;1;A01
201200023933;0;7;0;0;2;7;15;A01
201200023933;0;7;0;0;2;1;1;B01
201200023934;0;7;0;0;1;1;1;A01
201200023935;0;7;0;0;1;2;1;A01
201200023936;0;7;0;0;2;1;20;A01
201200023936;0;2;0;0;2;8;20;B01
201200023937;0;37;1;0;2;2;1;A01
201200023937;0;7;0;0;2;6;16;B01
201200023938;0;7;0;0;2;3;23;A01
201200023938;0;7;0;0;2;8;16;B01
201200023939;0;7;0;8;0;3;1;A01
201200023940;0;7;0;0;2;3;1;A01
201200023940;0;2;0;0;2;6;1;B01
201200023941;0;7;0;0;2;6;10;B01
201200023941;0;33;0;0;2;8;1;A01
201200023942;0;7;0;10;0;1;0;A01
201200023943;0;7;0;0;2;1;0;B01
201200023943;0;7;0;0;2;1;15;A01
201200023944;0;7;0;0;0;1;2;A01
201200023945;2;7;0;0;2;1;1;A01
201200023945;0;7;0;0;2;7;1;B01
201200023946;0;33;0;0;2;4;2;A01
201200023946;0;7;0;0;0;4;0;B01
201200023947;0;15;0;0;2;1;1;A01
201200023947;0;30;0;0;2;4;1;B01
201200023948;0;7;0;0;1;8;2;A01
201200023949;0;2;0;7;0;1;13;A01
201200023950;0;34;0;6;0;1;6;A01
201200023951;0;7;0;0;2;1;1;A01
201200023951;0;7;0;0;0;8;1;B02
201200023952;0;3;0;13;0;1;1;A01
201200023953;0;7;0;0;1;1;15;A01
201200023954;0;7;0;2;0;8;1;A01
201200023955;0;10;0;0;2;8;15;A01
201200023955;0;31;0;0;2;7;17;B02
201200023956;0;2;0;8;0;1;1;A01
201200023957;0;7;0;0;2;1;1;A01
201200023957;0;1;0;0;2;1;1;B02
201200023958;0;7;0;0;2;1;1;B02
201200023958;0;7;0;0;2;7;19;A01
201200023959;0;7;0;0;1;4;4;A01
201200023960;0;7;0;0;2;1;13;A01
201200023960;0;7;0;0;2;3;1;B02
201200023961;0;7;0;0;2;4;1;A01
201200023961;0;7;0;0;2;3;1;B02
201200023962;0;7;0;13;0;5;1;A01
201200023963;0;7;0;13;0;3;1;A01
201200023964;0;10;0;0;2;2;15;A01
201200023964;0;2;0;0;2;1;1;B02
201200023965;0;7;0;6;0;1;13;A01
201200023966;0;7;0;16;0;7;1;A01
201200023967;0;7;0;2;0;1;1;A01
201200023968;0;7;0;16;0;2;14;A01
201200023969;0;7;0;2;0;8;13;A01
201200023970;0;7;0;15;0;7;13;A01
201200023971;0;7;0;8;0;9;1;A01
201200023972;0;7;0;2;0;1;1;A01
201200023973;0;7;0;13;0;2;1;A01
201200023974;0;7;0;13;0;7;1;A01
201200023975;0;17;0;0;0;4;2;B02
201200023975;0;10;0;0;2;1;2;A01
201200023976;0;17;0;0;1;1;1;B02
201200023976;0;7;0;0;1;1;1;C03
201200023976;0;7;0;0;1;1;1;D04
201200023976;0;7;0;0;1;1;1;E05
201200023976;0;7;0;0;1;2;1;A01
201200023977;0;7;0;4;0;3;1;A01
201200023978;0;7;0;4;0;1;11;A01
201200023979;0;14;0;0;0;4;0;C03
201200023979;0;7;0;0;2;1;2;B02
201200023979;0;7;0;4;2;1;1;A01
201200023980;0;7;0;0;2;2;14;B02
201200023980;0;17;0;0;2;8;1;A01
201200023981;0;7;0;4;0;1;21;A01
201200023982;0;7;0;0;2;1;2;A01
201200023982;0;17;0;0;0;4;2;B02
201200023983;0;7;0;4;0;3;1;A01
201200023984;0;17;0;0;0;0;1;B02
201200023984;0;17;0;4;2;1;21;A01
201200023985;0;7;0;13;0;9;1;A01
201200023986;0;33;0;0;0;0;1;A01
201200023987;0;7;0;0;2;1;17;B02
201200023987;0;7;0;0;0;8;15;A01
201200023988;0;30;0;0;2;1;2;A01
201200023988;0;7;0;0;0;4;2;B02
201200023989;0;33;0;3;0;1;1;A01
201200023990;0;7;0;13;2;6;1;A01
201200023990;0;7;0;0;2;1;9;B02
201200023991;0;33;0;0;2;1;13;A01
201200023991;0;7;0;0;2;5;15;B02
201200023992;0;31;0;13;0;0;0;A01
201200023993;0;7;0;0;2;3;15;A01
201200023993;0;7;0;0;2;2;1;B02
201200023994;0;7;0;13;0;1;1;A01
201200023995;0;7;0;0;2;6;1;A01
201200023995;0;10;0;0;2;1;1;B02
201200023996;0;7;0;7;0;9;19;A01
201200023997;0;33;0;0;0;8;16;A01
201200023998;0;7;0;0;2;1;1;B02
201200023998;0;7;0;0;2;3;19;A01
201200023999;0;7;0;6;0;1;14;A01
201200024000;0;10;0;16;0;9;19;A01
201200024001;0;7;0;0;2;7;15;A01
201200024001;0;7;0;0;2;2;21;C03
201200024001;0;7;0;0;2;1;1;B02
201200024002;0;7;0;0;2;1;13;A01
201200024002;0;7;0;0;2;1;1;B02
201200024003;0;31;0;0;2;1;0;A01
201200024003;0;10;0;0;2;1;0;B02
201200024004;0;7;0;13;0;1;1;A01
201200024005;0;7;0;0;2;3;1;B02
201200024005;0;7;0;0;2;2;19;A01
201200024006;0;31;0;0;2;1;9;B02
201200024006;0;10;0;0;2;6;1;A01
201200024007;0;7;0;1;0;2;1;A01
201200024008;0;7;0;0;2;3;1;A01
201200024008;0;7;0;0;2;3;1;B02
201200024009;0;7;0;0;2;2;15;A01
201200024009;0;7;0;0;2;1;1;B02
201200024010;0;10;0;2;0;3;1;A01
201200024011;0;10;0;2;0;8;1;A01
201200024012;0;7;0;0;0;1;1;B02
201200024012;0;10;0;0;0;2;20;A01
201200024013;0;7;0;0;1;1;1;A01
201200024014;0;33;0;0;2;1;1;B02
201200024014;0;7;0;0;2;1;13;A01
201200024015;0;7;0;0;2;1;13;A01
201200024015;0;7;0;0;2;1;1;B02
201200024016;0;7;0;0;2;1;1;B02
201200024016;0;7;0;0;2;1;13;A01
201200024017;0;7;0;0;2;8;1;B02
201200024017;0;7;0;0;2;1;13;A01
201200024017;0;7;0;0;2;3;1;C03
201200024018;0;33;0;13;0;8;1;A01
201200024019;0;33;0;0;2;3;13;A01
201200024019;0;7;0;0;2;3;1;B02
201200024020;0;7;0;0;2;1;17;A01
201200024020;0;7;0;15;2;1;1;B02
201200024021;0;7;0;2;0;2;1;A01
201200024022;0;7;0;1;0;2;2;B02
201200024023;0;7;0;0;1;2;1;A01
201200024024;0;7;0;0;2;3;0;A01
201200024024;1;7;0;0;2;1;15;B01
201200024025;0;7;0;1;0;1;1;A01
201200024026;0;1;0;0;2;1;2;A01
201200024027;0;7;0;3;0;1;19;A01
201200024028;0;17;0;3;0;0;1;A01
201200024029;0;7;0;0;2;1;9;A01
201200024029;0;1;0;0;2;4;2;B01
201200024030;0;7;0;0;2;1;1;B01
201200024030;0;7;0;0;2;1;5;A01
201200024031;0;7;0;0;2;9;2;B01
201200024031;0;7;0;0;2;1;2;A01
201200024031;0;10;0;0;2;4;2;C01
201200024032;0;7;0;0;2;1;1;B01
201200024032;0;7;0;0;2;2;15;A01
201200024033;0;2;0;0;0;1;5;A01
201200024033;0;7;0;0;0;0;23;B01
201200024034;0;7;0;0;0;4;0;B01
201200024034;0;7;0;6;9;1;2;A01
201200024034;0;7;0;1;0;1;0;C01
201200024035;0;7;0;0;0;4;2;B01
201200024035;0;2;0;0;2;1;2;A01
201200024036;0;7;0;0;2;1;2;A01
201200024036;0;7;0;0;2;4;2;B01
201200024037;0;30;0;0;1;1;3;A01
201200024038;0;7;0;0;2;1;1;A01
201200024038;0;7;0;0;2;5;1;B01
201200024039;0;7;0;0;2;1;2;A01
201200024039;0;7;0;0;2;4;2;B01
201200024040;0;3;0;0;2;4;23;C01
201200024040;0;7;0;0;2;4;23;B01
201200024040;0;7;0;0;2;4;23;A01
201200024040;0;99;0;0;0;1;2;D01
201200024041;0;7;0;0;2;5;2;B01
201200024041;0;7;0;0;2;2;2;A01
201200024042;0;7;0;6;2;2;1;A01
201200024042;0;7;0;6;2;3;1;B01
201200024043;0;7;0;0;9;2;1;A01
201200024043;0;1;0;0;2;8;19;B01
201200024044;0;7;0;1;2;2;2;A01
201200024044;0;7;0;1;2;6;2;B01
201200024045;0;10;0;13;0;9;0;A01
201200024046;0;7;0;13;0;1;0;A01
201200024047;0;7;0;0;0;4;2;A01
201200024047;0;7;0;0;2;1;2;B01
201200024048;0;7;0;13;0;1;1;A01
201200024049;0;1;0;0;2;6;1;B01
201200024049;0;7;0;0;2;3;1;A01
201200024050;0;7;0;0;2;3;5;A01
201200024050;0;7;0;1;0;6;20;B02
201200024050;0;7;0;0;0;4;24;C03
201200024051;0;7;0;0;2;3;9;A01
201200024051;0;33;0;0;0;5;2;B02
201200024052;0;33;0;0;2;1;1;A01
201200024052;0;7;0;0;2;3;15;B02
201200024053;0;7;0;0;9;7;1;A01
201200024053;0;1;0;0;2;1;19;B02
201200024054;0;7;0;0;0;1;1;A01
201200024054;0;7;0;0;0;1;13;B02
201200024055;0;35;0;0;2;3;19;A01
201200024055;0;7;0;0;2;2;1;B02
201200024056;0;30;0;0;2;1;9;A01
201200024056;0;7;0;0;2;6;9;B02
201200024057;0;7;0;2;0;9;1;A01
201200024058;0;7;0;0;2;8;15;B01
201200024058;0;7;0;0;2;1;1;A01
201200024059;0;7;0;0;2;1;1;B01
201200024059;0;7;0;0;2;4;4;A01
201200024060;0;30;0;0;2;1;0;A01
201200024060;0;7;0;0;2;6;0;B01
201200024061;0;7;0;0;1;0;0;B01
201200024062;0;7;0;0;2;1;1;A01
201200024062;0;33;0;0;2;4;1;B01
201200024063;0;7;0;0;1;0;1;A01
201200024064;0;33;0;0;0;8;1;B01
201200024064;1;7;0;0;2;1;1;Z01
201200024065;0;33;0;0;2;1;17;A01
201200024065;0;10;0;0;2;1;0;B01
201200024066;0;7;0;0;2;7;15;A01
201200024066;0;32;0;0;2;1;1;B01
201200024067;0;7;0;0;0;5;0;B01
201200024067;0;30;0;0;2;0;0;A01
201200024068;0;2;0;0;0;1;0;A01
201200024069;0;2;0;0;2;6;13;A01
201200024069;0;7;0;0;2;1;5;B01
201200024070;0;7;0;0;2;1;0;A01
201200024070;0;7;0;0;2;4;0;B01
201200024071;0;7;0;0;2;9;5;A01
201200024071;0;7;0;0;2;8;23;B01
201200024071;0;7;0;0;2;1;16;C01
201200024072;0;7;0;0;2;1;9;A01
201200024072;0;33;0;0;2;7;1;B01
201200024073;0;33;0;0;2;4;0;B01
201200024073;0;7;0;0;2;1;0;A01
201200024074;0;7;0;0;2;7;15;A01
201200024074;0;31;0;0;2;1;1;B01
201200024075;0;7;0;0;2;1;1;B01
201200024075;0;7;0;0;2;4;1;C01
201200024075;0;7;0;0;2;1;1;A01
201200024076;0;1;0;0;2;0;1;B01
201200024076;0;7;0;0;2;8;9;A01
201200024077;0;7;0;0;1;6;15;A01
201200024078;0;1;0;0;2;0;0;A01
201200024078;1;7;0;0;2;0;0;Z01
201200024079;0;2;0;0;2;4;1;B01
201200024079;0;7;0;0;2;2;1;A01
201200024080;0;7;0;0;2;7;0;A01
201200024080;0;32;0;0;2;1;0;B01
201200024081;0;7;0;0;2;0;0;A01
201200024081;0;33;0;0;2;0;0;B01
201200024082;0;31;0;0;2;1;1;B01
201200024082;0;7;0;0;2;2;9;A01
201200024083;0;33;0;0;2;3;0;A01
201200024083;0;7;0;0;2;3;0;B01
201200024084;0;7;0;0;1;4;4;A01
201200024085;0;7;0;0;2;1;1;B01
201200024085;0;7;0;0;2;1;15;A01
201200024086;0;7;0;0;2;4;1;A01
201200024086;0;7;0;0;2;4;1;B01
201200024086;0;7;0;0;2;4;1;C01
201200024087;0;33;0;11;0;3;0;C01
201200024087;0;7;0;0;0;0;11;B01
201200024087;0;37;1;0;0;0;0;A01
201200024088;0;10;0;0;2;1;0;B01
201200024088;0;7;0;0;2;1;0;A01
201200024089;0;7;0;0;2;7;19;A01
201200024089;0;33;0;0;2;1;1;B01
201200024090;0;33;0;0;2;1;1;B01
201200024090;0;13;0;0;2;1;0;A01
201200024091;0;7;0;0;2;5;0;B01
201200024091;0;7;0;0;2;6;0;C01
201200024091;0;14;0;0;2;6;0;D01
201200024091;0;7;0;0;2;9;0;A01
201200024092;0;7;0;0;2;2;10;A01
201200024092;0;33;0;0;2;1;1;B01
201200024093;0;31;0;0;2;7;18;B01
201200024093;0;7;0;0;2;1;15;A01
201200024094;0;31;0;0;2;1;1;B01
201200024094;0;7;0;0;2;3;15;A01
201200024095;0;7;0;0;2;1;23;C01
201200024095;0;7;0;0;2;8;1;B01
201200024095;0;7;0;0;2;1;9;A01
201200024096;0;32;0;0;2;3;1;A01
201200024096;0;7;0;0;2;0;15;B01
201200024097;0;7;0;8;0;9;1;A01
201200024098;0;7;0;8;0;9;6;A01
201200024099;0;7;0;0;2;1;0;A01
201200024099;0;7;0;0;2;4;0;B01
201200024100;1;1;0;0;1;0;0;Z01
201200024101;0;7;0;9;0;1;0;A01
201200024102;0;38;1;0;1;1;1;A01
201200024103;0;7;0;0;2;8;11;A01
201200024103;0;33;0;0;2;2;1;B01
201200024104;0;7;0;0;2;9;15;A01
201200024104;0;40;1;0;2;8;1;B01
201200024105;0;32;0;0;2;7;1;A01
201200024105;0;7;0;0;2;5;23;B01
201200024106;1;7;0;0;1;0;4;Z01
201200024107;0;7;0;0;1;2;1;A01
201200024108;0;13;0;0;2;1;9;A01
201200024108;0;7;0;0;2;9;24;B01
201200024109;0;7;0;0;1;0;1;A01
201200024110;0;7;0;0;2;1;1;B01
201200024110;0;31;0;0;2;1;15;A01
201200024111;0;7;0;0;1;2;1;A01
201200024112;0;32;0;0;2;2;17;A01
201200024112;0;7;0;0;2;6;15;B01
201200024113;0;7;0;9;0;7;14;A01
201200024114;0;2;0;0;2;1;17;A01
201200024114;0;7;0;0;2;1;15;B01
201200024115;0;30;0;0;2;9;1;B01
201200024115;1;7;0;0;2;0;15;Z01
201200024116;0;7;0;0;2;1;1;A01
201200024116;0;7;0;0;2;1;1;B01
201200024116;0;7;0;0;2;4;1;C01
201200024117;2;7;0;0;1;0;0;Z01
201200024118;0;2;0;1;0;1;1;A01
201200024119;0;7;0;0;1;1;0;A01
201200024120;0;7;0;1;1;3;0;A01
201200024121;0;7;0;0;2;3;15;A01
201200024121;0;33;0;0;2;1;1;B01
201200024122;0;1;0;0;2;1;0;B01
201200024122;0;7;0;0;2;1;0;A01
201200024123;0;7;0;0;2;1;0;A01
201200024123;0;33;0;0;0;0;0;B01
201200024124;1;7;0;0;2;1;1;Z01
201200024124;0;2;0;1;2;4;1;B01
201200024124;0;7;0;0;2;7;0;C01
201200024125;0;7;0;0;1;0;1;A01
201200024126;0;7;0;0;2;1;0;B01
201200024126;0;15;0;0;2;1;0;A01
201200024126;0;13;0;0;2;4;0;C01
201200024127;0;7;0;0;1;0;15;A01