num_acc;senc;catv;occutc;obs;obsm;choc;manv;num_veh
201200024128;0;7;0;0;2;7;12;A01
201200024128;0;2;0;0;2;3;1;B01
201200024129;0;2;0;14;0;0;1;A01
201200024130;0;33;0;0;2;1;1;A01
201200024130;0;7;0;0;2;4;23;B01
201200024131;0;7;0;0;0;0;15;B01
201200024131;0;7;0;15;0;1;17;A01
201200024132;0;33;0;0;2;0;15;C01
201200024132;0;36;0;0;2;0;15;A01
201200024132;0;7;0;0;2;0;1;B01
201200024133;0;7;0;0;2;3;1;B01
201200024133;0;7;0;0;2;1;15;A01
201200024134;0;33;0;0;2;1;1;A01
201200024134;0;7;0;0;2;4;1;B01
201200024135;0;7;0;0;2;1;0;B01
201200024135;0;7;0;0;2;1;0;A01
201200024136;0;7;0;0;2;0;0;A01
201200024136;0;30;0;0;2;1;0;B01
201200024137;0;30;0;0;2;1;0;B01
201200024137;0;7;0;0;2;1;0;A01
201200024138;0;7;0;0;2;2;9;B01
201200024138;0;7;0;0;2;3;14;A01
201200024139;0;14;0;0;2;0;0;A01
201200024139;0;33;0;0;4;0;0;B01
201200024140;0;7;0;0;1;0;1;A01
201200024141;0;7;0;0;2;1;9;A01
201200024141;0;31;0;0;2;7;1;B01
201200024142;0;37;1;0;1;0;1;A01
201200024143;0;10;0;0;2;4;0;A01
201200024144;1;7;0;0;0;0;0;Z01
201200024144;0;7;0;0;2;3;1;C01
201200024144;0;7;0;0;2;5;1;A01
201200024144;0;33;0;0;2;1;1;B01
201200024145;0;7;0;0;2;1;0;B01
201200024145;0;7;0;0;2;4;0;A01
201200024146;0;2;0;0;2;0;1;B01
201200024146;0;7;0;0;2;6;15;A01
201200024147;0;33;0;0;2;1;1;B01
201200024147;0;7;0;0;2;3;15;A01
201200024148;0;7;0;0;0;0;0;B01
201200024148;0;7;0;0;2;0;0;A01
201200024149;0;7;0;0;2;0;0;B01
201200024149;0;7;0;0;2;0;0;A01
201200024150;0;7;0;0;2;1;1;A01
201200024150;0;7;0;0;2;7;1;B01
201200024151;0;7;0;0;2;1;0;B01
201200024151;0;7;0;0;2;0;0;A01
201200024152;0;7;0;0;2;4;1;B01
201200024152;0;7;0;0;2;1;1;A01
201200024153;0;7;0;0;0;0;0;A01
201200024154;0;33;0;0;2;1;1;B01
201200024154;0;7;0;0;2;8;15;A01
201200024155;0;33;0;0;2;0;0;A01
201200024155;1;7;0;0;2;0;0;Z01
201200024156;0;7;0;0;2;7;16;B01
201200024156;0;32;0;0;2;1;1;A01
201200024157;0;7;0;0;2;1;1;B01
201200024157;0;7;0;0;2;7;1;A01
201200024158;0;7;0;0;2;0;0;B01
201200024158;0;7;0;0;2;0;0;A01
201200024159;0;7;0;0;1;2;1;A01
201200024160;0;7;0;0;1;1;24;A01
201200024161;0;7;0;0;2;8;15;B01
201200024161;0;33;0;0;2;1;17;A01
201200024162;0;7;0;0;2;0;0;B01
201200024162;0;7;0;0;2;0;0;A01
201200024163;0;30;0;0;2;3;1;B01
201200024163;0;7;0;0;2;7;12;A01
201200024164;0;33;0;0;2;1;1;A01
201200024165;0;33;0;0;2;6;0;B01
201200024165;0;7;0;0;2;0;0;Z01
201200024166;0;7;0;0;2;1;0;A01
201200024167;0;2;0;0;2;1;1;B01
201200024167;0;7;0;0;2;2;16;A01
201200024168;0;7;0;0;2;4;23;B01
201200024168;0;7;0;0;2;1;1;A01
201200024169;0;30;0;0;1;0;0;A01
201200024170;0;33;0;0;0;1;1;A01
201200024171;0;7;0;0;2;1;1;C01
201200024171;0;7;0;0;2;4;23;A01
201200024171;0;7;0;0;2;4;23;B01
201200024172;0;7;0;0;2;1;1;A01
201200024172;0;7;0;0;2;8;1;B01
201200024173;0;2;0;0;2;1;1;B01
201200024173;0;7;0;0;2;4;4;A01
201200024174;0;2;0;0;0;0;0;B01
201200024174;0;7;0;0;0;0;0;A01
201200024175;0;7;0;0;2;4;0;C01
201200024175;0;33;0;0;2;4;0;B01
201200024175;0;7;0;0;2;1;0;A01
201200024176;2;7;0;0;2;1;1;B01
201200024176;0;7;0;0;2;6;9;A01
201200024177;0;10;0;0;2;8;1;B01
201200024177;0;33;0;0;2;7;16;A01
201200024178;0;7;0;0;2;7;15;A01
201200024178;0;2;0;0;2;1;1;B01
201200024179;0;7;0;0;2;4;23;A01
201200024179;0;7;0;0;2;1;1;B01
201200024180;0;7;0;0;2;3;15;B01
201200024180;0;31;0;0;2;1;17;A01
201200024181;0;7;0;0;2;6;1;B01
201200024181;0;15;0;0;2;2;12;A01
201200024182;0;7;0;0;2;2;16;A01
201200024182;0;7;0;6;2;1;1;B01
201200024183;0;7;0;0;2;9;1;A01
201200024183;0;7;0;0;2;3;16;B01
201200024184;0;7;0;0;2;2;1;C01
201200024184;0;7;0;0;2;8;1;B01
201200024184;0;14;0;0;2;2;12;A01
201200024185;0;7;0;0;0;7;16;B01
201200024185;0;32;0;0;2;1;18;A01
201200024186;0;2;0;0;1;1;1;A01
201200024187;0;7;0;0;2;4;1;B01
201200024187;0;15;0;0;2;1;1;A01
201200024188;0;33;0;4;0;9;17;A01
201200024189;0;20;0;0;2;3;16;A01
201200024189;0;7;0;0;2;1;16;B01
201200024190;0;7;0;0;2;1;1;A01
201200024190;0;7;0;0;2;4;1;B01
201200024190;0;2;0;0;2;4;1;C01
201200024191;0;7;0;0;2;1;1;A01
201200024191;0;7;0;0;2;4;1;B01
201200024191;0;7;0;0;2;4;1;C01
201200024192;0;7;0;6;0;0;6;A01
201200024193;0;7;0;0;0;0;0;A01
201200024194;0;7;0;0;2;6;1;C01
201200024194;0;37;20;0;2;3;1;B01
201200024194;0;7;0;3;2;7;12;A01
201200024195;0;7;0;0;2;6;1;B01
201200024195;0;30;0;0;2;1;1;A01
201200024196;0;7;0;0;2;1;1;A01
201200024196;0;7;0;0;2;2;1;B01
201200024197;0;30;0;0;2;1;1;A01
201200024197;0;7;0;0;2;5;10;B01
201200024198;0;33;0;1;0;1;1;A01
201200024199;0;7;0;0;2;3;0;B01
201200024199;0;7;0;0;2;6;0;D01
201200024199;0;7;0;0;2;6;0;E01
201200024199;0;33;0;1;0;9;1;A01
201200024199;0;7;0;0;2;6;0;C01
201200024200;0;7;0;0;2;2;16;B01
201200024200;0;2;0;0;2;1;1;A01
201200024201;0;2;0;0;2;3;1;B01
201200024201;0;7;0;0;2;1;10;A01
201200024202;0;7;0;0;2;6;1;B01
201200024202;0;33;0;0;2;1;1;A01
201200024203;0;30;0;0;2;0;1;B01
201200024203;0;7;0;0;2;2;15;A01
201200024204;0;7;0;0;1;1;1;A01
201200024205;0;33;0;0;2;3;1;B01
201200024205;0;7;0;0;2;3;15;A01
201200024206;0;7;0;9;0;1;13;A01
201200024207;0;7;0;0;2;0;0;A01
201200024207;0;33;0;0;0;0;0;B01
201200024208;0;7;0;0;2;1;1;B01
201200024208;0;7;0;0;2;1;15;A01
201200024209;0;33;0;4;0;1;17;A01
201200024210;0;7;0;0;1;0;1;A01
201200024211;0;7;0;0;2;1;2;C01
201200024211;0;7;0;0;2;1;1;A01
201200024211;0;7;0;0;2;5;1;B01
201200024212;0;33;0;0;2;8;1;A01
201200024212;0;7;0;0;2;2;16;B01
201200024213;0;7;0;0;2;0;0;A01
201200024213;0;38;1;0;2;0;0;B01
201200024214;0;7;0;0;2;6;1;C01
201200024214;0;7;0;0;2;4;1;G02
201200024214;0;7;0;0;2;4;23;B01
201200024214;0;7;0;0;2;1;1;A01
201200024214;0;7;0;0;2;6;1;D01
201200024214;0;7;0;0;2;8;1;F02
201200024214;0;7;0;0;2;4;1;E01
201200024215;0;10;0;0;2;1;0;C01
201200024215;0;7;0;0;2;1;0;A01
201200024215;0;7;0;0;0;0;0;B01
201200024216;0;7;0;0;2;4;1;B01
201200024216;0;7;0;0;2;4;1;C01
201200024216;0;33;0;0;2;1;9;A01
201200024217;0;1;0;0;2;1;1;B01
201200024217;0;7;0;0;2;2;9;A01
201200024218;0;1;0;0;2;1;1;A01
201200024218;0;33;0;0;2;3;1;B01
201200024219;0;31;0;0;2;1;1;B01
201200024219;0;7;0;0;2;8;13;A01
201200024220;0;7;0;0;0;0;0;A01
201200024220;0;7;0;0;2;0;0;B01
201200024221;0;7;0;0;0;0;0;A01
201200024222;0;33;0;0;2;1;1;B01
201200024222;0;7;0;0;0;0;0;A01
201200024223;0;2;0;0;1;0;1;A01
201200024224;1;30;0;0;2;0;2;Z01
201200024224;0;1;0;0;2;4;1;B01
201200024225;0;10;0;0;1;0;0;A01
201200024226;0;30;0;0;0;0;0;A01
201200024227;0;7;0;0;1;0;1;A01
201200024228;0;17;0;0;2;2;12;A01
201200024228;0;7;0;0;2;0;1;B01
201200024228;0;7;0;0;2;1;1;C01
201200024229;0;2;0;0;2;1;1;B01
201200024229;0;7;0;0;2;7;9;A01
201200024230;0;7;0;0;2;6;9;B01
201200024230;0;7;0;0;2;2;1;A01
201200024231;0;7;0;0;2;0;0;A01
201200024231;0;7;0;0;2;0;0;C01
201200024231;0;7;0;0;2;0;0;B01
201200024232;0;33;0;12;0;9;1;A01
201200024233;0;7;0;0;2;1;1;A01
201200024233;0;7;0;0;2;2;1;B01
201200024234;0;33;0;0;2;1;18;A01
201200024234;0;7;0;0;2;2;1;B01
201200024235;0;7;0;0;0;0;0;B01
201200024235;0;7;0;0;0;0;0;A01
201200024236;0;7;0;0;1;0;1;A01
201200024237;0;10;0;0;0;0;1;A01
201200024237;0;33;0;0;0;0;0;B01
201200024238;1;7;0;0;1;0;0;Z01
201200024239;0;7;0;0;1;0;0;A01
201200024240;0;31;0;0;2;1;17;B01
201200024240;0;7;0;0;2;3;15;A01
201200024241;0;2;0;0;2;1;0;A01
201200024241;0;33;0;0;2;0;0;B01
201200024242;0;7;0;0;1;2;1;A01
201200024243;0;31;0;0;1;0;0;A01
201200024244;0;7;0;0;2;5;15;A01
201200024244;0;2;0;0;2;7;1;B01
201200024245;0;7;0;0;2;5;0;B01
201200024245;0;7;0;0;2;2;0;A01
201200024246;0;7;0;0;2;2;1;A01
201200024246;0;1;0;0;2;1;1;B01
201200024247;0;33;0;0;1;1;21;A01
201200024248;0;7;0;0;2;1;1;A01
201200024248;0;2;0;0;2;4;1;B01
201200024249;0;33;0;0;0;0;0;A01
201200024249;0;7;0;0;2;4;15;B01
201200024250;1;7;0;0;2;1;1;Z01
201200024250;0;7;0;0;2;3;9;A01
201200024251;0;7;0;1;0;1;0;A01
201200024251;0;7;0;0;2;3;0;C01
201200024251;0;7;0;0;2;7;0;B01
201200024252;0;30;0;0;1;0;1;A01
201200024253;0;7;0;0;1;0;1;A01
201200024254;0;7;0;0;2;2;17;A01
201200024254;0;7;0;0;2;3;0;B01
201200024255;0;33;0;0;2;3;1;B01
201200024255;0;7;0;0;2;8;11;A01
201200024256;0;2;0;0;2;1;17;A01
201200024256;0;7;0;0;2;0;1;B01
201200024257;0;7;0;0;2;1;1;B01
201200024257;0;7;0;0;2;4;1;A01
201200024258;0;7;0;1;1;0;0;A01
201200024259;1;7;0;0;1;0;0;Z01
201200024260;0;30;0;0;2;7;1;A01
201200024260;0;7;0;0;2;7;9;B01
201200024261;0;10;0;0;2;7;1;B01
201200024261;0;7;0;0;2;8;0;A01
201200024262;0;7;0;0;2;0;2;B01
201200024262;0;7;0;0;2;0;1;C01
201200024262;0;7;0;0;2;1;2;A01
201200024263;0;7;0;0;2;1;1;A01
201200024263;0;7;0;0;2;4;1;C01
201200024263;0;7;0;0;2;4;1;B01
201200024264;0;7;0;0;2;1;0;A01
201200024264;0;7;0;0;2;3;0;B01
201200024265;0;31;0;0;2;1;1;A01
201200024265;0;7;0;0;2;4;1;B01
201200024266;0;7;0;0;2;1;0;B01
201200024266;0;7;0;0;2;4;0;C01
201200024266;0;7;0;0;2;1;0;A01
201200024267;0;7;0;0;2;1;1;B01
201200024267;0;7;0;0;2;5;1;A01
201200024267;0;7;0;0;2;1;1;C01
201200024268;0;7;0;0;0;9;0;A01
201200024269;0;7;0;0;2;0;0;B01
201200024269;0;30;0;0;2;1;0;A01
201200024270;0;7;0;0;1;0;0;A01
201200024271;0;31;0;0;0;0;0;B01
201200024271;0;7;0;0;2;0;0;A01
201200024272;0;7;0;0;0;0;0;A01
201200024272;0;31;0;0;2;1;0;B01
201200024273;0;7;0;0;2;3;0;A01
201200024273;0;33;0;0;2;0;0;B01
201200024274;0;7;0;0;2;2;16;A01
201200024274;0;30;0;0;2;3;1;B01
201200024275;0;1;0;0;1;0;1;A01
201200024276;0;7;0;0;2;1;1;A01
201200024276;0;33;0;0;2;6;24;B01
201200024277;0;7;0;4;0;9;1;A01
201200024278;0;7;0;0;2;1;0;A01
201200024278;0;7;0;0;2;4;0;B01
201200024279;0;7;0;0;2;1;1;B01
201200024279;0;7;0;8;2;2;9;A01
201200024280;0;31;0;0;2;3;0;B01
201200024280;0;7;0;0;2;1;9;A01
201200024281;0;7;0;0;2;1;0;B01
201200024281;0;15;0;0;2;2;1;A01
201200024281;0;15;0;0;2;4;0;C01
201200024281;0;17;0;0;2;1;0;D01
201200024282;0;31;0;0;0;7;1;A01
201200024283;0;7;0;0;2;2;0;B01
201200024283;0;30;0;0;2;1;0;A01
201200024284;0;7;0;0;1;3;1;A01
201200024285;0;7;0;0;2;7;1;A01
201200024285;0;1;0;0;2;1;1;B01
201200024286;0;33;0;0;2;1;1;B01
201200024286;0;7;0;0;2;5;10;A01
201200024287;0;7;0;0;2;1;0;A01
201200024287;0;1;0;0;2;8;0;B01
201200024288;0;7;0;0;2;1;1;A01
201200024288;0;7;0;0;2;5;1;B01
201200024289;0;7;0;0;2;8;1;A01
201200024289;0;7;0;0;2;4;1;C01
201200024289;0;7;0;0;2;3;1;B01
201200024290;0;7;0;0;2;0;0;B01
201200024290;0;7;0;0;2;1;0;A01
201200024291;0;7;0;0;2;4;1;D01
201200024291;0;7;0;0;2;4;1;C01
201200024291;0;7;0;0;2;1;1;A01
201200024291;0;7;0;0;2;4;1;B01
201200024292;0;33;0;0;2;8;1;B01
201200024292;0;7;0;0;2;2;0;A01
201200024293;0;7;0;14;0;1;0;A01
201200024294;0;7;0;0;2;5;2;B01
201200024294;0;7;0;0;2;3;2;A01
201200024295;0;14;0;0;2;2;0;B01
201200024295;0;7;0;0;2;6;0;A01
201200024296;0;7;0;0;2;9;1;B01
201200024296;0;37;6;0;2;1;1;C01
201200024296;0;7;0;0;2;1;0;A01
201200024297;0;7;0;0;2;0;0;B01
201200024297;0;33;0;0;2;0;0;A01
201200024298;0;7;0;0;2;1;1;B01
201200024298;0;7;0;0;2;4;1;C01
201200024298;0;14;0;0;2;3;1;A01
201200024299;0;7;0;0;1;0;1;A01
201200024300;0;33;0;0;2;1;0;A01
201200024300;0;1;0;0;2;7;0;B01
201200024301;0;30;0;0;2;8;0;B01
201200024301;0;10;0;0;2;2;0;A01
201200024302;0;7;0;0;2;0;0;B01
201200024302;0;30;0;0;2;0;0;A01
201200024303;0;32;0;0;0;0;0;A01
201200024304;0;33;0;0;2;2;1;B01
201200024304;0;7;0;0;2;3;15;A01
201200024305;0;33;0;0;2;8;1;A01
201200024305;0;17;0;0;2;4;23;B01
201200024306;0;33;0;0;2;0;0;B01
201200024306;0;7;0;0;2;0;0;A01
201200024307;1;7;0;0;1;0;1;A01
201200024308;0;1;0;0;2;1;0;B01
201200024308;0;7;0;0;2;3;0;A01
201200024309;0;1;0;0;0;0;1;A01
201200024310;0;33;0;0;1;8;8;A01
201200024311;0;33;0;0;2;1;0;A01
201200024311;0;7;0;0;2;6;0;B01
201200024312;0;7;0;4;0;9;1;A01
201200024313;0;7;0;0;2;1;17;A01
201200024313;0;7;0;0;2;4;15;B01
201200024314;0;7;0;0;1;0;0;A01
201200024315;0;31;0;0;2;1;1;A01
201200024316;0;2;0;0;2;8;1;B01
201200024316;0;7;0;0;2;1;1;A01
201200024317;0;7;0;0;1;0;0;A01
201200024318;0;30;0;0;0;1;1;A01
201200024318;1;33;0;0;2;0;0;Z01
201200024319;0;7;0;0;2;8;13;B01
201200024319;0;14;0;0;2;2;13;A01
201200024319;0;33;0;0;2;1;1;D01
201200024319;0;7;0;0;2;4;1;C01
201200024320;0;7;0;0;2;3;15;B01
201200024320;0;33;0;0;2;1;1;A01
201200024321;0;30;0;0;2;0;0;A01
201200024321;1;7;0;0;2;0;0;Y01
201200024322;0;7;0;1;2;0;0;C01
201200024322;0;32;0;0;2;0;0;A01
201200024322;0;7;0;0;0;0;0;B01
201200024323;0;14;0;4;2;1;21;A01
201200024323;0;7;0;0;2;5;1;B01
201200024324;0;7;0;0;1;1;1;A01
201200024325;0;7;0;0;0;0;0;A01
201200024326;0;7;0;0;2;7;0;B01
201200024326;0;32;0;0;2;1;0;A01
201200024327;0;7;0;0;2;8;1;A01
201200024327;0;33;0;0;2;0;1;B01
201200024328;0;1;0;0;2;0;0;B01
201200024328;0;7;0;0;2;0;0;A01
201200024329;0;7;0;0;2;2;1;A01
201200024329;0;7;0;0;2;6;16;B01
201200024330;0;7;0;0;2;1;0;A01
201200024330;0;7;0;0;2;0;0;B01
201200024331;0;7;0;0;2;7;16;A01
201200024331;0;32;0;0;2;6;1;B01
201200024332;0;7;0;5;0;1;1;A01
201200024333;0;30;0;14;0;1;1;A01
201200024334;0;7;0;0;2;8;15;A01
201200024334;0;30;0;0;2;1;1;B01
201200024335;0;33;0;0;2;3;1;A01
201200024335;0;7;0;0;2;4;1;B01
201200024336;0;33;0;8;2;1;1;A01
201200024336;0;7;0;0;2;5;4;B01
201200024337;1;7;0;0;2;1;1;Z01
201200024337;0;33;0;0;2;8;1;A01
201200024338;0;7;0;0;2;2;15;A01
201200024338;0;33;0;0;2;1;1;B01
201200024339;0;7;0;0;2;4;1;B01
201200024339;0;7;0;0;2;0;1;A01
201200024340;0;7;0;0;2;8;0;A01
201200024340;0;32;0;0;2;1;1;B01
201200024341;0;31;0;0;2;4;2;B01
201200024341;0;7;0;0;2;1;1;A01
201200024342;0;33;0;0;0;7;1;A01
201200024343;0;1;0;0;2;4;1;B01
201200024343;0;7;0;0;2;1;9;A01
201200024344;0;7;0;0;1;1;16;A01
201200024345;0;7;0;0;2;1;1;A01
201200024345;0;7;0;0;2;7;10;B01
201200024346;0;7;0;0;2;3;0;B01
201200024346;0;7;0;0;2;2;1;A01
201200024347;0;7;0;0;2;2;1;B01
201200024347;0;30;0;0;2;1;1;A01
201200024348;0;7;0;0;2;3;1;B01
201200024348;0;7;0;0;2;3;5;A01
201200024349;0;7;0;2;2;8;1;A01
201200024349;0;7;0;0;2;3;1;C01
201200024349;0;7;0;0;2;5;1;B01
201200024350;0;34;0;0;2;0;0;B01
201200024350;0;7;0;0;2;3;15;A01
201200024351;0;2;0;0;2;1;1;B01
201200024351;0;7;0;0;2;5;15;A01
201200024352;0;7;0;6;0;1;1;A01
201200024353;0;7;0;0;2;1;17;A01
201200024353;0;7;0;0;2;1;1;B01
201200024354;0;7;0;0;1;0;1;A01
201200024355;0;7;0;0;2;0;0;B01
201200024355;0;7;0;0;2;0;0;A01
201200024356;0;7;0;0;2;3;1;A01
201200024356;0;1;0;0;2;4;1;B01
201200024357;0;31;0;0;2;0;0;B01
201200024357;0;7;0;0;2;7;0;A01
201200024358;0;7;0;0;2;2;1;B01
201200024358;0;2;0;0;2;1;15;A01
201200024359;0;7;0;0;1;2;0;A01
201200024360;0;33;0;0;0;1;1;A01
201200024361;0;7;0;0;2;1;0;A01
201200024361;0;30;0;0;2;1;0;B01
201200024362;0;7;0;0;2;8;9;A01
201200024362;0;33;0;0;2;1;1;B01
201200024363;0;1;0;0;0;0;0;A01
201200024364;0;30;0;0;2;1;17;A01
201200024364;0;7;0;0;2;3;0;B01
201200024365;0;2;0;0;1;1;1;A01
201200024366;0;1;0;0;2;1;0;B01
201200024366;0;7;0;0;2;1;0;A01
201200024367;0;37;1;0;2;3;15;A01
201200024367;0;31;0;0;2;6;1;B01
201200024368;0;31;0;0;2;1;0;B01
201200024368;0;10;0;0;2;6;0;A01
201200024369;0;7;0;0;2;3;9;B01
201200024369;0;2;0;0;2;1;1;A01
201200024370;0;31;0;0;2;1;0;A01
201200024370;0;1;0;0;2;0;0;B01
201200024371;0;30;0;0;2;1;0;B01
201200024371;0;7;0;0;2;8;0;A01
201200024372;0;7;0;0;2;1;1;A01
201200024372;0;7;0;0;2;1;1;B01
201200024373;0;30;0;0;2;7;1;A01
201200024373;0;7;0;0;2;3;1;C01
201200024373;0;33;0;0;2;2;1;B01
201200024374;0;10;0;0;2;0;0;C01
201200024374;0;7;0;0;2;4;0;B01
201200024374;0;7;0;0;2;1;0;A01
201200024374;0;7;0;0;2;0;0;E01
201200024374;0;7;0;0;2;4;0;D01
201200024375;1;7;0;0;2;0;0;Z01
201200024375;0;31;0;0;2;8;1;A01
201200024376;0;36;0;1;0;1;0;A01
201200024377;0;7;0;0;2;0;0;A01
201200024378;0;7;0;0;2;1;15;B01
201200024378;0;31;0;0;2;1;1;A01
201200024379;0;7;0;0;1;0;0;A01
201200024380;0;7;0;0;1;2;1;A01
201200024381;0;7;0;0;2;1;16;A01
201200024381;0;33;0;0;2;8;1;B01
201200024382;0;32;0;0;2;0;0;A01
201200024382;0;7;0;0;2;0;0;B01
201200024383;0;7;0;0;2;4;16;A01
201200024383;0;7;0;0;2;1;1;B01
201200024384;0;31;0;0;2;2;1;A01
201200024384;0;7;0;0;2;3;15;B01
201200024385;0;7;0;0;2;7;2;C01
201200024385;0;7;0;0;2;8;1;D01
201200024385;0;7;0;0;2;4;2;B01
201200024385;0;7;0;0;2;1;1;A01
201200024386;0;7;0;0;2;2;1;B01
201200024386;0;7;0;0;2;6;13;A01
201200024387;0;30;0;0;2;2;13;A01
201200024387;0;7;0;0;2;3;1;B01
201200024388;0;7;0;0;2;0;0;A01
201200024388;0;14;0;0;2;0;0;B01
201200024389;0;7;0;0;1;1;20;A01
201200024390;0;7;0;0;0;0;0;A01
201200024391;0;33;0;0;2;0;1;B01
201200024391;0;33;0;0;2;0;15;A01
201200024392;0;1;0;0;0;7;0;A01
201200024392;1;7;0;0;9;0;1;Z01
201200024393;1;7;0;0;2;3;15;Z01
201200024393;0;2;0;0;2;7;1;A01
201200024394;0;1;0;0;0;0;0;A01
201200024395;0;10;0;0;1;0;0;A01
201200024396;0;7;0;0;2;4;1;B01
201200024396;2;7;0;0;2;1;1;A01
201200024397;0;31;0;0;2;7;1;B01
201200024397;0;7;0;0;2;8;10;A01
201200024398;0;7;0;0;2;8;15;A01
201200024398;0;30;0;0;2;1;13;B01
201200024399;0;33;0;0;2;1;0;A01
201200024399;0;32;0;0;2;0;0;B01
201200024400;0;7;0;0;2;0;17;A01
201200024400;0;30;0;0;2;0;15;B01
201200024400;0;7;0;0;2;0;1;C01
201200024401;0;7;0;0;1;2;1;A01
201200024402;0;31;0;0;0;0;0;A01
201200024403;0;7;0;0;2;0;0;A01
201200024403;0;32;0;0;0;0;0;B01
201200024404;0;7;0;0;2;4;1;B01
201200024404;0;7;0;0;2;1;1;A01
201200024405;0;37;1;0;1;2;1;A01
201200024406;0;7;0;0;1;2;1;A01
201200024407;0;7;0;0;1;1;1;A01
201200024408;0;30;0;0;2;1;1;B01
201200024408;0;7;0;0;2;1;15;A01
201200024409;0;33;0;0;2;0;0;A01
201200024409;0;7;0;0;2;3;1;C01
201200024409;0;33;0;0;2;0;0;B01
201200024410;0;33;0;0;2;0;0;B01
201200024410;0;33;0;0;2;0;0;A01
201200024411;0;7;0;0;0;0;0;C01
201200024411;0;7;0;0;2;1;0;B01
201200024411;0;7;0;0;0;0;0;A01
201200024412;0;7;0;0;1;0;0;A01
201200024413;0;1;0;0;2;1;1;B01
201200024413;0;7;0;0;2;1;1;A01
201200024414;0;1;0;0;2;0;0;B01
201200024414;0;7;0;0;0;0;0;A01
201200024415;1;7;0;0;2;0;0;Z01
201200024415;0;3;0;0;0;0;0;B01
201200024416;0;7;0;0;2;5;15;A01
201200024416;0;7;0;0;2;1;1;B01
201200024417;1;7;0;0;1;0;1;Z01
201200024418;0;7;0;0;0;3;0;B01
201200024418;0;33;0;0;2;1;21;A01
201200024418;1;7;0;0;2;5;13;Z01
201200024419;0;7;0;0;2;4;1;B01
201200024419;0;7;0;0;2;1;1;A01
201200024420;0;7;0;0;2;1;0;A01
201200024420;0;31;0;0;0;8;1;B01
201200024421;0;7;0;1;2;1;1;A01
201200024421;0;7;0;0;2;4;1;B01
201200024422;0;32;0;0;2;0;0;A01
201200024422;0;7;0;0;2;0;0;B01
201200024423;0;7;0;0;1;2;1;A01
201200024424;0;10;0;0;2;0;0;C01
201200024424;0;32;0;0;0;0;0;A01
201200024424;0;7;0;0;2;0;0;B01
201200024425;1;7;0;0;0;0;0;Z01
201200024425;0;32;0;0;0;0;0;A01
201200024426;0;10;0;0;2;4;0;B01
201200024426;0;7;0;0;2;3;0;C01
201200024426;0;7;0;0;2;1;0;A01
201200024427;0;7;0;0;0;0;0;A01
201200024427;0;33;0;0;2;0;0;B01
201200024428;0;7;0;0;2;0;0;B01
201200024428;0;33;0;0;2;0;0;A01
201200024429;0;33;0;0;2;8;23;B01
201200024429;0;10;0;0;2;2;2;A01
201200024430;0;14;0;0;0;1;0;A01
201200024430;0;7;0;0;2;0;0;B01
201200024431;0;33;0;0;2;1;0;A01
201200024431;0;7;0;0;2;1;0;B01
201200024432;0;7;0;0;0;0;0;A01
201200024432;0;1;0;0;2;0;0;B01
201200024433;0;10;0;0;2;0;0;A01
201200024433;0;33;0;0;0;0;0;B01
201200024434;0;2;0;0;2;3;1;B01
201200024434;1;7;0;0;2;0;15;Z01
201200024435;0;14;0;0;2;1;16;A01
201200024436;0;7;0;0;1;8;1;A01
201200024437;0;7;0;0;2;0;0;A01
201200024437;0;33;0;0;2;1;0;B01
201200024438;0;7;0;0;2;1;0;A01
201200024438;0;30;0;0;2;1;0;C01
201200024438;0;7;0;0;2;1;0;B01
201200024439;0;7;0;4;0;9;1;A01
201200024440;0;7;0;0;2;8;1;B01
201200024440;0;14;0;0;2;2;12;A01
201200024441;0;1;0;0;2;1;7;B01
201200024441;0;7;0;0;2;4;4;A01
201200024442;0;33;0;0;2;2;1;A01
201200024442;0;7;0;0;2;1;16;B01
201200024443;0;33;0;0;2;1;1;B01
201200024443;0;7;0;0;2;1;15;A01
201200024444;2;7;0;0;0;0;0;A01
201200024445;0;7;0;0;0;2;24;B01
201200024445;0;10;0;0;1;4;0;A01
201200024446;1;7;0;0;1;0;0;Z01
201200024447;0;7;0;0;2;0;0;A01
201200024447;0;2;0;0;2;0;0;B01
201200024448;0;7;0;0;2;0;11;A01
201200024448;0;33;0;0;2;0;1;B01
201200024449;0;7;0;0;1;2;1;A01
201200024450;0;7;0;0;1;1;1;A01
201200024451;0;33;0;0;2;0;0;A01
201200024451;0;7;0;0;2;0;0;B01
201200024452;0;7;0;0;2;0;0;A01
201200024452;0;31;0;0;2;0;0;B01
201200024453;0;7;0;0;1;1;0;A01
201200024454;0;7;0;0;0;1;0;A01
201200024455;0;7;0;0;0;0;0;B01
201200024455;0;7;0;0;0;0;0;A01
201200024456;0;1;0;0;2;0;0;A01
201200024456;0;7;0;0;2;0;0;B01
201200024457;0;30;0;0;2;1;1;B01
201200024457;0;7;0;0;2;2;15;A01
201200024458;0;7;0;0;2;1;0;B01
201200024458;0;7;0;0;2;0;0;A01
201200024459;0;2;0;0;2;1;1;A01
201200024459;0;7;0;0;2;2;16;B01
201200024460;0;7;0;0;2;1;0;B01
201200024460;0;7;0;0;2;1;0;A01
201200024461;0;7;0;0;2;3;0;B01
201200024461;0;7;0;1;2;2;17;A01
201200024462;0;7;0;0;2;8;19;A01
201200024462;0;33;0;0;2;1;0;B01
201200024463;0;31;0;0;2;1;0;B01
201200024463;0;31;0;0;2;5;0;A01
201200024464;0;10;0;0;1;1;0;A01
201200024465;0;33;0;0;2;1;1;B01
201200024465;0;7;0;0;2;3;15;A01