num_acc;senc;catv;occutc;obs;obsm;choc;manv;num_veh
201200024466;0;7;0;0;2;4;1;B01
201200024466;1;7;0;0;2;1;1;A01
201200024467;0;7;0;0;2;1;13;A01
201200024467;0;7;0;0;2;1;1;B01
201200024468;0;7;0;0;2;3;13;A01
201200024468;0;7;0;0;2;1;1;B01
201200024469;0;7;0;0;2;1;1;A01
201200024469;0;7;0;0;2;1;1;B01
201200024469;0;7;0;0;2;4;1;C01
201200024469;0;7;0;0;2;4;1;D01
201200024470;0;7;0;0;2;7;15;A01
201200024470;0;33;0;0;2;8;1;B01
201200024471;0;7;0;0;2;0;1;B01
201200024471;0;7;0;0;2;4;23;A01
201200024472;0;31;0;0;2;2;15;A01
201200024472;0;7;0;0;2;1;1;B01
201200024473;0;34;0;0;0;0;0;A01
201200024474;0;2;0;0;2;1;1;B01
201200024474;0;7;0;0;2;1;15;A01
201200024475;0;7;0;9;0;1;1;A01
201200024476;0;33;0;0;2;1;1;B01
201200024476;0;7;0;0;2;7;15;A01
201200024477;0;7;0;0;2;1;2;A01
201200024477;0;7;0;0;2;4;1;B01
201200024477;0;7;0;0;2;4;1;C01
201200024478;0;33;0;0;2;1;2;A01
201200024478;0;10;0;0;2;6;12;B01
201200024479;0;7;0;0;1;1;1;A01
201200024480;0;7;0;0;2;0;1;G01
201200024480;0;7;0;0;2;1;1;E01
201200024480;0;7;0;0;2;1;1;B01
201200024480;0;7;0;0;2;7;1;F01
201200024480;0;7;0;0;2;8;1;D02
201200024480;0;7;0;0;2;1;1;A02
201200024480;0;7;0;0;2;1;1;C01
201200024481;0;7;0;0;2;6;1;B01
201200024481;0;33;0;0;2;2;1;A01
201200024482;0;7;0;1;0;9;13;A01
201200024483;0;7;0;0;2;1;1;A01
201200024483;1;7;0;0;0;0;0;Z01
201200024484;0;7;0;0;1;2;1;A01
201200024485;0;33;0;0;2;1;2;B01
201200024485;0;7;0;0;2;4;2;A01
201200024486;0;30;0;0;2;1;15;A01
201200024486;0;7;0;0;2;3;1;B01
201200024487;0;7;0;0;2;2;16;A01
201200024487;0;31;0;0;2;8;1;B01
201200024488;0;15;0;0;2;2;2;B01
201200024488;0;7;0;0;2;6;2;A01
201200024489;0;7;0;0;2;2;17;B01
201200024489;0;7;0;0;2;9;13;A01
201200024490;0;7;0;0;2;1;0;A01
201200024490;0;31;0;0;0;0;0;B01
201200024491;0;7;0;0;1;1;1;A01
201200024492;0;32;0;0;2;0;0;A01
201200024492;0;7;0;0;2;0;0;B01
201200024493;0;1;0;0;2;0;0;B01
201200024493;0;7;0;0;2;0;0;A01
201200024494;0;2;0;0;2;4;2;B01
201200024494;0;7;0;0;2;1;2;A01
201200024495;0;33;0;0;2;1;0;A01
201200024495;0;7;0;0;2;0;0;B01
201200024495;0;33;0;0;0;0;6;C01
201200024496;0;30;0;0;0;0;0;A01
201200024496;0;7;0;0;2;0;0;B01
201200024497;0;7;0;0;0;0;0;A01
201200024498;0;7;0;0;1;2;15;A01
201200024499;0;7;0;0;2;1;2;A01
201200024499;0;7;0;0;2;9;2;B01
201200024499;0;7;0;0;2;4;2;C01
201200024500;0;33;0;0;2;1;2;A01
201200024500;0;7;0;0;2;5;2;B01
201200024501;0;7;0;0;2;9;2;B01
201200024501;0;7;0;0;2;4;2;C01
201200024501;0;10;0;0;2;1;2;A01
201200024501;0;7;0;0;2;5;2;D01
201200024502;0;7;0;0;2;0;0;A01
201200024502;0;7;0;0;2;0;0;C01
201200024502;0;33;0;0;2;0;0;B01
201200024503;0;30;0;0;2;1;11;A01
201200024503;0;7;0;0;2;1;23;B01
201200024504;0;7;0;0;2;1;0;A01
201200024504;0;33;0;0;2;0;0;B01
201200024505;0;2;0;0;2;1;5;A01
201200024505;0;7;0;0;2;6;1;B01
201200024506;1;7;0;0;2;0;0;Z01
201200024506;0;31;0;0;2;0;0;B01
201200024507;0;30;0;0;0;0;0;A01
201200024508;0;7;0;0;2;2;11;B01
201200024508;0;33;0;0;2;1;1;A01
201200024509;0;7;0;0;0;0;0;B01
201200024509;0;33;0;0;2;1;0;A01
201200024510;0;7;0;0;2;4;2;D01
201200024510;0;7;0;0;2;9;3;A01
201200024510;0;7;0;0;2;9;2;C01
201200024510;0;7;0;0;2;1;1;B01
201200024511;0;3;0;0;1;3;1;A01
201200024512;0;33;0;0;2;8;1;B01
201200024512;0;7;0;8;2;1;15;A01
201200024513;0;30;0;0;1;0;2;A01
201200024514;0;7;0;0;2;1;0;B01
201200024514;2;7;0;0;2;2;13;Z01
201200024515;0;37;1;0;2;5;2;C01
201200024515;0;7;0;0;2;4;2;B01
201200024515;0;7;0;0;2;9;2;A01
201200024516;0;7;0;0;1;1;0;A01
201200024517;0;30;0;0;2;1;0;B01
201200024517;0;14;0;0;2;4;2;A01
201200024518;0;7;0;0;2;4;2;A01
201200024518;0;7;0;0;2;1;2;B01
201200024519;0;7;0;0;2;3;15;A01
201200024519;0;31;0;0;2;1;1;B01
201200024520;0;7;0;0;2;4;2;B01
201200024520;0;14;0;0;2;2;2;A01
201200024521;0;7;0;0;1;1;1;A01
201200024522;0;37;1;0;1;5;1;A01
201200024523;0;7;0;0;2;0;0;A01
201200024524;0;7;0;0;1;0;1;A01
201200024525;0;33;0;0;2;3;1;B01
201200024525;0;7;0;0;2;5;12;A01
201200024526;0;7;0;0;2;0;0;C01
201200024526;0;7;0;0;2;0;0;A01
201200024526;0;7;0;0;2;0;0;B01
201200024527;0;33;0;8;0;0;0;A01
201200024528;0;32;0;0;2;8;13;B01
201200024528;0;7;0;0;2;3;13;A01
201200024529;0;1;0;0;1;1;0;A01
201200024530;0;7;0;0;2;6;0;C01
201200024530;0;7;0;0;2;4;0;B01
201200024530;0;7;0;0;2;1;0;A01
201200024531;0;7;0;0;1;1;0;A01
201200024532;0;2;0;0;1;1;0;A01
201200024533;0;32;0;0;0;0;0;B01
201200024533;0;7;0;0;0;0;0;A01
201200024534;0;1;0;0;2;1;1;B01
201200024534;0;7;0;0;2;3;0;A01
201200024535;0;7;0;3;0;9;2;A01
201200024536;0;10;0;0;2;0;0;B01
201200024536;0;7;0;0;2;1;0;A01
201200024536;0;7;0;0;2;0;0;C01
201200024537;0;2;0;0;2;1;1;A01
201200024537;0;7;0;0;2;2;15;B01
201200024538;0;7;0;4;0;9;1;A01
201200024539;0;7;0;0;0;0;0;A01
201200024540;0;7;0;0;2;0;0;B01
201200024540;0;10;0;0;0;0;0;C01
201200024540;0;7;0;0;0;0;0;A01
201200024541;0;7;0;0;2;0;0;C01
201200024541;0;7;0;0;2;0;0;B01
201200024541;0;7;0;0;0;0;0;A01
201200024542;0;7;0;0;1;0;0;A01
201200024543;0;7;0;0;1;0;15;A01
201200024544;0;32;0;0;2;1;1;B01
201200024544;0;37;1;0;2;2;1;A01
201200024545;0;7;0;0;2;8;11;A01
201200024545;0;33;0;0;2;1;1;B01
201200024546;0;7;0;0;2;9;1;B01
201200024546;0;7;0;0;2;1;1;A01
201200024547;0;7;0;0;2;2;1;B01
201200024547;0;1;0;0;2;1;19;A01
201200024548;1;7;0;0;2;0;2;Z01
201200024548;0;33;0;6;0;8;2;A01
201200024549;0;7;0;0;2;0;0;B01
201200024549;0;33;0;0;2;1;17;A01
201200024550;0;7;0;0;2;8;1;B01
201200024550;0;7;0;0;2;1;0;A01
201200024551;0;7;0;0;2;0;0;A01
201200024551;0;7;0;0;2;0;0;B01
201200024552;0;7;0;0;0;5;2;E01
201200024552;0;7;0;3;0;8;2;B01
201200024552;0;7;0;4;0;4;2;D01
201200024552;2;7;0;0;2;1;0;Z01
201200024552;0;7;0;3;2;0;2;C01
201200024553;0;7;0;0;2;0;0;A01
201200024553;0;33;0;0;2;0;0;B01
201200024554;0;7;0;0;0;0;0;A01
201200024554;0;7;0;0;2;0;0;B01
201200024555;0;34;0;0;2;9;2;B01
201200024555;0;7;0;0;2;3;1;A01
201200024556;0;30;0;8;0;9;2;A01
201200024557;0;7;0;0;1;2;1;A01
201200024558;0;7;0;0;2;8;13;A01
201200024558;0;7;0;0;2;1;1;B01
201200024559;0;7;0;0;1;4;2;B01
201200024559;0;7;0;0;2;1;2;A01
201200024560;0;30;0;0;1;1;1;A01
201200024561;0;7;0;0;2;2;1;C03
201200024561;0;7;0;0;2;3;5;A01
201200024561;0;7;0;0;2;8;1;B02
201200024562;0;7;0;0;2;3;15;B02
201200024562;0;30;0;0;2;1;17;A01
201200024563;0;7;0;0;2;3;1;B02
201200024563;0;7;0;0;2;3;13;A01
201200024564;0;7;0;2;0;1;16;A01
201200024565;0;7;0;2;0;1;14;A01
201200024566;0;7;0;0;2;2;1;A01
201200024566;0;2;0;0;2;3;19;B02
201200024567;0;14;0;0;1;4;4;A01
201200024568;0;38;1;9;2;3;21;B02
201200024568;0;33;0;0;2;1;13;A01
201200024569;0;7;0;13;6;2;1;A01
201200024570;0;7;0;0;2;1;1;B02
201200024570;0;7;0;0;2;6;15;A01
201200024571;0;7;0;0;1;2;1;A01
201200024572;0;7;0;0;2;3;1;A01
201200024572;0;7;0;0;2;3;1;B02
201200024572;0;7;0;0;2;8;1;C03
201200024573;0;7;0;0;2;4;0;A01
201200024573;0;7;0;0;2;1;0;B02
201200024573;0;15;0;0;2;0;0;C03
201200024574;0;7;0;0;9;1;1;A01
201200024574;0;7;0;0;9;1;1;B02
201200024575;0;17;0;0;0;0;0;A01
201200024576;0;7;0;5;5;1;0;A01
201200024577;0;17;0;0;0;4;1;A01
201200024577;0;7;0;0;2;1;2;B02
201200024577;0;7;0;14;0;1;1;C03
201200024577;0;7;0;14;0;1;1;D04
201200024577;0;7;0;3;0;1;1;E05
201200024578;0;7;0;0;2;1;1;A01
201200024578;0;7;0;0;2;4;1;B02
201200024578;0;7;0;0;0;5;1;C03
201200024578;0;7;0;0;0;5;0;D04
201200024578;0;7;0;0;0;7;0;E05
201200024578;0;7;0;0;2;2;1;F06
201200024578;0;7;0;0;0;4;0;G07
201200024578;0;7;0;0;0;6;0;H08
201200024578;0;7;0;0;0;5;0;I09
201200024578;0;7;0;0;0;4;0;J10
201200024578;0;7;0;0;0;3;1;K11
201200024578;0;7;0;0;0;3;1;L12
201200024578;0;7;0;0;0;3;0;M13
201200024578;0;7;0;0;2;1;1;N14
201200024578;0;7;0;0;0;6;1;O15
201200024578;0;7;0;0;0;3;1;P16
201200024578;0;7;0;0;0;2;1;Q17
201200024578;0;10;0;0;2;1;1;R18
201200024579;0;7;0;13;0;6;0;A01
201200024580;0;7;0;4;0;1;1;A01
201200024581;0;7;0;0;1;3;1;A01
201200024582;0;33;0;0;0;8;1;A01
201200024583;1;99;0;0;1;1;0;Z02
201200024584;0;10;0;0;1;1;15;A01
201200024585;0;30;0;0;2;8;13;A01
201200024585;0;7;0;0;2;8;1;B02
201200024586;0;7;0;0;2;5;15;A01
201200024586;0;7;0;0;2;1;1;B02
201200024587;0;10;0;0;2;1;1;B02
201200024587;0;7;0;2;0;1;17;A01
201200024588;0;7;0;0;2;3;1;B02
201200024588;0;38;0;0;2;8;1;C03
201200024588;0;7;0;0;2;3;11;A01
201200024589;0;7;0;3;0;2;1;A01
201200024590;0;7;0;2;0;4;1;A01
201200024591;0;7;0;0;1;7;16;A01
201200024592;0;14;0;0;1;1;1;A01
201200024593;0;7;0;0;1;2;1;A01
201200024594;0;7;0;0;1;7;1;A01
201200024595;0;7;0;3;0;1;13;A01
201200024596;0;10;0;0;2;1;17;A01
201200024596;0;7;0;13;2;1;1;B01
201200024597;0;7;0;0;1;1;1;A01
201200024598;0;7;0;0;2;7;17;A01
201200024598;0;30;0;13;2;8;1;B01
201200024599;0;7;0;13;0;1;14;A01
201200024600;0;7;0;0;2;3;13;A01
201200024600;0;30;0;0;2;1;1;B01
201200024601;0;7;0;0;2;1;2;A01
201200024601;0;7;0;0;2;4;1;B01
201200024602;0;7;0;6;0;1;19;A01
201200024603;0;1;0;0;2;8;2;B01
201200024603;0;7;0;0;2;2;2;A01
201200024604;0;7;0;0;2;3;1;C01
201200024604;0;7;0;0;2;1;5;A01
201200024604;0;7;0;0;2;1;1;B01
201200024605;0;7;0;0;2;3;15;B01
201200024605;0;30;0;0;2;2;17;A01
201200024606;0;7;0;0;1;1;1;A01
201200024607;0;7;0;0;2;3;9;A01
201200024607;0;30;0;0;2;1;1;B01
201200024608;0;7;0;0;2;2;15;B01
201200024608;0;2;0;0;2;1;18;A01
201200024609;0;30;0;0;2;2;17;B01
201200024609;0;7;0;0;2;3;15;A01
201200024610;0;7;0;0;2;7;0;A01
201200024610;0;7;0;0;2;3;1;B01
201200024611;0;30;0;0;2;7;1;B01
201200024611;0;10;0;0;2;7;15;A01
201200024612;0;7;0;0;0;1;13;A01
201200024612;0;10;0;0;0;1;21;B02
201200024613;0;7;0;0;1;1;1;A01
201200024614;0;7;0;2;0;1;1;A01
201200024615;0;14;0;0;0;1;17;A01
201200024616;0;7;0;0;0;4;2;B02
201200024616;0;7;0;0;2;1;2;A01
201200024617;0;7;0;0;2;7;1;B02
201200024617;0;7;0;0;2;7;19;A01
201200024618;0;2;0;1;0;1;14;A01
201200024619;0;7;0;0;2;1;17;A01
201200024619;0;7;0;0;2;4;1;B02
201200024619;0;15;0;0;2;2;1;C03
201200024620;0;7;0;0;2;2;13;A01
201200024620;0;14;0;0;2;2;1;B02
201200024621;0;7;0;6;0;0;1;A01
201200024622;0;7;0;13;0;1;1;A01
201200024623;0;1;0;6;0;0;1;A01
201200024624;0;10;0;0;1;1;1;A01
201200024625;0;10;0;0;2;2;19;B02
201200024625;0;7;0;0;2;1;1;A01
201200024626;0;7;0;0;2;1;1;B02
201200024626;0;7;0;0;2;1;13;A01
201200024627;0;7;0;6;0;2;1;A01
201200024628;0;21;0;0;2;6;15;B02
201200024628;0;7;0;0;2;2;17;A01
201200024629;0;32;0;0;2;3;1;B01
201200024629;0;7;0;0;2;2;9;A01
201200024630;0;10;0;0;1;7;1;A01
201200024631;0;1;0;0;2;7;0;B01
201200024631;0;7;0;0;2;2;1;A01
201200024632;0;1;0;0;2;1;1;A01
201200024632;0;7;0;0;0;2;1;B01
201200024633;0;7;0;0;2;3;0;A01
201200024633;0;7;0;0;2;3;1;B01
201200024634;0;7;0;0;1;4;4;A01
201200024635;0;7;0;0;2;4;1;B01
201200024635;0;7;0;0;2;1;1;A01
201200024636;0;7;0;0;1;5;1;A01
201200024637;0;7;0;0;2;1;1;A01
201200024637;0;7;0;0;2;4;1;B01
201200024637;0;7;0;0;2;5;1;C01
201200024638;0;7;0;0;1;1;1;A01
201200024639;0;7;0;0;2;2;15;A01
201200024639;0;2;0;0;2;1;17;B01
201200024640;0;7;0;0;1;3;15;A01
201200024641;0;7;0;0;2;7;1;A01
201200024641;0;2;0;0;2;8;18;B01
201200024642;0;7;0;0;2;8;15;B01
201200024642;0;33;0;0;2;1;17;A01
201200024643;0;7;0;0;2;1;1;A01
201200024643;0;7;0;0;2;4;23;B01
201200024644;0;7;0;0;2;8;15;A01
201200024644;0;2;0;0;2;1;17;B01
201200024645;0;7;0;0;2;4;2;B01
201200024645;0;10;0;0;2;1;2;A01
201200024646;0;7;0;0;2;3;1;A01
201200024646;0;2;0;0;2;1;15;B01
201200024647;0;1;0;0;1;1;1;A01
201200024648;0;7;0;0;2;3;15;A01
201200024648;0;31;0;0;0;6;1;B01
201200024649;0;1;0;0;0;1;1;A01
201200024649;0;7;0;0;2;2;1;B01
201200024650;0;7;0;0;1;2;1;A01
201200024651;0;7;0;0;0;3;1;B01
201200024651;0;2;0;0;2;1;17;A01
201200024652;0;7;0;0;0;0;16;A01
201200024652;0;2;0;0;2;1;1;B01
201200024653;0;7;0;0;2;1;1;A01
201200024653;0;7;0;2;0;1;1;B01
201200024654;0;7;0;0;2;1;1;A01
201200024654;0;1;0;0;0;1;1;B01
201200024655;0;7;0;0;1;1;1;A01
201200024656;0;7;0;0;2;1;2;A01
201200024656;0;10;0;0;2;4;2;D01
201200024656;0;7;0;0;2;4;2;C01
201200024656;0;3;0;0;2;4;2;B01
201200024657;0;31;0;15;0;1;1;A01
201200024658;0;30;0;0;2;1;2;A01
201200024658;0;7;0;0;2;4;2;B01
201200024659;0;7;0;0;2;4;1;B01
201200024659;0;7;0;0;0;4;1;D01
201200024659;0;7;0;0;2;4;1;C01
201200024659;0;7;0;0;2;1;1;A01
201200024660;0;1;0;0;0;1;1;B01
201200024660;0;7;0;0;2;3;14;A01
201200024661;0;30;0;0;2;8;15;A01
201200024661;0;7;0;0;2;1;1;B01
201200024662;0;10;0;0;1;3;15;A01
201200024663;0;7;0;0;1;1;1;A01
201200024664;0;7;0;1;0;3;13;A01
201200024665;0;1;0;0;2;4;15;A01
201200024665;0;7;0;0;2;1;1;B01
201200024666;0;7;0;0;2;2;1;B01
201200024666;0;7;0;0;2;3;16;A01
201200024667;0;30;0;0;1;1;1;A01
201200024668;0;33;0;8;2;1;13;A01
201200024668;0;7;0;0;2;7;1;B01
201200024669;0;33;0;5;0;9;1;A01
201200024670;0;7;0;0;2;6;1;B01
201200024670;0;31;0;0;2;1;1;A01
201200024671;0;7;0;0;2;1;16;A01
201200024671;0;1;0;0;2;1;19;B01
201200024672;0;7;0;0;2;3;10;A01
201200024672;0;32;0;0;2;1;1;B01
201200024673;1;1;0;0;0;0;0;Z01
201200024674;0;7;0;5;0;3;1;A01
201200024675;0;1;0;0;2;1;1;B01
201200024675;0;7;0;0;2;7;1;A01
201200024676;0;7;0;0;2;3;10;A01
201200024676;0;33;0;0;2;1;17;B01
201200024677;0;7;0;0;0;8;1;B01
201200024677;0;7;0;0;2;1;1;A01
201200024678;0;2;0;0;2;1;1;A01
201200024678;0;7;0;0;0;3;1;B01
201200024679;1;7;0;0;2;1;1;Z01
201200024679;0;7;0;0;0;4;1;A01
201200024680;0;15;0;0;2;1;1;A01
201200024680;0;10;0;0;2;4;1;B01
201200024680;0;7;0;0;0;4;1;C01
201200024680;0;7;0;0;2;6;1;D01
201200024680;0;7;0;0;2;4;1;E01
201200024681;0;10;0;0;2;1;1;A01
201200024681;0;7;0;0;1;4;23;B01
201200024682;0;7;0;0;2;8;1;A01
201200024682;0;2;0;0;2;1;1;B01
201200024683;0;7;0;0;2;5;16;A01
201200024683;0;1;0;0;2;1;1;B01
201200024684;0;7;0;0;2;1;1;A01
201200024685;0;7;0;0;0;5;23;B01
201200024685;0;10;0;0;2;3;1;A01
201200024686;0;7;0;0;1;1;1;A01
201200024687;0;7;0;0;0;3;1;A01
201200024687;0;1;0;0;2;2;1;B01
201200024688;0;7;0;0;2;3;1;A01
201200024688;0;32;0;0;2;3;1;B01
201200024689;0;7;0;0;1;1;1;A01
201200024690;0;7;0;1;0;2;11;A01
201200024690;0;14;0;0;0;6;23;B01
201200024691;0;7;0;0;1;1;1;A01
201200024692;0;7;0;0;2;2;1;B01
201200024692;0;2;0;0;2;1;1;A01
201200024693;0;7;0;0;2;1;17;A01
201200024693;0;7;0;0;2;3;1;B01
201200024694;0;7;0;0;2;8;1;B01
201200024694;0;30;0;0;2;1;17;A01
201200024695;0;33;0;0;2;4;2;B01
201200024695;0;7;0;0;2;1;2;A01
201200024696;0;7;0;0;2;9;1;B01
201200024696;0;7;0;0;2;1;1;A01
201200024697;0;1;0;0;2;1;1;A01
201200024697;0;1;0;0;0;0;1;B01
201200024698;0;7;0;0;2;4;2;B01
201200024698;0;10;0;0;2;4;2;C01
201200024698;0;7;0;0;2;1;2;A01
201200024699;0;7;0;0;1;1;1;A01
201200024700;0;7;0;0;2;4;1;B01
201200024700;0;13;0;0;0;4;23;C01
201200024700;0;10;0;0;2;1;1;A01
201200024701;0;3;0;0;1;1;1;A01
201200024702;0;7;0;0;1;1;1;A01
201200024703;0;7;0;6;0;1;1;A01
201200024704;0;7;0;2;0;9;14;A01
201200024705;0;33;0;0;0;5;13;A01
201200024706;0;7;0;0;2;2;0;A01
201200024706;0;2;0;0;2;1;0;B02
201200024707;0;7;0;0;0;9;13;A01
201200024708;0;7;0;6;0;3;13;A01
201200024709;0;10;0;0;0;0;16;A01
201200024710;0;1;0;1;0;8;1;B01
201200024710;1;7;0;0;0;7;1;Z01
201200024711;0;7;0;8;0;1;6;A01
201200024712;0;7;0;0;2;1;9;A01
201200024712;0;1;0;0;2;1;1;B01
201200024713;0;7;0;0;2;6;1;A01
201200024713;0;30;0;0;2;3;15;B01
201200024714;0;7;0;0;0;6;1;C01
201200024714;0;2;0;0;2;1;15;B01
201200024714;0;33;0;0;2;1;1;A01
201200024715;0;7;0;1;0;9;1;A01
201200024716;0;7;0;0;1;2;1;A01
201200024717;0;31;0;0;2;1;12;A01
201200024717;0;7;0;0;0;3;1;B01
201200024718;0;7;0;0;1;1;10;A01
201200024719;0;1;0;0;2;1;1;A01
201200024719;0;7;0;0;2;1;1;B01
201200024720;0;7;0;0;0;8;1;B01
201200024720;0;30;0;0;2;1;1;A01
201200024721;0;7;0;0;1;1;1;A01
201200024722;0;10;0;0;2;1;2;A01
201200024722;0;7;0;0;0;4;1;B01
201200024723;0;7;0;0;2;7;1;A01
201200024723;0;7;0;0;2;1;1;B01
201200024724;0;10;0;0;2;1;15;A01
201200024724;0;7;0;0;0;3;1;B01
201200024725;0;7;0;0;2;2;1;B01
201200024725;0;7;0;0;2;6;15;A01
201200024726;0;10;0;6;0;1;1;A01
201200024727;0;7;0;0;2;3;9;A01
201200024727;0;30;0;0;2;0;2;B01
201200024728;0;7;0;0;2;1;1;B01
201200024728;0;7;0;0;2;1;15;A01
201200024729;0;7;0;1;0;2;0;A01
201200024730;0;7;0;0;0;8;15;A01
201200024730;0;7;0;0;2;1;1;B01
201200024731;0;7;0;0;1;1;15;A01
201200024732;0;7;0;0;2;1;1;B01
201200024732;0;7;0;7;0;7;1;A01
201200024733;0;7;0;0;2;1;2;A01
201200024733;0;7;0;0;0;4;1;B01
201200024734;0;7;0;0;1;2;15;A01
201200024735;0;7;0;0;2;1;2;A01
201200024735;0;7;0;0;0;4;1;B01
201200024736;0;33;0;0;2;1;1;A01
201200024736;0;33;0;0;0;1;15;B01
201200024737;0;33;0;0;0;9;1;B01
201200024737;0;7;0;0;2;1;15;A01
201200024738;0;7;0;0;0;4;23;B01
201200024738;0;7;0;0;2;1;1;A01
201200024739;0;7;0;0;1;1;1;A01
201200024740;0;2;0;0;0;6;1;B01
201200024740;0;7;0;0;2;1;15;A01
201200024741;0;7;0;0;0;7;12;A01
201200024741;0;2;0;0;2;1;1;B01
201200024742;2;7;0;14;0;1;1;A01
201200024743;0;7;0;0;1;8;15;A01
201200024744;0;7;0;0;1;3;2;A01
201200024745;0;32;0;0;2;8;1;A01
201200024745;0;7;0;0;2;1;1;B01
201200024746;0;7;0;0;2;3;1;A01
201200024746;0;1;0;0;0;7;1;B01
201200024747;0;7;0;0;2;2;15;A01
201200024747;0;33;0;0;2;1;1;B01
201200024748;0;2;0;0;0;3;1;B01
201200024748;0;7;0;0;2;2;16;A01
201200024749;0;30;0;0;2;1;1;B01
201200024749;0;10;0;0;0;3;9;A01
201200024750;0;7;0;0;2;1;2;A01
201200024750;0;7;0;0;2;4;2;B01
201200024751;0;7;0;0;1;1;15;A01
201200024752;0;40;0;0;1;1;1;A01
201200024753;0;38;16;0;2;2;1;A01
201200024753;0;7;0;0;2;3;1;B01
201200024754;0;30;0;0;0;7;1;A01
201200024754;1;7;0;0;2;0;0;Z01
201200024755;0;2;0;0;0;0;1;B01
201200024755;2;7;0;0;0;0;24;Z01
201200024756;0;30;0;0;2;1;0;B01
201200024756;0;7;0;0;0;3;1;A01
201200024757;0;30;0;0;1;7;2;A01
201200024758;0;7;0;0;2;4;2;C01
201200024758;0;7;0;0;2;1;2;A01
201200024758;0;7;0;0;2;1;2;B01
201200024759;0;7;0;0;2;1;2;A01
201200024759;0;7;0;0;2;4;2;B01
201200024759;0;7;0;0;0;4;2;C01
201200024760;0;7;0;0;2;0;2;B01
201200024760;0;1;0;0;0;1;1;A01
201200024761;0;1;0;0;2;1;1;B01
201200024761;0;10;0;0;2;1;15;A01
201200024762;0;2;0;0;2;1;1;B01
201200024762;0;7;0;0;0;5;15;A01
201200024763;0;7;0;0;2;1;2;A01
201200024763;0;31;0;0;0;4;2;B01
201200024764;0;10;0;0;0;4;1;B01
201200024764;0;7;0;0;2;1;2;A01
201200024765;0;7;0;0;2;4;2;B01
201200024765;0;7;0;0;2;1;2;A01
201200024766;0;33;0;0;0;4;1;B01
201200024766;0;7;0;0;0;1;1;A01
201200024767;0;7;0;0;2;1;1;B01
201200024767;0;7;0;0;0;3;15;A01
201200024768;0;30;0;0;0;7;1;B01
201200024768;0;2;0;0;2;1;1;A01
201200024769;0;2;0;14;0;3;1;A01
201200024770;0;2;0;0;2;1;1;A01
201200024770;0;7;0;0;2;1;16;B01
201200024771;0;7;0;15;0;1;14;A01
201200024772;0;10;0;0;1;1;1;A01
201200024773;0;33;0;0;2;8;1;B01
201200024773;0;7;0;0;2;1;15;A01
201200024774;0;1;0;0;0;9;19;B01
201200024774;0;7;0;0;2;1;1;A01
201200024775;0;7;0;0;0;6;1;C01
201200024775;0;2;0;0;2;2;2;A01
201200024775;0;7;0;0;0;0;1;B01
201200024776;0;7;0;0;2;7;15;A01
201200024776;0;30;0;0;2;1;1;B01
201200024777;0;33;0;0;0;9;15;A01
201200024778;0;7;0;0;1;1;1;A01
201200024779;0;7;0;0;2;1;15;A01
201200024779;0;1;0;0;0;0;1;B01
201200024780;0;7;0;0;0;4;2;C01
201200024780;0;7;0;0;2;1;2;A01
201200024780;0;7;0;0;2;4;2;B01
201200024781;0;7;0;0;2;3;1;A01
201200024781;0;33;0;0;2;4;1;B01
201200024782;0;7;0;0;0;5;15;A01
201200024782;0;30;0;0;2;1;1;B01
201200024783;0;7;0;8;0;1;1;A01
201200024784;0;33;0;0;2;1;1;A01
201200024784;0;7;0;0;0;7;15;B01
201200024785;0;7;0;0;2;4;2;C01
201200024785;0;7;0;0;0;4;1;D01
201200024785;0;7;0;0;2;1;2;A01
201200024785;0;7;0;0;2;4;2;B01
201200024786;0;7;0;0;1;1;1;A01
201200024787;0;7;0;0;1;3;19;A01
201200024788;0;7;0;0;0;5;1;A01
201200024788;0;2;0;0;2;1;2;B01
201200024789;0;7;0;8;0;3;1;A01
201200024790;0;2;0;0;2;1;1;B01
201200024790;0;10;0;0;2;7;16;A01
201200024791;0;7;0;0;2;1;1;B01
201200024791;0;7;0;6;2;8;1;A01
201200024792;0;1;0;0;0;8;13;A01
201200024792;0;7;0;0;2;1;1;B01
201200024793;0;7;0;0;2;6;4;A01
201200024793;0;31;0;0;2;2;1;B01
201200024794;0;7;0;0;0;3;10;B01
201200024794;0;3;0;0;2;1;15;A01
201200024795;0;7;0;0;0;4;1;C01
201200024795;0;7;0;0;2;1;2;A01
201200024795;0;7;0;0;2;4;2;B01
201200024796;1;7;0;0;0;0;0;Z01
201200024796;0;7;0;7;0;1;0;A01
201200024797;0;7;0;0;2;2;1;A01
201200024797;0;2;0;0;2;1;1;B01
201200024798;0;7;0;0;2;2;9;A01
201200024798;0;30;0;0;0;8;1;B01
201200024799;0;2;0;1;0;1;1;A01
201200024800;0;7;0;0;9;2;15;A01
201200024800;0;1;0;0;2;1;2;B01
201200024801;0;33;0;0;2;1;1;B01
201200024801;0;7;0;0;0;8;1;A01
201200024802;0;33;0;0;0;3;2;B01
201200024802;0;7;0;0;0;3;15;A01
201200024803;0;7;0;0;0;4;1;B01
201200024803;0;7;0;0;2;2;2;A01
201200024804;0;7;0;4;2;7;15;A01
201200024804;0;15;0;0;0;3;1;B01
201200024804;1;99;0;0;0;0;0;Z01
201200024805;0;7;0;8;0;0;0;A01
201200024806;1;7;0;0;1;0;15;Z01
201200024807;0;7;0;0;2;1;2;A01
201200024807;0;7;0;0;0;4;2;B01
201200024808;0;7;0;0;2;1;1;B01
201200024808;0;7;0;0;0;8;15;A01