num_acc;senc;catv;occutc;obs;obsm;choc;manv;num_veh
201200024809;0;1;0;0;1;1;1;A01
201200024810;0;7;0;0;1;2;9;A01
201200024811;0;7;0;0;1;2;15;A01
201200024812;0;7;0;0;2;1;1;A01
201200024812;0;7;0;0;2;9;1;B01
201200024813;0;7;0;0;0;4;2;B01
201200024813;0;10;0;0;2;1;2;A01
201200024814;0;30;0;0;2;1;1;B01
201200024814;1;99;0;0;0;0;0;Z01
201200024815;0;7;0;0;1;1;1;A01
201200024816;0;40;0;0;1;1;1;A01
201200024817;0;7;0;0;4;3;17;A01
201200024817;0;40;0;0;0;1;2;B01
201200024818;0;7;0;0;2;1;2;A01
201200024818;0;7;0;0;2;4;23;B01
201200024819;0;40;0;0;1;1;2;A01
201200024820;0;37;29;0;1;1;1;A01
201200024821;0;7;0;0;2;3;1;B01
201200024821;0;7;0;0;0;5;15;A01
201200024822;0;7;0;0;1;1;15;A01
201200024823;0;7;0;0;2;3;1;A01
201200024823;0;7;0;0;2;9;15;B01
201200024823;0;7;0;0;2;8;15;C01
201200024824;0;2;0;0;2;7;1;B01
201200024824;0;7;0;0;2;3;9;A01
201200024825;0;33;0;0;0;1;1;B01
201200024825;0;30;0;0;2;1;1;A01
201200024826;0;7;0;8;0;1;14;A01
201200024827;0;10;0;0;1;1;1;A01
201200024828;0;30;0;0;2;1;1;A01
201200024828;0;7;0;0;2;1;1;B01
201200024829;0;37;10;0;1;2;16;A01
201200024830;0;2;0;0;2;1;5;A01
201200024830;0;7;0;0;2;1;1;B01
201200024831;0;7;0;0;1;3;16;A01
201200024832;0;7;0;0;2;3;1;B01
201200024832;0;7;0;0;2;3;15;A01
201200024833;0;30;0;0;2;1;1;A01
201200024833;1;99;0;0;0;0;0;Z01
201200024834;0;7;0;0;2;1;2;A01
201200024834;0;7;0;0;0;5;2;B01
201200024835;0;7;0;0;0;7;2;C01
201200024835;0;7;0;0;0;8;24;A01
201200024835;0;1;0;0;0;1;1;B01
201200024836;0;2;0;0;2;1;1;B01
201200024836;0;7;0;0;2;1;15;A01
201200024837;0;7;0;0;0;3;0;B01
201200024837;0;7;0;9;0;3;0;A01
201200024838;0;7;0;0;2;4;2;B01
201200024838;0;33;0;0;0;4;2;C01
201200024838;0;7;0;0;2;1;2;A01
201200024839;1;7;0;0;2;0;2;Z01
201200024839;0;33;0;0;2;3;2;B01
201200024840;0;7;0;0;2;3;9;A01
201200024840;0;31;0;0;2;1;2;B01
201200024841;0;31;0;0;0;0;16;B01
201200024841;0;7;0;0;2;0;1;A01
201200024842;0;7;0;0;1;3;19;A01
201200024843;0;7;0;0;1;2;1;A01
201200024844;0;7;0;0;2;1;15;A01
201200024844;0;31;0;0;0;8;1;B01
201200024845;0;7;0;0;1;3;15;A01
201200024846;0;7;0;0;0;3;1;B01
201200024846;0;7;0;0;2;1;0;A01
201200024847;2;7;0;0;1;3;11;Z01
201200024848;0;10;0;0;1;1;1;A01
201200024849;0;7;0;1;0;1;1;A01
201200024850;0;7;0;0;0;4;2;B01
201200024850;0;2;0;0;2;7;2;A01
201200024851;0;33;0;0;2;1;2;A01
201200024851;0;7;0;0;0;4;2;B01
201200024852;0;7;0;15;2;5;15;A01
201200024852;0;7;0;0;2;1;2;B01
201200024853;0;31;0;0;2;2;17;B01
201200024853;0;7;0;0;2;1;15;A01
201200024854;0;2;0;0;1;1;2;A01
201200024855;0;7;0;0;1;1;1;A01
201200024856;0;7;0;0;2;1;1;B01
201200024856;0;34;0;0;2;8;1;A01
201200024857;0;7;0;1;0;2;2;A01
201200024857;0;7;0;0;0;6;24;B01
201200024858;0;1;0;0;2;1;5;A01
201200024858;0;7;0;0;0;1;1;B01
201200024859;0;2;0;0;0;8;16;A01
201200024859;0;7;0;0;2;1;1;B01
201200024860;0;33;0;0;2;1;1;B01
201200024860;0;7;0;0;2;7;10;A01
201200024861;0;7;0;0;1;3;1;A01
201200024862;0;7;0;0;0;5;1;B01
201200024862;0;2;0;0;2;1;1;A01
201200024863;0;7;0;0;1;1;1;A01
201200024864;0;7;0;0;2;3;1;C01
201200024864;0;30;0;0;2;1;17;A01
201200024864;0;7;0;0;2;8;23;B01
201200024865;0;7;0;0;2;1;2;A01
201200024865;0;7;0;0;2;4;2;B01
201200024866;0;7;0;0;1;2;1;A01
201200024867;0;7;0;0;2;3;16;A01
201200024867;0;7;0;0;0;3;16;B01
201200024868;0;2;0;0;2;1;21;B01
201200024868;0;7;0;0;2;7;1;A01
201200024869;0;7;0;0;2;7;1;B01
201200024869;0;7;0;0;0;1;15;A01
201200024870;0;7;0;9;2;1;1;B01
201200024870;0;10;0;1;0;1;1;A01
201200024871;0;7;0;0;2;6;15;A01
201200024871;0;34;0;1;2;0;2;B01
201200024872;0;7;0;0;2;1;2;A01
201200024872;0;7;0;0;0;4;2;B01
201200024873;0;7;0;0;2;1;1;B01
201200024873;0;7;0;0;0;8;1;A01
201200024874;0;7;0;0;2;1;2;A01
201200024874;0;7;0;0;2;4;24;C01
201200024874;0;7;0;0;2;9;24;B01
201200024875;0;7;0;0;2;1;1;A01
201200024875;0;33;0;0;0;1;1;B01
201200024876;0;7;0;0;2;1;9;A01
201200024876;0;2;0;0;2;1;1;B01
201200024877;0;7;0;0;1;2;1;A01
201200024878;0;33;0;0;1;1;1;A01
201200024879;0;2;0;11;0;3;1;A01
201200024880;0;7;0;6;2;9;13;A01
201200024880;0;7;0;0;2;7;1;B01
201200024881;0;33;0;0;2;1;2;A01
201200024881;0;7;0;0;0;4;1;B01
201200024882;0;7;0;0;2;1;2;A01
201200024882;0;7;0;0;2;4;2;B01
201200024882;0;7;0;0;0;4;2;C01
201200024883;0;7;0;0;1;2;2;A01
201200024884;0;7;0;0;2;0;0;B01
201200024884;0;1;0;0;2;1;1;A01
201200024885;0;2;0;0;0;8;1;B01
201200024885;0;7;0;0;2;1;15;A01
201200024886;0;7;0;0;2;1;1;B01
201200024886;0;30;0;0;2;3;15;A01
201200024887;0;7;0;0;2;1;1;B01
201200024887;0;7;0;0;0;3;1;A01
201200024888;0;7;0;0;0;7;1;A01
201200024888;0;30;0;0;2;1;1;B01
201200024889;1;7;0;0;1;1;1;Z01
201200024890;0;7;0;0;2;1;1;A01
201200024890;0;7;0;0;2;8;1;B01
201200024891;0;7;0;0;2;1;1;A01
201200024891;0;2;0;0;2;9;1;B01
201200024892;0;7;0;0;2;2;1;A01
201200024892;0;7;0;1;0;9;15;B01
201200024893;0;2;0;0;2;1;1;B01
201200024893;0;10;0;0;2;1;15;A01
201200024894;0;7;0;0;2;3;15;A01
201200024894;0;33;0;0;2;1;1;B01
201200024895;0;7;0;0;0;6;15;A01
201200024895;0;33;0;0;2;1;2;B01
201200024896;0;7;0;0;0;1;1;A01
201200024897;0;7;0;0;2;4;1;C01
201200024897;0;7;0;0;2;1;2;A01
201200024897;0;7;0;0;2;4;2;B01
201200024898;0;33;0;0;2;7;17;A01
201200024898;0;7;0;0;2;1;9;B01
201200024899;0;7;0;0;0;8;10;A01
201200024899;0;2;0;0;2;1;17;B01
201200024900;0;31;0;0;0;8;1;B01
201200024900;0;3;0;0;2;3;1;A01
201200024901;0;2;0;0;2;1;1;B01
201200024901;0;7;0;0;0;1;15;A01
201200024902;0;7;0;0;1;1;16;A01
201200024903;0;10;0;8;0;1;1;A01
201200024904;0;7;0;0;2;4;1;C01
201200024904;0;7;0;0;2;4;2;B01
201200024904;0;7;0;0;2;1;2;A01
201200024905;0;7;0;0;0;3;1;B01
201200024905;0;7;0;0;2;1;1;A01
201200024906;0;10;0;0;1;3;1;A01
201200024907;0;7;0;0;0;2;16;B01
201200024907;0;2;0;0;2;1;1;A01
201200024908;0;7;0;0;1;2;1;A01
201200024909;0;3;0;0;0;7;1;B01
201200024909;0;7;0;0;2;3;1;A01
201200024910;0;1;0;0;2;1;19;A01
201200024910;0;37;40;0;0;0;1;B01
201200024911;0;7;0;0;0;8;1;A01
201200024911;0;31;0;0;2;1;1;B01
201200024912;0;7;0;0;2;1;1;A01
201200024912;0;7;0;0;0;4;16;B01
201200024913;0;7;0;0;1;1;1;A01
201200024914;0;7;0;0;0;0;15;A01
201200024914;0;40;0;0;2;1;1;B01
201200024915;0;31;0;0;2;1;1;B01
201200024915;0;7;0;0;2;7;16;A01
201200024916;0;7;0;0;2;1;1;A01
201200024916;0;10;0;0;0;3;1;B01
201200024917;1;7;0;0;1;2;0;Z01
201200024918;0;7;0;0;0;7;1;B01
201200024918;0;7;0;0;2;1;1;A01
201200024919;0;1;0;0;0;5;1;B01
201200024919;0;7;0;0;2;2;15;A01
201200024920;0;32;0;0;2;1;1;A01
201200024920;0;7;0;0;2;4;11;B01
201200024921;0;7;0;0;2;3;15;A01
201200024921;0;30;0;0;2;3;1;B01
201200024922;0;7;0;0;0;7;1;B01
201200024922;0;1;0;0;2;0;1;A01
201200024923;0;7;0;0;0;4;1;C01
201200024923;0;7;0;0;2;1;1;A01
201200024923;0;7;0;0;2;1;1;B01
201200024924;0;7;0;0;2;2;15;A01
201200024924;0;7;0;0;0;7;1;B01
201200024925;0;7;0;0;2;1;3;A01
201200024925;0;7;0;0;0;4;1;B01
201200024926;1;7;0;0;1;1;1;A01
201200024927;0;10;0;0;0;4;15;B01
201200024927;0;7;0;0;2;1;15;A01
201200024928;0;7;0;1;0;9;0;A01
201200024929;0;7;0;0;0;4;1;B01
201200024929;0;7;0;0;2;1;1;A01
201200024930;0;7;0;0;2;1;1;B01
201200024930;0;7;0;0;0;7;1;A01
201200024931;0;7;0;0;2;1;1;A01
201200024931;0;7;0;0;2;7;1;B01
201200024932;0;7;0;0;2;2;1;A01
201200024932;0;33;0;0;2;7;1;B01
201200024933;0;7;0;0;1;1;1;A01
201200024934;0;33;0;0;2;5;1;A01
201200024934;0;7;0;0;2;1;15;B01
201200024935;0;7;0;0;1;1;1;A01
201200024936;0;7;0;0;0;4;2;C01
201200024936;0;7;0;0;2;1;2;A01
201200024936;0;7;0;0;2;9;2;B01
201200024937;0;30;0;0;0;9;15;A01
201200024937;0;7;0;0;2;1;1;B01
201200024938;0;7;0;0;0;1;15;A01
201200024938;0;7;0;0;2;1;17;B01
201200024939;0;7;0;0;2;1;1;A01
201200024939;0;15;0;0;0;4;1;B01
201200024940;0;7;0;0;1;1;15;A01
201200024941;0;7;0;10;0;1;1;A01
201200024942;0;2;0;0;2;1;11;A01
201200024942;0;7;0;0;0;5;1;B01
201200024943;0;7;0;1;2;2;0;A01
201200024944;0;7;0;0;0;9;1;A01
201200024945;0;7;0;0;2;2;15;A01
201200024945;0;31;0;0;2;1;1;B01
201200024946;0;7;0;0;2;7;15;A01
201200024946;0;33;0;0;2;1;1;B01
201200024947;0;34;0;0;1;1;1;A01
201200024948;0;33;0;0;2;1;1;B01
201200024948;0;7;0;0;2;7;1;A01
201200024949;0;37;1;0;1;1;1;A01
201200024950;0;7;0;0;2;8;1;B01
201200024950;0;7;0;0;2;1;15;A01
201200024951;0;7;0;0;2;1;1;B01
201200024951;0;7;0;0;2;1;15;A01
201200024952;0;1;0;0;2;3;2;B01
201200024952;0;7;0;0;2;7;16;A01
201200024953;0;7;0;0;0;4;1;B01
201200024953;0;10;0;0;2;1;2;A01
201200024954;0;31;0;0;0;9;1;B01
201200024954;0;7;0;0;2;3;15;A01
201200024955;0;7;0;0;0;4;1;B01
201200024955;0;7;0;0;2;1;2;A01
201200024956;0;7;0;0;2;2;1;B01
201200024956;0;1;0;0;2;1;1;A01
201200024957;0;7;0;0;2;2;1;A01
201200024957;0;30;0;0;2;1;1;B01
201200024958;0;32;0;0;2;1;1;A01
201200024958;0;7;0;0;0;8;15;B01
201200024959;0;7;0;0;0;3;23;A01
201200024959;0;1;0;1;0;1;21;B01
201200024960;0;2;0;6;0;9;1;A01
201200024961;0;10;0;0;2;8;15;A01
201200024961;0;10;0;0;2;2;1;B01
201200024962;0;7;0;0;2;1;15;A01
201200024963;0;2;0;0;1;7;1;A01
201200024964;0;7;0;0;2;3;1;A01
201200024964;0;10;0;0;2;2;1;B01
201200024965;0;7;0;0;1;3;1;A01
201200024966;0;7;0;8;0;7;1;B01
201200024966;0;10;0;0;2;1;1;A01
201200024967;0;7;0;0;1;1;1;A01
201200024968;0;7;0;0;1;2;2;A01
201200024969;0;2;0;0;2;1;1;A01
201200024969;0;7;0;0;2;5;1;B01
201200024970;0;1;0;0;2;9;17;B01
201200024970;0;14;0;0;2;3;16;A01
201200024971;0;7;0;0;2;2;15;A01
201200024971;0;31;0;0;2;1;1;B01
201200024972;0;7;0;0;2;1;2;A01
201200024972;0;7;0;0;2;9;2;B01
201200024972;0;7;0;0;2;4;2;C01
201200024973;0;7;0;0;0;2;15;A01
201200024973;0;33;0;0;2;3;1;B01
201200024974;0;7;0;0;2;7;15;A01
201200024974;0;33;0;0;2;1;1;B01
201200024975;0;7;0;0;0;4;0;C01
201200024975;0;7;0;0;2;4;1;B01
201200024975;0;7;0;0;2;1;1;A01
201200024976;0;2;0;0;1;1;1;A01
201200024977;0;2;0;0;0;7;1;B01
201200024977;0;7;0;0;2;1;16;A01
201200024978;0;2;0;0;2;1;1;B01
201200024978;0;7;0;0;2;3;20;A01
201200024979;0;10;0;0;2;1;16;A01
201200024979;0;2;0;0;0;8;1;B01
201200024980;0;7;0;0;1;2;1;A01
201200024981;0;2;0;0;2;1;1;B01
201200024981;0;7;0;0;0;2;15;A01
201200024982;0;7;0;0;2;4;2;C01
201200024982;0;7;0;0;2;4;2;B01
201200024982;0;7;0;0;0;4;1;D01
201200024982;0;7;0;0;2;1;2;A01
201200024983;0;7;0;0;0;2;15;A01
201200024983;0;7;0;0;2;1;1;B01
201200024984;0;7;0;0;2;1;15;A01
201200024984;0;7;0;0;0;2;1;B01
201200024985;0;7;0;0;2;8;15;B01
201200024985;0;2;0;0;2;1;17;A01
201200024986;0;2;0;0;2;1;1;B01
201200024986;0;7;0;0;0;2;10;A01
201200024987;0;7;0;0;2;1;1;A01
201200024987;0;7;0;0;0;4;2;B01
201200024988;0;7;0;0;0;4;1;C01
201200024988;0;7;0;0;2;4;2;B01
201200024988;0;10;0;0;2;1;2;A01
201200024989;0;2;0;14;0;1;1;A01
201200024990;0;33;0;0;2;7;1;B01
201200024990;0;7;0;0;2;8;1;A01
201200024991;0;7;0;0;0;3;1;B01
201200024991;0;7;0;0;2;1;1;A01
201200024992;0;33;0;0;1;0;1;A01
201200024993;0;7;0;0;1;6;1;A01
201200024994;0;7;0;0;2;3;15;A01
201200024994;0;7;0;0;2;9;2;B01
201200024994;0;7;0;0;2;1;2;C01
201200024995;0;7;0;0;1;3;15;A01
201200024996;0;33;0;0;2;1;1;B01
201200024996;0;10;0;0;0;1;9;A01
201200024997;0;7;0;0;0;2;16;A01
201200024997;0;1;0;0;2;1;1;B01
201200024998;0;7;0;0;1;6;4;A01
201200024999;0;7;0;0;2;1;1;B01
201200024999;0;2;0;0;2;1;1;A01
201200025000;0;40;0;0;0;3;1;B01
201200025000;0;7;0;0;4;2;16;A01
201200025001;0;7;0;0;2;3;1;A01
201200025001;0;7;0;0;2;3;1;B01
201200025002;0;7;0;0;1;2;15;A01
201200025003;0;2;0;0;2;7;18;A01
201200025003;0;7;0;0;2;5;1;B01
201200025004;0;7;0;0;1;0;1;A01
201200025005;0;10;0;0;2;1;2;B01
201200025005;0;7;0;0;0;4;1;A01
201200025006;0;7;0;0;1;3;1;A01
201200025007;0;7;0;0;0;5;9;A01
201200025007;0;7;0;0;2;1;1;B01
201200025007;0;7;0;0;2;9;1;C01
201200025007;0;7;0;0;2;1;1;D01
201200025008;0;33;0;0;2;1;1;A01
201200025008;0;7;0;0;0;3;15;B01
201200025008;0;7;0;0;0;8;1;C01
201200025009;0;1;0;0;2;1;16;B01
201200025009;0;10;0;0;0;3;1;A01
201200025010;0;10;0;0;2;1;2;A01
201200025010;0;7;0;0;0;4;1;B01
201200025011;0;7;0;0;2;1;1;A01
201200025011;0;34;0;0;0;9;1;B01
201200025012;0;7;0;0;1;2;16;A01
201200025013;0;40;0;0;1;1;1;A01
201200025014;0;7;0;14;0;1;1;A01
201200025015;0;1;0;1;0;1;1;A01
201200025016;0;7;0;0;0;5;21;A01
201200025016;0;31;0;0;2;1;2;B01
201200025017;0;7;0;0;2;1;2;A01
201200025017;0;7;0;0;0;4;15;B01
201200025018;1;7;0;0;2;9;21;A01
201200025018;0;7;0;12;0;2;1;B01
201200025019;0;10;0;0;2;8;9;A01
201200025019;0;33;0;0;0;2;2;B01
201200025020;0;10;0;0;2;1;15;A01
201200025020;0;7;0;0;2;1;16;B01
201200025020;0;7;0;0;0;1;15;C01
201200025021;0;1;0;1;0;2;2;B01
201200025021;0;7;0;0;0;0;20;A01
201200025022;0;7;0;15;0;1;1;A01
201200025023;0;40;0;0;1;2;1;A01
201200025024;0;34;0;0;2;1;1;A01
201200025024;0;7;0;0;2;7;1;B01
201200025024;0;7;0;0;2;1;1;C01
201200025025;0;7;0;0;0;8;1;B01
201200025025;0;7;0;0;2;1;1;A01
201200025026;0;7;0;1;0;1;15;A01
201200025026;1;7;0;0;0;3;24;B01
201200025027;0;7;0;0;2;1;15;A01
201200025028;1;7;0;0;1;0;15;Z01
201200025029;0;37;41;0;1;2;1;A01
201200025030;0;7;0;0;2;7;1;A01
201200025030;0;7;0;0;0;1;1;B01
201200025031;1;2;0;0;1;0;0;Z01
201200025032;0;7;0;0;2;4;2;C01
201200025032;0;7;0;0;0;4;2;D01
201200025032;0;7;0;0;2;4;2;B01
201200025032;0;7;0;0;2;1;2;A01
201200025033;0;7;0;0;0;4;15;B01
201200025033;0;10;0;0;2;1;2;A01
201200025034;0;33;0;0;0;2;1;B01
201200025034;0;7;0;0;2;3;11;A01
201200025035;0;7;0;0;2;1;1;A01
201200025036;0;7;0;0;1;3;1;A01
201200025037;0;7;0;0;2;1;2;A01
201200025037;0;7;0;0;0;4;2;B01
201200025038;0;7;0;0;0;4;2;C01
201200025038;0;7;0;0;2;1;2;B01
201200025038;0;10;0;0;2;1;2;A01
201200025039;0;10;0;0;2;4;15;A01
201200025039;0;30;0;0;2;1;1;B01
201200025040;0;1;0;0;2;3;1;B01
201200025040;0;7;0;0;2;1;1;A01
201200025041;0;7;0;0;2;5;4;B01
201200025041;0;1;0;0;0;0;14;A01
201200025042;0;40;0;0;1;2;1;A01
201200025043;0;7;0;0;1;3;1;A01
201200025044;0;2;0;0;2;1;1;B01
201200025044;0;7;0;0;0;3;16;A01
201200025045;0;3;0;8;0;1;1;A01
201200025046;0;7;0;0;2;1;9;A01
201200025046;0;33;0;0;2;1;9;B01
201200025047;0;10;0;0;0;8;15;A01
201200025047;0;2;0;0;2;2;1;B01
201200025048;0;10;0;0;2;1;2;A01
201200025048;0;7;0;0;0;4;1;B01
201200025049;0;1;0;0;2;1;19;B01
201200025049;0;7;0;0;0;2;1;A01
201200025050;0;7;0;0;0;7;1;A01
201200025050;0;1;0;0;2;1;13;B01
201200025051;0;7;0;0;2;8;13;A01
201200025051;0;31;0;0;0;7;1;B01
201200025052;0;1;0;0;0;8;19;A01
201200025052;0;33;0;0;2;1;1;B01
201200025053;0;31;0;0;2;9;1;A01
201200025053;0;10;0;0;2;1;15;B01
201200025054;0;33;0;0;2;1;2;A01
201200025054;0;7;0;0;0;4;2;B01
201200025055;0;7;0;0;2;3;1;B01
201200025055;0;7;0;0;0;2;15;A01
201200025056;0;7;0;0;2;1;1;A01
201200025056;0;7;0;0;0;7;15;B01
201200025057;0;7;0;0;0;4;15;B01
201200025057;0;7;0;0;2;1;2;A01
201200025058;0;7;0;0;0;1;15;A01
201200025058;0;7;0;0;2;3;1;B01
201200025059;0;7;0;0;2;1;2;A01
201200025059;0;7;0;0;0;4;2;B01
201200025060;0;7;0;0;2;1;1;B01
201200025060;0;7;0;0;0;2;16;A01
201200025061;0;1;0;0;2;1;1;B01
201200025061;0;7;0;0;2;2;12;A01
201200025062;0;7;0;0;1;2;1;A01
201200025063;0;10;0;0;0;8;16;A01
201200025063;0;2;0;0;2;1;1;B01
201200025064;0;7;0;0;2;4;2;B01
201200025064;1;7;0;0;2;1;2;Z01
201200025065;0;33;0;0;0;8;1;B01
201200025065;0;7;0;0;2;7;12;A01
201200025066;0;30;0;0;0;0;16;A01
201200025067;0;7;0;0;2;1;1;A01
201200025067;0;7;0;0;0;4;15;B01
201200025068;0;7;0;0;1;2;1;A01
201200025069;0;7;0;0;2;2;15;A01
201200025069;0;1;0;0;2;0;15;B01
201200025070;0;7;0;0;0;3;15;A01
201200025070;0;33;0;0;2;1;1;B01
201200025071;0;33;0;0;2;1;1;B01
201200025071;0;7;0;0;2;1;15;A01
201200025072;0;7;0;0;1;7;1;A01
201200025073;0;7;0;0;2;1;2;A01
201200025073;0;7;0;0;2;4;2;B01
201200025074;1;10;0;0;0;2;1;B01
201200025074;0;7;0;0;2;1;1;A01
201200025075;0;2;0;0;2;1;1;A01
201200025075;0;7;0;0;2;1;1;B01
201200025076;0;7;0;0;1;1;1;A01
201200025077;0;7;0;0;2;4;2;B01
201200025077;0;7;0;0;0;4;1;C01
201200025077;0;7;0;0;2;1;2;A01
201200025078;0;33;0;0;2;1;1;A01
201200025078;0;1;0;0;0;6;13;B01
201200025079;0;7;0;0;0;5;1;A01
201200025079;0;7;0;0;2;1;1;B01
201200025080;0;7;0;1;0;1;1;A01
201200025081;0;7;0;0;2;2;1;B01
201200025081;0;7;0;0;0;8;13;A01
201200025082;0;7;0;11;0;1;1;A01
201200025083;0;7;0;0;2;3;14;A01
201200025083;0;7;0;0;2;2;1;B01
201200025084;0;33;0;1;0;9;1;B01
201200025084;0;7;0;0;0;8;1;A01
201200025085;0;2;0;0;2;1;1;B01
201200025085;0;7;0;0;2;1;15;A01
201200025086;0;7;0;0;2;1;1;B01
201200025086;0;2;0;0;2;1;15;A01
201200025087;0;7;0;2;0;1;1;A01
201200025088;1;7;0;15;0;8;11;A01
201200025089;0;10;0;0;2;1;1;A01
201200025089;0;7;0;0;0;4;1;B01
201200025090;0;7;0;0;0;0;16;A01
201200025090;0;37;0;0;0;0;18;B01
201200025091;0;7;0;0;2;5;9;A01
201200025091;0;32;0;1;2;1;1;B01
201200025092;0;7;0;0;0;3;5;A01
201200025092;0;33;0;0;2;1;1;B01
201200025093;0;7;0;15;0;1;1;A01
201200025094;0;14;0;0;0;8;1;B01
201200025094;0;7;0;0;2;3;1;A01
201200025095;0;7;0;0;2;4;1;B01
201200025095;0;7;0;0;2;1;1;A01
201200025096;0;7;0;0;0;3;15;A01
201200025096;0;2;0;0;2;1;1;B01
201200025097;0;7;0;0;0;4;0;B01
201200025097;0;7;0;0;2;1;0;A01
201200025098;0;7;0;0;2;3;16;A01
201200025098;0;1;0;0;0;5;1;B01
201200025099;0;7;0;0;2;1;1;B01
201200025099;0;7;0;0;0;7;15;A01
201200025100;0;7;0;0;0;6;15;A01
201200025100;0;31;0;0;2;1;1;B01
201200025101;0;30;0;0;0;8;1;A01
201200025102;0;7;0;0;0;4;1;B01
201200025102;0;1;0;0;2;1;1;A01
201200025103;0;33;0;0;2;1;2;A01
201200025103;0;7;0;0;0;4;1;B01
201200025104;0;7;0;0;0;4;1;B01
201200025104;0;7;0;0;2;1;1;A01
201200025105;0;33;0;0;2;8;15;B01
201200025105;0;7;0;0;0;8;10;A01
201200025106;0;7;0;0;2;2;19;A01
201200025106;0;1;0;0;2;1;1;B01
201200025107;0;7;0;1;2;1;1;A01
201200025108;0;7;0;7;0;1;0;A01
201200025109;0;40;0;0;1;5;1;A01
201200025110;0;7;0;0;0;4;2;B01
201200025110;0;7;0;0;2;1;2;A01
201200025111;0;1;0;0;2;1;1;B01
201200025111;0;10;0;0;0;7;16;A01
201200025112;0;7;0;0;1;2;1;A01
201200025113;0;7;0;0;2;1;1;A01
201200025114;0;31;0;0;2;1;1;B01
201200025114;0;7;0;0;0;3;1;A01
201200025115;0;3;0;1;0;1;1;A01
201200025116;0;31;0;0;1;1;1;A01
201200025117;0;32;0;0;2;8;1;B01
201200025117;1;7;0;0;2;0;1;A01
201200025118;0;7;0;0;2;8;1;B01
201200025118;0;2;0;0;2;1;1;A01
201200025119;0;7;0;0;0;3;15;A01
201200025119;0;30;0;0;2;1;15;B01
201200025120;0;7;0;0;1;5;4;A01
201200025121;0;2;0;0;2;9;1;A01
201200025121;0;7;0;0;2;8;15;B01
201200025122;0;7;0;0;0;6;2;C01
201200025122;0;7;0;0;2;7;2;B01
201200025122;0;7;0;0;2;3;2;A01
201200025123;0;1;0;0;4;8;19;A01
201200025123;0;40;0;0;2;1;21;B01
201200025124;0;40;0;0;1;6;1;A01
201200025125;0;32;0;0;2;1;1;A01
201200025125;0;7;0;0;0;1;15;B01
201200025126;0;7;0;0;0;3;16;A01
201200025126;0;31;0;0;2;1;1;B01
201200025127;0;34;0;0;2;1;1;B01
201200025127;0;7;0;0;0;7;15;A01
201200025128;0;33;0;0;2;3;1;A01
201200025128;0;10;0;0;0;1;15;B01
201200025129;0;7;0;0;2;1;15;A01
201200025129;0;1;0;0;2;1;1;B01
201200025130;0;7;0;0;0;1;1;A01
201200025130;0;1;0;0;2;1;1;B01
201200025131;2;7;0;0;2;1;2;Z01
201200025131;0;7;0;0;0;4;1;B01
201200025132;0;1;0;0;0;4;19;A01
201200025132;0;7;0;0;2;3;1;B01
201200025133;0;7;0;0;1;1;1;A01
201200025134;0;7;0;0;2;3;10;A01
201200025134;0;33;0;0;2;1;1;B01
201200025135;0;10;0;0;2;1;16;A01
201200025135;0;2;0;0;2;7;1;B01
201200025136;0;7;0;0;2;1;15;A01
201200025136;0;7;0;0;2;1;1;B01
201200025137;0;30;0;10;0;1;1;A01
201200025138;0;33;0;0;2;3;1;B01
201200025138;0;7;0;0;0;3;1;C01
201200025138;0;7;0;0;0;5;22;A01
201200025139;0;7;0;0;2;1;1;B01
201200025139;0;10;0;0;2;1;1;C01
201200025139;0;7;0;0;2;3;9;A01
201200025140;0;10;0;0;2;3;1;B01
201200025140;0;7;0;0;0;7;15;A01
201200025141;0;7;0;0;1;2;1;A01
201200025142;0;7;0;0;2;7;16;A01
201200025142;0;30;0;0;2;3;1;B01
201200025143;0;33;0;0;2;9;21;B01
201200025143;0;7;0;0;2;7;15;A01
201200025144;0;7;0;0;2;3;1;A01
201200025144;0;7;0;0;2;5;23;B01
201200025145;0;7;0;0;0;4;2;B01
201200025145;0;7;0;0;2;1;2;A01
201200025146;0;2;0;0;2;1;1;B01
201200025146;0;7;0;0;2;1;15;A01
201200025147;0;7;0;0;2;1;1;B01
201200025147;0;1;0;0;0;2;19;A01
201200025148;0;7;0;0;2;3;1;A01
201200025148;0;34;0;0;2;8;15;B01
201200025149;0;7;0;0;2;2;2;B01
201200025149;0;10;0;0;2;3;2;A01
201200025150;0;7;0;0;2;1;15;A01
201200025150;0;33;0;0;2;1;1;B01
201200025150;0;10;0;0;2;3;16;C01
201200025151;0;33;0;0;2;2;1;B01
201200025151;0;7;0;0;2;1;1;A01
201200025152;0;7;0;0;2;1;1;A01
201200025152;0;1;0;0;2;4;1;B01
201200025153;0;1;0;0;2;1;1;A01
201200025153;0;7;0;0;2;5;16;B01
201200025154;0;7;0;0;2;3;9;A01
201200025154;0;33;0;0;2;3;1;B01
201200025155;0;33;0;16;2;0;1;A01
201200025155;0;7;0;0;2;1;15;B01
201200025156;0;7;0;0;0;3;1;B01
201200025156;0;10;0;0;2;1;1;A01
201200025157;0;33;0;11;0;3;1;A01
201200025158;0;7;0;12;0;1;16;A01
201200025159;0;7;0;1;0;2;14;A01
201200025160;0;7;0;0;2;1;15;B01
201200025160;0;7;0;0;0;1;1;A01
201200025161;0;2;0;0;2;1;1;B01
201200025161;0;10;0;0;0;3;15;A01
201200025162;0;7;0;0;0;3;24;A01
201200025162;0;1;0;1;0;1;1;B01
201200025163;0;7;0;0;2;7;1;B01