num_acc;senc;catv;occutc;obs;obsm;choc;manv;num_veh
201200025516;0;7;0;0;0;3;1;B01
201200025517;0;7;0;0;2;3;15;A01
201200025517;0;33;0;0;2;1;1;B01
201200025518;0;7;0;0;0;3;15;B01
201200025518;0;2;0;0;0;1;1;A01
201200025519;0;7;0;0;9;1;1;A01
201200025520;0;7;0;0;2;4;1;C01
201200025520;0;7;0;0;2;0;1;A01
201200025520;0;7;0;0;2;9;1;B01
201200025521;0;7;0;0;0;3;1;B01
201200025521;0;2;0;0;2;1;1;A01
201200025522;0;7;0;0;0;4;1;B01
201200025522;0;7;0;0;0;1;2;A01
201200025523;0;2;0;0;2;1;1;A01
201200025523;0;7;0;0;0;3;15;B01
201200025524;0;2;0;0;0;8;1;B01
201200025524;0;7;0;0;2;1;15;A01
201200025525;0;7;0;0;1;1;10;A01
201200025526;0;10;0;0;2;2;15;B01
201200025526;0;30;0;0;2;1;1;A01
201200025527;0;7;0;0;1;1;1;A01
201200025528;0;7;0;0;0;6;15;A01
201200025528;0;7;0;0;2;2;1;B01
201200025529;0;7;0;0;2;1;1;A01
201200025529;0;7;0;0;2;1;1;B01
201200025530;0;7;0;0;0;8;0;B01
201200025530;0;30;0;0;2;1;0;A01
201200025531;0;33;0;0;2;1;1;B01
201200025531;0;10;0;0;2;6;16;A01
201200025532;0;7;0;8;0;1;1;A01
201200025533;0;10;0;0;1;7;1;A01
201200025534;0;7;0;0;2;1;1;A01
201200025534;0;1;0;0;2;9;1;B01
201200025535;0;30;0;0;9;9;1;A01
201200025536;0;32;0;0;0;9;1;A01
201200025536;1;7;0;0;2;0;16;Z01
201200025537;0;33;0;1;0;2;1;A01
201200025538;0;7;0;0;2;1;1;A01
201200025538;0;10;0;0;2;4;1;C01
201200025538;0;7;0;0;2;9;20;B01
201200025539;0;2;0;0;2;1;1;A01
201200025539;0;7;0;0;0;3;15;B01
201200025540;0;7;0;0;2;1;1;B01
201200025540;0;7;0;8;0;7;1;A01
201200025541;0;33;0;0;0;9;1;B01
201200025541;0;7;0;0;2;1;15;A01
201200025542;0;37;0;0;1;0;16;A01
201200025543;0;7;0;0;2;0;16;A01
201200025543;0;30;0;0;0;7;1;B01
201200025544;0;7;0;0;2;1;1;A01
201200025545;0;40;0;0;2;2;1;A01
201200025545;0;1;0;0;4;9;1;B01
201200025546;0;7;0;0;2;8;1;B01
201200025546;0;2;0;0;2;1;1;A01
201200025547;0;7;0;0;0;6;1;B01
201200025547;0;2;0;0;2;1;1;A01
201200025548;0;1;0;0;2;9;1;B01
201200025548;0;7;0;0;2;3;15;A01
201200025549;0;7;0;0;1;1;1;A01
201200025550;0;2;0;0;0;8;1;B01
201200025550;0;14;0;0;2;1;1;A01
201200025551;0;7;0;0;2;1;1;A01
201200025551;0;7;0;0;2;4;1;B01
201200025552;0;7;0;0;2;2;16;A01
201200025552;0;31;0;0;2;8;1;B01
201200025553;0;15;0;0;1;3;1;A01
201200025554;0;14;0;0;2;7;16;A01
201200025554;0;1;0;0;2;8;16;B01
201200025555;0;30;0;0;2;9;1;A01
201200025555;1;7;0;0;0;0;1;B01
201200025556;0;7;0;0;2;1;16;C01
201200025556;0;7;0;0;2;1;15;A01
201200025556;0;7;0;0;0;9;1;B01
201200025557;0;33;0;0;2;1;1;B01
201200025557;0;7;0;0;2;7;1;A01
201200025558;1;31;0;0;1;0;0;A01
201200025559;0;2;0;12;0;7;1;A01
201200025560;0;7;0;1;1;2;1;A01
201200025561;0;7;0;0;2;1;1;A01
201200025561;0;33;0;0;2;6;1;B01
201200025562;0;38;1;0;2;8;11;A01
201200025562;0;2;0;0;2;1;1;B01
201200025563;1;7;0;0;1;0;0;A01
201200025564;0;7;0;0;2;5;9;A01
201200025564;0;30;0;0;2;7;1;B01
201200025565;0;7;0;0;2;1;1;A01
201200025565;0;7;0;0;2;1;1;B01
201200025566;0;7;0;0;2;3;15;B01
201200025566;0;2;0;0;2;1;1;A01
201200025567;0;2;0;0;2;1;1;A01
201200025567;0;37;0;0;2;0;1;C01
201200025567;0;7;0;0;2;1;15;B01
201200025568;0;2;0;0;2;1;6;A01
201200025568;0;7;0;0;2;3;1;B01
201200025569;0;33;0;0;2;9;1;B01
201200025569;0;7;0;0;2;2;12;A01
201200025570;0;2;0;0;0;7;1;A01
201200025571;0;30;0;0;2;6;1;A01
201200025571;0;7;0;0;2;1;1;B01
201200025572;0;7;0;0;2;2;17;A01
201200025572;0;7;0;0;0;3;15;B01
201200025573;0;1;0;0;2;9;1;B01
201200025573;0;7;0;0;2;6;16;A01
201200025574;0;30;0;0;1;1;1;A01
201200025575;0;10;0;0;1;1;15;A01
201200025576;0;7;0;0;1;0;15;A01
201200025577;0;2;0;0;2;2;1;B01
201200025577;0;7;0;0;2;3;9;A01
201200025578;0;33;0;0;1;1;16;A01
201200025579;0;33;0;0;2;7;1;B01
201200025579;0;7;0;0;2;3;15;A01
201200025580;0;2;0;0;2;1;1;B01
201200025580;0;7;0;0;2;7;16;A01
201200025581;0;7;0;1;0;9;23;A01
201200025581;0;7;0;0;0;4;1;D01
201200025581;0;7;0;0;2;1;1;B01
201200025581;0;7;0;0;2;9;1;C01
201200025582;0;2;0;0;2;1;1;A01
201200025582;0;7;0;0;0;7;1;B01
201200025583;0;7;0;0;0;7;1;A01
201200025583;0;7;0;0;2;1;1;B01
201200025584;0;7;0;0;1;1;1;A01
201200025585;0;7;0;0;2;3;9;A01
201200025585;0;30;0;0;2;0;1;B01
201200025586;0;7;0;0;2;1;1;A01
201200025586;0;7;0;0;2;4;1;B01
201200025587;0;37;1;0;2;3;1;B01
201200025587;0;7;0;0;2;1;1;C01
201200025587;0;7;0;0;2;7;15;A01
201200025588;0;10;0;0;2;3;15;B01
201200025588;0;2;0;0;2;2;1;A01
201200025589;0;7;0;0;2;2;2;A01
201200025589;0;1;0;0;0;4;1;B01
201200025590;0;7;0;1;0;1;1;A01
201200025591;0;7;0;0;2;1;2;A01
201200025591;0;31;0;0;2;9;1;B01
201200025591;0;7;0;0;0;3;1;C01
201200025592;0;1;0;0;2;0;1;B01
201200025592;0;14;0;0;2;0;1;A01
201200025593;0;7;0;6;0;1;1;A01
201200025594;0;1;0;0;2;1;1;B01
201200025594;0;7;0;0;2;3;1;A01
201200025595;0;2;0;0;0;0;0;A01
201200025596;0;7;0;0;2;3;0;B01
201200025596;0;33;0;0;0;8;12;A01
201200025597;0;7;0;0;0;3;1;C01
201200025597;0;1;0;0;0;4;15;B01
201200025597;0;7;0;0;2;1;1;A01
201200025598;0;13;0;0;1;6;4;A01
201200025599;0;7;0;0;2;1;1;A01
201200025599;0;7;0;0;2;4;1;B01
201200025600;0;2;0;0;1;0;1;A01
201200025601;0;33;0;12;0;2;1;A01
201200025602;0;7;0;0;2;3;1;A01
201200025602;0;33;0;0;2;7;15;B01
201200025603;0;10;0;7;2;1;6;A01
201200025603;0;7;0;0;9;3;1;B01
201200025604;0;7;0;0;1;3;16;A01
201200025605;0;2;0;0;1;1;1;A01
201200025606;0;30;0;0;2;3;1;A01
201200025606;0;7;0;1;2;7;20;B01
201200025606;0;7;0;0;2;0;24;C01
201200025607;0;33;0;0;2;7;1;A01
201200025607;0;7;0;0;2;4;1;C01
201200025607;0;7;0;0;2;0;9;B01
201200025608;0;37;1;0;2;7;1;B01
201200025608;0;7;0;0;2;1;15;A01
201200025609;0;7;0;0;0;3;15;A01
201200025609;0;2;0;0;2;2;17;B01
201200025610;0;2;0;0;2;7;2;A01
201200025610;0;10;0;0;0;6;2;B01
201200025611;0;7;0;0;1;0;20;A01
201200025612;0;7;0;0;1;1;1;A01
201200025613;0;7;0;6;0;9;1;A01
201200025614;0;31;0;0;2;1;1;B01
201200025614;0;7;0;0;0;2;15;A01
201200025615;0;1;0;0;2;8;1;A01
201200025615;0;7;0;0;0;7;1;B01
201200025616;0;7;0;0;2;7;10;A01
201200025616;0;10;0;0;2;3;9;B01
201200025617;0;7;0;0;0;5;15;A01
201200025617;0;2;0;0;2;1;1;B01
201200025618;0;7;0;0;0;4;1;B01
201200025618;0;7;0;0;2;1;2;A01
201200025619;0;7;0;0;0;4;1;B01
201200025619;0;7;0;1;0;3;2;A01
201200025620;0;7;0;0;0;8;1;A01
201200025620;0;32;0;0;2;3;15;B01
201200025621;0;7;0;8;0;1;1;A01
201200025622;0;1;0;0;2;4;1;B01
201200025622;0;7;0;0;2;3;15;A01
201200025623;0;7;0;0;2;4;1;B01
201200025623;0;1;0;0;2;1;1;A01
201200025624;1;30;0;0;1;0;1;Z01
201200025625;0;7;0;0;2;2;16;A01
201200025625;0;1;0;0;2;1;1;B01
201200025626;0;2;0;0;1;1;1;A01
201200025627;0;7;0;0;2;4;23;A01
201200025627;0;7;0;0;2;1;2;B01
201200025627;0;7;0;0;0;4;2;C01
201200025628;1;7;0;0;2;0;0;Z01
201200025628;1;1;0;1;0;4;1;B01
201200025629;0;7;0;0;1;3;1;A01
201200025630;0;7;0;0;1;1;15;A01
201200025631;0;33;0;13;0;9;1;A01
201200025632;0;7;0;0;2;1;15;A01
201200025632;0;2;0;0;2;4;1;B01
201200025633;0;7;0;0;2;1;15;A01
201200025633;0;7;0;0;2;1;1;B01
201200025634;0;31;0;0;0;0;2;A01
201200025635;0;7;0;0;1;1;16;A01
201200025636;0;7;0;0;0;6;1;A01
201200025636;0;1;0;0;2;1;1;B01
201200025637;0;7;0;0;1;3;1;A01
201200025638;0;7;0;0;2;1;1;B01
201200025638;0;1;0;0;0;5;19;A01
201200025639;0;34;0;0;2;5;16;A01
201200025639;0;7;0;0;2;0;16;B01
201200025640;0;33;0;0;0;9;1;B01
201200025640;0;7;0;0;0;1;15;A01
201200025641;0;7;0;0;0;8;15;B01
201200025641;0;33;0;0;2;1;1;A01
201200025642;0;31;0;0;2;3;15;A01
201200025642;0;7;0;0;0;6;1;B01
201200025643;0;7;0;0;2;1;1;B01
201200025643;0;7;0;0;0;3;1;A01
201200025644;0;7;0;0;2;3;20;A01
201200025645;0;30;0;0;0;6;1;B01
201200025645;0;7;0;0;2;1;9;A01
201200025646;0;7;0;0;2;4;2;C01
201200025646;0;7;0;0;2;1;2;A01
201200025646;0;7;0;0;2;4;2;B01
201200025647;0;7;0;0;2;1;15;A01
201200025647;0;2;0;0;2;8;1;B01
201200025648;0;2;0;0;2;1;1;B01
201200025648;0;10;0;0;2;7;15;A01
201200025649;0;7;0;0;0;7;15;A01
201200025649;0;33;0;0;2;1;1;B01
201200025650;0;7;0;0;2;2;19;A01
201200025650;0;33;0;0;2;1;1;B01
201200025651;0;7;0;0;0;3;15;B01
201200025651;0;2;0;0;2;1;1;A01
201200025652;0;7;0;1;0;9;1;A01
201200025653;0;7;0;0;2;1;1;A01
201200025653;0;7;0;1;0;5;1;B01
201200025654;0;33;0;0;2;1;15;B01
201200025654;0;7;0;0;2;3;1;A01
201200025655;0;33;0;0;2;2;17;A01
201200025655;0;10;0;0;2;1;1;B01
201200025656;0;7;0;0;2;1;1;B01
201200025656;0;7;0;0;2;1;13;A01
201200025657;0;7;0;0;0;3;15;A01
201200025657;0;34;0;0;2;1;1;B01
201200025657;0;7;0;0;0;0;1;C01
201200025658;0;7;0;0;2;3;16;A01
201200025658;0;7;0;0;2;1;1;B01
201200025659;0;1;0;0;2;3;11;A01
201200025659;0;7;0;0;2;3;1;B01
201200025660;0;7;0;0;2;1;2;A01
201200025660;0;33;0;0;2;4;2;B01
201200025661;0;7;0;0;1;0;16;A01
201200025662;0;7;0;0;1;0;1;A01
201200025663;0;7;0;0;2;1;0;C01
201200025663;0;7;0;0;2;3;0;B01
201200025663;2;7;0;0;2;2;0;A01
201200025664;0;7;0;0;0;4;1;B01
201200025664;0;7;0;0;2;1;2;A01
201200025665;0;7;0;0;2;8;15;A01
201200025665;0;34;0;0;2;9;1;B01
201200025666;0;40;0;0;1;2;1;A01
201200025667;0;1;0;0;2;6;1;A01
201200025667;0;1;0;0;2;1;15;B01
201200025668;0;7;0;0;2;8;9;A01
201200025668;0;32;0;0;2;1;1;B01
201200025669;0;7;0;14;0;1;1;A01
201200025670;0;7;0;0;2;1;15;A01
201200025670;0;2;0;0;2;1;1;B01
201200025671;0;7;0;0;0;7;1;A01
201200025671;0;7;0;0;2;1;1;B01
201200025672;0;33;0;0;1;1;6;A01
201200025673;0;1;0;0;2;1;1;B01
201200025673;0;7;0;0;0;2;1;A01
201200025674;0;10;0;0;2;2;1;A01
201200025674;0;1;0;0;2;0;1;B01
201200025675;0;1;0;0;2;0;1;A01
201200025675;0;7;0;0;2;3;1;B01
201200025676;0;7;0;0;2;1;1;A01
201200025676;0;7;0;0;2;4;1;C01
201200025676;0;7;0;0;2;1;1;B01
201200025677;0;40;0;0;2;1;1;B01
201200025677;0;10;0;0;4;3;1;A01
201200025678;0;10;0;0;2;1;1;B01
201200025678;0;7;0;5;0;8;13;A01
201200025679;0;7;0;0;2;2;13;B01
201200025679;0;30;0;0;2;8;16;A01
201200025680;0;7;0;0;2;2;9;A01
201200025680;0;32;0;0;2;1;16;B01
201200025681;0;1;0;0;2;3;1;B01
201200025681;0;10;0;0;2;2;16;A01
201200025682;0;33;0;0;2;1;2;A01
201200025682;0;7;0;0;0;5;1;B01
201200025683;1;7;0;0;2;0;1;Z01
201200025683;0;30;0;0;2;1;1;B01
201200025684;0;37;62;0;1;0;1;A01
201200025685;0;31;0;9;0;1;1;A01
201200025686;0;1;0;0;1;1;1;A01
201200025687;0;7;0;14;0;1;15;A01
201200025688;0;2;0;0;2;3;1;A01
201200025688;0;7;0;0;0;1;15;B01
201200025689;0;7;0;4;0;3;13;A01
201200025690;0;7;0;0;2;1;2;A01
201200025690;0;7;0;0;2;4;2;B01
201200025690;0;7;0;0;2;4;2;C01
201200025691;0;7;0;0;1;4;4;A01
201200025692;0;33;0;0;0;3;21;A01
201200025692;0;7;0;0;0;0;19;B01
201200025693;0;30;0;0;2;1;1;B01
201200025693;0;2;0;0;2;1;16;A01
201200025694;0;7;0;0;2;2;16;A01
201200025694;0;1;0;0;2;1;1;B01
201200025695;0;7;0;0;2;7;15;B01
201200025695;0;34;0;0;2;1;1;A01
201200025696;0;37;1;0;2;6;1;B01
201200025696;0;20;0;0;2;1;15;A01
201200025697;0;10;0;0;2;3;15;A01
201200025697;0;2;0;0;2;3;1;B01
201200025698;0;7;0;0;0;8;5;A01
201200025698;0;7;0;0;2;2;1;B01
201200025699;0;7;0;7;0;1;1;A01
201200025700;0;7;0;0;0;6;2;B01
201200025700;0;7;0;0;2;1;2;A01
201200025701;0;30;0;0;2;1;1;A01
201200025701;0;7;0;0;2;5;16;B01
201200025702;0;7;0;0;2;3;15;A01
201200025702;0;2;0;0;0;7;1;B01
201200025703;0;7;0;0;2;8;15;A01
201200025703;0;40;0;0;2;1;1;B01
201200025704;0;2;0;0;0;9;1;B01
201200025704;0;7;0;0;2;2;1;A01
201200025705;0;2;0;0;2;3;15;A01
201200025705;0;40;0;0;2;2;1;B01
201200025706;0;2;0;0;2;1;2;A01
201200025706;0;7;0;0;0;4;2;B01
201200025707;0;7;0;0;2;2;6;A01
201200025707;0;7;0;0;2;7;1;B01
201200025708;0;7;0;0;2;1;1;A01
201200025708;0;7;0;0;2;4;15;B01
201200025709;0;7;0;1;0;9;14;A01
201200025710;0;7;0;0;2;3;15;A01
201200025710;0;14;0;0;2;2;1;B01
201200025711;0;7;0;0;2;1;1;A01
201200025711;0;7;0;0;2;7;1;B01
201200025712;2;7;0;0;2;3;5;A01
201200025712;0;7;0;0;2;8;23;B01
201200025712;0;7;0;0;2;8;23;C01
201200025712;0;7;0;0;2;3;23;D01
201200025712;0;7;0;0;2;3;23;E01
201200025712;0;7;0;1;2;3;23;F02
201200025712;0;7;0;0;2;8;23;G02
201200025712;0;7;0;0;2;0;23;H02
201200025712;0;7;0;0;2;8;23;I02
201200025713;0;7;0;0;2;1;15;A01
201200025713;0;2;0;0;0;1;1;B01
201200025714;1;7;0;0;2;2;15;A01
201200025714;0;2;0;0;0;9;1;B01
201200025715;0;7;0;0;2;2;1;C01
201200025715;0;7;0;0;2;4;1;E01
201200025715;0;30;0;0;2;9;1;B01
201200025715;0;7;0;0;2;4;1;G02
201200025715;0;7;0;0;2;2;1;A01
201200025715;0;7;0;0;2;9;1;F02
201200025715;0;7;0;0;2;2;1;D01
201200025716;0;7;0;0;2;6;1;C01
201200025716;0;30;0;0;2;9;1;B01
201200025716;0;7;0;0;2;3;10;A01
201200025717;0;7;0;0;0;0;1;C01
201200025717;0;10;0;0;2;2;1;A01
201200025717;0;7;0;0;0;1;15;B01
201200025718;0;7;0;0;1;3;1;A01
201200025719;0;7;0;0;2;5;15;B01
201200025719;0;33;0;0;2;1;1;A01
201200025720;0;31;0;0;2;9;1;B01
201200025720;0;7;0;0;2;2;15;A01
201200025721;0;1;0;0;2;1;1;B01
201200025721;0;7;0;0;0;5;16;A01
201200025722;0;7;0;9;0;8;1;B01
201200025722;0;7;0;0;2;2;15;A01
201200025723;0;7;0;0;0;3;10;A01
201200025723;0;2;0;0;2;1;1;B01
201200025724;0;2;0;9;0;9;0;A01
201200025725;0;1;0;0;2;7;19;A01
201200025725;0;2;0;0;2;1;1;B01
201200025726;0;7;0;0;2;1;1;B01
201200025726;0;32;0;0;2;9;15;A01
201200025727;0;7;0;0;2;1;1;A01
201200025727;0;7;0;0;2;9;2;B01
201200025727;0;7;0;0;9;4;2;C01
201200025728;0;7;0;0;2;2;15;A01
201200025728;0;7;0;0;2;7;1;B01
201200025729;0;7;0;0;2;1;1;A01
201200025729;0;10;0;0;2;4;2;C01
201200025729;0;7;0;0;2;9;1;B01
201200025730;0;1;0;0;2;1;1;B01
201200025730;0;7;0;1;0;7;15;A01
201200025731;0;7;0;0;0;2;15;A01
201200025731;0;33;0;0;2;1;1;B01
201200025732;0;7;0;0;0;4;1;B01
201200025732;0;7;0;0;2;1;2;A01
201200025733;0;7;0;0;2;1;2;A01
201200025733;0;7;0;0;2;4;2;B01
201200025734;0;7;0;0;0;8;22;A01
201200025734;0;1;0;0;2;1;1;B01
201200025735;0;7;0;0;2;1;1;A01
201200025735;0;7;0;1;2;1;1;B01
201200025736;0;30;0;0;2;5;1;B01
201200025736;0;7;0;0;2;3;16;A01
201200025737;0;7;0;0;1;1;13;A01
201200025738;0;7;0;0;2;1;2;A01
201200025738;0;7;0;0;0;4;1;B01
201200025739;0;2;0;0;2;3;1;A01
201200025739;0;32;0;0;0;1;1;C01
201200025739;0;7;0;0;2;3;9;B01
201200025740;0;7;0;8;1;2;0;A01
201200025741;0;40;0;0;1;3;1;A01
201200025742;0;7;0;0;1;4;4;A01
201200025743;0;7;0;0;1;3;16;A01
201200025744;0;7;0;0;2;1;1;A01
201200025744;0;7;0;1;0;7;1;B01
201200025745;0;7;0;0;1;0;1;A01
201200025746;0;7;0;0;0;8;22;A01
201200025746;0;1;0;1;0;2;1;B01
201200025747;0;7;0;0;1;3;1;A01
201200025748;0;7;0;0;1;3;1;A01
201200025749;0;7;0;0;1;3;0;A01
201200025750;0;7;0;0;2;1;1;B01
201200025750;0;7;0;0;2;1;13;A01
201200025751;0;7;0;0;2;1;2;A01
201200025751;0;7;0;0;0;4;1;C01
201200025751;0;7;0;0;2;9;1;B01
201200025752;0;7;0;0;2;2;15;A01
201200025752;0;1;0;0;2;3;1;B01
201200025753;0;33;0;0;2;1;15;B01
201200025753;0;7;0;0;2;8;10;A01
201200025754;0;10;0;0;1;4;4;A01
201200025755;0;7;0;0;1;2;16;A01
201200025756;0;7;0;11;0;1;1;A01
201200025757;0;1;0;0;2;1;1;A01
201200025757;0;7;0;0;0;5;9;B01
201200025758;0;33;0;0;0;2;1;A01
201200025759;1;7;0;0;1;0;0;Z01
201200025760;0;2;0;13;0;2;2;A01
201200025761;0;10;0;0;2;7;15;A01
201200025761;0;33;0;0;2;1;1;B02
201200025762;0;7;0;0;2;3;1;A01
201200025762;0;7;0;0;2;3;1;B02
201200025763;0;7;0;16;0;2;1;A01
201200025764;0;7;0;0;1;8;1;A01
201200025765;0;7;0;3;0;8;1;B02
201200025765;0;7;0;10;0;8;1;A01
201200025766;0;7;0;2;0;1;1;A01
201200025767;0;7;0;0;0;3;15;A01
201200025767;0;31;0;0;0;2;17;B02
201200025768;0;33;0;0;2;1;2;A01
201200025768;0;7;0;0;2;6;19;B02
201200025769;0;30;0;0;2;1;2;A01
201200025769;0;7;0;0;0;4;2;B02
201200025770;0;30;0;6;0;1;1;A01
201200025771;0;7;0;0;0;4;2;A01
201200025771;0;7;0;0;0;1;2;B02
201200025772;0;30;0;0;2;5;9;A01
201200025772;0;31;0;0;2;1;2;B02
201200025773;0;7;0;0;2;6;23;C03
201200025773;0;7;0;0;2;1;2;A01
201200025773;0;7;0;0;2;7;23;B02
201200025774;0;33;0;0;0;2;1;A01
201200025775;0;7;0;0;2;5;15;B02
201200025775;0;31;0;0;2;1;1;A01
201200025776;0;7;0;0;1;4;4;A01
201200025777;0;7;0;0;2;3;15;B01
201200025777;0;31;0;0;2;3;1;A01
201200025778;0;7;0;6;1;4;4;A01
201200025779;0;7;0;3;2;0;1;B01
201200025779;0;7;0;0;2;1;17;A01
201200025780;0;10;0;0;2;0;0;A01
201200025780;0;1;0;0;2;0;0;B01
201200025781;0;7;0;0;2;1;1;B01
201200025781;0;7;0;0;2;1;19;A01
201200025782;0;7;0;0;2;1;17;A01
201200025782;0;1;0;0;2;4;2;B01
201200025783;0;10;0;0;2;5;12;A01
201200025783;0;1;0;0;2;8;1;B01
201200025784;0;7;0;0;2;1;2;C01
201200025784;1;99;0;0;0;0;0;A01
201200025784;0;7;0;0;2;4;2;B01
201200025785;0;32;0;0;2;3;0;A01
201200025785;0;7;0;0;2;3;15;B01
201200025786;0;7;0;13;0;2;1;A01
201200025787;0;7;0;0;2;8;15;B01
201200025787;0;31;0;0;2;1;1;A01
201200025788;0;7;0;0;2;2;1;A01
201200025788;0;1;0;0;2;1;0;B01
201200025789;0;7;0;0;2;4;1;B01
201200025789;0;7;0;0;2;1;2;A01
201200025790;0;7;0;0;0;7;15;B01
201200025790;0;30;0;0;2;0;0;A01
201200025791;0;30;0;0;1;1;17;A01
201200025792;0;30;0;0;2;1;0;A01
201200025792;0;7;0;0;2;3;1;B01
201200025793;0;7;0;0;2;3;15;A01
201200025793;0;34;0;0;2;1;1;B01
201200025794;0;2;0;15;2;8;1;B01
201200025794;0;7;0;0;2;1;19;A01
201200025795;0;33;0;8;0;0;1;A01
201200025796;1;2;0;0;1;0;0;Z01
201200025797;0;7;0;0;1;1;1;A01
201200025798;0;30;0;0;2;1;1;B01
201200025798;0;7;0;0;2;1;1;A01
201200025799;0;7;0;0;2;1;1;A01
201200025799;0;1;0;0;2;4;1;B01
201200025800;0;32;0;0;2;1;19;A01
201200025800;0;7;0;0;2;7;1;B01
201200025801;0;7;0;0;1;1;17;A01
201200025802;0;7;0;0;1;1;1;A01
201200025803;0;2;0;0;1;1;1;A01
201200025804;0;7;0;3;0;1;1;A01
201200025805;0;1;0;0;2;8;1;B01
201200025805;0;7;0;0;2;7;17;A01
201200025806;0;7;0;4;0;9;1;A01
201200025807;1;7;0;0;2;1;1;Z01
201200025807;0;2;0;0;2;4;1;B01
201200025808;0;33;0;0;2;1;1;B01
201200025808;0;7;0;0;2;5;10;A01
201200025809;0;7;0;6;0;1;1;A01
201200025810;0;37;0;0;2;1;17;A01
201200025810;0;7;0;0;2;1;1;B01
201200025811;0;7;0;0;2;1;9;A01
201200025811;0;7;0;0;2;7;1;B01
201200025812;0;7;0;5;0;1;1;A01
201200025813;0;7;0;0;2;3;9;A01
201200025813;0;1;0;0;2;1;1;B01
201200025814;0;38;45;0;1;2;1;A01
201200025815;0;33;0;0;2;1;1;A01
201200025815;0;10;0;0;2;1;1;B01
201200025816;0;33;0;0;2;7;1;B01
201200025816;1;99;0;6;2;1;15;Z01
201200025817;0;1;0;0;2;4;2;B01
201200025817;1;7;0;0;2;1;2;Z01
201200025818;0;7;0;0;1;1;1;A01
201200025819;0;33;0;5;0;1;0;A01
201200025820;0;33;0;0;2;1;13;B01
201200025820;0;7;0;0;2;3;10;A01
201200025821;0;33;0;0;2;1;1;A01
201200025821;0;15;0;0;2;4;15;Z01
201200025822;0;7;0;2;0;3;1;A01
201200025823;0;7;0;0;1;3;15;A01
201200025824;0;33;0;7;0;1;1;A01
201200025825;0;7;0;0;1;1;1;A01
201200025826;0;33;0;0;2;7;16;A01
201200025826;0;7;0;0;2;3;1;B01
201200025827;0;7;0;0;1;1;15;A01
201200025828;0;7;0;0;2;1;1;B01
201200025828;0;7;0;7;2;1;1;A01
201200025829;0;31;0;1;2;1;17;A01
201200025829;0;7;0;0;2;8;15;B01
201200025830;0;7;0;0;2;6;13;A01
201200025830;0;33;0;0;2;1;1;B01
201200025831;0;33;0;3;0;7;1;A01
201200025832;0;7;0;0;2;1;1;B01
201200025832;2;7;0;0;2;1;1;A01
201200025833;0;2;0;0;2;7;1;B01
201200025833;0;7;0;0;2;1;1;A01
201200025834;0;7;0;4;2;3;1;A01
201200025834;0;7;0;4;2;3;1;B01
201200025835;0;14;0;0;2;8;1;B01
201200025835;1;2;0;0;2;1;10;A01
201200025836;0;7;0;0;1;1;1;A01
201200025837;0;7;0;0;2;1;1;C01
201200025837;0;7;0;0;2;1;1;B01
201200025837;0;7;0;0;2;1;1;D01
201200025837;0;7;0;0;2;0;15;A01
201200025838;0;7;0;0;2;6;1;B01
201200025838;0;31;0;0;2;1;1;A01
201200025839;0;7;0;0;2;3;15;A01
201200025839;0;7;0;0;2;3;1;B01
201200025840;0;7;0;0;1;1;1;A01
201200025841;0;7;0;0;2;1;9;A01
201200025841;0;33;0;0;2;7;1;B01
201200025842;0;30;0;0;2;1;1;A01
201200025842;0;7;0;0;2;3;1;B01
201200025843;0;7;0;0;2;3;15;B01
201200025843;0;30;0;0;2;1;1;A01
201200025844;1;7;0;0;1;3;1;A01
201200025845;0;7;0;0;1;1;1;A01
201200025846;1;7;0;0;1;0;0;Z01
201200025847;0;7;0;0;1;7;1;A01
201200025848;0;30;0;0;2;1;19;A01
201200025848;0;7;0;0;2;0;1;B01
201200025849;0;7;0;0;1;1;1;A01
201200025850;0;7;0;0;1;1;15;A01
201200025851;0;7;0;0;2;8;10;A01
201200025851;0;17;0;0;2;1;1;B01
201200025852;0;7;0;0;1;1;1;A01
201200025853;0;10;0;0;2;1;1;B01
201200025853;0;2;0;0;2;1;16;A01
201200025854;0;7;0;0;2;1;1;A01
201200025854;0;7;0;0;2;4;13;B01
201200025855;0;2;0;0;2;1;17;A01
201200025855;0;7;0;0;2;6;1;B01
201200025856;0;7;0;0;1;1;1;A01
201200025857;0;7;0;1;0;1;1;A01
201200025857;0;15;0;0;0;4;24;B01
201200025858;0;7;0;0;1;3;1;A01
201200025859;1;7;0;0;2;8;1;B01
201200025859;0;32;0;0;2;1;1;A01
201200025860;0;7;0;5;0;3;1;A01
201200025861;0;7;0;0;2;7;1;A01
201200025861;0;7;0;0;2;1;1;B01
201200025862;0;7;0;0;1;1;1;A01
201200025863;0;7;0;0;2;1;2;A01
201200025863;0;7;0;0;2;4;2;B01
201200025864;0;7;0;0;1;3;2;A01
201200025865;0;32;0;12;0;1;1;A01
201200025866;0;30;0;0;2;1;3;A01
201200025866;0;7;0;0;2;8;1;B01
201200025867;0;32;0;0;2;1;1;B01
201200025867;0;7;0;0;2;3;19;A01
201200025868;0;7;0;0;2;8;24;A01
201200025868;0;1;0;1;0;1;1;B01
201200025869;0;32;0;0;0;4;1;A01
201200025869;0;7;0;0;2;2;2;B01
201200025870;0;40;0;0;1;1;1;A01
201200025871;0;1;0;0;0;4;1;B01
201200025871;0;7;0;0;9;1;1;A01
201200025872;0;7;0;0;2;1;2;A01
201200025872;0;7;0;0;0;4;2;C01
201200025872;0;7;0;0;2;6;2;B01