num_acc;senc;catv;occutc;obs;obsm;choc;manv;num_veh
201200025873;0;31;0;0;2;6;1;A01
201200025873;1;7;0;0;0;3;10;Z01
201200025874;0;32;0;0;2;1;1;A01
201200025874;0;7;0;0;2;4;1;B01
201200025875;0;33;0;0;2;1;1;A01
201200025875;0;7;0;9;2;5;15;B01
201200025876;0;7;0;0;2;1;1;B01
201200025876;0;7;0;0;2;8;16;A01
201200025877;0;7;0;0;2;1;15;A01
201200025877;0;33;0;0;2;1;1;B01
201200025878;0;7;0;0;1;1;1;A01
201200025879;0;33;0;0;2;1;1;B01
201200025879;0;10;0;0;2;7;10;A01
201200025880;0;34;0;0;2;4;23;B01
201200025880;0;7;0;0;2;1;1;A01
201200025881;0;10;0;0;2;3;1;B01
201200025881;0;33;0;0;2;1;17;A01
201200025882;0;7;0;0;2;5;15;A01
201200025882;0;34;0;0;2;1;1;B01
201200025883;0;7;0;0;2;8;13;A01
201200025883;0;32;0;0;2;2;13;B01
201200025884;0;31;0;0;2;7;8;A01
201200025884;0;7;0;0;2;3;20;B01
201200025885;0;7;0;8;0;3;0;A01
201200025886;0;33;0;0;2;2;21;B01
201200025886;0;7;0;0;2;3;19;A01
201200025887;1;7;0;0;1;0;0;A01
201200025888;2;7;0;1;2;2;1;A01
201200025888;0;7;0;0;2;3;15;B01
201200025889;0;7;0;0;2;1;1;A01
201200025889;0;7;0;0;2;7;1;B01
201200025890;0;7;0;0;1;1;1;A01
201200025891;0;34;0;0;1;1;1;A01
201200025891;0;7;0;0;1;8;1;B01
201200025892;2;7;0;12;2;2;1;A01
201200025892;0;7;0;0;2;8;19;B01
201200025893;0;7;0;0;2;3;15;A01
201200025893;0;32;0;0;2;1;17;B01
201200025894;0;30;0;0;2;1;1;A01
201200025894;0;2;0;0;0;4;1;B01
201200025895;0;7;0;13;0;3;1;A01
201200025896;0;7;0;12;0;7;1;A01
201200025897;0;2;0;0;2;1;15;A01
201200025897;0;7;0;0;2;3;1;B01
201200025898;0;7;0;0;2;3;2;A01
201200025898;0;7;0;0;2;4;2;C01
201200025898;0;7;0;0;2;5;2;B01
201200025899;0;7;0;0;1;2;1;A01
201200025900;0;7;0;0;2;5;15;A01
201200025900;0;33;0;9;2;2;1;B01
201200025901;0;7;0;12;0;1;1;A01
201200025902;0;7;0;10;0;0;1;A01
201200025903;0;7;0;0;0;3;15;A01
201200025903;0;33;0;0;0;1;1;B01
201200025904;0;32;0;0;0;0;3;A01
201200025905;0;7;0;0;2;7;15;A01
201200025905;0;32;0;0;2;1;1;B01
201200025906;0;7;0;0;2;2;16;B01
201200025906;0;1;0;0;2;1;15;A01
201200025907;0;33;0;0;2;1;1;B01
201200025907;0;7;0;0;2;3;15;A01
201200025908;0;7;0;0;2;1;16;A01
201200025908;0;1;0;0;2;1;19;B01
201200025909;0;7;0;0;0;4;2;B01
201200025909;0;7;0;0;0;6;2;C01
201200025909;0;7;0;0;2;1;2;A01
201200025910;0;32;0;0;2;1;17;A01
201200025910;0;7;0;0;2;3;15;B01
201200025911;0;7;0;0;2;1;15;A01
201200025911;0;2;0;0;2;1;2;B01
201200025912;0;7;0;0;2;1;1;A01
201200025912;0;32;0;0;2;7;15;B01
201200025913;0;33;0;0;2;1;13;A01
201200025913;0;7;0;0;2;3;15;B01
201200025914;0;7;0;0;2;1;2;A01
201200025914;0;7;0;0;2;4;2;B01
201200025914;0;7;0;0;2;5;17;C01
201200025915;0;30;0;0;0;7;15;A01
201200025916;0;33;0;0;0;7;2;A01
201200025916;0;7;0;0;2;1;1;B01
201200025917;0;7;0;0;1;1;1;A01
201200025918;0;30;0;0;0;0;1;A01
201200025919;0;33;0;0;2;2;1;B01
201200025919;0;7;0;0;2;3;10;A01
201200025920;0;7;0;1;2;7;1;B01
201200025920;0;7;0;0;2;1;16;A01
201200025921;0;7;0;0;2;8;10;A01
201200025921;0;34;0;0;2;1;1;B01
201200025922;0;1;0;0;2;1;19;A01
201200025922;0;7;0;0;9;3;1;B01
201200025923;0;7;0;1;0;8;4;A01
201200025923;0;7;0;0;2;7;24;B01
201200025924;0;31;0;12;0;1;1;A01
201200025925;0;7;0;0;1;7;1;A01
201200025926;0;7;0;0;0;2;15;A01
201200025926;0;7;0;0;2;1;1;B01
201200025927;0;32;0;0;1;1;1;A01
201200025928;0;7;0;0;2;7;15;A01
201200025928;0;30;0;0;2;8;1;B01
201200025929;0;10;0;0;1;1;15;A01
201200025930;0;2;0;0;0;0;15;A01
201200025931;0;7;0;2;0;3;0;A01
201200025932;0;30;0;0;2;1;1;B01
201200025932;0;7;0;0;2;8;15;A01
201200025933;0;7;0;1;0;2;1;A01
201200025934;0;32;0;0;2;7;1;A01
201200025934;0;7;0;0;2;8;15;B01
201200025935;0;33;0;0;2;4;15;B01
201200025935;0;32;0;0;2;1;1;A01
201200025936;0;7;0;0;2;1;2;A01
201200025936;0;33;0;0;2;4;2;B01
201200025937;0;7;0;0;2;0;2;A01
201200025937;0;32;0;0;2;3;1;B01
201200025938;0;2;0;0;2;1;1;A01
201200025938;0;7;0;0;2;2;1;B01
201200025939;0;7;0;0;2;1;1;B01
201200025939;0;7;0;0;0;4;1;A01
201200025940;0;7;0;0;1;1;17;A01
201200025941;0;7;0;0;2;2;15;B01
201200025941;0;7;0;0;2;8;1;A01
201200025942;0;2;0;0;2;1;1;B01
201200025942;0;7;0;0;2;2;15;A01
201200025943;0;21;0;0;2;2;16;A01
201200025943;0;32;0;0;2;1;1;B01
201200025944;0;1;0;1;0;1;2;B01
201200025944;0;7;0;0;9;3;22;A01
201200025945;0;7;0;0;9;2;1;B01
201200025945;0;1;0;0;2;2;9;A01
201200025946;0;32;0;0;2;1;1;B01
201200025946;0;7;0;0;2;1;15;A01
201200025947;0;31;0;0;0;0;2;A01
201200025948;0;7;0;6;0;1;0;A01
201200025949;0;7;0;0;1;2;1;A01
201200025950;0;7;0;0;2;4;2;B01
201200025950;0;7;0;0;2;1;2;A01
201200025951;0;30;0;0;0;0;1;A01
201200025952;0;33;0;4;0;7;17;A01
201200025953;0;7;0;2;0;2;0;A01
201200025954;0;7;0;0;1;3;1;A01
201200025955;0;7;0;13;0;1;1;A01
201200025956;0;7;0;0;1;1;1;A01
201200025957;1;7;0;0;2;6;11;Z01
201200025957;0;33;0;0;2;1;1;A01
201200025958;0;7;0;0;2;7;15;A01
201200025958;0;31;0;0;2;1;1;B01
201200025959;0;33;0;0;2;1;1;B01
201200025959;0;7;0;0;2;7;10;A01
201200025960;0;7;0;4;0;1;1;A01
201200025961;0;7;0;0;1;2;1;A01
201200025962;0;34;0;0;2;5;1;B01
201200025962;0;7;0;0;2;1;9;A01
201200025963;0;7;0;6;0;1;1;A01
201200025964;0;7;0;6;0;1;1;A01
201200025965;1;7;0;0;1;0;1;Z01
201200025966;0;30;0;0;0;7;16;A01
201200025967;0;33;0;0;0;0;1;B01
201200025967;0;7;0;0;0;0;1;A01
201200025968;0;32;0;12;0;3;13;A01
201200025969;0;31;0;0;2;1;1;B01
201200025969;2;7;0;0;2;3;15;A01
201200025970;0;1;0;14;0;1;1;A01
201200025971;0;7;0;0;2;3;22;A01
201200025971;0;31;0;1;0;2;1;B01
201200025972;0;7;0;0;1;7;1;A01
201200025973;0;7;0;12;0;7;0;A01
201200025974;0;10;0;0;2;3;15;B01
201200025974;0;32;0;0;2;1;1;A01
201200025975;0;7;0;0;2;0;15;A01
201200025975;0;32;0;0;2;7;1;B01
201200025976;0;31;0;0;2;1;1;B01
201200025976;0;7;0;0;2;3;19;A01
201200025977;0;7;0;0;2;3;1;B01
201200025977;0;1;0;0;2;7;0;A01
201200025978;0;7;0;0;2;1;2;A01
201200025978;0;7;0;0;2;4;2;B01
201200025979;0;7;0;0;1;4;0;A01
201200025980;0;34;0;0;2;2;0;A01
201200025980;0;7;0;0;2;3;11;B01
201200025981;0;7;0;0;2;4;1;B01
201200025981;0;33;0;0;2;1;14;A01
201200025981;0;33;0;14;2;0;17;C01
201200025982;0;7;0;0;2;3;0;A01
201200025982;0;7;0;0;2;8;1;B01
201200025983;0;7;0;0;2;8;10;A01
201200025983;0;32;0;0;2;1;1;B01
201200025984;0;7;0;0;1;1;1;A01
201200025985;0;10;0;0;2;1;15;A01
201200025985;0;7;0;0;2;1;1;B01
201200025986;0;33;0;0;2;1;2;B01
201200025986;0;7;0;0;2;2;15;A01
201200025987;0;33;0;0;2;1;1;A01
201200025987;0;7;0;0;0;4;23;B01
201200025988;0;7;0;0;2;7;15;A01
201200025988;0;7;0;0;2;1;1;B01
201200025989;0;7;0;0;0;7;1;A01
201200025990;0;7;0;5;0;1;1;A01
201200025991;0;7;0;3;0;1;1;A01
201200025992;0;10;0;0;1;7;1;B01
201200025993;0;7;0;0;2;3;15;B01
201200025993;0;33;0;0;2;1;17;A01
201200025994;0;40;0;0;4;3;1;A01
201200025994;0;40;0;0;0;8;1;B01
201200025995;0;7;0;0;2;2;15;A01
201200025995;0;31;0;0;2;1;1;B01
201200025996;0;7;0;0;2;1;2;A01
201200025996;0;7;0;0;2;4;2;B01
201200025997;0;31;0;0;6;1;1;A01
201200025998;0;7;0;0;0;4;2;B01
201200025998;2;7;0;0;2;1;2;A01
201200025999;0;7;0;0;2;4;23;B01
201200025999;1;7;0;0;2;1;2;Z01
201200026000;0;7;0;0;2;8;10;A01
201200026000;0;33;0;0;2;1;1;B01
201200026001;0;7;0;0;2;7;16;B01
201200026001;0;31;0;0;2;1;18;A01
201200026002;0;30;0;0;2;1;2;B01
201200026002;0;1;0;0;2;8;19;A01
201200026003;0;7;0;0;2;3;1;B01
201200026003;0;7;0;0;2;3;13;A01
201200026004;0;7;0;0;2;1;2;A01
201200026004;0;7;0;0;2;4;2;B01
201200026005;0;7;0;14;0;1;16;A01
201200026006;0;7;0;6;0;1;1;A01
201200026007;0;7;0;0;2;4;2;B01
201200026007;0;33;0;0;2;1;2;A01
201200026008;0;7;0;0;2;4;23;C01
201200026008;0;7;0;0;2;4;23;B01
201200026008;0;7;0;0;2;1;1;A01
201200026009;0;7;0;0;0;4;2;B01
201200026009;0;32;0;0;2;1;2;A01
201200026010;0;33;0;0;2;1;1;B01
201200026010;0;7;0;0;2;7;15;A01
201200026011;0;7;0;0;2;4;23;C01
201200026011;0;30;0;0;2;1;1;A01
201200026011;0;32;0;0;2;4;23;B01
201200026012;0;33;0;8;2;3;1;A01
201200026012;1;7;0;0;2;3;15;Z01
201200026013;0;7;0;0;2;1;15;A01
201200026013;0;31;0;0;2;3;1;B01
201200026014;0;7;0;0;0;2;1;A01
201200026015;0;32;0;0;0;7;0;A01
201200026016;0;30;0;0;2;1;1;B01
201200026016;0;7;0;0;2;2;15;A01
201200026017;0;1;0;0;0;8;19;A01
201200026017;0;31;0;0;2;1;1;B01
201200026018;0;7;0;0;2;1;2;B01
201200026018;0;7;0;0;2;2;15;A01
201200026019;0;7;0;0;1;1;15;A01
201200026020;0;7;0;0;2;3;15;B01
201200026020;0;33;0;0;2;2;17;A01
201200026021;0;34;0;0;2;1;1;B01
201200026021;0;7;0;0;2;5;15;A01
201200026022;0;1;0;0;2;7;1;A01
201200026022;0;7;0;0;2;1;1;B01
201200026023;0;7;0;0;2;8;13;A01
201200026023;0;33;0;12;2;2;17;B01
201200026024;0;33;0;0;0;0;1;A01
201200026025;0;7;0;12;0;2;0;A01
201200026026;0;2;0;0;2;8;1;B01
201200026026;0;10;0;0;2;1;15;A01
201200026027;1;2;0;0;2;1;15;Z01
201200026027;0;31;0;0;2;1;1;B01
201200026028;0;33;0;0;0;0;1;A01
201200026029;0;7;0;0;2;1;15;A01
201200026029;0;33;0;0;2;1;1;B01
201200026030;0;7;0;0;0;7;1;B01
201200026030;0;7;0;0;2;1;1;A01
201200026031;0;1;0;0;2;1;1;B01
201200026031;0;7;0;0;2;8;15;A01
201200026032;0;33;0;12;0;1;2;A01
201200026033;0;32;0;12;0;1;1;A01
201200026034;0;7;0;1;0;2;2;A01
201200026035;0;31;0;0;2;1;1;B01
201200026035;0;1;0;0;2;1;5;A01
201200026036;0;7;0;0;2;5;15;A01
201200026036;0;33;0;0;2;1;1;B01
201200026037;0;7;0;2;0;3;14;A01
201200026038;0;31;0;0;2;5;2;B01
201200026038;0;7;0;0;2;3;2;A01
201200026039;0;30;0;0;2;1;16;B01
201200026039;0;7;0;0;2;3;0;A01
201200026040;0;7;0;0;1;1;1;A01
201200026041;0;34;0;0;0;0;1;A01
201200026042;0;1;0;0;2;1;1;B01
201200026042;0;3;0;0;2;5;16;A01
201200026043;0;33;0;0;2;1;2;B01
201200026043;0;7;0;0;2;3;20;A01
201200026044;0;7;0;0;2;5;15;A01
201200026044;0;30;0;0;2;1;1;B01
201200026045;0;7;0;0;2;6;23;B01
201200026045;0;30;0;1;0;1;1;A01
201200026046;0;7;0;0;2;1;1;A01
201200026047;0;33;0;0;2;0;1;B01
201200026047;0;7;0;0;2;0;15;A01
201200026048;0;7;0;0;0;9;0;A01
201200026049;0;1;0;0;2;0;19;A01
201200026049;0;32;0;3;2;1;21;B01
201200026050;0;7;0;8;0;1;1;A01
201200026051;0;30;0;0;2;1;1;A01
201200026051;0;10;0;0;2;2;1;B01
201200026052;0;7;0;0;2;2;15;A01
201200026052;0;7;0;0;2;3;1;B01
201200026053;0;32;0;0;2;1;1;B01
201200026053;0;7;0;0;2;3;15;A01
201200026054;0;7;0;0;2;1;9;A01
201200026054;0;32;0;0;2;1;1;B01
201200026055;0;30;0;0;2;1;1;B01
201200026055;0;7;0;0;2;4;10;A01
201200026056;0;7;0;0;2;8;10;A01
201200026056;1;33;0;0;2;1;1;B01
201200026057;0;7;0;0;1;2;1;A01
201200026058;0;33;0;0;0;1;21;A01
201200026058;0;7;0;0;2;7;2;B01
201200026059;0;7;0;0;1;2;1;A01
201200026060;0;7;0;0;2;1;1;B01
201200026060;0;10;0;0;2;5;1;A01
201200026061;0;7;0;3;2;1;13;A01
201200026061;0;10;0;3;2;1;1;B01
201200026061;0;7;0;0;2;1;1;C01
201200026062;0;7;0;0;2;2;1;B01
201200026062;0;7;0;0;2;8;10;A01
201200026063;0;7;0;0;2;2;15;A01
201200026063;0;32;0;0;2;1;1;B01
201200026064;0;7;0;0;1;2;1;A01
201200026065;0;7;0;8;0;1;1;A01
201200026066;0;7;0;0;2;2;15;B01
201200026066;2;31;0;0;2;1;1;A01
201200026067;1;7;0;0;2;4;2;Z01
201200026067;0;7;0;0;2;4;1;C01
201200026067;0;7;0;0;2;4;1;B01
201200026068;0;7;0;0;2;8;10;A01
201200026068;0;32;0;0;2;2;1;B01
201200026069;0;32;0;12;0;2;1;A01
201200026070;0;7;0;0;1;3;1;A01
201200026071;0;7;0;8;0;5;1;A01
201200026072;0;33;0;0;1;1;1;A01
201200026073;0;7;0;0;0;9;16;A01
201200026074;0;7;0;0;2;4;1;D01
201200026074;0;7;0;0;2;4;1;C01
201200026074;0;40;0;0;2;1;1;B01
201200026074;0;7;0;0;4;8;15;A01
201200026075;0;33;0;0;2;3;2;B01
201200026075;0;7;0;0;2;4;10;A01
201200026076;0;7;0;0;1;3;15;A01
201200026077;1;7;0;0;1;1;0;A01
201200026078;0;7;0;0;2;6;1;B01
201200026078;1;7;0;0;2;1;0;A01
201200026079;0;34;0;0;0;0;0;B01
201200026079;1;7;0;0;0;0;14;A01
201200026080;0;10;0;0;2;7;16;B01
201200026080;0;7;0;0;2;8;11;A01
201200026081;0;7;0;0;2;5;15;A01
201200026081;0;33;0;0;2;1;1;B01
201200026082;0;33;0;0;2;1;1;B01
201200026082;0;7;0;0;2;7;10;A01
201200026083;0;33;0;0;2;1;1;B01
201200026083;0;7;0;0;2;8;10;A01
201200026084;0;7;0;0;2;1;1;B01
201200026084;0;7;0;0;0;8;15;A01
201200026085;0;7;0;0;2;1;15;A01
201200026085;0;31;0;0;2;8;1;B01
201200026086;0;7;0;0;2;4;15;B01
201200026086;0;7;0;0;2;1;1;A01
201200026087;0;7;0;0;2;1;1;A01
201200026087;0;7;0;0;2;2;1;B01
201200026088;0;7;0;0;2;3;1;A01
201200026088;0;7;0;0;2;1;15;B01
201200026089;0;7;0;0;2;1;15;B01
201200026089;0;31;0;0;2;1;1;A01
201200026090;0;32;0;0;2;1;17;A01
201200026090;0;7;0;0;2;3;21;B01
201200026091;0;30;0;0;2;5;1;A01
201200026091;0;7;0;0;2;3;1;B01
201200026092;0;1;0;0;2;4;2;A01
201200026092;0;7;0;0;2;1;1;B01
201200026093;0;32;0;7;0;1;1;A01
201200026094;0;7;0;0;2;4;13;B01
201200026094;0;7;0;0;2;1;2;A01
201200026095;0;7;0;0;2;4;2;B01
201200026095;0;7;0;0;2;1;2;A01
201200026095;0;7;0;0;2;4;2;C01
201200026096;0;10;0;0;2;2;1;B01
201200026096;0;14;0;0;2;2;13;C01
201200026096;2;7;0;0;2;3;15;A01
201200026097;0;7;0;0;1;2;1;A01
201200026098;0;7;0;0;0;3;1;B01
201200026098;0;7;0;0;0;1;15;A01
201200026099;0;7;0;0;2;1;9;A01
201200026099;0;7;0;0;2;5;1;B01
201200026100;0;7;0;11;0;1;1;A01
201200026101;0;7;0;0;2;4;15;A01
201200026101;0;33;0;0;2;1;1;B01
201200026102;0;1;0;0;2;4;15;A01
201200026102;0;7;0;0;2;1;15;B01
201200026103;0;32;0;0;0;0;1;A01
201200026104;0;7;0;0;1;2;1;A01
201200026105;0;7;0;0;1;1;1;A01
201200026106;0;7;0;0;2;3;1;B01
201200026106;0;34;0;0;2;1;1;A01
201200026107;0;7;0;0;2;4;23;B01
201200026107;0;7;0;0;2;1;2;A01
201200026108;0;7;0;0;2;3;2;B01
201200026108;0;33;0;0;2;7;2;A01
201200026109;0;7;0;0;2;2;1;B01
201200026109;0;1;0;0;2;1;5;A01
201200026110;0;40;0;0;1;1;1;A01
201200026111;0;30;0;0;9;0;9;A01
201200026112;0;7;0;0;0;7;15;A01
201200026112;0;1;0;0;2;1;15;B01
201200026113;0;33;0;12;0;2;1;A01
201200026114;0;33;0;0;0;0;1;A01
201200026115;0;33;0;14;0;3;1;A01
201200026116;0;7;0;0;2;3;19;A01
201200026116;0;7;0;0;2;1;1;B01
201200026117;1;10;0;0;2;2;2;A01
201200026117;0;7;0;0;2;6;23;B01
201200026118;0;7;0;0;2;1;15;A01
201200026118;0;30;0;0;2;8;1;B01
201200026119;0;7;0;0;2;3;1;A01
201200026119;0;7;0;0;2;2;1;B01
201200026120;0;32;0;0;2;1;1;B01
201200026120;0;7;0;0;2;2;15;A01
201200026121;0;10;0;0;0;6;0;B01
201200026121;0;7;0;0;2;2;1;A01
201200026122;0;7;0;0;9;8;1;B01
201200026122;0;1;0;0;2;1;1;A01
201200026123;0;10;0;0;2;3;15;A01
201200026123;0;32;0;0;2;8;1;B01
201200026124;0;33;0;0;2;1;13;A01
201200026124;0;10;0;0;2;1;1;B01
201200026125;0;33;0;0;2;0;13;A01
201200026125;0;7;0;0;2;1;1;B01
201200026126;0;7;0;0;2;7;9;A01
201200026126;0;31;0;0;2;8;1;B01
201200026127;0;7;0;0;1;1;15;A01
201200026128;0;32;0;0;2;0;1;B01
201200026128;1;7;0;0;2;4;9;A01
201200026129;0;7;0;0;2;4;2;E02
201200026129;0;7;0;0;2;4;2;C01
201200026129;0;7;0;0;2;4;2;F01
201200026129;0;7;0;0;2;4;2;D01
201200026129;0;7;0;0;2;3;9;B01
201200026129;0;14;0;0;2;1;2;A01
201200026130;0;10;0;0;2;8;15;B01
201200026130;0;34;0;0;2;2;17;A01
201200026131;0;33;0;0;2;1;1;B01
201200026131;0;7;0;0;0;3;9;A01
201200026132;0;32;0;0;2;1;13;A01
201200026132;0;7;0;0;2;1;1;B01
201200026133;0;10;0;15;0;1;9;A01
201200026134;0;7;0;9;0;1;1;A01
201200026135;0;7;0;0;4;7;15;A01
201200026135;0;40;0;0;2;1;2;B01
201200026136;0;10;0;13;0;2;1;A01
201200026137;0;31;0;0;2;1;1;B01
201200026137;0;7;0;0;2;3;10;A01
201200026138;0;10;0;0;2;3;1;B01
201200026138;0;10;0;0;2;2;15;A01
201200026139;0;30;0;0;2;1;17;A01
201200026139;0;7;0;0;2;3;15;B01
201200026140;0;7;0;0;1;3;1;A01
201200026141;2;7;0;;;0;10;A01
201200026142;0;7;0;0;2;1;5;A01
201200026142;0;10;0;0;2;1;1;B01
201200026143;0;7;0;0;2;1;2;B01
201200026143;0;7;0;0;2;7;15;A01
201200026144;0;7;0;0;4;8;1;A01
201200026144;0;40;0;0;2;1;1;B01
201200026145;0;7;0;0;0;4;17;B01
201200026145;1;31;0;0;2;1;17;A01
201200026146;0;7;0;0;0;4;1;B01
201200026146;0;7;0;0;2;1;1;A01
201200026147;1;2;0;0;2;1;2;A01
201200026147;0;7;0;0;2;4;2;B01
201200026148;0;7;0;4;0;1;1;A01
201200026149;0;7;0;0;1;0;15;A01
201200026150;0;7;0;0;2;3;1;A01
201200026150;0;7;0;0;2;2;15;B01
201200026151;0;7;0;0;1;7;17;A01
201200026152;0;7;0;0;2;1;1;A01
201200026152;0;7;0;0;2;4;1;C01
201200026152;0;7;0;0;2;4;1;B01
201200026153;0;10;0;0;2;1;1;A01
201200026153;0;7;0;0;0;4;15;B01
201200026154;0;31;0;12;0;1;0;A01
201200026155;0;7;0;0;2;5;15;B01
201200026155;0;33;0;0;2;1;2;A01
201200026156;0;7;0;0;2;7;15;B01
201200026156;0;7;0;0;2;3;1;A01
201200026157;0;7;0;0;2;3;21;A01
201200026157;0;7;0;0;2;5;1;B01
201200026158;0;30;0;0;2;3;0;A01
201200026158;0;7;0;0;2;2;15;B01
201200026159;0;7;0;9;0;2;1;A01
201200026160;0;7;0;0;2;3;15;A01
201200026160;0;32;0;0;2;1;1;B01
201200026161;0;7;0;0;2;1;1;B01
201200026161;0;7;0;0;2;2;15;A01
201200026162;0;33;0;0;2;1;1;A01
201200026162;0;7;0;0;2;4;1;B01
201200026162;0;7;0;0;9;8;1;C01
201200026163;0;33;0;0;2;1;17;A01
201200026163;0;7;0;0;2;8;13;B01
201200026164;0;32;0;0;2;1;17;B01
201200026164;0;7;0;0;2;4;10;A01
201200026165;0;7;0;0;2;8;1;B01
201200026165;0;1;0;0;2;1;19;A01
201200026166;0;2;0;0;2;8;15;A01
201200026166;0;7;0;0;2;1;1;B01
201200026167;0;7;0;0;1;3;21;A01
201200026168;0;7;0;0;2;1;15;A01
201200026168;0;2;0;0;2;1;1;B01
201200026169;0;32;0;0;2;1;15;A01
201200026169;0;7;0;0;2;2;16;B01
201200026170;0;7;0;0;2;2;1;A01
201200026170;0;30;0;0;2;3;1;C01
201200026170;0;7;0;0;2;3;1;B01
201200026171;0;7;0;0;9;2;1;B01
201200026171;0;1;0;0;2;1;1;A01
201200026172;0;1;0;0;2;4;1;B01
201200026172;0;7;0;0;2;3;16;A01
201200026173;0;2;0;0;2;8;1;A01
201200026173;1;7;0;0;2;0;17;Z01
201200026174;0;7;0;0;2;2;15;B01
201200026174;0;33;0;0;2;1;9;A01
201200026175;0;7;0;0;2;6;15;A01
201200026175;0;10;0;0;2;2;1;B01
201200026176;0;32;0;0;2;8;1;A01
201200026176;0;32;0;0;2;1;1;B01
201200026177;0;30;0;0;2;1;5;A01
201200026177;0;1;0;0;2;1;0;B01
201200026178;0;7;0;8;0;1;14;A01
201200026179;0;10;0;0;1;2;16;A01
201200026180;0;7;0;13;0;1;1;A01
201200026181;0;33;0;7;0;1;0;A01
201200026182;0;31;0;12;0;0;0;A01
201200026183;0;7;0;0;2;1;2;A01
201200026183;0;31;0;0;2;4;2;B01
201200026184;0;7;0;0;2;1;2;A01
201200026184;0;7;0;0;0;4;1;B01
201200026185;0;7;0;2;6;9;1;A01
201200026186;0;7;0;0;2;1;15;B01
201200026186;0;34;0;0;2;7;7;A01
201200026187;0;7;0;8;0;3;2;B01
201200026187;0;7;0;8;0;1;2;A01
201200026188;1;7;0;0;1;0;0;A01
201200026189;0;7;0;0;2;4;1;B01
201200026189;0;10;0;0;0;0;15;A01
201200026189;0;33;0;0;2;1;1;C01
201200026190;0;31;0;0;2;1;1;B01
201200026190;0;7;0;0;2;1;15;A01
201200026191;0;7;0;0;2;1;5;A01
201200026191;0;7;0;0;2;1;1;B01
201200026192;0;7;0;0;2;1;1;B01
201200026192;0;7;0;0;2;8;21;A01
201200026193;0;7;0;0;0;0;9;A01
201200026193;0;30;0;0;0;0;1;B01
201200026194;0;31;0;0;0;0;12;A01
201200026195;0;10;0;0;1;3;1;A01
201200026196;0;7;0;0;2;4;2;B01
201200026196;0;30;0;0;2;1;2;A01
201200026197;0;7;0;0;2;2;1;B01
201200026197;0;7;0;0;2;3;1;A01
201200026198;0;7;0;0;2;3;1;B01
201200026198;0;7;0;0;2;2;15;A01
201200026199;0;7;0;0;1;2;1;A01
201200026200;0;7;0;0;2;3;1;B01
201200026200;0;7;0;0;2;1;15;A01
201200026201;0;7;0;0;2;3;16;B01
201200026201;0;7;0;0;2;3;15;A01
201200026202;0;7;0;0;2;1;15;A01
201200026202;0;34;0;0;2;8;1;B01
201200026203;0;7;0;0;2;4;2;B01
201200026203;0;7;0;0;2;4;1;C01
201200026203;0;7;0;0;2;1;1;A01
201200026204;0;7;0;9;0;1;1;A01
201200026205;0;14;0;0;0;9;1;A01
201200026206;0;7;0;0;2;2;15;A01
201200026206;0;7;0;0;2;1;1;B01
201200026207;0;34;0;0;2;1;2;B01
201200026207;0;7;0;0;2;7;15;A01
201200026208;0;10;0;0;2;1;2;A01
201200026208;0;7;0;0;2;4;2;C01
201200026208;0;7;0;0;2;4;2;B01
201200026209;0;37;1;0;1;2;1;A01
201200026210;0;7;0;0;2;1;16;B01
201200026210;0;7;0;0;2;4;1;A01
201200026211;0;32;0;0;2;1;1;B01
201200026211;0;7;0;0;2;3;15;A01
201200026212;0;7;0;0;2;1;2;A01
201200026212;0;7;0;0;0;4;2;B01
201200026213;0;36;0;6;1;1;1;A01
201200026214;0;1;0;0;2;1;1;B01
201200026214;0;7;0;0;2;5;15;A01
201200026215;0;7;0;0;2;2;1;B01
201200026215;0;30;0;0;2;8;15;A01
201200026216;0;1;0;0;2;1;1;B01
201200026216;0;37;1;0;9;7;1;A01
201200026217;0;7;0;6;0;1;1;A01
201200026218;0;7;0;0;0;1;16;A01
201200026219;0;10;0;0;2;8;15;A01
201200026219;0;32;0;0;2;2;1;B01
201200026220;0;7;0;0;2;1;1;B01
201200026220;0;7;0;0;2;1;15;A01
201200026221;0;7;0;0;2;4;1;B01
201200026221;0;7;0;0;2;1;1;A01
201200026222;0;7;0;0;1;3;15;A01
201200026223;0;7;0;0;2;3;15;A01
201200026223;0;32;0;0;2;1;1;B01
201200026224;0;7;0;0;2;3;1;A01
201200026224;0;30;0;0;2;5;15;B01
201200026224;1;30;0;0;2;0;15;C01
201200026225;0;7;0;0;2;3;1;C01
201200026225;0;7;0;0;2;8;22;A01
201200026225;0;31;0;0;2;1;17;B01
201200026226;0;7;0;12;0;2;0;A01
201200026227;0;32;0;0;9;8;1;A01
201200026227;0;1;0;0;2;1;19;B01
201200026228;0;2;0;0;2;3;21;B01
201200026228;0;7;0;0;2;5;16;A01
201200026229;0;7;0;0;2;3;2;B01
201200026229;0;33;0;0;2;2;17;A01
201200026230;0;7;0;0;2;1;1;A01
201200026230;0;7;0;0;1;1;1;B01
201200026231;0;10;0;0;0;4;1;B01
201200026231;0;7;0;0;2;1;1;A01
201200026232;0;7;0;0;2;1;1;B01
201200026232;0;7;0;0;2;1;13;A01
201200026233;0;7;0;11;9;1;15;A01
201200026234;0;2;0;12;0;1;9;A01
201200026235;0;1;0;0;2;1;1;A01
201200026235;0;7;0;0;2;1;15;B01