num_acc;senc;catv;occutc;obs;obsm;choc;manv;num_veh
201200026608;0;7;0;0;2;4;2;B01
201200026608;0;7;0;0;2;1;1;A01
201200026609;0;7;0;0;2;0;9;A01
201200026609;0;7;0;0;2;0;1;C01
201200026609;0;7;0;0;2;0;1;B01
201200026610;1;7;0;0;1;1;1;A01
201200026611;0;7;0;9;0;2;15;A01
201200026612;0;15;0;0;2;3;1;B01
201200026612;0;7;0;0;2;7;12;A01
201200026613;0;7;0;0;2;6;11;A01
201200026613;0;33;0;0;2;1;1;B01
201200026614;0;2;0;12;0;1;1;A01
201200026615;0;7;0;0;2;4;4;A01
201200026615;0;1;0;0;2;1;1;B01
201200026616;0;7;0;0;2;4;2;B01
201200026616;0;17;0;0;2;2;2;A01
201200026617;0;33;0;0;2;7;11;A01
201200026617;0;7;0;0;2;5;1;B01
201200026618;0;7;0;9;2;1;1;B01
201200026618;0;1;0;0;2;1;15;A01
201200026619;0;7;0;0;2;1;1;A01
201200026619;0;10;0;0;2;4;2;C01
201200026619;0;7;0;0;2;1;2;B01
201200026620;0;7;0;0;2;3;1;A01
201200026620;0;7;0;0;2;2;1;B01
201200026621;0;37;3;0;2;3;15;B01
201200026621;0;7;0;0;2;3;16;A01
201200026622;0;33;0;0;2;7;17;A01
201200026622;0;7;0;0;2;3;15;B01
201200026623;0;7;0;0;2;1;15;A01
201200026623;0;33;0;0;2;1;1;B01
201200026624;0;7;0;0;1;6;4;A01
201200026625;0;7;0;0;2;1;15;A01
201200026625;0;1;0;0;2;1;1;B01
201200026626;0;7;0;0;2;8;1;B01
201200026626;0;10;0;0;2;1;1;A01
201200026627;1;7;0;0;2;0;12;A01
201200026627;0;2;0;12;2;0;1;B01
201200026628;0;7;0;0;2;1;1;B01
201200026628;0;7;0;0;2;3;15;A01
201200026629;0;7;0;0;1;0;15;A01
201200026630;0;7;0;0;2;4;23;B01
201200026630;0;30;0;0;2;1;1;A01
201200026631;0;7;0;4;2;1;1;B01
201200026631;0;7;0;0;2;3;13;A01
201200026632;0;33;0;0;0;1;21;A01
201200026633;0;1;0;0;2;1;15;A01
201200026633;0;7;0;0;2;1;1;B01
201200026634;0;1;0;0;2;7;1;B01
201200026634;0;7;0;0;2;8;22;A01
201200026635;0;7;0;0;1;1;15;A01
201200026636;0;1;0;0;2;1;1;A01
201200026636;0;7;0;0;2;2;1;B01
201200026637;0;33;0;0;2;1;1;B01
201200026637;0;7;0;0;2;1;15;A01
201200026638;0;7;0;11;2;2;19;A01
201200026638;0;7;0;0;2;1;1;B01
201200026639;0;7;0;0;1;1;1;A01
201200026640;0;7;0;0;2;1;1;A01
201200026641;0;14;0;0;2;4;23;B01
201200026641;0;14;0;0;2;1;2;A01
201200026642;0;7;0;0;0;9;1;A01
201200026643;0;7;0;0;1;1;6;A01
201200026644;0;7;0;0;0;1;1;A01
201200026645;0;7;0;9;0;1;1;A01
201200026646;0;7;0;0;2;1;15;B01
201200026646;0;7;0;0;2;9;1;A01
201200026646;0;7;0;0;2;1;1;C01
201200026647;0;7;0;0;2;9;1;A01
201200026647;0;7;0;0;2;0;1;B01
201200026648;0;30;0;0;0;8;1;A01
201200026649;0;7;0;0;2;4;20;A01
201200026649;0;30;0;0;2;9;1;B01
201200026650;0;10;0;0;1;0;4;A01
201200026651;0;7;0;0;2;8;10;A01
201200026651;0;38;1;0;2;1;1;B01
201200026652;0;7;0;0;2;5;16;B01
201200026652;0;31;0;0;2;1;1;A01
201200026653;0;31;0;0;0;0;1;A01
201200026654;0;7;0;0;1;1;1;A01
201200026655;0;1;0;0;2;1;1;B01
201200026655;0;7;0;0;2;0;22;A01
201200026656;0;1;0;0;2;1;9;A01
201200026656;0;7;0;0;2;3;1;B01
201200026657;0;33;0;0;2;1;1;A01
201200026657;0;7;0;0;2;6;23;B01
201200026658;0;30;0;0;1;1;1;A01
201200026659;0;1;0;14;0;1;1;A01
201200026660;0;7;0;0;2;1;15;A01
201200026660;0;7;0;0;2;1;1;B01
201200026661;0;7;0;0;1;1;1;A01
201200026662;0;7;0;0;1;1;15;A01
201200026663;0;7;0;0;1;4;4;A01
201200026664;0;7;0;0;2;7;14;A01
201200026664;0;7;0;0;2;0;1;B01
201200026665;0;7;0;8;2;1;1;B01
201200026665;0;7;0;0;2;2;1;A01
201200026666;0;7;0;0;2;1;1;B01
201200026666;0;1;0;0;2;1;19;A01
201200026667;0;7;0;0;1;1;1;A01
201200026668;0;30;0;12;0;1;15;A01
201200026669;0;7;0;0;2;1;1;A01
201200026669;0;7;0;0;2;4;1;B01
201200026670;1;7;0;0;2;0;1;A01
201200026670;0;30;0;0;2;1;15;B01
201200026671;0;7;0;0;2;1;1;A01
201200026671;0;7;0;0;2;4;15;B01
201200026672;0;30;0;0;2;1;1;B01
201200026672;0;7;0;0;2;5;15;A01
201200026673;0;7;0;0;0;2;1;A01
201200026674;0;7;0;0;2;9;23;B01
201200026674;0;7;0;0;2;1;2;A01
201200026674;0;7;0;0;2;4;23;C01
201200026675;0;7;0;0;1;3;1;A01
201200026676;1;7;0;0;2;0;1;A01
201200026676;0;7;0;0;2;8;16;B01
201200026677;0;7;0;1;0;1;1;A01
201200026678;0;7;0;0;2;1;23;C01
201200026678;1;7;0;0;2;0;0;A01
201200026678;0;30;0;0;2;1;1;B01
201200026679;0;7;0;0;1;1;1;A01
201200026680;0;1;0;0;2;2;18;B01
201200026680;0;7;0;0;2;2;22;A01
201200026681;0;7;0;0;2;6;2;B01
201200026681;0;7;0;0;2;2;2;A01
201200026682;0;7;0;0;2;8;9;A01
201200026682;0;30;0;0;0;1;1;B01
201200026683;0;7;0;0;1;2;1;A01
201200026684;0;7;0;9;0;1;1;A01
201200026685;0;7;0;0;2;1;15;A01
201200026685;0;7;0;0;2;1;1;B01
201200026686;0;1;0;0;2;1;19;A01
201200026686;0;7;0;0;2;1;1;B01
201200026687;0;7;0;0;2;3;9;A01
201200026687;0;1;0;0;2;1;1;B01
201200026688;0;30;0;0;0;1;1;A01
201200026689;0;7;0;0;2;3;10;A01
201200026689;0;31;0;0;2;1;17;B01
201200026690;0;10;0;0;1;4;20;A01
201200026691;0;7;0;0;2;4;1;B01
201200026691;0;7;0;0;2;6;1;C01
201200026691;0;7;0;0;2;1;21;A01
201200026692;0;1;0;0;0;1;1;A01
201200026693;0;30;0;0;2;1;21;A01
201200026694;0;30;0;0;0;1;1;A01
201200026695;0;7;0;0;2;1;2;B01
201200026695;0;7;0;0;2;4;1;A01
201200026696;0;30;0;0;0;0;1;A01
201200026697;0;1;0;0;2;1;1;B01
201200026697;0;7;0;0;2;1;16;A01
201200026698;0;30;0;0;0;1;21;A01
201200026699;0;7;0;0;2;1;9;A01
201200026699;0;1;0;0;2;1;1;B01
201200026700;1;7;0;0;1;1;0;A01
201200026701;0;7;0;11;0;1;1;A01
201200026702;0;33;0;11;0;1;21;A01
201200026703;0;7;0;0;2;1;1;B01
201200026703;0;7;0;0;2;1;5;A01
201200026704;0;7;0;0;2;8;9;A01
201200026704;0;1;0;0;2;1;1;B01
201200026705;0;30;0;0;2;8;1;B01
201200026705;0;7;0;0;2;2;16;A01
201200026706;0;7;0;0;2;4;1;B01
201200026706;0;15;0;0;2;1;13;A01
201200026707;0;14;0;3;2;8;1;B01
201200026707;0;7;0;3;2;0;1;A01
201200026708;0;7;0;12;1;2;1;A01
201200026709;0;7;0;0;2;8;10;A01
201200026709;0;33;0;0;2;1;1;B01
201200026710;0;7;0;0;1;1;1;A01
201200026711;0;30;0;0;2;1;1;A01
201200026711;0;7;0;0;2;6;23;B01
201200026712;0;7;0;0;2;1;1;A01
201200026713;0;7;0;0;2;3;1;A01
201200026713;0;1;0;0;2;1;19;B01
201200026714;0;7;0;0;2;0;9;A01
201200026714;0;1;0;0;2;1;1;B01
201200026715;0;1;0;0;2;1;1;B01
201200026715;0;7;0;0;0;0;16;A01
201200026716;0;7;0;0;2;6;1;B01
201200026716;0;7;0;0;2;1;1;A01
201200026717;0;33;0;0;0;1;1;A01
201200026718;0;30;0;0;2;8;1;B01
201200026718;1;7;0;0;2;1;16;A01
201200026719;0;7;0;0;2;4;23;C01
201200026719;0;7;0;0;2;4;2;B01
201200026719;0;7;0;0;2;1;1;A01
201200026720;0;30;0;0;2;1;5;A01
201200026720;0;7;0;0;2;3;15;B01
201200026721;0;7;0;0;2;1;1;B01
201200026721;0;7;0;0;2;7;10;A01
201200026722;0;7;0;6;0;3;1;A01
201200026723;0;7;0;0;0;1;1;A01
201200026724;0;1;0;0;2;1;1;B01
201200026724;0;7;0;0;2;2;16;A01
201200026725;0;33;0;0;2;1;2;A01
201200026725;0;7;0;0;2;6;2;B01
201200026726;0;7;0;0;2;4;23;B01
201200026726;0;7;0;0;2;1;2;A01
201200026727;0;30;0;0;2;1;1;A01
201200026727;0;7;0;0;2;3;1;B01
201200026728;0;7;0;0;2;1;2;B01
201200026728;0;7;0;0;2;4;2;C01
201200026728;0;7;0;0;2;1;2;A01
201200026729;0;7;0;0;1;1;16;A01
201200026730;0;7;0;0;1;0;4;A01
201200026731;0;1;0;0;2;4;1;B01
201200026731;0;14;0;0;2;0;16;A01
201200026732;0;1;0;0;2;4;2;A01
201200026732;0;7;0;0;2;1;23;B01
201200026732;0;7;0;0;2;4;2;C01
201200026733;0;1;0;0;2;4;1;B01
201200026733;0;7;0;0;2;2;1;A01
201200026734;0;7;0;0;2;0;16;A01
201200026734;0;1;0;0;2;2;1;B01
201200026735;0;2;0;0;2;3;1;A01
201200026735;0;7;0;0;2;3;15;B01
201200026736;0;1;0;0;2;0;1;B01
201200026736;0;7;0;0;2;2;9;A01
201200026737;0;7;0;0;2;1;15;A01
201200026737;0;1;0;0;2;1;1;B01
201200026738;0;7;0;0;2;3;15;A01
201200026738;0;33;0;0;2;1;1;B01
201200026739;0;7;0;0;2;4;23;B01
201200026739;0;7;0;0;2;1;1;A01
201200026740;0;33;0;0;2;1;1;A01
201200026740;0;7;0;0;2;4;23;B01
201200026741;0;7;0;0;2;1;1;A01
201200026741;0;1;0;0;2;1;19;B01
201200026742;0;37;20;0;1;2;1;A01
201200026743;1;7;0;0;;4;1;A01
201200026743;0;10;0;0;2;1;2;D01
201200026743;0;10;0;0;2;1;2;C01
201200026743;0;7;0;0;2;4;2;B01
201200026744;0;7;0;6;0;1;1;A01
201200026745;0;1;0;0;2;1;1;B01
201200026745;0;7;0;0;2;3;9;A01
201200026746;0;7;0;0;1;1;1;A01
201200026747;0;1;0;0;2;1;1;A01
201200026747;0;1;0;0;2;1;1;B01
201200026748;0;7;0;0;2;1;1;B01
201200026748;0;2;0;0;2;1;1;A01
201200026749;0;7;0;0;2;7;15;A01
201200026749;0;30;0;0;0;1;7;B01
201200026750;0;14;0;0;2;4;23;B01
201200026750;0;7;0;0;2;1;1;A01
201200026751;0;2;0;0;2;1;1;B01
201200026751;0;7;0;0;2;3;9;A01
201200026752;0;1;0;0;0;1;1;B01
201200026752;0;7;0;0;2;8;22;A01
201200026753;0;7;0;0;2;1;1;A01
201200026753;0;7;0;0;0;4;23;B01
201200026754;0;7;0;0;2;4;2;B01
201200026754;0;7;0;8;2;1;1;A01
201200026755;0;7;0;1;0;1;1;A01
201200026756;0;7;0;0;2;1;15;A01
201200026756;0;31;0;0;2;1;1;B01
201200026757;0;33;0;0;0;1;1;A01
201200026758;1;7;0;0;2;0;1;A01
201200026758;0;30;0;0;2;1;1;B01
201200026759;0;10;0;0;2;1;15;A01
201200026759;0;1;0;0;2;1;1;B01
201200026760;0;1;0;0;0;0;1;A01
201200026761;0;7;0;0;2;1;1;B01
201200026761;0;1;0;0;0;0;1;A01
201200026762;0;32;0;0;2;1;1;B01
201200026762;0;7;0;0;2;8;9;A01
201200026763;0;37;20;0;1;1;1;A01
201200026764;0;1;0;0;0;0;1;A01
201200026765;1;7;0;0;2;1;9;A01
201200026765;0;2;0;0;2;1;1;B01
201200026766;0;1;0;0;2;0;9;A01
201200026766;0;7;0;0;2;1;1;B01
201200026767;0;7;0;0;2;1;1;A01
201200026767;0;7;0;0;2;4;2;B01
201200026768;0;7;0;1;0;9;1;A01
201200026769;0;2;0;12;0;1;1;A01
201200026770;0;7;0;2;0;1;1;A01
201200026771;0;7;0;0;1;1;16;A01
201200026772;0;10;0;0;1;1;1;A01
201200026773;0;2;0;0;0;0;1;A01
201200026774;0;7;0;3;0;1;1;A01
201200026775;1;7;0;0;1;4;4;A01
201200026776;0;7;0;11;0;1;16;A01
201200026777;0;30;0;0;0;1;1;A01
201200026778;0;30;0;0;2;1;1;A01
201200026779;0;7;0;0;2;1;1;A01
201200026779;0;7;0;0;2;4;2;B01
201200026780;0;7;0;0;0;1;1;A01
201200026781;0;33;0;0;2;1;17;A01
201200026781;0;7;0;0;2;1;15;B01
201200026782;1;30;0;0;1;1;1;A01
201200026783;0;30;0;0;0;1;1;A01
201200026784;0;7;0;3;0;9;14;A01
201200026785;0;1;0;0;2;1;9;A01
201200026785;0;7;0;0;2;3;1;B01
201200026786;0;31;0;0;0;1;1;A01
201200026787;0;30;0;0;2;2;17;A01
201200026787;0;7;0;0;2;3;15;B01
201200026788;0;7;0;3;0;1;1;A01
201200026789;0;33;0;0;2;1;2;A01
201200026789;0;7;0;0;2;4;2;B01
201200026790;0;7;0;0;2;0;1;A01
201200026790;0;7;0;0;2;4;23;B01
201200026791;0;7;0;0;2;1;1;A01
201200026791;0;37;12;0;2;4;23;B01
201200026792;0;30;0;12;0;3;1;A01
201200026793;0;7;0;0;2;2;9;B01
201200026793;0;7;0;0;2;1;9;A01
201200026794;0;7;0;0;1;8;1;A01
201200026795;0;7;0;0;2;9;2;A01
201200026795;0;10;0;0;2;1;2;B01
201200026795;0;7;0;0;2;4;2;C01
201200026796;0;7;0;9;2;9;1;B01
201200026796;0;10;0;0;2;3;15;A01
201200026797;0;1;0;0;2;0;1;B01
201200026797;0;1;0;0;2;0;1;A01
201200026798;0;7;0;3;0;9;1;A01
201200026799;0;1;0;0;2;1;1;B01
201200026799;0;7;0;0;2;2;16;A01
201200026800;0;7;0;0;2;4;2;B01
201200026800;0;7;0;0;2;1;2;A01
201200026801;0;10;0;3;2;9;1;A01
201200026801;0;7;0;0;2;7;1;B01
201200026802;0;34;0;11;0;1;1;A01
201200026803;0;30;0;0;0;3;1;A01
201200026804;0;1;0;1;2;0;1;B01
201200026804;0;7;0;0;2;6;4;A01
201200026805;0;30;0;12;0;7;1;A01
201200026806;0;17;0;13;0;9;16;A01
201200026807;0;7;0;0;2;5;16;A01
201200026807;0;33;0;0;2;5;14;B01
201200026808;0;7;0;0;1;2;9;A01
201200026809;0;7;0;0;0;0;10;A01
201200026809;0;33;0;0;2;8;21;B01
201200026810;0;30;0;0;0;1;1;A01
201200026811;0;1;0;0;2;1;1;B01
201200026811;0;7;0;0;2;3;22;A01
201200026812;0;7;0;0;2;4;23;C01
201200026812;0;10;0;0;2;1;1;A01
201200026812;0;7;0;0;2;4;23;B01
201200026813;0;7;0;0;2;7;16;A01
201200026813;0;1;0;0;2;1;1;B01
201200026814;0;1;0;0;0;1;1;A01
201200026815;0;7;0;0;2;1;2;A01
201200026815;0;7;0;0;2;4;23;B01
201200026816;0;7;0;0;2;3;1;B01
201200026816;0;7;0;0;2;3;9;A01
201200026817;0;7;0;1;0;1;1;A01
201200026818;0;37;76;0;2;7;7;B01
201200026818;0;1;0;0;2;8;9;A01
201200026819;0;33;0;0;0;7;1;A01
201200026820;0;1;0;0;2;8;19;B01
201200026820;1;7;0;0;2;1;16;A01
201200026821;0;7;0;0;2;1;1;A01
201200026821;0;7;0;0;2;6;23;B01
201200026822;0;30;0;0;2;8;18;A01
201200026822;0;10;0;0;2;7;1;B01
201200026823;0;2;0;11;0;1;16;A01
201200026824;0;7;0;0;2;1;2;A01
201200026824;0;7;0;0;2;4;23;C01
201200026824;0;7;0;0;2;4;23;B01
201200026825;0;2;0;0;0;8;1;A01
201200026826;0;7;0;0;2;3;15;B01
201200026826;0;33;0;0;2;1;17;A01
201200026827;0;10;0;0;2;1;2;B01
201200026827;0;7;0;3;2;1;1;A01
201200026828;0;30;0;0;0;8;1;A01
201200026829;0;33;0;0;2;6;1;B01
201200026829;0;7;0;0;2;3;15;A01
201200026830;0;7;0;0;2;1;2;A01
201200026830;0;7;0;0;2;4;23;B01
201200026831;0;1;0;0;2;8;15;A01
201200026831;0;7;0;0;2;2;1;B01
201200026832;0;30;0;0;2;1;1;A01
201200026832;0;7;0;0;2;5;23;B01
201200026833;0;37;3;0;2;8;1;A01
201200026833;0;1;0;0;2;7;1;B01
201200026834;0;31;0;0;2;3;1;B01
201200026834;0;7;0;0;2;0;1;A01
201200026835;0;7;0;0;1;8;15;A01
201200026836;0;1;0;0;2;1;19;A01
201200026836;0;7;0;0;2;7;1;B01
201200026837;0;7;0;0;2;0;1;B01
201200026837;0;7;0;1;2;1;2;A01
201200026838;0;7;0;0;2;5;15;A01
201200026838;0;7;0;0;2;1;1;B01
201200026839;0;30;0;0;0;1;1;A01
201200026840;0;7;0;7;0;0;1;A01
201200026841;0;33;0;12;0;7;1;A01
201200026842;0;10;0;0;2;4;2;B01
201200026842;0;10;0;0;2;1;2;A01
201200026843;0;2;0;0;2;1;1;B01
201200026843;0;7;0;0;2;2;15;A01
201200026844;0;7;0;0;1;1;1;A01
201200026845;0;7;0;0;2;1;1;A01
201200026845;0;7;0;0;2;2;1;B01
201200026846;0;7;0;13;0;1;1;A01
201200026847;0;7;0;0;2;1;1;A01
201200026847;0;7;0;0;2;4;23;B01
201200026847;0;7;0;0;2;3;23;C01
201200026848;0;7;0;0;2;1;1;B01
201200026848;0;7;0;0;2;7;9;A01
201200026849;0;30;0;0;2;7;1;B01
201200026849;1;7;0;0;2;0;0;A01
201200026850;0;32;0;0;0;1;1;A01
201200026851;0;33;0;0;2;1;1;B01
201200026851;0;7;0;0;2;1;15;A01
201200026852;0;7;0;0;1;3;1;A01
201200026853;0;7;0;0;1;0;1;A01
201200026854;0;7;0;0;2;6;1;B01
201200026854;0;7;0;0;2;7;1;A01
201200026855;0;7;0;0;2;2;16;A01
201200026855;0;1;0;0;2;1;1;B01
201200026856;0;32;0;0;2;2;1;B01
201200026856;0;7;0;0;2;3;16;A01
201200026857;0;7;0;0;2;4;23;B01
201200026857;0;2;0;0;2;1;1;A01
201200026858;0;33;0;0;0;8;1;A01
201200026859;0;7;0;0;2;3;20;A01
201200026859;0;1;0;0;2;1;1;B01
201200026860;0;30;0;0;0;7;1;A01
201200026861;0;7;0;0;2;2;15;A01
201200026861;0;7;0;0;2;2;1;B01
201200026862;0;7;0;6;0;1;1;A01
201200026863;0;7;0;0;1;2;1;A01
201200026864;0;7;0;0;2;1;15;A01
201200026864;0;7;0;0;2;1;1;B01
201200026865;0;7;0;0;2;2;1;A01
201200026865;0;7;0;2;2;5;1;B01
201200026866;0;7;0;0;1;0;1;A01
201200026867;0;15;0;0;2;2;12;A01
201200026867;0;7;0;0;2;6;1;B01
201200026868;0;7;0;6;0;1;1;A01
201200026869;0;7;0;0;2;0;12;A01
201200026869;0;15;0;3;2;0;1;B01
201200026870;0;1;0;0;2;1;9;A01
201200026870;0;7;0;0;2;8;1;B01
201200026871;0;10;0;0;2;1;2;A01
201200026871;0;10;0;0;2;4;23;C01
201200026871;0;10;0;0;2;0;23;B01
201200026872;0;1;0;0;2;0;1;B01
201200026872;0;7;0;0;2;2;16;A01
201200026873;1;33;0;0;1;0;1;A01
201200026874;0;30;0;0;0;1;1;A01
201200026875;0;7;0;8;2;1;2;B01
201200026875;1;7;0;0;2;0;2;Z01
201200026876;0;30;0;0;2;7;1;A01
201200026876;0;7;0;0;2;1;1;B01
201200026877;0;1;0;0;2;0;1;B01
201200026877;0;7;0;0;2;1;1;A01
201200026878;0;7;0;0;2;4;2;B01
201200026878;0;7;0;0;2;1;2;A01
201200026878;0;7;0;0;2;4;23;C01
201200026879;0;30;0;0;2;6;1;B01
201200026879;1;7;0;0;2;0;17;A01
201200026880;0;1;0;0;0;2;1;A01
201200026881;0;7;0;4;0;1;1;A01
201200026882;0;1;0;0;2;0;1;B01
201200026882;0;7;0;0;2;3;1;A01
201200026883;0;15;0;0;2;4;23;C01
201200026883;0;15;0;0;2;1;2;A01
201200026883;0;7;0;0;2;9;23;B01
201200026884;1;7;0;0;2;7;15;A01
201200026884;0;7;0;0;2;1;1;B01
201200026885;0;7;0;0;1;2;16;A01
201200026886;0;7;0;0;2;1;1;B01
201200026886;0;7;0;0;2;2;15;A01
201200026887;0;7;0;0;2;3;1;B01
201200026887;0;7;0;4;2;2;14;A01
201200026888;0;7;0;0;1;2;1;A01
201200026889;0;1;0;0;0;0;16;A01
201200026890;0;2;0;11;0;7;1;A01
201200026891;0;7;0;0;1;2;1;A01
201200026892;0;7;0;0;2;1;2;A01
201200026892;0;7;0;0;2;4;23;C01
201200026892;0;7;0;0;2;4;23;B01
201200026892;0;7;0;0;2;4;23;D01
201200026893;0;13;0;0;2;4;1;B01
201200026893;0;7;0;0;2;7;1;C01
201200026893;0;7;0;4;2;1;12;A01
201200026894;0;31;0;0;2;1;17;A01
201200026894;0;7;0;0;2;3;15;B01
201200026895;0;32;0;0;2;0;1;B01
201200026895;0;7;0;0;2;0;1;A01
201200026896;2;7;0;7;0;9;1;A01
201200026897;0;7;0;0;2;4;2;C01
201200026897;0;7;0;0;2;9;2;B01
201200026897;0;7;0;0;2;1;2;A01
201200026898;0;7;0;0;1;1;1;A01
201200026899;0;7;0;6;0;1;5;A01
201200026900;0;35;0;1;0;1;1;A01
201200026901;0;7;0;3;2;6;1;B01
201200026901;0;10;0;0;2;2;12;A01
201200026902;0;7;0;0;1;2;1;A01
201200026903;0;7;0;0;2;4;23;B01
201200026903;0;7;0;0;2;4;23;C01
201200026903;0;7;0;0;2;1;2;A01
201200026904;0;7;0;0;2;1;2;A01
201200026904;0;7;0;0;2;8;2;B01
201200026904;0;7;0;0;2;5;2;C01
201200026905;0;7;0;0;2;1;15;B01
201200026905;0;7;0;0;2;1;1;C01
201200026905;0;30;0;0;2;0;1;A01
201200026906;0;31;0;0;2;0;1;A01
201200026906;0;7;0;0;2;0;1;B01
201200026907;0;10;0;0;2;4;2;D01
201200026907;0;13;0;0;2;1;2;A01
201200026907;0;10;0;0;2;1;2;B01
201200026907;0;7;0;0;2;4;2;C01
201200026908;0;30;0;0;0;1;1;A01
201200026909;0;7;0;0;1;4;20;A01
201200026910;0;10;0;0;2;3;22;A01
201200026910;0;1;0;0;2;1;1;B01
201200026911;0;33;0;0;2;6;1;B01
201200026911;0;7;0;0;2;3;15;A01
201200026912;0;7;0;0;0;1;1;A01
201200026913;0;30;0;0;2;1;1;A01
201200026913;0;7;0;0;2;2;1;B01
201200026914;0;30;0;1;2;1;1;A01
201200026915;0;7;0;0;1;0;1;A01
201200026916;0;7;0;0;2;4;23;B01
201200026916;0;33;0;0;2;1;1;A01
201200026917;1;7;0;0;1;2;1;Z01
201200026918;0;7;0;0;2;4;0;C01
201200026918;0;7;0;0;2;1;1;A01
201200026918;0;7;0;0;2;4;2;B01
201200026919;0;7;0;6;0;1;20;A01
201200026920;0;1;0;0;2;8;1;B01
201200026920;0;14;0;0;2;7;12;A01
201200026921;0;1;0;0;2;0;1;B01
201200026921;0;7;0;0;2;5;16;A01
201200026922;0;7;0;13;0;8;1;A01
201200026923;0;7;0;0;2;3;22;A01
201200026923;0;30;0;0;2;2;1;B01
201200026924;0;7;0;0;2;1;1;B01
201200026924;0;7;0;0;2;2;1;A01
201200026925;0;7;0;0;2;1;1;A01
201200026925;0;7;0;0;2;4;1;B01
201200026926;0;7;0;0;2;7;15;A01
201200026926;0;31;0;0;2;1;1;B01
201200026927;0;32;0;0;2;9;1;B01
201200026927;0;7;0;0;2;7;15;A01
201200026928;0;7;0;14;0;3;1;A01
201200026929;0;7;0;0;1;0;1;A01
201200026930;0;7;0;0;2;8;15;B01
201200026930;0;33;0;0;2;2;17;A01
201200026931;1;7;0;0;0;0;16;A01
201200026932;0;7;0;0;1;2;1;A01
201200026933;0;1;0;0;2;1;1;B01
201200026933;0;7;0;0;2;2;15;A01
201200026934;0;7;0;0;1;2;1;A01
201200026935;0;7;0;11;0;0;1;A01
201200026936;0;7;0;7;2;1;1;A01
201200026936;0;7;0;0;2;1;15;B01
201200026937;0;7;0;9;0;2;1;A01
201200026938;1;7;0;0;1;0;4;A01
201200026939;0;7;0;0;0;9;1;A01
201200026940;0;17;0;0;2;1;1;A01
201200026940;0;7;0;0;2;4;1;B01
201200026941;0;7;0;0;2;4;1;C01
201200026941;0;10;0;0;2;1;9;A01
201200026941;0;7;0;0;2;4;1;B01
201200026942;0;14;0;0;2;7;2;B01
201200026942;0;7;0;0;2;1;2;A01
201200026943;0;33;0;0;0;1;1;A01
201200026944;0;30;0;0;2;8;18;A01
201200026944;0;10;0;0;2;8;16;B01
201200026945;0;7;0;0;0;1;1;A01
201200026946;0;33;0;0;0;8;1;A01
201200026947;0;7;0;13;0;9;15;A01
201200026948;0;30;0;0;0;1;1;A01
201200026949;0;7;0;1;1;1;20;A01
201200026950;0;7;0;13;0;1;1;A01
201200026951;0;7;0;0;1;0;15;A01
201200026952;0;1;0;15;0;1;1;A01
201200026953;0;7;0;0;2;3;15;B01
201200026953;0;30;0;0;2;1;1;A01
201200026954;0;7;0;0;1;2;9;A01
201200026955;0;30;0;0;2;8;15;A01
201200026955;0;7;0;0;2;1;1;B01
201200026956;0;30;0;0;2;3;15;A01
201200026956;0;7;0;0;2;1;1;B01
201200026957;0;30;0;0;2;7;1;A01
201200026958;0;7;0;0;2;1;1;A01
201200026958;0;7;0;0;2;0;23;D01
201200026958;0;7;0;0;2;4;23;B01
201200026958;0;7;0;0;2;4;23;C01
201200026959;0;7;0;0;2;7;1;B01
201200026959;0;7;0;0;2;1;1;A01
201200026960;0;7;0;0;2;7;1;B01
201200026960;0;30;0;0;2;1;0;A01
201200026961;0;7;0;0;2;5;11;B01
201200026961;0;33;0;0;2;5;1;A01
201200026962;0;10;0;0;1;3;15;A01
201200026963;0;7;0;0;2;3;15;A01
201200026963;0;1;0;0;2;1;1;B01
201200026964;0;7;0;0;1;0;20;A01
201200026965;0;7;0;0;2;1;23;B01
201200026965;0;7;0;0;2;5;23;C01
201200026965;0;7;0;0;2;1;2;A01
201200026966;0;7;0;0;2;1;2;A01
201200026966;0;7;0;0;2;4;2;B01
201200026967;0;7;0;0;1;0;20;A01
201200026968;0;30;0;0;0;0;1;A01
201200026969;0;7;0;0;1;8;1;A01
201200026970;0;7;0;0;2;3;1;B01
201200026970;0;32;0;0;2;1;21;A01
201200026971;0;7;0;0;1;2;1;A01
201200026972;0;7;0;0;2;1;15;A01
201200026972;0;1;0;0;2;1;1;B01
201200026973;0;7;0;0;0;3;1;A01
201200026974;0;7;0;0;0;1;1;A01
201200026975;0;7;0;0;2;0;2;D01
201200026975;0;7;0;0;2;0;1;E01
201200026975;0;7;0;0;2;0;2;B01
201200026975;0;7;0;0;2;0;2;A01
201200026975;0;7;0;0;2;4;2;C01
201200026976;0;7;0;0;2;0;5;A01
201200026976;0;7;0;0;2;0;1;B01
201200026977;0;37;1;0;2;0;1;B01
201200026977;0;1;0;0;2;0;15;A01
201200026978;0;7;0;0;2;4;2;B01
201200026978;0;7;0;0;2;1;2;A01
201200026978;0;7;0;0;2;4;2;C01
201200026979;0;7;0;0;1;0;16;A01
201200026980;0;7;0;14;0;1;5;A01
201200026981;0;30;0;11;2;2;1;A01
201200026981;0;7;0;0;2;1;23;B01
201200026982;0;30;0;0;1;1;1;A01
201200026983;0;7;0;0;1;1;1;A01
201200026984;0;7;0;0;1;8;1;A01
201200026985;0;7;0;0;2;3;15;B01
201200026985;0;32;0;0;2;1;17;A01
201200026986;0;30;0;14;0;1;1;A01