num_acc;senc;catv;occutc;obs;obsm;choc;manv;num_veh
201200026987;0;1;0;0;0;0;1;A01
201200026988;0;30;0;0;0;1;1;A01
201200026989;0;10;0;14;0;1;1;A01
201200026990;0;7;0;0;0;1;1;A01
201200026991;0;37;0;0;1;6;4;A01
201200026992;1;7;0;0;2;2;17;A01
201200026992;0;2;0;0;0;7;1;B01
201200026993;1;7;0;1;1;0;16;Z01
201200026994;0;33;0;0;1;1;1;A01
201200026995;0;30;0;0;0;1;1;A01
201200026996;0;2;0;0;2;1;1;B01
201200026996;0;7;0;0;2;3;15;A01
201200026997;2;7;0;;1;;;A01
201200026998;0;33;0;0;2;7;1;B01
201200026998;0;7;0;0;2;2;15;A01
201200026999;0;30;0;0;2;1;1;B01
201200026999;0;7;0;0;2;1;15;A01
201200027000;0;7;0;0;2;3;1;B01
201200027000;0;2;0;0;0;8;10;A01
201200027001;0;33;0;0;2;7;17;A01
201200027001;0;7;0;0;2;8;15;B01
201200027002;0;7;0;0;1;4;4;A01
201200027003;0;33;0;;2;7;1;A01
201200027003;1;7;0;;;;;B01
201200027004;0;30;0;0;2;7;1;B01
201200027004;0;10;0;0;2;8;1;A01
201200027005;0;30;0;0;1;1;16;A01
201200027006;0;1;0;0;2;4;1;B01
201200027006;0;7;0;0;2;3;9;A01
201200027007;0;2;0;12;0;1;1;A01
201200027008;0;2;0;14;0;0;1;A01
201200027009;0;33;0;0;2;0;2;C01
201200027009;0;33;0;0;9;0;2;B01
201200027009;0;33;0;0;0;0;2;A01
201200027010;0;13;0;0;0;1;15;A01
201200027010;0;1;0;0;0;8;2;B01
201200027011;0;7;0;0;2;9;2;B01
201200027011;0;7;0;0;2;9;2;C01
201200027011;0;7;0;6;2;1;2;A01
201200027011;0;7;0;0;2;4;2;D01
201200027012;0;1;0;0;2;1;9;A01
201200027012;0;7;0;0;2;5;1;B01
201200027013;0;7;0;0;2;3;1;B01
201200027013;0;7;0;0;2;1;15;A01
201200027014;0;7;0;0;0;2;2;A01
201200027015;0;10;0;1;0;2;1;A01
201200027016;0;1;0;;;;;A01
201200027016;2;7;0;;;;;B02
201200027017;0;7;0;0;0;1;2;A01
201200027018;0;7;0;0;0;3;2;A01
201200027019;0;2;0;0;0;4;15;B01
201200027019;0;7;0;0;0;3;2;A01
201200027020;0;10;0;0;0;1;2;A01
201200027021;0;7;0;0;0;1;1;A01
201200027021;0;7;0;0;0;7;1;B01
201200027022;0;10;0;0;0;4;2;B01
201200027022;0;31;0;0;0;1;2;A01
201200027023;0;7;0;0;0;5;2;B01
201200027023;0;7;0;0;0;1;2;A01
201200027024;0;7;0;9;0;1;13;A01
201200027025;0;7;0;0;2;1;13;A01
201200027025;0;7;0;0;2;1;1;B01
201200027026;0;2;0;0;0;0;1;A01
201200027027;0;1;0;0;2;4;1;B01
201200027027;0;7;0;0;2;3;9;A01
201200027028;0;7;0;15;0;1;1;A01
201200027029;0;7;0;0;2;1;1;B01
201200027029;0;7;0;0;2;2;15;A01
201200027030;0;33;0;0;0;0;1;A01
201200027031;0;1;0;0;2;1;0;B01
201200027031;0;7;0;0;2;5;16;A01
201200027032;0;7;0;0;0;0;14;A01
201200027033;0;7;0;0;0;0;13;A01
201200027034;0;1;0;0;2;4;1;B01
201200027034;0;7;0;0;2;1;2;A01
201200027035;0;7;0;0;2;3;15;A01
201200027035;0;2;0;0;2;5;1;B01
201200027036;0;7;0;0;2;3;1;B01
201200027036;0;7;0;0;2;2;1;A01
201200027037;0;7;0;0;1;1;1;A01
201200027038;0;7;0;0;2;1;1;A01
201200027038;0;7;0;0;0;4;15;B01
201200027039;0;7;0;0;2;3;15;A01
201200027039;0;30;0;0;2;1;1;B01
201200027040;0;7;0;3;2;2;17;A01
201200027040;0;7;0;0;2;8;1;B01
201200027041;0;30;0;0;2;1;1;B01
201200027041;0;7;0;0;2;7;15;A01
201200027042;0;7;0;0;2;1;19;A01
201200027042;0;7;0;0;0;8;1;B01
201200027043;0;7;0;0;2;1;1;A01
201200027043;0;7;0;0;2;4;1;C01
201200027043;0;7;0;0;2;4;1;B01
201200027044;0;7;0;0;2;1;2;A01
201200027044;0;7;0;0;2;4;2;B01
201200027045;0;14;0;0;1;1;1;A01
201200027046;0;7;0;0;2;3;13;A01
201200027046;0;17;0;0;2;3;1;B01
201200027047;0;7;0;0;2;1;2;A01
201200027047;0;7;0;0;0;4;19;B01
201200027048;0;7;0;6;0;1;14;A01
201200027049;0;7;0;0;0;0;14;A01
201200027050;0;7;0;9;2;2;13;A01
201200027050;0;2;0;0;2;1;1;B01
201200027051;0;10;0;0;1;1;1;A01
201200027052;0;7;0;0;2;2;1;A01
201200027052;0;14;0;0;0;3;1;B01
201200027053;0;7;0;0;2;1;1;A01
201200027053;0;7;0;0;2;6;15;B01
201200027054;0;7;0;0;2;3;1;B01
201200027054;0;7;0;1;2;1;17;A01
201200027055;0;7;0;6;0;1;1;A01
201200027056;0;7;0;0;2;3;9;A01
201200027056;0;33;0;0;2;1;1;B01
201200027057;0;30;0;0;2;1;1;A01
201200027057;0;7;0;0;2;5;15;B01
201200027058;0;1;0;0;2;1;19;A01
201200027058;0;7;0;0;0;3;1;B01
201200027059;0;2;0;0;0;0;14;A01
201200027060;0;7;0;0;2;9;1;A01
201200027060;0;10;0;0;2;8;1;B01
201200027061;0;1;0;0;2;1;1;B01
201200027061;0;7;0;0;2;3;1;A01
201200027062;0;2;0;0;0;0;0;A01
201200027063;0;7;0;0;2;2;9;A01
201200027063;0;1;0;0;2;1;5;B01
201200027064;0;7;0;0;1;1;1;A01
201200027065;0;7;0;0;0;9;1;A01
201200027066;0;7;0;0;2;1;1;A01
201200027066;0;1;0;0;2;4;1;B01
201200027067;0;7;0;0;0;2;15;A01
201200027067;0;14;0;0;0;1;1;B01
201200027068;0;7;0;0;1;1;1;A01
201200027069;0;7;0;0;0;9;14;A01
201200027070;0;7;0;0;1;7;16;A01
201200027071;0;7;0;6;0;9;1;A01
201200027072;0;7;0;0;2;1;1;A01
201200027072;0;7;0;0;2;2;1;B01
201200027073;0;10;0;0;2;2;1;A01
201200027073;0;7;0;0;2;1;1;B01
201200027074;0;7;0;0;2;1;17;A01
201200027074;0;7;0;0;2;1;1;B01
201200027075;0;33;0;0;2;2;17;B01
201200027075;0;7;0;0;2;3;15;A01
201200027076;0;7;0;0;0;0;23;C01
201200027076;0;7;0;0;0;4;23;B01
201200027076;0;7;0;0;0;1;1;A01
201200027077;0;7;0;0;0;1;14;A01
201200027078;0;7;0;15;0;2;14;A01
201200027079;0;7;0;0;0;8;1;B01
201200027079;0;7;0;0;0;1;19;A01
201200027080;0;7;0;7;0;1;1;A01
201200027081;0;7;0;0;1;2;14;A01
201200027082;0;32;0;0;2;7;17;A01
201200027082;0;7;0;0;2;3;1;B01
201200027083;0;7;0;0;2;2;15;A01
201200027083;0;7;0;0;2;3;1;B01
201200027084;0;10;0;0;0;1;1;B01
201200027084;0;7;0;0;2;3;15;A01
201200027085;0;7;0;0;0;9;1;A01
201200027086;0;7;0;0;1;8;1;A01
201200027087;0;7;0;0;0;2;0;A01
201200027088;0;7;0;8;0;9;14;A01
201200027089;0;7;0;6;2;6;1;A01
201200027089;0;7;0;0;2;1;1;B01
201200027090;0;7;0;0;2;2;15;A01
201200027090;0;7;0;0;2;3;1;B01
201200027091;0;7;0;0;2;3;13;A01
201200027091;0;7;0;0;2;3;1;B01
201200027092;0;7;0;0;0;2;15;A01
201200027092;0;10;0;0;0;0;1;B01
201200027093;0;7;0;1;0;1;14;A01
201200027094;0;7;0;0;2;2;15;A01
201200027094;0;7;0;0;2;1;1;B01
201200027095;0;10;0;0;0;2;1;A01
201200027095;0;34;0;0;0;3;1;B01
201200027096;0;7;0;0;0;3;1;A01
201200027097;0;2;0;0;2;1;1;A01
201200027097;0;7;0;0;2;1;15;B01
201200027098;0;2;0;0;0;1;1;A01
201200027099;0;7;0;0;2;6;2;B01
201200027099;0;33;0;0;2;1;2;A01
201200027100;0;7;0;0;0;0;14;A01
201200027101;0;15;0;0;0;7;1;A01
201200027102;0;7;0;0;1;3;1;A01
201200027103;0;1;0;0;0;1;0;A01
201200027103;0;7;0;0;0;7;1;B01
201200027104;0;30;0;0;2;4;1;B01
201200027104;0;7;0;0;2;1;2;A01
201200027105;0;2;0;0;2;8;1;B01
201200027105;0;2;0;0;2;7;17;A01
201200027106;0;7;0;0;2;4;15;B01
201200027106;0;33;0;0;2;1;1;A01
201200027107;0;7;0;0;0;1;1;A01
201200027108;0;7;0;0;2;1;1;A01
201200027108;0;7;0;0;0;4;1;B01
201200027109;0;33;0;10;0;1;1;A01
201200027110;0;7;0;0;2;2;15;A01
201200027110;0;7;0;0;2;3;1;B01
201200027111;0;7;0;0;2;3;15;A01
201200027111;0;33;0;0;2;8;1;B01
201200027112;0;7;0;0;2;6;1;C01
201200027112;0;7;0;0;2;3;13;A01
201200027112;0;7;0;0;2;8;1;B01
201200027113;0;2;0;0;2;3;15;A01
201200027113;0;10;0;0;2;3;17;B01
201200027114;0;7;0;0;0;3;1;B01
201200027114;0;7;0;0;2;1;1;A01
201200027115;0;7;0;0;0;1;1;A01
201200027116;0;2;0;0;1;1;1;A01
201200027117;0;7;0;0;2;1;1;A01
201200027117;0;7;0;0;0;4;15;B01
201200027118;0;7;0;0;0;4;0;C01
201200027118;0;7;0;0;2;1;2;A01
201200027118;0;7;0;0;2;4;2;B01
201200027119;0;2;0;5;0;1;0;A01
201200027120;0;7;0;0;2;1;1;B01
201200027120;0;7;0;0;2;2;1;A01
201200027121;0;7;0;0;2;1;1;B01
201200027121;0;2;0;0;2;4;1;A01
201200027122;0;7;0;0;2;3;13;A01
201200027122;0;7;0;0;2;6;1;B01
201200027123;0;2;0;0;0;1;1;A01
201200027124;0;7;0;7;0;3;1;A01
201200027125;0;7;0;0;2;1;1;A01
201200027125;0;7;0;0;0;8;1;B01
201200027126;0;2;0;1;0;1;14;A01
201200027127;0;7;0;0;2;3;15;A01
201200027127;0;33;0;0;2;1;1;B01
201200027128;0;7;0;6;0;1;14;A01
201200027129;0;7;0;3;0;1;1;A01
201200027130;0;7;0;0;0;1;0;A01
201200027131;0;2;0;1;0;1;1;A01
201200027132;0;2;0;0;2;7;1;B01
201200027132;0;7;0;0;2;1;9;A01
201200027133;0;7;0;0;0;0;14;A01
201200027134;0;38;0;0;1;8;1;A01
201200027135;0;2;0;0;0;0;1;A01
201200027136;0;2;0;0;0;1;14;A01
201200027137;0;2;0;0;0;0;14;A01
201200027138;0;7;0;10;0;2;1;A01
201200027139;0;30;0;0;2;1;2;A01
201200027139;0;10;0;0;0;4;2;B01
201200027140;0;7;0;1;0;7;1;A01
201200027141;0;7;0;0;2;3;1;A01
201200027141;0;7;0;0;2;3;1;B01
201200027142;0;7;0;0;1;0;20;A01
201200027143;0;7;0;1;0;1;1;A01
201200027144;0;10;0;0;2;7;16;A01
201200027144;0;2;0;0;2;1;18;B01
201200027145;0;2;0;0;2;8;15;A01
201200027145;0;7;0;0;2;2;1;B01
201200027146;0;7;0;0;2;2;1;A01
201200027146;0;33;0;0;2;6;1;B01
201200027147;0;7;0;0;2;2;1;B01
201200027147;0;7;0;0;2;3;11;A01
201200027148;0;7;0;0;2;2;15;A01
201200027148;0;7;0;0;2;1;1;B01
201200027149;0;7;0;0;1;4;4;A01
201200027150;0;7;0;0;0;1;0;A01
201200027151;0;7;0;0;2;1;1;B01
201200027151;0;10;0;0;2;2;15;A01
201200027152;0;2;0;0;1;0;1;A01
201200027153;0;7;0;0;2;2;15;A01
201200027153;0;33;0;0;2;7;1;B01
201200027154;0;7;0;0;2;1;1;A01
201200027154;0;30;0;0;0;7;1;B01
201200027155;0;1;0;0;0;0;0;A01
201200027156;0;7;0;0;2;1;2;B01
201200027156;0;7;0;0;2;6;9;A01
201200027157;1;1;0;0;1;1;5;A01
201200027158;0;7;0;0;2;8;1;B01
201200027158;0;33;0;0;2;2;15;A01
201200027159;0;7;0;13;0;3;13;A01
201200027160;0;7;0;0;2;3;22;A01
201200027160;0;1;0;0;2;2;1;B01
201200027161;0;7;0;0;2;1;2;A01
201200027161;0;7;0;0;0;4;2;B01
201200027162;0;30;0;0;0;7;0;A01
201200027163;0;7;0;0;2;1;1;A01
201200027163;0;99;0;0;2;4;1;B01
201200027164;0;7;0;0;2;1;2;A01
201200027164;0;7;0;0;2;4;2;C01
201200027164;0;7;0;0;2;9;2;B01
201200027165;0;7;0;0;0;8;10;A01
201200027165;0;7;0;0;0;1;1;B01
201200027166;0;30;0;0;0;8;15;A01
201200027167;0;7;0;0;2;3;1;B01
201200027167;0;7;0;0;2;2;13;A01
201200027168;0;7;0;0;0;0;14;A01
201200027169;0;32;0;0;0;1;1;A01
201200027170;0;7;0;0;2;4;1;D01
201200027170;0;7;0;0;9;8;5;E01
201200027170;0;7;0;0;2;9;2;B01
201200027170;0;7;0;0;2;1;2;A01
201200027170;0;7;0;0;2;9;2;C01
201200027171;0;7;0;0;0;1;0;A01
201200027172;0;7;0;0;6;1;1;A01
201200027173;0;7;0;0;0;4;1;B01
201200027173;0;7;0;0;0;1;1;A01
201200027174;0;1;0;0;0;0;0;A01
201200027175;0;7;0;0;2;7;17;A01
201200027175;0;1;0;0;2;6;1;B01
201200027176;0;3;0;0;0;0;14;A01
201200027177;0;7;0;0;2;4;1;B01
201200027177;0;7;0;0;2;1;1;A01
201200027178;0;1;0;0;2;3;15;A01
201200027178;0;7;0;0;2;2;1;B01
201200027179;0;7;0;0;2;4;1;B01
201200027179;0;7;0;0;2;4;23;C01
201200027179;0;7;0;0;2;1;1;A01
201200027180;0;7;0;0;1;1;1;A01
201200027181;0;1;0;0;0;8;1;B01
201200027181;0;7;0;0;2;2;1;A01
201200027182;0;30;0;0;0;0;0;A01
201200027183;0;30;0;0;0;0;1;A01
201200027184;0;1;0;0;0;0;1;A01
201200027185;0;7;0;0;0;0;1;A01
201200027186;0;7;0;0;0;0;14;A01
201200027187;0;7;0;0;2;3;13;A01
201200027187;0;7;0;0;0;1;1;B01
201200027188;0;7;0;0;1;1;1;A01
201200027189;0;7;0;0;0;1;1;A01
201200027189;0;7;0;0;0;0;23;B01
201200027190;0;7;0;1;0;0;10;A01
201200027191;0;7;0;12;0;0;15;A01
201200027192;0;30;0;12;0;2;1;A01
201200027193;0;30;0;0;2;1;15;B01
201200027193;0;33;0;0;2;2;1;A01
201200027194;0;7;0;0;0;9;1;A01
201200027195;0;7;0;0;2;6;10;A01
201200027195;0;7;0;0;2;1;1;B01
201200027196;0;37;5;1;0;3;21;A01
201200027197;0;30;0;0;0;3;1;A01
201200027198;0;33;0;0;2;8;1;B01
201200027198;0;7;0;0;2;3;15;A01
201200027199;0;2;0;12;0;8;1;A01
201200027200;0;7;0;0;2;7;1;A01
201200027200;0;2;0;0;2;1;1;B01
201200027201;0;7;0;9;0;1;1;A01
201200027202;0;7;0;11;0;1;6;A01
201200027203;0;7;0;0;2;1;1;B01
201200027203;0;7;0;0;2;7;19;A01
201200027204;0;7;0;0;2;1;1;A01
201200027204;0;7;0;0;2;4;1;B01
201200027205;0;7;0;0;9;5;16;A01
201200027205;0;1;0;0;2;1;1;B01
201200027206;0;30;0;0;0;7;1;A01
201200027207;0;2;0;0;0;7;1;A01
201200027208;0;7;0;0;2;1;1;B01
201200027208;2;10;0;0;2;2;15;A01
201200027209;0;7;0;12;0;1;1;A01
201200027210;0;30;0;0;2;1;1;A01
201200027210;0;7;0;0;2;5;15;B01
201200027211;0;7;0;0;2;1;0;B01
201200027211;0;7;0;0;2;1;5;A01
201200027212;0;7;0;0;1;1;1;A01
201200027213;0;30;0;0;0;7;1;A01
201200027214;0;33;0;0;0;8;15;A01
201200027215;0;7;0;0;2;1;15;A01
201200027215;0;7;0;0;2;1;1;B01
201200027216;0;30;0;0;0;8;1;A01
201200027217;0;7;0;9;0;1;1;A01
201200027218;0;2;0;0;0;7;1;A01
201200027219;0;32;0;1;0;0;1;A01
201200027219;0;7;0;0;0;0;0;B01
201200027220;0;1;0;0;2;8;19;A01
201200027220;0;7;0;0;2;3;16;B01
201200027221;0;7;0;1;0;1;1;A01
201200027222;0;33;0;0;2;1;1;B01
201200027222;0;7;0;0;2;4;15;A01
201200027223;0;7;0;0;2;1;1;A01
201200027223;1;99;0;0;2;4;23;B01
201200027224;0;7;0;0;2;3;1;B01
201200027224;0;7;0;0;2;3;16;A01
201200027225;0;7;0;0;1;3;15;A01
201200027226;0;7;0;0;2;1;1;A01
201200027226;0;7;0;0;2;7;1;B01
201200027227;0;30;0;0;2;1;1;B01
201200027227;0;7;0;0;2;3;0;A01
201200027228;0;7;0;0;1;2;1;A01
201200027229;0;1;0;0;2;1;1;B01
201200027229;0;1;0;0;2;1;1;A01
201200027230;0;30;0;0;0;0;17;A01
201200027231;0;7;0;0;2;2;1;A01
201200027231;0;30;0;0;2;1;1;B01
201200027232;0;7;0;0;2;4;1;B01
201200027232;0;7;0;0;2;1;1;A01
201200027233;0;7;0;0;1;1;13;A01
201200027234;0;1;0;0;2;0;19;B01
201200027234;0;33;0;0;2;1;1;A01
201200027235;0;30;0;0;0;3;1;A01
201200027236;0;7;0;0;1;7;16;A01
201200027237;0;7;0;0;2;3;15;A01
201200027237;0;30;0;0;2;1;17;B01
201200027238;0;7;0;0;2;1;1;B01
201200027238;0;1;0;0;2;3;1;A01
201200027239;0;7;0;0;2;1;1;A01
201200027239;0;7;0;0;2;4;1;B01
201200027240;0;7;0;0;1;2;16;A01
201200027241;0;33;0;0;0;0;16;A01
201200027242;0;7;0;0;0;2;15;A01
201200027243;0;7;0;0;1;1;2;B01
201200027244;0;33;0;0;2;7;2;B01
201200027244;0;7;0;0;2;1;9;A01
201200027245;0;7;0;0;0;4;15;B01
201200027245;0;32;0;0;2;1;2;A01
201200027246;0;7;0;0;1;4;19;A01
201200027247;0;7;0;0;1;1;0;A01
201200027248;0;30;0;0;2;1;2;B01
201200027248;0;7;0;0;0;7;15;A01
201200027249;0;7;0;0;1;3;1;A01
201200027250;0;7;0;0;0;1;2;A01
201200027251;0;7;0;0;2;1;2;B01
201200027251;0;7;0;0;2;2;15;A01
201200027252;0;38;45;0;1;7;1;B01
201200027253;0;1;0;12;0;1;14;A01
201200027254;0;7;0;0;2;1;23;B01
201200027254;0;7;0;0;2;4;4;A01
201200027255;0;7;0;0;1;8;15;A01
201200027256;0;1;0;0;0;0;0;A01
201200027257;0;7;0;0;2;8;13;A01
201200027257;0;32;0;0;2;1;1;B01
201200027258;0;7;0;0;2;6;23;B01
201200027258;2;7;0;0;2;2;1;A01
201200027258;0;10;0;0;2;7;23;C01
201200027259;0;7;0;0;2;1;1;A01
201200027259;0;7;0;2;2;7;1;B01
201200027260;0;7;0;0;2;1;1;A01
201200027260;0;7;0;0;2;8;15;B01
201200027261;0;10;0;0;2;4;23;B01
201200027261;0;7;0;0;2;1;1;A01
201200027262;0;7;0;0;2;8;1;B01
201200027262;0;7;0;0;2;3;24;C01
201200027262;0;7;0;1;2;1;1;A01
201200027263;0;10;0;0;1;2;1;A01
201200027264;0;7;0;0;2;6;1;B01
201200027264;0;33;0;0;2;1;1;A01
201200027265;0;7;0;0;2;2;1;A01
201200027265;0;7;0;0;2;3;1;B01
201200027266;0;7;0;0;2;3;1;B01
201200027266;0;7;0;0;2;2;1;A01
201200027267;0;7;0;0;2;8;13;A01
201200027267;0;1;0;0;2;1;17;B01
201200027268;0;10;0;0;1;2;1;A01
201200027269;0;7;0;0;1;1;15;A01
201200027270;0;7;0;0;1;1;1;A01
201200027271;0;7;0;0;2;2;15;B01
201200027271;0;2;0;0;2;8;15;A01
201200027272;0;7;0;0;1;1;1;A01
201200027273;0;32;0;0;2;1;1;B01
201200027273;0;7;0;0;2;8;15;A01
201200027274;0;7;0;0;1;1;17;A01
201200027275;0;7;0;0;2;7;1;A01
201200027275;0;1;0;0;2;6;9;B01
201200027276;0;33;0;0;2;1;15;A01
201200027276;0;14;0;0;2;6;1;B01
201200027277;0;33;0;0;0;7;1;C01
201200027277;0;7;0;0;2;6;1;B01
201200027277;0;2;0;0;2;1;1;A01
201200027278;0;33;0;0;2;1;1;B01
201200027278;0;1;0;0;;8;16;A01
201200027279;0;7;0;0;2;8;15;A01
201200027279;0;7;0;0;2;1;1;B01
201200027280;0;10;0;0;2;1;1;A01
201200027280;0;1;0;0;2;4;1;B01
201200027281;0;33;0;0;2;1;17;B01
201200027281;0;7;0;0;2;8;15;A01
201200027282;0;2;0;0;0;1;1;A01
201200027283;0;7;0;0;2;0;0;A01
201200027283;0;7;0;0;2;0;0;B01
201200027284;1;7;0;0;0;0;0;A01
201200027284;0;7;0;0;0;0;0;B01
201200027285;0;2;0;0;2;1;1;B01
201200027285;0;7;0;0;2;3;15;A01
201200027286;0;7;0;0;0;0;0;A01
201200027287;0;31;0;0;0;0;0;A01
201200027288;0;1;0;0;0;0;0;B01
201200027288;0;7;0;0;2;0;1;A01
201200027289;0;7;0;3;0;0;1;A01
201200027290;0;7;0;0;2;0;0;B01
201200027290;0;7;0;0;2;0;0;A01
201200027291;0;7;0;0;1;0;0;A01
201200027292;0;2;0;0;0;0;0;A01
201200027293;0;2;0;0;0;0;0;A01
201200027294;0;7;0;0;1;0;0;A01
201200027295;0;10;0;0;0;0;1;B01
201200027295;0;30;0;0;2;4;1;A01
201200027296;0;7;0;0;2;2;1;B01
201200027296;0;30;0;0;2;0;0;A01
201200027297;0;30;0;0;2;8;17;B01
201200027297;0;7;0;0;2;6;15;A01
201200027298;0;7;0;0;2;4;1;B01
201200027298;0;2;0;0;2;1;2;A01
201200027299;0;7;0;0;1;2;16;A01
201200027300;0;7;0;0;2;1;1;A01
201200027300;0;1;0;0;2;7;1;B01
201200027301;0;7;0;0;2;1;1;A01
201200027301;0;7;0;0;2;4;1;B01
201200027301;0;7;0;0;2;1;1;C01
201200027302;0;30;0;8;0;1;1;A01
201200027303;0;1;0;0;2;1;19;A01
201200027303;0;10;0;0;2;3;1;B01
201200027304;0;30;0;0;1;1;1;A01
201200027305;0;7;0;0;2;4;23;A01
201200027305;0;7;0;0;2;3;23;B01
201200027305;1;7;0;0;2;1;1;C01
201200027306;0;7;0;0;2;8;22;A01
201200027306;0;1;0;1;0;7;1;B01
201200027307;0;7;0;0;2;6;11;A01
201200027307;0;33;0;0;2;1;2;B01
201200027308;0;30;0;0;2;1;1;A01
201200027308;0;14;0;0;2;8;1;B01
201200027309;0;7;0;0;2;7;1;A01
201200027309;0;1;0;0;2;6;16;B01
201200027310;0;10;0;0;2;5;0;B01
201200027310;0;33;0;0;2;1;7;A01
201200027311;0;7;0;0;2;1;16;A01
201200027311;0;1;0;0;2;7;1;B01
201200027312;0;7;0;0;2;6;15;A01
201200027312;0;33;0;0;2;1;1;B01
201200027313;0;33;0;0;2;7;15;A01
201200027313;0;7;0;0;2;1;1;B01
201200027314;0;30;0;0;2;1;1;A01
201200027314;0;7;0;0;2;3;1;B01
201200027315;0;3;0;0;2;3;15;A01
201200027315;0;33;0;0;2;1;1;B01
201200027316;0;7;0;0;2;2;1;B01
201200027316;0;7;0;0;2;3;15;A01
201200027317;0;7;0;4;0;1;1;A01
201200027318;0;7;0;4;0;1;1;A01
201200027319;0;7;0;0;2;3;1;A01
201200027319;0;2;0;0;2;1;1;B01
201200027320;0;7;0;0;2;5;16;A01
201200027320;0;2;0;0;2;1;1;B01
201200027321;0;1;0;1;0;7;1;A01
201200027322;0;30;0;0;0;8;1;A01
201200027323;0;7;0;0;2;1;1;A01
201200027323;0;7;0;0;2;8;1;B01
201200027324;0;7;0;0;2;1;9;A01
201200027324;0;1;0;0;2;8;5;B01
201200027325;1;10;0;0;2;1;15;A01
201200027325;0;1;0;0;2;4;1;B01
201200027326;0;7;0;0;1;1;1;A01
201200027327;0;30;0;0;0;0;1;A01
201200027328;0;7;0;0;2;1;19;A01
201200027328;0;7;0;0;2;8;2;B01
201200027329;0;7;0;0;2;1;13;A01
201200027329;0;7;0;0;2;1;1;B01
201200027330;1;7;0;0;2;3;9;A01
201200027330;0;33;0;0;2;7;1;B01
201200027331;0;33;0;0;2;7;1;B01
201200027331;0;7;0;0;2;3;9;A01
201200027332;1;7;0;0;1;2;2;A01
201200027333;0;33;0;0;2;1;5;A01
201200027333;0;14;0;0;0;0;23;C01
201200027333;0;7;0;0;2;3;15;B01
201200027334;0;10;0;0;1;3;1;A01
201200027335;0;30;0;0;2;1;1;A01
201200027335;0;7;0;0;2;8;1;B01
201200027336;0;7;0;0;1;1;2;A01
201200027337;1;15;0;0;2;8;13;A01
201200027337;0;7;0;0;2;7;1;B01
201200027338;0;7;0;0;2;6;24;B01
201200027338;0;7;0;1;0;2;1;A01
201200027339;0;7;0;0;2;3;2;B01
201200027339;0;7;0;0;2;2;19;A01
201200027340;0;32;0;0;1;1;2;A01
201200027341;0;2;0;0;2;1;8;A01
201200027341;0;7;0;0;2;3;15;B01
201200027342;0;7;0;0;2;8;9;B01
201200027342;0;30;0;0;2;1;9;A01
201200027343;0;1;0;0;2;1;19;A01
201200027343;0;7;0;0;9;1;2;B01
201200027344;0;7;0;0;2;1;1;A01
201200027344;0;7;0;0;2;8;1;B01
201200027345;0;7;0;0;2;1;1;A01
201200027345;0;7;0;0;2;6;23;B01
201200027346;0;30;0;0;0;8;2;A01
201200027347;0;2;0;0;0;7;16;A01
201200027348;0;7;0;0;2;3;2;B01
201200027348;0;7;0;0;2;1;15;A01
201200027349;0;7;0;0;2;8;1;B01
201200027349;0;7;0;0;2;1;15;A01
201200027350;0;2;0;8;0;1;14;A01
201200027351;0;7;0;0;2;1;13;A01
201200027351;0;7;0;0;2;1;0;B01
201200027352;0;7;0;0;2;0;0;A01
201200027352;0;7;0;0;2;0;0;B01
201200027353;0;30;0;0;0;0;1;A01
201200027354;0;2;0;0;0;0;1;A01
201200027355;0;7;0;0;1;0;1;A01
201200027356;0;7;0;0;2;1;15;A01
201200027356;0;1;0;0;2;1;1;B01
201200027357;0;2;0;0;0;1;1;A01
201200027358;0;7;0;0;2;1;1;B01
201200027358;0;7;0;0;2;7;19;A01
201200027359;0;7;0;0;9;1;1;B01
201200027359;0;1;0;0;2;4;19;A01
201200027360;0;2;0;0;1;1;1;A01
201200027361;0;33;0;0;2;1;1;A01
201200027361;0;7;0;0;2;4;1;B01
201200027362;0;7;0;0;2;1;1;A01
201200027362;0;10;0;0;2;1;1;B01
201200027363;0;7;0;0;2;4;0;B01
201200027363;0;7;0;0;2;1;1;A01
201200027364;0;7;0;0;2;3;1;B01
201200027364;0;7;0;0;2;1;1;A01
201200027365;0;7;0;0;2;8;13;B01
201200027365;0;32;0;0;2;2;17;A01
201200027366;0;7;0;0;1;1;1;A01
201200027367;0;7;0;8;0;1;1;A01
201200027368;0;1;0;0;2;7;19;B01
201200027368;0;10;0;0;2;4;4;A01
201200027369;0;1;0;0;2;1;19;A01
201200027369;0;38;1;0;2;7;16;B01
201200027370;1;7;0;0;0;0;0;B01
201200027370;0;7;0;0;2;7;1;A01
201200027371;0;7;0;0;2;4;1;B01
201200027371;0;10;0;0;2;1;1;A01
201200027372;0;2;0;0;2;1;1;A01
201200027372;0;7;0;0;2;4;1;B01
201200027373;0;30;0;0;2;4;1;A01
201200027373;1;7;0;0;2;1;0;B01
201200027374;0;30;0;0;2;1;1;A01
201200027374;0;7;0;0;2;4;1;B01
201200027375;0;7;0;0;0;0;1;A01
201200027375;0;33;0;0;0;0;1;B01
201200027376;0;33;0;0;2;1;1;B01
201200027376;0;7;0;0;2;8;1;A01
201200027377;0;7;0;0;2;8;1;A01
201200027377;0;7;0;0;2;1;1;B01
201200027378;0;7;0;0;2;1;1;A01
201200027378;0;7;0;0;2;4;1;B01
201200027379;0;2;0;0;2;4;23;B01
201200027379;0;10;0;0;2;1;1;A01