num_acc;senc;catv;occutc;obs;obsm;choc;manv;num_veh
201200027379;0;7;0;0;2;4;23;C01
201200027379;0;7;0;0;0;0;23;D01
201200027380;0;30;0;2;0;1;14;A01
201200027381;0;7;0;0;2;5;16;B01
201200027381;0;30;0;0;2;3;18;A01
201200027382;1;7;0;0;2;1;2;A01
201200027382;0;10;0;0;2;4;23;B01
201200027383;0;10;0;0;2;3;1;A01
201200027383;0;1;0;0;2;3;1;B01
201200027384;0;7;0;0;2;1;19;A01
201200027384;0;7;0;0;2;8;2;B01
201200027385;1;7;0;0;1;0;0;A01
201200027386;0;7;0;0;2;2;19;A01
201200027386;0;7;0;0;2;3;2;B01
201200027387;0;7;0;0;1;1;15;A01
201200027388;0;7;0;0;0;4;23;B01
201200027388;0;7;0;0;2;1;2;A01
201200027389;0;1;0;0;9;1;2;A01
201200027390;0;1;0;1;0;2;14;A01
201200027391;0;1;0;0;2;7;19;B01
201200027391;0;33;0;0;2;1;18;A01
201200027392;0;7;0;0;2;4;1;B01
201200027392;0;7;0;0;2;1;2;A01
201200027393;0;30;0;0;2;1;18;A01
201200027393;0;7;0;0;0;5;16;B01
201200027394;0;7;0;0;2;1;10;A01
201200027394;0;30;0;0;2;1;2;B01
201200027395;0;7;0;0;1;3;2;A01
201200027396;0;7;0;3;0;1;21;A01
201200027397;0;7;0;0;2;1;9;A01
201200027397;0;30;0;0;2;4;23;B01
201200027398;0;7;0;0;1;3;9;A01
201200027399;0;1;0;0;2;1;2;B01
201200027399;0;7;0;0;2;8;23;A01
201200027400;0;7;0;0;1;0;2;A01
201200027401;0;1;0;0;2;8;19;B01
201200027401;0;7;0;0;2;1;1;A01
201200027402;0;7;0;0;1;1;1;A01
201200027403;0;7;0;0;2;8;15;B01
201200027403;0;1;0;0;2;1;17;A01
201200027404;0;7;0;0;2;3;2;B01
201200027404;0;1;0;0;2;3;16;A01
201200027405;0;1;0;0;2;1;2;A01
201200027405;0;7;0;0;2;6;23;B01
201200027406;0;7;0;0;2;3;10;A01
201200027406;0;33;0;0;2;1;1;B01
201200027407;0;7;0;0;2;3;1;B01
201200027407;0;37;1;0;2;1;1;A01
201200027408;0;32;0;0;1;7;2;A01
201200027409;0;33;0;0;2;7;21;B01
201200027409;0;7;0;0;2;0;15;A01
201200027410;0;7;0;0;2;1;9;A01
201200027410;0;30;0;0;2;7;2;B01
201200027411;0;1;0;0;2;4;16;B01
201200027411;0;7;0;0;2;1;9;A01
201200027412;1;7;0;0;1;1;0;Z01
201200027413;0;7;0;3;0;1;6;A01
201200027414;0;30;0;0;0;7;1;A01
201200027415;0;7;0;0;2;3;1;B01
201200027415;0;1;0;0;2;1;19;A01
201200027416;0;7;0;0;1;4;4;A01
201200027417;0;7;0;0;2;0;0;A01
201200027418;0;7;0;0;0;0;1;A01
201200027418;0;7;0;0;2;4;1;B01
201200027418;0;7;0;0;0;4;1;C01
201200027419;0;7;0;0;2;0;0;A01
201200027419;0;1;0;0;0;0;0;B01
201200027420;0;10;0;0;1;6;0;A01
201200027421;0;7;0;0;2;2;1;A01
201200027421;0;7;0;0;2;8;1;B01
201200027422;0;14;0;0;2;1;1;A01
201200027422;0;7;0;0;2;4;1;B01
201200027423;0;7;0;0;2;8;2;B01
201200027423;0;30;0;0;2;1;1;A01
201200027424;0;32;0;0;0;0;0;A01
201200027425;0;7;0;0;1;2;1;A01
201200027426;0;30;0;0;2;1;15;B01
201200027426;0;7;0;0;2;2;1;A01
201200027427;0;7;0;0;2;1;1;A01
201200027427;0;7;0;0;2;4;1;B01
201200027428;0;1;0;0;2;7;2;B01
201200027428;2;7;0;0;2;7;16;Z01
201200027428;0;1;0;0;2;7;2;C01
201200027429;0;7;0;0;1;0;0;A01
201200027430;0;30;0;1;0;1;1;A01
201200027431;0;33;0;12;0;7;1;A01
201200027432;0;30;0;0;0;0;15;A01
201200027433;0;7;0;0;2;8;1;A01
201200027433;0;30;0;0;0;2;1;B01
201200027434;0;1;0;0;2;8;5;B01
201200027434;0;7;0;0;2;1;0;A01
201200027435;0;7;0;0;2;7;16;A01
201200027435;0;33;0;0;2;8;16;B01
201200027436;0;7;0;0;2;6;2;B01
201200027436;0;7;0;0;2;2;15;A01
201200027437;0;10;0;0;2;1;1;B01
201200027437;0;2;0;0;2;7;1;A01
201200027438;1;7;0;0;1;2;1;Z01
201200027439;0;10;0;0;2;2;2;A01
201200027439;0;7;0;0;0;5;2;C01
201200027439;0;7;0;0;2;6;2;B01
201200027440;0;7;0;4;0;7;1;A01
201200027441;0;7;0;0;2;8;1;B01
201200027441;0;30;0;0;2;1;1;A01
201200027442;0;7;0;0;2;3;9;A01
201200027442;0;30;0;0;2;1;1;B01
201200027443;0;1;0;0;2;8;1;B01
201200027443;0;7;0;0;2;2;14;A01
201200027444;0;7;0;0;2;7;9;A01
201200027444;0;33;0;0;2;1;1;B01
201200027445;0;33;0;0;1;1;1;A01
201200027446;0;33;0;11;0;1;1;A01
201200027447;0;2;0;0;0;0;0;A01
201200027448;0;1;0;0;2;1;1;B01
201200027448;0;7;0;0;2;8;9;A01
201200027449;0;7;0;0;2;4;1;B01
201200027449;0;7;0;0;2;1;1;A01
201200027450;0;1;0;0;0;0;0;A01
201200027451;0;7;0;0;2;0;0;A01
201200027451;0;1;0;0;2;0;0;B01
201200027452;0;31;0;0;2;1;13;B01
201200027452;0;7;0;0;0;3;15;A01
201200027453;0;14;0;0;2;2;0;A01
201200027453;0;1;0;0;0;0;0;B01
201200027454;0;7;0;0;0;0;1;A01
201200027455;0;7;0;0;2;7;1;A01
201200027455;0;32;0;0;2;7;1;B01
201200027456;0;30;0;0;2;1;1;B01
201200027456;0;2;0;0;2;6;15;A01
201200027457;0;30;0;1;0;1;1;A01
201200027458;0;7;0;0;1;5;15;A01
201200027459;0;7;0;0;2;3;15;A01
201200027459;0;1;0;0;2;1;1;B01
201200027460;0;1;0;0;0;0;1;A01
201200027461;0;30;0;11;0;1;1;A01
201200027462;0;7;0;1;2;1;17;A01
201200027462;0;7;0;6;2;8;15;B01
201200027463;0;7;0;0;2;1;1;B01
201200027463;0;7;0;0;2;7;15;A01
201200027464;0;30;0;12;0;7;1;A01
201200027465;0;7;0;16;0;9;1;A01
201200027466;0;7;0;0;2;3;1;B01
201200027466;0;7;0;0;2;1;5;A01
201200027467;0;1;0;12;0;1;1;A01
201200027468;0;1;0;0;0;0;1;A01
201200027469;0;30;0;0;2;1;5;A01
201200027469;0;7;0;0;2;8;1;B01
201200027470;0;30;0;0;0;8;1;A01
201200027471;0;7;0;0;2;1;5;A01
201200027471;0;7;0;0;2;7;1;B01
201200027472;1;7;0;0;1;3;1;A01
201200027473;0;7;0;1;0;3;13;A01
201200027474;0;34;0;0;0;7;1;A01
201200027475;0;7;0;0;0;8;1;A01
201200027476;0;30;0;0;0;8;15;A01
201200027477;0;7;0;9;2;7;15;A01
201200027477;0;7;0;0;2;1;1;B01
201200027478;0;7;0;9;2;8;0;A01
201200027478;0;7;0;0;2;1;1;B01
201200027479;0;7;0;4;0;1;0;A01
201200027480;0;7;0;0;1;1;1;A01
201200027481;0;7;0;0;2;1;2;A01
201200027481;0;7;0;0;2;4;2;B01
201200027482;0;33;0;0;2;4;2;B01
201200027482;0;7;0;0;2;1;2;A01
201200027483;0;10;0;0;2;1;1;A01
201200027483;0;31;0;0;2;4;1;B01
201200027484;0;7;0;0;2;1;2;A01
201200027484;0;14;0;0;2;4;2;B01
201200027485;0;7;0;0;2;1;1;A01
201200027485;0;7;0;0;2;4;1;B01
201200027485;0;7;0;0;2;4;1;C01
201200027486;0;7;0;8;2;1;1;B01
201200027486;0;7;0;0;2;5;1;A01
201200027487;0;1;0;0;2;8;0;B01
201200027487;0;7;0;0;2;1;1;A01
201200027488;0;7;0;0;2;3;15;A01
201200027488;0;2;0;0;2;1;17;B01
201200027488;0;34;0;0;2;1;1;C01
201200027489;0;7;0;0;2;3;1;A01
201200027489;0;2;0;0;2;3;1;B01
201200027490;0;2;0;0;2;1;1;A01
201200027490;0;7;0;0;2;4;1;B01
201200027491;0;7;0;0;2;1;1;D01
201200027491;0;7;0;0;2;1;1;C01
201200027491;0;7;0;0;2;1;1;B01
201200027491;0;7;0;0;2;4;1;A01
201200027492;0;7;0;0;2;4;1;B01
201200027492;0;7;0;0;2;1;1;A01
201200027493;0;34;0;0;1;3;1;A01
201200027494;0;1;0;0;2;7;1;A01
201200027494;0;7;0;0;2;1;15;B01
201200027495;0;7;0;0;2;3;15;A01
201200027495;0;1;0;0;2;1;1;B01
201200027496;0;33;0;0;2;1;17;A01
201200027496;0;7;0;0;2;8;15;B01
201200027497;0;10;0;0;2;8;15;A01
201200027497;0;31;0;0;2;1;17;B01
201200027498;0;7;0;0;1;1;1;A01
201200027499;0;7;0;0;2;3;1;B01
201200027499;0;7;0;0;2;2;14;A01
201200027500;0;7;0;0;2;7;1;B01
201200027500;0;7;0;0;2;1;19;A01
201200027501;0;7;0;0;2;1;15;A01
201200027501;0;33;0;0;2;1;1;B01
201200027502;1;7;0;0;0;0;0;Z01
201200027502;0;7;0;0;2;0;0;B01
201200027503;0;30;0;0;2;1;2;A01
201200027503;0;7;0;0;0;4;2;B01
201200027504;0;7;0;0;2;8;15;A01
201200027504;0;32;0;0;2;7;17;B01
201200027505;0;7;0;0;1;5;4;A01
201200027506;0;7;0;0;2;3;15;A01
201200027506;0;33;0;0;2;1;1;B01
201200027507;0;7;0;0;2;2;1;C01
201200027507;0;2;0;0;2;1;1;A01
201200027507;2;2;0;0;2;1;1;B01
201200027508;0;10;0;6;0;0;0;A01
201200027509;0;1;0;0;2;1;1;B01
201200027509;0;1;0;0;2;1;1;A01
201200027510;0;7;0;0;2;3;1;B01
201200027510;0;7;0;0;2;2;1;A01
201200027511;0;7;0;6;0;1;1;A01
201200027512;0;7;0;0;2;1;1;A01
201200027512;0;7;0;0;2;4;1;B01
201200027513;0;1;0;0;0;0;1;A01
201200027514;0;1;0;12;0;2;0;A01
201200027515;0;7;0;0;1;2;1;A01
201200027516;0;7;0;0;2;0;1;A01
201200027516;0;33;0;0;2;7;1;B01
201200027517;0;7;0;0;1;1;1;A01
201200027518;0;1;0;0;0;0;1;A01
201200027519;0;32;0;0;0;7;0;A01
201200027520;0;30;0;0;1;1;0;A01
201200027521;0;7;0;0;1;1;1;A01
201200027522;0;30;0;0;0;8;1;A01
201200027523;0;30;0;0;2;7;1;B01
201200027523;0;7;0;0;2;0;11;A01
201200027524;0;7;0;0;0;0;0;B01
201200027524;0;32;0;0;0;8;17;A01
201200027525;0;1;0;0;1;1;2;A01
201200027526;0;7;0;4;0;1;1;A01
201200027527;0;7;0;0;2;4;1;C01
201200027527;0;7;0;0;2;4;1;B01
201200027527;0;7;0;0;2;1;1;A01
201200027527;0;7;0;0;2;4;1;D01
201200027528;0;7;0;0;2;4;1;C01
201200027528;0;7;0;0;2;4;1;B01
201200027528;0;7;0;0;2;1;1;A01
201200027529;0;7;0;0;2;2;1;A01
201200027529;0;7;0;0;2;3;1;B01
201200027530;0;2;0;0;0;8;23;A01
201200027531;0;7;0;0;2;2;1;B01
201200027531;0;30;0;0;2;7;15;A01
201200027532;0;1;0;0;2;1;2;B01
201200027532;0;7;0;0;2;5;22;A01
201200027533;0;7;0;0;1;6;4;A01
201200027534;0;14;0;0;2;1;1;A01
201200027534;0;7;0;0;2;4;15;B01
201200027535;0;7;0;0;2;3;1;B01
201200027535;0;1;0;0;2;7;1;A01
201200027536;0;7;0;0;2;6;23;B01
201200027536;0;7;0;1;0;2;1;A01
201200027537;0;31;0;0;2;1;1;A01
201200027537;0;7;0;0;2;6;1;B01
201200027538;0;1;0;0;2;4;15;B01
201200027538;0;7;0;0;2;3;1;A01
201200027539;0;7;0;0;2;1;1;B01
201200027539;0;7;0;0;2;4;1;C01
201200027539;0;7;0;0;2;1;1;A01
201200027540;0;7;0;0;1;1;1;A01
201200027541;0;7;0;0;1;1;1;A01
201200027542;0;7;0;0;1;1;15;A01
201200027543;0;7;0;0;2;4;1;C01
201200027543;0;7;0;0;2;1;1;A01
201200027543;0;7;0;0;2;4;1;B01
201200027544;0;33;0;0;0;0;0;A01
201200027545;0;7;0;0;1;3;1;B01
201200027546;0;34;0;12;0;1;2;A01
201200027547;0;7;0;0;2;1;2;A01
201200027547;0;1;0;0;2;8;19;B01
201200027548;0;30;0;0;0;0;2;A01
201200027549;0;7;0;0;2;4;23;B01
201200027549;0;7;0;0;2;1;2;A01
201200027550;0;30;0;0;2;1;1;A01
201200027550;0;7;0;0;2;4;16;B01
201200027551;0;7;0;0;2;2;16;B01
201200027551;0;7;0;0;2;3;9;A01
201200027552;0;1;0;0;0;1;10;A01
201200027553;0;7;0;0;2;1;1;A01
201200027553;0;7;0;0;2;3;1;B01
201200027554;0;7;0;0;1;1;2;B01
201200027555;0;33;0;15;0;7;1;A01
201200027556;0;30;0;0;0;7;2;A01
201200027557;0;30;0;12;0;0;2;A01
201200027558;0;7;0;0;2;3;1;B01
201200027558;0;7;0;0;2;2;19;A01
201200027558;0;7;0;0;2;1;0;C01
201200027559;0;7;0;0;2;8;1;B01
201200027559;0;7;0;0;2;1;1;A01
201200027560;0;7;0;0;0;4;2;B01
201200027560;0;10;0;0;2;1;2;A01
201200027561;0;7;0;0;2;3;1;B01
201200027561;0;7;0;0;2;2;1;A01
201200027562;0;7;0;0;1;2;2;A01
201200027563;0;7;0;0;1;8;1;A01
201200027564;0;30;0;0;0;8;1;A01
201200027565;0;7;0;4;0;1;12;A01
201200027566;0;2;0;0;0;8;15;A01
201200027567;0;7;0;0;2;3;1;B01
201200027567;0;7;0;0;2;3;13;A01
201200027568;0;2;0;0;1;1;1;A01
201200027569;0;7;0;0;2;1;1;A01
201200027569;0;7;0;0;2;4;12;B01
201200027570;0;7;0;0;2;4;2;A01
201200027570;0;7;0;0;2;3;1;B01
201200027571;0;10;0;0;2;7;2;B01
201200027571;0;7;0;0;2;1;9;A01
201200027572;0;7;0;0;2;4;23;B01
201200027572;0;7;0;0;2;1;2;A01
201200027573;0;7;0;1;2;2;9;A01
201200027573;0;7;0;1;2;3;2;B01
201200027574;0;1;0;0;1;1;2;A01
201200027575;0;7;0;0;1;8;2;A01
201200027576;0;7;0;0;2;1;1;A01
201200027576;0;2;0;0;2;8;16;B01
201200027577;0;7;0;0;1;7;15;B01
201200027578;0;7;0;0;2;4;23;B01
201200027578;0;7;0;0;2;1;1;A01
201200027578;0;7;0;0;2;4;23;C01
201200027579;0;34;0;0;0;0;21;A01
201200027580;0;7;0;0;1;1;15;A01
201200027581;1;33;0;0;0;0;0;A01
201200027582;0;30;0;0;2;4;1;A01
201200027582;0;33;0;0;0;4;0;B01
201200027583;0;33;0;0;0;0;0;A01
201200027584;0;7;0;0;0;0;0;A01
201200027585;0;7;0;0;1;0;4;A01
201200027586;0;7;0;0;2;1;2;A01
201200027586;0;7;0;0;2;4;2;B01
201200027587;0;1;0;0;2;1;19;A01
201200027587;0;7;0;0;2;1;1;B01
201200027588;0;7;0;0;2;3;15;A01
201200027588;0;7;0;0;2;1;1;B01
201200027589;0;7;0;0;2;1;2;A01
201200027589;0;7;0;0;2;4;2;B01
201200027590;0;7;0;0;2;1;1;A01
201200027590;0;1;0;0;2;4;15;B01
201200027591;0;10;0;0;2;3;1;B01
201200027591;0;7;0;0;2;3;5;A01
201200027592;0;7;0;0;1;1;1;A01
201200027593;0;2;0;1;0;1;1;A01
201200027594;0;7;0;0;2;4;16;B01
201200027594;0;2;0;0;2;1;1;A01
201200027595;0;1;0;0;2;7;19;B01
201200027595;0;1;0;0;2;7;19;C01
201200027595;0;7;0;0;2;1;1;A01
201200027596;0;1;0;0;2;8;1;B01
201200027596;0;7;0;0;2;1;1;A01
201200027597;0;7;0;0;2;7;1;B01
201200027597;0;2;0;0;2;1;1;A01
201200027598;0;1;0;0;2;1;1;B01
201200027598;0;7;0;0;2;5;4;A01
201200027599;0;7;0;0;2;4;2;B01
201200027599;0;7;0;0;2;1;2;A01
201200027600;0;30;0;0;2;1;2;A01
201200027600;0;7;0;0;2;6;2;B01
201200027601;0;7;0;0;2;4;1;B01
201200027601;0;2;0;0;2;1;1;A01
201200027602;0;33;0;0;2;1;14;A01
201200027602;0;7;0;0;2;1;16;B01
201200027603;0;7;0;0;2;1;1;B01
201200027603;0;1;0;0;2;1;19;A01
201200027604;0;10;0;0;1;4;4;A01
201200027605;0;7;0;0;2;1;9;A01
201200027605;0;7;0;0;2;7;1;B01
201200027606;0;1;0;0;2;1;1;B01
201200027606;0;7;0;0;2;7;22;A01
201200027607;0;10;0;0;2;8;15;B01
201200027607;0;33;0;0;2;1;17;A01
201200027608;0;33;0;0;0;0;1;A01
201200027609;0;7;0;0;2;1;16;A01
201200027609;0;1;0;0;0;0;0;B01
201200027610;0;7;0;15;0;1;1;A01
201200027611;0;7;0;0;2;1;1;A01
201200027611;0;7;0;0;2;4;2;C01
201200027611;0;10;0;0;2;4;2;B01
201200027612;0;7;0;2;0;1;1;A01
201200027613;0;7;0;4;0;1;1;A01
201200027614;0;2;0;0;0;0;0;B01
201200027614;0;10;0;0;0;0;15;A01
201200027615;0;30;0;11;0;0;0;A01
201200027616;0;3;0;0;2;7;1;B01
201200027616;0;2;0;0;2;1;1;A01
201200027617;0;1;0;0;2;7;1;B01
201200027617;0;7;0;0;2;1;1;A01
201200027618;0;7;0;12;0;1;2;A01
201200027619;0;33;0;0;2;0;1;A01
201200027620;0;37;1;1;0;5;1;A01
201200027620;0;7;0;0;9;8;24;B01
201200027621;0;7;0;0;1;1;1;A01
201200027622;0;10;0;0;2;3;1;B01
201200027622;0;7;0;0;2;8;15;A01
201200027623;0;2;0;0;0;0;1;B01
201200027623;0;2;0;0;0;0;15;A01
201200027624;0;7;0;0;2;2;12;A01
201200027624;0;1;0;0;2;8;1;B01
201200027625;0;7;0;0;2;8;0;B01
201200027625;0;2;0;0;2;1;1;A01
201200027626;0;1;0;0;2;8;1;B01
201200027626;0;7;0;0;2;2;15;A01
201200027627;0;7;0;0;2;2;15;A01
201200027627;0;30;0;0;2;1;1;B01
201200027628;0;7;0;0;1;2;15;A01
201200027629;0;2;0;0;2;1;1;B01
201200027629;0;7;0;0;2;1;9;A01
201200027630;0;30;0;0;0;7;1;A01
201200027631;0;7;0;0;1;1;1;A01
201200027632;0;30;0;0;0;8;1;A01
201200027633;0;7;0;0;2;3;1;B01
201200027633;0;7;0;0;2;7;15;A01
201200027634;0;30;0;0;2;1;1;B01
201200027634;0;7;0;0;2;8;10;A01
201200027635;0;30;0;0;0;1;1;A01
201200027636;0;10;0;0;1;1;1;A01
201200027637;0;7;0;15;0;1;0;A01
201200027638;0;37;5;0;1;6;1;A01
201200027639;0;2;0;0;0;8;1;A01
201200027640;0;7;0;0;2;6;2;B01
201200027640;0;7;0;0;2;2;9;A01
201200027641;1;7;0;0;2;4;1;A01
201200027641;0;3;0;0;0;4;1;B01
201200027642;0;1;0;0;0;0;0;A01
201200027643;1;7;0;0;1;0;0;A01
201200027644;0;31;0;0;0;0;1;B01
201200027644;0;10;0;0;0;0;0;A01
201200027645;0;7;0;1;2;1;2;A01
201200027645;0;7;0;0;0;4;24;B01
201200027646;0;1;0;0;0;0;0;A01
201200027647;0;33;0;0;0;0;1;A01
201200027648;0;1;0;0;0;0;0;A01
201200027649;0;30;0;0;0;0;0;A01
201200027650;0;7;0;0;2;4;1;B01
201200027650;0;7;0;0;2;4;1;C01
201200027650;0;7;0;0;2;1;1;A01
201200027651;0;7;0;0;2;1;19;A01
201200027651;0;7;0;0;2;7;2;B01
201200027652;0;7;0;2;0;6;1;A01
201200027653;0;7;0;0;2;0;0;A01
201200027653;0;7;0;0;2;0;0;B01
201200027654;0;7;0;0;1;0;1;A01
201200027655;0;30;0;0;2;0;0;C01
201200027655;0;2;0;0;2;0;0;B01
201200027655;0;7;0;0;2;0;0;A01
201200027656;0;2;0;0;0;0;1;A01
201200027657;0;15;0;0;2;8;23;A01
201200027657;0;7;0;14;0;1;1;B01
201200027658;0;7;0;0;1;1;16;A01
201200027659;0;7;0;0;2;3;19;A01
201200027659;0;7;0;0;2;1;2;B01
201200027660;0;2;0;0;0;1;1;A01
201200027661;0;7;0;0;2;1;1;B01
201200027661;0;7;0;0;2;1;17;A01
201200027662;0;3;0;0;2;1;1;A01
201200027662;0;10;0;0;2;4;23;B01
201200027663;0;32;0;0;0;7;21;A01
201200027664;0;7;0;0;1;8;2;A01
201200027665;0;7;0;0;2;1;2;A01
201200027665;0;10;0;0;2;4;23;B01
201200027665;0;7;0;0;1;4;23;C01
201200027666;0;14;0;0;1;1;1;A01
201200027667;0;7;0;0;0;0;0;A01
201200027668;0;7;0;0;2;0;1;A01
201200027668;0;2;0;0;2;0;0;B01
201200027669;0;7;0;3;0;1;1;A01
201200027670;0;33;0;0;2;1;1;B01
201200027670;0;7;0;0;2;2;10;A01
201200027671;0;30;0;14;0;1;1;A01
201200027672;0;7;0;6;0;4;1;A01
201200027673;0;7;0;0;2;1;1;B01
201200027673;0;7;0;0;2;1;13;A01
201200027674;0;7;0;0;1;0;0;A01
201200027675;0;7;0;0;2;0;0;A01
201200027675;0;2;0;0;2;0;0;B01
201200027676;0;7;0;12;1;3;1;A01
201200027677;0;7;0;0;1;1;1;A01
201200027678;0;33;0;12;1;4;17;A01
201200027679;0;7;0;0;1;2;1;A01
201200027680;0;7;0;0;9;7;2;B01
201200027680;0;99;0;0;2;1;19;A01
201200027681;0;32;0;9;0;1;17;A01
201200027681;0;37;1;0;0;0;1;B01
201200027682;0;7;0;0;1;7;17;A01
201200027683;1;7;0;0;2;0;9;A01
201200027683;0;33;0;0;0;0;21;B01
201200027684;0;38;45;0;0;0;1;B01
201200027684;0;30;0;0;2;1;1;A01
201200027685;0;3;0;2;0;1;1;A01
201200027686;0;7;0;0;2;1;19;A01
201200027686;0;32;0;0;2;7;1;B01
201200027687;0;7;0;0;0;4;23;D01
201200027687;0;7;0;0;2;1;2;A01
201200027687;0;7;0;0;2;4;23;B01
201200027687;0;7;0;0;2;4;23;C01
201200027688;0;1;0;0;2;3;2;A01
201200027688;0;7;0;0;2;1;9;B01
201200027689;0;33;0;0;2;8;2;A01
201200027689;0;7;0;0;2;5;2;B01
201200027690;0;2;0;0;0;0;0;A01
201200027691;0;7;0;6;0;9;1;A01
201200027692;0;7;0;0;2;2;15;A01
201200027692;0;33;0;0;2;1;1;B01
201200027693;0;7;0;0;2;2;1;B01
201200027693;0;1;0;0;2;8;19;A01
201200027694;0;30;0;0;2;1;1;B01
201200027694;1;7;0;0;2;1;15;A01
201200027695;0;33;0;1;0;3;17;A01
201200027696;1;7;0;0;1;1;15;Z01
201200027697;0;2;0;0;2;8;1;B01
201200027697;0;7;0;0;2;2;15;A01
201200027698;0;7;0;0;2;1;1;A01
201200027698;0;30;0;0;2;7;15;B01
201200027699;0;7;0;0;2;1;1;A01
201200027699;0;7;0;0;0;0;15;C01
201200027699;0;32;0;0;2;7;15;B01
201200027700;0;10;0;4;0;3;2;A01
201200027701;0;7;0;0;2;3;0;A01
201200027701;0;1;0;0;2;7;12;B01
201200027702;0;1;0;0;0;0;0;A01
201200027703;0;2;0;0;2;1;1;B01
201200027703;0;7;0;0;2;1;15;A01
201200027704;0;1;0;0;2;1;1;B01
201200027704;0;30;0;0;2;1;5;A01
201200027705;0;7;0;0;2;7;15;A01
201200027705;0;34;0;0;2;1;1;B01
201200027706;0;99;0;0;1;1;1;A01
201200027707;0;7;0;0;2;8;1;B01
201200027707;0;2;0;0;2;8;1;A01
201200027708;0;7;0;0;2;4;23;B01
201200027708;0;7;0;0;2;4;23;C01
201200027708;0;7;0;0;2;1;1;A01
201200027709;0;2;0;0;1;3;16;A01
201200027710;2;7;0;0;2;2;0;A01
201200027710;0;10;0;0;2;3;16;B01
201200027711;0;10;0;0;1;1;9;A01
201200027712;0;7;0;0;1;7;1;A01
201200027713;0;10;0;0;2;2;19;A01
201200027713;0;7;0;0;2;1;2;B01
201200027714;0;7;0;0;1;2;1;A01
201200027715;0;7;0;0;1;2;9;A01
201200027716;0;7;0;0;2;2;15;A01
201200027716;0;30;0;0;2;1;1;B01
201200027717;0;7;0;0;2;2;16;A01
201200027717;0;30;0;0;2;2;1;B01
201200027718;0;7;0;0;1;2;15;A01
201200027719;0;7;0;0;1;2;5;A01
201200027720;0;32;0;0;0;3;16;A01
201200027720;0;7;0;0;2;1;1;B01
201200027721;0;7;0;0;1;3;1;A01
201200027722;0;30;0;0;2;1;1;B01
201200027722;0;7;0;0;2;2;1;A01
201200027723;0;7;0;0;1;1;1;A01
201200027724;0;10;0;0;1;8;15;A01
201200027725;0;1;0;0;2;1;1;A01
201200027725;0;7;0;0;2;4;23;B01
201200027726;0;7;0;0;0;2;0;A01
201200027727;0;7;0;0;2;2;15;A01
201200027727;0;7;0;0;2;7;23;C01
201200027727;0;7;0;0;2;3;1;B01
201200027728;0;7;0;0;1;1;0;A01
201200027729;0;31;0;0;1;1;1;A01
201200027730;0;7;0;0;1;1;1;A01
201200027731;0;33;0;0;2;1;1;B01
201200027731;0;7;0;0;2;8;0;A01
201200027732;0;7;0;0;1;6;4;A01
201200027733;0;33;0;0;2;2;1;B01
201200027733;0;7;0;0;2;7;5;A01
201200027734;0;2;0;0;2;1;1;B01
201200027734;0;7;0;0;2;7;11;A01
201200027735;0;1;0;6;0;0;21;A01
201200027736;0;7;0;0;2;3;15;B01
201200027736;0;10;0;0;2;2;1;A01
201200027737;0;2;0;12;0;1;1;A01
201200027738;0;7;0;0;1;2;16;A01
201200027739;0;3;0;16;9;2;2;A01
201200027739;0;1;0;0;2;4;2;B01
201200027740;0;7;0;0;2;8;15;B01
201200027740;0;33;0;0;2;2;17;A01
201200027741;0;7;0;0;9;3;2;A01
201200027741;0;1;0;0;2;1;2;B01
201200027742;0;2;0;16;0;1;1;A01
201200027743;0;7;0;0;1;1;1;A01
201200027744;0;7;0;0;2;3;15;A01
201200027744;0;7;0;0;2;1;1;B01
201200027745;0;7;0;0;1;1;1;A01
201200027746;0;7;0;0;1;2;1;A01
201200027747;0;7;0;0;2;7;1;B01
201200027747;0;7;0;0;2;1;1;A01
201200027748;0;7;0;8;0;3;15;A01
201200027749;0;7;0;0;2;1;3;A01
201200027749;0;2;0;0;2;2;1;B01
201200027750;0;7;0;0;0;8;10;A01
201200027750;0;33;0;0;2;1;1;B01
201200027751;0;7;0;0;1;2;1;A01
201200027752;0;7;0;15;0;1;1;A01
201200027753;0;7;0;0;2;2;12;A01
201200027753;0;1;0;0;2;1;18;B01
201200027754;0;7;0;0;1;3;0;A01
201200027755;0;7;0;0;1;2;1;A01
201200027756;0;7;0;8;0;0;0;A01
201200027757;1;99;0;0;1;3;0;A01
201200027758;0;30;0;0;2;1;1;B01
201200027758;1;7;0;0;0;0;0;Z01
201200027759;0;7;0;0;1;4;4;A01
201200027760;0;7;0;0;2;1;1;A01
201200027760;0;33;0;0;2;1;1;B01
201200027761;0;7;0;0;2;1;1;A01
201200027761;0;7;0;0;2;1;1;B01
201200027762;0;7;0;0;2;1;5;A01
201200027762;0;7;0;0;9;0;1;C01
201200027762;0;7;0;0;2;1;1;B01
201200027763;0;7;0;0;2;1;1;A01
201200027763;0;10;0;0;2;3;1;B01
201200027764;0;7;0;0;1;2;1;A01
201200027765;0;7;0;0;2;8;1;A01
201200027765;0;17;0;0;2;2;12;B01
201200027766;0;7;0;0;2;4;23;A01
201200027766;0;7;0;0;2;1;1;B01
201200027767;0;7;0;0;1;2;15;A01
201200027768;0;7;0;0;1;2;1;A01
201200027769;0;7;0;0;2;4;24;C01
201200027769;0;7;0;1;0;1;14;B01
201200027769;0;7;0;3;0;1;1;E01
201200027769;0;7;0;3;0;8;1;A01
201200027769;0;7;0;3;0;1;1;D01
201200027770;0;7;0;0;1;1;15;A01