num_acc;senc;catv;occutc;obs;obsm;choc;manv;num_veh
201200027771;0;1;0;0;2;1;1;B01
201200027771;0;7;0;0;2;3;15;A01
201200027772;0;7;0;0;2;2;15;B01
201200027772;0;1;0;0;2;2;1;A01
201200027773;0;7;0;3;2;4;2;B01
201200027773;0;7;0;0;1;1;1;C01
201200027773;0;7;0;0;2;1;2;A01
201200027774;0;30;0;0;2;1;1;A01
201200027774;0;7;0;0;2;7;16;B01
201200027775;0;1;0;0;2;1;1;B01
201200027775;0;7;0;0;2;1;1;A01
201200027776;0;7;0;0;2;3;1;A01
201200027776;0;1;0;0;2;1;1;B01
201200027777;0;7;0;12;1;1;14;A01
201200027778;0;7;0;0;0;6;23;B01
201200027778;0;15;0;1;0;2;2;A01
201200027779;1;7;0;0;1;1;1;Z01
201200027780;0;34;0;0;2;1;1;B01
201200027780;0;7;0;0;2;1;15;A01
201200027781;1;7;0;0;1;1;1;Z01
201200027782;0;30;0;0;2;1;1;A01
201200027782;0;30;0;0;2;4;11;B01
201200027783;0;7;0;0;1;1;1;A01
201200027784;0;7;0;0;2;1;2;A01
201200027784;0;7;0;0;2;4;23;B01
201200027785;0;7;0;0;1;1;1;A01
201200027786;0;7;0;0;1;1;1;A01
201200027787;0;7;0;0;1;3;15;A01
201200027788;0;1;0;0;2;8;1;B01
201200027788;0;7;0;0;2;1;1;A01
201200027789;0;1;0;0;2;1;5;A01
201200027789;0;1;0;0;2;7;19;B01
201200027790;0;7;0;0;2;6;11;A01
201200027790;0;33;0;0;2;1;1;B01
201200027791;0;7;0;0;2;2;10;A01
201200027791;0;33;0;0;2;1;1;B01
201200027792;0;7;0;7;0;9;0;A01
201200027793;0;33;0;0;0;0;23;C01
201200027793;0;33;0;0;2;7;21;A01
201200027793;0;7;0;0;2;1;23;B01
201200027794;0;7;0;0;2;5;23;C01
201200027794;0;7;0;1;1;2;16;A01
201200027795;0;30;0;0;4;1;19;A01
201200027795;0;40;0;0;2;2;1;B01
201200027796;0;7;0;0;2;8;19;A01
201200027796;0;7;0;0;2;3;1;B01
201200027797;0;7;0;0;1;2;1;A01
201200027798;0;7;0;0;0;4;2;B01
201200027798;0;7;0;0;2;1;2;A01
201200027799;0;32;0;0;2;1;1;B01
201200027799;0;7;0;0;2;7;15;A01
201200027800;0;17;0;0;2;7;1;B01
201200027800;0;7;0;0;2;3;5;A01
201200027801;0;10;0;0;2;1;15;A01
201200027801;0;30;0;0;2;1;1;B01
201200027802;0;33;0;0;0;0;17;A01
201200027802;0;7;0;0;2;1;1;B01
201200027803;0;7;0;0;2;1;1;A01
201200027803;0;7;0;0;2;4;23;B01
201200027804;0;7;0;0;2;1;2;A01
201200027804;0;7;0;0;2;4;2;B01
201200027805;0;10;0;0;1;3;1;A01
201200027806;0;30;0;0;2;1;1;B01
201200027806;0;30;0;0;2;1;5;A01
201200027807;0;7;0;0;1;2;1;A01
201200027808;0;10;0;0;2;4;2;B01
201200027808;0;7;0;0;2;1;2;A01
201200027809;0;40;0;0;1;2;1;A01
201200027810;0;7;0;3;0;1;14;A01
201200027811;0;2;0;0;1;1;1;A01
201200027812;0;7;0;0;1;4;4;A01
201200027813;0;7;0;0;0;0;0;A01
201200027814;0;7;0;0;2;6;15;B01
201200027814;0;33;0;0;2;1;1;A01
201200027815;0;7;0;14;0;0;1;A01
201200027816;0;7;0;0;1;6;4;A01
201200027817;1;7;0;0;2;1;2;Z01
201200027817;0;7;0;0;2;4;1;B01
201200027818;0;7;0;0;1;1;1;A01
201200027819;0;7;0;0;1;4;4;A01
201200027820;0;7;0;0;2;2;16;A01
201200027820;1;1;0;0;2;1;1;B01
201200027821;1;30;0;0;1;1;1;Z01
201200027822;0;7;0;0;2;1;15;A01
201200027822;0;1;0;0;2;8;1;B01
201200027823;0;7;0;0;2;5;15;B01
201200027823;0;33;0;0;2;1;1;A01
201200027824;0;33;0;0;0;0;1;A01
201200027825;0;7;0;0;2;2;15;A01
201200027825;0;1;0;0;2;2;1;B01
201200027826;0;7;0;0;2;1;16;A01
201200027826;0;1;0;0;2;1;1;B01
201200027827;0;7;0;0;2;1;0;A01
201200027827;0;37;0;0;2;4;2;B01
201200027827;0;7;0;0;2;1;2;D01
201200027827;0;7;0;0;2;1;2;C01
201200027828;0;7;0;0;1;3;1;A01
201200027829;0;1;0;0;2;0;1;B01
201200027829;0;15;0;0;2;2;16;A01
201200027830;0;7;0;0;1;3;1;A01
201200027831;0;7;0;0;2;2;15;A01
201200027831;0;33;0;0;2;2;1;B01
201200027832;0;7;0;0;2;3;9;A01
201200027832;0;1;0;0;2;1;1;B01
201200027833;0;7;0;0;2;1;7;A01
201200027833;0;7;0;0;2;3;1;B01
201200027834;0;7;0;0;1;2;1;A01
201200027835;0;1;0;0;2;8;1;B01
201200027835;0;14;0;0;2;2;16;A01
201200027836;0;1;0;0;2;4;19;B01
201200027836;0;7;0;0;1;2;1;A01
201200027837;0;7;0;0;1;1;1;A01
201200027838;0;7;0;3;0;7;1;A01
201200027838;0;7;0;0;2;3;1;B01
201200027839;0;7;0;0;2;4;1;A01
201200027839;0;30;0;0;2;1;2;B01
201200027840;0;7;0;0;2;8;15;B01
201200027840;0;30;0;0;2;1;1;A01
201200027841;0;7;0;0;1;1;1;A01
201200027842;1;7;0;0;2;2;15;Z01
201200027842;0;7;0;0;2;7;1;B01
201200027843;0;7;0;0;2;4;2;B01
201200027843;0;7;0;0;2;1;2;A01
201200027844;0;14;0;0;2;1;16;A01
201200027844;0;1;0;0;2;8;1;B01
201200027845;0;33;0;0;1;0;1;A01
201200027846;0;7;0;0;1;1;1;A01
201200027847;0;7;0;0;1;1;1;A01
201200027848;0;7;0;0;2;3;1;B01
201200027848;0;7;0;0;2;1;15;A01
201200027849;0;31;0;0;2;1;1;B01
201200027849;0;10;0;0;2;2;15;A01
201200027850;0;7;0;0;2;7;11;A01
201200027851;0;7;0;0;2;1;2;A01
201200027851;0;7;0;0;2;4;23;B01
201200027851;0;7;0;0;0;4;23;C01
201200027852;0;7;0;0;2;1;1;A01
201200027852;0;1;0;0;2;8;23;B01
201200027853;0;33;0;15;0;7;2;B01
201200027853;0;7;0;0;0;8;2;A01
201200027854;0;1;0;0;1;0;1;A01
201200027855;0;7;0;7;2;7;1;A01
201200027855;0;7;0;0;2;1;1;B01
201200027856;0;7;0;0;1;4;4;A01
201200027857;0;7;0;0;1;2;15;A01
201200027858;0;7;0;0;2;1;2;A01
201200027858;0;7;0;0;2;4;2;B01
201200027858;0;10;0;0;2;4;1;C01
201200027859;0;33;0;0;2;1;1;B01
201200027859;0;7;0;0;2;2;15;A01
201200027860;0;2;0;0;2;1;1;B01
201200027860;0;7;0;0;2;7;15;A01
201200027861;0;2;0;0;2;1;2;A01
201200027861;0;7;0;0;2;4;2;B01
201200027862;0;7;0;0;2;1;2;A01
201200027862;0;7;0;0;2;4;23;B01
201200027863;0;1;0;0;2;7;1;B01
201200027863;0;7;0;0;2;1;15;A01
201200027864;0;7;0;0;1;1;15;A01
201200027865;0;32;0;0;1;1;1;A01
201200027866;0;10;0;0;9;3;1;A01
201200027866;0;1;0;0;2;1;1;B01
201200027867;0;7;0;0;2;1;15;A01
201200027867;0;7;0;0;2;3;2;B01
201200027868;0;7;0;0;2;2;15;A01
201200027868;0;7;0;0;2;6;1;B01
201200027869;0;7;0;0;1;4;4;A01
201200027870;0;33;0;1;0;8;18;A01
201200027870;0;7;0;0;2;5;24;B01
201200027871;0;7;0;0;2;3;1;A01
201200027872;0;7;0;0;2;4;2;C01
201200027872;0;7;0;0;2;1;2;A01
201200027872;0;7;0;0;2;4;2;B01
201200027873;0;30;0;0;2;1;9;A01
201200027873;0;3;0;0;2;1;1;B01
201200027874;0;33;0;0;2;1;2;A01
201200027874;0;7;0;0;2;4;2;B01
201200027875;0;7;0;0;2;3;11;A01
201200027875;0;33;0;0;2;7;1;B01
201200027876;0;1;0;0;2;1;1;A01
201200027876;0;7;0;0;1;3;15;B01
201200027877;0;7;0;0;2;3;15;A01
201200027877;0;30;0;0;2;1;1;B01
201200027877;0;7;0;0;2;6;24;C01
201200027878;0;7;0;0;1;1;9;A01
201200027879;0;7;0;0;2;1;1;B01
201200027879;0;1;0;0;2;1;1;A01
201200027880;0;7;0;0;2;7;23;A01
201200027880;0;1;0;0;2;1;1;B01
201200027881;0;1;0;0;1;1;1;A01
201200027882;0;7;0;0;2;1;1;A01
201200027883;0;7;0;0;2;6;9;A01
201200027883;0;33;0;0;2;1;1;B01
201200027884;1;7;0;0;1;1;15;A01
201200027885;0;7;0;0;2;1;2;A01
201200027885;0;7;0;0;2;4;23;B01
201200027886;0;7;0;0;2;3;9;A01
201200027886;0;32;0;0;2;1;1;B01
201200027887;0;7;0;0;2;4;2;B01
201200027887;0;33;0;0;2;1;2;A01
201200027888;0;7;0;0;1;1;1;A01
201200027889;0;7;0;0;2;4;4;A01
201200027889;0;7;0;0;2;8;15;B01
201200027890;0;7;0;0;2;3;1;B01
201200027890;0;14;0;0;2;1;1;A01
201200027891;0;1;0;0;2;8;1;B01
201200027891;0;7;0;0;2;7;16;A01
201200027892;0;7;0;0;1;1;1;A01
201200027893;0;7;0;0;2;1;15;A01
201200027893;0;1;0;0;2;8;1;B01
201200027894;0;33;0;0;1;1;17;A01
201200027895;0;32;0;0;2;1;1;B01
201200027895;0;7;0;0;2;7;15;A01
201200027896;0;1;0;0;1;1;1;A01
201200027897;0;14;0;0;1;4;4;A01
201200027898;0;7;0;0;2;7;12;A01
201200027898;0;31;0;0;2;3;17;B01
201200027899;0;15;0;0;1;0;1;A01
201200027900;0;14;0;0;2;1;1;A01
201200027900;0;14;0;0;2;6;24;B01
201200027901;0;33;0;0;2;1;1;B01
201200027901;0;7;0;0;2;3;15;A01
201200027902;0;40;0;0;1;1;1;A01
201200027903;0;7;0;0;2;1;1;A01
201200027903;0;7;0;0;2;8;15;B01
201200027904;0;7;0;0;2;2;16;A01
201200027904;0;1;0;0;2;1;1;B01
201200027905;0;7;0;0;1;3;15;A01
201200027906;0;30;0;0;1;1;17;A01
201200027907;0;7;0;0;1;3;20;A01
201200027908;0;30;0;0;2;1;1;B01
201200027908;0;7;0;0;2;2;15;A01
201200027909;0;7;0;0;1;3;1;A01
201200027910;0;7;0;0;1;1;1;A01
201200027911;0;7;0;0;2;4;1;B01
201200027911;1;10;0;0;2;1;2;Z01
201200027912;0;7;0;0;2;4;1;B01
201200027912;0;7;0;0;2;1;2;A01
201200027913;1;7;0;0;1;4;4;Z01
201200027914;0;7;0;0;4;8;15;A01
201200027914;0;40;0;0;2;1;1;B01
201200027915;0;7;0;0;1;4;24;C01
201200027915;0;7;0;0;1;1;1;A01
201200027916;0;7;0;0;2;1;1;A01
201200027916;0;7;0;0;2;4;16;B01
201200027917;0;10;0;0;2;1;2;A01
201200027917;0;7;0;0;2;4;23;B01
201200027917;0;7;0;0;2;4;23;C01
201200027917;0;7;0;0;2;4;23;D01
201200027918;1;7;0;0;1;1;1;Z01
201200027919;0;7;0;0;2;3;1;B01
201200027919;0;7;0;0;2;2;15;A01
201200027920;0;7;0;0;1;1;1;A01
201200027921;0;7;0;0;2;1;1;A01
201200027921;0;7;0;0;2;3;15;B01
201200027922;0;7;0;0;1;3;1;A01
201200027923;0;7;0;0;2;0;13;A01
201200027923;0;7;0;0;2;3;1;B01
201200027924;0;10;0;3;0;1;5;A01
201200027925;0;7;0;0;9;1;0;A01
201200027925;0;32;0;0;0;1;5;B01
201200027926;0;7;0;15;0;9;0;A01
201200027927;0;13;0;0;9;3;1;A01
201200027927;0;2;0;0;2;1;1;B01
201200027928;0;7;0;15;1;2;6;A01
201200027929;0;7;0;0;1;2;1;A01
201200027930;0;31;0;0;2;7;0;A01
201200027930;0;7;0;0;2;1;2;B01
201200027931;0;7;0;0;2;3;1;A01
201200027931;0;7;0;0;2;0;13;B01
201200027932;0;7;0;0;2;1;5;A01
201200027932;0;7;0;0;2;1;5;B01
201200027933;0;7;0;0;1;3;9;A01
201200027934;0;7;0;0;1;3;0;A01
201200027935;0;7;0;0;1;4;4;A01
201200027936;0;7;0;0;1;1;1;A01
201200027937;0;2;0;0;2;1;2;A01
201200027937;0;7;0;0;0;4;23;B01
201200027938;0;7;0;13;0;1;19;A01
201200027939;0;7;0;0;0;5;23;B01
201200027939;0;2;0;0;2;1;2;A01
201200027940;0;7;0;0;2;8;21;A01
201200027941;0;7;0;0;0;4;2;C01
201200027941;0;7;0;14;0;1;2;A01
201200027941;0;7;0;14;0;9;2;B01
201200027942;0;7;0;0;1;1;1;A01
201200027943;0;7;0;0;1;2;1;A01
201200027944;0;7;0;0;2;8;9;A01
201200027944;0;7;0;0;2;1;1;B01
201200027945;2;7;0;0;2;1;2;A01
201200027945;0;7;0;0;2;4;23;C01
201200027945;0;33;0;0;0;9;23;B01
201200027946;0;7;0;6;2;1;21;B01
201200027947;0;7;0;0;1;3;15;A01
201200027948;0;7;0;0;2;3;1;B01
201200027948;0;7;0;0;2;1;8;A01
201200027949;0;7;0;6;0;1;0;A01
201200027950;0;14;0;0;1;2;2;A01
201200027951;0;7;0;0;2;1;1;B01
201200027951;0;7;0;0;2;1;13;A01
201200027952;0;7;0;0;9;8;0;A01
201200027952;0;2;0;0;2;1;1;B01
201200027953;0;7;0;0;1;7;1;A01
201200027954;0;33;0;0;2;1;1;B01
201200027954;2;7;0;0;2;8;10;A01
201200027955;0;10;0;0;1;3;0;A01
201200027956;0;7;0;0;2;1;5;A01
201200027956;0;15;0;0;2;1;1;B01
201200027957;0;7;0;0;1;2;0;A01
201200027958;0;7;0;0;1;2;1;A01
201200027959;0;7;0;0;1;1;1;A01
201200027960;0;7;0;0;1;3;1;A01
201200027961;0;7;0;0;2;3;11;B01
201200027961;0;14;0;0;2;3;1;A01
201200027962;0;2;0;0;1;1;0;A01
201200027963;0;31;0;0;1;7;1;A01
201200027964;0;7;0;0;1;0;1;A01
201200027965;0;7;0;0;2;1;5;A01
201200027965;0;7;0;0;2;1;1;B01
201200027966;0;7;0;0;1;2;11;A01
201200027967;0;30;0;0;2;1;2;A01
201200027967;0;7;0;0;0;4;23;B01
201200027968;0;7;0;0;1;3;1;A01
201200027969;0;7;0;0;4;7;23;A01
201200027969;0;39;30;0;2;2;1;B01
201200027970;0;33;0;0;2;8;21;B01
201200027970;0;7;0;0;2;6;9;A01
201200027971;0;7;0;13;0;9;14;A01
201200027972;0;7;0;0;2;2;17;A01
201200027972;0;7;0;0;2;8;15;B01
201200027973;0;7;0;0;2;8;22;A01
201200027973;0;1;0;1;0;1;1;B01
201200027974;0;2;0;0;2;1;1;B01
201200027974;0;10;0;0;2;3;1;A01
201200027975;0;7;0;2;0;1;14;A01
201200027976;0;33;0;8;0;1;1;A01
201200027977;0;7;0;0;1;1;1;A01
201200027978;0;7;0;2;0;3;19;A01
201200027979;0;7;0;0;2;3;16;A01
201200027979;0;1;0;0;2;1;15;B01
201200027980;0;7;0;0;1;3;1;Z01
201200027981;0;7;0;0;2;7;15;A01
201200027981;0;30;0;0;2;1;1;B01
201200027982;0;7;0;0;1;2;16;A01
201200027983;0;7;0;0;2;1;13;A01
201200027983;0;7;0;0;2;3;1;B01
201200027984;0;7;0;0;1;3;1;A01
201200027985;0;7;0;0;2;2;15;A01
201200027985;0;7;0;0;2;1;1;B01
201200027986;0;7;0;16;2;9;0;A01
201200027986;0;7;0;0;2;3;1;B01
201200027987;0;7;0;0;1;8;1;A01
201200027988;0;33;0;0;2;1;1;A01
201200027988;0;7;0;0;2;5;15;B01
201200027988;0;7;0;0;2;3;1;C01
201200027989;0;7;0;1;2;8;15;B01
201200027989;0;7;0;0;2;2;1;A01
201200027990;0;7;0;0;2;1;5;A01
201200027990;0;2;0;0;2;1;1;B01
201200027991;0;7;0;0;2;3;15;A01
201200027991;0;32;0;3;2;5;17;B01
201200027992;0;7;0;16;0;0;21;C01
201200027992;0;7;0;0;2;1;1;B01
201200027992;0;15;0;0;2;1;13;A01
201200027993;0;7;0;15;0;9;13;A01
201200027994;0;17;0;0;2;3;9;A01
201200027994;0;7;0;0;2;1;1;B01
201200027995;0;7;0;3;2;1;13;A01
201200027995;0;7;0;0;2;1;1;B01
201200027996;0;7;0;0;1;1;1;A01
201200027997;0;33;0;0;2;2;17;A01
201200027997;0;7;0;0;2;3;15;B01
201200027998;0;7;0;1;0;1;1;A01
201200027998;0;7;0;0;2;4;24;B01
201200027999;0;14;0;0;2;1;1;B01
201200027999;0;7;0;0;2;1;17;A01
201200028000;0;7;0;0;2;1;2;A01
201200028000;0;1;0;0;2;4;2;B01
201200028001;0;7;0;0;2;1;1;B01
201200028001;0;7;0;0;2;7;15;A01
201200028002;0;7;0;0;2;3;9;A01
201200028002;0;2;0;0;2;4;1;B01
201200028003;0;7;0;0;9;2;1;A01
201200028003;0;1;0;0;2;7;19;B01
201200028004;0;7;0;0;2;4;1;B01
201200028004;0;7;0;0;2;1;2;A01
201200028005;1;7;0;0;0;0;4;A01
201200028005;0;31;0;0;0;0;1;B01
201200028006;0;1;0;0;2;1;0;B01
201200028006;1;7;0;0;2;0;0;Z01
201200028007;0;7;0;0;2;1;19;A01
201200028007;0;7;0;0;2;2;1;B01
201200028008;0;7;0;0;1;3;15;A01
201200028009;0;7;0;0;2;5;17;A01
201200028009;0;2;0;0;2;8;1;B01
201200028010;1;7;0;0;2;2;2;A01
201200028010;0;1;0;0;2;4;2;B01
201200028011;0;7;0;0;2;2;15;A01
201200028011;0;33;0;0;2;0;1;B01
201200028012;0;30;0;0;2;7;1;A01
201200028012;0;7;0;0;2;3;15;B01
201200028013;0;30;0;0;2;7;1;B01
201200028013;0;7;0;0;2;3;15;A01
201200028014;0;7;0;0;2;1;2;A01
201200028014;0;7;0;0;2;4;2;B01
201200028014;0;7;0;0;0;4;2;C01
201200028015;0;7;0;0;1;8;1;A01
201200028016;0;7;0;0;1;1;1;A01
201200028017;0;2;0;0;2;2;15;A01
201200028017;0;33;0;0;2;1;1;B01
201200028018;0;7;0;0;1;2;1;A01
201200028019;0;7;0;0;2;2;15;A01
201200028019;0;7;0;0;2;1;1;B01
201200028020;0;15;0;0;2;1;1;B01
201200028020;0;7;0;0;2;2;19;A01
201200028021;0;7;0;0;2;3;1;A01
201200028021;0;7;0;0;;2;1;B01
201200028022;0;33;0;0;0;7;1;A01
201200028023;0;7;0;0;2;1;2;C01
201200028023;0;7;0;0;2;4;2;D01
201200028023;0;7;0;0;2;4;2;B01
201200028023;0;7;0;0;2;1;2;A01
201200028024;0;30;0;0;1;1;1;A01
201200028025;0;10;0;0;2;5;16;A01
201200028025;0;1;0;0;2;1;1;B01
201200028026;0;7;0;0;2;2;15;A01
201200028026;0;10;0;0;2;1;16;B01
201200028027;0;2;0;0;2;1;17;A01
201200028027;0;2;0;0;2;4;15;B01
201200028028;0;7;0;6;0;1;1;A01
201200028029;0;33;0;0;2;2;1;B01
201200028029;0;7;0;0;2;1;15;A01
201200028030;0;7;0;0;2;1;1;A01
201200028030;1;99;0;0;0;0;0;Z01
201200028031;0;7;0;0;2;1;2;A01
201200028031;0;7;0;0;2;4;23;B01
201200028031;0;7;0;0;2;4;23;C01
201200028032;0;7;0;0;2;4;2;B01
201200028032;0;2;0;0;2;1;2;A01
201200028033;0;7;0;0;2;1;20;A01
201200028033;0;7;0;0;2;7;2;B01
201200028034;0;7;0;0;2;1;2;C01
201200028034;0;7;0;0;2;1;2;A01
201200028034;0;7;0;0;2;4;2;B01
201200028035;0;7;0;0;2;4;23;B01
201200028035;0;37;10;0;2;1;2;A01
201200028036;0;7;0;0;1;2;1;A01
201200028037;0;10;0;0;2;1;2;A01
201200028037;0;7;0;0;2;1;2;B01
201200028037;0;7;0;0;2;1;2;C01
201200028037;0;7;0;0;2;4;2;D01
201200028038;0;7;0;6;0;1;1;A01
201200028039;0;7;0;0;2;2;1;A01
201200028039;0;7;0;0;2;3;18;B01
201200028040;1;7;0;0;2;0;0;Z01
201200028040;0;2;0;0;2;1;1;A01
201200028041;0;2;0;0;0;8;2;A01
201200028042;0;7;0;0;0;3;1;A01
201200028043;0;33;0;0;2;1;1;B01
201200028043;0;7;0;0;2;3;15;A01
201200028044;0;7;0;0;2;3;1;B01
201200028044;0;10;0;0;2;1;15;A01
201200028045;0;7;0;0;2;1;2;A01
201200028045;0;7;0;0;2;4;15;B01
201200028046;0;7;0;0;2;2;1;B01
201200028046;0;1;0;0;2;8;16;A01
201200028047;0;1;0;0;2;1;2;B01
201200028047;0;7;0;0;2;1;9;A01
201200028048;0;7;0;8;0;7;1;A01
201200028049;0;2;0;0;2;1;1;A01
201200028049;0;7;0;0;2;8;1;B01
201200028050;0;7;0;0;2;4;23;B01
201200028050;0;7;0;0;2;1;2;A01
201200028051;0;7;0;16;0;0;9;A01
201200028052;0;7;0;0;2;3;9;A01
201200028052;0;30;0;0;2;7;1;B01
201200028053;0;7;0;0;2;3;16;A01
201200028053;0;7;0;0;2;2;1;B01
201200028054;0;1;0;0;0;0;2;A01
201200028055;0;7;0;0;2;1;2;A01
201200028055;0;7;0;0;;4;2;B01
201200028056;0;7;0;0;0;7;1;A01
201200028056;0;7;0;0;0;3;1;B01
201200028057;0;10;0;0;1;3;20;A01
201200028058;0;1;0;0;2;7;19;B01
201200028058;0;7;0;0;9;3;1;A01
201200028059;0;1;0;0;2;1;1;A01
201200028059;0;7;0;0;2;1;1;B01
201200028060;0;33;0;0;0;0;1;A01
201200028061;0;7;0;11;0;3;15;A01
201200028062;0;7;0;0;1;1;1;A01
201200028063;0;33;0;0;2;7;1;A01
201200028063;0;7;0;0;2;3;1;B01
201200028064;0;7;0;0;2;3;15;A01
201200028064;0;7;0;0;2;1;2;B01
201200028065;0;7;0;0;2;1;1;A01
201200028065;0;7;0;0;2;2;15;B01
201200028066;1;7;0;0;2;0;0;Z01
201200028066;0;2;0;0;0;4;1;B01
201200028067;0;7;0;0;1;3;15;A01
201200028068;0;33;0;0;2;1;2;A01
201200028068;0;7;0;0;0;4;23;B01
201200028069;0;7;0;0;2;1;15;A01
201200028069;0;33;0;0;2;1;1;B01
201200028070;0;33;0;1;0;1;1;A01
201200028071;0;2;0;0;0;7;1;A01
201200028072;0;7;0;0;0;4;2;B01
201200028072;0;7;0;0;2;1;2;A01
201200028073;0;7;0;0;2;3;1;C01
201200028073;0;7;0;0;2;3;6;A01
201200028073;0;7;0;0;0;3;1;B01
201200028074;0;7;0;0;2;4;2;B01
201200028074;0;7;0;0;2;4;2;D01
201200028074;0;7;0;0;2;4;2;C01
201200028074;0;7;0;0;2;1;2;A01
201200028075;0;7;0;0;2;4;23;B01
201200028075;0;7;0;0;2;1;2;A01
201200028076;0;2;0;0;2;1;2;A01
201200028076;0;37;1;0;0;4;2;B01
201200028077;0;10;0;0;2;1;2;A01
201200028077;0;7;0;0;0;4;15;B01
201200028078;0;7;0;0;2;3;1;A01
201200028078;0;7;0;0;2;1;2;B01
201200028079;0;10;0;8;2;9;2;A01
201200028079;0;7;0;0;2;8;23;B01
201200028079;0;7;0;0;2;4;23;C01
201200028079;0;7;0;0;2;6;1;D01
201200028080;0;7;0;0;2;1;2;A01
201200028080;0;7;0;0;2;4;2;B01
201200028081;0;7;0;0;0;1;1;A01
201200028082;0;7;0;0;0;5;1;B01
201200028082;0;2;0;0;2;3;1;A01
201200028083;0;7;0;0;2;1;2;A01
201200028083;0;31;0;0;2;4;2;B01
201200028084;0;7;0;0;1;5;1;A01
201200028085;0;7;0;0;2;6;14;A01
201200028085;0;7;0;0;2;3;2;B01
201200028086;0;37;10;0;1;2;1;A01
201200028087;0;7;0;0;2;2;1;A01
201200028087;0;7;0;0;2;7;24;C01
201200028087;0;7;0;0;2;5;4;B01
201200028088;0;7;0;0;2;4;2;A01
201200028088;0;7;0;0;2;1;2;C01
201200028088;0;7;0;0;2;9;2;B01
201200028089;0;1;0;0;2;8;5;A01
201200028089;0;7;0;0;2;8;1;B01
201200028090;0;7;0;0;2;1;1;B01
201200028090;0;7;0;0;2;2;15;A01
201200028091;0;7;0;0;2;1;2;A01
201200028091;0;7;0;0;2;4;1;B01
201200028092;0;7;0;0;2;2;1;B01
201200028092;0;7;0;0;2;1;19;A01
201200028093;0;7;0;0;2;1;2;A01
201200028093;0;7;0;0;2;4;2;B01
201200028094;0;2;0;0;2;8;1;B01
201200028094;0;7;0;0;2;7;16;A01
201200028095;0;7;0;0;2;4;9;A01
201200028095;0;7;0;0;2;1;1;C01
201200028095;0;14;0;0;2;2;1;B01
201200028096;0;2;0;0;1;1;1;A01
201200028097;0;7;0;0;2;1;1;B01
201200028097;0;7;0;0;2;8;19;A01
201200028098;0;7;0;0;2;4;2;B01
201200028098;0;7;0;0;2;1;2;A01
201200028099;0;7;0;0;0;8;1;A01
201200028100;0;30;0;0;2;3;1;A01
201200028100;0;10;0;0;2;1;2;B01
201200028101;0;7;0;13;0;1;1;A01
201200028102;0;7;0;0;2;7;1;B01
201200028102;0;10;0;0;2;3;9;A01
201200028103;0;7;0;0;2;7;15;A01
201200028103;0;2;0;0;2;1;2;B01
201200028104;0;7;0;0;2;8;2;C01
201200028104;0;7;0;0;2;8;1;B01
201200028104;0;7;0;0;2;3;13;A01
201200028105;0;2;0;0;2;7;17;A01
201200028105;0;7;0;0;2;1;1;B01
201200028106;0;7;0;0;9;1;1;A01
201200028107;0;7;0;8;0;3;1;A01
201200028108;0;7;0;8;0;1;1;A01
201200028109;0;7;0;0;2;1;2;B01
201200028109;0;7;0;0;2;3;15;A01
201200028110;0;7;0;0;2;1;2;A01
201200028110;0;7;0;0;2;4;1;B01
201200028111;0;7;0;0;1;4;4;A01
201200028112;0;1;0;0;2;2;1;B01
201200028112;0;7;0;0;2;3;9;A01
201200028113;0;7;0;0;2;2;2;A01
201200028113;0;33;0;0;2;8;2;B01
201200028114;0;7;0;0;2;1;2;A01
201200028114;0;7;0;0;2;4;9;B01
201200028115;0;7;0;9;0;2;2;A01
201200028116;0;7;0;8;0;7;1;A01
201200028117;0;7;0;0;2;1;2;A01
201200028117;0;7;0;0;2;4;1;B01
201200028118;0;7;0;8;0;1;1;A01
201200028119;0;10;0;0;2;3;1;B01
201200028119;0;7;0;4;2;0;1;A01
201200028120;0;7;0;0;1;1;1;A01
201200028121;0;7;0;0;2;1;2;A01
201200028121;0;7;0;0;;4;23;B01
201200028122;0;7;0;0;2;4;2;C01
201200028122;0;7;0;0;2;4;2;B01
201200028122;0;7;0;0;2;2;2;A01
201200028123;0;7;0;2;0;3;1;A01
201200028124;0;7;0;2;0;1;1;A01
201200028125;0;7;0;0;2;6;11;A01
201200028125;0;7;0;0;2;2;1;B01
201200028126;0;7;0;0;2;3;1;A01
201200028126;0;1;0;0;2;1;19;B01
201200028127;0;7;0;0;2;1;2;A01
201200028127;0;10;0;0;2;4;2;B01
201200028127;0;7;0;0;0;4;2;C01
201200028128;0;7;0;9;0;1;1;A01
201200028129;0;7;0;0;2;3;1;B01
201200028129;0;7;0;0;2;3;15;A01
201200028130;0;7;0;0;2;1;2;A01
201200028130;0;7;0;0;0;4;23;B01
201200028131;0;7;0;0;2;8;9;A01
201200028131;0;2;0;0;2;8;1;B01
201200028132;0;3;0;0;2;1;15;A01
201200028132;0;7;0;0;2;1;1;B01
201200028133;0;7;0;0;1;2;1;A01
201200028134;0;7;0;0;2;7;19;A01
201200028134;0;7;0;0;2;1;1;B01
201200028135;0;7;0;0;2;4;23;B01
201200028135;0;7;0;0;2;1;2;A01
201200028136;0;7;0;0;1;1;1;A01
201200028137;0;7;0;0;2;7;15;A01
201200028137;0;7;0;0;2;1;1;B01
201200028138;0;7;0;0;2;2;15;A01
201200028138;0;7;0;0;2;2;1;B01
201200028139;0;7;0;0;2;1;15;A01
201200028139;0;7;0;0;2;3;1;B01
201200028140;0;7;0;0;2;4;1;B01
201200028140;0;7;0;0;2;1;2;A01