num_acc;senc;catv;occutc;obs;obsm;choc;manv;num_veh
201200028141;0;7;0;8;0;1;1;A01
201200028142;0;7;0;11;9;1;1;A01
201200028143;0;7;0;0;2;2;15;A01
201200028143;0;7;0;0;2;2;1;B01
201200028144;0;7;0;0;1;1;1;A01
201200028145;0;34;0;0;2;1;17;A01
201200028145;0;7;0;0;2;8;10;B01
201200028146;0;2;0;0;2;1;1;B01
201200028146;0;10;0;0;2;2;15;A01
201200028147;0;7;0;0;2;8;15;A01
201200028147;0;33;0;0;2;7;17;B01
201200028148;0;7;0;0;2;2;1;B01
201200028148;0;7;0;0;2;1;15;A01
201200028149;0;7;0;13;0;1;1;A01
201200028150;0;7;0;1;0;7;14;A01
201200028151;0;7;0;0;2;3;10;A01
201200028151;0;33;0;0;2;1;2;B01
201200028152;1;2;0;0;1;1;1;A01
201200028153;0;31;0;0;0;0;14;B01
201200028153;0;15;0;0;0;3;1;A01
201200028154;0;7;0;0;0;4;1;B01
201200028154;0;7;0;0;2;1;2;A01
201200028155;0;7;0;0;2;1;1;C01
201200028155;0;7;0;0;2;8;1;B01
201200028155;0;7;0;0;2;1;5;A01
201200028155;0;7;0;0;2;1;1;D01
201200028156;0;7;0;0;2;1;2;B01
201200028156;0;7;0;0;2;7;15;A01
201200028157;0;7;0;0;2;5;4;A01
201200028157;0;1;0;0;2;1;1;B01
201200028158;0;7;0;0;2;2;15;A01
201200028158;0;2;0;0;2;1;1;B01
201200028159;0;10;0;0;1;3;1;A01
201200028160;0;7;0;0;2;4;9;A01
201200028160;0;33;0;0;2;1;1;B01
201200028161;0;7;0;0;2;7;19;A01
201200028161;0;2;0;0;2;1;1;B01
201200028162;0;7;0;0;1;3;7;A01
201200028163;0;7;0;0;2;1;2;A01
201200028163;0;7;0;0;2;4;2;B01
201200028163;0;7;0;0;0;4;2;C01
201200028164;0;7;0;0;2;1;13;A01
201200028164;0;7;0;0;2;1;2;C01
201200028164;0;14;0;0;2;3;1;B01
201200028165;0;7;0;0;2;3;1;B01
201200028165;0;7;0;0;2;3;15;A01
201200028166;0;7;0;0;2;3;1;B01
201200028166;0;10;0;0;2;7;1;A01
201200028167;0;7;0;2;0;1;6;A01
201200028168;0;2;0;0;2;1;1;B01
201200028168;0;7;0;0;2;3;11;A01
201200028169;0;7;0;0;2;1;1;A01
201200028169;0;2;0;0;2;2;1;B01
201200028170;0;20;0;0;1;1;1;A01
201200028171;0;10;0;0;2;1;0;A01
201200028171;0;7;0;8;2;8;1;B01
201200028172;0;7;0;0;2;7;15;A01
201200028172;0;2;0;0;2;1;1;B01
201200028173;0;7;0;0;1;2;1;A01
201200028174;0;33;0;1;2;1;11;A01
201200028174;0;7;0;0;2;3;15;B01
201200028175;0;7;0;13;0;3;1;A01
201200028176;0;7;0;0;1;7;1;A01
201200028177;0;7;0;0;2;2;15;A01
201200028177;0;30;0;0;2;1;1;B01
201200028178;0;7;0;0;2;2;1;B01
201200028178;0;7;0;0;2;3;15;A01
201200028179;0;7;0;0;2;3;15;A01
201200028179;0;15;0;0;2;1;1;B01
201200028180;1;10;0;0;2;3;15;A01
201200028180;0;7;0;0;2;9;17;B01
201200028181;0;7;0;0;1;2;1;A01
201200028182;0;33;0;0;0;1;1;A01
201200028183;0;2;0;0;2;2;1;A01
201200028183;0;7;0;0;2;8;1;B01
201200028184;0;7;0;6;1;1;20;A01
201200028185;0;7;0;0;2;9;17;A01
201200028185;0;7;0;0;2;9;1;B01
201200028186;0;7;0;0;2;1;1;B01
201200028186;0;14;0;0;2;2;1;A01
201200028187;0;7;0;6;2;1;17;A01
201200028187;0;7;0;0;2;1;15;B01
201200028188;0;7;0;7;2;4;11;A01
201200028188;0;15;0;0;2;1;1;B01
201200028189;0;7;0;0;1;1;16;A01
201200028190;0;33;0;0;0;1;1;A01
201200028191;0;33;0;0;0;8;1;A01
201200028192;0;2;0;0;2;6;23;B01
201200028192;0;15;0;0;2;7;1;A01
201200028193;0;7;0;0;2;1;13;A01
201200028193;0;7;0;0;2;1;1;B01
201200028194;0;7;0;0;2;1;13;A01
201200028194;0;38;1;0;2;1;1;B01
201200028195;0;7;0;0;2;1;1;A01
201200028195;0;7;0;0;2;3;15;B01
201200028196;0;7;0;0;1;2;1;A01
201200028197;0;1;0;0;1;1;1;A01
201200028198;0;7;0;6;0;1;1;A01
201200028199;0;33;0;0;2;8;1;B01
201200028199;0;7;0;0;2;3;15;A01
201200028200;0;7;0;0;2;3;16;A01
201200028200;0;7;0;0;2;2;1;B01
201200028201;0;2;0;0;2;1;15;A01
201200028201;0;2;0;0;2;1;1;B01
201200028202;0;7;0;0;2;3;13;A01
201200028202;0;7;0;0;2;3;0;B01
201200028203;0;7;0;12;0;8;0;A01
201200028204;0;7;0;0;2;1;0;A01
201200028204;0;7;0;0;2;7;0;B01
201200028205;0;7;0;0;1;4;4;A01
201200028206;0;7;0;2;0;1;0;A01
201200028207;0;7;0;0;2;3;0;A01
201200028207;0;7;0;0;2;3;1;B01
201200028208;0;33;0;13;0;1;0;A01
201200028209;0;7;0;0;2;1;2;A01
201200028209;0;31;0;0;2;4;23;B01
201200028210;0;33;0;0;2;1;0;B01
201200028210;0;7;0;0;2;1;0;A01
201200028211;0;7;0;2;0;1;0;A01
201200028212;0;7;0;0;2;3;15;A01
201200028212;0;7;0;0;2;1;1;B01
201200028213;0;2;0;0;2;1;0;A01
201200028213;0;7;0;0;2;2;0;B01
201200028214;0;7;0;2;2;1;13;A01
201200028214;0;7;0;0;2;8;0;B01
201200028215;0;7;0;0;1;3;4;Z01
201200028216;0;7;0;0;1;2;1;A01
201200028217;0;7;0;0;1;8;0;A01
201200028218;0;7;0;0;2;1;1;A01
201200028218;0;7;0;0;2;4;1;C01
201200028218;0;7;0;0;2;4;1;B01
201200028219;0;7;0;0;1;0;0;A01
201200028220;0;7;0;13;0;1;0;A01
201200028221;0;7;0;15;0;1;0;A01
201200028222;0;7;0;0;2;1;13;A01
201200028222;0;13;0;0;2;1;0;B01
201200028223;0;7;0;0;1;2;1;A01
201200028223;0;7;0;0;1;7;24;B01
201200028224;0;7;0;0;2;1;1;B01
201200028224;0;7;0;0;2;8;15;A01
201200028225;0;33;0;0;2;8;1;A01
201200028225;0;7;0;0;2;3;15;B01
201200028226;0;37;1;0;1;7;0;A01
201200028227;0;7;0;0;2;1;0;B01
201200028227;0;7;0;0;2;1;15;A01
201200028228;0;33;0;0;2;1;13;A01
201200028228;0;14;0;0;2;3;1;B01
201200028229;0;7;0;0;2;7;15;A01
201200028229;0;33;0;0;2;1;0;B01
201200028230;0;7;0;0;2;3;1;B01
201200028230;0;7;0;0;2;2;15;A01
201200028231;0;7;0;0;2;3;1;A01
201200028231;0;7;0;0;2;3;1;B01
201200028232;0;7;0;0;2;1;1;A01
201200028232;0;7;0;0;2;5;23;C01
201200028232;0;7;0;0;2;4;1;B01
201200028233;0;7;0;0;2;1;0;A01
201200028233;0;7;0;0;2;5;0;B01
201200028234;1;7;0;0;2;1;11;B01
201200028234;0;30;0;0;2;4;11;A01
201200028235;0;99;0;0;2;3;15;A01
201200028235;0;33;0;0;2;2;17;B01
201200028236;0;7;0;0;2;3;1;B01
201200028236;0;7;0;0;2;8;23;C01
201200028236;0;7;0;0;2;1;5;A01
201200028237;0;7;0;0;1;3;1;A01
201200028238;0;7;0;0;2;1;13;A01
201200028238;0;33;0;0;2;1;0;B01
201200028239;0;7;0;0;2;3;13;A01
201200028239;0;7;0;0;2;3;0;B01
201200028240;0;7;0;0;1;1;1;A01
201200028241;0;30;0;0;1;1;17;A01
201200028242;0;7;0;0;1;4;4;A01
201200028243;0;33;0;0;2;1;2;B01
201200028243;0;37;1;0;0;2;9;A01
201200028244;0;7;0;0;1;4;4;A01
201200028245;0;1;0;0;0;1;21;A01
201200028245;0;17;0;0;2;5;16;B01
201200028246;0;7;0;0;1;3;1;A01
201200028247;0;7;0;0;1;4;4;A01
201200028248;0;7;0;0;9;1;15;A01
201200028248;0;1;0;0;0;8;0;B01
201200028249;0;7;0;0;9;8;10;A01
201200028249;0;31;0;0;2;1;1;B01
201200028250;0;7;0;0;2;8;14;C01
201200028250;0;7;0;0;2;3;15;A01
201200028250;0;7;0;0;2;3;1;B01
201200028251;0;7;0;0;1;1;1;A01
201200028252;0;7;0;0;2;2;1;B01
201200028252;0;33;0;0;2;1;16;A01
201200028253;0;7;0;0;2;9;2;C01
201200028253;0;17;0;0;2;1;1;E01
201200028253;0;7;0;0;2;1;2;B01
201200028253;0;10;0;0;0;6;2;D01
201200028253;0;7;0;0;2;2;2;A01
201200028254;0;7;0;0;0;9;1;A01
201200028255;0;7;0;0;2;1;1;A01
201200028255;0;10;0;0;2;6;1;C01
201200028255;0;3;0;0;2;7;15;B01
201200028256;0;7;0;0;1;1;1;A01
201200028257;0;7;0;0;1;2;1;A01
201200028258;0;3;0;0;2;3;1;B01
201200028258;0;7;0;0;2;4;15;A01
201200028259;0;7;0;0;2;1;1;B01
201200028259;0;7;0;0;2;2;15;A01
201200028260;0;2;0;0;2;7;18;B01
201200028260;0;7;0;0;2;2;1;A01
201200028261;0;7;0;0;2;2;15;A01
201200028261;0;33;0;0;2;1;1;B01
201200028262;0;7;0;0;2;2;1;A01
201200028262;0;7;0;0;2;1;9;B01
201200028263;0;7;0;0;2;1;1;B01
201200028263;0;7;0;0;2;8;15;A01
201200028264;0;30;0;0;2;1;1;A01
201200028264;0;7;0;0;2;6;15;B01
201200028265;0;7;0;16;0;9;1;A01
201200028266;0;10;0;0;2;1;1;B01
201200028266;0;7;0;0;2;3;9;A01
201200028267;0;7;0;0;2;3;1;B01
201200028267;0;7;0;0;2;1;1;A01
201200028268;0;33;0;0;2;1;1;A01
201200028268;0;7;0;0;2;4;15;B01
201200028269;0;7;0;0;2;1;2;A01
201200028269;0;7;0;0;2;4;23;B01
201200028269;0;7;0;0;2;4;23;C01
201200028270;0;7;0;0;1;8;15;A01
201200028271;0;1;0;0;2;4;11;B01
201200028271;0;7;0;0;2;2;11;A01
201200028272;0;7;0;0;2;1;0;A01
201200028272;0;38;1;0;2;8;1;B01
201200028273;0;7;0;0;2;1;2;A01
201200028273;0;7;0;0;2;4;2;B01
201200028273;0;7;0;0;2;4;2;C01
201200028274;0;31;0;1;2;8;1;B01
201200028274;0;7;0;0;2;1;15;A01
201200028275;0;7;0;0;2;0;15;A01
201200028275;0;32;0;0;2;0;1;B01
201200028276;0;7;0;0;2;3;15;C01
201200028276;0;1;0;0;2;4;1;B01
201200028276;0;7;0;0;2;3;15;A01
201200028277;0;7;0;13;1;2;1;A01
201200028278;0;7;0;0;2;1;15;A01
201200028278;0;32;0;0;2;1;1;B01
201200028279;0;7;0;0;2;3;17;B01
201200028279;0;7;0;0;2;1;9;A01
201200028280;0;7;0;0;2;1;1;B01
201200028280;0;7;0;1;2;5;1;A01
201200028281;0;1;0;0;2;1;19;A01
201200028281;0;7;0;0;2;6;15;B01
201200028282;0;7;0;0;2;1;1;B01
201200028282;0;10;0;7;2;7;1;A01
201200028283;0;7;0;0;2;7;1;B01
201200028283;0;30;0;0;2;1;15;A01
201200028284;0;7;0;0;1;4;20;A01
201200028285;0;7;0;0;9;2;2;A01
201200028285;0;1;0;0;2;0;2;B01
201200028286;0;30;0;0;2;1;2;B01
201200028286;0;7;0;0;2;5;19;A01
201200028287;0;7;0;0;0;4;23;A01
201200028287;0;7;0;0;2;1;2;C01
201200028287;0;7;0;0;2;1;23;B01
201200028288;0;33;0;0;2;1;13;B01
201200028288;0;7;0;0;2;3;15;A01
201200028289;0;17;0;0;2;1;2;B01
201200028289;0;7;0;0;2;4;23;A01
201200028290;0;7;0;0;2;1;5;B01
201200028290;0;7;0;0;2;7;5;A01
201200028291;0;33;0;1;0;3;1;A01
201200028292;0;38;1;0;2;3;13;B01
201200028292;0;3;0;0;2;8;5;A01
201200028293;0;7;0;0;1;2;1;A01
201200028294;0;30;0;0;2;3;14;A01
201200028294;0;30;0;0;2;5;2;B01
201200028295;0;7;0;0;2;1;15;A01
201200028295;0;30;0;0;2;1;1;B01
201200028296;0;10;0;13;0;1;1;A01
201200028297;0;7;0;0;2;6;9;B01
201200028297;0;1;0;0;2;7;9;A01
201200028298;0;7;0;0;1;4;20;A01
201200028299;0;7;0;0;2;1;2;B01
201200028299;0;7;0;0;2;1;2;C01
201200028299;0;7;0;0;2;4;13;A01
201200028300;0;7;0;0;2;3;1;A01
201200028300;0;7;0;0;2;8;5;B01
201200028300;0;7;0;0;2;5;5;C01
201200028301;0;1;0;0;2;7;1;B01
201200028301;0;7;0;0;2;1;19;A01
201200028302;0;7;0;0;2;3;1;B01
201200028302;0;7;0;0;2;2;13;A01
201200028303;0;7;0;0;2;1;2;C01
201200028303;0;33;0;0;2;4;23;B01
201200028303;0;7;0;0;2;4;23;A01
201200028304;0;7;0;0;1;4;20;A01
201200028305;0;7;0;0;2;3;15;A01
201200028305;0;30;0;0;2;8;15;B01
201200028306;0;7;0;0;0;4;15;B01
201200028306;0;30;0;0;2;1;1;A01
201200028307;0;33;0;0;2;8;2;B01
201200028307;0;7;0;0;2;5;23;A01
201200028308;0;33;0;0;2;3;5;B01
201200028308;0;7;0;0;2;5;15;A01
201200028309;0;33;0;0;2;7;1;B01
201200028309;0;7;0;0;2;8;9;A01
201200028310;0;7;0;0;2;1;1;A01
201200028310;0;7;0;0;2;4;23;C01
201200028310;0;10;0;0;2;4;23;B01
201200028311;0;1;0;0;2;1;1;B01
201200028311;0;7;0;0;2;1;13;A01
201200028312;0;33;0;0;0;9;1;A01
201200028313;0;7;0;0;2;2;1;B01
201200028313;0;7;0;0;2;7;19;A01
201200028314;0;7;0;0;2;2;1;B01
201200028314;0;2;0;0;2;1;5;A01
201200028315;0;7;0;0;2;3;9;A01
201200028315;0;7;0;0;2;2;2;B01
201200028316;0;33;0;0;2;1;1;A01
201200028316;0;7;0;0;2;3;1;B01
201200028317;0;10;0;0;2;1;1;A01
201200028317;0;7;0;0;2;3;16;B01
201200028318;0;7;0;0;2;3;9;A01
201200028318;0;2;0;0;2;3;1;B01
201200028319;0;1;0;1;0;1;1;B01
201200028319;0;7;0;0;2;3;24;A01
201200028320;0;10;0;0;2;3;13;A01
201200028320;0;33;0;0;2;7;2;B01
201200028321;0;7;0;0;2;3;15;A01
201200028321;0;33;0;0;2;1;17;B01
201200028322;0;2;0;15;0;1;14;A01
201200028323;0;7;0;0;2;7;1;B01
201200028323;0;7;0;0;2;2;19;A01
201200028324;0;1;0;0;2;7;9;B01
201200028324;0;7;0;0;2;8;1;A01
201200028325;0;7;0;0;0;7;1;A01
201200028326;0;7;0;0;2;2;17;A01
201200028326;0;1;0;0;2;1;15;B01
201200028327;0;2;0;0;0;0;1;A01
201200028328;0;10;0;0;2;4;23;B01
201200028328;0;7;0;0;2;4;23;C01
201200028328;0;7;0;0;2;4;23;E01
201200028328;0;10;0;0;2;1;2;A01
201200028328;0;7;0;0;2;4;23;D01
201200028329;0;7;0;0;0;8;1;A01
201200028330;0;7;0;0;2;8;16;B01
201200028330;0;7;0;0;2;1;1;A01
201200028331;0;7;0;0;2;3;16;A01
201200028331;0;1;0;0;2;7;1;B01
201200028332;0;10;0;0;2;7;1;A01
201200028332;0;7;0;0;2;1;16;B01
201200028333;0;7;0;0;2;0;15;C01
201200028333;0;7;0;0;2;3;19;B01
201200028333;0;30;0;0;2;3;19;A01
201200028334;0;7;0;0;2;4;23;B01
201200028334;0;1;0;0;2;4;1;A01
201200028335;0;7;0;0;2;9;5;A01
201200028336;0;7;0;0;2;2;15;B01
201200028336;0;7;0;0;2;8;1;A01
201200028337;0;7;0;0;1;2;1;A01
201200028338;0;3;0;1;1;2;20;A01
201200028339;0;7;0;0;1;1;1;A01
201200028340;1;99;0;0;2;4;1;Z01
201200028340;0;30;0;0;2;4;1;A01
201200028341;0;7;0;0;2;1;1;A01
201200028341;0;7;0;0;2;3;1;B01
201200028342;0;7;0;0;0;9;1;A01
201200028343;0;99;0;0;2;8;1;A01
201200028343;0;7;0;0;2;2;15;B01
201200028344;0;1;0;0;2;1;1;B01
201200028344;0;7;0;0;2;5;15;A01
201200028345;0;7;0;0;2;2;6;A01
201200028345;0;33;0;0;2;1;1;B01
201200028346;0;33;0;1;0;8;21;A01
201200028347;0;17;0;0;2;3;1;A01
201200028347;0;7;0;0;2;4;1;B01
201200028348;0;7;0;0;2;2;1;B01
201200028348;0;7;0;0;2;7;15;A01
201200028349;0;10;0;0;2;1;6;A01
201200028349;0;2;0;0;2;1;1;B01
201200028350;0;10;0;0;0;4;23;A01
201200028350;0;7;0;1;0;1;2;B01
201200028351;0;1;0;0;1;1;1;A01
201200028352;0;7;0;0;0;9;1;A01
201200028353;0;7;0;0;2;1;2;C01
201200028353;0;10;0;0;2;1;2;B01
201200028353;0;7;0;0;0;4;23;A01
201200028354;0;2;0;0;2;1;1;B01
201200028354;0;2;0;0;2;1;1;C01
201200028354;0;7;0;0;2;1;15;A01
201200028355;0;2;0;0;2;1;9;B01
201200028355;0;7;0;0;2;7;1;A01
201200028356;0;7;0;0;2;3;15;A01
201200028356;0;2;0;0;2;7;17;B01
201200028357;0;2;0;0;2;8;1;A01
201200028357;0;7;0;0;2;7;16;B01
201200028358;0;7;0;0;2;1;17;C01
201200028358;0;7;0;0;2;7;17;D01
201200028358;0;7;0;1;0;8;1;A01
201200028359;0;7;0;0;2;8;15;B01
201200028359;0;2;0;0;2;3;17;A01
201200028360;0;2;0;0;2;0;17;A01
201200028360;0;1;0;1;2;1;1;B01
201200028361;0;7;0;0;2;0;17;A01
201200028361;0;1;0;0;2;8;1;B01
201200028362;0;7;0;0;2;8;9;A01
201200028362;0;1;0;0;2;8;19;B01
201200028363;0;7;0;0;1;0;0;A01
201200028364;0;7;0;0;1;0;1;A01
201200028365;0;7;0;0;2;1;1;A01
201200028365;0;7;0;6;2;1;1;B01
201200028366;0;7;0;0;2;3;16;B01
201200028366;0;7;0;0;2;2;1;A01
201200028367;0;7;0;0;2;8;10;A01
201200028367;0;30;0;0;2;1;1;B01
201200028368;0;7;0;0;1;1;1;A01
201200028369;0;7;0;0;1;3;1;A01
201200028370;0;1;0;0;1;1;1;A01
201200028371;0;3;0;0;1;1;1;A01
201200028372;0;7;0;0;2;3;2;A01
201200028372;0;7;0;0;2;4;23;B01
201200028373;0;7;0;0;2;3;1;B01
201200028373;0;7;0;0;2;7;16;A01
201200028374;0;7;0;0;1;0;1;A01
201200028375;0;7;0;0;2;8;17;B01
201200028375;0;7;0;0;2;3;1;C01
201200028375;0;7;0;0;2;3;16;A01
201200028376;0;7;0;0;2;3;10;A01
201200028376;0;2;0;0;2;7;1;B01
201200028377;0;7;0;0;0;9;1;A01
201200028378;0;7;0;0;2;3;13;A01
201200028378;0;15;0;0;2;6;1;B01
201200028379;0;7;0;7;0;9;1;A01
201200028380;0;1;0;0;2;1;1;B01
201200028380;0;7;0;0;2;1;15;A01
201200028381;0;20;0;0;0;6;1;B01
201200028381;0;7;0;0;9;2;2;A01
201200028382;0;33;0;0;2;1;3;A01
201200028382;0;7;0;0;2;2;21;B01
201200028383;0;2;0;0;2;1;1;A01
201200028383;0;7;0;0;2;0;0;B01
201200028384;0;7;0;0;2;6;15;B01
201200028384;0;2;0;0;2;7;17;A01
201200028385;0;2;0;0;2;1;1;A01
201200028385;0;7;0;0;2;7;15;B01
201200028386;0;7;0;1;0;3;1;A01
201200028387;0;7;0;0;0;6;11;B01
201200028387;0;33;0;0;2;1;1;A01
201200028388;0;2;0;0;2;1;1;B01
201200028388;0;7;0;0;2;6;4;A01
201200028389;0;7;0;0;0;2;2;A01
201200028389;0;1;0;0;0;0;15;B01
201200028390;0;10;0;0;1;6;15;A01
201200028391;0;7;0;0;1;1;1;A01
201200028392;0;7;0;0;2;3;9;A01
201200028392;0;37;26;0;2;2;1;B01
201200028393;0;7;0;0;1;1;1;A01
201200028394;0;7;0;0;1;1;1;A01
201200028395;0;10;0;0;2;1;13;A01
201200028395;0;7;0;0;2;1;1;B01
201200028396;0;7;0;0;2;5;1;A01
201200028396;0;7;0;0;2;1;1;B01
201200028397;0;7;0;0;2;4;2;B01
201200028397;0;7;0;0;2;1;2;A01
201200028398;0;7;0;0;2;6;15;A01
201200028398;0;7;0;0;2;1;1;B01
201200028399;0;14;0;0;2;5;4;B01
201200028399;0;7;0;0;2;1;1;A01
201200028400;0;7;0;0;2;8;1;B01
201200028400;0;7;0;0;2;8;1;C01
201200028400;0;7;0;0;2;0;17;A01
201200028401;0;7;0;0;1;1;1;A01
201200028402;0;7;0;0;0;6;1;B01
201200028402;0;7;0;0;2;2;11;A01
201200028403;0;10;0;0;1;3;15;A01
201200028404;0;7;0;0;2;3;1;B01
201200028404;2;7;0;0;2;2;13;A01
201200028405;0;7;0;0;1;1;1;A01
201200028406;0;7;0;0;2;3;1;B01
201200028406;0;10;0;13;0;7;1;A01
201200028407;0;7;0;0;2;1;2;A01
201200028407;0;7;0;0;2;4;2;B01
201200028408;0;7;0;0;1;1;15;A01
201200028409;0;3;0;0;2;1;1;B01
201200028409;0;7;0;0;0;7;1;A01
201200028410;0;7;0;14;0;1;2;A01
201200028410;0;7;0;0;0;4;23;C01
201200028410;0;7;0;0;0;4;23;B01
201200028411;0;7;0;0;1;2;0;A01
201200028412;0;7;0;0;0;1;1;A01
201200028413;0;7;0;0;0;1;1;A01
201200028414;0;7;0;0;0;1;1;A01
201200028414;0;7;0;0;0;4;1;B01
201200028415;0;7;0;0;0;1;1;A01
201200028415;0;7;0;0;0;4;1;B01
201200028416;0;7;0;0;2;2;1;A01
201200028416;0;7;0;0;2;8;1;B01
201200028417;0;7;0;0;0;3;1;A01
201200028418;1;7;0;0;0;4;4;A01
201200028419;0;37;3;0;0;3;1;B01
201200028419;0;7;0;0;0;3;1;A01
201200028419;0;7;0;0;0;3;0;C01
201200028420;0;7;0;0;2;4;1;B01
201200028420;0;7;0;0;2;1;1;A01
201200028421;0;7;0;12;0;2;1;A01
201200028422;0;7;0;0;2;2;1;B01
201200028422;0;7;0;0;2;7;1;C01
201200028422;0;7;0;0;0;1;1;A01
201200028423;1;7;0;0;1;0;17;Z01
201200028424;0;7;0;0;1;1;1;A01
201200028425;0;7;0;0;0;8;1;A01
201200028426;0;7;0;0;2;1;1;B01
201200028426;0;7;0;0;0;8;9;A01
201200028427;0;10;0;0;4;7;1;A01
201200028427;0;40;17;0;2;1;1;B01
201200028428;0;10;0;0;1;5;9;A01
201200028428;0;10;0;0;2;3;23;B01
201200028429;0;7;0;0;1;2;16;A01
201200028430;0;7;0;0;0;3;1;A01
201200028430;0;33;0;0;0;7;1;B01
201200028431;0;7;0;0;2;1;19;A01
201200028431;0;7;0;7;0;0;1;B01
201200028432;0;7;0;0;1;2;1;A01
201200028433;0;7;0;0;0;0;1;A01
201200028433;0;7;0;0;0;4;1;B01
201200028434;0;7;0;0;0;0;0;A01
201200028435;0;7;0;0;0;6;20;A01
201200028436;0;33;0;1;2;8;1;B01
201200028436;0;7;0;0;0;2;9;A01
201200028437;0;7;0;0;2;0;9;A01
201200028437;0;30;0;0;2;0;1;B01
201200028438;0;3;0;0;2;1;14;A01
201200028438;0;7;0;0;2;7;1;C01
201200028439;0;7;0;0;0;9;1;A01
201200028439;0;7;0;0;0;1;1;B01
201200028440;0;7;0;0;2;1;9;A01
201200028440;0;7;0;0;2;8;1;B01
201200028441;0;7;0;0;0;0;1;A01
201200028442;0;7;0;0;1;1;16;A01
201200028443;0;7;0;0;1;4;20;A01
201200028444;0;7;0;0;2;1;1;B01
201200028444;0;7;0;0;0;1;13;A01
201200028445;0;10;0;0;1;2;16;A01
201200028446;0;7;0;0;1;1;1;A01
201200028447;0;7;0;0;1;2;1;A01
201200028448;0;33;0;0;2;7;17;B01
201200028448;0;7;0;0;2;8;15;A01
201200028449;0;37;5;0;2;2;1;B01
201200028449;0;7;0;0;2;3;1;A01
201200028450;0;30;0;12;0;0;1;A01
201200028451;0;7;0;6;0;3;13;A01
201200028452;0;7;0;0;1;2;1;A01
201200028453;0;33;0;0;0;0;1;A01
201200028454;0;7;0;0;0;7;15;A01
201200028454;0;7;0;0;2;1;1;B01
201200028455;0;7;0;0;0;2;1;A01
201200028455;0;7;0;0;2;3;9;B01
201200028456;0;7;0;0;2;9;1;A01
201200028456;0;7;0;0;2;3;1;B01
201200028457;0;7;0;0;0;3;1;A01
201200028457;0;7;0;0;0;2;1;B01
201200028458;0;7;0;0;9;1;15;A01
201200028458;0;1;0;0;2;1;1;B01
201200028459;0;33;0;0;0;1;1;A01
201200028460;0;7;0;0;9;4;0;A01
201200028461;0;7;0;0;2;7;15;A01
201200028461;0;7;0;0;2;3;1;B01
201200028462;0;33;0;0;2;1;1;A01
201200028462;0;10;0;0;2;4;1;B01
201200028463;0;7;0;0;2;8;9;B01
201200028463;0;1;0;0;2;1;5;A01
201200028464;0;30;0;0;1;1;0;A01
201200028465;0;7;0;0;1;4;4;A01
201200028466;0;7;0;0;0;0;1;B01
201200028466;0;30;0;0;0;8;1;A01
201200028467;1;7;0;0;1;7;1;A01
201200028468;0;7;0;0;1;8;0;A01
201200028469;0;7;0;0;2;3;1;B01
201200028469;0;7;0;0;2;1;0;A01
201200028470;0;7;0;0;1;2;0;A01
201200028471;0;7;0;1;2;8;19;A01
201200028471;0;31;0;0;2;1;1;B01
201200028472;0;7;0;12;0;1;16;A01
201200028473;0;7;0;0;2;3;1;B01
201200028473;0;7;0;0;0;2;1;A01
201200028474;0;7;0;0;0;0;1;A01
201200028475;1;7;0;0;2;3;1;A01
201200028475;0;7;0;0;0;1;1;C01
201200028475;0;7;0;0;0;1;1;B01
201200028476;0;40;18;0;2;2;1;B01
201200028476;0;7;0;0;0;3;15;A01
201200028477;0;7;0;0;1;1;0;A01
201200028478;0;7;0;0;1;0;0;A01
201200028479;0;7;0;6;1;2;1;A01
201200028480;0;10;0;0;1;2;1;A01
201200028481;0;33;0;0;2;1;1;B01
201200028481;0;7;0;0;2;7;15;A01
201200028482;0;7;0;0;1;2;1;A01
201200028483;0;10;0;0;2;4;2;A01
201200028483;0;37;1;0;2;1;1;B01
201200028484;0;7;0;0;1;0;1;A01
201200028485;1;99;0;0;2;0;1;A01
201200028485;0;1;0;0;2;0;5;B01
201200028486;0;1;0;0;2;0;13;A01
201200028486;0;7;0;0;2;2;1;B01
201200028487;0;1;0;0;1;0;1;A01
201200028488;0;10;0;0;1;5;4;A01
201200028489;0;30;0;16;0;0;1;A01
201200028490;0;7;0;0;2;3;15;A01
201200028490;0;1;0;0;2;0;1;B01
201200028491;0;33;0;0;0;0;1;A01
201200028492;0;7;0;0;2;3;1;A01
201200028492;0;33;0;0;2;7;1;B01
201200028493;0;7;0;0;2;1;1;A01
201200028493;0;7;0;0;2;7;1;B01
201200028494;0;1;0;0;1;1;1;A01
201200028495;0;7;0;0;1;7;23;A01
201200028496;0;7;0;0;4;1;1;A01
201200028496;0;40;22;0;2;8;1;B01
201200028497;1;7;0;0;1;3;10;A01
201200028498;0;7;0;0;2;7;1;C01
201200028498;0;33;0;1;2;1;1;A01
201200028499;0;7;0;0;1;1;1;A01
201200028500;0;7;0;0;1;1;16;A01
201200028501;0;7;0;0;2;2;1;A01
201200028501;0;30;0;0;2;6;16;B01
201200028502;0;7;0;0;1;1;16;A01
201200028503;0;37;1;0;1;0;0;A01
201200028504;0;7;0;0;2;4;15;A01
201200028504;0;32;0;0;2;1;1;B01
201200028505;0;7;0;8;0;1;0;A01
201200028506;0;7;0;0;1;1;1;A01
201200028507;0;7;0;0;2;3;16;A01
201200028507;0;1;0;0;2;7;8;B01
201200028508;0;7;0;0;1;3;1;A01
201200028509;0;10;0;0;2;2;1;A01
201200028509;0;7;0;0;0;8;1;B01
201200028510;0;7;0;0;2;4;23;B01