num_acc;senc;catv;occutc;obs;obsm;choc;manv;num_veh
201200028510;0;30;0;0;2;1;1;A01
201200028511;0;7;0;0;2;1;15;A01
201200028511;0;7;0;0;2;1;1;B01
201200028512;0;33;0;0;2;1;1;A01
201200028512;0;7;0;0;2;5;1;B01
201200028513;0;7;0;0;2;7;19;A01
201200028513;0;7;0;0;2;1;1;B01
201200028514;0;7;0;0;0;0;0;A01
201200028514;0;7;0;0;0;0;0;B01
201200028515;0;7;0;0;2;1;1;A01
201200028515;0;7;0;0;2;4;1;B01
201200028516;0;7;0;0;2;1;0;B01
201200028516;0;7;0;0;2;5;0;A01
201200028517;0;7;0;0;1;2;16;A01
201200028518;0;7;0;15;0;1;14;A01
201200028519;0;14;0;0;2;2;1;B01
201200028519;0;7;0;0;2;1;15;A01
201200028520;0;7;0;14;0;1;1;A01
201200028521;0;7;0;0;2;5;15;A01
201200028521;0;7;0;0;2;2;1;B01
201200028522;0;7;0;1;0;2;1;A01
201200028523;0;1;0;1;0;1;15;A01
201200028524;0;7;0;1;2;3;9;A01
201200028524;0;7;0;0;2;2;1;B01
201200028525;0;7;0;1;0;9;13;A01
201200028526;0;7;0;0;2;2;1;B01
201200028526;1;30;0;0;2;1;0;Z01
201200028527;0;30;0;1;0;1;1;A01
201200028528;1;7;0;0;2;3;1;Z01
201200028528;0;7;0;0;2;2;15;A01
201200028529;0;7;0;0;2;3;1;C01
201200028529;0;7;0;0;2;3;13;A01
201200028529;0;7;0;0;2;8;1;B01
201200028530;0;33;0;12;0;1;1;A01
201200028531;0;7;0;0;2;3;1;B01
201200028531;0;10;0;0;0;2;1;A01
201200028532;0;7;0;0;1;4;4;A01
201200028533;0;2;0;0;2;1;1;B01
201200028533;0;37;1;0;0;5;1;A01
201200028534;0;7;0;0;2;3;9;A01
201200028534;0;7;0;0;2;2;0;B01
201200028535;0;1;0;0;2;1;2;A01
201200028535;0;7;0;0;2;4;2;B01
201200028536;0;7;0;0;0;1;0;A01
201200028537;0;7;0;0;2;8;9;A01
201200028537;0;1;0;0;2;0;1;B01
201200028538;0;7;0;0;2;8;1;A01
201200028538;1;7;0;0;2;0;0;Z01
201200028539;0;7;0;0;1;1;15;A01
201200028540;0;7;0;1;0;1;1;A01
201200028541;0;7;0;0;1;1;1;A01
201200028542;0;7;0;0;0;1;9;A01
201200028542;0;7;0;0;2;8;1;B01
201200028543;0;33;0;0;2;1;1;B01
201200028543;0;7;0;0;2;7;16;A01
201200028544;0;7;0;0;1;2;1;A01
201200028545;0;7;0;1;1;4;4;A01
201200028546;0;2;0;0;2;1;17;A01
201200028546;0;7;0;0;2;1;19;B01
201200028547;0;7;0;0;1;1;9;A01
201200028548;0;7;0;0;0;4;1;B01
201200028548;0;7;0;0;0;1;1;A01
201200028549;0;7;0;0;2;3;15;A01
201200028549;0;37;26;0;2;3;1;B01
201200028550;2;7;0;0;0;0;0;A01
201200028551;0;7;0;0;2;8;1;B01
201200028551;0;33;0;0;0;2;12;A01
201200028552;0;7;0;0;2;3;11;A01
201200028552;0;2;0;0;2;2;1;B01
201200028553;0;7;0;0;2;1;2;A01
201200028553;0;7;0;0;0;5;16;B01
201200028554;0;7;0;0;2;8;15;B01
201200028554;0;7;0;0;2;3;1;A01
201200028555;0;7;0;0;0;2;0;A01
201200028556;0;7;0;2;0;1;1;A01
201200028557;0;7;0;0;2;1;9;A01
201200028557;0;2;0;0;2;2;0;B01
201200028558;0;1;0;1;0;1;1;A01
201200028559;0;7;0;0;2;8;15;B01
201200028559;0;33;0;6;2;7;1;A01
201200028560;0;2;0;0;2;1;1;B01
201200028560;1;7;0;0;0;7;15;Z01
201200028561;0;7;0;0;2;2;15;A01
201200028561;0;7;0;0;2;3;0;B01
201200028562;0;7;0;0;2;1;2;A01
201200028562;0;7;0;0;0;4;23;B01
201200028563;0;7;0;0;2;4;0;C01
201200028563;0;7;0;0;0;1;0;A01
201200028563;0;7;0;0;2;4;0;B01
201200028564;0;7;0;0;1;1;1;A01
201200028565;0;10;0;0;2;1;13;A01
201200028565;0;7;0;0;2;1;1;B01
201200028566;0;7;0;0;2;3;13;A01
201200028566;0;37;1;0;2;3;1;B01
201200028567;0;7;0;0;2;1;2;A01
201200028567;0;7;0;0;2;4;2;B01
201200028568;0;7;0;0;1;3;0;A01
201200028569;0;7;0;0;2;2;0;A01
201200028569;0;7;0;0;2;7;0;B01
201200028570;0;7;0;0;1;7;1;A01
201200028571;0;10;0;0;2;1;1;A01
201200028571;0;7;0;0;2;8;9;B01
201200028572;0;7;0;0;2;1;1;C01
201200028572;0;10;0;0;2;2;1;B01
201200028572;0;7;0;0;2;8;1;A01
201200028573;2;7;0;0;2;1;9;A01
201200028573;0;7;0;15;2;8;1;B01
201200028574;0;30;0;0;2;0;0;B01
201200028574;1;7;0;0;0;0;0;Z01
201200028575;1;7;0;0;0;0;13;Z01
201200028575;0;30;0;12;0;1;21;B01
201200028576;1;7;0;0;1;3;1;Z01
201200028577;0;7;0;0;1;3;1;A01
201200028578;0;10;0;0;1;1;1;A01
201200028579;0;7;0;8;0;1;1;A01
201200028580;0;1;0;0;2;1;5;A01
201200028580;0;7;0;0;2;2;1;B01
201200028581;0;7;0;0;2;1;1;B01
201200028581;0;7;0;0;2;1;5;A01
201200028582;0;7;0;0;1;1;1;A01
201200028583;0;40;0;0;1;2;1;A01
201200028584;0;7;0;0;2;1;1;A01
201200028584;0;1;0;0;2;4;1;B01
201200028585;0;33;0;0;2;1;2;A01
201200028585;0;7;0;0;0;4;2;B01
201200028586;0;1;0;0;0;0;1;A01
201200028587;0;10;0;0;1;2;1;A01
201200028588;0;7;0;0;0;8;9;B01
201200028588;0;32;0;0;2;1;1;A01
201200028589;0;7;0;0;1;7;1;A01
201200028590;0;7;0;0;2;5;15;A01
201200028590;0;31;0;0;2;1;1;B01
201200028591;0;7;0;0;1;3;1;A01
201200028592;0;7;0;0;2;1;2;A01
201200028592;0;7;0;0;2;5;1;B01
201200028593;0;7;0;0;1;1;1;A01
201200028594;0;7;0;0;2;4;1;B01
201200028594;0;7;0;0;2;1;1;A01
201200028595;0;7;0;0;2;3;0;B01
201200028595;0;7;0;1;2;3;0;A01
201200028596;0;7;0;0;0;8;9;A01
201200028596;0;32;0;0;2;1;1;B01
201200028597;0;10;0;12;2;8;1;B01
201200028597;0;7;0;0;2;2;1;A01
201200028598;0;7;0;0;2;2;13;A01
201200028598;0;7;0;0;2;3;2;B01
201200028599;0;7;0;8;0;1;1;A01
201200028600;0;7;0;0;2;4;23;C01
201200028600;0;7;0;0;2;7;23;D01
201200028600;0;7;0;0;2;5;23;E01
201200028600;0;17;0;0;2;3;1;A01
201200028600;0;7;0;0;2;4;23;B01
201200028601;0;1;0;0;1;1;5;A01
201200028602;0;33;0;0;0;7;1;A01
201200028603;0;7;0;0;1;3;1;A01
201200028604;0;14;0;0;1;1;0;A01
201200028605;1;7;0;0;1;4;20;Z01
201200028606;0;7;0;4;0;3;1;A01
201200028607;0;7;0;0;2;1;1;A01
201200028607;0;7;0;0;2;7;1;B01
201200028608;0;7;0;0;2;1;0;A01
201200028608;0;7;0;0;2;3;0;B01
201200028609;0;7;0;0;0;2;15;A01
201200028609;0;33;0;0;2;1;1;B01
201200028610;0;7;0;0;0;4;2;C01
201200028610;0;7;0;0;0;1;2;B01
201200028610;0;7;0;0;2;1;2;A01
201200028611;0;7;0;0;2;4;2;B01
201200028611;0;7;0;0;2;1;2;A01
201200028612;0;7;0;0;1;8;15;A01
201200028613;0;7;0;0;2;1;2;A01
201200028613;0;7;0;0;2;4;2;B01
201200028614;0;7;0;0;1;5;4;A01
201200028615;0;7;0;0;2;1;1;B01
201200028615;0;7;0;0;2;1;5;A01
201200028616;0;7;0;0;2;5;1;A01
201200028616;0;7;0;0;2;1;1;B01
201200028617;0;7;0;0;1;1;15;A01
201200028618;0;10;0;0;1;2;15;A01
201200028619;0;7;0;0;1;8;4;A01
201200028620;0;36;0;1;0;2;1;A01
201200028621;0;10;0;0;2;3;9;A01
201200028621;0;30;0;0;2;1;1;B01
201200028622;0;7;0;0;0;8;9;A01
201200028622;0;2;0;0;2;1;1;B01
201200028623;0;10;0;0;2;1;2;A01
201200028623;0;7;0;0;2;4;2;C01
201200028623;0;7;0;0;2;9;2;B01
201200028624;0;7;0;0;1;3;15;A01
201200028625;0;7;0;0;2;7;1;A01
201200028625;0;7;0;0;2;1;1;B01
201200028626;0;7;0;0;1;2;1;A01
201200028627;0;7;0;1;2;2;1;Z01
201200028627;0;7;0;0;2;4;1;D01
201200028628;1;7;0;0;1;7;1;A01
201200028629;0;7;0;1;2;2;1;B01
201200028629;0;7;0;0;2;3;15;A01
201200028630;0;7;0;0;1;6;4;A01
201200028631;0;30;0;0;2;3;15;A01
201200028631;0;7;0;0;2;2;15;B01
201200028632;0;10;0;0;1;8;1;A01
201200028633;1;7;0;0;0;0;0;A01
201200028634;0;7;0;0;1;2;1;A01
201200028635;0;7;0;0;1;7;1;A01
201200028636;0;7;0;0;1;3;15;A01
201200028637;0;7;0;0;0;5;15;B01
201200028637;0;7;0;0;2;3;13;A01
201200028637;0;7;0;0;2;2;1;C01
201200028638;0;2;0;0;2;1;1;B01
201200028638;0;7;0;0;2;7;16;A01
201200028639;0;7;0;0;1;3;20;A01
201200028640;0;7;0;0;2;3;1;B01
201200028640;0;7;0;0;2;2;15;A01
201200028641;0;7;0;0;1;1;1;A01
201200028642;0;7;0;0;1;2;1;A01
201200028643;0;31;0;0;2;1;1;B01
201200028643;0;7;0;0;2;7;10;A01
201200028644;1;7;0;0;0;0;0;A01
201200028644;0;30;0;0;2;1;1;B01
201200028645;0;33;0;1;0;2;1;A01
201200028646;0;7;0;0;2;2;19;A01
201200028646;0;33;0;1;2;1;1;B01
201200028647;0;7;0;0;1;2;1;A01
201200028648;0;7;0;0;2;1;9;A01
201200028648;0;7;0;0;2;5;1;B01
201200028649;0;2;0;0;2;1;1;A01
201200028649;0;10;0;0;0;5;23;B01
201200028650;0;7;0;0;1;8;1;A01
201200028651;0;7;0;0;0;4;2;B01
201200028651;0;7;0;0;2;1;2;A01
201200028652;0;7;0;0;1;1;1;A01
201200028653;0;7;0;0;0;4;23;B01
201200028653;0;7;0;0;2;1;2;A01
201200028654;0;31;0;0;2;6;1;B01
201200028654;1;7;0;0;0;0;0;A01
201200028655;0;2;0;0;2;1;1;B01
201200028655;0;7;0;0;2;7;15;A01
201200028656;0;7;0;0;1;1;1;A01
201200028657;0;7;0;0;2;2;15;A01
201200028657;0;33;0;0;2;1;1;B01
201200028658;0;7;0;1;0;5;24;A01
201200028659;0;33;0;0;2;1;1;B01
201200028659;0;7;0;0;2;2;15;A01
201200028660;0;10;0;0;1;1;1;A01
201200028661;0;7;0;0;1;4;4;A01
201200028662;0;7;0;0;2;7;15;A01
201200028662;0;2;0;0;2;1;16;B01
201200028663;0;7;0;0;2;3;10;A01
201200028663;0;2;0;0;2;1;1;B01
201200028664;0;7;0;0;1;1;1;A01
201200028665;0;7;0;0;2;1;15;A01
201200028665;0;2;0;0;2;1;1;B01
201200028666;0;7;0;0;2;3;15;A01
201200028666;0;33;0;0;2;1;1;B01
201200028667;0;7;0;0;2;3;1;A01
201200028667;0;2;0;0;2;1;1;B01
201200028668;0;2;0;0;2;2;1;B01
201200028668;0;7;0;0;2;3;9;A01
201200028669;0;7;0;0;2;1;1;A01
201200028669;0;7;0;0;2;4;4;B01
201200028670;0;7;0;0;1;1;1;A01
201200028671;0;3;0;0;2;1;1;A01
201200028671;0;7;0;0;2;7;1;B01
201200028672;0;7;0;0;0;5;15;A01
201200028672;0;32;0;0;2;1;1;B01
201200028673;0;10;0;0;2;2;1;A01
201200028673;0;7;0;0;2;1;15;B01
201200028674;0;7;0;0;1;2;1;A01
201200028675;0;7;0;0;1;2;15;A01
201200028676;0;7;0;0;1;2;1;A01
201200028677;0;7;0;0;2;1;1;A01
201200028677;0;7;0;0;2;4;23;B01
201200028678;0;7;0;0;1;5;20;A01
201200028679;0;7;0;8;0;8;1;A01
201200028680;0;7;0;0;1;1;1;A01
201200028681;0;1;0;0;2;1;1;B01
201200028681;0;7;0;0;2;3;19;A01
201200028682;0;30;0;0;2;3;1;B01
201200028682;0;7;0;0;2;2;14;A01
201200028683;0;7;0;0;2;3;15;A01
201200028683;0;30;0;0;2;1;1;B01
201200028684;0;7;0;13;0;1;1;A01
201200028685;0;33;0;8;0;1;0;A01
201200028686;0;30;0;0;2;1;18;A01
201200028686;0;7;0;0;0;7;16;B01
201200028687;0;7;0;0;1;3;0;A01
201200028688;0;30;0;0;2;0;18;A01
201200028688;0;7;0;0;2;2;1;B01
201200028689;0;7;0;0;2;3;1;A01
201200028689;0;7;0;0;2;6;1;B01
201200028690;0;7;0;12;0;1;1;A01
201200028691;0;33;0;0;2;1;1;B01
201200028691;0;7;0;0;2;2;10;A01
201200028692;0;7;0;9;0;3;0;A01
201200028693;0;1;0;0;0;1;1;A01
201200028693;0;7;0;0;0;6;15;B01
201200028694;0;7;0;0;2;3;1;B01
201200028694;0;7;0;0;2;7;1;A01
201200028694;0;7;0;0;2;1;1;C01
201200028695;0;7;0;0;0;1;1;A01
201200028696;0;7;0;0;1;1;0;A01
201200028697;0;7;0;0;2;1;17;A01
201200028697;0;33;0;0;0;8;0;B01
201200028698;0;32;0;0;2;8;1;B01
201200028698;0;7;0;0;2;7;1;A01
201200028699;0;7;0;0;2;1;2;C01
201200028699;0;7;0;0;2;1;2;A01
201200028699;0;7;0;0;2;1;2;D01
201200028699;0;7;0;0;0;4;1;B01
201200028699;0;7;0;0;2;1;2;E01
201200028700;0;7;0;16;0;0;1;A01
201200028701;0;7;0;0;1;2;1;A01
201200028702;0;7;0;0;2;8;15;A01
201200028702;0;33;0;0;2;1;0;B01
201200028703;0;2;0;0;2;8;17;B01
201200028703;0;7;0;0;2;3;16;A01
201200028704;0;7;0;0;2;2;19;A01
201200028704;0;30;0;0;0;1;1;B01
201200028705;0;7;0;2;1;4;4;A01
201200028706;0;33;0;13;0;1;1;A01
201200028707;0;7;0;0;2;1;11;A01
201200028707;0;7;0;0;2;1;1;B01
201200028708;0;7;0;0;1;3;1;A01
201200028709;0;33;0;0;1;0;17;A01
201200028710;0;2;0;0;0;0;2;A01
201200028711;0;1;0;0;2;4;0;B01
201200028711;0;7;0;0;9;1;9;A01
201200028712;0;7;0;0;2;2;1;A01
201200028712;0;32;0;0;2;3;1;B01
201200028713;0;7;0;0;1;2;1;A01
201200028714;0;7;0;0;2;3;13;A01
201200028714;0;7;0;0;2;3;0;B01
201200028715;0;7;0;0;1;5;1;A01
201200028716;0;7;0;0;0;4;1;B01
201200028716;0;7;0;0;2;1;2;A01
201200028717;0;30;0;0;2;1;1;A01
201200028717;0;7;0;0;2;3;1;B01
201200028718;0;7;0;0;2;1;9;A01
201200028718;0;30;0;0;2;7;1;B01
201200028719;0;7;0;0;2;2;15;A01
201200028719;0;31;0;0;2;1;1;B01
201200028720;0;7;0;15;0;3;1;A01
201200028721;0;7;0;0;2;1;5;A01
201200028721;0;7;0;0;2;1;1;B01
201200028722;0;2;0;0;2;1;1;A01
201200028722;0;7;0;0;2;1;15;B01
201200028723;2;7;0;0;2;1;1;Z01
201200028723;0;10;0;0;2;8;1;B01
201200028724;0;10;0;0;5;1;1;A01
201200028725;0;2;0;0;2;3;2;A01
201200028725;0;10;0;0;2;1;2;B01
201200028726;0;7;0;0;1;2;1;A01
201200028727;0;7;0;0;2;3;15;A01
201200028727;0;32;0;0;2;2;1;B01
201200028728;1;10;0;0;1;4;4;Z01
201200028729;0;7;0;0;2;1;15;A01
201200028729;0;1;0;0;2;7;1;B01
201200028730;0;30;0;0;1;1;1;A01
201200028731;0;7;0;0;1;1;16;A01
201200028732;0;33;0;0;2;1;1;B01
201200028732;0;7;0;0;2;7;15;A01
201200028733;0;7;0;6;0;1;6;A01
201200028734;0;7;0;0;2;5;15;A01
201200028734;0;37;10;0;2;1;1;B01
201200028735;0;7;0;16;0;0;1;A01
201200028736;0;7;0;0;1;1;0;A01
201200028737;0;10;0;0;2;1;15;A01
201200028737;0;33;0;0;2;1;1;B01
201200028738;0;2;0;0;0;1;1;A01
201200028738;0;7;0;0;2;3;1;B01
201200028739;0;7;0;0;1;3;0;A01
201200028740;0;30;0;0;2;1;1;B01
201200028740;0;10;0;0;2;7;1;A01
201200028741;0;10;0;0;1;1;1;A01
201200028742;0;10;0;0;1;2;14;A01
201200028743;0;7;0;0;1;3;1;A01
201200028744;0;7;0;0;1;3;1;A01
201200028745;1;99;0;0;0;0;0;Z01
201200028746;0;7;0;0;2;8;15;A01
201200028746;0;7;0;0;2;1;1;B01
201200028747;0;7;0;0;1;3;1;A01
201200028748;0;7;0;0;2;2;15;A01
201200028748;0;33;0;0;2;7;1;B01
201200028749;0;33;0;0;2;1;1;B01
201200028749;0;7;0;0;2;2;12;A01
201200028749;0;7;0;0;2;6;1;C01
201200028750;0;7;0;0;1;3;1;A01
201200028751;0;40;10;3;2;1;1;B01
201200028751;0;7;0;0;2;8;15;A01
201200028752;0;7;0;0;2;1;2;B01
201200028752;0;7;0;0;1;1;1;A01
201200028753;0;31;0;0;2;1;17;B01
201200028753;0;7;0;0;2;3;15;A01
201200028754;0;7;0;0;1;3;1;A01
201200028755;0;7;0;0;2;4;1;B01
201200028755;1;7;0;0;2;1;1;A01
201200028756;0;7;0;0;1;0;4;A01
201200028757;0;7;0;0;2;3;23;B01
201200028757;0;33;0;0;2;1;0;A01
201200028758;0;7;0;9;0;2;1;A01
201200028759;0;7;0;0;2;1;1;B01
201200028759;0;7;0;0;2;6;13;A01
201200028759;0;7;0;0;2;1;1;C01
201200028760;0;7;0;0;1;1;1;A01
201200028761;0;7;0;0;2;1;15;A01
201200028761;0;30;0;0;2;1;1;B01
201200028762;0;7;0;4;2;1;2;A01
201200028762;0;30;0;0;2;4;2;B01
201200028763;0;7;0;0;2;3;15;A01
201200028763;0;30;0;0;2;1;1;B01
201200028764;0;40;10;0;1;2;1;A01
201200028765;0;1;0;0;1;1;1;B01
201200028766;0;1;0;0;2;6;1;B01
201200028766;0;7;0;0;2;1;16;A01
201200028767;0;7;0;2;0;2;1;A01
201200028768;0;1;0;0;2;2;1;B01
201200028768;0;7;0;0;2;3;9;A01
201200028769;0;7;0;0;1;1;1;A01
201200028770;0;7;0;0;0;0;1;B01
201200028770;0;7;0;0;2;1;1;A01
201200028771;1;7;0;0;0;2;17;Z01
201200028771;0;30;0;0;2;8;1;B01
201200028772;0;7;0;0;2;2;20;A01
201200028772;0;2;0;0;2;1;1;B01
201200028773;0;7;0;0;0;1;1;B01
201200028773;0;1;0;0;2;1;15;A01
201200028774;0;31;0;0;2;1;0;B01
201200028774;0;7;0;0;2;2;15;A01
201200028775;0;7;0;0;2;6;11;A01
201200028775;0;33;0;0;2;2;1;B01
201200028776;0;7;0;0;2;1;9;A01
201200028776;0;33;0;0;2;2;1;B01
201200028776;0;7;0;0;2;2;1;C01
201200028777;0;7;0;0;2;2;1;A01
201200028777;0;33;0;0;2;1;1;B01
201200028778;0;33;0;0;2;3;1;B01
201200028778;0;7;0;0;2;5;14;A01
201200028779;0;7;0;0;2;7;1;A01
201200028779;0;30;0;0;2;8;1;B01
201200028780;0;7;0;0;1;7;1;A01
201200028781;0;7;0;0;4;8;15;A01
201200028781;0;40;1;0;2;1;0;B01
201200028782;0;7;0;0;0;0;9;A01
201200028782;0;32;0;0;0;0;15;B01
201200028783;0;30;0;0;2;1;1;A01
201200028783;0;7;0;0;0;5;1;B01
201200028784;0;7;0;0;1;3;1;A01
201200028785;0;7;0;0;2;4;1;B01
201200028785;0;2;0;0;2;1;1;A01
201200028786;0;33;0;0;2;1;1;A01
201200028786;0;14;0;0;2;7;16;B01
201200028787;0;7;0;0;0;0;0;A01
201200028788;0;7;0;0;1;2;0;A01
201200028789;0;32;0;0;0;0;0;A01
201200028789;0;7;0;1;0;0;0;B01
201200028790;0;7;0;1;0;0;0;B01
201200028790;0;32;0;0;0;0;0;A01
201200028791;0;7;0;0;2;1;1;B01
201200028791;0;7;0;0;2;1;17;A01
201200028791;0;14;0;0;0;0;23;C01
201200028792;0;7;0;0;2;1;1;B01
201200028792;0;7;0;0;2;1;17;A01
201200028792;0;14;0;0;0;0;23;C01
201200028793;0;7;0;0;2;8;19;A01
201200028793;0;7;0;0;2;1;1;B01
201200028794;0;10;0;0;2;3;1;E01
201200028794;0;7;0;0;0;0;0;D01
201200028794;0;1;0;0;2;0;1;C01
201200028794;0;7;0;0;2;3;17;B01
201200028794;0;7;0;0;2;1;13;A01
201200028795;0;10;0;0;2;3;1;E01
201200028795;0;1;0;0;2;0;1;C01
201200028795;0;7;0;0;2;3;17;B01
201200028795;0;7;0;0;2;1;13;A01
201200028795;0;7;0;0;0;0;0;D01
201200028796;0;33;0;0;0;0;1;A01
201200028797;1;7;0;0;2;1;0;Z01
201200028797;0;7;0;0;2;4;0;B01
201200028798;0;30;0;0;0;0;0;B01
201200028798;0;7;0;0;0;0;0;A01
201200028799;0;30;0;0;0;0;0;B01
201200028799;0;7;0;0;0;0;0;A01
201200028800;0;1;0;0;2;8;23;B01
201200028800;1;7;0;0;2;0;10;Z01
201200028801;0;7;0;14;2;4;23;B01
201200028801;0;7;0;0;2;4;23;C01
201200028801;0;7;0;14;0;1;1;A01
201200028802;0;7;0;0;0;0;0;A01
201200028802;0;33;0;0;2;0;0;B01
201200028803;0;13;0;0;0;0;0;A01
201200028803;0;33;0;0;0;0;0;B01
201200028804;0;33;0;0;2;0;16;A01
201200028804;0;13;0;0;2;7;1;B01
201200028805;0;7;0;0;0;0;0;A01
201200028806;0;7;0;0;0;0;0;A01
201200028807;0;7;0;0;0;0;0;A01
201200028808;0;7;0;0;0;0;0;A01
201200028809;0;7;0;0;0;0;0;A01
201200028810;0;7;0;0;0;0;0;A01
201200028811;0;7;0;0;0;0;0;A01
201200028812;0;7;0;0;0;0;0;A01
201200028813;0;7;0;0;1;0;0;A01
201200028814;0;7;0;0;0;0;0;A01
201200028815;0;7;0;0;2;5;16;A01
201200028815;0;2;0;0;2;1;1;B01
201200028816;0;7;0;0;2;1;1;A01
201200028816;0;7;0;0;2;1;15;B01
201200028817;0;7;0;0;2;2;15;A01
201200028817;0;32;0;0;2;1;1;B01
201200028818;0;7;0;0;1;1;1;A01
201200028819;0;7;0;0;2;7;16;B01
201200028819;0;32;0;0;2;8;1;A01
201200028820;0;30;0;0;0;0;0;A01
201200028820;0;7;0;0;2;2;20;B01
201200028821;0;31;0;0;2;1;5;A01
201200028821;0;7;0;0;2;3;1;B01
201200028822;0;1;0;0;1;1;1;A01
201200028823;0;7;0;0;2;0;0;B01
201200028823;0;13;0;0;2;0;0;A01
201200028824;0;7;0;0;2;1;2;A01
201200028824;0;14;0;0;2;4;2;B01
201200028825;0;30;0;0;2;1;1;A01
201200028825;0;7;0;0;2;4;1;B01
201200028826;0;30;0;0;2;1;1;B01
201200028826;0;7;0;0;2;8;0;A01
201200028827;0;7;0;0;2;2;1;A01
201200028827;0;7;0;0;2;1;1;B01
201200028828;0;7;0;0;1;1;15;A01
201200028829;0;7;0;0;1;2;1;A01
201200028830;0;7;0;0;1;2;1;A01
201200028831;0;7;0;0;0;3;10;B01
201200028831;0;2;0;0;2;1;1;A01
201200028832;0;32;0;0;1;1;0;A01
201200028833;0;1;0;0;0;0;0;B01
201200028833;0;7;0;0;2;1;1;A01
201200028834;0;30;0;0;2;7;0;B01
201200028834;0;7;0;0;2;3;0;A01
201200028835;0;7;0;0;1;0;0;A01
201200028836;0;7;0;0;2;5;23;B01
201200028836;0;30;0;0;2;1;1;A01
201200028837;0;1;0;0;1;1;1;A01
201200028838;0;7;0;0;1;2;1;A01
201200028839;0;33;0;0;1;1;1;A01
201200028840;0;7;0;0;1;2;1;A01
201200028841;0;33;0;0;2;1;1;B01
201200028841;0;7;0;0;2;6;11;A01
201200028842;0;7;0;0;2;1;2;A01
201200028842;0;7;0;4;2;4;2;B01
201200028843;0;7;0;0;2;0;0;D01
201200028843;0;7;0;0;2;0;0;C01
201200028843;0;7;0;0;2;0;0;A01
201200028843;0;7;0;0;2;0;0;B01
201200028844;0;7;0;10;2;1;1;B01
201200028844;0;10;0;0;0;0;23;E01
201200028844;0;14;0;0;2;6;13;A01
201200028844;0;15;0;0;2;0;23;D01
201200028844;0;7;0;0;2;0;1;C01
201200028845;0;7;0;0;9;2;23;A01
201200028845;0;1;0;0;;1;18;B01
201200028846;0;7;0;0;0;4;1;B01
201200028846;2;7;0;0;2;1;1;Z01
201200028847;0;7;0;0;1;7;0;A01
201200028848;0;7;0;0;1;1;21;A01
201200028849;0;7;0;0;2;7;17;A01
201200028849;0;30;0;0;2;8;15;B01
201200028850;0;7;0;0;2;4;1;B01
201200028850;0;7;0;0;2;1;2;A01
201200028851;0;7;0;0;2;1;1;B01
201200028851;0;7;0;0;2;1;13;A01
201200028852;0;7;0;0;2;1;1;A01
201200028853;0;7;0;0;0;0;0;A01
201200028854;1;7;0;1;1;0;0;Z01
201200028855;0;30;0;0;2;0;0;B01
201200028855;0;7;0;0;2;0;0;A01
201200028856;0;7;0;0;2;1;2;A01
201200028856;0;7;0;0;2;4;2;B01
201200028857;0;7;0;0;2;0;15;A01
201200028857;0;31;0;0;2;3;17;B01
201200028858;0;7;0;0;2;4;1;B01
201200028858;0;7;0;2;2;1;1;A01
201200028859;0;40;1;0;1;1;0;A01
201200028860;0;7;0;0;1;3;0;A01
201200028861;0;33;0;0;0;1;1;B01
201200028861;0;2;0;0;2;1;9;A01
201200028862;0;7;0;0;2;4;23;B01
201200028862;0;30;0;0;2;1;1;A01
201200028863;0;37;2;0;2;7;1;B01
201200028863;0;1;0;0;2;1;1;A01
201200028864;0;10;0;0;2;4;1;B01
201200028864;0;33;0;0;2;1;12;A01
201200028865;0;2;0;0;2;0;0;B01
201200028865;0;7;0;0;2;0;0;A01
201200028866;1;7;0;0;1;0;0;A01
201200028867;1;10;0;0;2;1;2;Z01
201200028867;0;7;0;0;2;4;1;B01
201200028868;1;7;0;0;2;0;0;A01
201200028869;0;31;0;0;0;0;0;A01
201200028870;0;7;0;0;0;1;1;C01
201200028870;0;7;0;0;2;8;1;B01
201200028870;0;7;0;0;2;1;13;A01
201200028871;0;2;0;0;2;8;0;A01
201200028871;0;32;0;0;2;2;0;B01
201200028872;0;33;0;9;0;1;1;A01
201200028873;0;1;0;0;2;6;1;B01
201200028873;1;7;0;0;2;2;16;Z01
201200028874;0;7;0;0;2;0;0;B01
201200028874;0;7;0;0;2;0;0;A01
201200028875;0;7;0;0;2;5;16;A01
201200028875;0;30;0;0;2;3;2;B01
201200028876;0;2;0;0;2;0;0;B01
201200028876;0;7;0;0;2;0;0;A01
201200028877;0;30;0;0;0;0;0;A01
201200028878;0;33;0;0;2;8;21;B01
201200028878;0;7;0;0;2;8;9;A01
201200028879;0;7;0;0;1;0;0;A01
201200028880;0;32;0;0;2;5;1;A01
201200028880;0;7;0;0;2;1;0;B01
201200028881;0;7;0;0;2;3;1;B01
201200028881;0;7;0;0;2;3;13;A01
201200028882;0;37;3;0;2;8;1;B01
201200028882;0;7;0;0;2;7;9;A01
201200028883;0;7;0;0;0;4;2;B01
201200028883;0;31;0;0;2;1;2;A01
201200028884;0;31;0;0;2;2;0;A01
201200028884;0;7;0;0;2;0;0;B01
201200028885;0;7;0;0;2;2;15;A01
201200028885;0;33;0;0;2;2;1;B01
201200028886;1;7;0;0;0;0;0;Z01
201200028887;0;7;0;0;1;1;1;A01
201200028888;0;2;0;0;1;1;0;A01
201200028889;0;30;0;0;2;0;0;B01
201200028889;1;7;0;0;2;0;0;A01
201200028890;0;7;0;0;2;0;0;D01
201200028890;0;7;0;0;2;0;0;C01
201200028890;0;30;0;0;2;0;0;A01
201200028890;0;7;0;0;2;0;0;B01
201200028891;0;7;0;0;2;3;9;A01