num_acc;senc;catv;occutc;obs;obsm;choc;manv;num_veh
201200028891;0;2;0;0;2;7;1;B01
201200028892;0;7;0;6;0;8;1;A01
201200028893;0;7;0;0;2;0;9;A01
201200028893;0;1;0;0;2;5;1;B01
201200028894;0;7;0;0;2;0;0;A01
201200028894;0;1;0;0;2;0;0;B01
201200028895;0;7;0;4;0;1;0;A01
201200028896;0;7;0;0;1;0;0;A01
201200028897;0;7;0;0;1;0;0;A01
201200028898;0;7;0;0;1;1;1;A01
201200028899;1;7;0;0;1;1;1;Z01
201200028900;0;7;0;0;2;8;3;A01
201200028900;0;1;0;1;0;1;1;B01
201200028901;0;7;0;0;1;1;1;A01
201200028902;0;1;0;0;2;1;15;A01
201200028902;0;2;0;0;2;1;1;B01
201200028903;0;32;0;0;1;1;1;A01
201200028904;0;7;0;0;2;0;0;B01
201200028904;0;7;0;0;2;0;0;A01
201200028905;0;7;0;0;2;1;1;B01
201200028905;0;7;0;0;2;1;13;A01
201200028906;0;7;0;0;2;6;2;B01
201200028906;0;10;0;0;2;2;21;A01
201200028906;0;7;0;0;2;8;1;C01
201200028907;0;7;0;0;2;4;2;B01
201200028907;0;30;0;0;2;1;2;A01
201200028908;0;2;0;0;2;0;0;B01
201200028908;0;7;0;0;2;0;0;A01
201200028909;0;2;0;0;0;0;0;A01
201200028910;0;7;0;0;1;0;0;A01
201200028911;0;7;0;0;2;3;15;A01
201200028911;0;33;0;0;0;0;1;B01
201200028912;0;40;1;0;2;0;1;B01
201200028912;0;1;0;0;4;0;16;A01
201200028913;0;33;0;16;0;1;1;A01
201200028914;0;2;0;0;0;8;1;A01
201200028915;1;99;0;0;0;0;0;A01
201200028916;0;7;0;0;0;2;0;A01
201200028917;0;20;0;0;4;1;0;B01
201200028917;0;40;1;0;9;1;1;A01
201200028918;1;7;0;0;1;7;0;A01
201200028919;0;30;0;0;1;1;1;A01
201200028920;0;31;0;0;2;2;1;B01
201200028920;1;99;0;0;2;0;18;A01
201200028921;0;1;0;12;0;0;0;A01
201200028922;0;7;0;0;2;1;5;A01
201200028922;0;7;0;0;2;8;15;B01
201200028923;0;7;0;0;1;1;1;A01
201200028924;0;7;0;0;1;4;4;A01
201200028925;0;7;0;14;0;1;1;A01
201200028926;0;31;0;0;1;3;1;A01
201200028926;0;7;0;0;2;5;23;B01
201200028927;0;1;0;0;0;0;1;A01
201200028928;0;1;0;0;2;1;1;B01
201200028928;0;7;0;0;2;3;15;A01
201200028929;0;7;0;0;2;3;1;B01
201200028929;0;7;0;0;2;3;5;A01
201200028930;0;7;0;0;2;3;11;A01
201200028930;0;30;0;0;2;7;17;B01
201200028931;0;7;0;0;2;3;9;A01
201200028931;0;1;0;0;2;2;14;B01
201200028932;0;32;0;0;2;3;18;A01
201200028932;0;7;0;0;2;7;1;C01
201200028932;0;7;0;0;2;2;16;B01
201200028933;0;7;0;0;2;1;1;A01
201200028933;0;33;0;0;2;2;1;B01
201200028934;0;7;0;3;2;1;5;A01
201200028934;0;33;0;0;0;1;23;B01
201200028935;0;1;0;0;2;0;0;A01
201200028935;1;7;0;0;2;0;0;B01
201200028936;1;7;0;0;2;1;0;A01
201200028936;0;7;0;0;0;4;0;B01
201200028937;0;7;0;14;0;3;0;A01
201200028938;0;10;0;0;2;3;9;A01
201200028938;0;1;0;0;2;2;1;B01
201200028939;0;7;0;0;2;4;23;B01
201200028939;0;7;0;0;2;1;1;A01
201200028940;0;40;1;0;1;4;1;A01
201200028941;1;7;0;0;1;1;15;Z01
201200028942;1;7;0;0;2;0;0;A01
201200028942;0;30;0;0;2;3;0;B01
201200028943;0;7;0;0;2;2;15;A01
201200028943;0;33;0;0;2;1;1;B01
201200028944;0;7;0;0;1;2;1;A01
201200028945;0;7;0;0;2;2;15;A01
201200028945;0;31;0;0;2;1;1;B01
201200028946;0;7;0;3;0;3;1;A01
201200028947;0;30;0;0;2;7;1;B01
201200028947;0;7;0;0;2;1;1;A01
201200028948;0;33;0;0;2;8;1;A01
201200028948;0;7;0;0;2;8;15;B01
201200028949;0;7;0;0;2;5;1;A01
201200028949;0;7;0;0;2;1;1;B01
201200028950;0;10;0;0;2;8;15;A01
201200028950;0;33;0;0;2;1;17;B01
201200028951;0;7;0;0;1;3;1;A01
201200028952;0;1;0;0;2;7;1;B01
201200028952;1;7;0;0;2;1;0;A01
201200028953;1;36;0;0;2;1;1;A01
201200028953;0;1;0;0;2;3;0;B01
201200028954;1;7;0;0;0;0;0;B01
201200028954;0;7;0;0;0;0;0;A01
201200028955;1;30;0;0;2;0;15;Z01
201200028955;0;1;0;0;2;0;1;B01
201200028956;0;32;0;0;2;8;1;A01
201200028956;0;7;0;0;2;7;16;B01
201200028957;0;1;0;0;2;1;1;A01
201200028957;0;7;0;0;2;2;1;B01
201200028958;0;34;0;0;0;0;0;A01
201200028959;0;30;0;0;1;1;18;A01
201200028960;0;7;0;0;2;1;1;A01
201200028960;0;7;0;0;2;2;1;B01
201200028961;0;7;0;8;0;5;0;A01
201200028962;0;7;0;0;1;1;15;A01
201200028963;0;7;0;0;1;3;1;A01
201200028964;0;10;0;7;0;1;1;A01
201200028965;1;7;0;0;1;0;0;A01
201200028966;0;33;0;0;2;3;1;B01
201200028966;0;7;0;0;2;1;19;A01
201200028967;0;7;0;2;0;0;17;A01
201200028968;0;33;0;0;2;3;3;B01
201200028968;0;7;0;0;2;7;12;A01
201200028969;0;7;0;0;1;2;1;A01
201200028970;0;3;0;0;2;3;9;A01
201200028970;0;1;0;0;2;5;1;B01
201200028971;1;32;0;0;1;1;1;A01
201200028972;0;33;0;0;1;1;1;A01
201200028973;0;7;0;0;1;1;1;A01
201200028974;1;30;0;0;2;1;1;Z01
201200028974;0;7;0;0;2;2;16;A01
201200028975;0;7;0;0;2;9;0;A01
201200028975;0;7;0;0;2;9;0;B01
201200028975;0;7;0;0;2;9;0;D01
201200028975;0;7;0;0;2;9;0;C01
201200028976;1;7;0;0;2;3;5;B01
201200028976;0;7;0;0;2;3;1;A01
201200028977;0;7;0;0;4;8;1;A01
201200028977;0;40;0;0;2;1;1;B01
201200028978;0;7;0;0;2;8;24;A01
201200028978;0;1;0;1;0;1;1;B01
201200028979;1;7;0;0;2;0;16;Z01
201200028979;0;1;0;0;2;1;1;B01
201200028980;0;31;0;0;2;4;1;B01
201200028980;0;7;0;0;2;1;1;A01
201200028981;0;7;0;8;0;0;0;A01
201200028982;0;7;0;0;2;3;2;A01
201200028982;0;7;0;3;2;4;1;B01
201200028983;0;30;0;0;2;8;0;A01
201200028983;0;7;0;0;2;1;0;B01
201200028984;1;7;0;0;1;2;1;Z01
201200028985;0;2;0;0;1;1;1;A01
201200028986;1;7;0;0;2;0;0;A01
201200028986;0;33;0;0;2;8;0;B01
201200028987;0;2;0;0;2;1;1;A01
201200028987;0;7;0;0;2;2;15;B01
201200028988;0;1;0;1;0;1;1;B01
201200028989;0;7;0;1;2;1;13;A01
201200028989;0;37;0;0;2;0;1;B01
201200028990;0;7;0;0;1;4;4;A01
201200028991;0;7;0;0;0;0;0;A01
201200028992;0;7;0;0;0;0;0;A01
201200028993;0;7;0;0;1;1;1;A01
201200028994;0;7;0;1;0;1;14;A01
201200028994;0;10;0;0;2;4;24;B01
201200028995;0;7;0;0;1;2;1;A01
201200028996;0;2;0;0;2;1;13;A01
201200028997;1;7;0;0;1;0;0;A01
201200028998;0;2;0;0;1;0;1;A01
201200028999;0;7;0;0;2;1;9;A01
201200028999;0;33;0;0;2;7;15;B01
201200029000;0;1;0;0;2;7;12;A01
201200029000;0;7;0;0;9;3;1;B01
201200029001;0;7;0;0;1;2;1;A01
201200029002;0;7;0;0;0;0;0;A01
201200029003;0;7;0;0;2;2;16;B01
201200029003;0;2;0;0;2;1;1;A01
201200029004;0;7;0;10;0;1;14;A01
201200029005;0;37;0;0;1;7;14;A01
201200029006;0;7;0;0;1;3;0;A01
201200029007;0;7;0;0;2;0;0;A01
201200029007;0;1;0;0;2;0;0;B01
201200029008;1;7;0;0;1;0;0;A01
201200029009;0;7;0;0;1;1;1;A01
201200029010;1;7;0;0;1;3;1;A01
201200029011;0;7;0;0;1;3;0;A01
201200029012;1;7;0;0;2;1;0;Z01
201200029012;0;1;0;0;2;4;1;B01
201200029013;0;10;0;0;2;6;1;B01
201200029013;0;7;0;15;2;1;6;A01
201200029014;0;33;0;0;2;1;1;B01
201200029014;0;7;0;0;2;1;15;A01
201200029015;0;7;0;0;2;2;1;B01
201200029015;0;2;0;0;0;0;17;A01
201200029016;0;7;0;8;0;0;0;A01
201200029017;0;7;0;0;2;0;0;A01
201200029017;0;7;0;0;2;0;0;B01
201200029018;0;7;0;0;2;7;1;B01
201200029018;0;33;0;0;2;8;11;A01
201200029019;0;7;0;0;2;2;16;A01
201200029019;0;1;0;0;2;1;1;B01
201200029020;1;7;0;0;2;0;1;B01
201200029020;0;2;0;0;2;1;1;A01
201200029021;0;1;0;0;2;1;1;A01
201200029021;1;99;0;0;2;3;0;Z01
201200029022;0;10;0;0;2;1;1;A01
201200029022;0;33;0;0;2;4;1;B01
201200029023;0;7;0;0;2;1;1;A01
201200029023;0;1;0;0;2;4;1;B01
201200029024;0;7;0;0;2;1;1;A01
201200029024;0;1;0;0;0;8;0;B01
201200029025;0;2;0;12;0;1;0;A01
201200029026;0;30;0;0;2;5;17;B01
201200029026;0;7;0;0;2;8;15;A01
201200029027;1;30;0;0;1;1;1;A01
201200029028;0;30;0;0;2;3;18;B01
201200029028;0;7;0;0;2;2;16;A01
201200029029;0;7;0;0;2;1;13;A01
201200029029;0;7;0;0;2;1;1;B01
201200029030;0;7;0;3;0;3;1;A01
201200029031;0;33;0;0;2;1;2;A01
201200029031;0;7;0;0;2;4;2;B01
201200029032;0;10;0;0;2;4;2;B01
201200029032;0;7;0;0;2;4;2;C01
201200029032;0;10;0;0;2;4;2;D01
201200029032;0;10;0;0;2;1;2;A01
201200029033;0;7;0;0;1;3;1;A01
201200029034;0;7;0;0;1;1;1;A01
201200029035;0;7;0;0;2;4;2;C01
201200029035;0;7;0;0;2;1;1;A01
201200029035;0;7;0;0;2;4;2;B01
201200029036;0;10;0;0;1;1;0;A01
201200029037;0;7;0;0;0;4;0;B01
201200029037;1;7;0;0;2;1;0;Z01
201200029038;0;1;0;0;2;1;1;B01
201200029038;0;7;0;0;9;2;1;A01
201200029038;0;7;0;0;0;8;0;C01
201200029039;1;7;0;0;2;6;11;B01
201200029039;0;7;0;0;2;2;1;A01
201200029040;0;7;0;0;2;1;1;A01
201200029040;0;2;0;0;2;4;1;B01
201200029041;1;7;0;0;1;1;1;A01
201200029042;0;7;0;0;1;1;16;A01
201200029043;0;1;0;0;2;1;15;B01
201200029043;0;7;0;0;2;8;1;A01
201200029044;1;7;0;0;1;0;1;Z01
201200029045;0;7;0;0;1;3;1;A01
201200029046;0;7;0;0;1;1;1;A01
201200029047;0;1;0;0;0;0;1;B01
201200029047;0;7;0;0;0;0;15;A01
201200029048;0;7;0;0;2;1;1;A01
201200029048;0;7;0;0;2;4;1;C01
201200029048;0;3;0;0;2;4;1;B01
201200029049;0;7;0;0;2;2;9;A01
201200029049;0;1;0;0;2;4;9;B01
201200029050;1;7;0;0;0;0;0;Z01
201200029051;0;7;0;0;1;3;1;A01
201200029052;0;7;0;0;9;0;1;C01
201200029052;0;7;0;0;2;1;1;A01
201200029052;0;7;0;0;2;1;1;B01
201200029053;0;7;0;0;2;1;2;A01
201200029053;0;7;0;0;2;4;2;B01
201200029054;0;7;0;0;2;1;0;B01
201200029054;0;7;0;0;2;4;0;A01
201200029055;0;7;0;8;4;8;11;A01
201200029055;0;40;0;0;2;1;1;B01
201200029056;0;7;0;0;4;3;14;A01
201200029056;0;40;0;0;2;2;1;B01
201200029057;0;2;0;0;1;1;1;A01
201200029058;0;7;0;0;1;1;13;A01
201200029059;0;10;0;0;2;1;2;A01
201200029059;0;7;0;0;2;4;2;B01
201200029059;0;10;0;0;2;4;2;C01
201200029059;0;7;0;0;2;4;2;D01
201200029060;0;7;0;0;1;3;1;A01
201200029061;0;37;1;0;1;5;0;A01
201200029062;0;7;0;3;1;1;1;A01
201200029063;0;14;0;0;2;2;1;A01
201200029063;0;7;0;0;2;6;1;B01
201200029064;0;7;0;0;1;8;1;A01
201200029065;0;40;0;0;1;1;2;A01
201200029066;0;33;0;0;0;7;1;A01
201200029066;0;14;0;0;2;0;1;B01
201200029067;0;7;0;0;2;2;1;B01
201200029067;0;7;0;0;2;5;15;A01
201200029068;0;7;0;0;1;0;1;A01
201200029069;0;10;0;0;0;4;24;B01
201200029069;0;7;0;0;2;1;1;A01
201200029070;0;7;0;0;2;8;0;A01
201200029070;2;7;0;0;0;0;0;B01
201200029071;0;7;0;0;2;4;2;B01
201200029071;0;15;0;0;2;2;2;A01
201200029072;0;7;0;0;2;4;1;B01
201200029072;0;7;0;0;2;1;1;A01
201200029073;0;7;0;0;2;1;2;A01
201200029073;0;7;0;0;2;4;2;B01
201200029074;0;7;0;0;1;0;1;A01
201200029075;0;7;0;0;1;2;0;A01
201200029076;0;7;0;0;1;1;1;A01
201200029077;0;7;0;0;1;2;1;A01
201200029078;0;7;0;0;2;4;0;B01
201200029078;0;2;0;0;2;1;0;A01
201200029079;0;7;0;3;0;1;21;A01
201200029080;0;7;0;3;2;1;0;B01
201200029080;0;7;0;2;2;9;0;A01
201200029081;0;7;0;0;1;1;1;A01
201200029082;0;1;0;0;2;0;0;A01
201200029082;1;7;0;0;9;2;0;B01
201200029083;0;7;0;0;2;1;9;A01
201200029083;0;31;0;0;2;7;1;B01
201200029084;0;7;0;0;2;3;15;A01
201200029084;0;30;0;0;2;8;1;B01
201200029085;0;7;0;0;2;1;1;A01
201200029085;0;2;0;0;2;1;2;B01
201200029086;0;7;0;0;2;8;0;B01
201200029086;0;7;0;0;2;1;0;A01
201200029087;0;10;0;0;2;1;1;A01
201200029087;0;7;0;0;2;1;2;B01
201200029087;0;10;0;0;2;5;2;C01
201200029088;0;7;0;0;2;8;1;B01
201200029088;0;7;0;0;2;1;1;A01
201200029089;0;2;0;0;2;1;1;A01
201200029089;0;7;0;0;2;4;1;B01
201200029090;0;7;0;0;2;1;1;A01
201200029090;0;7;0;0;2;3;1;B01
201200029091;0;7;0;0;2;4;1;A01
201200029091;0;7;0;0;2;1;1;B01
201200029092;0;7;0;8;2;1;1;B01
201200029092;0;7;0;8;2;8;15;A01
201200029093;0;10;0;0;2;3;15;A01
201200029093;0;31;0;0;2;2;17;B01
201200029094;0;7;0;0;1;1;15;A01
201200029095;0;7;0;0;2;1;1;A01
201200029095;0;7;0;0;2;8;1;B01
201200029096;0;7;0;0;1;1;1;A01
201200029097;0;1;0;0;2;0;5;B01
201200029097;0;7;0;0;9;1;1;A01
201200029098;0;7;0;8;0;9;0;A01
201200029099;0;2;0;0;2;0;1;A01
201200029099;0;7;0;0;2;1;1;B01
201200029100;0;2;0;0;2;1;1;B01
201200029100;0;7;0;0;2;3;9;A01
201200029101;0;7;0;2;0;1;14;A01
201200029102;0;7;0;0;2;5;9;A01
201200029102;0;33;0;0;2;1;1;B01
201200029103;0;31;0;0;2;1;1;B01
201200029103;0;7;0;0;2;2;15;A01
201200029104;0;7;0;0;2;3;15;A01
201200029104;0;7;0;0;2;1;1;B01
201200029105;0;7;0;0;2;2;16;B01
201200029105;0;30;0;0;2;8;1;A01
201200029106;0;7;0;0;9;0;11;A01
201200029106;0;1;0;0;2;0;0;B01
201200029107;0;7;0;0;2;3;1;A01
201200029107;0;7;0;0;2;1;1;B01
201200029108;0;7;0;0;2;8;1;A01
201200029108;0;7;0;0;2;1;1;B01
201200029109;0;1;0;1;0;1;0;B01
201200029109;0;7;0;0;9;2;24;A01
201200029110;0;7;0;0;2;2;2;B01
201200029110;0;7;0;0;2;1;9;A01
201200029111;0;33;0;0;2;0;17;B01
201200029111;0;7;0;0;2;3;15;A01
201200029112;0;7;0;0;2;1;1;A01
201200029112;0;7;0;0;2;3;15;B01
201200029113;0;30;0;0;2;0;1;A01
201200029113;1;10;0;0;2;0;17;Z01
201200029114;0;7;0;0;2;1;1;B01
201200029114;0;33;0;0;2;7;1;A01
201200029115;0;7;0;0;2;7;1;B01
201200029115;0;2;0;0;2;1;15;A01
201200029116;0;7;0;0;2;9;1;B01
201200029116;0;7;0;0;2;4;2;C01
201200029116;0;10;0;0;2;1;1;A01
201200029117;1;33;0;0;2;1;1;Z01
201200029117;0;7;0;0;2;7;1;A01
201200029118;0;2;0;0;2;1;1;A01
201200029118;0;7;0;0;2;7;1;B01
201200029119;0;3;0;0;1;1;1;A01
201200029120;0;2;0;0;2;1;1;B01
201200029120;0;7;0;0;2;4;1;A01
201200029121;0;7;0;0;2;2;15;A01
201200029121;0;1;0;0;2;1;1;B01
201200029122;1;7;0;0;1;1;1;Z01
201200029123;0;7;0;0;2;3;1;A01
201200029123;0;7;0;0;2;1;1;B01
201200029124;0;2;0;0;2;4;1;A01
201200029124;1;7;0;0;2;1;1;Z01
201200029125;0;30;0;0;2;1;2;B01
201200029125;0;7;0;0;2;1;15;A01
201200029126;0;7;0;0;1;2;17;A01
201200029127;0;7;0;0;1;0;0;A01
201200029128;0;7;0;0;2;1;15;A01
201200029128;0;7;0;0;2;1;1;B01
201200029129;0;7;0;1;2;1;1;B01
201200029129;0;7;0;0;2;8;1;A01
201200029130;0;7;0;0;1;4;20;A01
201200029131;0;1;0;0;2;1;1;A01
201200029131;0;7;0;0;2;1;9;B01
201200029132;0;7;0;0;2;1;1;A01
201200029132;0;31;0;0;2;4;23;B01
201200029133;0;7;0;0;2;1;9;A01
201200029133;0;1;0;0;2;1;1;B01
201200029134;0;1;0;0;2;7;19;C01
201200029134;0;7;0;0;2;1;1;A01
201200029134;0;7;0;0;2;4;23;B01
201200029135;0;7;0;0;2;3;15;A01
201200029135;0;2;0;0;2;8;1;B01
201200029136;0;7;0;0;2;1;17;A01
201200029136;0;7;0;0;2;1;1;B01
201200029137;0;7;0;8;0;7;14;A01
201200029138;0;7;0;0;2;3;9;A01
201200029138;0;7;0;0;2;3;1;B01
201200029139;0;7;0;0;1;1;1;A01
201200029140;0;7;0;0;2;1;9;A01
201200029140;0;1;0;0;2;7;1;B01
201200029141;0;31;0;0;2;2;1;B01
201200029141;0;7;0;0;2;1;1;A01
201200029142;0;7;0;0;2;1;1;A01
201200029142;0;1;0;0;2;1;15;B01
201200029143;0;7;0;0;1;2;15;A01
201200029144;0;7;0;0;2;8;19;A01
201200029144;0;2;0;0;2;1;1;B01
201200029145;0;7;0;0;2;3;13;A01
201200029145;0;7;0;0;2;1;1;B01
201200029146;0;7;0;0;2;1;1;A01
201200029146;0;1;0;0;2;4;1;B01
201200029147;0;7;0;0;2;2;1;B01
201200029147;0;2;0;0;2;7;1;A01
201200029148;0;7;0;0;2;1;1;A01
201200029148;0;7;0;0;2;4;1;B01
201200029149;0;7;0;0;2;1;1;A01
201200029149;0;1;0;0;2;3;19;B01
201200029150;0;10;0;0;2;3;13;A01
201200029150;0;7;0;0;2;3;1;B01
201200029150;0;7;0;0;2;2;1;C01
201200029151;0;7;0;0;2;4;1;A01
201200029151;0;7;0;0;2;1;1;C01
201200029151;0;7;0;0;2;4;1;B01
201200029152;1;10;0;0;1;7;1;Z01
201200029153;0;33;0;0;2;1;1;B01
201200029153;0;7;0;0;2;3;15;A01
201200029154;0;7;0;0;2;8;15;A01
201200029154;0;7;0;14;2;7;1;B01
201200029155;0;7;0;0;2;2;1;A01
201200029155;0;1;0;0;2;1;1;B01
201200029156;0;7;0;0;2;1;1;B01
201200029156;0;7;0;0;2;2;15;A01
201200029157;0;33;0;0;2;1;1;A01
201200029157;0;7;0;0;2;3;1;B01
201200029158;0;1;0;0;2;2;1;B01
201200029158;0;10;0;0;2;1;9;A01
201200029159;0;31;0;0;2;1;1;B01
201200029159;0;10;0;0;2;6;9;A01
201200029160;0;7;0;0;2;7;15;A01
201200029160;0;7;0;0;2;2;1;B01
201200029161;0;7;0;0;2;1;13;A01
201200029161;0;7;0;0;2;1;1;B01
201200029162;0;7;0;0;2;4;1;B01
201200029162;0;7;0;0;2;1;1;A01
201200029162;0;7;0;0;2;4;1;C01
201200029163;0;7;0;0;2;8;19;A01
201200029163;0;33;0;0;2;1;1;B01
201200029164;0;7;0;0;2;1;15;A01
201200029164;0;7;0;0;2;3;1;C01
201200029164;0;7;0;0;2;3;1;D01
201200029164;0;37;1;0;2;8;1;B01
201200029164;0;7;0;0;2;1;1;E01
201200029165;0;7;0;0;2;1;1;A01
201200029165;0;7;0;0;1;1;1;B01
201200029166;0;7;0;0;2;2;15;A01
201200029166;0;1;0;0;2;1;1;B01
201200029167;0;7;0;13;0;1;1;A01
201200029168;0;7;0;0;2;5;15;A01
201200029168;0;30;0;0;2;1;1;B01
201200029169;0;14;0;0;2;1;1;B01
201200029169;0;7;0;0;2;8;15;A01
201200029170;0;7;0;0;0;4;2;B01
201200029170;0;7;0;0;2;1;2;A01
201200029171;0;33;0;0;0;2;1;A01
201200029172;0;7;0;0;0;5;10;A01
201200029172;0;33;0;0;2;1;1;B01
201200029173;0;7;0;5;0;2;1;A01
201200029174;0;7;0;8;2;1;1;A01
201200029174;0;7;0;0;0;2;16;B01
201200029175;0;7;0;0;2;3;15;A01
201200029175;0;32;0;0;2;1;17;B01
201200029176;0;7;0;0;1;1;1;A01
201200029177;1;7;0;0;1;1;1;Z01
201200029178;0;7;0;0;2;2;1;A01
201200029178;0;1;0;0;2;3;1;B01
201200029179;0;1;0;0;2;7;1;B01
201200029179;0;7;0;0;2;1;1;A01
201200029180;0;7;0;0;2;1;2;A01
201200029180;0;7;0;0;0;4;1;B01
201200029181;0;7;0;6;0;1;14;A01
201200029182;0;7;0;0;1;1;1;A01
201200029183;0;7;0;6;0;1;1;A01
201200029184;0;7;0;0;2;1;2;B01
201200029184;0;7;0;0;5;4;1;A01
201200029185;0;2;0;0;2;1;17;A01
201200029185;0;7;0;0;2;3;15;B01
201200029186;0;30;0;0;2;1;2;A01
201200029186;0;7;0;0;0;6;1;B01
201200029187;0;7;0;0;0;4;2;C01
201200029187;0;7;0;0;0;4;2;B01
201200029187;0;7;0;0;2;1;2;A01
201200029188;0;2;0;0;2;1;2;A01
201200029188;0;7;0;0;0;4;1;B01
201200029189;0;7;0;0;2;1;1;B01
201200029189;0;7;0;0;2;1;13;A01
201200029190;0;7;0;13;0;1;1;A01
201200029191;0;7;0;0;2;3;15;A01
201200029191;0;2;0;0;2;1;17;B01
201200029192;0;7;0;0;2;3;9;A01
201200029192;0;14;0;0;2;2;1;B01
201200029193;0;7;0;0;2;3;15;B01
201200029193;0;2;0;0;2;1;17;A01
201200029194;0;7;0;0;0;4;23;B01
201200029194;0;7;0;0;2;1;1;A01
201200029195;0;2;0;1;0;1;13;A01
201200029196;0;7;0;9;0;7;1;A01
201200029197;0;1;0;0;0;8;1;B01
201200029197;0;7;0;0;2;7;1;A01
201200029198;0;7;0;0;2;3;1;B01
201200029198;0;7;0;0;2;2;1;A01
201200029199;0;2;0;0;2;7;1;B01
201200029199;0;7;0;0;2;2;15;A01
201200029200;0;7;0;0;2;8;9;A01
201200029200;0;7;0;0;2;1;1;B01
201200029201;1;30;0;0;0;0;2;B01
201200029201;0;30;0;12;2;1;1;A01
201200029202;0;7;0;0;2;3;13;A01
201200029202;0;2;0;0;2;1;17;B01
201200029203;0;7;0;1;0;2;14;A01
201200029204;0;7;0;0;2;2;1;B01
201200029204;0;7;0;3;2;8;19;A01
201200029205;0;10;0;4;0;1;13;A01
201200029206;0;3;0;6;0;1;14;A01
201200029207;0;30;0;0;2;7;15;A01
201200029207;0;7;0;0;2;2;1;B01
201200029208;0;17;0;1;0;1;1;A01
201200029209;0;10;0;12;2;2;1;B01
201200029209;0;17;0;0;2;7;21;C01
201200029209;0;7;0;0;2;3;15;A01
201200029210;0;17;0;0;1;2;1;A01
201200029211;0;2;0;0;2;1;18;B01
201200029211;0;7;0;0;2;2;16;A01
201200029212;0;33;0;0;2;7;17;A01
201200029212;0;7;0;0;2;3;15;B01
201200029213;0;30;0;0;2;8;15;B01
201200029213;0;7;0;0;2;5;15;A01
201200029214;0;7;0;0;0;4;23;B01
201200029214;0;2;0;0;2;1;2;A01
201200029215;0;7;0;0;2;3;9;A01
201200029215;0;2;0;0;2;1;1;B01
201200029216;0;30;0;0;2;1;17;A01
201200029216;0;10;0;0;0;3;15;B01
201200029217;0;7;0;1;0;1;13;A01
201200029218;0;7;0;0;1;2;1;A01
201200029219;0;7;0;0;1;7;1;A01
201200029220;0;7;0;0;2;1;1;B01
201200029220;0;7;0;0;2;3;10;A01
201200029221;0;7;0;13;0;3;1;A01
201200029222;0;1;0;0;2;1;9;A01
201200029222;0;7;0;0;2;2;1;B01
201200029223;0;7;0;0;1;1;16;A01
201200029224;0;36;0;0;2;3;13;A01
201200029224;0;7;0;0;2;8;15;B01
201200029225;0;7;0;15;0;2;1;A01
201200029226;0;7;0;0;2;3;9;A01
201200029226;0;2;0;0;2;1;1;B01
201200029227;0;7;0;0;1;3;15;A01
201200029228;0;7;0;16;0;3;1;A01
201200029229;0;7;0;3;0;1;1;A01
201200029230;0;7;0;0;0;6;9;A01
201200029230;0;7;0;0;2;3;1;B01
201200029231;0;7;0;0;1;1;1;A01
201200029232;0;7;0;0;0;3;10;B01
201200029232;0;31;0;0;2;1;17;A01
201200029233;0;7;0;0;2;1;1;B01
201200029233;0;7;0;0;0;3;15;A01
201200029234;0;7;0;0;2;1;2;A01
201200029234;0;7;0;0;0;4;23;B01
201200029235;0;7;0;0;2;2;14;A01
201200029235;0;1;0;0;0;4;1;B01
201200029236;0;31;0;0;2;3;1;B01
201200029236;0;7;0;0;2;3;15;A01
201200029237;0;7;0;0;1;3;1;A01
201200029238;0;7;0;0;2;2;15;A01
201200029238;0;34;0;0;2;1;17;B01
201200029239;0;33;0;0;2;8;18;A01
201200029239;0;7;0;0;2;2;16;B01
201200029240;0;1;0;0;0;8;1;B01
201200029240;1;7;0;0;2;2;1;Z01
201200029241;0;7;0;0;2;1;1;B01
201200029241;0;7;0;0;2;2;15;A01
201200029242;0;1;0;0;2;8;1;B01
201200029242;0;7;0;0;2;1;15;A01
201200029243;0;7;0;0;1;1;17;A01
201200029244;0;7;0;0;0;4;23;B01
201200029244;0;7;0;0;0;1;2;A01
201200029245;0;7;0;0;1;1;1;A01
201200029246;0;7;0;0;2;6;1;A01
201200029246;0;7;0;0;2;1;1;B01
201200029247;0;10;0;0;2;1;15;A01
201200029247;0;7;0;6;2;8;1;B01
201200029248;0;7;0;0;2;8;1;B01
201200029248;0;7;0;0;2;1;15;A01
201200029249;0;10;0;0;2;8;15;B01
201200029249;0;10;0;0;2;1;1;A01
201200029250;0;7;0;0;1;1;15;A01
201200029251;0;30;0;0;2;3;1;B01
201200029251;0;7;0;0;2;1;1;A01
201200029252;0;7;0;0;2;2;15;A01
201200029252;0;7;0;0;2;3;23;C01
201200029252;0;7;0;0;2;3;1;B01
201200029253;0;7;0;0;2;3;16;B01
201200029253;0;30;0;0;2;1;1;A01
201200029254;0;1;0;0;2;3;15;B01
201200029254;0;7;0;0;2;1;17;A01
201200029255;0;7;0;0;1;1;1;A01
201200029256;0;40;15;0;1;1;1;A01
201200029257;0;7;0;0;1;1;1;A01
201200029258;0;7;0;0;2;1;13;A01
201200029258;0;33;0;0;2;1;1;B01
201200029259;0;7;0;0;2;2;1;A01
201200029259;0;7;0;0;2;3;1;B01
201200029260;0;7;0;6;0;8;14;A01
201200029261;0;33;0;0;2;1;1;B01
201200029261;0;7;0;0;2;2;1;A01
201200029262;0;7;0;0;1;1;15;A01
201200029263;1;7;0;0;2;6;13;Z02
201200029263;0;33;0;0;2;2;1;A01
201200029264;0;7;0;0;1;1;1;A01
201200029265;0;7;0;0;2;3;15;B01
201200029265;0;33;0;0;2;7;17;A01