num_acc;senc;catv;occutc;obs;obsm;choc;manv;num_veh
201200029266;0;7;0;0;2;3;1;B01
201200029266;0;7;0;0;2;1;15;A01
201200029267;0;33;0;0;2;1;1;B01
201200029267;0;7;0;0;2;2;15;A01
201200029268;0;7;0;0;1;1;1;A01
201200029269;0;7;0;0;2;3;0;B01
201200029269;0;2;0;0;2;1;1;A01
201200029270;1;7;0;0;0;1;0;Z01
201200029270;0;33;0;0;2;3;1;B01
201200029271;0;33;0;0;2;1;1;B01
201200029271;0;7;0;0;2;3;15;A01
201200029272;0;30;0;0;2;1;1;B01
201200029272;0;7;0;0;2;3;9;A01
201200029273;0;10;0;0;1;1;1;A01
201200029274;0;7;0;0;1;1;1;A01
201200029275;0;2;0;0;1;1;1;A01
201200029276;0;33;0;0;2;1;17;B01
201200029276;0;7;0;0;2;8;15;A01
201200029277;0;10;0;16;0;1;1;A01
201200029278;0;7;0;0;2;3;1;B01
201200029278;0;10;0;0;2;3;1;C01
201200029278;0;10;0;0;2;1;1;A01
201200029279;0;2;0;0;2;1;2;A01
201200029279;0;7;0;0;0;4;1;B01
201200029280;0;1;0;0;2;1;1;B01
201200029280;0;7;0;0;2;3;15;A01
201200029281;0;33;0;0;2;1;2;A01
201200029281;0;7;0;0;0;4;1;B01
201200029282;0;7;0;0;2;3;15;B01
201200029282;0;30;0;0;2;1;6;A01
201200029282;0;7;0;0;2;1;1;C01
201200029283;0;7;0;0;2;3;9;A01
201200029283;0;33;0;0;2;2;1;B01
201200029284;0;40;14;0;1;2;1;A01
201200029285;0;7;0;0;2;3;15;A01
201200029285;0;31;0;0;2;8;1;B01
201200029286;0;7;0;0;0;4;1;B01
201200029286;0;31;0;0;2;1;2;A01
201200029287;0;10;0;0;1;1;16;A01
201200029288;0;2;0;0;2;1;1;B01
201200029288;0;7;0;0;0;5;16;A01
201200029289;0;10;0;0;2;1;1;A01
201200029289;0;7;0;0;2;8;1;B01
201200029290;0;7;0;0;1;7;1;A01
201200029291;0;33;0;1;2;1;1;B01
201200029291;0;7;0;0;2;3;20;A01
201200029292;0;7;0;0;0;4;23;C01
201200029292;0;7;0;0;2;4;23;B01
201200029292;0;10;0;0;2;1;1;A01
201200029293;0;1;0;0;2;1;19;A01
201200029293;0;7;0;0;0;4;1;B01
201200029294;0;33;0;0;2;3;1;B01
201200029294;0;7;0;0;2;8;1;A01
201200029295;0;30;0;1;0;1;1;A01
201200029296;0;2;0;0;2;3;16;B01
201200029296;0;7;0;0;2;2;15;A01
201200029297;0;7;0;0;4;8;10;A01
201200029297;0;40;15;0;2;1;1;B01
201200029298;0;7;0;0;1;1;1;A01
201200029299;0;7;0;0;0;4;23;B01
201200029299;0;15;0;0;2;1;1;A01
201200029300;0;2;0;0;2;1;2;A01
201200029300;0;7;0;0;0;4;23;B01
201200029301;0;7;0;0;2;1;1;B01
201200029301;0;1;0;0;2;8;19;A01
201200029302;0;7;0;0;2;1;1;A01
201200029302;0;7;0;0;0;4;23;B01
201200029303;0;7;0;11;2;7;17;A01
201200029303;0;7;0;0;2;3;1;B01
201200029304;0;7;0;0;1;1;1;A01
201200029305;0;7;0;0;2;2;15;A01
201200029305;0;2;0;0;2;1;16;B01
201200029306;0;7;0;0;1;1;15;A01
201200029307;0;7;0;0;1;2;1;A01
201200029308;0;7;0;0;2;3;9;A01
201200029308;0;33;0;0;2;1;1;B01
201200029309;0;7;0;0;2;3;1;A01
201200029309;0;40;15;0;2;2;1;B01
201200029310;0;7;0;0;1;1;1;A01
201200029311;0;10;0;0;1;1;1;A01
201200029312;0;7;0;0;2;1;1;A01
201200029312;0;7;0;0;2;3;1;C01
201200029312;0;7;0;0;2;4;1;B01
201200029313;0;10;0;0;2;3;23;C01
201200029313;0;7;0;0;2;3;23;D01
201200029313;0;7;0;0;2;6;11;A01
201200029313;0;7;0;0;2;1;1;B01
201200029314;0;7;0;0;2;1;1;B01
201200029314;0;1;0;0;2;2;19;A01
201200029315;0;30;0;12;0;1;14;A01
201200029316;0;7;0;0;2;3;15;B01
201200029316;0;2;0;0;2;1;17;A01
201200029317;0;10;0;2;0;1;1;A01
201200029318;0;1;0;0;2;8;19;A01
201200029318;0;7;0;0;2;1;1;B01
201200029319;0;7;0;0;2;3;15;B01
201200029319;0;1;0;0;2;2;1;A01
201200029320;0;7;0;0;1;1;1;A01
201200029321;0;10;0;0;2;1;1;A01
201200029321;0;7;0;0;2;3;15;B01
201200029322;0;10;0;0;2;7;1;B01
201200029322;0;2;0;0;2;6;13;A01
201200029323;0;7;0;3;0;1;1;A01
201200029324;0;2;0;8;0;1;13;A01
201200029325;0;7;0;0;2;1;13;A01
201200029325;0;7;0;0;2;1;1;B01
201200029326;0;7;0;0;0;6;23;B01
201200029326;0;2;0;0;2;1;1;A01
201200029327;0;7;0;0;1;1;1;A01
201200029328;0;7;0;0;1;1;1;A01
201200029329;0;33;0;0;2;1;1;B01
201200029329;0;7;0;0;2;3;15;A01
201200029330;0;7;0;0;2;1;5;A01
201200029330;0;7;0;0;2;1;1;B01
201200029331;0;7;0;0;2;1;1;B01
201200029331;0;7;0;0;2;1;15;A01
201200029332;0;14;0;0;2;8;15;B01
201200029332;0;33;0;0;2;1;17;A01
201200029333;0;7;0;0;1;1;1;A01
201200029334;0;7;0;0;0;4;1;B01
201200029334;0;7;0;0;2;1;2;A01
201200029335;0;7;0;0;1;1;1;A01
201200029336;0;7;0;0;1;1;1;A01
201200029337;0;7;0;0;2;1;13;A01
201200029337;0;7;0;0;2;1;1;B01
201200029338;0;7;0;0;2;1;1;B01
201200029338;1;7;0;0;2;1;13;Z01
201200029339;0;7;0;0;2;2;14;A01
201200029339;0;1;0;0;2;6;1;B01
201200029340;0;7;0;2;0;1;13;A01
201200029341;0;2;0;0;2;3;13;B01
201200029341;0;14;0;0;2;3;1;A01
201200029342;0;7;0;0;1;1;1;A01
201200029343;0;10;0;0;2;3;15;A01
201200029343;0;2;0;0;2;1;17;B01
201200029344;0;1;0;0;2;8;15;B01
201200029344;0;7;0;0;2;7;17;A01
201200029345;0;33;0;0;2;7;1;B01
201200029345;1;7;0;0;2;3;20;Z01
201200029346;0;7;0;0;1;1;1;A01
201200029347;0;37;0;0;2;3;23;B01
201200029347;0;7;0;0;2;1;14;A01
201200029348;0;7;0;0;1;1;1;A01
201200029349;0;7;0;0;2;4;1;E01
201200029349;0;10;0;0;2;4;2;C01
201200029349;0;7;0;0;2;1;1;A01
201200029349;0;10;0;0;2;4;1;D01
201200029349;0;7;0;0;2;4;2;B01
201200029350;0;7;0;0;2;1;21;A01
201200029350;0;7;0;0;2;3;1;B01
201200029351;0;7;0;0;2;3;15;A01
201200029351;0;33;0;0;2;2;17;B01
201200029352;0;7;0;0;1;1;1;A01
201200029353;0;7;0;0;2;1;1;A01
201200029354;0;37;15;0;1;5;1;A01
201200029355;0;7;0;9;0;3;1;A01
201200029356;0;2;0;0;2;1;1;B01
201200029356;0;7;0;0;2;3;9;A01
201200029357;0;10;0;0;2;3;1;A01
201200029357;0;1;0;0;2;1;1;B01
201200029358;0;7;0;0;2;2;1;A01
201200029358;0;1;0;0;2;3;9;B01
201200029359;0;7;0;0;2;0;15;A01
201200029359;0;33;0;0;2;1;17;B01
201200029360;0;7;0;13;0;2;14;A01
201200029361;0;2;0;0;0;0;14;A01
201200029362;0;7;0;0;2;1;2;A01
201200029362;0;7;0;0;0;4;15;B01
201200029363;0;7;0;13;0;1;17;A01
201200029364;0;30;0;0;2;1;1;B01
201200029364;0;7;0;0;2;7;1;A01
201200029365;0;7;0;0;2;1;15;A01
201200029365;0;33;0;0;2;1;1;B01
201200029366;0;7;0;0;1;1;1;A01
201200029367;0;7;0;0;2;8;15;B01
201200029367;0;31;0;0;2;0;17;A01
201200029368;0;10;0;0;0;9;14;A01
201200029369;0;2;0;0;0;1;14;A01
201200029370;0;7;0;0;2;1;13;A01
201200029370;0;7;0;0;2;1;1;B01
201200029371;0;1;0;0;1;1;1;A01
201200029372;0;7;0;0;2;4;0;B01
201200029372;1;7;0;0;2;1;0;A01
201200029373;0;7;0;0;2;1;1;B01
201200029373;0;7;0;0;2;2;1;A01
201200029374;0;10;0;0;2;3;13;A01
201200029374;0;7;0;0;2;8;1;B01
201200029375;0;7;0;0;2;3;1;B01
201200029375;0;7;0;0;2;2;17;A01
201200029375;0;7;0;0;2;3;1;C01
201200029376;0;33;0;0;2;8;18;A01
201200029376;0;10;0;0;0;7;1;B01
201200029377;0;7;0;0;2;8;1;B01
201200029377;0;7;0;0;2;1;1;A01
201200029378;0;7;0;0;2;3;1;B01
201200029378;0;7;0;0;2;2;13;A01
201200029379;0;10;0;0;2;6;15;B01
201200029379;0;33;0;0;2;2;17;A01
201200029380;0;7;0;0;2;1;13;A01
201200029380;0;17;0;0;2;1;1;B01
201200029380;0;10;0;0;2;8;1;C01
201200029380;0;7;0;0;9;3;1;D01
201200029381;0;7;0;0;1;1;15;A01
201200029382;0;7;0;0;2;8;22;A01
201200029382;0;1;0;1;0;1;1;B01
201200029383;0;7;0;0;1;1;1;A01
201200029384;0;7;0;0;2;3;24;C01
201200029384;0;7;0;0;2;3;15;B01
201200029384;0;33;0;0;2;2;1;A01
201200029385;0;7;0;0;1;1;1;A01
201200029386;0;30;0;0;2;1;1;A01
201200029386;0;7;0;0;2;4;1;B01
201200029387;0;14;0;0;1;4;4;A01
201200029388;0;7;0;0;2;1;1;A01
201200029388;0;3;0;0;2;1;1;B01
201200029389;0;7;0;0;2;3;1;B01
201200029389;0;7;0;0;2;2;15;A01
201200029390;0;30;0;0;2;1;1;B01
201200029390;0;1;0;0;2;4;15;A01
201200029391;0;7;0;0;2;8;15;A01
201200029391;0;33;0;7;2;7;1;B01
201200029392;2;7;0;8;0;1;15;A01
201200029393;0;30;0;0;2;7;1;B01
201200029393;0;30;0;0;2;1;9;A01
201200029394;0;7;0;0;2;1;1;B01
201200029394;0;7;0;0;2;4;23;A01
201200029395;0;33;0;0;2;1;1;A01
201200029395;0;7;0;0;2;1;15;B01
201200029396;0;7;0;0;1;2;1;A01
201200029397;0;7;0;0;1;1;17;A01
201200029398;0;2;0;0;2;1;1;B01
201200029398;0;7;0;0;2;8;1;A01
201200029399;0;7;0;0;1;1;4;A01
201200029400;0;33;0;0;2;1;1;B01
201200029400;0;7;0;0;2;3;10;A01
201200029401;0;7;0;0;2;1;15;B01
201200029401;0;7;0;0;2;1;1;A01
201200029402;0;30;0;0;2;1;1;B01
201200029402;0;3;0;0;2;1;1;A01
201200029403;0;30;0;0;2;1;17;A01
201200029403;0;7;0;0;9;0;1;B01
201200029404;0;33;0;0;2;8;1;B01
201200029404;0;7;0;0;2;6;9;A01
201200029405;1;7;0;0;2;1;1;Z01
201200029405;0;7;0;8;2;4;1;B01
201200029406;0;7;0;0;2;3;10;A01
201200029406;0;7;0;0;2;1;1;B01
201200029407;0;7;0;0;2;1;15;A01
201200029407;0;1;0;0;2;1;23;B01
201200029408;0;7;0;0;2;7;15;A01
201200029408;0;33;0;0;2;1;1;B01
201200029409;0;7;0;0;1;1;15;A01
201200029410;0;7;0;0;1;1;1;A01
201200029411;0;7;0;0;9;7;1;C01
201200029411;0;2;0;0;2;1;1;B01
201200029411;0;7;0;0;2;7;15;A01
201200029412;0;7;0;0;1;1;1;A01
201200029413;0;7;0;0;2;2;16;A01
201200029413;0;30;0;0;2;1;1;B01
201200029414;0;7;0;0;1;3;15;A01
201200029415;0;2;0;0;2;1;1;B01
201200029415;0;7;0;0;2;3;15;A01
201200029416;0;10;0;13;0;3;1;A01
201200029417;0;1;0;0;1;1;16;A01
201200029418;0;33;0;0;2;2;17;A01
201200029418;0;7;0;0;2;8;15;B01
201200029419;0;7;0;2;0;1;0;A01
201200029420;0;7;0;0;2;1;14;B01
201200029420;0;7;0;0;2;3;0;A01
201200029421;0;7;0;0;2;1;0;B01
201200029421;0;7;0;0;2;8;19;A01
201200029422;0;7;0;0;2;1;1;C01
201200029422;0;7;0;0;2;3;5;A01
201200029422;0;7;0;0;0;0;1;D01
201200029422;0;7;0;0;2;1;1;B01
201200029423;0;7;0;0;2;5;2;A01
201200029423;0;30;0;0;2;0;2;B01
201200029424;0;30;0;0;2;1;1;B01
201200029424;0;17;0;0;2;1;15;A01
201200029425;0;33;0;0;2;1;5;A01
201200029425;0;7;0;0;9;3;5;B01
201200029426;0;10;0;2;0;1;1;A01
201200029427;0;7;0;0;1;2;1;A01
201200029428;0;2;0;0;2;1;1;B01
201200029428;0;7;0;0;2;5;15;A01
201200029429;0;7;0;0;2;1;1;B01
201200029429;0;7;0;0;2;7;15;A01
201200029430;0;30;0;6;0;8;1;A01
201200029431;0;7;0;13;0;8;2;A01
201200029432;0;7;0;0;1;2;1;A01
201200029433;0;7;0;0;1;1;1;A01
201200029434;0;7;0;4;0;1;1;A01
201200029435;0;7;0;0;2;1;1;A01
201200029435;0;7;0;0;2;4;1;B01
201200029436;0;7;0;0;1;1;1;A01
201200029437;0;7;0;0;1;1;1;A01
201200029438;0;7;0;0;1;2;1;A01
201200029439;0;1;0;0;0;0;1;A01
201200029440;0;7;0;0;2;3;23;A01
201200029440;0;1;0;1;0;1;1;B01
201200029441;0;7;0;0;2;1;1;A01
201200029441;0;33;0;0;2;8;1;B01
201200029442;0;7;0;0;1;1;1;A01
201200029443;0;7;0;0;2;7;1;A01
201200029443;0;2;0;0;2;1;1;B01
201200029444;0;7;0;0;2;3;1;A01
201200029444;0;7;0;0;2;3;1;B01
201200029445;0;7;0;0;2;8;13;A01
201200029445;0;2;0;0;2;7;1;B01
201200029446;0;7;0;0;2;8;24;A01
201200029446;0;1;0;1;0;7;1;B01
201200029447;0;2;0;0;2;1;1;A01
201200029447;0;7;0;0;2;8;15;B01
201200029448;0;13;0;0;2;4;1;A01
201200029448;0;33;0;0;2;1;1;B01
201200029449;0;32;0;0;2;1;1;A01
201200029449;0;7;0;0;2;3;1;B01
201200029450;0;7;0;8;0;1;1;A01
201200029451;0;2;0;0;2;1;15;A01
201200029451;0;14;0;0;2;5;1;B01
201200029452;0;7;0;0;2;1;1;A01
201200029452;0;7;0;0;2;4;1;B01
201200029453;0;7;0;0;2;1;1;A01
201200029453;0;1;0;0;2;4;0;B01
201200029454;0;2;0;0;2;1;1;A01
201200029454;0;33;0;0;2;1;1;B01
201200029455;0;7;0;0;2;3;20;A01
201200029455;0;2;0;0;2;1;1;B01
201200029456;0;7;0;0;2;0;1;A01
201200029456;0;7;0;0;9;1;1;B01
201200029457;0;7;0;0;2;3;15;A01
201200029457;0;1;0;0;2;1;1;B01
201200029458;0;7;0;0;2;2;15;A01
201200029458;0;7;0;0;2;1;1;B01
201200029459;0;7;0;4;0;9;1;A01
201200029460;0;1;0;0;0;0;1;A01
201200029461;0;7;0;0;2;1;0;A01
201200029462;0;7;0;0;2;1;15;A01
201200029462;0;7;0;0;2;1;1;B01
201200029463;0;7;0;0;2;1;1;A01
201200029463;0;7;0;0;2;4;1;B01
201200029463;0;7;0;0;2;4;1;C01
201200029464;0;7;0;0;2;1;1;A01
201200029465;0;2;0;0;0;0;1;A01
201200029466;0;1;0;0;0;0;1;A01
201200029467;0;1;0;0;0;0;1;A01
201200029468;0;2;0;0;2;2;1;A01
201200029468;0;7;0;0;2;6;15;B01
201200029469;0;7;0;0;1;1;1;A01
201200029470;0;30;0;0;2;1;9;A01
201200029470;0;7;0;0;2;2;1;B01
201200029471;0;7;0;0;2;1;1;A01
201200029471;0;7;0;0;2;7;15;B01
201200029472;0;7;0;0;2;1;1;A01
201200029472;0;7;0;0;2;4;1;B01
201200029472;0;7;0;0;2;4;1;C01
201200029473;0;7;0;0;1;1;1;A01
201200029474;0;32;0;0;0;0;1;A01
201200029475;0;7;0;0;2;1;9;A01
201200029475;0;7;0;0;2;3;1;B01
201200029476;0;7;0;0;1;1;1;A01
201200029477;0;2;0;0;2;1;1;A01
201200029478;0;7;0;0;2;3;1;A01
201200029478;0;7;0;0;2;3;1;B01
201200029479;0;2;0;0;2;0;1;A01
201200029480;0;31;0;0;0;0;1;A01
201200029481;0;1;0;12;0;1;1;A01
201200029482;0;2;0;0;0;0;1;A01
201200029483;0;7;0;0;2;1;1;A01
201200029483;0;7;0;0;2;4;1;B01
201200029484;0;7;0;0;2;1;1;A01
201200029484;0;1;0;0;2;4;1;B01
201200029485;0;7;0;0;0;0;1;A01
201200029486;1;99;0;0;0;0;0;Z01
201200029487;0;1;0;0;0;0;1;A01
201200029488;0;7;0;0;0;0;1;A01
201200029489;0;33;0;0;2;8;1;A01
201200029489;0;15;0;0;2;6;16;B01
201200029489;0;7;0;0;2;5;16;C01
201200029490;0;2;0;0;0;0;1;A01
201200029491;0;2;0;0;0;0;1;A01
201200029492;0;7;0;0;0;0;1;A01
201200029493;0;7;0;0;2;1;20;A01
201200029493;0;2;0;0;2;0;1;B01
201200029494;0;1;0;0;0;0;1;A01
201200029495;0;7;0;0;2;4;20;A01
201200029495;0;2;0;0;2;7;1;B01
201200029496;0;7;0;0;2;7;1;A01
201200029496;0;37;1;0;2;1;1;B01
201200029497;0;7;0;13;0;0;1;A01
201200029498;0;2;0;0;0;0;1;A01
201200029499;0;7;0;0;2;7;1;A01
201200029499;0;7;0;0;2;1;1;B01
201200029500;0;2;0;0;2;1;1;A01
201200029500;0;7;0;0;2;1;15;B01
201200029501;0;33;0;0;0;0;1;A01
201200029502;0;1;0;0;0;0;1;A01
201200029503;0;2;0;12;0;0;1;A01
201200029504;0;7;0;0;1;1;1;A01
201200029505;0;1;0;1;0;1;1;A01
201200029506;0;3;0;1;0;1;1;A01
201200029507;0;7;0;0;2;1;1;A01
201200029507;0;7;0;0;2;4;1;B01
201200029507;0;7;0;0;2;4;1;C01
201200029508;0;37;1;0;2;1;1;A01
201200029508;0;1;0;0;2;8;1;B01
201200029509;0;7;0;6;0;3;10;A01
201200029510;0;7;0;0;1;2;1;A01
201200029511;0;7;0;0;2;1;15;A01
201200029511;0;7;0;0;2;3;1;B01
201200029512;0;30;0;12;0;1;1;A01
201200029513;0;7;0;0;1;2;1;A01
201200029514;0;7;0;0;2;2;15;A01
201200029514;0;7;0;0;2;1;1;B01
201200029515;0;1;0;0;2;0;1;B01
201200029515;1;37;1;0;2;0;1;Z01
201200029516;1;7;0;0;1;1;1;A01
201200029517;0;7;0;3;0;1;1;A01
201200029518;0;7;0;0;1;1;1;A01
201200029519;0;7;0;0;1;1;1;A01
201200029520;0;2;0;0;2;1;1;A01
201200029520;0;7;0;0;2;3;15;B01
201200029521;0;7;0;0;2;4;16;A01
201200029521;0;33;0;0;2;0;1;B01
201200029522;0;7;0;0;2;3;15;A01
201200029522;0;7;0;0;2;1;1;B01
201200029523;0;7;0;0;2;3;15;A01
201200029523;0;1;0;0;2;1;1;B01
201200029524;0;7;0;0;1;1;15;A01
201200029525;0;2;0;12;0;0;1;A01
201200029526;0;7;0;0;2;1;1;A01
201200029526;0;7;0;0;2;1;1;B01
201200029527;0;1;0;0;1;1;1;A01
201200029528;0;2;0;0;0;0;0;A01
201200029529;0;7;0;2;0;1;1;A01
201200029530;0;2;0;12;0;1;1;A01
201200029531;0;7;0;0;1;1;1;A01
201200029532;0;7;0;0;2;1;11;A01
201200029532;0;7;0;0;2;4;1;B01
201200029532;0;7;0;0;2;4;1;C01
201200029532;0;7;0;0;2;3;1;D01
201200029533;0;3;0;0;2;1;1;A01
201200029533;0;1;0;0;2;8;1;B01
201200029534;0;7;0;0;1;1;1;A01
201200029535;0;7;0;0;1;1;16;A01
201200029536;0;1;0;0;0;0;1;A01
201200029537;0;1;0;0;2;1;1;A01
201200029537;0;7;0;0;2;4;1;B01
201200029538;0;7;0;0;1;1;16;A01
201200029539;0;7;0;0;1;1;15;A01
201200029540;0;7;0;0;1;1;1;A01
201200029541;0;7;0;0;2;7;22;A01
201200029541;0;1;0;1;0;1;1;B01
201200029542;0;7;0;0;1;1;1;A01
201200029543;0;1;0;12;0;1;1;A01
201200029544;0;1;0;0;2;1;15;A01
201200029544;0;7;0;0;2;7;1;B01
201200029545;0;7;0;4;0;0;1;A01
201200029546;0;2;0;12;0;0;0;A01
201200029547;0;7;0;0;2;3;1;A01
201200029547;0;1;0;0;2;1;1;B01
201200029548;0;7;0;0;1;1;16;A01
201200029549;0;1;0;12;0;0;0;A01
201200029550;0;7;0;0;2;1;1;A01
201200029550;0;7;0;0;2;8;1;B01
201200029551;0;7;0;13;0;1;1;A01
201200029552;0;7;0;0;0;0;1;A01
201200029553;0;7;0;0;1;4;20;A01
201200029554;0;7;0;0;2;2;15;A01
201200029554;0;7;0;0;2;2;1;B01
201200029555;0;15;0;0;2;1;1;A01
201200029555;0;7;0;0;2;4;1;B01
201200029556;0;7;0;0;2;3;0;A01
201200029556;0;7;0;0;2;2;0;B01
201200029557;0;2;0;0;0;0;15;A01
201200029558;0;7;0;0;0;1;0;A01
201200029559;0;7;0;6;0;1;15;A01
201200029560;0;31;0;0;2;8;1;B01
201200029560;0;7;0;0;2;1;1;A01
201200029561;0;7;0;0;0;4;2;A01
201200029561;0;7;0;0;0;1;2;B01
201200029561;0;7;0;0;0;4;2;C01
201200029562;0;7;0;0;2;1;1;A01
201200029562;0;7;0;0;2;4;1;B01
201200029563;0;7;0;0;2;3;15;A01
201200029563;0;7;0;0;2;1;1;B01
201200029564;0;7;0;0;2;2;1;B01
201200029564;0;2;0;0;2;2;16;A01
201200029565;0;30;0;0;1;1;1;A01
201200029566;0;7;0;0;4;1;1;A01
201200029566;0;40;1;0;2;1;1;B01
201200029567;0;7;0;4;0;1;1;A01
201200029568;0;7;0;4;0;1;1;A01
201200029569;0;30;0;16;0;1;1;A01
201200029570;0;7;0;0;2;1;2;A01
201200029570;0;33;0;0;2;1;2;B01
201200029570;0;7;0;0;2;1;2;C01
201200029571;0;30;0;0;2;1;1;A01
201200029571;0;7;0;0;2;8;1;B01
201200029572;0;2;0;0;0;1;2;A01
201200029572;0;7;0;0;0;5;2;B01
201200029573;0;7;0;12;0;1;0;A01
201200029574;0;1;0;0;2;1;11;A01
201200029574;0;7;0;0;2;7;1;B01
201200029575;0;40;1;0;1;2;1;A01
201200029576;0;30;0;0;2;1;1;A01
201200029576;0;7;0;0;2;4;1;B01
201200029577;0;7;0;0;2;7;1;A01
201200029577;0;7;0;0;2;1;1;B01
201200029578;0;30;0;0;0;0;1;A01
201200029579;0;37;1;0;1;1;1;A01
201200029580;0;7;0;0;2;3;1;A01
201200029580;0;1;0;0;2;0;1;B01
201200029581;0;7;0;0;2;1;16;A01
201200029581;0;7;0;0;2;1;1;B01
201200029582;0;7;0;0;9;1;0;A01
201200029582;0;33;0;0;2;7;1;B01
201200029583;0;7;0;0;2;1;15;A01
201200029583;0;32;0;0;2;1;1;B01
201200029584;0;33;0;0;0;0;1;A01
201200029585;0;7;0;0;2;7;15;A01
201200029585;0;7;0;0;2;1;1;B01
201200029586;0;7;0;0;1;1;1;A01
201200029587;0;1;0;0;0;0;0;A01
201200029588;1;7;0;0;2;7;17;A01
201200029588;0;2;0;0;2;8;1;B01
201200029589;0;7;0;0;2;7;15;A01
201200029589;0;30;0;0;2;1;1;B01
201200029590;0;40;1;0;1;2;1;A01
201200029591;0;1;0;0;2;1;1;A01
201200029591;0;1;0;0;2;7;15;B01
201200029592;0;7;0;0;2;1;1;A01
201200029592;0;7;0;0;2;4;20;B01
201200029593;0;2;0;9;0;1;1;A01
201200029594;0;2;0;0;0;0;1;A01
201200029595;0;1;0;0;2;0;1;A01
201200029595;0;10;0;0;2;2;1;B01
201200029596;0;7;0;0;2;5;0;A01
201200029596;0;2;0;0;2;7;1;B01
201200029597;0;7;0;0;2;8;15;A01
201200029597;0;7;0;0;2;1;1;B01
201200029598;0;7;0;0;2;1;1;A01
201200029598;0;7;0;0;2;1;1;B01
201200029599;0;7;0;0;1;1;1;A01
201200029600;0;7;0;0;1;1;1;A01
201200029601;0;1;0;8;0;1;1;A01
201200029602;0;7;0;0;2;2;15;A01
201200029602;0;2;0;0;2;1;1;B01
201200029603;0;7;0;0;2;1;1;A01
201200029603;0;1;0;0;2;4;1;B01
201200029604;0;30;0;0;1;1;1;A01
201200029605;0;7;0;0;2;1;15;A01
201200029605;0;7;0;1;2;1;1;B01
201200029606;0;7;0;4;0;1;1;A01
201200029607;0;7;0;0;2;2;16;A01
201200029607;0;2;0;0;2;1;1;B01
201200029608;0;7;0;0;1;1;1;A01
201200029609;0;7;0;0;2;1;15;A01
201200029609;0;2;0;0;2;1;1;B01
201200029610;0;7;0;0;2;1;1;A01
201200029610;0;7;0;0;2;4;1;B01
201200029611;0;2;0;0;2;1;1;A01
201200029611;0;7;0;0;2;4;1;B01
201200029612;1;99;0;0;2;1;1;A01
201200029612;0;2;0;0;2;4;1;B01
201200029613;0;2;0;0;0;0;1;A01
201200029614;0;2;0;0;1;1;1;A01
201200029615;0;7;0;0;2;1;1;A01
201200029615;0;7;0;0;2;4;1;B01
201200029616;0;7;0;0;1;1;1;A01
201200029617;0;1;0;0;0;0;1;A01
201200029618;0;7;0;0;2;1;1;A01
201200029618;0;7;0;0;2;4;1;B01
201200029618;0;7;0;0;2;1;1;C01
201200029618;0;7;0;0;0;1;1;D01
201200029619;0;7;0;0;2;4;4;A01
201200029619;0;2;0;0;2;1;1;B01
201200029620;0;7;0;0;2;4;1;B01
201200029620;0;7;0;0;2;1;1;A01
201200029621;0;7;0;0;2;1;13;A01
201200029621;0;7;0;0;2;1;1;B01
201200029622;0;7;0;0;2;1;16;A01
201200029623;0;7;0;0;2;2;15;A01
201200029623;0;7;0;0;2;1;1;B01
201200029624;0;7;0;0;1;1;1;A01
201200029625;0;7;0;0;2;5;1;A01
201200029625;0;7;0;0;2;1;1;B01
201200029626;0;2;0;0;2;1;1;A01
201200029626;0;7;0;0;2;4;1;B01
201200029627;0;7;0;0;2;1;15;A01
201200029627;0;7;0;0;1;3;1;B01
201200029628;0;32;0;0;2;1;1;A01
201200029628;0;7;0;0;2;4;1;B01
201200029629;0;30;0;0;0;0;1;A01
201200029630;0;37;1;0;1;1;1;A01
201200029631;0;2;0;14;0;1;2;A01
201200029631;0;38;10;0;0;4;2;B01
201200029632;0;7;0;0;2;1;1;A01
201200029632;0;7;0;0;2;4;1;B01
201200029633;0;7;0;0;2;1;1;A01
201200029633;0;7;0;0;2;4;1;B01
201200029634;0;7;0;0;2;3;15;A01
201200029634;0;33;0;0;2;0;1;B01
201200029635;0;1;0;0;2;1;1;A01
201200029635;0;7;0;0;2;0;1;B01
201200029636;0;1;0;0;0;0;1;A01
201200029637;0;7;0;0;2;1;1;A01
201200029637;0;2;0;0;2;4;1;B01
201200029638;0;7;0;0;1;1;1;A01
201200029639;0;1;0;0;1;1;1;A01
201200029640;0;7;0;3;0;1;1;A01
201200029641;0;1;0;12;0;1;1;A01
201200029642;0;7;0;0;2;1;1;A01
201200029642;0;1;0;0;2;7;1;B01
201200029643;0;7;0;0;2;1;1;A01
201200029643;0;7;0;0;2;4;1;B01
201200029644;0;7;0;0;2;1;1;A01
201200029644;0;7;0;0;2;4;1;B01
201200029645;0;2;0;0;0;3;0;A01
201200029646;0;2;0;12;0;1;1;A01
201200029647;0;1;0;12;0;1;1;A01
201200029648;0;33;0;0;2;7;1;B01
201200029648;0;7;0;0;2;2;11;A01
201200029649;0;14;0;0;2;3;17;A01
201200029649;0;7;0;0;2;4;1;B01
201200029650;0;7;0;5;0;6;2;A01
201200029651;0;7;0;0;2;3;15;A01
201200029651;0;2;0;0;2;1;1;B01
201200029652;0;7;0;0;2;3;1;B01
201200029652;0;3;0;0;2;1;1;A01
201200029653;0;3;0;0;2;1;15;A01
201200029653;0;7;0;0;2;3;15;B01
201200029654;0;30;0;0;2;1;2;A01
201200029654;0;7;0;0;9;4;2;B01
201200029655;0;2;0;0;0;0;1;A01
201200029656;0;7;0;1;0;1;1;A01
201200029657;0;7;0;3;0;1;1;A01