num_acc;senc;catv;occutc;obs;obsm;choc;manv;num_veh
201200029658;0;7;0;0;2;1;1;A01
201200029658;0;1;0;0;2;1;1;B01
201200029659;0;2;0;0;0;0;1;A01
201200029660;0;33;0;0;0;0;1;A01
201200029661;0;7;0;0;2;7;1;A01
201200029661;0;1;0;0;2;1;1;B01
201200029662;0;2;0;0;0;0;1;A01
201200029663;0;7;0;0;1;1;1;A01
201200029664;0;2;0;0;2;1;1;A01
201200029664;0;7;0;0;2;7;1;B01
201200029665;0;2;0;0;0;0;1;A01
201200029666;0;2;0;0;0;0;1;A01
201200029667;0;7;0;0;2;1;1;A01
201200029667;0;2;0;0;2;1;1;B01
201200029668;0;7;0;0;2;1;12;A01
201200029668;0;7;0;0;2;4;1;B01
201200029668;0;7;0;0;2;4;1;C01
201200029668;0;7;0;0;2;4;1;D01
201200029669;0;2;0;12;0;1;1;A01
201200029670;0;1;0;2;0;1;1;A01
201200029671;0;7;0;0;2;2;1;A01
201200029671;0;7;0;0;2;1;1;B01
201200029672;0;2;0;0;0;0;0;A01
201200029673;0;2;0;12;0;1;0;A01
201200029674;0;7;0;0;2;3;9;A01
201200029674;0;14;0;0;2;7;1;B01
201200029675;0;7;0;0;1;1;1;A01
201200029676;0;2;0;0;2;1;1;B01
201200029676;0;7;0;0;2;5;1;A01
201200029677;0;7;0;0;2;1;15;A01
201200029677;0;1;0;0;2;1;15;B01
201200029678;0;7;0;0;2;3;11;A01
201200029678;0;7;0;0;2;3;1;B01
201200029679;0;7;0;0;2;1;1;A01
201200029679;0;7;0;0;2;8;1;B01
201200029680;0;2;0;0;2;3;7;A01
201200029680;0;7;0;0;2;5;20;B01
201200029681;0;7;0;4;0;4;1;A01
201200029682;0;7;0;1;0;2;0;A01
201200029683;0;2;0;0;2;1;1;A01
201200029683;0;7;0;0;2;4;1;B01
201200029684;0;7;0;0;2;1;1;A01
201200029684;0;7;0;0;2;4;2;B01
201200029684;0;7;0;0;2;4;2;C01
201200029685;0;7;0;0;2;8;9;A01
201200029685;0;33;0;0;2;1;1;B01
201200029686;0;7;0;0;2;1;1;A01
201200029686;0;7;0;0;2;4;1;B01
201200029687;0;2;0;0;0;7;1;A01
201200029688;0;31;0;0;2;2;17;A01
201200029688;0;7;0;0;2;3;15;B01
201200029689;0;7;0;0;2;1;1;A01
201200029689;0;7;0;0;2;1;1;B01
201200029690;0;1;0;0;2;1;1;A01
201200029690;0;7;0;0;2;8;1;B01
201200029691;0;7;0;0;2;1;1;B01
201200029691;0;7;0;0;2;2;19;A01
201200029691;0;7;0;0;0;6;1;C01
201200029692;0;2;0;12;0;1;14;A01
201200029693;0;7;0;0;2;1;9;A01
201200029693;0;2;0;0;0;7;0;B01
201200029694;0;2;0;0;2;1;1;A01
201200029694;0;7;0;0;2;4;1;B01
201200029695;0;2;0;0;2;1;1;A01
201200029695;0;7;0;0;2;4;2;B01
201200029696;0;2;0;0;2;1;0;A01
201200029696;0;7;0;0;2;1;1;B01
201200029697;0;2;0;12;0;8;1;A01
201200029698;0;7;0;0;2;3;15;A01
201200029698;0;7;0;0;2;1;1;B01
201200029699;0;1;0;14;0;1;1;A01
201200029700;0;7;0;0;2;1;2;A01
201200029700;0;7;0;0;2;1;2;B01
201200029700;0;7;0;0;2;1;2;C01
201200029700;0;7;0;0;2;1;2;D01
201200029701;0;7;0;0;2;1;1;A01
201200029701;0;7;0;0;2;4;1;B01
201200029701;0;7;0;0;2;4;1;C01
201200029702;0;7;0;0;2;1;9;A01
201200029702;0;1;0;0;0;2;0;B01
201200029703;0;7;0;0;2;1;2;A01
201200029703;0;7;0;0;2;4;2;B01
201200029704;0;7;0;0;2;1;1;A01
201200029704;0;1;0;0;2;5;2;B01
201200029705;0;31;0;5;0;1;1;A01
201200029706;0;17;0;0;2;4;4;A01
201200029706;0;7;0;0;2;2;1;B01
201200029707;0;1;0;14;0;0;14;A01
201200029708;0;1;0;0;0;1;0;A01
201200029709;0;7;0;0;2;3;15;A01
201200029709;0;2;0;0;2;1;1;B01
201200029710;0;14;0;0;2;1;1;A01
201200029710;0;7;0;0;2;4;23;B01
201200029710;0;7;0;0;2;4;23;C01
201200029711;0;33;0;1;0;1;1;A01
201200029711;0;7;0;0;2;4;1;B01
201200029712;0;2;0;1;0;3;1;A01
201200029713;0;7;0;0;0;1;1;A01
201200029714;0;7;0;13;0;9;1;A01
201200029715;0;7;0;0;0;2;0;A01
201200029716;0;7;0;4;0;3;1;A01
201200029717;0;7;0;0;1;3;0;A01
201200029718;0;7;0;6;0;2;1;A01
201200029719;0;7;0;6;0;1;1;A01
201200029720;0;30;0;12;0;1;0;A01
201200029721;0;1;0;0;0;0;1;A01
201200029722;0;7;0;0;2;3;1;B01
201200029722;0;2;0;0;2;1;1;A01
201200029723;0;7;0;0;2;1;1;A01
201200029723;0;7;0;0;2;4;1;B01
201200029723;0;7;0;0;2;4;1;C01
201200029724;0;7;0;0;2;2;15;A01
201200029724;0;2;0;0;2;1;1;B01
201200029725;0;1;0;0;0;0;1;A01
201200029726;0;7;0;0;2;2;10;A01
201200029726;0;7;0;0;2;6;2;B01
201200029727;0;7;0;0;2;1;16;A01
201200029727;0;1;0;0;2;1;0;B01
201200029728;0;2;0;0;0;0;1;A01
201200029729;0;7;0;6;0;2;1;A01
201200029730;0;7;0;0;2;3;15;A01
201200029730;0;30;0;0;2;3;1;B01
201200029731;0;7;0;0;2;1;2;A01
201200029731;0;7;0;0;2;4;2;B01
201200029731;0;10;0;0;2;4;2;C01
201200029732;0;7;0;0;2;1;1;B01
201200029732;0;7;0;0;2;3;11;A01
201200029733;0;7;0;0;2;7;15;A01
201200029733;0;2;0;0;2;1;1;B01
201200029734;0;7;0;0;2;1;15;A01
201200029734;0;7;0;0;2;8;1;B01
201200029735;0;7;0;0;2;2;12;A01
201200029735;0;1;0;0;2;3;1;B01
201200029736;0;2;0;0;2;1;1;A01
201200029736;0;7;0;0;2;4;15;B01
201200029737;0;7;0;0;2;4;1;A01
201200029737;0;7;0;0;2;1;2;B01
201200029737;0;7;0;0;2;4;2;C01
201200029737;0;7;0;0;2;4;2;D01
201200029737;0;7;0;0;2;1;2;E01
201200029738;0;7;0;4;0;1;9;A01
201200029738;0;7;0;0;2;1;1;B01
201200029739;0;7;0;0;2;1;1;A01
201200029739;0;10;0;0;2;8;1;B01
201200029740;0;7;0;0;2;2;1;A01
201200029740;0;1;0;14;0;1;1;B01
201200029741;0;7;0;13;0;3;1;A01
201200029742;0;7;0;13;0;8;1;A01
201200029743;0;7;0;9;0;5;0;A01
201200029744;0;7;0;1;0;3;2;A01
201200029744;0;1;0;1;0;1;2;B01
201200029745;0;10;0;0;2;1;1;A01
201200029745;0;7;0;1;2;3;1;B01
201200029746;1;7;0;0;2;1;1;A01
201200029746;0;1;0;0;2;4;1;B01
201200029747;0;7;0;0;2;3;20;A01
201200029747;0;32;0;0;2;1;21;B01
201200029748;0;7;0;4;0;3;1;A01
201200029749;0;7;0;0;2;8;1;A01
201200029749;0;7;0;0;2;1;1;B01
201200029750;0;2;0;0;2;1;1;A01
201200029750;0;7;0;0;2;2;1;B01
201200029751;0;2;0;12;0;2;1;A01
201200029752;0;7;0;0;1;1;1;A01
201200029753;0;7;0;0;1;1;1;A01
201200029754;0;7;0;0;2;1;1;A01
201200029754;0;7;0;0;2;4;1;B01
201200029754;0;7;0;0;2;4;1;C01
201200029754;0;7;0;0;2;4;1;D01
201200029755;0;13;0;0;2;1;1;A01
201200029755;0;7;0;0;2;8;20;B01
201200029756;0;1;0;0;1;1;1;A01
201200029757;0;2;0;16;0;1;1;A01
201200029758;0;7;0;0;2;1;1;A01
201200029758;0;7;0;0;2;4;1;B01
201200029758;0;3;0;0;2;4;1;C01
201200029758;0;7;0;0;2;4;1;D01
201200029759;0;30;0;0;0;0;1;A01
201200029760;0;2;0;0;2;1;1;A01
201200029760;0;7;0;0;2;4;1;B01
201200029761;0;7;0;0;2;1;1;A01
201200029761;0;3;0;0;2;4;1;B01
201200029762;0;7;0;0;1;1;1;A01
201200029763;0;7;0;0;2;1;1;A01
201200029763;0;7;0;0;2;1;0;B01
201200029764;0;7;0;0;2;1;1;A01
201200029764;0;7;0;0;2;1;1;B01
201200029764;0;7;0;0;2;1;1;C01
201200029765;0;33;0;12;0;1;20;A01
201200029766;0;7;0;1;0;1;1;A01
201200029767;0;2;0;0;1;1;1;A01
201200029768;0;7;0;0;0;0;1;A01
201200029769;0;7;0;0;0;0;1;A01
201200029770;0;7;0;8;0;1;1;A01
201200029771;0;33;0;0;0;0;1;A01
201200029772;0;7;0;7;2;1;1;A01
201200029772;0;7;0;7;0;4;1;B01
201200029773;0;7;0;0;1;1;1;A01
201200029774;0;7;0;0;2;8;20;A01
201200029774;0;1;0;0;2;1;1;B01
201200029775;0;2;0;0;2;1;0;B01
201200029775;0;7;0;0;2;3;1;A01
201200029776;0;7;0;0;2;8;0;A01
201200029776;0;37;1;0;2;1;1;B01
201200029777;0;7;0;0;2;1;1;A01
201200029777;0;7;0;0;2;0;1;B01
201200029777;0;7;0;0;2;0;1;C01
201200029778;0;10;0;0;1;2;16;A01
201200029779;0;1;0;0;0;0;1;A01
201200029780;0;7;0;0;2;1;15;A01
201200029780;0;7;0;0;2;0;15;B01
201200029780;0;7;0;0;2;0;1;C01
201200029781;0;1;0;0;0;0;1;A01
201200029782;0;7;0;0;1;4;4;A01
201200029783;0;2;0;0;0;0;1;A01
201200029784;0;2;0;0;2;1;1;B01
201200029784;0;7;0;0;2;2;15;A01
201200029785;0;40;1;0;2;2;1;A01
201200029785;0;7;0;0;4;2;1;B01
201200029786;0;7;0;0;1;1;1;A01
201200029787;0;1;0;0;2;7;1;B01
201200029787;0;7;0;0;2;1;15;A01
201200029788;0;7;0;0;2;1;17;A01
201200029788;0;7;0;0;2;8;1;B01
201200029789;0;7;0;0;2;1;2;A01
201200029789;0;7;0;0;2;4;2;B01
201200029790;0;2;0;16;0;1;1;A01
201200029791;0;1;0;0;2;1;1;A01
201200029791;0;7;0;0;2;4;1;B01
201200029792;0;7;0;0;2;1;16;A01
201200029792;0;30;0;0;2;7;1;B01
201200029793;0;7;0;0;2;1;1;A01
201200029793;0;7;0;0;2;4;1;B01
201200029794;0;7;0;0;2;1;1;A01
201200029794;0;7;0;0;0;4;1;B01
201200029794;0;7;0;0;2;4;1;C01
201200029794;0;7;0;0;2;4;1;D01
201200029795;0;7;0;0;2;8;0;A01
201200029795;0;7;0;0;2;1;1;B01
201200029796;0;2;0;0;0;0;1;A01
201200029797;0;33;0;0;0;1;0;A01
201200029798;0;7;0;0;2;0;0;A01
201200029798;0;1;0;0;0;0;0;B01
201200029799;0;7;0;0;0;0;0;A01
201200029800;0;7;0;0;2;1;1;A01
201200029800;0;7;0;0;2;4;1;B01
201200029801;0;7;0;0;2;1;1;A01
201200029801;0;7;0;0;2;1;1;B01
201200029802;0;30;0;1;0;1;1;A01
201200029803;0;7;0;0;2;1;1;A01
201200029803;0;7;0;0;2;4;1;B01
201200029803;0;7;0;0;2;4;1;C01
201200029804;0;7;0;0;2;1;15;A01
201200029804;0;2;0;0;2;7;0;B01
201200029805;0;30;0;12;0;0;0;A01
201200029806;0;1;0;0;2;1;1;A01
201200029806;0;7;0;0;2;3;1;B01
201200029807;0;2;0;0;0;0;1;A01
201200029808;0;2;0;0;0;0;1;A01
201200029809;0;7;0;0;1;1;15;A01
201200029810;0;7;0;7;0;0;1;A01
201200029811;0;7;0;0;2;1;0;A01
201200029811;0;1;0;0;2;2;1;B01
201200029812;0;7;0;0;2;3;20;A01
201200029812;0;7;0;0;2;2;1;B01
201200029813;0;31;0;0;5;0;1;A01
201200029814;0;3;0;0;2;1;17;A01
201200029814;0;20;0;0;2;3;15;B01
201200029815;0;7;0;0;2;1;1;A01
201200029815;0;1;0;0;2;8;1;B01
201200029816;0;7;0;0;2;1;1;A01
201200029816;0;7;0;0;2;4;1;B01
201200029816;0;7;0;0;2;4;1;C01
201200029817;0;10;0;0;2;3;1;A01
201200029817;0;1;0;0;2;1;1;B01
201200029818;0;1;0;0;2;1;19;A01
201200029818;0;10;0;0;2;2;15;B01
201200029819;0;7;0;0;9;1;1;A01
201200029819;0;1;0;0;2;3;19;B01
201200029820;0;7;0;1;2;1;1;A01
201200029820;0;7;0;0;2;1;1;B01
201200029821;0;2;0;0;1;1;1;A01
201200029822;0;7;0;0;2;7;11;A01
201200029822;0;7;0;0;2;1;1;B01
201200029823;0;7;0;0;2;1;1;A01
201200029823;0;7;0;0;2;7;1;B01
201200029824;0;33;0;0;0;0;0;A01
201200029825;0;7;0;0;0;0;0;A01
201200029826;0;7;0;0;2;1;15;A01
201200029826;0;2;0;0;2;1;1;B01
201200029827;0;7;0;0;2;1;2;A01
201200029827;0;7;0;0;2;4;2;B01
201200029827;0;7;0;0;2;1;2;C01
201200029828;0;7;0;0;2;1;1;A01
201200029828;0;7;0;0;2;4;1;B01
201200029829;1;7;0;0;0;0;0;A01
201200029829;0;13;0;9;0;0;0;B01
201200029830;0;7;0;0;2;0;23;A01
201200029830;0;7;0;0;2;1;1;B01
201200029831;0;7;0;0;2;3;15;A01
201200029831;0;2;0;0;2;1;1;B01
201200029832;0;7;0;0;1;1;1;A01
201200029833;0;1;0;0;1;1;0;A01
201200029834;0;2;0;0;2;1;1;A01
201200029834;0;7;0;0;2;3;1;B01
201200029835;0;7;0;0;2;8;16;A01
201200029835;0;7;0;0;2;1;1;B01
201200029836;0;7;0;0;2;1;1;A01
201200029836;0;7;0;0;2;7;1;B01
201200029837;0;7;0;0;1;8;0;A01
201200029838;0;7;0;0;2;8;1;B01
201200029838;0;7;0;0;2;1;1;A01
201200029839;0;7;0;3;0;2;1;A01
201200029840;0;2;0;0;0;0;1;A01
201200029841;0;7;0;0;1;4;20;A01
201200029842;0;7;0;0;2;2;15;B01
201200029842;0;7;0;0;2;1;1;A01
201200029843;0;7;0;0;2;7;15;A01
201200029843;0;33;0;0;2;3;1;B01
201200029844;0;7;0;0;1;4;4;A01
201200029845;0;7;0;0;9;3;1;B01
201200029845;0;30;0;0;2;2;16;A01
201200029846;0;7;0;0;2;4;2;B01
201200029846;0;7;0;0;2;1;2;A01
201200029847;0;7;0;0;1;1;1;A01
201200029848;0;7;0;0;2;2;15;A01
201200029848;0;7;0;0;2;1;1;B01
201200029849;0;7;0;0;2;1;13;A01
201200029849;0;7;0;0;2;3;1;B01
201200029849;0;7;0;0;2;1;1;C01
201200029850;0;7;0;0;2;1;1;A01
201200029850;0;7;0;0;2;4;2;B01
201200029850;0;7;0;0;0;4;2;C01
201200029851;0;7;0;12;0;1;16;A01
201200029852;0;2;0;0;0;8;1;A01
201200029853;0;7;0;0;2;3;2;A01
201200029853;0;2;0;0;2;1;21;B01
201200029854;0;30;0;0;0;8;1;A01
201200029855;0;30;0;0;2;7;14;A01
201200029855;0;7;0;0;2;8;1;B01
201200029856;0;2;0;0;2;1;15;A01
201200029856;0;7;0;0;2;1;1;B01
201200029857;1;7;0;2;1;2;14;Y01
201200029858;0;7;0;0;2;2;1;B01
201200029858;0;7;0;0;2;3;0;A01
201200029859;0;2;0;14;0;1;1;A01
201200029860;0;13;0;0;2;1;2;A01
201200029860;0;15;0;0;0;4;2;B01
201200029861;0;7;0;0;2;1;2;A01
201200029861;0;10;0;0;2;4;2;B01
201200029861;0;7;0;0;0;4;2;C01
201200029862;0;7;0;1;0;2;14;A01
201200029863;0;7;0;0;2;1;2;A01
201200029863;0;7;0;0;2;4;2;B01
201200029864;0;2;0;0;0;8;1;A01
201200029865;1;7;0;0;1;3;1;A01
201200029866;0;7;0;0;2;2;1;A01
201200029866;0;7;0;15;2;3;1;B01
201200029867;0;7;0;12;9;3;1;A01
201200029868;0;7;0;0;2;1;2;A01
201200029868;0;7;0;0;2;4;2;B01
201200029868;0;7;0;0;2;4;2;C01
201200029868;0;7;0;0;2;4;2;D01
201200029869;0;7;0;14;0;1;14;A01
201200029870;0;30;0;0;2;0;2;A01
201200029870;0;7;0;0;2;4;23;B01
201200029871;0;30;0;1;0;1;1;A01
201200029871;0;7;0;0;2;4;23;B01
201200029872;0;7;0;0;1;1;16;A01
201200029873;0;7;0;0;2;8;1;A01
201200029873;0;30;0;0;2;7;1;B01
201200029874;0;7;0;0;2;3;1;B01
201200029874;0;7;0;0;2;2;1;A01
201200029875;0;7;0;0;1;1;15;A01
201200029876;0;30;0;0;0;0;21;A01
201200029877;0;7;0;0;2;7;14;A01
201200029877;0;1;0;0;2;8;2;B01
201200029878;0;7;0;0;1;2;1;A01
201200029879;0;7;0;12;0;1;1;A01
201200029880;0;7;0;0;2;2;15;A01
201200029880;0;33;0;0;2;1;1;B01
201200029881;0;7;0;12;0;7;14;A01
201200029882;0;33;0;0;2;7;1;B01
201200029882;0;7;0;0;2;3;16;A01
201200029883;0;7;0;0;2;1;2;A01
201200029883;0;33;0;0;2;4;2;B01
201200029883;0;7;0;0;2;4;2;C01
201200029884;0;30;0;0;9;8;21;A01
201200029885;0;10;0;0;2;5;15;A01
201200029885;0;7;0;0;2;1;1;B01
201200029886;0;33;0;0;0;1;2;A01
201200029887;0;7;0;2;0;1;14;A01
201200029888;0;1;0;0;2;5;1;B01
201200029888;0;7;0;0;9;3;0;A01
201200029889;0;1;0;1;0;1;15;A01
201200029889;0;7;0;0;9;3;0;B01
201200029890;0;7;0;0;2;3;16;A01
201200029890;0;7;0;0;2;2;1;B01
201200029891;0;7;0;0;2;2;13;A01
201200029891;0;7;0;0;2;2;1;B01
201200029892;0;7;0;13;0;2;14;A01
201200029893;0;7;0;0;2;1;1;C01
201200029893;0;30;0;0;2;1;1;B01
201200029893;0;7;0;0;2;8;15;A01
201200029894;0;7;0;8;2;7;1;B01
201200029894;0;2;0;0;2;8;1;A01
201200029895;0;7;0;0;2;3;15;A01
201200029895;0;33;0;0;2;8;1;B01
201200029896;0;7;0;0;2;3;17;A01
201200029896;0;7;0;0;2;8;1;B01
201200029896;0;7;0;0;2;4;1;C01
201200029896;0;7;0;0;2;3;1;D01
201200029897;0;2;0;0;2;1;1;B01
201200029897;0;7;0;0;2;8;16;A01
201200029898;0;2;0;0;2;1;15;A01
201200029898;0;7;0;0;2;1;1;B01
201200029899;0;2;0;0;2;3;1;A01
201200029899;0;7;0;0;2;3;15;B01
201200029900;0;7;0;0;1;7;1;A01
201200029901;0;7;0;0;2;2;15;A01
201200029901;0;2;0;0;2;1;1;B01
201200029902;0;30;0;0;2;1;1;A01
201200029902;0;7;0;0;2;3;16;B01
201200029903;0;7;0;0;2;7;16;A01
201200029903;0;2;0;0;2;8;1;B01
201200029904;0;10;0;0;2;3;15;A01
201200029904;0;33;0;0;2;1;1;B01
201200029905;0;7;0;12;1;8;16;A01
201200029906;0;7;0;0;1;1;1;A01
201200029907;0;30;0;0;2;7;15;B01
201200029907;0;7;0;0;2;3;15;A01
201200029908;0;7;0;13;2;2;6;A01
201200029908;0;7;0;0;2;3;1;B01
201200029909;0;33;0;14;0;8;1;A01
201200029910;0;3;0;8;0;1;1;A01
201200029911;0;7;0;1;2;1;17;A01
201200029911;0;7;0;0;2;3;15;B01
201200029912;0;33;0;0;2;1;1;A01
201200029912;0;7;0;0;2;8;1;B01
201200029913;0;2;0;0;2;8;0;B01
201200029913;0;7;0;0;2;3;0;A01
201200029914;0;7;0;6;0;1;1;A01
201200029915;0;7;0;0;2;7;1;A01
201200029915;0;7;0;0;2;6;15;B01
201200029916;0;7;0;0;2;3;11;A01
201200029916;0;33;0;0;2;7;15;B01
201200029917;0;7;0;0;2;3;15;A01
201200029917;0;33;0;0;2;1;1;B01
201200029918;0;33;0;0;2;1;17;A01
201200029918;0;7;0;0;2;3;15;B01
201200029919;0;7;0;0;2;1;1;A01
201200029919;0;7;0;0;2;1;1;B01
201200029920;0;7;0;0;1;7;1;A01
201200029921;0;30;0;0;2;6;15;B01
201200029921;0;7;0;0;2;8;9;A01
201200029922;0;7;0;0;1;0;0;A01
201200029923;0;7;0;13;0;1;13;A01
201200029924;0;7;0;0;1;4;4;A01
201200029925;0;7;0;2;0;1;6;A01
201200029926;0;7;0;0;2;1;1;A01
201200029926;0;7;0;0;2;4;2;B01
201200029926;0;7;0;0;2;4;2;C01
201200029927;0;7;0;0;1;3;16;A01
201200029928;0;7;0;0;1;3;16;A01
201200029929;0;7;0;0;2;2;13;A01
201200029929;0;7;0;0;2;1;1;B01
201200029930;0;2;0;0;2;7;14;A01
201200029930;0;7;0;0;2;6;13;B01
201200029931;0;1;0;0;2;1;1;B01
201200029931;0;7;0;0;2;3;1;A01
201200029932;0;7;0;0;2;3;9;A01
201200029932;0;1;0;0;2;1;0;B01
201200029933;0;7;0;15;0;1;1;A01
201200029934;0;1;0;0;2;1;1;A01
201200029934;1;10;0;0;2;7;16;B01
201200029935;0;7;0;0;2;3;1;A01
201200029935;0;7;0;0;2;2;1;B01
201200029936;0;30;0;0;0;0;1;A01
201200029937;0;14;0;0;0;7;15;A01
201200029938;0;2;0;0;0;8;1;A01
201200029939;0;7;0;0;1;2;17;A01
201200029940;0;1;0;0;2;1;1;A01
201200029940;0;7;0;0;2;3;1;B01
201200029941;0;7;0;0;2;3;1;A01
201200029941;0;7;0;0;2;4;1;B01
201200029941;0;7;0;0;2;4;1;C01
201200029941;1;7;0;0;2;1;1;D01
201200029941;1;7;0;0;2;4;1;E01
201200029942;0;7;0;0;0;7;1;A01
201200029943;0;2;0;0;2;1;1;A01
201200029943;0;7;0;0;2;4;1;B01
201200029944;0;1;0;0;0;0;1;A01
201200029945;0;10;0;0;2;7;16;A01
201200029945;0;2;0;0;2;8;1;B01
201200029946;0;31;0;0;6;0;1;A01
201200029947;0;1;0;0;2;1;1;A01
201200029947;0;7;0;0;2;3;1;B01
201200029948;0;7;0;15;2;7;1;A01
201200029948;0;7;0;0;2;1;1;B01
201200029949;0;15;0;0;2;1;1;A01
201200029949;0;10;0;0;2;4;1;B01
201200029949;0;10;0;0;2;4;1;C01
201200029950;0;7;0;0;1;4;4;A01
201200029951;0;7;0;0;2;1;1;B01
201200029951;0;7;0;0;2;7;1;A01
201200029952;0;2;0;0;0;1;1;A01
201200029953;0;7;0;0;2;5;20;A01
201200029953;0;2;0;0;2;1;1;B01
201200029954;0;2;0;0;2;3;1;B01
201200029954;1;7;0;0;2;1;9;Z01
201200029954;0;7;0;0;2;8;1;C01
201200029955;0;7;0;0;2;3;1;A01
201200029955;0;99;0;0;2;3;1;B01
201200029956;0;10;0;0;2;7;1;B01
201200029956;0;7;0;0;2;1;1;A01
201200029957;0;7;0;0;2;6;13;A01
201200029957;0;7;0;0;2;8;1;B01
201200029957;0;7;0;0;2;4;24;C01
201200029958;0;2;0;0;2;1;1;A01
201200029958;0;7;0;0;2;8;11;B01
201200029959;0;30;0;15;0;1;1;A01
201200029959;0;7;0;0;2;4;0;B01
201200029960;0;30;0;13;0;0;1;A01
201200029961;1;7;0;0;1;7;1;Z01
201200029962;0;7;0;0;2;1;1;A01
201200029962;0;10;0;0;2;4;1;B01
201200029962;0;7;0;0;2;4;1;C01
201200029963;0;7;0;2;0;1;1;A01
201200029964;0;7;0;0;1;1;16;A01
201200029965;0;7;0;0;2;2;15;A01
201200029965;0;7;0;0;2;2;1;B01
201200029966;0;7;0;0;2;3;1;A01
201200029966;0;2;0;0;2;7;1;B01
201200029967;0;7;0;13;0;2;1;A01
201200029968;0;1;0;0;2;1;1;A01
201200029968;0;7;0;0;2;6;15;B01
201200029969;0;7;0;6;0;2;1;A01
201200029970;0;31;0;0;2;1;1;A01
201200029970;0;10;0;0;2;7;15;B01
201200029971;0;7;0;0;2;3;9;A01
201200029971;0;99;0;0;2;3;1;B01
201200029972;0;7;0;0;2;0;15;A01
201200029972;0;10;0;0;2;1;0;B01
201200029973;0;7;0;0;2;8;15;A01
201200029973;0;30;0;0;2;1;17;B01
201200029974;0;30;0;0;0;7;1;A01
201200029975;1;7;0;0;2;7;17;A01
201200029975;0;7;0;8;2;8;1;B01
201200029976;0;7;0;0;2;2;1;A01
201200029976;0;7;0;0;2;4;1;B01
201200029977;0;2;0;0;0;1;1;A01
201200029978;0;7;0;0;2;1;1;A01
201200029978;0;7;0;0;1;4;1;B01
201200029979;0;7;0;15;0;3;1;A01
201200029980;0;7;0;0;2;1;5;A01
201200029980;0;7;0;0;2;1;1;B01
201200029981;0;7;0;0;1;2;14;A01
201200029982;0;2;0;0;0;1;1;A01
201200029983;0;7;0;4;0;1;1;A01
201200029983;0;7;0;0;2;3;1;B01
201200029984;0;7;0;0;2;1;1;A01
201200029984;0;2;0;0;2;4;23;B01
201200029985;0;1;0;0;0;1;1;A01
201200029986;0;10;0;4;0;3;1;A01
201200029987;0;33;0;0;2;1;0;B01
201200029987;0;14;0;0;2;3;9;A01
201200029988;0;21;0;0;0;8;1;A01
201200029989;0;30;0;0;2;1;1;A01
201200029989;0;7;0;0;2;8;1;B01
201200029990;0;2;0;0;5;7;1;A01
201200029991;0;7;0;0;1;3;1;A01
201200029992;0;7;0;0;2;2;1;A01
201200029992;0;1;0;0;2;3;15;B01
201200029993;0;30;0;0;0;7;1;A01
201200029994;0;2;0;2;0;1;21;A01
201200029995;0;1;0;12;2;1;1;A01
201200029996;0;3;0;0;1;2;20;A01
201200029997;0;7;0;0;2;2;15;A01
201200029997;0;7;0;0;2;1;1;B01
201200029998;0;7;0;0;1;4;4;A01
201200029999;0;7;0;4;0;1;16;A01
201200030000;0;10;0;0;1;4;4;A01
201200030001;0;1;0;0;0;0;1;A01
201200030002;0;7;0;15;0;2;1;A01
201200030003;0;2;0;0;0;0;1;A01
201200030004;0;7;0;0;2;1;2;A01
201200030004;0;7;0;0;2;4;1;B01
201200030005;0;2;0;0;0;7;1;A01
201200030006;0;33;0;0;2;0;1;A01
201200030006;0;7;0;0;2;4;1;B01
201200030006;0;7;0;0;9;3;1;C01
201200030007;0;1;0;0;2;0;2;A01
201200030007;0;7;0;0;2;7;17;B01
201200030008;0;2;0;0;2;1;1;A01
201200030008;0;7;0;0;2;4;2;B01
201200030009;0;7;0;15;0;1;1;A01
201200030010;0;30;0;0;0;1;1;A01
201200030011;0;10;0;1;0;2;1;A01
201200030011;0;13;0;0;2;4;24;B01
201200030012;0;7;0;4;0;1;1;A01
201200030013;0;30;0;15;2;3;1;A01
201200030014;0;7;0;4;0;1;1;A01
201200030015;0;7;0;0;1;0;0;A01
201200030016;0;7;0;0;1;7;0;A01
201200030017;0;30;0;5;0;3;1;A01
201200030018;0;10;0;0;2;1;1;A01
201200030018;0;7;0;0;2;4;1;B01
201200030019;0;2;0;0;0;8;0;A01
201200030020;0;30;0;0;2;1;2;A01
201200030020;0;7;0;0;2;6;23;B01
201200030021;0;30;0;0;2;1;2;A01
201200030021;0;7;0;0;2;4;23;B01
201200030022;0;30;0;0;2;2;1;B01
201200030022;0;7;0;0;2;1;15;A01
201200030023;1;7;0;0;1;4;4;A01
201200030024;0;7;0;0;1;3;1;A01
201200030025;0;7;0;0;2;1;1;B01
201200030025;0;7;0;0;2;2;15;A01
201200030026;0;7;0;0;2;3;16;B01
201200030026;0;7;0;0;2;8;13;A01
201200030027;0;33;0;12;0;2;13;A01
201200030028;0;33;0;0;0;0;1;A01
201200030029;0;10;0;0;2;1;1;B01
201200030029;0;7;0;0;2;2;15;A01
201200030030;0;7;0;8;0;1;14;A01
201200030031;0;7;0;0;2;4;23;D01
201200030031;0;7;0;0;2;4;23;C01
201200030031;0;7;0;0;2;1;2;A01
201200030031;0;30;0;0;2;4;23;B01
201200030032;0;7;0;8;0;1;14;A01
201200030033;0;7;0;0;2;4;2;B01
201200030033;0;7;0;0;2;1;2;A01
201200030034;0;7;0;0;2;7;17;A01
201200030034;0;1;0;0;2;8;2;B01
201200030035;0;30;0;0;0;0;1;A01
201200030036;0;7;0;0;2;3;19;A01
201200030036;0;37;1;0;2;1;1;B01