num_acc;senc;catv;occutc;obs;obsm;choc;manv;num_veh
201200030037;0;7;0;0;2;3;1;A01
201200030037;0;33;0;0;2;1;1;B01
201200030038;0;7;0;0;1;2;16;A01
201200030039;0;30;0;0;0;8;1;A01
201200030040;0;10;0;0;1;4;4;A01
201200030041;0;7;0;0;1;2;1;A01
201200030042;0;7;0;0;2;1;15;A01
201200030042;0;33;0;0;2;1;1;B01
201200030043;0;7;0;15;0;1;13;A01
201200030044;0;7;0;0;2;1;2;A01
201200030044;0;3;0;0;2;4;23;B01
201200030045;0;10;0;0;2;1;19;A01
201200030045;0;3;0;1;2;7;1;B01
201200030046;0;1;0;0;2;1;1;A01
201200030046;0;1;0;0;2;5;1;B01
201200030047;0;7;0;0;2;1;2;A01
201200030047;0;37;11;0;2;4;23;B01
201200030048;0;30;0;16;0;3;1;A01
201200030049;0;30;0;0;0;0;1;A01
201200030050;0;7;0;0;1;1;1;A01
201200030051;0;7;0;8;0;2;14;A01
201200030052;0;7;0;0;1;8;1;A01
201200030053;0;30;0;0;0;3;1;A01
201200030054;0;30;0;16;0;8;1;A01
201200030055;0;7;0;0;2;1;1;B01
201200030055;0;7;0;0;2;2;15;A01
201200030056;0;7;0;0;2;3;9;A01
201200030056;0;30;0;0;2;1;1;B01
201200030057;0;30;0;0;2;3;1;B01
201200030057;0;36;0;0;2;5;17;A01
201200030058;0;7;0;0;2;1;13;A01
201200030058;0;7;0;0;2;1;1;B01
201200030059;0;7;0;0;2;1;2;A01
201200030059;0;7;0;0;2;4;2;C01
201200030059;0;7;0;0;2;4;2;B01
201200030060;0;7;0;6;0;3;13;A01
201200030061;0;7;0;0;2;2;16;A01
201200030061;0;1;0;0;2;3;1;B01
201200030062;2;1;0;0;1;1;1;Z01
201200030063;1;33;0;0;2;2;1;A01
201200030064;0;1;0;12;0;2;14;A01
201200030065;0;7;0;0;2;1;2;A01
201200030065;0;7;0;0;2;4;2;B01
201200030066;0;1;0;0;2;1;19;A01
201200030066;0;7;0;0;2;3;1;B01
201200030067;0;7;0;2;0;1;14;A01
201200030068;0;7;0;1;0;2;14;A01
201200030069;0;30;0;0;0;0;1;A01
201200030070;0;7;0;0;2;4;2;B01
201200030070;0;7;0;0;2;1;2;A01
201200030071;0;7;0;15;0;2;14;A01
201200030072;0;7;0;0;2;3;15;A01
201200030072;0;30;0;0;2;1;1;B01
201200030073;0;30;0;0;0;8;1;A01
201200030074;0;30;0;0;2;1;13;A01
201200030074;0;7;0;0;2;3;1;B01
201200030075;0;7;0;0;2;3;9;A01
201200030075;0;7;0;0;2;1;1;B01
201200030076;0;7;0;0;2;3;15;A01
201200030076;0;10;0;0;2;1;1;B01
201200030077;0;7;0;0;2;1;1;B01
201200030077;0;7;0;0;2;8;9;A01
201200030078;0;7;0;0;2;1;2;A01
201200030078;0;7;0;0;2;4;2;B01
201200030079;0;7;0;0;2;1;13;A01
201200030079;0;7;0;0;2;3;1;B01
201200030080;0;7;0;0;2;1;2;A01
201200030080;0;7;0;0;2;4;2;B01
201200030081;0;7;0;0;2;2;17;A01
201200030081;0;7;0;0;2;6;15;B01
201200030082;0;30;0;0;2;1;15;A01
201200030082;0;30;0;0;2;4;15;B01
201200030083;0;7;0;13;0;1;14;A01
201200030084;0;33;0;16;0;1;1;A01
201200030085;0;7;0;0;2;1;1;B01
201200030085;0;7;0;0;2;1;13;A01
201200030086;0;7;0;0;2;8;15;A01
201200030086;0;30;0;0;2;3;1;B01
201200030087;0;31;0;0;2;1;2;A01
201200030087;0;7;0;0;2;5;16;B01
201200030088;0;7;0;0;1;3;1;A01
201200030089;0;7;0;0;2;1;15;A01
201200030089;0;7;0;0;2;7;1;B01
201200030090;0;7;0;0;2;7;9;A01
201200030090;0;33;0;0;2;3;1;B01
201200030091;0;7;0;8;0;3;14;A01
201200030092;0;7;0;0;2;2;15;A01
201200030092;0;30;0;0;2;1;1;B01
201200030093;0;7;0;0;2;8;9;A01
201200030093;0;7;0;0;2;3;1;B01
201200030094;0;33;0;12;0;2;14;A01
201200030095;0;7;0;13;0;1;13;A01
201200030096;0;7;0;1;0;3;13;A01
201200030097;0;7;0;0;2;5;14;A01
201200030097;0;15;0;0;2;3;1;B01
201200030098;0;10;0;0;2;1;1;B01
201200030098;0;7;0;0;2;3;19;A01
201200030099;0;7;0;0;2;1;9;A01
201200030099;0;30;0;0;2;7;1;B01
201200030100;0;7;0;0;2;8;15;A01
201200030100;0;33;0;0;2;1;1;B01
201200030101;0;30;0;0;0;0;1;A01
201200030102;0;32;0;0;2;3;13;A01
201200030102;0;7;0;0;2;2;1;B01
201200030103;0;7;0;0;1;2;1;A01
201200030104;0;30;0;0;2;1;17;A01
201200030104;0;7;0;0;2;8;15;B01
201200030105;0;7;0;0;0;0;14;C01
201200030105;0;7;0;0;2;4;24;B01
201200030105;0;7;0;1;0;1;14;A01
201200030106;0;33;0;0;2;1;1;A01
201200030106;0;7;0;0;2;6;23;B01
201200030107;0;7;0;0;2;5;15;A01
201200030107;0;33;0;0;2;1;1;B01
201200030108;0;30;0;0;2;1;1;B01
201200030108;0;7;0;0;2;2;15;A01
201200030109;0;30;0;1;0;1;2;A01
201200030109;0;14;0;0;2;6;23;B01
201200030110;0;30;0;0;2;3;13;A01
201200030110;0;30;0;0;2;7;1;B01
201200030111;0;7;0;0;1;2;1;A01
201200030112;0;7;0;0;2;1;2;A01
201200030112;0;7;0;0;2;4;2;B01
201200030113;0;33;0;16;0;1;1;A01
201200030114;0;7;0;0;1;4;4;A01
201200030115;0;10;0;0;1;2;1;B01
201200030116;0;7;0;0;2;4;2;B01
201200030116;0;7;0;0;2;1;2;A01
201200030117;0;7;0;0;1;4;4;A01
201200030118;0;7;0;9;0;1;1;A01
201200030119;0;30;0;0;2;1;2;A01
201200030119;0;7;0;0;2;6;23;B01
201200030120;1;7;0;0;0;0;9;B01
201200030120;0;30;0;0;0;0;1;A01
201200030121;0;7;0;1;0;2;14;A01
201200030122;0;7;0;1;2;4;2;B01
201200030122;0;30;0;0;2;1;2;A01
201200030123;0;7;0;16;0;1;1;A01
201200030124;0;33;0;12;0;3;13;A01
201200030125;0;7;0;6;0;1;13;A01
201200030126;0;33;0;0;0;7;15;A01
201200030127;0;30;0;0;2;7;19;A01
201200030127;0;7;0;0;2;1;1;B01
201200030128;0;7;0;0;2;3;15;A01
201200030128;0;30;0;0;2;1;1;B01
201200030129;0;7;0;9;0;1;13;A01
201200030130;0;33;0;0;2;1;1;B01
201200030130;0;7;0;0;2;1;9;A01
201200030131;0;30;0;12;0;1;14;A01
201200030132;0;7;0;0;2;1;2;A01
201200030132;0;7;0;0;2;4;23;B01
201200030133;0;7;0;0;2;4;23;B01
201200030133;0;7;0;0;2;1;2;A01
201200030134;0;7;0;0;2;3;13;A01
201200030134;0;7;0;0;2;8;1;B01
201200030135;0;7;0;0;1;1;1;A01
201200030136;0;7;0;0;2;1;1;B01
201200030136;0;33;0;0;2;1;14;A01
201200030137;0;7;0;0;2;0;14;A01
201200030137;0;1;0;0;2;0;1;B01
201200030138;0;7;0;0;1;3;1;B01
201200030139;0;30;0;16;0;8;13;A01
201200030140;0;7;0;0;2;1;9;A01
201200030140;0;7;0;0;2;3;1;B01
201200030141;1;7;0;0;1;7;1;A01
201200030142;0;7;0;0;2;5;15;A01
201200030142;0;31;0;0;2;1;1;B01
201200030143;0;1;0;0;0;0;13;A01
201200030144;0;7;0;0;2;7;1;B01
201200030144;0;7;0;0;2;1;15;A01
201200030145;1;10;0;0;2;3;18;A01
201200030145;0;30;0;0;2;5;1;B01
201200030146;0;30;0;0;2;1;2;A01
201200030146;0;7;0;0;2;4;2;B01
201200030147;0;7;0;0;2;1;2;A01
201200030147;0;7;0;0;2;1;2;B01
201200030148;0;7;0;0;2;2;9;A01
201200030148;0;30;0;0;2;1;1;B01
201200030149;0;30;0;0;2;1;18;B01
201200030149;0;7;0;0;2;2;15;A01
201200030150;0;7;0;0;2;1;2;A01
201200030150;0;7;0;0;2;4;2;B01
201200030151;0;30;0;0;2;1;2;A01
201200030151;0;7;0;0;2;4;2;B01
201200030152;0;1;0;0;2;6;1;A01
201200030152;2;30;0;0;2;1;2;B01
201200030153;0;7;0;0;1;3;15;A01
201200030154;0;30;0;0;0;0;1;A01
201200030155;0;7;0;0;2;1;1;A01
201200030155;0;7;0;0;2;8;1;B01
201200030156;1;7;0;0;2;1;2;A01
201200030156;0;7;0;0;2;4;23;B01
201200030157;0;7;0;0;2;7;19;A01
201200030157;0;7;0;0;2;1;1;B01
201200030158;0;2;0;0;2;6;9;A01
201200030158;0;2;0;0;2;1;13;B01
201200030159;0;7;0;0;2;1;1;A01
201200030159;0;7;0;0;2;3;1;B01
201200030160;0;1;0;16;0;0;1;A01
201200030161;0;30;0;0;0;0;1;A01
201200030162;0;7;0;0;1;8;1;A01
201200030163;0;30;0;0;2;2;1;B01
201200030163;0;7;0;0;2;1;9;A01
201200030164;0;31;0;0;0;0;1;A01
201200030165;0;7;0;0;0;0;13;C01
201200030165;0;33;0;0;2;1;17;B01
201200030165;0;7;0;0;2;3;13;A01
201200030165;0;7;0;0;0;0;13;D01
201200030165;0;7;0;0;0;0;13;E01
201200030166;0;30;0;16;0;7;1;A01
201200030167;0;7;0;0;2;1;2;A01
201200030167;0;7;0;0;2;4;2;B01
201200030167;0;7;0;0;2;4;2;C01
201200030168;0;33;0;0;2;1;2;A01
201200030168;0;7;0;0;2;6;1;B01
201200030169;0;30;0;16;0;7;1;A01
201200030170;0;7;0;0;2;3;1;B01
201200030170;0;7;0;0;2;1;15;A01
201200030171;0;7;0;0;2;5;17;A01
201200030171;0;1;0;0;2;3;1;B01
201200030172;0;37;1;0;1;1;15;A01
201200030173;0;7;0;11;0;1;14;A01
201200030174;0;1;0;0;2;4;23;B01
201200030174;0;7;0;0;2;1;2;A01
201200030175;0;7;0;0;2;1;13;A01
201200030175;0;7;0;0;2;1;1;B01
201200030176;0;7;0;0;1;5;1;A01
201200030177;0;7;0;6;0;1;14;A01
201200030178;0;30;0;16;0;8;1;A01
201200030179;0;7;0;0;1;1;15;A01
201200030180;0;7;0;0;2;4;23;C01
201200030180;0;7;0;0;2;4;23;B01
201200030180;0;7;0;0;2;1;2;A01
201200030181;0;30;0;0;2;1;9;A01
201200030181;0;7;0;0;2;5;1;B01
201200030182;0;7;0;0;2;4;23;B01
201200030182;0;7;0;0;2;1;2;A01
201200030183;0;2;0;12;0;2;14;A01
201200030184;0;7;0;0;1;1;9;A01
201200030185;0;33;0;16;0;0;1;A01
201200030186;0;30;0;0;2;2;17;A01
201200030186;0;7;0;0;2;8;15;B01
201200030187;0;7;0;14;0;1;13;A01
201200030188;0;7;0;0;2;7;17;E01
201200030188;0;7;0;0;2;1;17;D01
201200030188;0;10;0;13;2;4;23;B01
201200030188;0;15;0;0;2;1;13;A01
201200030188;0;7;0;0;2;1;1;C01
201200030189;0;7;0;0;2;1;1;B01
201200030189;0;7;0;0;2;3;1;A01
201200030190;0;7;0;0;2;8;13;B01
201200030190;0;30;0;0;2;1;17;A01
201200030191;0;7;0;0;2;1;1;B01
201200030191;0;10;0;0;2;2;15;A01
201200030192;0;30;0;13;0;1;13;A01
201200030193;0;7;0;8;0;2;13;A01
201200030194;0;33;0;0;0;7;1;A01
201200030195;0;7;0;0;2;2;15;A01
201200030195;0;7;0;0;2;1;1;B01
201200030196;1;7;0;0;1;2;15;Z01
201200030197;0;33;0;0;0;0;1;A01
201200030198;0;7;0;0;1;1;9;A01
201200030199;0;7;0;0;2;3;15;A01
201200030199;0;30;0;0;2;1;1;B01
201200030200;0;7;0;0;2;3;15;A01
201200030200;0;33;0;0;2;1;1;B01
201200030201;0;7;0;0;2;2;15;A01
201200030201;0;30;0;0;2;1;1;B01
201200030202;0;1;0;0;2;1;2;B01
201200030202;0;7;0;0;2;4;4;A01
201200030203;0;7;0;0;2;1;15;B01
201200030203;0;7;0;0;2;1;1;A01
201200030204;0;7;0;0;2;1;2;A01
201200030204;0;7;0;0;2;4;23;B01
201200030205;0;7;0;0;1;2;1;B01
201200030206;0;30;0;0;2;8;1;B01
201200030206;0;7;0;0;2;3;16;A01
201200030207;0;7;0;0;2;1;9;A01
201200030207;0;7;0;0;2;1;1;B01
201200030208;0;7;0;0;2;7;1;B01
201200030208;0;7;0;0;2;1;9;A01
201200030209;0;1;0;0;2;1;1;B01
201200030209;0;7;0;0;2;3;15;A01
201200030210;0;37;1;0;1;1;1;A01
201200030211;0;7;0;15;0;3;14;A01
201200030212;0;1;0;0;2;4;1;B01
201200030212;0;7;0;0;2;1;9;A01
201200030213;0;7;0;0;2;4;23;C01
201200030213;0;7;0;0;2;4;23;B01
201200030213;0;14;0;0;2;1;1;A01
201200030214;0;7;0;0;1;1;1;A01
201200030215;1;7;0;0;1;4;4;Z01
201200030216;0;7;0;6;2;1;2;A01
201200030216;0;7;0;0;2;4;2;B01
201200030217;0;7;0;0;1;3;1;A01
201200030218;0;7;0;0;1;1;1;A01
201200030219;0;7;0;0;0;4;23;B01
201200030219;0;7;0;0;0;4;2;A01
201200030220;0;7;0;0;2;3;11;A01
201200030220;0;30;0;0;2;3;1;B01
201200030221;0;7;0;0;2;1;2;A01
201200030221;0;7;0;0;0;4;23;B01
201200030222;0;38;46;0;2;3;1;B01
201200030222;0;7;0;0;2;1;13;A01
201200030223;0;7;0;0;2;1;2;A01
201200030223;0;7;0;14;0;4;2;B01
201200030223;0;7;0;0;0;4;2;C01
201200030224;0;7;0;14;0;9;1;A01
201200030225;0;30;0;0;0;0;1;A01
201200030226;0;7;0;0;1;6;20;A01
201200030227;0;7;0;0;1;2;1;A01
201200030228;0;7;0;0;1;4;4;A01
201200030229;0;7;0;6;0;1;1;A01
201200030230;0;7;0;0;2;3;2;A01
201200030230;0;30;0;0;0;4;2;B01
201200030231;0;7;0;0;2;5;9;A01
201200030231;0;30;0;0;2;2;13;B01
201200030232;0;7;0;13;2;3;15;A01
201200030232;0;7;0;0;2;1;1;B01
201200030232;0;7;0;14;0;7;1;C01
201200030233;0;3;0;0;2;2;15;A01
201200030233;0;7;0;0;2;3;1;B01
201200030234;1;99;0;0;0;0;0;A01
201200030235;0;7;0;0;2;4;2;B01
201200030235;0;10;0;0;2;4;2;D01
201200030235;0;7;0;0;2;4;2;C01
201200030235;0;7;0;0;2;1;2;A01
201200030236;0;7;0;0;1;5;20;A01
201200030237;2;7;0;0;2;1;2;A01
201200030237;2;13;0;0;2;4;23;B01
201200030238;0;7;0;0;2;8;15;A01
201200030238;0;33;0;0;2;1;1;B01
201200030239;0;7;0;0;2;6;9;A01
201200030239;0;30;0;0;2;1;1;B01
201200030240;0;7;0;0;2;3;1;B01
201200030240;0;7;0;0;2;0;1;A01
201200030241;0;7;0;0;1;1;1;A01
201200030242;0;7;0;0;1;1;1;A01
201200030243;0;7;0;14;0;3;1;A01
201200030244;0;7;0;0;2;3;23;D01
201200030244;0;2;0;0;2;1;19;A01
201200030244;0;7;0;0;2;0;23;C01
201200030244;0;7;0;0;2;1;1;B01
201200030245;0;7;0;0;2;8;15;A01
201200030245;0;7;0;0;2;1;15;B01
201200030246;0;30;0;0;0;8;1;A01
201200030247;0;7;0;0;1;2;1;A01
201200030248;0;7;0;0;1;4;4;A01
201200030249;0;7;0;0;1;1;1;A01
201200030250;0;7;0;0;2;2;1;B01
201200030250;0;7;0;0;2;2;9;A01
201200030251;0;7;0;0;1;5;4;A01
201200030252;0;10;0;0;1;5;4;A01
201200030253;0;7;0;0;1;2;1;A01
201200030254;0;7;0;0;2;1;1;A01
201200030254;0;7;0;0;0;4;1;B01
201200030255;0;30;0;0;0;6;20;A01
201200030256;0;30;0;7;0;1;1;A01
201200030257;0;30;0;0;0;0;0;A01
201200030258;0;10;0;0;2;1;5;A01
201200030258;0;21;0;0;2;1;5;B01
201200030259;0;30;0;0;0;7;1;A01
201200030260;0;30;0;0;0;0;1;A01
201200030261;0;7;0;0;0;4;2;B01
201200030261;0;30;0;0;2;1;2;A01
201200030262;0;10;0;0;1;7;1;A01
201200030263;1;7;0;0;2;1;1;A01
201200030263;0;1;0;0;2;8;1;B01
201200030264;0;7;0;0;1;1;0;A01
201200030265;0;7;0;0;1;3;15;A01
201200030266;0;7;0;0;0;4;23;B01
201200030266;0;2;0;0;2;1;2;A01
201200030267;0;7;0;0;2;1;13;A01
201200030267;0;7;0;0;2;1;1;B01
201200030268;0;1;0;0;2;5;1;B01
201200030268;0;7;0;0;2;3;9;A01
201200030269;0;7;0;13;0;2;0;A01
201200030270;0;7;0;0;9;1;15;A01
201200030270;0;1;0;0;2;1;1;B01
201200030271;0;30;0;0;2;1;1;A01
201200030271;0;7;0;0;0;2;15;B01
201200030272;0;30;0;15;0;2;14;A01
201200030273;0;36;0;0;0;0;1;A01
201200030274;0;31;0;0;0;8;1;A01
201200030275;0;7;0;0;2;8;0;B01
201200030275;0;7;0;0;2;1;19;A01
201200030276;0;7;0;0;1;1;1;A01
201200030277;0;7;0;0;1;6;4;A01
201200030278;0;7;0;0;2;2;1;B01
201200030278;0;7;0;0;2;1;15;A01
201200030279;0;7;0;2;0;1;6;A01
201200030280;0;7;0;0;2;2;1;B01
201200030280;0;7;0;15;2;1;16;A01
201200030281;0;7;0;0;1;3;1;A01
201200030282;0;10;0;0;1;3;15;A01
201200030283;0;3;0;0;2;8;9;A01
201200030283;0;7;0;0;2;1;1;B01
201200030284;0;7;0;0;2;1;2;A01
201200030284;0;7;0;0;0;4;23;B01
201200030285;0;10;0;6;0;1;1;A01
201200030286;0;2;0;0;2;1;2;A01
201200030286;0;7;0;0;2;4;2;B01
201200030287;0;7;0;0;2;1;16;B01
201200030287;0;30;0;0;2;1;13;A01
201200030288;0;3;0;11;0;7;1;A01
201200030289;0;7;0;1;0;2;13;A01
201200030289;0;7;0;0;0;2;24;B01
201200030290;0;7;0;0;2;2;1;B01
201200030290;0;7;0;0;2;8;1;C01
201200030290;0;7;0;0;2;3;16;A01
201200030291;0;30;0;14;9;1;1;A01
201200030292;0;2;0;0;2;1;18;A01
201200030292;0;7;0;0;2;7;15;B01
201200030293;0;30;0;0;2;8;1;B01
201200030293;0;7;0;0;2;7;17;A01
201200030294;0;7;0;0;2;2;15;A01
201200030294;0;30;0;0;2;1;1;B01
201200030295;0;10;0;8;0;1;14;A01
201200030296;0;14;0;0;2;1;1;B01
201200030296;0;7;0;0;2;7;19;A01
201200030297;0;7;0;0;2;3;9;A01
201200030297;0;31;0;0;2;5;1;B01
201200030298;0;10;0;5;0;1;1;A01
201200030299;0;7;0;0;1;2;20;A01
201200030300;0;30;0;0;0;4;2;A01
201200030300;0;10;0;0;2;1;2;B01
201200030301;0;7;0;0;2;1;1;B01
201200030301;0;7;0;0;0;8;19;A01
201200030302;0;1;0;0;0;7;2;B01
201200030302;0;7;0;0;2;1;2;A01
201200030303;0;7;0;0;2;3;19;A01
201200030303;0;7;0;0;2;3;1;B01
201200030304;0;7;0;0;2;1;15;A01
201200030304;0;30;0;0;2;3;21;B01
201200030305;0;7;0;0;0;9;1;A01
201200030306;0;7;0;0;1;4;1;A01
201200030307;0;7;0;0;1;4;4;A01
201200030308;0;7;0;13;0;1;1;A01
201200030309;0;7;0;6;9;1;1;A01
201200030309;0;1;0;0;2;1;1;B01
201200030310;0;7;0;0;0;1;1;A01
201200030311;0;7;0;2;0;3;1;A01
201200030312;0;7;0;0;1;2;1;A01
201200030313;0;7;0;0;2;0;2;B01
201200030313;0;7;0;0;0;4;12;A01
201200030314;0;7;0;0;2;3;15;A01
201200030314;0;33;0;0;2;3;1;B01
201200030315;0;10;0;13;0;9;1;A01
201200030316;0;10;0;2;0;1;1;A01
201200030317;0;7;0;0;1;1;15;A01
201200030318;0;7;0;0;2;3;9;A01
201200030318;0;1;0;0;2;1;1;B01
201200030319;1;7;0;0;1;0;0;A01
201200030320;0;2;0;0;2;1;1;A01
201200030320;0;2;0;0;2;1;5;B01
201200030321;0;30;0;12;0;7;0;A01
201200030322;0;7;0;0;2;1;2;A01
201200030322;0;2;0;0;0;4;2;B01
201200030323;0;7;0;0;2;2;15;A01
201200030323;0;7;0;0;2;3;1;B01
201200030324;0;7;0;13;0;1;1;A01
201200030325;0;1;0;0;2;7;19;A01
201200030325;0;10;0;0;2;2;1;B01
201200030326;0;7;0;13;0;9;1;A01
201200030327;0;7;0;0;2;3;15;A01
201200030327;0;32;0;0;2;2;1;B01
201200030328;0;7;0;0;2;1;1;A01
201200030328;0;1;0;0;2;7;15;B01
201200030329;0;15;0;0;2;1;1;B01
201200030329;0;7;0;0;2;8;19;A01
201200030330;0;7;0;0;1;1;1;A01
201200030331;0;33;0;12;0;1;1;A01
201200030332;0;7;0;0;2;1;19;A01
201200030332;0;1;0;0;0;7;1;B01
201200030333;0;7;0;0;2;3;1;B01
201200030333;0;7;0;0;2;1;15;A01
201200030334;0;7;0;0;1;4;4;A01
201200030335;0;7;0;0;2;1;2;A01
201200030335;0;7;0;0;2;4;2;B01
201200030336;0;7;0;8;0;1;1;A01
201200030337;0;7;0;0;2;2;1;B01
201200030337;0;32;0;0;2;1;1;A01
201200030338;0;7;0;0;1;7;1;A01
201200030339;0;2;0;0;2;1;2;B01
201200030339;0;10;0;0;2;7;16;A01
201200030340;0;1;0;0;2;1;1;B01
201200030340;0;7;0;0;2;5;4;A01
201200030341;0;2;0;0;2;2;17;A01
201200030341;0;1;0;0;0;6;0;B01
201200030342;0;7;0;0;2;3;1;B01
201200030342;0;30;0;0;2;1;5;A01
201200030343;0;7;0;2;0;8;17;A01
201200030344;0;7;0;8;1;1;24;A01
201200030345;0;2;0;0;2;3;19;B01
201200030345;0;30;0;0;2;1;1;A01
201200030346;0;33;0;0;2;1;1;B01
201200030346;0;7;0;0;2;7;15;A01
201200030347;0;32;0;0;2;1;1;A01
201200030347;0;7;0;0;0;4;23;B01
201200030348;0;1;0;14;0;1;21;A01
201200030349;0;31;0;16;0;7;7;A01
201200030350;0;7;0;0;2;7;15;A01
201200030350;0;33;0;0;2;1;1;B01
201200030351;0;7;0;0;1;2;1;A01
201200030352;0;7;0;7;2;1;1;B01
201200030352;0;7;0;0;2;2;15;A01
201200030353;0;7;0;0;0;4;23;B01
201200030353;0;7;0;0;2;1;1;A01
201200030354;0;7;0;0;2;4;2;B01
201200030354;0;7;0;0;2;1;2;A01
201200030355;0;7;0;0;1;3;1;A01
201200030356;0;7;0;14;0;1;2;A01
201200030356;0;7;0;14;0;4;2;B01
201200030356;0;7;0;14;0;4;2;C01
201200030356;0;7;0;14;0;4;2;D01
201200030357;0;7;0;0;2;2;17;A01
201200030357;0;7;0;0;2;3;15;B01
201200030358;0;7;0;0;2;1;2;A01
201200030358;0;7;0;0;2;4;2;B01
201200030359;0;7;0;0;1;1;0;A01
201200030360;0;7;0;0;2;6;19;A01
201200030360;0;7;0;0;2;2;19;B01
201200030361;0;7;0;0;1;1;16;A01
201200030362;0;10;0;0;2;1;1;A01
201200030362;0;7;0;0;2;3;15;B01
201200030363;0;7;0;0;2;1;1;A01
201200030363;0;7;0;0;2;1;1;B01
201200030364;0;7;0;0;1;1;0;A01
201200030365;0;2;0;0;1;1;1;A01
201200030366;0;30;0;0;2;1;1;B01
201200030366;0;7;0;0;2;2;20;A01
201200030367;0;7;0;0;2;1;1;B01
201200030367;0;2;0;0;2;8;16;A01
201200030368;0;7;0;0;1;3;0;A01
201200030369;0;7;0;0;2;1;1;A01
201200030369;0;33;0;1;2;1;1;B01
201200030370;0;33;0;0;2;1;1;B01
201200030370;0;7;0;0;2;8;9;A01
201200030371;1;7;0;0;1;1;0;Z01
201200030372;0;10;0;0;2;2;15;A01
201200030372;0;2;0;0;2;1;1;B01
201200030373;0;7;0;0;1;7;1;A01
201200030374;0;7;0;0;1;2;1;A01
201200030375;0;1;0;0;1;1;5;A01
201200030376;0;3;0;0;2;1;17;A01
201200030376;0;10;0;0;2;1;1;B01
201200030377;0;7;0;1;0;2;1;A01
201200030378;0;7;0;0;2;4;1;B01
201200030378;0;2;0;0;2;1;9;A01
201200030379;0;10;0;0;2;6;0;A01
201200030379;0;33;0;0;2;1;0;B01
201200030380;0;7;0;0;1;3;15;A01
201200030381;0;37;1;0;1;8;15;A01
201200030382;0;7;0;0;2;1;15;A01
201200030382;0;7;0;15;2;5;1;B01
201200030383;0;33;0;0;2;1;1;B01
201200030383;0;7;0;0;2;7;19;A01
201200030384;0;7;0;0;2;3;20;B01
201200030384;0;30;0;1;2;7;17;A01
201200030385;0;2;0;9;0;1;1;A01
201200030386;0;40;0;0;2;3;1;B01
201200030386;0;2;0;0;4;7;6;A01
201200030387;0;7;0;0;1;1;15;A01
201200030388;0;33;0;0;1;7;17;A01
201200030389;0;10;0;0;2;8;11;A01
201200030389;0;32;0;0;2;6;1;B01
201200030390;0;10;0;0;2;1;1;A01
201200030390;0;7;0;0;0;6;12;B01
201200030391;2;30;0;1;1;8;5;A01
201200030392;0;2;0;0;2;7;17;A01
201200030392;0;7;0;0;2;8;15;B01
201200030393;0;7;0;0;0;6;11;B01
201200030393;0;32;0;0;2;1;2;A01
201200030394;0;7;0;0;2;1;1;D01
201200030394;0;7;0;3;2;1;21;B01
201200030394;0;7;0;0;2;3;13;A01
201200030394;0;7;0;0;2;6;1;C01
201200030395;0;14;0;0;2;3;20;A01
201200030395;0;33;0;0;2;1;1;B01
201200030396;0;15;0;0;2;8;1;B01
201200030396;0;7;0;0;2;1;5;A01
201200030397;0;7;0;14;0;2;17;A01
201200030397;0;7;0;14;2;1;2;B01
201200030397;0;7;0;0;2;4;23;C01
201200030398;0;7;0;0;1;1;1;A01
201200030399;0;7;0;0;2;4;20;B01
201200030399;0;7;0;0;2;3;1;A01
201200030400;0;33;0;12;0;1;1;A01
201200030401;0;7;0;0;1;0;0;A01
201200030402;2;33;0;0;2;1;17;Z01
201200030402;0;7;0;0;2;1;15;A01
201200030403;0;33;0;0;1;1;2;A01
201200030404;0;7;0;0;2;2;10;A01
201200030404;0;33;0;12;2;1;1;B01
201200030405;0;33;0;3;2;7;1;C01
201200030405;0;15;0;0;2;8;17;A01
201200030405;0;33;0;3;2;7;1;B01
201200030406;0;2;0;1;0;1;14;Z01
201200030407;0;33;0;0;2;1;1;B01
201200030407;0;7;0;0;2;4;4;A01
201200030408;0;33;0;0;2;1;2;B01
201200030408;0;7;0;0;2;4;15;A01
201200030409;0;7;0;0;1;1;15;A01
201200030410;0;30;0;0;2;1;15;A01
201200030410;0;7;0;0;2;3;1;B01
201200030411;0;33;0;0;2;1;1;B01
201200030411;0;7;0;0;2;2;15;A01
201200030412;0;2;0;0;2;1;1;B01
201200030412;0;7;0;0;2;2;15;A01
201200030413;0;7;0;0;1;3;15;A01
201200030414;0;7;0;0;1;2;1;A01
201200030415;0;7;0;0;2;1;1;B01
201200030415;0;7;0;0;2;7;1;A01
201200030416;0;7;0;0;2;3;9;A01
201200030416;0;2;0;0;2;2;1;B01
201200030417;0;37;1;0;2;2;1;B01
201200030417;0;1;0;0;2;3;1;A01
201200030418;0;7;0;0;2;1;15;A01
201200030418;0;2;0;0;2;1;1;B01
201200030419;0;7;0;0;1;7;1;A01
201200030419;0;7;0;0;2;1;1;B01
201200030420;0;10;0;0;2;8;10;A01
201200030420;0;31;0;0;2;1;17;B01
201200030421;0;7;0;0;2;1;15;A01
201200030421;0;7;0;0;2;1;1;B01
201200030422;0;7;0;0;1;1;16;A01
201200030423;0;30;0;0;2;8;18;A01
201200030423;0;7;0;0;2;2;16;B01
201200030424;0;2;0;6;0;2;14;A01
201200030425;0;31;0;0;2;1;1;B01
201200030425;0;7;0;0;2;8;9;A01
201200030426;0;10;0;0;2;7;16;A01