num_acc;senc;catv;occutc;obs;obsm;choc;manv;num_veh
201200030806;0;7;0;0;2;1;1;A01
201200030806;0;7;0;0;2;4;1;B01
201200030807;0;1;0;0;1;1;1;A01
201200030808;0;7;0;0;9;8;1;B01
201200030808;0;1;0;0;2;1;15;A01
201200030809;0;30;0;0;2;3;0;A01
201200030809;0;7;0;0;2;4;0;B01
201200030810;0;7;0;0;1;1;1;A01
201200030811;0;7;0;1;0;7;0;A01
201200030812;0;7;0;0;1;2;1;A01
201200030813;0;10;0;0;2;8;1;B01
201200030813;0;30;0;0;2;7;15;A01
201200030814;0;7;0;0;2;4;2;B01
201200030814;0;7;0;0;0;4;2;C01
201200030814;0;7;0;0;2;1;2;A01
201200030815;1;7;0;0;2;4;1;B01
201200030815;0;32;0;0;2;1;1;A01
201200030816;0;7;0;1;2;1;0;A01
201200030816;0;7;0;0;2;8;4;B01
201200030816;0;7;0;0;2;1;24;C01
201200030817;0;7;0;0;2;5;0;C01
201200030817;0;7;0;0;2;3;0;B01
201200030817;1;7;0;0;2;1;0;A01
201200030818;0;10;0;0;9;0;16;A01
201200030818;0;1;0;0;2;8;1;B01
201200030819;0;7;0;0;2;6;23;B01
201200030819;0;7;0;0;2;1;2;A01
201200030820;0;10;0;0;1;4;4;A01
201200030821;0;7;0;0;2;4;23;D01
201200030821;0;7;0;0;2;4;23;C01
201200030821;0;7;0;0;2;1;1;A01
201200030821;0;7;0;0;2;4;23;B01
201200030822;0;7;0;0;2;1;0;B01
201200030822;0;2;0;0;2;1;0;A01
201200030823;0;2;0;0;2;3;9;A01
201200030823;0;7;0;0;2;7;1;B01
201200030824;0;7;0;0;9;5;0;A01
201200030824;0;1;0;0;2;1;1;B01
201200030825;0;1;0;0;2;1;1;A01
201200030825;0;7;0;0;9;1;1;B01
201200030826;0;7;0;0;1;2;1;A01
201200030827;0;7;0;0;2;3;16;B01
201200030827;0;7;0;0;2;7;1;A01
201200030828;0;7;0;0;2;4;1;C01
201200030828;0;7;0;0;2;4;1;B01
201200030828;0;7;0;0;2;1;1;A01
201200030829;0;7;0;0;2;4;23;B01
201200030829;0;7;0;0;2;1;2;A01
201200030830;0;7;0;0;2;1;2;A01
201200030830;0;7;0;0;2;4;2;B01
201200030831;0;30;0;0;1;3;1;A01
201200030832;0;7;0;0;1;3;1;A01
201200030833;0;7;0;0;2;4;23;C01
201200030833;0;7;0;0;2;4;23;B01
201200030833;0;7;0;0;2;1;2;A01
201200030834;0;1;0;0;2;1;23;B01
201200030834;0;7;0;0;9;1;15;A01
201200030835;0;7;0;0;1;2;15;A01
201200030836;0;37;15;0;1;5;9;A01
201200030837;0;7;0;0;1;1;15;A01
201200030838;0;7;0;0;2;4;23;B01
201200030838;0;14;0;0;2;3;2;A01
201200030839;0;7;0;0;2;1;5;A01
201200030839;0;7;0;0;2;8;1;C01
201200030839;0;7;0;0;2;8;1;B01
201200030840;0;37;15;0;2;2;1;B01
201200030840;0;7;0;0;2;5;4;A01
201200030841;0;33;0;0;2;7;17;A01
201200030841;0;7;0;0;2;3;15;B01
201200030842;1;7;0;0;2;1;1;Z01
201200030842;0;7;0;0;2;4;1;A01
201200030843;0;7;0;0;2;1;2;A01
201200030843;0;7;0;0;2;6;1;B01
201200030844;0;7;0;0;1;3;15;A01
201200030845;0;7;0;0;1;2;1;A01
201200030846;0;37;1;0;1;3;0;A01
201200030847;0;7;0;0;2;1;2;A01
201200030847;0;7;0;0;2;4;2;B01
201200030848;0;7;0;0;2;3;0;A01
201200030848;0;15;0;0;2;3;0;B01
201200030849;0;3;0;0;2;4;0;D01
201200030849;0;7;0;0;2;4;0;B01
201200030849;0;7;0;0;2;1;0;A01
201200030849;0;7;0;0;2;4;0;C01
201200030850;0;7;0;0;2;3;0;A01
201200030850;0;7;0;15;2;1;0;B01
201200030851;0;7;0;0;2;1;1;B01
201200030851;0;7;0;0;2;2;14;A01
201200030852;0;7;0;0;2;1;0;B01
201200030852;0;7;0;0;2;7;15;A01
201200030853;0;7;0;0;1;1;1;A01
201200030854;0;7;0;0;2;1;0;B01
201200030854;0;7;0;0;2;7;0;A01
201200030855;0;7;0;0;2;1;2;A01
201200030855;0;2;0;0;2;4;2;B01
201200030856;0;7;0;0;2;4;1;B01
201200030856;0;7;0;0;2;1;2;A01
201200030857;0;7;0;0;1;3;1;A01
201200030858;0;1;0;0;2;1;0;A01
201200030858;0;7;0;0;2;2;15;B01
201200030859;0;7;0;0;2;2;1;A01
201200030859;0;7;0;0;2;5;1;B01
201200030860;0;7;0;0;2;1;0;A01
201200030860;0;7;0;0;2;3;0;B01
201200030861;0;7;0;0;2;4;2;C01
201200030861;0;7;0;0;2;1;2;A01
201200030861;0;7;0;0;2;4;23;D01
201200030861;0;7;0;0;2;4;2;B01
201200030862;0;2;0;0;2;4;23;B01
201200030862;0;10;0;0;2;1;2;A01
201200030863;0;7;0;0;2;2;1;A01
201200030863;0;7;0;0;2;8;24;B01
201200030864;0;7;0;0;2;0;0;B01
201200030864;0;1;0;0;2;0;0;A01
201200030865;0;7;0;0;1;1;1;A01
201200030866;0;7;0;0;1;3;1;A01
201200030867;0;32;0;1;2;1;21;B01
201200030867;0;7;0;0;2;2;20;A01
201200030868;0;33;0;0;2;1;0;A01
201200030868;0;7;0;0;2;4;0;B01
201200030869;0;7;0;0;1;1;0;A01
201200030870;0;7;0;6;0;1;0;A01
201200030871;0;7;0;0;1;1;15;A01
201200030872;0;7;0;0;2;1;1;B01
201200030872;0;7;0;0;2;1;17;A01
201200030873;0;7;0;0;2;4;2;B01
201200030873;0;7;0;0;2;1;2;A01
201200030874;0;33;0;0;2;8;0;B01
201200030874;0;7;0;0;2;1;0;A01
201200030875;0;10;0;6;0;1;13;A01
201200030876;0;1;0;12;0;1;1;A01
201200030877;0;7;0;0;1;0;15;A01
201200030878;0;7;0;0;2;3;1;B01
201200030878;0;1;0;0;2;2;1;A01
201200030879;0;40;0;0;4;3;0;B01
201200030879;0;7;0;0;4;1;0;A01
201200030880;0;1;0;0;2;1;1;A01
201200030881;0;7;0;0;1;3;15;A01
201200030882;0;7;0;0;2;2;10;A01
201200030882;0;7;0;0;2;1;1;B01
201200030883;0;7;0;0;2;4;2;C01
201200030883;0;7;0;0;2;1;2;A01
201200030883;0;7;0;0;2;5;2;B01
201200030884;0;37;3;0;2;3;1;B01
201200030884;0;7;0;0;2;2;16;A01
201200030885;0;10;0;8;0;1;0;A01
201200030886;0;7;0;0;1;2;9;A01
201200030887;0;7;0;0;2;2;15;A01
201200030887;0;7;0;0;2;3;0;B01
201200030888;0;2;0;0;2;1;1;A01
201200030888;0;7;0;0;2;4;1;B01
201200030889;0;7;0;0;1;2;0;A01
201200030890;0;7;0;0;2;4;23;B01
201200030890;1;7;0;0;2;1;2;Z01
201200030891;0;7;0;0;1;2;1;A01
201200030892;0;10;0;0;2;1;2;A01
201200030892;0;7;0;0;2;4;23;B01
201200030893;0;7;0;0;2;1;2;A01
201200030893;0;7;0;0;2;4;2;B01
201200030894;0;1;0;0;2;0;0;A01
201200030894;0;7;0;0;2;0;0;B01
201200030895;0;7;0;0;2;3;0;A01
201200030895;0;7;0;0;2;2;0;B01
201200030896;1;7;0;0;2;3;15;Z01
201200030896;0;7;0;0;2;3;2;B01
201200030897;0;7;0;0;2;3;1;A01
201200030897;0;37;2;0;2;2;1;B01
201200030898;0;10;0;0;1;3;0;A01
201200030899;0;7;0;0;2;3;0;A01
201200030899;0;7;0;0;2;4;0;B01
201200030900;0;7;0;0;2;4;0;B01
201200030900;0;7;0;0;2;1;0;A01
201200030901;0;7;0;0;1;1;1;A01
201200030902;0;7;0;0;2;1;1;B01
201200030902;0;7;0;0;2;1;1;A01
201200030903;0;7;0;0;1;2;1;A01
201200030904;0;1;0;0;2;1;19;A01
201200030904;0;7;0;0;2;1;16;B01
201200030905;0;7;0;0;2;4;2;B01
201200030905;0;7;0;0;2;1;2;A01
201200030906;0;7;0;0;2;4;1;B01
201200030906;0;7;0;0;2;1;1;A01
201200030907;0;7;0;0;2;2;1;A01
201200030908;0;7;0;0;2;3;0;B01
201200030908;0;7;0;0;2;1;15;A01
201200030909;0;7;0;0;1;4;4;A01
201200030910;0;1;0;0;2;1;1;A01
201200030910;0;7;0;0;9;3;1;B01
201200030911;0;7;0;0;2;7;1;B01
201200030911;0;2;0;0;2;8;11;A01
201200030912;0;7;0;0;1;3;1;A01
201200030913;0;7;0;0;2;1;19;A01
201200030913;0;7;0;0;2;1;1;B01
201200030914;0;10;0;0;2;1;1;A01
201200030914;0;7;0;0;0;4;2;B01
201200030914;0;7;0;0;0;4;2;C01
201200030915;0;7;0;0;2;2;9;A01
201200030915;0;7;0;0;2;1;1;B01
201200030916;0;7;0;0;1;4;4;A01
201200030917;0;7;0;0;2;2;23;B01
201200030917;1;30;0;0;2;1;5;A01
201200030918;0;7;0;0;1;2;1;A01
201200030919;0;7;0;0;1;2;15;A01
201200030920;0;7;0;0;1;2;1;A01
201200030921;0;33;0;0;0;9;15;A01
201200030922;0;7;0;0;1;3;1;A01
201200030923;0;30;0;8;0;3;1;A01
201200030924;0;7;0;0;2;1;1;B01
201200030924;0;7;0;0;0;8;15;A01
201200030925;0;7;0;0;2;4;1;C01
201200030925;0;7;0;0;2;1;1;Z01
201200030925;0;7;0;0;2;4;1;B01
201200030925;0;7;0;0;2;4;1;A01
201200030926;0;7;0;0;0;7;16;B01
201200030926;0;33;0;1;2;7;1;A01
201200030927;0;7;0;0;2;2;1;B01
201200030927;0;7;0;0;2;3;15;A01
201200030928;0;7;0;0;0;6;1;B01
201200030928;0;7;0;0;2;2;1;A01
201200030929;1;7;0;0;0;0;15;Z01
201200030929;0;2;0;0;0;0;1;A01
201200030930;0;7;0;13;0;1;1;A01
201200030931;0;7;0;0;2;3;1;A01
201200030931;0;7;0;0;2;7;16;C01
201200030931;0;7;0;0;2;5;1;B01
201200030932;0;7;0;0;2;7;1;B01
201200030932;0;7;0;0;2;1;15;A01
201200030933;0;14;0;0;2;4;4;A01
201200030933;0;33;0;0;2;1;23;B01
201200030934;0;7;0;1;0;9;1;A01
201200030935;0;7;0;0;2;4;1;B01
201200030935;0;7;0;0;2;1;1;A01
201200030936;0;7;0;0;2;7;1;A01
201200030936;0;37;4;0;2;1;1;B01
201200030937;0;1;0;0;2;1;23;B01
201200030937;0;7;0;0;9;3;15;A01
201200030938;0;7;0;7;0;3;1;A01
201200030939;0;7;0;0;2;1;1;B01
201200030939;0;7;0;0;2;1;1;A01
201200030939;0;7;0;0;2;1;1;C01
201200030939;0;7;0;0;2;1;1;D01
201200030940;0;7;0;0;2;8;15;A01
201200030940;0;2;0;0;2;1;1;B01
201200030941;0;7;0;0;2;8;15;A01
201200030941;0;2;0;0;2;1;1;B01
201200030942;0;7;0;0;1;2;1;A01
201200030943;0;33;0;8;0;1;1;A01
201200030944;0;33;0;1;0;3;1;A01
201200030945;0;30;0;0;2;1;1;B01
201200030945;0;7;0;0;2;2;15;A01
201200030946;0;7;0;0;0;2;0;A01
201200030947;0;7;0;3;0;0;17;A01
201200030948;0;33;0;0;2;3;1;B01
201200030948;0;7;0;0;0;6;15;A01
201200030949;0;7;0;13;0;1;1;A01
201200030950;0;7;0;0;0;9;1;A01
201200030951;0;7;0;0;1;1;1;A01
201200030952;0;7;0;0;9;8;9;A01
201200030952;0;17;0;0;2;1;2;B01
201200030953;0;7;0;0;2;1;2;A01
201200030953;0;7;0;0;9;4;2;B01
201200030954;0;7;0;0;1;4;4;A01
201200030955;0;7;0;0;0;7;14;A01
201200030956;0;7;0;0;2;1;2;A01
201200030956;0;7;0;0;0;4;2;B01
201200030957;1;7;0;0;0;0;0;A01
201200030957;0;30;0;0;2;0;2;B01
201200030958;0;7;0;0;2;3;9;B01
201200030958;0;7;0;0;2;1;1;A01
201200030959;0;7;0;0;2;2;1;B01
201200030959;0;1;0;0;2;1;5;A01
201200030960;0;7;0;0;1;2;1;A01
201200030961;0;32;0;0;2;1;1;B01
201200030961;0;7;0;0;2;3;9;A01
201200030962;0;7;0;0;2;1;2;A01
201200030962;0;2;0;0;0;4;1;B01
201200030963;0;7;0;0;2;1;13;A01
201200030963;0;7;0;0;2;1;1;B01
201200030964;0;10;0;0;1;1;2;A01
201200030965;0;7;0;0;1;1;2;A01
201200030966;0;7;0;0;2;1;13;A01
201200030966;0;7;0;0;2;1;1;B01
201200030967;0;7;0;0;1;1;2;A01
201200030968;0;2;0;0;0;7;1;A01
201200030969;0;7;0;0;2;9;23;B01
201200030969;0;7;0;0;2;4;23;D01
201200030969;0;10;0;0;2;1;2;A01
201200030969;0;7;0;0;2;4;23;C01
201200030970;0;7;0;0;1;1;1;A01
201200030971;0;1;0;0;2;8;19;B01
201200030971;0;33;0;0;2;2;1;A01
201200030972;0;7;0;0;1;1;1;A01
201200030973;0;15;0;0;1;3;1;A01
201200030974;0;1;0;0;2;0;0;B01
201200030974;0;7;0;0;9;0;0;A01
201200030975;0;7;0;0;2;1;9;A01
201200030975;0;7;0;0;2;8;23;D01
201200030975;0;7;0;0;2;7;1;B01
201200030976;0;1;0;0;2;8;1;B01
201200030976;0;7;0;0;2;1;9;A01
201200030977;0;7;0;0;2;1;1;C01
201200030977;0;7;0;0;2;1;1;A01
201200030977;0;7;0;0;2;8;1;B01
201200030978;0;7;0;6;0;1;1;A01
201200030979;0;7;0;0;2;1;1;A01
201200030979;0;1;0;0;2;1;19;B01
201200030980;0;1;0;0;2;3;1;B01
201200030980;0;7;0;0;2;1;19;A01
201200030981;0;7;0;0;2;8;15;A01
201200030981;0;2;0;0;2;1;6;B01
201200030982;0;1;0;0;2;4;2;A01
201200030982;1;7;0;0;9;0;0;B01
201200030983;0;7;0;9;0;0;1;A01
201200030984;0;33;0;0;2;7;1;A01
201200030984;0;7;0;0;2;8;13;B01
201200030985;0;7;0;0;1;1;1;A01
201200030986;0;7;0;0;2;6;13;B01
201200030986;0;33;0;9;2;5;17;A01
201200030987;0;7;0;2;0;1;1;A01
201200030988;0;7;0;3;2;7;21;B01
201200030988;0;7;0;0;2;1;13;A01
201200030989;0;7;0;0;2;0;6;A01
201200030989;0;2;0;0;2;0;1;B01
201200030990;0;7;0;0;1;1;1;A01
201200030991;0;7;0;0;1;1;1;A01
201200030992;0;7;0;0;2;4;1;B01
201200030992;0;7;0;0;2;4;1;C01
201200030992;0;7;0;0;2;2;1;A01
201200030993;0;7;0;0;0;0;0;A01
201200030994;0;7;0;0;1;0;1;A01
201200030995;1;2;0;0;1;0;1;A01
201200030996;0;7;0;0;1;7;1;A01
201200030997;0;7;0;0;2;3;1;B01
201200030997;0;7;0;6;2;2;17;A01
201200030998;0;7;0;0;0;0;0;A01
201200030999;0;7;0;0;2;2;1;B01
201200030999;0;7;0;0;2;1;1;A01
201200031000;0;33;0;0;0;0;1;A01
201200031001;0;7;0;0;1;0;0;A01
201200031002;0;1;0;0;2;0;1;A01
201200031003;0;30;0;0;2;0;1;A01
201200031004;0;33;0;0;2;1;1;B01
201200031004;0;7;0;0;2;3;15;A01
201200031005;0;7;0;0;2;4;10;A01
201200031005;0;33;0;0;2;0;1;B01
201200031006;0;14;0;0;2;1;16;A01
201200031006;0;1;0;0;2;0;1;B01
201200031007;0;7;0;3;2;0;9;A01
201200031007;0;7;0;0;2;1;1;B01
201200031008;0;7;0;12;0;9;0;A01
201200031009;0;7;0;0;2;3;1;A01
201200031009;0;7;0;0;2;3;1;B01
201200031010;0;7;0;0;2;3;15;A01
201200031010;0;1;0;0;2;0;0;B01
201200031011;0;1;0;0;2;0;1;B01
201200031011;0;7;0;0;2;0;19;A01
201200031012;0;7;0;0;2;4;23;B01
201200031012;0;2;0;0;2;1;1;A01
201200031013;0;7;0;0;2;1;16;A01
201200031013;0;1;0;0;2;7;19;B01
201200031014;0;10;0;0;2;3;1;B01
201200031014;0;7;0;0;2;2;1;A01
201200031015;0;2;0;0;0;1;0;A01
201200031016;0;30;0;0;1;0;1;A01
201200031017;0;7;0;0;2;1;1;A01
201200031017;0;7;0;0;2;4;1;B01
201200031018;0;1;0;0;0;0;1;A01
201200031019;0;7;0;0;2;7;1;A01
201200031019;0;7;0;0;2;2;1;B01
201200031020;0;2;0;0;2;4;0;B01
201200031020;0;7;0;0;2;1;1;A01
201200031021;0;7;0;13;0;9;0;A01
201200031022;0;7;0;0;1;2;0;A01
201200031023;0;2;0;0;0;0;1;A01
201200031024;0;1;0;0;2;0;1;B01
201200031024;0;7;0;0;2;2;16;A01
201200031025;0;2;0;13;0;1;14;A01
201200031026;0;7;0;2;0;1;1;A01
201200031027;0;7;0;13;0;2;14;A01
201200031028;0;7;0;0;1;0;1;A01
201200031029;0;7;0;0;2;4;0;D01
201200031029;0;7;0;0;2;3;0;A01
201200031029;0;7;0;0;2;4;0;B01
201200031029;0;7;0;0;2;1;0;C01
201200031030;0;7;0;0;2;1;2;A01
201200031030;0;7;0;0;2;4;2;B01
201200031031;0;2;0;0;5;0;1;A01
201200031032;0;7;0;0;2;0;1;B01
201200031032;0;7;0;0;2;0;1;C01
201200031032;0;7;0;0;2;0;1;A01
201200031033;0;7;0;0;2;1;2;A01
201200031033;0;7;0;0;2;4;23;B01
201200031034;0;7;0;0;2;1;2;A01
201200031034;0;7;0;0;2;4;2;B01
201200031035;0;7;0;0;2;2;15;A01
201200031035;0;33;0;0;2;1;1;B01
201200031036;0;2;0;0;2;0;1;A01
201200031036;0;7;0;0;2;1;1;B01
201200031037;0;2;0;0;2;1;17;A01
201200031037;0;7;0;0;2;3;15;B01
201200031038;0;7;0;0;2;1;1;A01
201200031038;0;2;0;0;2;4;1;B01
201200031039;0;2;0;0;2;1;1;A01
201200031039;0;7;0;0;2;3;15;B01
201200031040;0;7;0;0;1;1;15;A01
201200031041;0;1;0;0;2;0;19;A01
201200031041;0;37;1;0;2;2;7;B01
201200031042;0;7;0;8;0;1;20;A01
201200031043;0;7;0;0;2;4;11;A01
201200031043;0;7;0;0;2;1;1;B01
201200031044;0;7;0;0;2;4;2;B01
201200031044;0;7;0;0;2;1;2;A01
201200031045;0;1;0;0;0;0;1;A01
201200031046;0;1;0;0;0;0;13;A01
201200031047;0;33;0;0;2;3;1;B01
201200031047;0;7;0;0;2;2;15;A01
201200031048;0;7;0;0;2;7;15;A01
201200031048;0;33;0;0;2;1;1;B01
201200031049;0;2;0;0;0;0;1;A01
201200031050;0;7;0;0;1;1;1;A01
201200031051;0;7;0;0;2;1;9;A01
201200031051;0;1;0;0;2;1;1;B01
201200031052;0;7;0;0;1;1;17;A01
201200031053;0;2;0;0;0;7;15;A01
201200031054;0;7;0;0;1;1;1;A01
201200031055;0;7;0;0;2;2;1;B01
201200031055;0;1;0;12;2;1;1;A01
201200031056;0;7;0;0;1;1;1;A01
201200031057;0;7;0;0;2;1;1;A01
201200031057;0;7;0;0;2;4;23;B01
201200031057;0;3;0;0;2;4;23;C01
201200031058;0;2;0;0;0;0;0;A01
201200031059;0;7;0;8;2;5;15;A01
201200031059;0;7;0;0;2;5;1;B01
201200031060;0;7;0;0;1;1;0;A01
201200031061;0;7;0;0;2;0;9;A01
201200031061;0;33;0;0;2;1;1;B01
201200031062;0;2;0;0;0;0;0;A01
201200031063;0;7;0;0;2;1;13;A01
201200031063;0;7;0;2;2;1;1;B01
201200031064;0;2;0;0;0;0;1;A01
201200031065;0;2;0;0;0;0;1;A01
201200031066;0;33;0;0;2;1;1;A01
201200031066;0;7;0;0;2;5;1;B01
201200031067;0;7;0;0;2;6;1;B01
201200031067;0;7;0;0;2;1;0;A01
201200031068;0;1;0;0;2;0;0;B01
201200031068;0;7;0;0;2;3;0;A01
201200031069;0;7;0;1;0;0;24;A01
201200031070;0;2;0;1;0;1;0;A01
201200031071;0;7;0;0;2;2;0;A01
201200031071;0;7;0;0;2;0;0;B01
201200031072;0;2;0;0;0;0;0;A01
201200031073;0;2;0;0;0;7;0;A01
201200031074;0;7;0;0;2;8;1;B01
201200031074;0;13;0;0;2;7;9;A01
201200031075;0;33;0;0;2;7;0;A01
201200031075;0;7;0;0;2;6;0;B01
201200031076;0;7;0;0;2;4;2;B01
201200031076;0;7;0;0;2;1;2;A01
201200031076;0;7;0;0;2;4;2;C01
201200031077;0;38;1;0;2;0;1;B01
201200031077;0;7;0;0;2;1;13;A01
201200031078;0;2;0;0;0;0;0;A01
201200031079;0;33;0;0;2;1;0;A01
201200031079;0;7;0;0;2;3;0;B01
201200031080;0;7;0;0;0;5;1;A01
201200031081;0;7;0;0;0;0;0;A01
201200031082;0;7;0;0;1;3;1;A01
201200031083;0;1;0;0;2;1;1;B01
201200031083;0;7;0;0;2;1;15;A01
201200031084;0;7;0;0;2;3;1;B01
201200031084;0;2;0;0;2;1;13;A01
201200031085;0;16;0;0;0;0;0;A01
201200031085;0;33;0;0;0;0;1;B01
201200031086;0;33;0;0;0;0;1;A01
201200031087;0;1;0;0;2;1;1;A01
201200031087;0;1;0;0;2;4;1;B01
201200031088;0;33;0;1;2;9;1;B01
201200031088;0;7;0;0;2;2;0;A01
201200031089;0;2;0;0;0;8;9;A01
201200031090;0;2;0;0;0;8;1;A01
201200031091;0;7;0;0;2;2;1;B01
201200031091;0;33;0;0;2;8;15;A01
201200031092;0;33;0;0;2;0;9;B01
201200031092;0;7;0;0;2;3;9;A01
201200031093;1;7;0;0;1;0;1;Z01
201200031094;0;7;0;8;0;1;14;A01
201200031095;0;7;0;0;2;1;1;B01
201200031095;0;7;0;0;2;7;15;A01
201200031096;0;7;0;6;0;1;1;A01
201200031097;0;3;0;13;0;2;14;A01
201200031098;0;1;0;0;0;0;0;A01
201200031099;0;7;0;0;1;1;1;A01
201200031100;0;7;0;0;2;4;23;B01
201200031100;0;7;0;0;2;1;2;A01
201200031101;0;2;0;0;2;1;13;A01
201200031101;0;7;0;0;2;3;1;B01
201200031102;0;7;0;6;1;0;4;A01
201200031103;0;7;0;0;2;7;1;B01
201200031103;0;7;0;0;2;8;9;A01
201200031104;0;7;0;0;2;1;9;A01
201200031104;0;2;0;0;2;7;1;B01
201200031105;0;2;0;0;0;0;16;A01
201200031106;0;7;0;0;2;4;1;B01
201200031106;0;7;0;0;2;1;1;A01
201200031107;0;7;0;0;2;3;1;B01
201200031107;0;2;0;0;2;0;1;A01
201200031108;0;7;0;1;0;1;21;A01
201200031109;0;2;0;0;0;0;0;A01
201200031110;0;7;0;0;0;0;0;A01
201200031111;0;7;0;0;2;0;1;B01
201200031111;0;7;0;0;2;2;1;A01
201200031112;0;7;0;0;2;1;0;A01
201200031112;0;7;0;0;2;0;0;B01
201200031112;0;10;0;0;2;4;0;C01
201200031113;0;7;0;0;1;1;16;A01
201200031114;0;2;0;0;0;8;1;A01
201200031115;0;7;0;0;2;1;1;A01
201200031115;0;2;0;0;2;4;2;B01
201200031116;0;2;0;0;0;0;1;A01
201200031117;0;7;0;0;2;0;9;A01
201200031117;0;1;0;0;2;0;9;B01
201200031118;0;1;0;0;0;0;1;A01
201200031119;0;7;0;0;1;0;1;A01
201200031120;0;37;1;0;1;0;1;A01
201200031121;0;7;0;1;0;0;0;A01
201200031122;0;7;0;0;2;1;1;B01
201200031122;0;7;0;0;2;7;1;A01
201200031123;0;7;0;0;2;7;1;A01
201200031123;0;2;0;0;2;7;9;B01
201200031124;0;2;0;0;0;0;1;A01
201200031125;0;10;0;0;2;3;1;B01
201200031125;0;7;0;0;2;1;13;A01
201200031126;0;30;0;0;2;1;1;B01
201200031126;0;7;0;0;2;1;9;A01
201200031127;0;37;1;0;2;1;1;B01
201200031127;0;7;0;0;2;6;1;A01
201200031128;0;7;0;6;0;1;14;A01
201200031129;0;7;0;8;0;1;17;A01
201200031130;0;7;0;0;1;5;1;A01
201200031131;0;7;0;0;2;1;1;A01
201200031131;0;7;0;0;2;4;23;B01
201200031131;0;7;0;0;2;4;23;C01
201200031132;0;2;0;0;0;0;0;A01
201200031133;0;7;0;0;2;2;9;A01
201200031133;0;33;0;0;2;3;9;B01
201200031134;0;7;0;0;2;3;9;A01
201200031134;0;33;0;0;2;0;1;B01
201200031135;0;7;0;0;1;0;4;A01
201200031136;0;7;0;0;2;1;15;A01
201200031136;0;7;0;0;2;1;23;C01
201200031136;0;7;0;0;2;1;1;B01
201200031137;0;10;0;0;0;0;9;A01
201200031137;0;31;0;0;0;7;1;B01
201200031138;0;33;0;0;2;1;13;A01
201200031138;0;7;0;0;2;1;1;B01
201200031139;0;2;0;0;0;7;16;A01
201200031140;0;7;0;0;1;5;16;A01
201200031141;0;7;0;0;2;4;2;B01
201200031141;0;7;0;0;2;1;2;A01
201200031142;0;2;0;0;0;1;1;A01
201200031143;0;37;1;0;1;5;1;A01
201200031144;0;7;0;0;1;0;2;A01
201200031145;0;7;0;0;1;3;1;A01
201200031146;0;7;0;0;2;4;2;B01
201200031146;0;7;0;0;2;3;2;A01
201200031147;0;1;0;1;0;0;0;A01
201200031148;0;2;0;0;2;1;0;A01
201200031148;0;7;0;0;2;3;1;B01
201200031149;0;1;0;0;0;0;0;A01
201200031150;0;7;0;0;1;2;1;A01
201200031151;0;7;0;0;2;1;0;A01
201200031151;0;7;0;0;2;4;0;B01
201200031152;0;7;0;0;2;3;0;A01
201200031152;0;1;0;0;2;1;0;B01
201200031153;0;33;0;0;0;0;1;A01
201200031154;0;7;0;0;1;4;4;A01
201200031155;0;7;0;0;2;3;0;B01
201200031155;0;7;0;0;2;2;1;A01
201200031156;0;7;0;0;2;3;1;B01
201200031156;0;1;0;0;2;0;1;A01
201200031157;0;7;0;0;1;1;9;A01
201200031158;0;2;0;0;0;0;0;A01
201200031159;0;7;0;8;0;0;0;A01
201200031160;0;7;0;0;2;3;0;A01
201200031160;0;1;0;0;2;7;0;B01
201200031161;0;7;0;0;2;0;0;A01
201200031161;0;1;0;0;2;0;0;B01
201200031162;0;7;0;0;2;3;1;B01
201200031162;0;7;0;0;2;1;1;A01
201200031163;0;7;0;0;2;4;0;B01
201200031163;0;2;0;0;2;1;1;A01
201200031164;0;2;0;12;0;0;0;A01
201200031165;0;37;1;0;1;1;7;A01
201200031166;0;1;0;0;2;0;0;B01
201200031166;0;7;0;0;2;2;0;A01
201200031167;0;3;0;1;0;1;0;A01
201200031168;0;14;0;0;2;5;14;A01
201200031168;0;1;0;0;2;1;1;B01
201200031169;0;7;0;0;2;0;14;A01
201200031169;0;2;0;0;2;8;1;B01
201200031170;0;7;0;0;1;0;0;A01
201200031171;0;2;0;0;0;3;0;A01
201200031172;0;7;0;0;1;0;0;A01
201200031173;0;2;0;0;2;1;1;B01
201200031173;0;7;0;0;2;2;20;A01
201200031174;0;2;0;6;0;1;14;A01
201200031175;0;7;0;0;2;1;1;B01
201200031175;0;7;0;0;2;5;1;A01
201200031176;0;2;0;0;2;1;1;A01
201200031176;0;7;0;0;2;1;1;B01
201200031177;0;7;0;1;0;1;1;A01
201200031178;0;7;0;0;1;1;1;A01
201200031179;0;1;0;0;0;0;0;A01
201200031180;0;7;0;0;2;1;0;A01
201200031180;0;7;0;0;2;0;1;B01
201200031180;0;7;0;0;2;4;1;C01
201200031181;0;7;0;1;0;0;0;A01
201200031182;0;7;0;15;0;0;0;A01
201200031183;0;37;1;0;1;7;1;A01
201200031184;0;1;0;0;2;8;16;B01
201200031184;0;7;0;0;2;1;1;A01
201200031185;0;7;0;11;0;1;1;A01
201200031186;0;7;0;0;2;0;1;A01
201200031187;0;7;0;13;0;0;0;A01
201200031188;1;7;0;0;1;0;0;Z01
201200031189;0;7;0;6;0;1;0;A01
201200031190;0;7;0;0;2;1;1;B01
201200031190;0;7;0;3;2;7;13;A01
201200031191;0;7;0;0;1;1;1;A01
201200031192;0;7;0;3;0;1;13;A01
201200031193;0;2;0;0;2;8;1;B01
201200031193;0;7;0;0;2;3;15;A01
201200031194;0;33;0;0;1;7;17;A01
201200031195;0;7;0;0;2;1;0;A01
201200031195;0;7;0;0;2;4;0;B01
201200031196;1;7;0;0;1;0;1;Z01
201200031197;0;7;0;0;2;3;10;A01