num_acc;senc;catv;occutc;obs;obsm;choc;manv;num_veh
201200031197;0;2;0;0;2;7;1;B01
201200031198;0;2;0;0;0;8;15;A01
201200031199;0;7;0;0;2;1;1;A01
201200031199;0;7;0;0;2;4;1;B01
201200031200;0;2;0;0;0;0;0;A01
201200031201;2;7;0;0;2;0;15;A01
201200031201;0;2;0;0;2;0;1;B01
201200031202;0;1;0;0;2;3;1;B01
201200031202;0;7;0;0;2;3;9;A01
201200031203;0;7;0;0;2;3;1;A01
201200031203;0;7;0;0;2;4;1;B01
201200031204;0;33;0;0;2;0;17;A01
201200031204;0;7;0;0;2;3;15;B01
201200031205;0;7;0;0;1;0;0;A01
201200031206;2;1;0;0;1;0;0;Z01
201200031207;0;7;0;0;2;0;0;B01
201200031207;0;2;0;0;2;0;0;A01
201200031208;0;7;0;6;0;3;0;A01
201200031209;0;7;0;0;1;0;0;A01
201200031210;0;2;0;0;2;1;1;A01
201200031210;0;7;0;0;2;6;1;B01
201200031211;0;7;0;0;2;0;0;A01
201200031211;0;1;0;0;2;0;0;B01
201200031212;0;7;0;0;2;4;1;C01
201200031212;0;7;0;0;2;0;1;D01
201200031212;0;7;0;0;2;3;24;B01
201200031212;0;7;0;0;2;2;1;A01
201200031213;0;33;0;0;0;3;1;A01
201200031214;0;7;0;0;2;8;17;B01
201200031214;0;33;0;0;2;1;17;A01
201200031215;0;33;0;0;0;8;1;A01
201200031216;0;7;0;0;2;1;1;B01
201200031216;0;2;0;0;2;7;15;A01
201200031217;0;7;0;0;2;2;1;A01
201200031217;0;2;0;0;2;1;1;B01
201200031218;0;7;0;0;1;7;1;A01
201200031219;0;7;0;0;2;1;1;C01
201200031219;0;2;0;0;2;1;1;B01
201200031219;0;7;0;0;2;1;9;A01
201200031220;0;7;0;0;2;4;1;B01
201200031220;0;2;0;0;2;1;1;A01
201200031221;0;7;0;0;2;7;17;A01
201200031221;0;14;0;0;2;3;15;B01
201200031222;0;14;0;0;2;1;1;B01
201200031222;0;7;0;0;2;7;1;A01
201200031223;0;2;0;0;2;1;1;B01
201200031223;1;7;0;0;2;4;9;Z01
201200031224;0;7;0;0;2;3;20;A01
201200031224;0;2;0;0;2;1;1;B01
201200031225;0;33;0;0;0;0;1;A01
201200031226;0;33;0;0;2;1;0;A01
201200031226;0;7;0;0;2;8;1;B01
201200031227;0;7;0;0;2;1;1;B01
201200031227;0;7;0;0;2;1;1;A01
201200031228;0;1;0;0;2;1;1;A01
201200031228;1;7;0;0;2;2;16;Z01
201200031229;0;7;0;13;0;2;13;A01
201200031230;0;10;0;0;2;9;1;B01
201200031230;0;7;0;0;2;1;13;A01
201200031231;0;7;0;0;2;1;1;A01
201200031231;0;7;0;0;2;4;1;C01
201200031231;0;7;0;0;2;4;1;B01
201200031232;0;21;0;0;0;0;1;A01
201200031233;0;7;0;13;2;3;13;A01
201200031233;0;7;0;13;2;3;1;B01
201200031234;0;7;0;0;2;2;1;B01
201200031234;0;7;0;0;2;3;13;A01
201200031235;0;2;0;0;2;1;1;A01
201200031235;0;2;0;0;2;4;23;B01
201200031236;0;7;0;0;2;5;0;B01
201200031236;0;2;0;0;2;1;0;A01
201200031237;0;7;0;0;1;1;1;A01
201200031238;0;7;0;0;1;1;1;A01
201200031239;0;2;0;0;2;1;13;A01
201200031239;0;7;0;0;2;1;1;B01
201200031240;0;7;0;0;2;5;1;A01
201200031240;0;2;0;0;2;1;1;B01
201200031241;0;10;0;7;0;0;1;A01
201200031242;0;2;0;0;2;1;0;A01
201200031242;0;7;0;0;2;2;1;B01
201200031243;0;7;0;0;2;1;1;B01
201200031243;0;7;0;0;2;2;15;A01
201200031244;0;1;0;15;0;0;0;A01
201200031245;0;7;0;13;0;2;9;A01
201200031246;0;1;0;0;2;0;0;B01
201200031246;0;7;0;0;2;1;0;A01
201200031247;0;30;0;0;0;0;0;A01
201200031248;0;7;0;0;2;7;1;B01
201200031248;0;7;0;0;2;1;9;A01
201200031249;0;7;0;0;2;1;1;B01
201200031249;0;7;0;0;2;7;1;A01
201200031250;0;7;0;0;1;1;1;A01
201200031251;0;7;0;0;2;4;2;B01
201200031251;0;7;0;0;2;1;2;A01
201200031252;0;1;0;0;0;0;0;A01
201200031253;0;2;0;0;2;0;1;B01
201200031253;0;7;0;0;2;0;15;A01
201200031254;0;7;0;0;2;1;1;A01
201200031254;0;7;0;0;2;4;1;B01
201200031255;0;14;0;0;1;4;4;A01
201200031256;0;1;0;0;2;1;2;B01
201200031256;0;7;0;0;2;4;1;A01
201200031257;0;7;0;0;2;3;15;A01
201200031257;0;2;0;0;2;8;1;B01
201200031258;0;7;0;0;2;1;1;B01
201200031258;0;2;0;0;2;1;7;A01
201200031259;0;2;0;0;2;0;0;B01
201200031259;0;7;0;0;2;0;0;A01
201200031260;0;7;0;0;0;3;1;A01
201200031261;2;7;0;8;0;1;0;A01
201200031262;0;7;0;0;1;1;1;A01
201200031263;0;7;0;0;2;1;1;B01
201200031263;0;7;0;0;2;4;1;A01
201200031264;0;33;0;13;0;1;1;A01
201200031265;0;33;0;3;0;3;1;A01
201200031266;0;7;0;0;2;1;1;B02
201200031266;0;7;0;0;0;3;5;A01
201200031267;0;7;0;0;2;8;19;A01
201200031267;0;33;0;0;2;1;1;B02
201200031268;0;33;0;10;0;2;1;A01
201200031269;0;7;0;0;2;8;2;C03
201200031269;0;7;0;0;2;1;13;A01
201200031269;0;7;0;0;2;1;1;B02
201200031270;0;1;0;0;2;4;9;B01
201200031270;0;7;0;0;9;3;16;A01
201200031271;0;7;0;0;2;3;10;A01
201200031271;0;30;0;0;2;1;1;B01
201200031272;0;7;0;0;2;1;2;A01
201200031272;0;7;0;1;2;4;2;B01
201200031273;0;7;0;6;0;1;1;A01
201200031274;0;30;0;0;2;4;2;A01
201200031274;0;7;0;0;2;4;16;B01
201200031275;0;7;0;0;2;2;16;A01
201200031275;0;1;0;0;2;1;1;B01
201200031276;0;7;0;0;2;1;2;A01
201200031276;0;7;0;0;2;4;2;B01
201200031276;0;7;0;0;2;4;2;C01
201200031277;1;7;0;0;1;1;16;Z01
201200031278;0;7;0;0;2;4;2;B01
201200031278;0;7;0;0;2;1;2;A01
201200031279;0;7;0;0;2;3;15;A01
201200031279;0;7;0;0;2;8;1;B01
201200031280;0;7;0;0;1;4;4;A01
201200031281;0;7;0;0;2;7;1;B01
201200031281;0;7;0;0;2;1;1;A01
201200031282;0;7;0;1;0;7;14;A01
201200031283;0;7;0;0;1;7;16;A01
201200031284;0;7;0;1;0;1;13;B01
201200031284;0;7;0;0;2;4;23;C01
201200031284;0;7;0;0;2;4;23;D01
201200031285;0;7;0;1;0;1;15;A01
201200031286;0;7;0;0;1;3;15;A01
201200031287;0;7;0;0;1;1;21;A01
201200031288;0;7;0;0;0;9;1;A01
201200031289;0;7;0;0;2;1;1;A01
201200031289;0;7;0;0;2;4;2;B01
201200031290;0;2;0;0;2;7;17;B01
201200031290;0;7;0;0;2;8;13;A01
201200031291;0;10;0;0;9;0;1;A01
201200031291;0;1;0;0;2;0;0;B01
201200031292;1;7;0;0;2;0;14;Z01
201200031292;0;2;0;0;2;8;1;A01
201200031293;1;7;0;0;2;7;15;A01
201200031293;0;32;0;0;2;1;1;B01
201200031294;0;7;0;0;2;1;10;A01
201200031294;0;32;0;0;2;8;2;B01
201200031295;0;7;0;0;1;1;15;A01
201200031296;0;7;0;0;2;2;1;B01
201200031296;0;7;0;0;2;8;9;A01
201200031297;0;7;0;0;2;1;1;B01
201200031297;1;7;0;9;2;1;5;Z01
201200031298;0;10;0;0;2;1;1;B01
201200031298;0;33;0;0;2;1;5;A01
201200031299;0;7;0;0;2;1;1;B01
201200031299;0;7;0;0;2;4;4;A01
201200031300;1;7;0;0;2;3;0;Z01
201200031300;0;32;0;0;2;7;1;A01
201200031301;0;34;0;0;2;8;9;A01
201200031301;0;7;0;0;2;1;1;B01
201200031302;0;7;0;0;2;7;23;A01
201200031302;0;1;0;0;2;1;1;B01
201200031303;0;7;0;0;2;7;1;B01
201200031303;0;7;0;0;2;8;11;A01
201200031304;0;30;0;0;2;8;2;A01
201200031304;0;7;0;0;2;2;16;B01
201200031305;0;7;0;0;2;2;15;A01
201200031305;0;31;0;0;2;1;1;B01
201200031306;0;30;0;15;0;1;1;A01
201200031306;0;7;0;0;2;4;2;B01
201200031307;0;7;0;8;0;1;1;A01
201200031308;0;1;0;0;2;1;15;A01
201200031308;0;32;0;0;2;8;17;B01
201200031309;0;2;0;0;2;1;2;A01
201200031309;0;14;0;0;2;4;2;B01
201200031310;0;7;0;0;2;4;2;B01
201200031310;0;7;0;0;2;1;2;A01
201200031311;0;7;0;0;2;7;15;A01
201200031311;0;1;0;0;2;1;1;B01
201200031312;0;7;0;0;1;3;15;A01
201200031313;0;33;0;0;2;1;1;B01
201200031313;0;7;0;0;2;8;9;A01
201200031314;0;1;0;0;2;1;1;A01
201200031314;0;1;0;0;2;8;1;B01
201200031315;0;34;0;0;1;1;17;A01
201200031316;0;7;0;0;1;1;16;A01
201200031317;0;7;0;0;1;4;4;A01
201200031318;1;7;0;0;1;2;14;A01
201200031319;0;7;0;0;2;1;1;A01
201200031319;0;1;0;0;2;7;19;B01
201200031320;0;7;0;0;2;1;2;A01
201200031320;0;7;0;1;2;4;2;C01
201200031320;0;7;0;0;2;4;2;B01
201200031321;0;7;0;0;1;2;1;A01
201200031322;0;1;0;0;2;1;19;B01
201200031322;0;7;0;0;2;7;2;A01
201200031323;0;7;0;0;2;3;15;B01
201200031323;0;33;0;15;2;1;17;A01
201200031324;0;7;0;0;2;3;9;A01
201200031324;0;1;0;0;2;7;9;B01
201200031325;0;7;0;0;2;2;15;A01
201200031325;0;30;0;0;2;1;1;B01
201200031326;0;30;0;0;2;2;1;B01
201200031326;0;7;0;0;2;3;9;A01
201200031327;0;33;0;6;0;7;0;A01
201200031328;0;33;0;0;2;1;17;B01
201200031328;0;7;0;0;2;8;15;A01
201200031329;0;30;0;0;2;3;15;A01
201200031329;0;7;0;0;2;3;1;B01
201200031329;0;7;0;0;2;3;1;C01
201200031330;0;7;0;0;2;7;1;B01
201200031330;0;7;0;0;2;3;9;A01
201200031331;0;7;0;0;2;3;15;A01
201200031331;0;30;0;0;2;8;1;B01
201200031332;0;7;0;0;2;1;1;A01
201200031332;0;1;0;0;2;0;1;B01
201200031333;0;7;0;0;2;1;13;A01
201200031333;0;7;0;0;2;6;1;B01
201200031333;0;7;0;0;2;1;1;C01
201200031333;0;7;0;0;2;6;1;D01
201200031334;0;10;0;0;2;1;1;A01
201200031334;0;1;0;0;2;7;19;B01
201200031335;0;7;0;0;2;1;1;A01
201200031335;0;7;0;0;2;1;1;B01
201200031335;0;7;0;0;2;4;1;C01
201200031336;0;7;0;0;2;4;15;A01
201200031336;0;2;0;0;2;1;1;B01
201200031337;0;7;0;0;2;4;2;B01
201200031337;0;7;0;0;2;1;2;A01
201200031338;0;7;0;0;2;8;9;A01
201200031338;0;33;0;0;2;7;1;B01
201200031339;0;7;0;0;2;8;15;B01
201200031339;0;1;0;0;2;1;17;A01
201200031340;0;7;0;0;2;4;23;B01
201200031340;0;7;0;0;2;1;2;A01
201200031341;0;1;0;0;2;8;5;A01
201200031341;0;1;0;0;2;8;1;B01
201200031342;0;7;0;0;2;1;1;A01
201200031342;0;7;0;0;2;4;1;B01
201200031343;0;7;0;0;2;4;2;B01
201200031343;0;7;0;14;0;1;2;A01
201200031344;0;7;0;0;2;7;1;B01
201200031344;0;7;0;0;2;7;19;A01
201200031345;0;7;0;14;0;9;1;A01
201200031346;0;7;0;2;0;1;14;A01
201200031347;0;7;0;0;2;1;2;A01
201200031347;0;7;0;0;2;4;2;B01
201200031347;0;7;0;0;2;4;23;C01
201200031348;0;7;0;0;1;1;1;A01
201200031349;0;7;0;0;2;3;13;A01
201200031349;0;7;0;0;9;6;1;C01
201200031349;0;7;0;0;2;3;1;B01
201200031350;0;7;0;0;2;1;9;B01
201200031350;0;7;0;0;2;9;1;A01
201200031351;0;1;0;0;2;1;1;B01
201200031351;0;7;0;0;2;0;9;A01
201200031352;0;7;0;0;1;7;15;A01
201200031353;0;7;0;0;2;2;1;B01
201200031353;0;1;0;0;2;1;19;A01
201200031354;0;10;0;0;2;1;2;A01
201200031354;0;7;0;0;2;4;2;B01
201200031355;0;7;0;0;2;3;1;B01
201200031355;0;7;0;0;2;2;9;A01
201200031356;0;2;0;0;2;7;1;B01
201200031356;0;7;0;0;2;3;9;A01
201200031357;0;7;0;0;2;6;2;B01
201200031357;0;1;0;0;2;1;2;A01
201200031358;0;7;0;0;2;1;2;A01
201200031358;0;10;0;0;0;4;2;B01
201200031359;0;7;0;0;2;4;23;B01
201200031359;0;7;0;0;2;1;2;A01
201200031360;0;7;0;0;2;2;1;B01
201200031360;0;7;0;0;2;7;15;A01
201200031361;0;7;0;0;2;7;15;A01
201200031361;0;7;0;0;2;1;1;B01
201200031362;0;7;0;0;1;1;1;A01
201200031363;0;7;0;0;2;4;2;B01
201200031363;0;7;0;0;2;1;2;A01
201200031364;0;7;0;0;1;1;1;A01
201200031365;0;7;0;0;2;1;2;A01
201200031365;0;7;0;0;2;4;2;B01
201200031366;0;7;0;0;1;1;1;A01
201200031367;1;7;0;0;2;0;9;Z01
201200031367;0;33;0;0;2;0;1;A01
201200031368;0;7;0;0;1;2;1;A01
201200031369;0;7;0;0;2;3;16;A01
201200031369;0;7;0;0;2;7;1;B01
201200031370;0;7;0;0;1;1;1;A01
201200031371;0;7;0;0;1;3;1;A01
201200031372;0;7;0;0;2;1;13;A01
201200031372;0;7;0;0;2;1;2;B01
201200031372;0;7;0;0;2;3;2;C01
201200031373;0;37;1;0;2;2;1;B01
201200031373;0;7;0;0;0;3;2;A01
201200031374;0;7;0;0;1;1;1;A01
201200031375;0;2;0;0;2;8;1;B01
201200031375;1;7;0;0;0;3;1;A01
201200031376;1;2;0;0;0;1;1;A01
201200031377;0;7;0;0;0;9;0;A01
201200031378;0;30;0;12;0;7;1;A01
201200031379;0;7;0;0;1;2;1;A01
201200031380;0;7;0;0;1;2;2;A01
201200031381;0;7;0;0;1;2;1;A01
201200031382;0;36;0;0;0;4;1;B02
201200031382;2;7;0;0;2;1;1;A01
201200031383;0;37;15;0;2;3;1;B01
201200031383;0;7;0;0;2;3;13;A01
201200031384;0;7;0;0;2;1;1;A01
201200031384;0;2;0;0;2;7;2;B01
201200031385;0;1;0;0;2;1;1;B01
201200031385;0;7;0;0;9;1;15;A01
201200031386;0;7;0;0;2;1;1;A01
201200031386;0;7;0;0;2;5;20;B01
201200031387;0;7;0;0;1;2;1;A01
201200031388;0;7;0;0;1;8;2;A01
201200031389;0;7;0;0;1;1;2;A01
201200031390;0;7;0;0;1;2;2;A01
201200031391;0;30;0;0;2;1;2;B01
201200031391;0;7;0;0;2;1;2;A01
201200031392;0;7;0;0;2;1;1;A01
201200031392;0;7;0;0;2;2;15;B01
201200031393;0;37;1;0;2;2;1;B01
201200031393;0;7;0;0;2;4;5;A01
201200031394;0;7;0;0;1;1;16;A01
201200031395;0;7;0;0;1;1;1;A01
201200031396;0;7;0;0;2;1;6;B01
201200031396;0;7;0;0;0;0;16;A01
201200031396;0;7;0;0;2;1;1;C01
201200031397;0;7;0;1;0;3;16;A01
201200031398;0;7;0;0;2;1;15;A01
201200031398;0;2;0;0;2;1;1;B01
201200031399;0;10;0;2;0;8;1;A01
201200031400;0;7;0;0;1;1;16;A01
201200031401;0;7;0;0;2;3;15;B01
201200031401;0;7;0;0;2;2;16;A01
201200031402;0;2;0;0;2;1;19;A01
201200031402;0;7;0;0;2;3;1;B01
201200031403;0;7;0;2;0;1;13;A01
201200031404;0;7;0;0;1;1;1;A01
201200031405;1;7;0;0;1;1;1;A01
201200031406;0;7;0;0;0;3;15;B01
201200031406;0;33;0;0;2;1;1;A01
201200031407;0;33;0;0;0;1;1;A01
201200031408;0;7;0;0;1;4;20;A01
201200031409;0;33;0;1;0;1;21;A01
201200031410;0;7;0;0;2;3;1;B01
201200031410;0;17;0;0;2;1;19;A01
201200031411;0;2;0;2;0;7;1;A01
201200031412;0;7;0;0;1;4;4;A01
201200031413;0;7;0;0;2;8;1;B01
201200031413;0;2;0;0;2;0;1;A01
201200031414;0;7;0;0;1;4;4;A01
201200031415;0;7;0;0;1;0;17;A01
201200031416;0;7;0;0;2;3;15;A01
201200031416;0;2;0;0;2;2;15;B01
201200031417;0;7;0;8;0;2;13;A01
201200031418;1;7;0;0;1;1;16;Z01
201200031419;0;7;0;0;1;3;2;A01
201200031420;0;7;0;9;0;1;2;A01
201200031421;0;15;0;0;2;2;2;A01
201200031421;0;7;0;14;0;4;15;B01
201200031422;0;7;0;6;2;1;1;A01
201200031422;0;7;0;0;2;2;1;B01
201200031423;0;7;0;0;2;1;1;B01
201200031423;0;7;0;0;2;3;1;A01
201200031424;0;7;0;0;2;2;9;A01
201200031424;0;2;0;0;2;7;1;B01
201200031425;0;7;0;0;1;3;1;A01
201200031426;0;37;10;0;1;5;1;A01
201200031427;0;7;0;0;1;1;1;A01
201200031428;1;99;0;0;0;0;0;Z01
201200031429;0;7;0;0;1;1;1;A01
201200031430;0;7;0;0;2;2;1;B01
201200031430;0;7;0;0;2;3;9;A01
201200031431;0;7;0;0;2;7;2;C01
201200031431;0;7;0;0;2;2;1;A01
201200031432;0;14;0;0;1;2;16;A01
201200031433;0;7;0;0;1;1;17;A01
201200031434;0;7;0;0;1;2;1;A01
201200031435;0;7;0;0;2;3;10;A01
201200031435;0;2;0;0;2;1;1;B01
201200031436;0;7;0;0;1;2;1;A01
201200031437;0;7;0;0;2;2;1;B01
201200031437;0;37;1;0;2;3;9;A01
201200031438;0;7;0;0;2;7;1;A01
201200031438;0;7;0;0;2;1;1;B01
201200031439;0;7;0;0;1;2;1;A01
201200031440;0;7;0;0;2;1;15;A01
201200031440;0;2;0;0;2;1;1;B01
201200031441;0;2;0;0;1;1;1;A01
201200031442;0;7;0;0;1;1;1;A01
201200031443;0;31;0;0;2;8;1;B01
201200031443;0;7;0;0;2;1;9;A01
201200031444;0;1;0;0;1;8;1;A01
201200031445;0;7;0;0;1;3;1;A01
201200031446;0;10;0;0;2;1;1;B01
201200031446;0;30;0;0;2;1;5;A01
201200031447;0;7;0;0;1;1;0;A01
201200031448;0;7;0;0;9;7;18;A01
201200031448;0;1;0;0;2;8;1;B01
201200031449;0;3;0;0;1;4;20;A01
201200031450;0;7;0;0;2;3;13;A01
201200031450;0;7;0;0;2;3;1;B01
201200031451;0;30;0;0;2;3;1;A01
201200031451;0;7;0;0;0;3;1;B01
201200031452;0;7;0;0;1;1;1;A01
201200031453;0;7;0;0;1;2;9;A01
201200031454;0;1;0;0;2;4;11;B01
201200031454;0;10;0;0;9;2;1;A01
201200031455;0;7;0;0;1;1;1;A01
201200031456;0;7;0;15;0;2;0;A01
201200031457;1;7;0;0;1;3;1;Z01
201200031458;0;7;0;0;2;1;1;A01
201200031459;0;7;0;0;2;3;1;B01
201200031459;0;10;0;0;2;2;9;A01
201200031459;0;10;0;0;2;3;5;C01
201200031460;0;7;0;0;2;2;1;C01
201200031460;0;33;0;0;2;1;1;B01
201200031460;0;7;0;0;2;2;15;A01
201200031461;0;1;0;0;2;1;15;B01
201200031461;0;7;0;0;9;3;15;A01
201200031462;0;7;0;0;1;1;15;A01
201200031463;0;7;0;0;1;1;1;A01
201200031464;0;7;0;0;2;3;1;A01
201200031464;0;7;0;0;2;5;1;B01
201200031465;1;7;0;0;1;1;0;Z01
201200031466;0;7;0;0;2;4;1;B01
201200031466;0;7;0;0;2;1;1;A01
201200031467;1;7;0;0;2;0;0;Z01
201200031467;0;7;0;0;2;1;12;A01
201200031467;0;7;0;0;2;4;1;B01
201200031468;0;7;0;0;2;3;1;B01
201200031468;0;30;0;0;2;2;9;A01
201200031469;1;7;0;0;2;0;11;Z01
201200031469;0;2;0;0;2;1;1;B01
201200031470;0;7;0;0;1;1;1;A01
201200031471;0;35;0;0;1;1;1;A01
201200031472;0;7;0;0;2;3;1;A01
201200031472;0;1;0;0;2;0;0;B01
201200031473;0;7;0;0;2;1;1;B01
201200031473;2;7;0;0;2;2;15;Z01
201200031474;0;7;0;0;1;2;1;A01
201200031475;0;7;0;0;2;5;1;B01
201200031475;0;7;0;0;0;1;1;A01
201200031476;0;7;0;1;0;1;13;A01
201200031477;0;30;0;0;1;1;5;A01
201200031478;0;7;0;0;2;0;16;A01
201200031478;0;1;0;0;2;1;19;B01
201200031479;0;7;0;0;2;1;1;B01
201200031479;0;7;0;0;2;3;1;A01
201200031480;0;7;0;0;2;3;1;B01
201200031480;0;7;0;0;2;1;1;A01
201200031481;0;7;0;0;9;3;23;B01
201200031481;0;1;0;1;0;1;1;A01
201200031482;0;1;0;0;2;1;1;B01
201200031482;0;7;0;0;9;1;13;A01
201200031483;0;7;0;0;2;2;1;A01
201200031483;0;7;0;0;2;0;1;B01
201200031484;0;7;0;0;2;4;1;B01
201200031484;0;10;0;0;2;1;2;A01
201200031485;0;17;0;0;2;1;1;B01
201200031485;0;10;0;0;2;1;5;A01
201200031486;0;30;0;0;2;1;1;A01
201200031486;0;7;0;0;2;6;1;B01
201200031487;0;7;0;0;2;3;1;A01
201200031487;0;1;0;0;2;0;14;B01
201200031488;0;1;0;0;2;8;2;B01
201200031488;1;7;0;0;2;7;2;Z01
201200031489;0;7;0;0;1;2;1;A01
201200031490;0;7;0;0;2;3;15;B01
201200031490;0;33;0;0;2;2;1;A01
201200031491;0;7;0;0;2;2;5;A01
201200031491;0;30;0;0;2;1;1;B01
201200031492;0;7;0;2;0;1;1;A01
201200031493;0;33;0;0;2;8;17;A01
201200031493;0;7;0;0;2;2;15;B01
201200031494;0;7;0;0;1;6;4;A01
201200031495;0;7;0;0;2;2;9;A01
201200031495;0;7;0;8;2;8;1;B01
201200031495;0;7;0;0;2;3;1;C01
201200031496;0;7;0;0;1;2;1;A01
201200031497;0;33;0;0;2;1;1;A01
201200031497;0;7;0;0;2;6;10;B01
201200031498;0;7;0;0;2;8;1;C01
201200031498;0;7;0;0;2;2;13;A01
201200031498;0;7;0;0;2;3;21;B01
201200031499;0;7;0;0;2;1;21;A01
201200031499;0;7;0;0;2;6;23;B01
201200031499;0;7;0;0;0;0;15;Z01
201200031499;0;7;0;0;2;6;24;C01
201200031500;0;30;0;0;2;1;1;B01
201200031500;1;7;0;0;2;4;4;Z01
201200031501;0;7;0;0;1;1;1;A01
201200031502;0;7;0;0;2;3;15;B01
201200031502;0;33;0;0;2;1;13;A01
201200031503;0;7;0;0;2;1;1;B01
201200031503;0;7;0;0;2;1;13;A01
201200031504;0;7;0;0;1;2;1;B01
201200031505;0;7;0;0;2;3;1;A01
201200031505;0;2;0;0;2;4;16;B01
201200031506;0;1;0;0;2;1;1;B01
201200031506;0;7;0;0;2;1;15;A01
201200031507;0;7;0;8;0;2;1;A01
201200031508;0;7;0;0;2;3;13;A01
201200031508;0;33;0;0;2;2;21;B01
201200031509;0;7;0;0;1;1;1;A01
201200031510;0;7;0;0;1;2;1;A01
201200031511;0;7;0;0;2;3;12;A01
201200031511;0;7;0;0;2;4;23;C01
201200031511;0;7;0;0;2;4;23;B01
201200031512;0;7;0;0;1;2;20;A01
201200031513;0;7;0;0;1;2;1;A01
201200031514;0;30;0;0;2;2;1;B01
201200031514;1;7;0;0;2;8;9;Z01
201200031515;0;7;0;2;0;3;14;A01
201200031516;0;14;0;0;1;8;1;A01
201200031517;0;7;0;0;2;3;9;B01
201200031517;0;30;0;0;2;1;17;A01
201200031518;0;7;0;0;1;3;14;A01
201200031519;0;7;0;0;1;1;1;A01
201200031520;0;7;0;0;2;1;13;A01
201200031520;0;7;0;0;2;1;1;C01
201200031520;0;7;0;0;2;1;1;B01
201200031521;0;37;1;0;1;2;1;A01
201200031522;0;7;0;0;2;2;15;A01
201200031522;0;30;0;0;2;1;1;B01
201200031523;0;10;0;0;2;2;15;A01
201200031523;0;7;0;0;2;1;1;B01
201200031524;0;1;0;0;2;3;2;B01
201200031524;0;7;0;0;2;2;2;A01
201200031525;0;7;0;0;1;1;1;A01
201200031526;0;1;0;0;2;1;1;A02
201200031526;0;7;0;0;2;2;15;A01
201200031527;0;33;0;0;2;1;0;B01
201200031527;0;99;0;0;2;3;0;A01
201200031528;0;7;0;0;2;8;1;B01
201200031528;0;7;0;0;2;7;9;A01
201200031529;0;38;1;0;1;2;1;A01
201200031530;0;7;0;0;2;1;9;A01
201200031530;0;7;0;0;2;1;1;B01
201200031530;0;7;0;0;2;3;1;C01
201200031531;0;33;0;0;2;1;1;A01
201200031531;0;38;1;0;2;3;9;B01
201200031532;0;7;0;0;1;1;1;A01
201200031533;0;33;0;0;2;0;1;B01
201200031533;0;7;0;0;2;0;1;A01
201200031534;0;7;0;0;1;2;1;A01
201200031535;0;7;0;0;2;0;0;A01
201200031535;0;1;0;0;2;0;0;B01
201200031536;0;7;0;0;2;3;17;A01
201200031536;0;7;0;0;9;1;2;D01
201200031536;0;17;0;0;2;8;1;C01
201200031536;0;7;0;0;2;3;1;B01
201200031537;0;14;0;0;2;5;4;A01
201200031537;0;38;50;0;2;7;1;B01
201200031538;0;7;0;0;1;1;1;A01
201200031539;0;33;0;0;2;1;0;B01
201200031539;0;7;0;0;2;4;10;A01
201200031540;0;7;0;0;1;1;1;A01
201200031541;0;7;0;0;1;1;1;A01
201200031542;0;7;0;0;2;4;1;B01
201200031542;0;15;0;0;2;1;2;A01
201200031543;0;7;0;0;1;1;1;A01
201200031544;0;30;0;0;2;1;21;B01
201200031544;0;7;0;0;2;1;24;C01
201200031544;0;7;0;0;0;0;15;A01
201200031545;0;7;0;0;1;1;1;A01
201200031546;0;7;0;0;1;2;1;A01
201200031547;0;7;0;0;1;1;1;A01
201200031548;0;7;0;0;2;1;13;A01
201200031548;0;7;0;0;2;1;1;B01
201200031549;0;7;0;0;1;1;1;A01
201200031550;0;7;0;0;1;1;1;A01
201200031551;0;7;0;0;2;4;24;B01
201200031551;0;30;0;0;2;1;1;A01
201200031552;0;7;0;0;2;1;1;B01
201200031552;0;7;0;11;2;1;13;A01
201200031553;0;33;0;0;2;1;17;B01
201200031553;0;7;0;0;0;4;11;A01
201200031554;0;7;0;0;9;2;1;B01
201200031554;0;30;0;0;2;8;11;A01
201200031555;0;7;0;0;0;2;15;A01
201200031555;0;1;0;0;2;3;1;B01
201200031556;0;1;0;0;2;4;1;B01
201200031556;0;7;0;0;9;1;1;A01
201200031557;0;3;0;0;2;4;1;B01
201200031557;0;7;0;0;2;1;1;A01
201200031558;0;7;0;0;2;1;1;B01
201200031558;0;7;0;0;2;1;13;A01
201200031559;0;7;0;0;0;1;1;A01
201200031559;0;33;0;0;0;4;1;B01
201200031560;0;1;0;0;2;7;1;B01
201200031560;0;7;0;0;9;1;9;A01
201200031561;0;7;0;0;2;1;1;A01
201200031561;0;7;0;0;2;4;1;B01
201200031562;0;7;0;0;2;7;15;A01
201200031562;0;2;0;0;2;1;1;B01
201200031563;0;7;0;0;1;5;1;A01
201200031564;0;2;0;1;0;1;1;A01
201200031565;0;1;0;0;2;5;1;B01
201200031565;0;7;0;0;9;1;9;A01
201200031566;0;7;0;0;2;8;15;B01
201200031566;0;7;0;0;2;1;17;A01
201200031567;0;7;0;0;9;3;22;A01
201200031567;0;1;0;1;2;1;2;B01
201200031568;0;7;0;0;2;3;1;B01
201200031568;0;7;0;0;2;1;15;A01
201200031569;0;7;0;0;1;1;1;A01
201200031570;0;34;0;0;2;1;1;B01
201200031570;0;7;0;0;2;3;9;A01
201200031571;0;7;0;0;2;1;17;A01
201200031571;0;7;0;0;2;5;1;B01
201200031571;0;7;0;0;2;1;1;C01
201200031572;0;7;0;0;9;4;1;B01
201200031572;0;30;0;0;2;1;1;A01
201200031573;0;7;0;0;9;1;1;B01
201200031573;0;1;0;0;2;1;15;A01
201200031574;0;7;0;0;0;4;1;B01
201200031574;0;7;0;0;2;1;1;A01