num_acc;senc;catv;occutc;obs;obsm;choc;manv;num_veh
201200031575;0;7;0;0;0;1;10;A01
201200031575;0;30;0;0;2;1;1;B01
201200031576;0;7;0;0;2;1;1;A01
201200031576;0;33;0;0;2;3;2;B01
201200031577;0;7;0;0;1;1;1;A01
201200031578;0;7;0;0;1;1;9;A01
201200031579;0;7;0;0;2;7;9;A01
201200031579;0;7;0;0;2;3;1;B01
201200031580;0;7;0;0;1;1;15;A01
201200031581;0;7;0;0;1;1;1;A01
201200031582;0;7;0;0;2;4;1;B01
201200031582;0;7;0;0;2;1;1;A01
201200031583;0;7;0;0;2;3;1;B01
201200031583;0;7;0;0;2;1;13;A01
201200031584;0;3;0;0;2;3;12;B01
201200031584;0;7;0;0;2;2;15;A01
201200031585;0;7;0;0;2;1;1;A01
201200031585;0;7;0;0;2;4;1;B01
201200031586;0;33;0;0;2;1;19;A01
201200031586;0;7;0;0;2;2;1;B01
201200031587;0;2;0;0;2;7;1;A01
201200031587;0;7;0;0;2;1;1;B01
201200031588;0;33;0;0;2;0;1;B01
201200031588;0;7;0;0;9;0;9;A01
201200031589;0;7;0;0;2;4;2;B01
201200031589;0;7;0;0;2;1;1;A01
201200031590;0;7;0;0;4;1;1;A01
201200031591;0;7;0;0;2;2;15;A01
201200031591;0;33;0;0;2;1;1;B01
201200031592;0;10;0;0;1;1;16;A01
201200031593;0;7;0;2;2;7;13;A01
201200031594;0;7;0;0;2;1;1;B01
201200031594;0;7;0;0;2;1;5;A01
201200031595;0;7;0;1;2;3;24;B01
201200031595;0;2;0;1;0;3;13;A01
201200031596;0;7;0;0;6;1;1;A01
201200031597;0;7;0;0;2;3;15;A01
201200031597;0;7;0;0;2;1;0;B01
201200031598;0;7;0;0;1;1;15;A01
201200031599;0;7;0;0;1;1;10;A01
201200031600;0;7;0;6;0;2;13;A01
201200031601;0;7;0;0;2;1;1;C01
201200031601;0;7;0;0;2;4;1;B01
201200031601;0;7;0;0;2;2;0;A01
201200031602;0;30;0;0;2;1;1;B01
201200031602;0;7;0;0;2;6;9;A01
201200031603;0;1;0;0;2;1;19;B01
201200031603;0;7;0;0;2;1;16;A01
201200031604;0;3;0;0;2;3;15;A01
201200031604;0;33;0;0;2;1;1;B01
201200031605;0;31;0;0;2;1;1;B01
201200031605;0;7;0;0;2;3;15;A01
201200031606;0;7;0;0;0;1;14;A01
201200031607;0;7;0;0;1;1;1;A01
201200031608;0;7;0;0;1;3;1;A01
201200031609;0;7;0;0;9;1;9;A01
201200031609;0;1;0;0;2;2;1;B01
201200031610;0;7;0;0;1;3;1;A01
201200031611;0;7;0;0;2;1;1;B01
201200031611;0;7;0;0;2;8;10;A01
201200031612;0;10;0;0;1;1;1;A01
201200031613;0;7;0;0;1;1;1;A01
201200031614;0;37;1;0;2;2;1;A01
201200031614;0;7;0;0;1;1;16;B01
201200031615;0;7;0;0;1;1;1;A01
201200031616;0;30;0;0;1;1;1;A01
201200031617;0;7;0;0;2;4;1;B01
201200031617;0;7;0;0;2;1;1;A01
201200031617;0;7;0;0;2;4;1;C01
201200031618;0;37;1;0;2;4;4;A01
201200031618;0;30;0;0;2;1;1;B01
201200031619;0;2;0;0;0;0;0;A01
201200031620;0;7;0;0;2;3;0;B01
201200031620;0;7;0;0;2;2;0;A01
201200031621;0;2;0;0;0;0;0;A01
201200031622;0;2;0;11;0;0;0;A01
201200031623;0;1;0;0;0;0;9;A01
201200031624;0;2;0;0;0;7;0;A01
201200031625;0;2;0;0;0;0;0;A01
201200031626;0;2;0;0;0;0;0;A01
201200031627;0;7;0;0;2;1;1;B01
201200031627;0;30;0;0;2;1;0;A01
201200031628;0;2;0;1;0;1;0;A01
201200031629;0;7;0;15;0;1;1;A01
201200031630;0;7;0;0;2;1;1;A01
201200031630;0;1;0;0;0;0;1;B01
201200031631;0;7;0;0;2;2;15;A01
201200031631;0;1;0;0;2;0;1;B01
201200031632;0;2;0;0;2;1;1;B01
201200031632;0;7;0;0;2;3;9;A01
201200031633;0;7;0;9;0;0;0;A01
201200031634;0;2;0;0;2;7;1;B01
201200031634;0;7;0;0;2;1;9;A01
201200031635;0;7;0;0;1;3;1;A01
201200031636;0;7;0;0;2;4;2;B01
201200031636;0;30;0;0;2;1;2;A01
201200031637;0;30;0;0;2;1;1;A01
201200031637;0;7;0;0;2;8;15;B01
201200031638;0;7;0;0;1;4;4;A01
201200031639;0;7;0;0;2;2;15;A01
201200031639;0;7;0;0;2;2;1;B01
201200031640;0;7;0;0;2;5;0;B01
201200031640;0;33;0;0;2;1;0;A01
201200031641;0;33;0;0;2;1;5;B01
201200031641;0;7;0;0;2;0;5;A01
201200031642;0;7;0;0;1;1;0;A01
201200031643;0;33;0;0;2;0;0;A01
201200031643;0;7;0;0;2;5;0;B01
201200031644;0;7;0;0;2;7;1;A01
201200031644;0;2;0;0;2;1;1;B01
201200031645;0;2;0;0;2;1;1;B01
201200031645;0;7;0;0;2;3;9;A01
201200031646;0;7;0;0;2;0;0;B01
201200031646;0;7;0;0;2;0;1;A01
201200031647;0;2;0;15;0;0;0;A01
201200031648;0;7;0;0;2;1;1;B01
201200031648;0;7;0;0;2;7;1;A01
201200031649;0;7;0;0;2;4;2;B01
201200031649;0;7;0;0;2;1;2;A01
201200031650;0;7;0;0;2;5;15;A01
201200031650;0;7;0;0;2;3;0;C01
201200031650;0;33;0;0;2;1;0;B01
201200031651;1;30;0;0;0;0;10;Z01
201200031652;0;7;0;0;0;1;23;B01
201200031652;1;7;0;14;0;4;4;Z01
201200031653;0;7;0;0;0;0;0;A01
201200031654;0;2;0;8;0;0;0;A01
201200031655;0;31;0;0;0;7;0;A01
201200031656;0;7;0;0;2;4;2;C01
201200031656;0;7;0;0;2;1;2;B01
201200031656;0;7;0;0;2;1;2;A01
201200031657;0;7;0;0;1;1;0;A01
201200031658;0;7;0;0;2;3;15;A01
201200031658;0;30;0;0;2;1;1;B01
201200031659;0;7;0;0;2;4;23;B01
201200031659;0;7;0;0;2;1;2;A01
201200031660;0;2;0;0;2;0;1;A01
201200031660;0;7;0;0;2;2;15;B01
201200031661;0;7;0;0;1;3;1;A01
201200031662;0;7;0;0;2;7;1;A01
201200031662;0;7;0;0;2;8;16;B01
201200031663;0;1;0;0;0;1;0;A01
201200031664;0;2;0;0;2;1;0;A01
201200031664;0;7;0;0;2;5;0;B01
201200031665;0;7;0;0;1;2;0;A01
201200031666;0;30;0;0;0;7;0;A01
201200031667;0;7;0;0;2;1;1;B01
201200031667;0;10;0;0;2;3;15;A01
201200031668;0;7;0;0;2;1;15;A01
201200031668;0;32;0;0;2;1;2;B01
201200031669;0;1;0;0;0;0;0;A01
201200031670;0;7;0;0;2;0;0;A01
201200031670;0;2;0;0;2;8;0;B01
201200031671;0;7;0;0;1;0;4;A01
201200031672;0;1;0;0;2;1;0;B01
201200031672;0;7;0;0;2;5;9;A01
201200031673;0;7;0;0;2;1;5;A01
201200031673;0;7;0;0;2;1;0;B01
201200031674;0;7;0;0;2;3;1;A01
201200031674;0;1;0;0;2;0;15;B01
201200031675;0;7;0;0;1;1;2;A01
201200031676;0;33;0;0;0;0;1;A01
201200031677;0;7;0;0;2;4;2;B01
201200031677;0;7;0;0;2;4;2;C01
201200031677;0;7;0;0;0;1;2;A01
201200031678;0;10;0;14;0;4;23;B01
201200031678;0;7;0;0;0;4;23;C01
201200031678;0;10;0;14;0;1;2;A01
201200031679;0;30;0;0;2;1;2;A01
201200031679;0;7;0;0;2;4;2;B01
201200031680;0;7;0;0;2;6;2;B01
201200031680;0;30;0;0;2;0;17;A01
201200031681;0;30;0;0;2;1;1;A01
201200031681;0;7;0;0;2;3;1;B01
201200031682;0;2;0;0;0;8;0;A01
201200031683;0;7;0;0;2;8;9;A01
201200031683;0;7;0;0;2;1;0;B01
201200031684;0;30;0;0;2;1;1;A01
201200031684;0;7;0;0;2;6;1;B01
201200031685;0;7;0;0;2;3;0;B01
201200031685;0;30;0;0;2;1;0;A01
201200031686;0;3;0;0;2;1;0;A01
201200031686;0;7;0;0;2;1;0;B01
201200031687;0;7;0;0;2;1;0;A01
201200031687;0;2;0;0;2;3;0;B01
201200031688;0;7;0;0;0;0;0;A01
201200031689;0;33;0;0;2;0;0;A01
201200031689;0;7;0;0;2;3;0;B01
201200031690;0;7;0;0;1;8;1;A01
201200031691;0;7;0;0;1;0;15;A01
201200031692;0;7;0;0;1;7;1;A01
201200031693;0;7;0;11;0;1;2;A01
201200031694;1;7;0;0;0;0;0;Z01
201200031695;0;7;0;0;2;1;2;A01
201200031695;0;7;0;0;2;4;2;B01
201200031696;0;10;0;0;2;3;2;A01
201200031696;0;1;0;0;2;4;2;B01
201200031697;0;7;0;0;1;2;1;A01
201200031698;0;7;0;0;2;7;1;A01
201200031698;0;1;0;0;2;8;1;B01
201200031699;0;30;0;9;0;1;1;A01
201200031700;0;7;0;0;1;1;0;A01
201200031701;0;7;0;0;2;7;15;A01
201200031701;0;7;0;0;2;2;1;B01
201200031702;1;7;0;0;1;4;4;Z01
201200031703;0;7;0;0;0;7;13;A01
201200031704;1;7;0;0;1;1;1;A01
201200031705;0;7;0;0;2;7;9;A01
201200031705;0;30;0;0;2;1;1;B01
201200031706;0;31;0;0;2;1;2;A01
201200031706;0;7;0;0;0;4;2;B01
201200031707;0;7;0;0;2;6;9;A01
201200031707;0;2;0;0;2;1;1;B01
201200031708;0;1;0;0;0;8;19;A01
201200031708;1;7;0;0;2;2;1;Z01
201200031709;0;7;0;0;0;3;19;A01
201200031709;0;2;0;0;0;1;17;B01
201200031710;0;7;0;0;2;1;1;B01
201200031710;0;7;0;13;2;5;13;A01
201200031711;0;33;0;13;0;1;1;A01
201200031712;0;7;0;0;2;2;2;B01
201200031712;0;7;0;0;2;3;9;A01
201200031713;0;33;0;0;2;8;21;A01
201200031713;0;7;0;0;0;8;20;B01
201200031714;0;7;0;0;2;1;5;A01
201200031714;0;7;0;0;2;1;1;B01
201200031715;0;30;0;14;0;0;0;A01
201200031716;0;7;0;0;2;3;15;B01
201200031716;0;33;0;0;2;1;17;A01
201200031717;0;7;0;0;0;4;2;B01
201200031717;0;7;0;0;2;1;2;A01
201200031718;0;7;0;0;2;2;1;B01
201200031718;0;7;0;0;2;3;1;C01
201200031718;2;7;0;0;2;6;18;A01
201200031719;0;7;0;0;1;1;1;A01
201200031720;0;7;0;0;1;1;16;A01
201200031721;0;7;0;0;2;1;2;A01
201200031721;0;7;0;0;2;4;2;B01
201200031721;0;7;0;0;2;4;2;C01
201200031722;0;7;0;0;2;4;2;B01
201200031722;0;7;0;0;0;4;3;C01
201200031722;0;7;0;0;2;1;2;A01
201200031723;0;7;0;0;2;1;1;B01
201200031723;0;7;0;0;2;7;6;A01
201200031724;0;7;0;13;0;3;13;A01
201200031725;0;7;0;0;0;2;13;A01
201200031725;0;33;0;0;2;1;1;B01
201200031726;0;7;0;6;2;1;0;A01
201200031726;0;10;0;0;0;3;2;B01
201200031727;0;33;0;0;2;1;2;B01
201200031727;0;7;0;0;2;3;20;A01
201200031728;0;2;0;12;0;1;1;A01
201200031729;0;7;0;0;2;1;15;A01
201200031729;0;7;0;0;2;3;1;C01
201200031729;0;7;0;0;2;1;1;B01
201200031730;0;7;0;0;1;3;2;A01
201200031731;0;7;0;8;0;1;1;A01
201200031732;0;7;0;0;1;3;1;A01
201200031733;0;2;0;0;1;2;21;A01
201200031734;0;2;0;14;0;1;1;A01
201200031735;0;7;0;0;9;7;1;A01
201200031735;0;7;0;0;0;0;22;B01
201200031736;0;10;0;0;2;1;24;C01
201200031736;0;7;0;0;2;3;9;A01
201200031736;0;32;0;1;2;1;2;B01
201200031737;0;7;0;0;2;3;15;B01
201200031737;0;30;0;0;2;2;11;A01
201200031738;0;7;0;0;1;7;1;A01
201200031739;0;7;0;0;1;3;0;A01
201200031740;0;7;0;8;0;1;6;A01
201200031741;0;7;0;0;9;7;2;A01
201200031741;0;1;0;0;2;8;2;B01
201200031742;0;7;0;2;0;1;1;A01
201200031743;0;33;0;0;2;8;1;B01
201200031743;0;7;0;0;9;3;11;A01
201200031744;0;7;0;8;0;0;0;A01
201200031745;0;1;0;0;2;8;1;A01
201200031745;1;7;0;0;2;7;1;Z01
201200031746;0;33;0;0;2;1;1;A01
201200031746;0;7;0;0;0;6;1;B01
201200031746;0;7;0;0;0;8;0;C01
201200031747;0;7;0;0;2;4;2;B01
201200031747;0;7;0;0;2;1;2;A01
201200031747;0;7;0;0;2;4;2;C01
201200031747;0;7;0;0;2;4;2;D01
201200031748;0;7;0;0;1;1;1;A01
201200031749;0;7;0;0;2;1;5;C01
201200031749;0;7;0;0;2;6;0;B01
201200031749;0;10;0;0;2;1;13;A01
201200031750;0;7;0;0;2;4;0;B01
201200031750;0;30;0;0;2;1;2;A01
201200031751;0;7;0;0;0;8;9;A01
201200031751;0;2;0;0;2;1;1;B01
201200031752;0;7;0;0;1;2;0;A01
201200031753;0;39;0;0;0;0;0;A01
201200031753;0;1;0;14;0;1;1;B01
201200031754;0;7;0;15;0;2;14;A01
201200031755;0;33;0;1;2;1;17;A01
201200031755;0;7;0;0;2;3;15;B01
201200031756;0;7;0;0;1;3;1;A01
201200031757;0;7;0;0;2;3;15;A01
201200031757;0;33;0;0;2;7;17;B01
201200031758;0;7;0;0;0;6;2;B01
201200031758;0;7;0;1;2;2;19;A01
201200031759;0;7;0;13;0;1;1;A01
201200031760;0;7;0;13;0;1;1;A01
201200031761;0;7;0;13;0;1;1;A01
201200031762;0;7;0;0;1;3;15;A01
201200031763;0;38;8;0;1;4;4;A01
201200031764;0;1;0;0;2;2;9;B01
201200031764;0;7;0;0;9;7;9;A01
201200031765;0;32;0;0;0;6;15;B01
201200031765;0;10;0;0;2;2;17;A01
201200031766;0;17;0;0;2;1;1;A01
201200031766;0;7;0;0;2;8;9;B01
201200031767;0;7;0;0;2;1;1;B01
201200031767;0;7;0;0;2;1;13;A01
201200031768;0;13;0;0;2;4;1;B01
201200031768;0;7;0;0;2;1;1;A01
201200031769;0;7;0;0;1;0;16;A01
201200031770;0;33;0;0;2;1;17;A01
201200031770;0;7;0;0;2;8;11;B01
201200031771;0;7;0;0;1;6;4;A01
201200031772;0;30;0;0;0;1;2;A01
201200031772;0;7;0;0;2;4;2;B01
201200031773;0;10;0;13;0;3;19;A01
201200031774;0;1;0;0;2;8;18;B01
201200031774;0;7;0;0;2;7;14;A01
201200031775;0;7;0;0;2;1;5;A01
201200031775;0;30;0;0;2;1;1;B01
201200031776;0;7;0;0;1;1;1;A01
201200031777;0;7;0;13;0;2;15;A01
201200031778;0;7;0;13;0;1;1;A01
201200031779;0;7;0;0;0;8;1;B01
201200031779;0;7;0;15;2;1;0;A01
201200031780;0;7;0;0;1;1;0;A01
201200031781;0;7;0;0;2;1;1;B01
201200031781;0;2;0;0;2;1;5;A01
201200031782;0;7;0;0;2;2;1;A01
201200031782;0;30;0;0;2;3;1;B01
201200031783;0;7;0;0;1;7;2;A01
201200031784;0;7;0;0;0;1;1;A01
201200031784;0;1;0;0;0;0;0;B01
201200031785;0;33;0;0;1;1;1;A01
201200031786;0;7;0;0;2;1;2;E01
201200031786;0;7;0;0;0;3;13;A01
201200031786;0;7;0;0;2;1;2;C01
201200031786;0;7;0;0;2;1;2;D01
201200031786;0;7;0;0;0;3;1;B01
201200031787;0;10;0;0;0;4;4;A01
201200031788;0;7;0;8;1;3;16;A01
201200031789;0;99;0;0;1;1;1;A01
201200031790;0;7;0;0;2;3;1;B01
201200031790;2;7;0;0;2;1;13;A01
201200031791;0;2;0;0;0;0;0;B01
201200031791;0;7;0;0;2;3;9;A01
201200031792;1;7;0;0;1;0;15;A01
201200031793;0;2;0;0;0;0;0;A01
201200031793;0;2;0;0;0;0;0;B01
201200031794;0;7;0;0;2;2;19;A01
201200031794;0;7;0;0;2;3;1;B01
201200031795;0;7;0;0;2;1;1;B01
201200031795;0;99;0;0;2;1;13;A01
201200031795;0;7;0;0;2;6;1;C01
201200031796;0;7;0;0;9;1;5;A01
201200031796;0;7;0;0;2;7;21;C01
201200031796;0;1;0;0;0;1;1;B01
201200031797;0;7;0;0;2;6;13;B01
201200031797;0;33;0;0;2;1;17;A01
201200031798;0;30;0;0;2;1;1;A01
201200031798;0;7;0;0;0;7;15;B01
201200031799;0;7;0;0;2;2;10;A01
201200031799;0;33;0;0;2;1;1;B01
201200031800;0;30;0;0;2;1;1;A01
201200031800;0;7;0;0;2;1;15;B01
201200031801;1;7;0;0;1;1;1;Z01
201200031802;0;7;0;0;2;1;5;B01
201200031802;0;17;0;0;2;8;1;A01
201200031802;0;7;0;0;2;1;1;D01
201200031802;0;7;0;0;2;1;1;C01
201200031803;0;7;0;0;1;1;1;A01
201200031804;0;7;0;0;1;1;1;A01
201200031805;0;7;0;0;2;7;15;B01
201200031805;0;7;0;0;2;1;1;A01
201200031806;0;7;0;1;0;2;13;A01
201200031807;0;7;0;0;1;1;1;A01
201200031808;0;7;0;0;1;1;1;A01
201200031809;0;7;0;0;2;2;0;A01
201200031809;0;33;0;0;2;1;1;B01
201200031810;0;7;0;14;0;1;1;A01
201200031811;0;7;0;0;2;2;1;A01
201200031811;0;7;0;0;2;3;10;B01
201200031812;0;7;0;0;1;3;1;A01
201200031813;0;1;0;0;2;1;15;A01
201200031813;0;7;0;0;9;2;1;B01
201200031814;0;7;0;0;2;1;17;A01
201200031814;0;30;0;0;0;4;1;B01
201200031814;0;1;0;0;0;0;1;C01
201200031815;0;7;0;0;1;1;1;A01
201200031816;0;2;0;0;2;1;1;B01
201200031816;0;7;0;0;2;6;4;A01
201200031817;0;7;0;1;1;2;2;A01
201200031818;0;32;0;0;2;7;17;B01
201200031818;0;7;0;0;2;8;15;A01
201200031819;0;7;0;2;0;0;0;A01
201200031820;0;7;0;16;0;0;0;A01
201200031821;0;2;0;0;1;1;1;A01
201200031822;0;33;0;0;2;1;1;A01
201200031822;0;7;0;0;2;8;1;B01
201200031823;0;7;0;0;1;1;1;A01
201200031824;0;7;0;0;1;1;1;A01
201200031825;0;7;0;0;2;1;1;C01
201200031825;0;7;0;0;2;1;13;A01
201200031825;0;7;0;0;2;1;1;B01
201200031826;0;7;0;0;2;1;13;A01
201200031826;0;7;0;0;2;1;1;B01
201200031827;0;2;0;6;0;1;13;A01
201200031828;0;7;0;0;9;3;2;B01
201200031828;0;1;0;0;2;7;19;A01
201200031829;0;3;0;0;1;1;1;A01
201200031830;0;7;0;0;2;2;10;A01
201200031830;0;32;0;0;2;1;1;B01
201200031831;0;2;0;12;0;1;15;A01
201200031832;0;7;0;0;2;3;4;A01
201200031832;0;2;0;0;2;1;2;B01
201200031833;0;7;0;0;2;1;15;A01
201200031833;0;7;0;0;2;3;1;B01
201200031834;1;7;0;0;2;2;2;Z01
201200031834;0;1;0;0;2;6;2;B01
201200031835;0;7;0;0;2;7;5;A01
201200031835;0;7;0;0;2;1;1;B01
201200031836;0;7;0;0;2;6;23;B01
201200031836;0;1;0;0;2;1;2;A01
201200031837;0;2;0;1;0;1;13;A01
201200031838;0;7;0;0;1;3;1;A01
201200031839;0;7;0;0;1;3;1;A01
201200031840;0;7;0;0;1;1;15;A01
201200031841;0;7;0;13;0;1;1;A01
201200031842;0;7;0;0;2;1;13;A01
201200031842;0;17;0;2;2;3;1;B01
201200031843;0;7;0;1;0;1;13;A01
201200031844;2;7;0;0;2;1;2;A01
201200031844;0;7;0;0;0;4;23;B01
201200031845;0;7;0;0;2;7;1;A01
201200031845;0;7;0;0;2;2;15;B01
201200031846;0;2;0;0;2;1;2;A01
201200031846;0;7;0;0;0;6;1;B01
201200031847;0;31;0;0;0;1;15;A01
201200031848;0;1;0;0;2;1;15;A01
201200031848;0;7;0;0;2;3;1;B01
201200031849;0;7;0;0;1;2;1;A01
201200031850;0;7;0;0;2;4;15;B01
201200031850;0;1;0;0;2;1;1;A01
201200031851;0;7;0;0;2;3;1;A01
201200031851;0;2;0;0;0;8;19;B01
201200031852;0;7;0;0;2;2;1;A01
201200031852;0;7;0;0;0;8;23;B01
201200031853;0;2;0;1;0;1;14;A01
201200031854;0;30;0;0;2;1;1;B01
201200031854;0;7;0;0;2;2;19;A01
201200031855;0;7;0;0;1;2;1;A01
201200031856;0;7;0;0;2;3;13;A01
201200031856;0;7;0;0;2;8;1;B01
201200031857;0;7;0;0;1;2;14;A01
201200031858;0;7;0;0;2;1;1;A01
201200031858;0;30;0;0;2;8;1;B01
201200031859;0;7;0;6;0;1;1;A01
201200031860;0;7;0;0;2;1;13;A01
201200031860;0;7;0;0;2;1;1;B01
201200031861;1;7;0;0;0;0;0;Z01
201200031862;0;7;0;0;2;1;7;A01
201200031862;0;7;0;0;2;8;15;B01
201200031863;0;7;0;0;2;4;1;B01
201200031864;0;36;0;2;0;0;0;A01
201200031865;0;1;0;0;2;1;5;A01
201200031865;1;7;0;0;2;0;15;Z01
201200031866;0;7;0;2;0;1;14;A01
201200031867;0;1;0;0;2;0;11;B01
201200031867;0;7;0;0;0;0;2;A01
201200031868;0;7;0;0;2;5;1;A01
201200031868;0;2;0;0;2;1;1;B01
201200031869;0;31;0;0;5;1;1;A01
201200031870;0;7;0;1;0;5;10;A01
201200031871;0;7;0;14;0;4;21;B01
201200031871;0;7;0;0;0;5;23;C01
201200031871;0;7;0;0;2;1;2;A01
201200031872;0;1;0;0;2;1;13;A01
201200031872;0;7;0;0;2;3;1;B01
201200031873;0;1;0;0;2;1;15;A01
201200031873;0;7;0;0;2;1;1;B01
201200031874;0;2;0;0;0;0;1;A01
201200031875;0;7;0;0;1;1;15;A01
201200031876;0;33;0;0;2;1;1;A01
201200031876;0;7;0;0;0;2;11;B01
201200031877;0;13;0;0;2;1;1;B01
201200031877;0;30;0;0;2;2;0;A01
201200031878;0;7;0;8;0;1;14;A01
201200031879;0;7;0;6;0;1;13;A01
201200031880;0;7;0;15;0;1;13;A01
201200031881;0;33;0;0;2;1;1;B01
201200031881;0;7;0;0;2;1;15;A01
201200031882;0;7;0;0;1;2;16;A01
201200031883;0;7;0;0;1;3;1;A01
201200031884;0;7;0;0;1;1;1;A01
201200031885;0;7;0;0;1;3;1;A01
201200031886;0;7;0;0;1;1;1;A01
201200031887;0;1;0;0;2;1;19;A01
201200031887;0;7;0;0;2;2;1;B01
201200031888;0;7;0;0;1;2;1;A01
201200031889;0;7;0;0;0;9;14;A01
201200031890;0;7;0;0;2;1;15;A01
201200031890;0;7;0;0;0;7;1;B01
201200031891;0;7;0;0;2;1;13;A01
201200031891;0;2;0;0;2;1;1;B01
201200031892;0;7;0;0;1;2;1;A01
201200031893;0;33;0;0;0;0;0;A01
201200031894;0;10;0;0;1;7;13;A01
201200031895;0;7;0;0;2;2;1;C01
201200031895;0;7;0;0;2;8;21;B01
201200031895;0;7;0;0;2;3;13;A01
201200031896;0;7;0;0;2;5;16;A01
201200031896;0;30;0;0;0;6;15;B01
201200031897;0;33;0;0;2;7;1;B01
201200031897;0;7;0;0;2;8;13;A01
201200031898;0;30;0;0;2;1;19;A01
201200031898;0;7;0;0;2;2;1;B01
201200031899;0;2;0;0;2;8;1;B01
201200031899;0;3;0;0;2;2;1;A01
201200031900;0;7;0;0;2;8;11;A01
201200031900;0;32;0;0;2;2;1;B01
201200031901;0;7;0;0;1;2;1;A01
201200031902;0;1;0;0;2;1;1;A01
201200031902;0;7;0;0;2;2;15;B01
201200031903;0;7;0;0;2;1;1;A01
201200031903;0;1;0;0;2;0;19;B01
201200031904;0;7;0;0;2;4;24;B01
201200031904;0;2;0;1;0;1;17;A01
201200031905;0;7;0;8;2;1;7;A01
201200031905;0;7;0;0;2;0;1;B01
201200031906;0;7;0;0;1;1;1;A01
201200031907;0;7;0;0;1;2;1;A01
201200031908;0;7;0;0;1;1;1;A01
201200031909;0;33;0;0;2;1;2;A01
201200031909;0;7;0;0;2;4;2;B01
201200031910;0;7;0;0;2;1;1;B01
201200031910;0;30;0;0;2;0;0;A01
201200031911;0;7;0;0;1;1;0;A01
201200031912;0;2;0;0;2;1;15;A01
201200031912;0;7;0;0;2;1;1;B01
201200031913;0;30;0;0;2;1;1;A01
201200031913;0;7;0;0;2;6;15;B01
201200031914;0;7;0;6;0;2;13;A01
201200031915;0;40;0;0;1;7;23;A01
201200031916;0;7;0;0;1;2;1;A01
201200031917;0;7;0;0;1;2;1;A01
201200031918;0;2;0;0;0;4;1;B01
201200031918;0;7;0;0;2;1;1;A01
201200031919;0;7;0;0;1;3;0;A01
201200031920;0;7;0;0;1;3;1;A01
201200031921;0;7;0;0;1;3;1;A01
201200031922;0;7;0;0;2;1;1;B01
201200031922;0;7;0;0;2;1;13;A01
201200031923;0;7;0;0;2;2;15;B01
201200031923;0;7;0;0;2;2;1;A01
201200031924;0;7;0;3;0;1;1;A01
201200031925;0;14;0;0;2;7;16;A01
201200031925;0;1;0;0;2;1;1;B01
201200031926;0;30;0;0;2;1;16;A01
201200031926;1;7;0;0;2;1;0;Z01
201200031927;0;7;0;0;2;4;1;B01
201200031927;0;7;0;0;0;0;1;C01
201200031927;0;7;0;0;2;1;1;A01
201200031928;0;7;0;0;1;3;1;A01
201200031929;0;7;0;0;2;1;15;A01
201200031929;0;1;0;0;2;1;1;B01
201200031930;1;7;0;0;2;1;1;Z01
201200031930;0;7;0;5;2;4;1;A01
201200031931;0;7;0;1;0;1;14;A01
201200031932;0;7;0;0;1;2;1;A01
201200031933;0;7;0;0;1;2;1;A01
201200031934;0;30;0;0;0;7;1;A01
201200031935;0;7;0;0;1;1;1;A01
201200031936;0;30;0;0;2;1;1;A01
201200031936;0;7;0;0;2;4;1;B01
201200031937;0;7;0;0;1;0;4;A01
201200031938;0;1;0;0;2;7;1;A01
201200031938;1;7;0;0;2;3;1;Z01
201200031939;0;7;0;5;2;1;1;A01
201200031939;0;7;0;0;2;1;1;B01
201200031940;0;7;0;0;2;3;1;B01
201200031940;0;7;0;0;0;2;15;A01
201200031941;0;7;0;0;2;5;15;A01
201200031941;0;30;0;0;2;1;1;B01
201200031942;0;7;0;0;2;2;1;A01
201200031943;1;7;0;0;0;0;0;Z01
201200031944;0;7;0;15;0;1;14;A01
201200031945;0;7;0;0;1;0;0;A01
201200031946;0;7;0;0;2;8;20;B01
201200031946;0;32;0;0;2;2;17;A01
201200031947;0;37;1;0;1;0;7;A01
201200031948;0;7;0;0;2;8;0;B01
201200031948;1;7;0;0;2;1;0;Z01
201200031949;0;7;0;8;0;7;1;A01
201200031950;1;31;0;0;1;0;0;Z01
201200031951;0;7;0;0;2;3;9;A01
201200031951;0;33;0;0;2;1;1;B01
201200031952;0;33;0;0;2;1;1;A01
201200031952;0;7;0;0;2;6;1;B01
201200031953;1;7;0;0;2;0;1;A01
201200031953;0;1;0;0;2;1;19;B01
201200031954;0;7;0;0;2;0;0;A01
201200031954;0;30;0;0;2;0;0;B01
201200031955;1;31;0;0;1;1;0;Z01
201200031956;0;7;0;0;0;0;1;A01
201200031956;0;2;0;0;0;0;0;B01
201200031957;0;7;0;13;0;1;1;A01
201200031958;0;7;0;0;2;1;15;A01
201200031958;0;1;0;0;2;1;1;B01
201200031959;0;30;0;0;0;0;1;B01
201200031959;0;7;0;0;0;0;15;A01
201200031960;1;1;0;0;1;0;0;Z01
201200031961;0;7;0;0;1;2;20;A01
201200031962;0;1;0;0;0;0;0;B01
201200031962;0;10;0;0;0;0;0;A01
201200031963;1;7;0;0;0;0;0;Z01
201200031963;0;7;0;0;0;0;0;B01
201200031964;0;7;0;0;2;2;1;A01
201200031964;0;34;0;0;2;1;1;B01
201200031965;0;7;0;0;1;1;1;A01
201200031966;0;7;0;0;1;1;1;A01
201200031967;0;7;0;0;1;1;1;A01
201200031968;0;7;0;0;9;2;1;A01
201200031969;0;33;0;0;2;0;1;B01
201200031969;1;7;0;0;2;5;1;Z01
201200031970;0;7;0;0;1;0;16;A01
201200031971;1;7;0;0;0;1;0;Z01