num_acc;senc;catv;occutc;obs;obsm;choc;manv;num_veh
201200031971;0;30;0;0;0;4;23;B01
201200031972;0;7;0;0;2;7;13;A01
201200031972;0;10;0;0;2;1;1;B01
201200031973;0;30;0;3;0;1;0;A01
201200031974;0;31;0;0;2;3;18;A01
201200031974;0;30;0;0;0;7;23;B01
201200031975;1;7;0;0;0;0;0;Z01
201200031975;0;30;0;0;0;0;0;B01
201200031976;1;7;0;0;1;1;1;Z01
201200031977;0;7;0;0;1;1;1;A01
201200031978;0;7;0;0;2;7;4;A01
201200031978;0;1;0;0;2;1;1;B01
201200031979;0;7;0;0;2;2;9;A01
201200031979;0;33;0;0;2;1;1;B01
201200031980;1;7;0;0;1;0;1;Z01
201200031981;0;30;0;0;2;0;1;B01
201200031981;0;7;0;0;2;2;0;A01
201200031982;0;7;0;0;2;3;20;A01
201200031982;0;1;0;0;2;1;1;C01
201200031982;0;1;0;0;2;2;1;B01
201200031983;0;33;0;1;0;1;1;A01
201200031984;0;7;0;0;1;4;4;A01
201200031985;1;7;0;0;0;0;0;Z01
201200031985;0;7;0;0;2;6;23;B01
201200031986;0;7;0;0;0;4;23;B01
201200031986;0;1;0;0;0;1;1;A01
201200031987;0;7;0;0;2;1;1;B01
201200031987;0;33;0;0;2;1;1;Z01
201200031987;0;2;0;0;0;0;0;C01
201200031988;0;30;0;0;0;0;0;B01
201200031988;0;7;0;0;2;1;0;A01
201200031989;0;7;0;0;2;2;0;A01
201200031989;0;7;0;0;0;3;0;B01
201200031990;0;1;0;0;0;0;0;B01
201200031990;0;38;1;0;0;0;1;A01
201200031991;0;7;0;0;2;8;1;B01
201200031991;1;7;0;0;2;1;1;Z01
201200031992;0;7;0;0;4;1;1;A01
201200031992;0;39;0;0;2;5;1;B01
201200031993;0;7;0;0;0;0;0;A01
201200031994;0;2;0;4;0;0;1;A01
201200031995;0;1;0;0;1;1;1;A01
201200031996;0;7;0;0;0;0;0;A01
201200031997;0;30;0;0;2;1;17;B01
201200031997;0;7;0;0;2;8;11;A01
201200031998;1;7;0;0;2;1;15;Z01
201200031998;0;1;0;0;2;8;1;B01
201200031999;0;7;0;0;1;0;0;A01
201200031999;0;7;0;1;0;0;0;B01
201200032000;0;7;0;0;2;0;1;B01
201200032000;0;7;0;0;2;1;13;A01
201200032001;1;7;0;0;0;0;0;Z01
201200032002;0;7;0;0;1;0;1;A01
201200032003;1;10;0;0;2;0;0;Z01
201200032003;0;30;0;0;2;5;0;B01
201200032004;0;7;0;0;1;0;0;A01
201200032005;0;7;0;0;2;5;23;C01
201200032005;0;30;0;1;0;1;1;A01
201200032005;0;7;0;0;2;6;23;B01
201200032006;0;7;0;0;2;3;16;A01
201200032006;0;1;0;0;2;1;1;B01
201200032007;0;7;0;0;1;0;0;A01
201200032008;0;7;0;0;1;0;1;A01
201200032009;0;7;0;0;1;1;1;A01
201200032010;0;10;0;0;1;0;0;A01
201200032011;0;7;0;0;0;4;1;B01
201200032011;0;7;0;0;2;1;1;A01
201200032012;0;7;0;0;1;1;0;A01
201200032013;0;7;0;0;0;1;9;A01
201200032013;0;30;0;0;2;7;1;B01
201200032014;0;7;0;0;2;1;1;B01
201200032014;0;7;0;0;2;0;1;A01
201200032015;0;7;0;0;1;8;1;A01
201200032016;0;3;0;0;2;3;1;B01
201200032016;0;7;0;0;0;8;1;A01
201200032017;0;7;0;13;0;3;11;A01
201200032018;0;7;0;0;0;1;2;A01
201200032018;0;7;0;3;0;4;2;B01
201200032019;0;7;0;13;0;9;0;A01
201200032020;0;7;0;1;0;2;14;A01
201200032021;0;7;0;0;2;8;15;A01
201200032021;0;2;0;0;2;1;1;B01
201200032022;0;30;0;0;2;7;0;B01
201200032022;0;7;0;0;2;1;9;A01
201200032023;0;7;0;0;9;1;1;A01
201200032023;0;1;0;0;2;7;1;B01
201200032024;0;7;0;0;0;3;1;B01
201200032024;0;7;0;0;6;3;13;A01
201200032025;0;37;0;0;1;2;2;A01
201200032026;0;7;0;1;0;1;1;A01
201200032027;0;7;0;0;1;1;1;A01
201200032028;0;33;0;0;0;0;1;A01
201200032029;0;7;0;13;0;1;2;A01
201200032030;0;10;0;13;0;9;1;A01
201200032031;0;2;0;0;0;3;15;B01
201200032031;1;7;0;0;2;1;17;A01
201200032032;0;10;0;0;2;1;1;B01
201200032032;0;7;0;0;0;4;1;A01
201200032033;0;3;0;8;2;1;0;A01
201200032034;0;7;0;0;1;0;1;A01
201200032035;2;7;0;1;0;1;1;A01
201200032036;0;7;0;0;2;3;1;B01
201200032036;0;15;0;0;2;3;1;A01
201200032037;0;7;0;0;1;1;15;A01
201200032038;0;7;0;1;0;1;1;A01
201200032038;0;7;0;0;2;2;0;B01
201200032039;0;7;0;0;2;1;20;A01
201200032039;0;7;0;0;2;1;1;B01
201200032040;0;7;0;0;1;1;1;A01
201200032041;0;1;0;0;2;1;1;B01
201200032041;0;7;0;0;2;2;12;A01
201200032042;0;99;0;0;1;1;1;A01
201200032043;0;7;0;12;0;9;1;A01
201200032044;0;7;0;0;2;3;15;B01
201200032044;0;37;1;0;2;1;1;A01
201200032045;1;7;0;0;1;0;0;Z01
201200032046;0;7;0;0;1;1;1;A01
201200032047;0;30;0;0;2;1;1;B01
201200032047;0;7;0;0;2;3;15;A01
201200032048;0;7;0;0;1;5;1;A01
201200032049;0;7;0;0;1;4;20;A01
201200032050;1;7;0;0;1;0;1;Z01
201200032051;0;7;0;0;1;1;1;A01
201200032052;0;7;0;0;2;3;0;A01
201200032052;0;1;0;1;0;1;1;B01
201200032053;0;7;0;3;0;9;1;A01
201200032054;0;7;0;0;1;1;1;A01
201200032055;0;7;0;0;2;4;2;B01
201200032055;0;33;0;0;2;1;1;A01
201200032056;0;31;0;0;2;0;1;B01
201200032056;0;7;0;0;0;0;9;A01
201200032057;0;7;0;0;2;6;15;A01
201200032057;0;30;0;0;2;1;1;B01
201200032058;0;32;0;0;1;1;1;A01
201200032059;0;7;0;2;0;1;13;A01
201200032060;0;7;0;0;2;4;23;A01
201200032060;1;7;0;1;0;1;1;B01
201200032061;0;7;0;0;2;1;9;A01
201200032061;0;7;0;0;2;2;1;B01
201200032062;0;7;0;0;0;0;1;A01
201200032063;0;7;0;0;2;4;1;B01
201200032063;0;7;0;0;2;1;1;A01
201200032064;0;7;0;0;2;7;1;A01
201200032064;0;1;0;0;2;1;1;B01
201200032065;0;7;0;0;2;8;10;A01
201200032065;0;7;0;0;2;3;1;C01
201200032065;0;33;0;0;2;1;1;B01
201200032066;1;7;0;0;1;0;1;A01
201200032067;0;7;0;0;2;2;16;A01
201200032067;0;30;0;9;2;3;1;B01
201200032068;0;7;0;0;2;2;16;A01
201200032068;0;7;0;0;2;1;1;B01
201200032069;0;2;0;0;2;1;1;B01
201200032069;0;7;0;0;1;1;9;A01
201200032070;0;32;0;12;0;0;1;A01
201200032071;0;2;0;0;2;1;1;A01
201200032071;0;7;0;0;2;6;1;B01
201200032072;0;7;0;0;2;8;15;B01
201200032072;0;32;0;0;2;1;1;A01
201200032073;0;7;0;0;2;6;1;B01
201200032073;0;7;0;0;2;3;1;A01
201200032074;0;32;0;0;0;0;0;A01
201200032075;1;7;0;0;1;1;1;Z01
201200032076;0;7;0;0;1;1;1;A01
201200032077;0;7;0;4;0;1;1;A01
201200032078;1;7;0;0;0;0;0;Z01
201200032079;0;7;0;0;1;1;1;A01
201200032080;1;15;0;0;1;0;0;A01
201200032081;0;32;0;0;2;1;1;B01
201200032081;0;7;0;0;2;2;15;A01
201200032082;0;7;0;0;2;8;1;A01
201200032082;0;30;0;0;2;1;1;B01
201200032083;0;7;0;0;1;1;1;A01
201200032084;0;7;0;0;2;3;15;A01
201200032084;0;33;0;0;2;1;1;B01
201200032085;0;7;0;0;2;7;16;A01
201200032085;0;30;0;0;2;1;1;B01
201200032086;0;7;0;0;2;8;1;B01
201200032086;0;2;0;0;2;1;1;A01
201200032087;0;7;0;0;0;4;1;B01
201200032087;0;7;0;0;2;1;1;A01
201200032088;0;7;0;0;0;3;1;A01
201200032089;0;7;0;0;1;1;1;A01
201200032090;0;7;0;0;2;2;1;A01
201200032091;0;7;0;0;1;1;15;A01
201200032092;0;7;0;3;0;1;1;A01
201200032093;0;7;0;0;1;2;16;A01
201200032093;0;1;0;0;0;0;1;B01
201200032094;0;7;0;0;2;8;1;B01
201200032094;0;7;0;0;2;1;1;A01
201200032095;0;7;0;14;0;1;1;A01
201200032096;0;7;0;0;1;1;1;A01
201200032097;0;7;0;0;2;1;1;A01
201200032097;0;33;0;0;2;4;1;B01
201200032098;0;7;0;0;2;3;1;B01
201200032098;2;7;0;0;2;2;1;A01
201200032099;1;99;0;0;0;0;0;Z01
201200032100;0;37;1;0;1;2;16;A01
201200032101;0;7;0;0;1;1;1;A01
201200032102;0;7;0;0;1;1;1;A01
201200032103;0;2;0;0;2;8;1;B01
201200032104;0;7;0;0;2;6;15;A01
201200032104;0;7;0;0;2;3;2;B01
201200032105;0;7;0;0;2;3;15;A01
201200032105;0;1;0;0;2;1;1;B01
201200032106;0;7;0;0;1;1;15;A01
201200032107;1;99;0;0;0;0;0;Z01
201200032108;0;30;0;8;0;1;1;A01
201200032109;0;7;0;0;2;8;1;B01
201200032109;0;7;0;0;2;1;1;A01
201200032110;0;7;0;10;0;1;1;A01
201200032111;0;7;0;0;2;1;1;B01
201200032111;0;7;0;0;2;8;1;A01
201200032112;0;7;0;0;0;2;22;A01
201200032112;0;2;0;0;2;1;1;B01
201200032113;0;7;0;0;1;3;15;A01
201200032114;0;7;0;0;2;6;15;B01
201200032114;0;2;0;0;2;1;1;A01
201200032115;0;7;0;0;2;1;1;A01
201200032115;0;7;0;0;2;8;10;B01
201200032116;1;7;0;0;1;1;0;Z01
201200032117;0;7;0;0;1;1;1;A01
201200032118;0;7;0;0;1;1;1;A01
201200032119;1;7;0;0;1;1;1;A01
201200032120;0;7;0;10;0;1;2;A01
201200032121;0;10;0;0;1;1;15;A01
201200032122;0;7;0;0;1;1;1;A01
201200032123;0;7;0;0;2;3;15;A01
201200032123;0;7;0;0;2;3;1;B01
201200032124;2;7;0;0;2;1;1;A01
201200032124;0;7;0;0;2;8;1;B01
201200032125;0;30;0;0;2;1;1;B01
201200032125;0;7;0;0;2;2;15;A01
201200032126;0;7;0;0;2;4;1;B01
201200032126;0;7;0;0;2;1;1;A01
201200032127;0;7;0;2;0;1;1;A01
201200032128;0;7;0;0;2;2;16;A01
201200032128;0;1;0;0;2;1;2;B01
201200032129;0;7;0;0;1;4;24;A01
201200032130;0;7;0;0;2;2;1;B01
201200032130;0;7;0;0;2;3;15;A01
201200032131;0;7;0;0;1;1;1;A01
201200032132;0;7;0;0;2;3;15;A01
201200032132;0;1;0;0;2;8;1;B01
201200032133;0;7;0;0;1;1;1;A01
201200032134;0;7;0;0;2;4;1;B01
201200032134;0;10;0;0;2;1;1;A01
201200032135;0;7;0;0;2;1;1;A01
201200032135;0;7;0;0;2;1;1;B01
201200032136;0;7;0;8;2;1;1;A01
201200032136;0;7;0;0;2;3;1;B01
201200032137;0;7;0;0;0;0;1;A01
201200032138;0;37;7;6;0;0;0;A01
201200032139;0;7;0;0;2;1;1;B01
201200032139;0;7;0;0;2;1;2;A01
201200032140;0;7;0;0;2;4;1;B01
201200032140;0;2;0;0;2;1;1;A01
201200032141;0;7;0;0;2;2;1;B01
201200032141;0;7;0;0;2;6;1;A01
201200032142;0;7;0;0;2;2;15;A01
201200032142;0;33;0;0;2;1;17;B01
201200032143;0;31;0;0;2;1;1;A01
201200032143;0;7;0;0;2;4;0;B01
201200032144;0;7;0;0;1;1;1;A01
201200032145;0;31;0;0;2;7;2;B01
201200032145;0;7;0;0;2;6;11;A01
201200032146;0;33;0;0;0;1;15;A01
201200032147;0;7;0;0;2;1;15;A01
201200032147;0;33;0;0;2;1;2;B01
201200032148;1;7;0;0;0;0;0;Z01
201200032149;0;7;0;0;2;7;1;B01
201200032149;0;7;0;0;2;1;1;A01
201200032150;0;36;0;0;0;0;1;A01
201200032151;0;7;0;0;2;1;15;A01
201200032151;0;33;0;0;2;1;1;B01
201200032152;0;7;0;0;2;3;15;A01
201200032152;0;7;0;0;2;3;1;B01
201200032153;0;7;0;0;2;1;1;B01
201200032153;0;1;0;0;2;1;1;A01
201200032154;0;32;0;0;2;8;1;A01
201200032154;0;7;0;0;2;1;1;B01
201200032155;0;7;0;0;2;1;1;A01
201200032155;0;7;0;0;2;7;1;B01
201200032156;0;7;0;0;1;2;1;A01
201200032157;0;37;1;0;2;1;1;A01
201200032157;0;10;0;9;2;7;1;B01
201200032158;1;31;0;0;0;0;0;A01
201200032159;0;7;0;1;0;6;1;A01
201200032159;0;7;0;1;0;6;24;B01
201200032160;0;7;0;0;2;1;1;B01
201200032160;0;30;0;0;2;4;1;A01
201200032161;0;13;0;0;2;7;15;A01
201200032161;0;32;0;0;2;1;1;B01
201200032162;0;7;0;0;2;3;15;A01
201200032162;0;2;0;0;2;1;1;B01
201200032163;0;2;0;0;2;1;1;A01
201200032163;0;10;0;0;2;4;1;B01
201200032164;0;7;0;0;2;1;15;A01
201200032164;0;7;0;0;2;1;1;B01
201200032165;0;33;0;0;2;8;0;B01
201200032165;0;7;0;0;2;3;1;A01
201200032166;0;7;0;0;2;6;20;A01
201200032166;0;33;0;0;2;1;1;B01
201200032167;0;30;0;0;2;1;5;A01
201200032167;0;7;0;0;2;5;4;B01
201200032168;0;7;0;0;1;3;1;A01
201200032169;0;13;0;0;2;1;1;B01
201200032169;0;7;0;0;2;8;1;A01
201200032170;0;7;0;0;1;3;1;A01
201200032171;1;7;0;0;1;0;1;Z01
201200032171;0;1;0;0;0;0;19;A01
201200032172;0;1;0;0;2;1;1;B01
201200032172;0;7;0;0;1;5;16;A01
201200032173;0;7;0;0;2;1;1;B01
201200032173;0;1;0;0;2;7;1;A01
201200032174;0;7;0;0;2;2;1;B01
201200032174;0;7;0;0;2;3;11;A01
201200032175;0;1;0;0;2;1;0;B01
201200032175;0;7;0;0;2;3;15;A01
201200032176;0;7;0;0;2;3;9;B01
201200032176;0;2;0;0;2;1;1;A01
201200032177;0;7;0;0;1;1;1;A01
201200032178;0;33;0;0;2;1;1;A01
201200032178;0;7;0;0;2;2;9;B01
201200032179;0;1;0;0;0;0;0;B01
201200032179;0;1;0;0;0;0;0;C01
201200032179;1;7;0;0;1;0;0;Z01
201200032180;0;13;0;0;2;1;1;B01
201200032180;0;30;0;0;2;1;1;A01
201200032181;0;7;0;14;0;1;2;B01
201200032181;0;7;0;8;0;1;19;A01
201200032182;0;7;0;0;2;2;1;B01
201200032182;0;30;0;0;2;1;1;A01
201200032183;0;1;0;0;2;8;1;B01
201200032184;0;7;0;0;1;1;1;A01
201200032185;0;7;0;0;2;1;1;B01
201200032185;0;1;0;0;2;1;1;A01
201200032186;0;7;0;0;2;3;1;B01
201200032186;0;2;0;0;2;1;1;A01
201200032187;0;7;0;0;2;3;1;B01
201200032187;0;7;0;0;2;1;2;A01
201200032188;0;7;0;0;1;1;1;A01
201200032189;0;1;0;0;2;8;1;B01
201200032189;0;7;0;0;2;2;1;A01
201200032190;0;7;0;0;1;1;1;A01
201200032191;0;10;0;0;2;1;1;A01
201200032191;0;7;0;0;2;1;1;C01
201200032191;0;7;0;0;2;7;1;B01
201200032192;0;7;0;0;2;4;1;B01
201200032192;0;7;0;0;2;1;1;A01
201200032193;0;1;0;0;2;1;1;A01
201200032193;0;7;0;0;2;3;1;B01
201200032194;0;7;0;0;1;1;1;A01
201200032195;0;7;0;0;2;1;11;A01
201200032195;0;7;0;0;2;1;1;B01
201200032196;0;7;0;0;1;1;0;A01
201200032197;0;30;0;0;1;1;1;A01
201200032198;0;33;0;0;2;1;1;B01
201200032198;0;7;0;0;2;5;15;A01
201200032199;0;7;0;0;2;1;1;A01
201200032199;0;7;0;0;2;1;1;B01
201200032200;0;2;0;0;0;7;1;A01
201200032201;0;7;0;0;2;1;1;B01
201200032201;0;7;0;1;2;1;1;A01
201200032202;0;33;0;0;2;1;1;B01
201200032202;0;7;0;0;2;7;15;A01
201200032203;0;7;0;8;0;0;1;A01
201200032203;0;7;0;0;0;6;24;B01
201200032204;0;7;0;0;2;1;1;B01
201200032204;0;7;0;0;2;1;0;A01
201200032205;0;7;0;8;0;3;15;A01
201200032206;0;7;0;0;2;1;1;A01
201200032206;0;7;0;0;0;4;1;B01
201200032207;1;7;0;0;2;0;0;A01
201200032207;0;7;0;0;2;1;1;B01
201200032208;0;7;0;0;2;2;1;B01
201200032208;0;7;0;0;2;3;15;A01
201200032209;0;7;0;0;2;1;23;C01
201200032209;0;7;0;0;2;3;15;B01
201200032209;0;33;0;1;2;1;2;A01
201200032210;0;7;0;0;2;1;1;B01
201200032210;2;7;0;0;2;1;5;A01
201200032211;0;7;0;0;2;1;1;B01
201200032211;0;1;0;0;2;8;1;A01
201200032212;0;7;0;0;0;0;1;A01
201200032213;0;7;0;0;2;2;15;A01
201200032213;0;7;0;0;2;3;1;B01
201200032214;0;7;0;0;2;3;1;B01
201200032214;0;30;0;0;2;2;12;A01
201200032215;0;7;0;0;2;4;1;B01
201200032215;0;7;0;0;2;1;1;A01
201200032216;0;3;0;2;0;1;19;A01
201200032217;0;7;0;0;1;1;1;A01
201200032218;0;7;0;0;2;4;1;B01
201200032218;0;7;0;0;2;1;1;A01
201200032219;0;7;0;11;2;1;14;A01
201200032219;0;10;0;0;2;1;2;B01
201200032220;0;7;0;0;2;0;1;B01
201200032220;0;1;0;0;2;1;1;A01
201200032221;0;7;0;0;2;2;15;A01
201200032221;0;7;0;0;2;1;1;B01
201200032222;1;7;0;1;1;0;0;Z01
201200032223;0;1;0;0;2;8;1;B01
201200032223;0;7;0;0;2;1;1;A01
201200032224;0;7;0;0;2;4;1;B01
201200032224;0;2;0;0;2;1;1;A01
201200032225;0;7;0;0;2;1;17;A01
201200032225;0;7;0;4;2;0;1;B01
201200032226;0;7;0;0;1;1;1;A01
201200032227;1;10;0;0;1;1;1;A01
201200032228;0;7;0;0;5;9;1;A01
201200032229;0;33;0;0;2;1;1;A01
201200032229;0;7;0;0;2;3;10;B01
201200032230;1;7;0;0;2;0;1;Z01
201200032230;0;7;0;0;2;3;1;A01
201200032231;0;7;0;0;2;1;1;B01
201200032231;0;1;0;0;2;8;1;A01
201200032232;0;2;0;1;0;1;19;A01
201200032232;0;7;0;0;2;3;2;B01
201200032232;0;7;0;0;2;1;1;C01
201200032233;0;32;0;0;2;4;1;A01
201200032233;1;99;0;0;0;0;0;Z01
201200032234;1;7;0;0;2;0;1;Z01
201200032234;0;1;0;0;2;0;1;B01
201200032235;0;7;0;0;2;3;1;A01
201200032235;1;33;0;0;2;1;1;Z01
201200032236;0;37;1;0;2;1;9;B01
201200032236;0;33;0;0;2;1;1;A01
201200032237;0;1;0;0;2;1;1;A01
201200032237;0;38;2;0;9;0;14;B01
201200032238;0;37;1;0;1;1;1;A01
201200032239;1;30;0;0;1;1;1;Z01
201200032240;0;1;0;0;2;0;19;B01
201200032240;0;7;0;0;2;0;16;A01
201200032241;0;7;0;0;2;1;15;A01
201200032241;0;7;0;0;2;0;1;B01
201200032242;0;7;0;0;2;4;1;B01
201200032242;0;32;0;0;2;1;1;A01
201200032243;0;30;0;0;2;2;15;A01
201200032243;0;30;0;0;2;3;1;B01
201200032244;0;7;0;0;2;3;15;A01
201200032244;0;7;0;0;2;1;1;B01
201200032245;1;7;0;0;0;0;0;Z01
201200032245;0;31;0;0;2;1;1;A01
201200032246;0;30;0;0;2;1;0;B01
201200032246;0;7;0;0;2;6;0;A01
201200032247;0;7;0;0;2;0;20;A01
201200032247;0;1;0;0;2;0;1;B01
201200032248;0;7;0;0;1;2;1;A01
201200032249;0;1;0;0;2;1;9;A01
201200032249;0;7;0;0;2;1;1;B01
201200032250;0;2;0;0;1;1;1;A01
201200032251;0;7;0;0;2;8;1;B01
201200032251;0;7;0;0;2;1;1;A01
201200032252;0;7;0;0;2;1;1;A01
201200032252;0;7;0;0;2;4;1;C01
201200032252;0;7;0;0;2;1;1;B01
201200032253;0;7;0;0;2;1;15;A01
201200032253;0;1;0;0;2;1;2;B01
201200032254;0;33;0;0;0;1;1;A01
201200032255;0;7;0;0;2;5;2;B01
201200032255;0;2;0;0;2;1;1;A01
201200032256;0;7;0;0;2;0;1;B01
201200032256;0;7;0;8;2;0;17;A01
201200032257;1;7;0;0;2;1;1;Z01
201200032257;0;7;0;0;2;4;1;A01
201200032258;0;2;0;0;0;0;1;A01
201200032259;0;7;0;0;1;1;1;A01
201200032260;0;7;0;0;2;3;10;B01
201200032260;0;2;0;0;2;1;2;A01
201200032261;0;7;0;0;1;1;1;A01
201200032262;0;2;0;0;0;0;1;A01
201200032263;0;7;0;0;2;2;15;A01
201200032263;0;7;0;0;2;1;14;B01
201200032264;0;7;0;0;2;1;1;A01
201200032264;0;7;0;0;2;4;1;C01
201200032264;0;7;0;0;2;4;1;B01
201200032265;1;2;0;0;2;1;13;A01
201200032265;0;7;0;0;2;4;1;B01
201200032266;0;7;0;4;0;0;12;A01
201200032267;0;2;0;0;0;1;0;B01
201200032268;0;2;0;0;2;1;1;A01
201200032268;0;10;0;0;2;2;2;B01
201200032269;1;7;0;0;1;1;5;Z01
201200032270;0;7;0;0;1;1;2;A01
201200032271;0;7;0;0;2;4;2;B01
201200032271;0;2;0;0;2;1;1;A01
201200032272;0;7;0;0;2;2;1;B01
201200032272;0;2;0;1;2;1;18;A01
201200032273;0;2;0;8;0;1;1;A01
201200032274;0;7;0;0;2;4;2;B01
201200032274;0;30;0;0;2;1;21;A01
201200032275;0;1;0;0;2;4;1;B01
201200032275;0;7;0;0;2;1;1;A01
201200032276;0;7;0;6;0;1;1;A01
201200032277;0;1;0;0;2;0;0;A01
201200032277;0;1;0;0;2;1;0;B01
201200032278;0;7;0;0;2;1;15;A01
201200032278;0;30;0;0;2;2;1;B01
201200032279;0;7;0;0;1;1;1;A01
201200032280;0;7;0;0;1;1;1;A01
201200032281;0;2;0;0;2;8;1;A01
201200032281;0;7;0;0;2;7;16;B01
201200032282;0;1;0;0;2;1;1;A01
201200032282;0;7;0;0;2;2;16;B01
201200032283;0;7;0;0;2;1;9;A01
201200032283;0;33;0;0;2;8;21;B01
201200032284;0;7;0;0;2;4;1;B01
201200032284;0;7;0;0;2;2;1;A01
201200032284;0;7;0;0;2;8;1;C01
201200032285;1;7;0;0;2;1;2;A01
201200032285;0;7;0;0;2;4;1;B01
201200032286;0;7;0;0;2;3;2;B01
201200032286;0;33;0;0;2;1;1;A01
201200032287;0;7;0;0;1;1;1;A01
201200032288;0;30;0;0;1;1;1;A01
201200032289;0;1;0;0;2;1;1;C01
201200032289;0;7;0;0;2;1;1;B01
201200032289;0;7;0;12;2;1;17;A01
201200032290;0;7;0;0;2;7;1;B01
201200032290;0;7;0;0;2;1;1;A01
201200032291;0;1;0;0;2;2;1;B01
201200032291;0;7;0;0;2;3;15;A01
201200032292;0;7;0;0;1;0;1;A01
201200032293;0;7;0;0;1;2;0;A01
201200032294;0;7;0;0;2;1;1;B01
201200032294;0;1;0;0;2;1;15;A01
201200032295;0;7;0;0;0;4;23;B01
201200032295;0;7;0;0;1;1;1;A01
201200032296;1;7;0;0;0;0;0;Z01
201200032296;0;7;0;0;2;3;1;A01
201200032297;0;7;0;0;2;1;1;A01
201200032297;0;7;0;0;2;4;15;B01
201200032298;0;33;0;0;2;1;17;B01
201200032298;0;33;0;0;2;3;15;A01
201200032299;0;7;0;0;1;1;1;A01
201200032300;0;7;0;0;1;2;21;A01
201200032301;0;7;0;0;1;1;1;A01
201200032302;0;32;0;0;2;3;1;B01
201200032302;0;7;0;0;2;5;16;A01
201200032303;0;30;0;0;2;2;1;A01
201200032303;0;1;0;0;2;8;1;B01
201200032304;0;7;0;0;1;1;1;A01
201200032305;0;33;0;0;0;0;1;A01
201200032305;0;7;0;0;0;2;24;B01
201200032306;0;1;0;0;2;1;1;B01
201200032306;0;7;0;0;2;2;15;A01
201200032307;0;1;0;0;2;0;0;B01
201200032307;0;7;0;0;2;2;1;A01
201200032308;0;33;0;0;2;1;1;A01
201200032308;0;10;0;0;2;4;1;B01
201200032309;0;7;0;0;1;4;20;A01
201200032310;0;31;0;0;0;0;1;A01
201200032311;0;1;0;0;2;1;13;A01
201200032311;0;7;0;0;2;5;1;B01
201200032312;0;10;0;0;2;3;1;A01
201200032312;0;33;0;0;2;1;1;B01
201200032313;0;14;0;0;1;4;4;A01
201200032314;0;7;0;0;1;1;1;A01
201200032315;0;7;0;0;1;1;1;A01
201200032316;0;7;0;0;1;2;1;A01
201200032316;0;7;0;0;1;4;24;B01
201200032317;0;7;0;6;0;1;1;A01
201200032318;0;2;0;1;0;1;1;A01
201200032319;0;7;0;0;2;1;1;A01
201200032319;0;1;0;0;2;1;1;B01
201200032320;0;2;0;0;2;1;1;A01
201200032320;0;7;0;0;2;0;15;B01
201200032321;0;33;0;0;0;8;1;A01
201200032322;0;10;0;0;2;3;19;A01
201200032322;0;32;0;0;2;1;1;B01
201200032323;1;7;0;0;0;0;0;Z01
201200032324;0;7;0;0;2;1;1;B01
201200032324;0;7;0;0;2;3;15;A01
201200032325;0;7;0;0;2;2;15;A01
201200032325;0;33;0;0;2;1;1;B01
201200032326;0;7;0;0;1;1;1;A01
201200032327;0;7;0;0;2;3;9;A01
201200032327;0;30;0;0;2;1;1;B01
201200032328;0;7;0;2;0;1;1;A01
201200032329;0;7;0;0;2;1;1;A01
201200032329;0;7;0;0;2;3;15;B01
201200032330;1;7;0;0;2;0;0;Z01
201200032330;0;3;0;0;2;1;1;A01
201200032331;1;7;0;0;1;0;1;Z01
201200032332;0;7;0;0;1;2;1;A01
201200032333;0;7;0;0;2;3;13;A01
201200032333;0;7;0;0;2;6;1;B01
201200032334;0;7;0;0;2;1;15;A01
201200032334;0;30;0;0;2;8;1;B01
201200032335;0;7;0;0;2;1;1;B01
201200032335;0;2;0;0;2;1;5;A01
201200032336;0;7;0;6;0;1;0;A01
201200032337;0;7;0;0;1;1;1;A01
201200032338;0;7;0;0;1;0;16;A01
201200032339;0;1;0;0;2;1;1;B01
201200032339;0;7;0;0;2;4;4;A01
201200032340;0;7;0;0;1;1;15;A01
201200032341;0;2;0;0;2;1;17;A01
201200032341;0;7;0;0;2;6;1;B01
201200032341;0;7;0;0;2;8;1;C01
201200032342;1;99;0;0;1;0;0;Z01
201200032343;0;7;0;0;2;1;1;A01
201200032343;0;2;0;0;2;1;1;B01
201200032344;0;31;0;1;0;1;13;A01
201200032345;0;30;0;0;2;1;15;A01
201200032345;0;7;0;0;2;1;1;B01
201200032346;0;33;0;0;2;1;17;A01
201200032347;1;30;0;0;1;0;0;Z01
201200032348;0;1;0;0;2;1;1;A01
201200032349;1;7;0;0;2;0;1;Z01
201200032349;0;30;0;0;2;1;1;A01
201200032350;0;7;0;0;2;6;15;A01
201200032350;0;7;0;0;2;2;1;B01
201200032351;1;7;0;0;2;1;2;A01
201200032351;0;7;0;0;2;4;23;B01
201200032352;0;2;0;0;2;1;1;A01
201200032352;0;7;0;0;2;4;1;B01
201200032353;0;7;0;0;2;3;1;B01
201200032353;0;30;0;0;2;1;1;A01
201200032354;0;2;0;0;2;1;2;B01
201200032354;0;7;0;0;2;6;9;A01
201200032355;0;7;0;0;2;3;15;A01
201200032355;0;1;0;0;2;1;1;B01
201200032356;0;7;0;0;2;1;13;A01
201200032356;0;7;0;0;2;8;1;B01
201200032356;0;7;0;0;2;1;1;C01
201200032357;0;10;0;0;1;4;4;A01
201200032358;0;30;0;0;2;1;2;A01
201200032358;0;7;0;0;2;4;1;B01
201200032359;0;7;0;0;2;3;9;A01
201200032359;0;1;0;0;2;5;1;B01
201200032360;0;1;0;0;2;1;1;B01
201200032360;0;7;0;0;2;2;1;A01
201200032361;0;7;0;0;2;3;1;B01
201200032361;0;1;0;0;2;1;1;A01
201200032362;0;2;0;1;0;1;14;A01
201200032363;0;2;0;0;2;8;1;A01