num_acc;senc;catv;occutc;obs;obsm;choc;manv;num_veh
201200032363;0;7;0;0;2;7;1;B01
201200032364;0;1;0;0;2;3;19;B01
201200032364;0;7;0;0;1;1;1;A01
201200032365;0;7;0;0;2;1;1;A01
201200032365;0;33;0;0;2;1;1;B01
201200032366;0;30;0;0;2;3;1;A01
201200032366;0;7;0;0;2;1;15;B01
201200032367;1;7;0;0;0;0;0;Z01
201200032368;0;7;0;0;2;7;15;A01
201200032368;0;7;0;0;2;1;1;B01
201200032369;0;7;0;0;2;2;15;A01
201200032369;0;33;0;0;2;1;15;B01
201200032370;0;32;0;0;2;8;2;A01
201200032370;0;7;0;0;2;8;11;B01
201200032371;0;7;0;0;1;1;1;A01
201200032372;0;7;0;0;2;9;1;B01
201200032372;0;7;0;0;2;1;1;A01
201200032372;0;14;0;0;2;4;1;C01
201200032373;2;7;0;0;2;1;1;Z01
201200032373;0;33;0;0;2;8;15;B01
201200032373;0;7;0;8;2;3;15;C01
201200032374;0;7;0;8;2;3;1;B01
201200032374;0;7;0;0;2;2;1;A01
201200032375;0;7;0;1;1;1;13;A01
201200032375;0;7;0;1;0;0;24;B01
201200032376;0;33;0;1;0;1;1;A01
201200032377;0;7;0;0;2;1;1;B01
201200032377;0;7;0;0;2;1;15;A01
201200032378;0;7;0;0;2;4;2;B01
201200032378;0;33;0;0;2;1;2;A01
201200032379;0;7;0;0;1;1;1;A01
201200032380;0;31;0;0;2;7;1;B01
201200032380;0;7;0;0;2;1;1;A01
201200032381;2;7;0;0;2;1;1;A01
201200032381;0;1;0;0;2;1;1;B01
201200032382;0;10;0;0;1;2;15;A01
201200032383;0;33;0;0;2;2;17;A01
201200032383;0;7;0;0;2;8;15;B01
201200032384;0;7;0;0;1;1;1;A01
201200032385;0;7;0;0;1;1;1;A01
201200032386;0;7;0;0;2;3;2;C01
201200032386;0;10;0;0;2;3;2;B01
201200032386;0;33;0;0;2;1;17;A01
201200032387;0;33;0;12;0;1;1;A01
201200032388;0;7;0;0;2;4;23;B01
201200032388;0;7;0;0;2;1;2;A01
201200032389;0;7;0;0;2;8;1;A01
201200032389;0;1;0;0;2;1;1;B01
201200032390;0;7;0;0;2;8;10;A01
201200032390;0;33;0;0;2;1;1;B01
201200032391;0;33;0;0;2;7;1;B01
201200032391;0;13;0;0;2;2;1;A01
201200032392;0;7;0;0;2;1;1;A01
201200032392;0;1;0;0;2;8;0;B01
201200032393;0;7;0;0;1;1;15;A01
201200032394;0;3;0;1;0;1;1;A01
201200032395;0;10;0;0;2;1;1;A01
201200032395;0;30;0;0;2;4;1;B01
201200032396;0;7;0;0;1;1;1;A01
201200032397;0;7;0;0;2;1;1;A01
201200032397;0;2;0;15;2;1;1;B01
201200032398;0;7;0;0;2;2;2;A01
201200032398;2;7;0;0;2;1;2;B01
201200032399;0;7;0;0;1;1;1;A01
201200032400;0;7;0;0;2;1;5;A01
201200032400;0;7;0;0;2;1;1;B01
201200032401;0;1;0;0;2;4;11;B01
201200032401;0;7;0;0;2;2;1;A01
201200032402;0;7;0;0;2;5;15;B01
201200032402;0;31;0;0;2;1;1;A01
201200032403;0;7;0;0;1;2;1;A01
201200032404;0;7;0;0;1;7;2;A01
201200032404;0;1;0;0;2;8;2;B01
201200032405;0;7;0;0;2;3;1;B01
201200032405;0;7;0;0;2;2;15;A01
201200032406;0;7;0;0;1;2;15;A01
201200032407;0;7;0;0;2;1;2;B01
201200032407;0;7;0;0;2;8;2;A01
201200032408;0;32;0;0;2;1;2;A01
201200032408;0;7;0;0;2;4;2;B01
201200032409;0;1;0;0;2;1;1;A01
201200032409;0;7;0;0;2;1;1;B01
201200032410;0;30;0;0;2;8;1;A01
201200032410;0;7;0;0;2;7;1;B01
201200032411;0;7;0;0;2;0;9;A01
201200032411;0;33;0;0;0;0;1;B01
201200032412;0;7;0;0;2;3;11;A01
201200032412;0;2;0;0;2;7;1;B01
201200032413;0;1;0;0;2;1;1;A01
201200032413;0;10;0;0;2;1;1;B01
201200032414;0;7;0;0;0;4;1;B01
201200032414;0;7;0;0;2;1;0;A01
201200032415;0;7;0;0;2;1;15;A01
201200032415;0;2;0;0;2;8;1;B01
201200032416;0;7;0;0;2;1;15;A01
201200032416;0;7;0;0;2;1;1;B01
201200032417;0;7;0;0;1;3;1;A01
201200032418;0;33;0;0;0;0;1;A01
201200032419;0;31;0;0;2;1;1;B01
201200032419;0;7;0;0;2;3;9;A01
201200032420;0;7;0;0;1;1;1;A01
201200032421;1;7;0;0;0;0;0;Z01
201200032422;0;7;0;0;1;2;1;A01
201200032423;0;2;0;0;0;0;14;A01
201200032424;0;7;0;0;2;1;1;B01
201200032424;0;7;0;0;2;8;2;A01
201200032425;0;7;0;0;1;1;15;A01
201200032426;0;7;0;0;0;0;24;B01
201200032426;1;7;0;0;0;0;0;Z01
201200032426;0;10;0;0;0;0;24;C01
201200032426;0;34;0;1;2;4;1;A01
201200032427;0;7;0;0;2;1;0;A01
201200032427;0;7;0;0;2;2;1;B01
201200032428;0;37;1;0;1;7;1;A01
201200032429;0;7;0;4;0;2;1;A01
201200032430;0;7;0;0;1;4;4;A01
201200032431;0;1;0;0;2;0;1;B01
201200032431;0;7;0;0;2;2;10;A01
201200032432;0;37;3;0;2;5;1;A01
201200032432;0;14;0;0;2;1;16;B01
201200032433;0;7;0;0;1;1;16;A01
201200032434;0;7;0;0;2;1;15;A01
201200032434;0;7;0;0;2;3;1;B01
201200032435;0;3;0;0;2;1;1;A01
201200032435;0;7;0;0;2;1;1;B01
201200032436;0;1;0;0;2;0;1;B01
201200032436;0;7;0;0;2;2;15;A01
201200032437;0;7;0;0;1;1;15;A01
201200032438;0;7;0;0;2;3;15;A01
201200032438;0;3;0;0;2;1;2;B01
201200032439;0;2;0;0;2;1;1;B01
201200032439;0;7;0;0;2;1;15;A01
201200032440;0;7;0;0;2;1;15;A01
201200032440;0;1;0;0;2;7;2;B01
201200032441;0;7;0;0;2;5;15;A01
201200032441;0;7;0;0;2;3;1;B01
201200032442;0;2;0;0;2;1;1;B01
201200032442;0;7;0;0;2;1;9;A01
201200032443;0;1;0;0;2;1;1;B01
201200032443;0;7;0;0;2;3;9;A01
201200032444;0;7;0;0;1;5;1;A01
201200032445;0;7;0;6;1;1;1;A01
201200032446;0;7;0;2;0;1;13;A01
201200032447;0;33;0;0;2;7;0;B01
201200032447;0;7;0;0;2;3;0;A01
201200032447;0;33;0;0;2;8;0;C01
201200032448;0;7;0;0;2;3;15;A01
201200032448;0;34;0;0;2;1;1;B01
201200032449;0;7;0;0;1;3;1;A01
201200032450;0;7;0;1;2;7;17;A01
201200032450;0;3;0;0;2;8;24;C01
201200032450;0;7;0;0;2;3;1;B01
201200032451;0;7;0;0;2;1;1;A01
201200032451;0;33;0;0;2;1;1;B01
201200032452;0;7;0;0;2;1;1;B01
201200032452;0;7;0;0;2;1;1;A01
201200032453;0;1;0;0;2;1;1;A01
201200032453;0;7;0;0;2;3;1;B01
201200032454;0;7;0;0;2;1;1;A01
201200032454;0;7;0;0;2;4;9;B01
201200032455;0;7;0;0;1;1;9;A01
201200032456;0;7;0;0;1;1;15;A01
201200032457;0;30;0;0;2;1;2;A01
201200032457;0;7;0;0;2;4;1;B01
201200032458;0;7;0;0;1;3;15;A01
201200032458;0;1;0;0;2;1;1;B01
201200032459;0;7;0;9;0;9;1;A01
201200032460;0;7;0;0;0;0;1;A01
201200032461;0;14;0;1;2;1;1;A01
201200032461;0;7;0;0;2;2;1;B01
201200032462;0;1;0;1;0;1;1;B01
201200032462;0;7;0;0;2;3;24;A01
201200032463;0;1;0;0;2;1;13;A01
201200032463;0;14;0;0;2;8;1;B01
201200032464;0;7;0;0;2;1;1;A01
201200032464;0;7;0;0;2;4;23;C01
201200032464;0;7;0;0;2;4;23;D01
201200032464;0;7;0;0;2;4;23;B01
201200032465;0;10;0;0;1;7;9;A01
201200032466;0;7;0;0;2;8;9;A01
201200032466;0;2;0;0;2;1;1;B01
201200032467;0;7;0;0;2;6;24;B01
201200032467;0;30;0;1;0;2;1;A01
201200032468;0;7;0;0;2;1;1;B01
201200032468;0;7;0;8;2;5;15;A01
201200032469;0;33;0;1;2;1;1;B01
201200032469;0;7;0;0;2;1;5;A01
201200032470;0;7;0;0;2;2;16;A01
201200032470;0;1;0;0;2;1;1;B01
201200032471;0;37;1;0;0;0;1;B01
201200032471;0;33;0;0;1;1;1;A01
201200032472;0;7;0;0;2;4;1;B01
201200032472;0;7;0;0;2;4;2;C01
201200032472;0;33;0;0;2;1;1;A01
201200032473;0;7;0;0;0;0;1;A01
201200032474;0;37;1;0;1;7;0;A01
201200032475;0;7;0;2;0;1;19;A01
201200032476;0;7;0;0;1;1;1;A01
201200032477;0;7;0;0;1;1;14;A01
201200032478;0;30;0;0;2;7;1;A01
201200032478;1;99;0;0;0;0;0;Z01
201200032479;0;7;0;0;2;1;1;B01
201200032479;0;7;0;0;2;1;1;A01
201200032480;0;7;0;0;2;1;2;A01
201200032480;0;7;0;0;2;4;2;B01
201200032481;0;7;0;0;1;1;1;A01
201200032482;0;2;0;0;0;0;1;A01
201200032483;0;7;0;0;2;1;16;A01
201200032483;0;1;0;0;2;0;2;B01
201200032484;0;7;0;0;1;1;1;A01
201200032485;0;7;0;0;1;1;1;A01
201200032486;0;7;0;1;1;1;1;A01
201200032487;0;7;0;0;2;1;15;A01
201200032487;0;1;0;0;2;8;1;B01
201200032488;0;7;0;0;1;1;1;A01
201200032489;0;7;0;0;1;1;1;A01
201200032490;0;7;0;0;2;4;23;C01
201200032490;0;7;0;0;2;4;1;D01
201200032490;0;7;0;0;2;4;23;B01
201200032490;0;7;0;0;2;1;1;A01
201200032491;0;7;0;0;1;1;1;A01
201200032492;0;1;0;0;2;4;1;A01
201200032492;1;7;0;0;0;0;0;Z01
201200032493;0;7;0;0;2;1;1;B01
201200032493;2;7;0;0;2;8;9;A01
201200032494;0;7;0;0;2;1;10;A01
201200032494;0;7;0;0;2;1;1;B01
201200032495;0;7;0;0;2;4;23;B01
201200032495;0;7;0;0;2;1;1;C01
201200032495;1;7;0;0;2;1;1;A01
201200032496;0;7;0;0;2;1;1;C01
201200032496;0;7;0;0;2;9;1;B01
201200032496;0;10;0;0;2;4;9;A01
201200032497;2;7;0;0;2;2;1;A01
201200032497;0;7;0;0;2;6;1;B01
201200032498;0;1;0;0;2;1;1;B01
201200032498;0;7;0;0;2;1;1;A01
201200032499;0;7;0;0;2;3;19;A01
201200032499;0;1;0;0;2;1;1;C01
201200032499;0;7;0;1;2;3;1;B01
201200032500;0;7;0;0;1;3;0;A01
201200032501;0;1;0;0;2;1;1;B01
201200032501;0;7;0;0;2;2;1;A01
201200032502;0;7;0;0;2;8;1;A01
201200032502;0;33;0;0;2;1;1;B01
201200032503;0;7;0;0;2;3;1;B01
201200032503;0;7;0;0;2;3;15;A01
201200032504;0;7;0;0;2;1;1;B01
201200032504;0;7;0;0;2;9;12;A01
201200032505;0;7;0;0;1;2;1;A01
201200032506;0;7;0;0;2;3;0;A01
201200032506;0;2;0;0;2;1;0;B01
201200032507;0;7;0;0;1;1;15;A01
201200032508;0;7;0;12;0;1;1;A01
201200032509;0;7;0;0;1;7;1;A01
201200032510;1;2;0;0;2;1;1;A01
201200032510;0;7;0;0;2;8;9;B01
201200032511;0;7;0;0;1;1;1;A01
201200032512;0;7;0;0;2;1;1;A01
201200032512;0;7;0;0;2;4;23;C01
201200032512;0;7;0;0;2;4;23;B01
201200032513;2;7;0;0;2;1;5;A01
201200032513;0;7;0;0;2;1;1;B01
201200032514;0;7;0;0;1;1;1;A01
201200032515;0;7;0;0;1;1;1;A01
201200032516;0;1;0;0;2;1;2;B01
201200032516;0;7;0;0;2;3;9;A01
201200032517;0;2;0;1;0;7;1;A01
201200032518;0;7;0;0;2;8;9;A01
201200032518;0;2;0;0;2;1;1;B01
201200032519;1;99;0;0;1;1;1;Z01
201200032520;0;16;0;0;2;8;15;B01
201200032520;0;33;0;0;2;1;13;A01
201200032521;0;7;0;0;1;0;0;A01
201200032522;0;3;0;0;1;0;4;A01
201200032523;0;2;0;0;2;4;23;B01
201200032524;0;30;0;0;2;1;1;A01
201200032524;0;7;0;0;2;2;0;B01
201200032525;0;7;0;1;2;1;1;A01
201200032525;0;7;0;0;2;2;15;B01
201200032526;0;15;0;0;2;1;1;B01
201200032526;0;7;0;0;2;1;13;A01
201200032526;0;7;0;0;9;1;2;C01
201200032527;0;7;0;0;1;2;15;A01
201200032527;0;33;0;0;2;1;1;B01
201200032528;0;7;0;0;2;3;13;A01
201200032528;0;7;0;0;2;3;1;B01
201200032529;2;7;0;9;0;1;0;A01
201200032530;0;1;0;0;2;1;1;A01
201200032530;0;7;0;0;2;2;0;B01
201200032531;0;7;0;0;2;1;1;B01
201200032531;0;7;0;0;2;4;1;A01
201200032532;0;14;0;0;1;1;16;A01
201200032533;0;37;2;0;2;1;1;B01
201200032533;0;7;0;0;2;3;15;A01
201200032534;0;7;0;0;1;2;1;A01
201200032535;0;7;0;0;1;1;1;A01
201200032536;0;32;0;0;2;1;1;A01
201200032536;0;7;0;0;2;3;1;B01
201200032537;0;30;0;0;2;1;1;A01
201200032537;0;7;0;0;2;7;1;B01
201200032538;0;7;0;0;2;1;9;A01
201200032538;0;7;0;0;2;2;1;B01
201200032539;0;7;0;0;1;1;15;A01
201200032540;0;1;0;0;2;8;18;B01
201200032540;0;15;0;0;2;7;1;A01
201200032541;0;7;0;0;2;1;1;A01
201200032541;0;7;0;0;2;1;1;B01
201200032542;0;7;0;0;2;1;1;A01
201200032542;0;7;0;14;2;1;13;B01
201200032543;0;2;0;0;2;7;1;B01
201200032543;0;7;0;0;2;1;9;A01
201200032544;0;7;0;0;1;3;1;A01
201200032545;1;7;0;0;1;0;1;Z01
201200032546;0;7;0;9;1;0;1;A01
201200032547;0;7;0;0;2;1;1;A01
201200032547;0;7;0;0;2;4;0;B01
201200032548;0;7;0;0;0;0;1;A01
201200032549;0;7;0;0;2;3;13;A01
201200032549;0;7;0;0;2;3;1;B01
201200032550;0;7;0;0;2;3;15;A01
201200032550;0;7;0;0;2;1;1;B01
201200032551;0;7;0;0;1;3;15;A01
201200032551;0;1;0;0;2;3;1;B01
201200032552;0;7;0;0;2;4;1;B01
201200032552;0;7;0;0;2;4;1;A01
201200032553;0;7;0;0;2;4;1;B01
201200032553;0;32;0;0;2;1;1;A01
201200032554;0;7;0;0;1;1;1;A01
201200032555;0;2;0;0;2;1;1;B01
201200032555;0;7;0;0;2;1;1;A01
201200032556;0;2;0;0;2;1;1;B01
201200032556;0;10;0;0;2;7;16;A01
201200032557;0;1;0;0;2;0;1;B01
201200032557;0;7;0;0;2;1;1;A01
201200032558;0;7;0;0;2;1;1;A01
201200032558;0;7;0;0;2;0;1;C01
201200032558;0;7;0;0;2;0;1;B01
201200032559;0;7;0;0;2;3;23;B01
201200032559;0;31;0;0;2;1;1;A01
201200032560;0;10;0;0;2;1;15;A01
201200032560;0;1;0;0;2;1;1;B01
201200032561;0;7;0;0;1;1;1;A01
201200032562;0;1;0;0;2;8;19;B01
201200032562;0;7;0;0;2;1;1;A01
201200032563;0;7;0;0;2;2;9;A01
201200032563;0;33;0;0;2;1;1;B01
201200032564;0;7;0;0;2;1;1;B01
201200032564;0;7;0;0;2;7;1;A01
201200032565;0;7;0;0;1;1;1;A01
201200032566;0;30;0;0;2;1;1;B01
201200032566;0;7;0;0;2;5;15;A01
201200032567;0;2;0;1;0;1;2;A01
201200032568;0;7;0;1;0;2;1;A01
201200032569;1;7;0;0;1;0;1;A01
201200032570;0;7;0;0;2;2;15;B01
201200032570;0;7;0;0;2;1;1;A01
201200032571;0;7;0;0;2;1;10;A01
201200032571;0;7;0;0;2;7;1;B01
201200032572;0;2;0;12;0;1;1;A01
201200032573;0;7;0;0;1;1;1;A01
201200032574;0;7;0;0;2;2;1;A01
201200032574;0;30;0;0;2;8;1;B01
201200032575;0;7;0;0;2;8;1;B01
201200032575;0;7;0;0;2;1;1;A01
201200032576;0;7;0;0;2;3;1;B01
201200032576;0;7;0;0;2;1;1;C01
201200032576;2;7;0;0;2;1;1;A01
201200032577;0;7;0;0;1;1;1;A01
201200032578;0;7;0;0;1;3;9;A01
201200032579;0;2;0;0;2;1;1;B01
201200032579;1;7;0;0;2;1;9;Z01
201200032580;0;7;0;0;2;3;10;A01
201200032580;0;7;0;0;2;2;1;B01
201200032581;0;7;0;0;1;1;1;A01
201200032582;1;7;0;0;0;0;0;Z01
201200032583;0;2;0;0;2;1;1;B01
201200032583;0;7;0;0;2;2;16;A01
201200032584;0;7;0;0;1;1;1;A01
201200032585;0;7;0;0;1;1;15;A01
201200032586;0;30;0;0;2;1;1;B01
201200032586;0;7;0;0;2;2;15;A01
201200032587;0;7;0;0;2;2;1;B01
201200032587;0;7;0;1;2;1;9;A01
201200032588;0;7;0;0;4;3;23;A01
201200032588;0;39;0;0;2;1;1;B01
201200032589;0;33;0;0;2;1;1;B01
201200032589;0;7;0;0;2;3;9;A01
201200032590;0;7;0;0;2;1;2;A01
201200032590;0;7;0;0;2;4;2;B01
201200032591;0;7;0;0;2;4;15;B01
201200032591;2;7;0;0;2;1;1;A01
201200032592;0;14;0;0;2;3;15;B01
201200032592;0;33;0;0;2;1;17;A01
201200032593;0;7;0;0;1;1;1;A01
201200032594;0;7;0;0;1;1;11;A01
201200032595;0;7;0;0;1;1;1;A01
201200032596;0;7;0;0;1;1;16;A01
201200032597;0;7;0;0;2;1;16;A01
201200032597;0;32;0;0;2;2;1;B01
201200032598;0;7;0;0;2;3;15;B01
201200032598;0;2;0;0;2;1;17;A01
201200032599;0;7;0;0;1;1;1;A01
201200032600;0;7;0;0;2;1;1;B01
201200032600;0;7;0;0;2;1;5;A01
201200032601;0;7;0;0;1;1;1;A01
201200032602;0;31;0;0;1;1;1;A01
201200032603;0;7;0;0;2;0;0;B01
201200032603;1;7;0;0;2;4;4;Z01
201200032604;0;7;0;0;2;1;0;C01
201200032604;0;7;0;0;2;4;1;B01
201200032604;0;7;0;0;2;1;1;A01
201200032604;0;7;0;0;2;1;1;D01
201200032605;0;7;0;0;2;3;2;B01
201200032605;0;2;0;0;2;1;1;A01
201200032606;0;7;0;0;2;2;1;A01
201200032606;0;2;0;0;2;2;1;B01
201200032607;0;7;0;0;2;1;1;C01
201200032607;0;7;0;0;2;1;1;B01
201200032607;0;7;0;0;2;4;1;A01
201200032608;0;7;0;0;2;3;15;A01
201200032608;0;37;2;0;2;1;8;B01
201200032609;0;7;0;0;2;1;2;A01
201200032609;0;1;0;0;2;0;2;B01
201200032610;0;7;0;0;1;1;15;A01
201200032611;0;7;0;0;1;1;1;A01
201200032612;0;2;0;0;2;3;15;A01
201200032612;0;7;0;0;2;1;15;B01
201200032613;0;7;0;0;1;1;1;A01
201200032614;0;7;0;0;1;1;1;A01
201200032615;0;7;0;0;1;2;1;A01
201200032616;0;7;0;9;0;0;1;A01
201200032617;0;7;0;1;0;7;1;A01
201200032618;0;1;0;0;1;1;1;A01
201200032619;0;7;0;0;2;7;1;B01
201200032619;0;7;0;0;2;1;1;A01
201200032620;0;7;0;0;2;6;15;A01
201200032620;0;33;0;0;2;1;1;B01
201200032621;0;7;0;0;2;3;23;B01
201200032621;0;7;0;0;2;1;12;A01
201200032621;0;7;0;0;2;4;23;D01
201200032621;0;7;0;0;2;4;23;E01
201200032621;0;7;0;0;2;4;23;C01
201200032622;0;7;0;0;2;1;1;B01
201200032622;0;7;0;0;2;5;1;A01
201200032623;1;7;0;0;1;1;1;Z01
201200032624;0;30;0;0;2;1;17;A01
201200032624;0;1;0;0;2;6;19;B01
201200032625;0;2;0;8;2;8;1;B01
201200032625;0;7;0;0;2;7;0;A01
201200032626;0;1;0;0;2;1;1;B01
201200032626;0;3;0;0;2;3;15;A01
201200032627;2;2;0;0;1;1;1;A01
201200032628;0;7;0;0;2;2;1;B01
201200032628;0;7;0;0;2;3;15;A01
201200032629;0;7;0;0;2;4;1;B01
201200032629;0;2;0;0;2;1;1;A01
201200032630;0;7;0;0;1;2;1;A01
201200032631;0;7;0;0;2;1;1;B01
201200032631;0;7;0;0;2;3;15;A01
201200032632;0;33;0;0;2;1;1;B01
201200032632;0;7;0;0;2;3;17;A01
201200032633;0;1;0;0;2;6;1;B01
201200032633;1;7;0;0;2;1;0;Z01
201200032634;0;2;0;0;2;1;2;B01
201200032634;0;7;0;0;2;5;16;A01
201200032635;0;7;0;0;1;1;16;A01
201200032636;0;7;0;0;1;1;1;A01
201200032637;0;7;0;0;0;8;9;B01
201200032637;0;7;0;0;2;1;1;A01
201200032638;0;10;0;0;1;2;1;A01
201200032639;0;7;0;0;2;1;11;A01
201200032639;0;15;0;0;2;1;1;B01
201200032640;0;17;0;6;2;1;1;B01
201200032640;0;7;0;0;2;3;1;A01
201200032641;0;7;0;0;2;2;1;A01
201200032641;0;30;0;0;2;8;1;B01
201200032642;0;7;0;0;1;2;1;A01
201200032643;0;7;0;0;0;3;0;A01
201200032644;0;7;0;0;2;1;21;C01
201200032644;0;7;0;0;2;9;13;A01
201200032644;0;7;0;0;2;7;21;B01
201200032645;1;99;0;0;2;1;1;Z01
201200032645;0;1;0;0;2;8;15;Y01
201200032646;0;7;0;0;2;9;9;A01
201200032646;0;10;0;4;2;3;1;C01
201200032646;0;7;0;0;2;3;9;B01
201200032647;0;7;0;0;2;1;2;A01
201200032647;0;7;0;0;2;4;2;B01
201200032648;0;7;0;0;1;1;1;A01
201200032649;0;10;0;0;1;3;1;A01
201200032650;0;7;0;0;2;1;15;A01
201200032650;0;7;0;15;2;3;1;B01
201200032651;0;7;0;0;1;2;2;A01
201200032652;0;30;0;0;2;8;2;B01
201200032652;0;7;0;0;2;2;1;A01
201200032653;0;7;0;0;1;3;15;A01
201200032654;0;7;0;1;2;8;1;A01
201200032654;0;7;0;0;2;1;1;B01
201200032655;0;7;0;0;1;1;16;A01
201200032656;0;7;0;0;2;1;1;B01
201200032656;0;7;0;0;2;1;13;A01
201200032657;0;7;0;0;1;1;1;A01
201200032658;0;7;0;0;1;1;15;A01
201200032659;0;7;0;0;1;1;2;A01
201200032660;0;30;0;0;2;0;5;A01
201200032660;0;7;0;0;2;2;15;B01
201200032661;0;7;0;0;1;1;4;A01
201200032662;0;7;0;0;2;1;1;B01
201200032662;0;30;0;0;2;1;5;A01
201200032663;0;7;0;0;1;3;15;A01
201200032664;0;10;0;0;2;3;1;B01
201200032664;0;10;0;0;2;1;12;A01
201200032665;0;7;0;0;1;1;1;A01
201200032666;0;7;0;0;1;8;1;A01
201200032667;0;7;0;0;2;1;1;B01
201200032667;0;7;0;0;2;3;16;A01
201200032668;0;1;0;0;2;1;5;B01
201200032668;0;7;0;0;2;1;15;A01
201200032669;0;7;0;0;1;2;1;A01
201200032670;0;7;0;0;1;1;1;A01
201200032671;0;10;0;0;2;1;1;B01
201200032671;0;7;0;0;2;1;15;A01
201200032672;0;7;0;1;0;1;1;A01
201200032673;0;7;0;0;2;8;15;B01
201200032673;0;31;0;0;2;7;17;A01
201200032674;0;7;0;0;2;0;0;B01
201200032674;0;7;0;0;2;0;0;A01
201200032675;0;33;0;0;2;9;1;B01
201200032675;0;7;0;0;2;1;1;A01
201200032676;0;7;0;0;1;1;1;A01
201200032677;0;7;0;6;0;1;1;A01
201200032678;0;7;0;0;1;1;16;A01
201200032679;0;7;0;0;2;1;2;A01
201200032679;0;7;0;0;2;4;2;B01
201200032680;0;7;0;0;1;1;1;A01
201200032681;0;7;0;0;1;3;15;A01
201200032682;1;99;0;0;0;0;0;A01
201200032683;0;7;0;0;2;7;1;A01
201200032683;0;7;0;0;2;1;1;B01
201200032684;0;7;0;0;2;4;23;B01
201200032684;0;7;0;14;0;1;1;A01
201200032685;0;7;0;0;1;3;16;A01
201200032686;0;7;0;0;1;1;1;A01
201200032687;0;2;0;0;2;8;1;B01
201200032687;0;7;0;0;2;2;16;A01
201200032688;0;7;0;0;1;2;1;A01
201200032689;0;7;0;0;2;7;15;A01
201200032689;0;7;0;0;2;1;1;B01
201200032690;0;7;0;0;1;1;2;A01
201200032691;0;7;0;0;1;1;15;A01
201200032692;0;7;0;0;2;3;1;B01
201200032692;0;7;0;0;2;3;13;A01
201200032693;0;7;0;15;2;2;2;B01
201200032693;0;7;0;15;2;6;2;A01
201200032694;0;10;0;0;2;1;19;A01
201200032694;0;7;0;0;2;7;1;B01
201200032695;0;2;0;0;2;1;17;A01
201200032695;0;7;0;0;2;6;15;B01
201200032696;1;32;0;0;0;0;0;Z01
201200032697;0;33;0;0;2;9;1;B01
201200032697;0;7;0;0;2;3;15;A01
201200032698;0;7;0;14;4;9;1;A01
201200032698;0;40;0;0;2;1;1;B01
201200032698;0;7;0;0;2;1;23;D01
201200032698;0;7;0;0;2;1;23;C01
201200032699;0;37;10;0;2;1;2;A01
201200032699;0;7;0;0;2;4;23;B01
201200032700;0;7;0;0;1;2;1;B01
201200032701;0;7;0;0;2;2;15;A01
201200032701;0;7;0;0;2;2;1;B01
201200032702;1;32;0;0;0;0;0;Z01
201200032703;0;7;0;0;5;8;1;A01
201200032704;0;7;0;0;2;1;2;A01
201200032704;0;7;0;0;2;4;2;B01
201200032704;0;7;0;0;2;4;2;C01
201200032705;0;7;0;0;2;1;1;C01
201200032705;0;7;0;0;2;3;15;B01
201200032705;0;7;0;0;2;6;15;A01
201200032706;0;7;0;0;1;1;1;A01
201200032707;0;31;0;0;2;0;1;A01
201200032707;0;7;0;0;2;0;9;B01
201200032708;0;7;0;0;2;3;1;B01
201200032708;0;1;0;0;2;1;1;A01
201200032709;0;7;0;0;2;3;1;A01
201200032709;0;3;0;0;2;1;1;B01
201200032710;0;7;0;0;1;1;15;A01
201200032711;0;7;0;0;1;1;1;A01
201200032712;0;7;0;0;1;2;1;A01
201200032713;0;7;0;0;2;2;17;A01
201200032713;0;7;0;0;2;1;1;B01
201200032714;0;10;0;0;2;1;15;A01
201200032714;0;10;0;0;2;1;1;B01
201200032715;0;7;0;0;2;1;1;A01
201200032715;0;1;0;0;2;8;1;B01
201200032716;0;30;0;14;0;1;2;A01
201200032716;0;7;0;0;2;6;23;B01
201200032717;0;7;0;0;9;1;24;A01
201200032718;0;1;0;0;1;1;16;A01
201200032719;0;7;0;0;2;3;9;A01
201200032719;0;33;0;0;9;7;2;B01
201200032720;0;7;0;0;0;4;2;B01
201200032720;0;7;0;0;2;1;2;A01
201200032721;0;7;0;0;2;8;11;A01
201200032721;1;7;0;0;0;0;4;B01
201200032722;0;7;0;0;1;2;1;A01
201200032723;0;7;0;0;2;7;22;A01
201200032723;0;30;0;1;2;1;18;B01
201200032723;0;7;0;0;2;6;24;C01
201200032724;1;15;0;0;0;0;0;Z01
201200032725;0;7;0;2;0;1;21;A01
201200032725;1;30;0;0;0;0;0;B01
201200032726;0;7;0;0;1;2;1;A01
201200032727;0;32;0;0;2;1;1;A01
201200032727;0;7;0;0;9;5;15;B01
201200032728;0;7;0;0;2;1;1;A01
201200032728;0;7;0;0;2;8;2;B01
201200032729;0;3;0;0;2;3;15;B01
201200032729;1;7;0;0;2;1;2;Z01
201200032730;0;7;0;1;0;2;2;A01
201200032731;0;33;0;0;2;1;1;B01
201200032731;0;10;0;0;2;2;15;A01
201200032732;0;1;0;14;0;1;2;A01
201200032732;0;7;0;0;9;4;2;B01
201200032733;0;2;0;0;2;1;17;A01
201200032733;0;7;0;0;2;8;15;B01
201200032734;0;7;0;1;0;1;0;A01
201200032735;0;10;0;0;1;2;12;A01
201200032736;0;7;0;14;0;1;6;A01
201200032737;0;7;0;0;2;2;15;A01
201200032737;1;7;0;0;2;1;1;B01
201200032738;0;7;0;0;1;2;1;A01
201200032739;0;40;0;0;1;2;1;A01
201200032740;0;7;0;1;1;8;1;A01
201200032741;0;7;0;1;1;2;15;A01
201200032742;0;7;0;0;1;2;1;A01
201200032743;0;7;0;1;0;2;14;A01