num_acc;senc;catv;occutc;obs;obsm;choc;manv;num_veh
201200032744;0;7;0;0;2;1;15;A01
201200032744;0;7;0;0;2;1;1;B01
201200032745;0;7;0;0;1;1;2;A01
201200032746;0;30;0;0;2;1;1;B01
201200032746;0;7;0;16;2;3;15;A01
201200032747;0;2;0;0;2;3;1;A01
201200032747;0;7;0;0;2;2;15;B01
201200032748;0;7;0;0;2;1;2;A01
201200032748;0;7;0;0;0;6;2;B01
201200032748;0;7;0;0;0;1;2;C01
201200032749;0;7;0;0;1;1;1;A01
201200032750;0;7;0;12;0;9;21;A01
201200032751;1;7;0;0;1;0;17;Z01
201200032752;0;7;0;0;2;1;1;B01
201200032752;0;7;0;0;2;3;15;A01
201200032753;0;7;0;0;1;3;0;A01
201200032754;0;1;0;0;2;1;5;Y01
201200032754;0;7;0;0;2;2;1;A01
201200032755;0;7;0;6;0;1;6;A01
201200032756;0;7;0;0;2;1;2;B01
201200032756;1;7;0;0;0;0;2;Z01
201200032757;0;7;0;0;1;1;2;A01
201200032758;0;7;0;0;2;1;1;B01
201200032758;0;7;0;0;2;6;15;A01
201200032759;1;7;0;0;9;0;17;Z01
201200032759;0;1;0;0;0;8;11;B01
201200032760;0;30;0;0;9;7;5;A01
201200032760;0;1;0;0;2;7;5;B01
201200032761;0;7;0;0;2;1;15;A01
201200032761;0;7;0;0;2;3;1;B01
201200032762;0;7;0;0;1;7;16;A01
201200032763;0;7;0;0;0;3;1;B01
201200032763;0;7;0;0;0;7;1;A01
201200032764;0;7;0;0;1;3;1;A01
201200032765;0;7;0;0;2;2;15;A01
201200032765;0;30;0;0;0;1;1;B01
201200032766;0;7;0;1;0;1;15;A01
201200032767;2;7;0;2;0;1;0;A01
201200032768;0;7;0;0;1;2;1;A01
201200032769;0;7;0;7;4;2;15;A01
201200032769;0;40;0;0;2;3;1;B01
201200032770;0;7;0;0;2;1;14;A01
201200032771;0;7;0;0;2;3;9;A01
201200032771;0;2;0;0;2;7;15;B01
201200032772;0;7;0;0;2;1;16;A01
201200032772;0;7;0;0;2;1;1;B01
201200032773;0;30;0;2;0;1;13;Y01
201200032774;0;10;0;0;1;1;1;A01
201200032775;1;33;0;0;2;1;17;Z01
201200032776;0;30;0;0;2;1;1;B01
201200032776;0;7;0;0;2;2;15;A01
201200032777;0;7;0;0;1;1;2;A01
201200032778;0;7;0;0;0;1;23;B01
201200032778;0;14;0;0;0;4;4;A01
201200032779;0;7;0;2;0;3;0;A01
201200032780;0;7;0;0;2;5;10;A01
201200032780;0;7;0;0;2;1;2;B01
201200032781;0;37;1;0;0;3;2;B01
201200032781;0;7;0;0;0;2;16;A01
201200032782;0;7;0;0;1;3;1;A01
201200032783;0;7;0;0;0;3;15;A01
201200032783;0;32;0;0;2;1;1;B01
201200032784;0;31;0;0;0;1;1;B01
201200032784;0;7;0;0;0;7;11;A01
201200032785;0;7;0;0;1;1;1;A01
201200032786;0;7;0;0;2;1;1;B01
201200032786;0;7;0;0;2;3;1;A01
201200032787;0;7;0;0;0;8;9;A01
201200032787;0;1;0;0;2;1;1;B01
201200032788;0;2;0;0;2;0;1;B01
201200032788;0;7;0;0;2;3;1;A01
201200032789;0;7;0;0;1;3;1;A01
201200032790;0;7;0;0;2;1;1;B01
201200032790;0;7;0;0;2;1;15;A01
201200032791;0;7;0;0;2;1;15;A01
201200032791;0;7;0;0;2;3;1;B01
201200032792;0;10;0;1;0;1;13;A01
201200032793;0;7;0;0;2;3;10;A01
201200032793;0;7;0;0;2;2;1;B01
201200032794;0;7;0;0;2;5;16;A01
201200032794;0;1;0;0;2;3;2;B01
201200032795;0;7;0;0;2;3;15;A01
201200032795;0;1;0;0;2;1;5;B01
201200032796;0;7;0;0;1;1;0;A01
201200032797;0;31;0;0;1;4;4;A01
201200032798;0;7;0;0;2;1;1;B01
201200032798;0;1;0;0;2;8;1;A01
201200032799;0;32;0;1;0;1;14;A01
201200032800;2;7;0;15;0;1;1;A01
201200032801;0;2;0;0;2;8;12;A01
201200032801;0;7;0;0;9;8;2;B01
201200032802;0;1;0;0;2;1;2;B01
201200032802;0;7;0;0;9;2;2;A01
201200032803;0;7;0;0;1;3;1;A01
201200032804;0;30;0;0;2;7;19;A01
201200032804;0;7;0;0;0;3;1;B01
201200032805;0;7;0;0;2;1;1;B01
201200032805;0;1;0;0;2;1;19;A01
201200032806;0;7;0;0;1;1;15;A01
201200032807;0;7;0;0;2;1;1;B01
201200032807;0;7;0;0;2;3;15;A01
201200032808;0;7;0;0;1;2;1;A01
201200032809;0;7;0;1;0;1;13;A01
201200032810;0;7;0;0;2;7;1;A01
201200032810;0;7;0;0;2;3;23;C01
201200032810;0;7;0;0;2;1;1;B01
201200032811;0;31;0;0;2;1;1;B01
201200032811;0;7;0;0;2;8;10;A01
201200032812;0;7;0;0;2;4;15;B01
201200032812;0;33;0;0;2;1;2;A01
201200032813;0;7;0;8;2;8;1;B01
201200032813;0;7;0;0;2;1;15;A01
201200032814;0;7;0;0;2;7;1;A01
201200032814;0;7;0;0;2;1;1;B01
201200032815;0;33;0;0;2;1;15;A01
201200032815;0;7;0;0;0;6;15;B01
201200032816;0;7;0;0;2;1;16;A01
201200032816;0;7;0;0;2;2;15;B01
201200032817;0;2;0;0;2;1;9;A01
201200032817;0;7;0;0;2;3;1;B01
201200032818;0;7;0;1;1;7;1;A01
201200032819;0;7;0;0;1;3;1;A01
201200032820;0;7;0;0;2;5;15;A01
201200032820;0;7;0;0;2;1;1;B01
201200032821;0;1;0;0;2;6;16;B01
201200032821;0;10;0;0;2;2;16;A01
201200032822;0;1;0;0;2;7;17;A01
201200032822;0;37;1;0;2;6;1;B01
201200032823;0;7;0;0;1;1;19;A01
201200032824;0;7;0;0;1;2;1;A01
201200032825;0;30;0;0;2;8;17;A01
201200032825;0;7;0;0;2;8;15;B01
201200032826;0;30;0;1;0;8;2;A01
201200032827;0;7;0;0;2;0;1;B01
201200032827;0;17;0;0;2;4;4;A01
201200032828;0;7;0;0;2;3;1;B01
201200032828;0;7;0;0;2;1;15;A01
201200032829;0;30;0;0;2;7;17;A01
201200032829;0;7;0;0;2;6;15;B01
201200032830;0;7;0;1;0;1;14;A01
201200032831;0;2;0;0;2;2;1;B01
201200032831;0;7;0;0;2;3;9;A01
201200032832;0;7;0;0;1;1;2;A01
201200032833;0;34;0;0;2;1;12;B01
201200032833;0;7;0;0;2;3;9;A01
201200032834;0;7;0;0;2;1;2;A01
201200032835;0;32;0;0;2;1;1;B01
201200032835;0;7;0;0;2;3;5;A01
201200032836;0;7;0;0;2;3;15;A01
201200032836;0;33;0;0;2;8;2;B01
201200032837;0;7;0;0;2;3;15;A01
201200032837;0;7;0;0;2;8;16;B01
201200032838;0;7;0;0;9;6;2;B01
201200032838;0;2;0;0;2;1;2;A01
201200032839;0;7;0;1;0;1;14;A01
201200032840;0;3;0;0;1;3;2;A01
201200032841;0;1;0;0;2;1;2;B01
201200032841;0;7;0;0;2;2;15;A01
201200032842;0;1;0;0;0;3;2;B01
201200032842;0;37;1;0;9;5;17;A01
201200032843;0;7;0;0;2;1;1;B01
201200032843;0;7;0;0;2;8;1;A01
201200032844;0;7;0;1;2;1;1;B01
201200032844;0;7;0;0;2;3;15;A01
201200032845;0;7;0;0;2;4;1;B01
201200032845;0;33;0;0;2;4;1;A01
201200032846;0;30;0;0;2;8;2;B01
201200032846;0;7;0;0;2;2;20;A01
201200032847;1;7;0;0;9;0;1;A01
201200032847;0;1;0;0;2;8;19;B01
201200032848;0;31;0;0;2;1;1;B01
201200032848;0;7;0;0;0;5;10;A01
201200032849;0;7;0;0;2;3;17;A01
201200032849;0;7;0;0;0;3;2;C01
201200032849;0;30;0;0;2;1;21;B01
201200032850;0;7;0;0;1;1;2;A01
201200032851;0;2;0;0;2;1;1;A01
201200032851;0;7;0;0;2;3;1;C01
201200032851;0;7;0;0;2;7;15;B01
201200032852;1;7;0;0;1;0;0;Z01
201200032853;0;7;0;0;1;2;1;A01
201200032854;0;7;0;0;2;8;15;B01
201200032854;0;7;0;0;2;1;11;A01
201200032855;0;7;0;0;1;1;1;A01
201200032856;0;30;0;0;2;1;17;B01
201200032856;0;7;0;0;2;8;10;A01
201200032857;0;7;0;0;9;1;15;A01
201200032857;0;1;0;0;2;8;1;B01
201200032858;0;7;0;0;2;7;16;B01
201200032858;0;33;0;0;2;7;14;A01
201200032859;0;30;0;0;2;1;1;B01
201200032859;0;7;0;0;2;2;15;A01
201200032860;0;1;0;0;2;7;5;A01
201200032860;0;7;0;0;2;1;1;B01
201200032861;0;7;0;0;9;2;15;A01
201200032861;0;30;0;0;2;1;1;B01
201200032862;0;7;0;0;0;2;1;A01
201200032863;0;13;0;0;2;3;0;B01
201200032863;0;7;0;0;2;6;13;A01
201200032864;0;7;0;0;2;5;15;A01
201200032864;0;7;0;0;2;2;1;B01
201200032865;0;2;0;0;2;1;1;B01
201200032865;0;7;0;0;0;2;0;A01
201200032866;0;7;0;0;0;3;2;B01
201200032866;0;30;0;1;2;1;17;A01
201200032867;0;7;0;0;0;2;15;A01
201200032867;0;30;0;0;0;1;1;B01
201200032868;0;7;0;0;2;7;12;A01
201200032868;0;7;0;0;2;1;1;B01
201200032869;0;7;0;0;2;8;9;A01
201200032869;0;7;0;0;0;1;1;B01
201200032870;0;7;0;0;2;3;1;A01
201200032870;0;7;0;0;0;1;1;B01
201200032871;0;30;0;0;2;1;19;B01
201200032871;0;7;0;0;2;1;15;A01
201200032872;1;7;0;0;1;0;0;Z01
201200032873;0;7;0;0;1;1;1;A01
201200032874;0;2;0;0;0;1;1;A01
201200032874;0;7;0;0;0;4;0;B01
201200032875;0;7;0;0;2;7;19;A01
201200032875;0;7;0;0;2;1;1;B01
201200032876;1;10;0;0;1;4;4;A01
201200032877;0;7;0;0;2;1;2;B01
201200032877;0;7;0;0;2;8;0;A01
201200032878;0;7;0;8;0;2;1;A01
201200032879;0;30;0;0;2;4;0;A01
201200032879;0;7;0;0;2;4;2;B01
201200032880;0;7;0;0;1;5;4;A01
201200032881;0;10;0;1;2;2;1;B01
201200032881;0;7;0;0;2;3;16;A01
201200032882;0;10;0;0;0;2;2;A01
201200032882;0;30;0;0;2;3;2;B01
201200032883;0;7;0;0;0;8;23;B01
201200032883;0;7;0;0;0;4;23;E01
201200032883;0;7;0;0;0;4;23;D01
201200032883;0;7;0;0;0;3;23;C01
201200032883;0;7;0;0;2;1;1;A01
201200032884;0;7;0;0;2;1;2;A01
201200032884;0;7;0;1;2;4;2;B01
201200032885;0;7;0;0;1;7;1;A01
201200032886;0;7;0;0;0;6;15;A01
201200032886;0;30;0;0;2;1;1;B01
201200032887;0;7;0;0;0;2;1;B01
201200032887;0;30;0;0;0;1;1;A01
201200032888;0;7;0;0;1;2;2;A01
201200032889;0;2;0;0;0;0;0;A01
201200032889;0;7;0;0;0;0;0;T01
201200032890;0;40;0;0;1;2;0;A01
201200032891;0;7;0;0;1;3;2;A01
201200032892;0;7;0;0;1;1;1;A01
201200032893;0;37;0;0;2;3;0;B01
201200032893;0;7;0;0;2;2;0;A01
201200032894;0;7;0;0;2;7;15;A01
201200032894;0;30;0;0;2;1;1;B01
201200032895;0;7;0;0;2;3;13;A01
201200032895;0;7;0;0;2;3;0;B01
201200032896;0;2;0;0;2;1;1;B01
201200032896;0;7;0;0;2;1;0;A01
201200032897;0;7;0;0;0;4;20;B01
201200032897;0;7;0;0;2;1;2;A01
201200032898;0;7;0;0;2;7;15;A01
201200032898;0;7;0;0;2;1;2;B01
201200032899;0;7;0;8;0;1;15;A01
201200032900;0;7;0;0;2;3;0;A01
201200032900;0;30;0;0;2;1;1;B01
201200032901;0;30;0;0;2;1;0;B01
201200032901;0;7;0;0;2;3;0;A01
201200032902;0;7;0;0;2;3;1;B01
201200032902;0;7;0;0;2;2;16;A01
201200032903;0;7;0;6;2;7;1;B01
201200032903;0;7;0;0;2;1;16;A01
201200032904;0;7;0;0;2;1;1;A01
201200032904;0;7;0;0;2;1;1;B01
201200032905;0;7;0;0;0;4;1;A01
201200032905;0;31;0;0;2;1;0;B01
201200032906;0;7;0;0;1;4;4;A01
201200032907;0;7;0;0;1;3;15;A01
201200032908;0;7;0;0;0;7;13;A01
201200032908;0;7;0;0;0;3;0;B01
201200032909;0;7;0;0;1;1;0;A01
201200032910;0;7;0;0;2;2;10;A01
201200032910;0;7;0;0;2;3;1;B01
201200032911;0;7;0;0;2;4;2;A01
201200032911;0;7;0;0;2;4;23;B01
201200032912;0;7;0;0;2;3;9;B01
201200032912;0;30;0;0;2;3;0;A01
201200032913;2;7;0;0;0;3;1;B01
201200032913;0;7;0;0;0;1;1;A01
201200032914;0;2;0;0;2;1;1;B01
201200032914;0;7;0;0;2;2;15;A01
201200032915;0;10;0;0;1;1;1;A01
201200032916;0;7;0;0;2;1;1;B01
201200032916;0;7;0;0;2;3;11;A01
201200032917;0;7;0;0;2;7;1;A01
201200032917;0;10;0;0;0;1;1;B01
201200032918;0;33;0;0;0;7;1;B01
201200032918;0;10;0;0;2;8;9;A01
201200032919;0;10;0;0;2;1;1;B01
201200032919;0;7;0;0;0;3;9;A01
201200032920;0;7;0;1;0;3;5;A01
201200032921;0;7;0;0;2;2;15;A01
201200032921;0;30;0;0;2;1;1;B01
201200032922;0;7;0;0;1;2;0;A01
201200032923;0;7;0;0;2;3;9;A01
201200032923;0;7;0;0;2;7;0;B01
201200032924;0;7;0;0;1;8;1;A01
201200032925;0;7;0;0;2;1;0;A01
201200032925;0;7;0;0;2;3;2;B01
201200032926;0;10;0;0;1;1;1;A01
201200032927;0;7;0;0;2;8;9;A01
201200032927;0;30;0;0;2;2;2;B01
201200032928;0;7;0;0;1;1;15;A01
201200032929;0;33;0;0;2;0;0;B01
201200032929;0;7;0;0;2;0;0;A01
201200032930;0;7;0;0;0;4;2;B01
201200032930;0;7;0;0;2;1;1;A01
201200032931;0;7;0;0;1;1;15;A01
201200032932;0;7;0;0;2;3;11;B01
201200032932;0;2;0;0;2;2;2;A01
201200032933;0;7;0;0;2;0;2;B01
201200032933;0;7;0;0;2;0;0;A01
201200032934;0;7;0;0;1;1;0;A01
201200032935;0;7;0;0;2;5;15;A01
201200032935;0;7;0;0;2;1;1;B01
201200032936;0;7;0;8;0;1;2;A01
201200032937;0;7;0;0;1;1;15;A01
201200032938;0;7;0;0;2;1;1;A01
201200032938;0;7;0;0;2;3;11;B01
201200032939;0;7;0;1;0;2;1;A01
201200032940;0;7;0;0;1;1;17;A01
201200032941;0;7;0;0;1;1;19;A01
201200032942;0;7;0;0;1;3;16;A01
201200032943;0;10;0;0;1;2;1;A01
201200032944;0;7;0;0;0;3;10;A01
201200032944;0;31;0;0;0;2;17;B01
201200032945;0;7;0;1;9;8;0;B01
201200032945;0;7;0;0;2;1;1;A01
201200032946;1;7;0;0;2;7;5;A01
201200032946;0;7;0;0;2;7;0;B01
201200032947;1;7;0;0;0;0;0;A01
201200032947;0;30;0;0;0;0;0;B01
201200032948;0;7;0;0;0;7;15;B01
201200032948;0;7;0;0;0;1;0;A01
201200032949;0;30;0;0;0;0;2;A01
201200032950;0;10;0;0;1;2;1;A01
201200032950;0;1;0;0;2;3;0;B01
201200032951;0;33;0;0;2;1;1;B01
201200032951;0;7;0;0;2;1;13;A01
201200032952;0;7;0;0;0;4;2;B01
201200032952;0;7;0;0;2;1;2;A01
201200032953;0;7;0;0;1;3;1;A01
201200032954;0;7;0;1;2;3;17;A01
201200032954;0;30;0;0;2;1;1;B01
201200032955;0;7;0;0;1;1;0;A01
201200032956;0;7;0;0;1;2;1;A01
201200032957;0;7;0;0;2;1;15;A01
201200032957;0;30;0;0;2;1;1;B01
201200032958;0;7;0;0;2;8;1;A01
201200032958;0;1;0;0;2;4;1;B01
201200032959;0;33;0;14;0;0;13;A01
201200032960;0;7;0;0;1;4;0;A01
201200032961;0;7;0;1;1;3;0;B01
201200032961;0;7;0;0;1;2;2;A01
201200032962;0;1;0;0;2;7;0;B01
201200032962;0;7;0;0;2;1;0;A01
201200032963;0;7;0;0;0;2;1;A01
201200032964;0;7;0;0;2;1;1;A01
201200032964;0;14;0;0;0;4;0;B01
201200032965;0;7;0;0;2;8;1;B01
201200032965;0;7;0;0;2;3;1;A01
201200032966;0;7;0;0;0;2;13;A01
201200032966;0;1;0;0;2;8;1;B01
201200032967;0;7;0;0;2;2;1;A01
201200032967;0;10;0;2;2;8;1;B01
201200032968;0;30;0;0;2;1;1;A01
201200032968;0;7;0;0;0;4;23;B01
201200032968;0;30;0;0;0;2;2;C01
201200032969;0;10;0;0;1;3;15;A01
201200032970;1;7;0;0;1;4;4;Z01
201200032971;0;2;0;0;0;0;2;A01
201200032972;0;7;0;0;2;1;1;A01
201200032972;0;7;0;0;2;2;1;B01
201200032973;0;7;0;0;0;2;15;A01
201200032973;0;7;0;0;0;7;1;B01
201200032974;0;7;0;0;0;3;1;B01
201200032974;0;7;0;0;0;0;0;A01
201200032975;0;13;0;0;2;2;1;A01
201200032975;0;7;0;0;2;3;15;B01
201200032976;0;7;0;0;2;3;1;A01
201200032976;0;7;0;0;2;1;15;B01
201200032977;0;7;0;6;0;1;2;A01
201200032978;0;15;0;0;0;6;4;A01
201200032978;0;31;0;0;2;1;0;B01
201200032979;0;7;0;0;1;1;1;A01
201200032980;0;7;0;0;1;3;2;A01
201200032981;0;7;0;0;1;3;2;A01
201200032982;0;7;0;0;1;1;0;A01
201200032983;0;7;0;1;0;1;14;A01
201200032984;0;7;0;0;0;3;0;B01
201200032984;0;30;0;0;0;1;0;A01
201200032985;0;7;0;0;1;1;1;A01
201200032986;0;7;0;0;1;1;13;A01
201200032987;0;7;0;0;1;1;2;A01
201200032988;0;7;0;0;2;1;2;A01
201200032988;0;7;0;0;2;4;2;B01
201200032989;0;7;0;0;2;4;2;B01
201200032989;0;7;0;0;2;1;1;A01
201200032990;0;7;0;0;2;1;24;B01
201200032990;0;7;0;1;0;6;4;A01
201200032991;0;31;0;0;2;7;0;A01
201200032991;1;7;0;0;2;3;0;Z01
201200032992;0;7;0;0;2;1;15;A01
201200032992;0;7;0;1;2;1;1;B01
201200032993;0;7;0;0;2;1;1;B01
201200032993;0;7;0;0;2;1;15;A01
201200032994;0;2;0;0;2;3;1;B01
201200032994;0;7;0;0;2;2;15;A01
201200032995;0;7;0;0;0;5;1;B01
201200032995;0;30;0;0;2;1;1;A01
201200032996;0;2;0;0;0;0;0;A01
201200032997;1;7;0;0;1;0;0;A01
201200032998;0;7;0;0;1;1;15;A01
201200032999;0;7;0;0;2;2;1;A01
201200032999;0;30;0;0;2;1;15;B01
201200033000;0;7;0;0;2;3;16;B01
201200033000;0;37;4;0;2;1;1;A01
201200033001;0;33;0;0;0;7;21;A01
201200033001;0;7;0;0;2;0;15;B01
201200033002;0;33;0;0;2;3;1;A01
201200033002;0;10;0;0;2;3;11;B01
201200033003;0;7;0;0;2;8;12;A01
201200033003;0;7;0;0;2;7;4;B01
201200033004;0;7;0;0;2;2;0;A01
201200033004;0;1;0;0;2;0;0;B01
201200033005;0;10;0;0;1;8;0;A01
201200033006;0;33;0;13;0;1;17;A01
201200033007;0;33;0;0;2;1;2;B01
201200033007;0;7;0;0;0;8;10;A01
201200033008;0;10;0;0;2;4;4;A01
201200033008;0;30;0;0;2;1;1;B01
201200033009;0;7;0;9;0;2;0;B01
201200033009;0;7;0;0;2;3;16;A01
201200033010;0;7;0;14;0;1;1;A01
201200033011;0;7;0;0;1;2;0;A01
201200033012;0;7;0;0;0;3;15;B01
201200033012;0;7;0;0;2;1;17;A01
201200033013;0;30;0;0;2;0;2;A01
201200033013;0;7;0;0;0;4;2;B01
201200033014;0;7;0;0;0;0;0;A01
201200033014;0;7;0;0;0;0;0;B01
201200033015;0;33;0;0;2;1;3;A01
201200033015;0;7;0;0;2;5;11;B01
201200033016;0;7;0;8;0;1;11;A01
201200033017;0;7;0;0;1;3;1;A01
201200033018;0;2;0;0;2;2;0;A01
201200033018;1;7;0;0;0;0;0;Z01
201200033019;0;2;0;0;2;1;1;A01
201200033019;1;7;0;0;0;0;0;Z01
201200033020;0;7;0;0;2;2;16;B01
201200033020;1;33;0;0;2;1;1;A01
201200033021;0;2;0;0;0;0;0;B01
201200033021;0;7;0;0;0;0;0;A01
201200033022;0;7;0;0;2;1;2;A01
201200033022;0;7;0;0;2;4;15;B01
201200033022;0;7;0;0;2;3;1;C01
201200033023;0;7;0;0;1;4;0;B01
201200033023;0;7;0;0;0;1;0;A01
201200033024;0;7;0;0;1;2;0;A01
201200033025;0;7;0;0;1;1;1;A01
201200033026;0;30;0;0;2;2;1;B01
201200033026;0;7;0;0;2;3;15;A01
201200033027;0;7;0;0;2;1;2;A01
201200033027;0;7;0;0;0;4;2;B01
201200033028;0;30;0;0;2;7;17;A01
201200033028;0;7;0;0;2;8;15;B01
201200033029;0;7;0;0;2;4;1;B01
201200033029;0;7;0;0;2;1;1;A01
201200033030;0;32;0;0;2;8;1;B01
201200033030;0;7;0;0;2;1;11;A01
201200033031;0;3;0;0;1;1;19;A01
201200033032;0;7;0;0;2;2;1;A01
201200033032;0;7;0;0;2;3;1;B01
201200033033;0;2;0;12;0;1;1;A01
201200033034;0;7;0;0;2;8;1;B01
201200033034;0;7;0;0;2;3;11;A01
201200033035;0;7;0;0;1;2;1;A01
201200033036;0;7;0;0;0;2;0;A01
201200033036;0;33;0;0;0;0;0;B01
201200033037;0;30;0;0;2;8;0;A01
201200033037;0;7;0;0;2;1;2;B01
201200033038;0;1;0;0;9;8;1;A01
201200033038;0;1;0;0;9;7;17;B01
201200033039;1;7;0;0;1;1;1;Z01
201200033040;0;7;0;0;2;3;10;A01
201200033040;0;7;0;0;2;1;1;B01
201200033041;0;7;0;0;2;1;23;C01
201200033041;0;7;0;0;2;3;15;B01
201200033041;0;7;0;0;2;3;2;A01
201200033042;0;10;0;0;2;1;1;B01
201200033042;0;7;0;0;2;7;15;A01
201200033043;0;7;0;0;2;1;0;B01
201200033043;0;7;0;0;2;2;15;A01
201200033044;0;7;0;0;2;2;2;A01
201200033044;0;1;0;0;2;8;2;B01
201200033045;0;7;0;6;0;3;0;A01
201200033046;0;1;0;0;2;1;5;A01
201200033046;0;31;0;0;2;1;1;B01
201200033047;0;30;0;0;2;1;13;B01
201200033047;0;7;0;0;2;1;2;A01
201200033048;0;7;0;0;0;1;2;A01
201200033048;0;7;0;0;0;4;2;B01
201200033049;0;14;0;0;2;8;15;B01
201200033049;0;2;0;0;2;1;17;A01
201200033050;0;7;0;0;2;3;0;A01
201200033050;0;30;0;0;2;1;5;B01
201200033051;0;7;0;0;2;7;2;A01
201200033051;0;30;0;0;2;2;1;B01
201200033052;1;7;0;0;0;0;0;Z01
201200033052;0;33;0;0;2;1;1;A01
201200033053;0;7;0;13;0;1;1;A01
201200033054;0;33;0;0;0;8;2;A01
201200033054;1;7;0;0;0;0;0;Z01
201200033055;0;37;0;0;2;6;0;B01
201200033055;0;7;0;1;0;1;1;A01
201200033056;0;7;0;0;0;3;0;B01
201200033056;0;7;0;1;0;2;9;A01
201200033057;0;7;0;0;2;1;0;B01
201200033057;0;20;0;0;2;7;10;A01
201200033058;0;30;0;0;0;1;2;A01
201200033059;0;7;0;0;2;3;5;A01
201200033059;0;7;0;0;2;6;0;B01
201200033060;0;7;0;0;2;5;15;A01
201200033060;0;2;0;0;2;1;1;B01
201200033061;0;7;0;0;0;6;15;A01
201200033061;0;33;0;0;2;2;17;B01
201200033062;0;10;0;0;2;3;1;B01
201200033062;0;7;0;15;2;6;19;A01
201200033063;0;2;0;0;2;1;2;B01
201200033063;0;7;0;0;9;8;2;A01
201200033064;0;2;0;0;2;8;0;B01
201200033064;0;7;0;0;2;2;16;A01
201200033065;0;7;0;0;1;1;15;A01
201200033066;0;33;0;0;1;7;1;A01
201200033067;0;1;0;0;2;0;15;B01
201200033067;0;7;0;0;2;5;0;A01
201200033068;0;7;0;0;2;2;15;A01
201200033068;0;2;0;0;2;1;1;B01
201200033069;0;7;0;0;2;7;15;A01
201200033069;0;2;0;0;2;1;17;B01
201200033070;0;34;0;12;0;1;0;A01
201200033071;0;2;0;1;0;4;1;A01
201200033072;0;7;0;0;2;3;2;B01
201200033072;0;7;0;0;2;1;2;A01
201200033073;0;10;0;0;1;4;4;A01
201200033074;0;7;0;0;2;2;1;A01
201200033074;0;1;0;0;2;1;1;B01
201200033075;0;10;0;0;2;3;15;A01
201200033075;0;2;0;0;2;8;1;B01
201200033076;0;7;0;0;1;0;1;A01
201200033077;0;7;0;0;0;1;1;A01
201200033078;0;7;0;0;2;4;2;C01
201200033078;0;7;0;0;2;1;24;B01
201200033078;0;37;4;0;2;4;24;E01
201200033078;0;15;0;0;2;1;2;A01
201200033078;0;7;0;0;2;4;2;D01
201200033079;1;7;0;0;0;0;0;Z01
201200033079;0;33;0;0;0;8;9;A01
201200033080;0;7;0;8;2;6;15;A01
201200033080;0;7;0;0;2;1;1;B01
201200033081;0;7;0;0;2;1;1;A01
201200033081;0;7;0;0;2;8;1;B01
201200033082;0;7;0;0;1;1;0;A01
201200033083;0;37;15;0;0;2;7;A01
201200033084;0;7;0;0;2;4;23;B01
201200033084;0;30;0;0;2;1;1;A01
201200033085;0;7;0;0;2;1;0;A01
201200033085;0;7;0;0;2;8;0;B01
201200033085;0;15;0;0;2;6;0;C01
201200033086;0;7;0;0;2;3;15;A01
201200033086;0;30;0;0;2;1;2;B01
201200033087;0;10;0;0;2;8;15;A01
201200033087;0;7;0;0;2;1;2;B01
201200033088;0;7;0;0;1;2;1;A01
201200033089;1;7;0;0;1;2;0;A01
201200033090;0;30;0;0;2;1;1;A01
201200033090;0;7;0;0;2;3;10;B01
201200033091;0;7;0;0;2;2;1;B01
201200033091;0;2;0;0;2;3;1;A01
201200033092;0;7;0;0;2;1;1;A01
201200033092;0;33;0;0;2;7;1;B01
201200033093;0;2;0;0;2;8;0;A01
201200033093;0;7;0;0;2;2;1;B01
201200033094;0;7;0;0;0;1;0;A01
201200033094;0;7;0;0;0;2;0;B01
201200033095;0;7;0;0;1;3;0;A01
201200033096;0;7;0;0;0;1;11;A01
201200033097;0;7;0;0;0;0;0;B01
201200033097;0;30;0;0;0;2;21;A01
201200033098;0;7;0;0;2;3;9;A01
201200033098;0;2;0;0;2;1;2;B01
201200033099;0;7;0;0;2;2;15;A01
201200033099;0;1;0;0;2;1;1;B01
201200033100;0;2;0;0;2;1;19;B01
201200033100;0;7;0;0;2;5;13;A01
201200033101;0;7;0;1;2;8;0;B01
201200033101;0;7;0;0;2;2;0;A01
201200033102;0;7;0;0;2;2;16;A01
201200033102;0;30;0;0;2;1;1;B01
201200033103;0;7;0;0;0;3;15;A01
201200033103;0;7;0;0;0;3;1;B01
201200033104;0;7;0;0;2;7;19;A01
201200033104;0;7;0;0;2;1;19;B01
201200033105;1;30;0;0;2;3;1;B01
201200033105;1;7;0;0;2;0;2;Z01
201200033106;0;33;0;0;0;1;0;A01
201200033107;0;7;0;0;1;2;15;A01
201200033108;0;7;0;0;1;1;15;A01
201200033109;0;7;0;1;2;1;1;B01
201200033109;0;7;0;0;2;7;15;A01
201200033110;0;7;0;0;2;4;2;E01
201200033110;0;10;0;0;2;1;2;A01
201200033110;0;7;0;0;2;4;2;D01
201200033110;0;7;0;0;2;4;2;C01
201200033110;0;7;0;0;2;4;2;B01
201200033111;0;7;0;0;2;1;1;B01
201200033111;0;7;0;0;2;3;15;A01
201200033112;0;7;0;0;1;2;1;A01
201200033113;0;10;0;0;0;4;2;B01
201200033113;0;7;0;0;0;4;2;D01
201200033113;0;7;0;0;2;1;1;A01
201200033113;0;7;0;0;0;4;2;C01
201200033114;0;7;0;2;0;1;0;A01
201200033115;0;7;0;0;2;3;24;C01
201200033115;0;7;0;14;2;2;1;A01
201200033115;0;7;0;0;2;3;1;B01
201200033116;0;7;0;1;2;2;1;A01