num_acc;senc;catv;occutc;obs;obsm;choc;manv;num_veh
201200033116;0;7;0;1;2;1;15;B01
201200033117;0;7;0;0;2;3;1;A01
201200033117;0;7;0;0;2;1;6;B01
201200033118;0;7;0;0;2;3;1;B01
201200033118;0;7;0;0;2;2;2;A01
201200033119;0;10;0;1;0;1;2;A01
201200033120;0;7;0;0;0;3;15;A01
201200033120;0;32;0;0;0;3;1;B01
201200033121;0;7;0;0;1;1;1;A01
201200033122;0;7;0;0;2;1;1;A01
201200033122;0;7;0;0;2;8;5;B01
201200033123;0;7;0;0;1;1;1;A01
201200033124;0;7;0;0;1;7;1;A01
201200033125;0;7;0;0;2;2;1;B01
201200033125;0;7;0;0;2;7;15;A01
201200033126;0;30;0;0;2;1;1;B01
201200033126;0;7;0;0;0;3;15;A01
201200033127;0;10;0;0;0;7;12;A01
201200033127;0;7;0;0;0;8;1;B01
201200033128;0;3;0;0;1;1;16;A01
201200033129;2;7;0;0;2;1;0;A01
201200033129;0;7;0;0;2;1;1;B01
201200033130;0;7;0;0;1;7;1;A01
201200033131;0;10;0;0;1;3;1;A01
201200033132;0;7;0;0;2;1;1;B01
201200033132;0;7;0;0;0;1;1;C01
201200033132;0;7;0;0;2;2;15;A01
201200033133;0;7;0;0;2;1;1;A01
201200033133;0;7;0;0;2;8;9;B01
201200033134;0;3;0;0;2;1;1;A01
201200033134;0;7;0;0;2;4;1;B01
201200033135;0;7;0;0;1;2;17;A01
201200033136;0;7;0;0;1;1;1;A01
201200033137;0;2;0;0;2;1;1;A01
201200033137;0;7;0;0;2;1;19;B01
201200033138;0;10;0;0;2;2;22;A01
201200033138;0;1;0;1;0;1;1;B01
201200033139;0;7;0;0;2;3;1;A01
201200033139;0;7;0;0;2;6;15;B01
201200033140;0;1;0;0;2;0;1;B01
201200033140;0;7;0;0;2;0;0;A01
201200033141;0;7;0;0;1;3;1;A01
201200033142;0;7;0;0;1;1;1;A01
201200033143;0;7;0;0;2;2;13;A01
201200033143;0;33;0;0;2;7;1;B01
201200033144;0;7;0;2;0;3;0;A01
201200033145;0;7;0;0;1;2;1;A01
201200033146;0;7;0;2;0;3;1;A01
201200033147;0;7;0;0;0;4;1;C01
201200033147;0;7;0;0;2;1;1;B01
201200033147;0;7;0;0;2;1;1;A01
201200033148;0;7;0;0;1;1;1;A01
201200033149;0;7;0;1;2;1;1;A01
201200033149;0;7;0;0;2;3;1;B01
201200033150;0;33;0;0;2;1;1;B01
201200033150;0;7;0;0;2;2;9;A01
201200033151;0;7;0;0;2;3;13;A01
201200033151;0;7;0;0;2;9;1;C01
201200033151;0;7;0;0;2;6;1;F02
201200033151;0;7;0;0;2;8;1;B01
201200033151;0;7;0;0;2;1;1;E01
201200033151;0;7;0;0;2;1;1;D01
201200033152;0;7;0;0;2;3;1;B01
201200033152;0;7;0;0;2;3;16;A01
201200033153;0;2;0;1;0;1;15;A01
201200033154;0;7;0;0;2;0;0;B01
201200033154;0;7;0;8;2;0;0;A01
201200033155;0;37;0;0;1;2;1;A01
201200033156;0;7;0;15;0;1;1;A01
201200033157;0;30;0;0;2;1;13;A01
201200033157;0;7;0;0;2;3;1;B01
201200033158;0;30;0;0;2;3;1;B01
201200033158;0;7;0;0;2;2;1;A01
201200033159;0;7;0;0;2;0;15;A01
201200033159;0;7;0;0;2;0;1;B01
201200033160;0;33;0;0;2;1;1;B01
201200033160;0;7;0;0;2;7;15;A01
201200033161;0;33;0;0;2;8;1;A01
201200033161;0;7;0;0;2;6;1;B01
201200033162;0;7;0;0;2;1;10;A01
201200033162;0;33;0;0;2;1;17;B01
201200033163;0;7;0;9;0;1;1;A01
201200033164;0;7;0;0;1;2;1;A01
201200033165;0;7;0;0;2;4;1;B01
201200033165;0;7;0;0;2;4;1;C01
201200033165;0;7;0;0;2;1;1;A01
201200033166;0;7;0;0;2;2;1;B01
201200033166;0;7;0;0;2;3;9;A01
201200033167;0;30;0;3;0;7;17;A01
201200033167;0;7;0;0;0;0;1;B01
201200033168;0;30;0;0;2;1;1;A01
201200033168;0;7;0;0;2;4;2;B01
201200033169;0;34;0;0;2;7;1;B01
201200033169;0;7;0;0;2;1;1;A01
201200033170;0;7;0;0;1;4;4;A01
201200033171;0;7;0;0;2;3;15;A01
201200033171;0;33;0;0;2;1;1;B01
201200033172;0;7;0;0;1;1;1;A01
201200033173;0;30;0;5;0;0;1;A01
201200033174;0;7;0;0;1;1;1;A01
201200033175;0;7;0;0;2;8;0;A01
201200033175;0;7;0;0;2;3;1;B01
201200033176;0;1;0;0;2;0;19;B01
201200033176;0;7;0;0;2;1;1;A01
201200033177;0;7;0;0;2;1;1;A01
201200033177;0;7;0;0;2;4;1;B01
201200033178;0;7;0;0;2;2;20;A01
201200033178;0;30;0;0;2;8;1;B01
201200033179;0;7;0;0;1;1;1;A01
201200033180;0;37;1;0;1;1;1;A01
201200033181;0;7;0;0;1;8;4;A01
201200033182;0;7;0;0;2;0;0;A01
201200033182;0;7;0;9;0;7;1;C01
201200033182;0;1;0;0;2;4;1;B01
201200033183;0;31;0;9;0;1;0;A01
201200033184;0;7;0;1;0;9;0;A01
201200033185;0;30;0;12;0;1;13;A01
201200033186;0;30;0;0;2;1;1;B01
201200033186;0;7;0;0;2;7;1;A01
201200033187;0;7;0;0;2;1;6;A01
201200033187;0;3;0;0;2;3;1;B01
201200033188;0;7;0;0;1;1;1;A01
201200033189;0;7;0;0;2;1;1;B01
201200033189;0;7;0;0;2;1;5;A01
201200033190;0;30;0;0;2;1;1;B01
201200033190;0;7;0;0;2;4;15;A01
201200033191;0;7;0;0;1;1;1;A01
201200033192;0;7;0;0;2;4;1;B01
201200033192;0;7;0;0;2;1;1;A01
201200033193;0;7;0;0;2;3;0;A01
201200033193;0;7;0;0;2;3;1;B01
201200033194;0;33;0;8;0;1;1;A01
201200033195;0;13;0;0;2;1;9;A01
201200033195;0;7;0;0;2;7;1;B01
201200033196;0;7;0;0;2;1;1;A01
201200033196;0;7;0;0;2;4;1;C01
201200033196;0;7;0;0;2;0;1;B01
201200033197;0;33;0;0;2;1;1;A01
201200033197;0;7;0;0;2;4;1;B01
201200033198;0;33;0;0;2;6;15;B01
201200033198;0;7;0;0;2;3;15;A01
201200033199;0;7;0;0;2;8;15;A01
201200033199;0;30;0;0;2;7;13;B01
201200033200;0;7;0;0;2;3;1;B01
201200033200;0;7;0;0;2;0;15;A01
201200033201;0;7;0;0;2;2;16;A01
201200033201;0;30;0;1;2;1;1;B01
201200033202;0;7;0;0;2;1;1;A01
201200033202;0;1;0;0;2;4;1;B01
201200033203;0;7;0;0;2;1;17;A01
201200033203;0;7;0;0;2;1;1;B01
201200033204;0;7;0;0;1;1;0;A01
201200033205;0;3;0;2;0;1;0;A01
201200033206;0;7;0;0;1;0;0;A01
201200033207;0;7;0;0;2;1;15;B01
201200033207;0;32;0;0;2;1;1;A01
201200033208;0;30;0;0;2;1;1;B01
201200033208;0;7;0;0;2;3;17;A01
201200033209;0;7;0;0;2;1;1;B01
201200033209;0;7;0;0;2;1;13;A01
201200033210;0;30;0;0;2;1;1;B01
201200033210;0;7;0;0;2;3;10;A01
201200033211;0;1;0;0;2;1;19;B01
201200033211;0;7;0;0;2;2;1;A01
201200033212;0;7;0;0;2;8;16;A01
201200033212;0;30;0;0;2;8;1;B01
201200033213;0;7;0;0;1;1;1;A01
201200033214;0;7;0;0;1;1;16;A01
201200033215;0;7;0;0;2;2;1;B01
201200033215;0;7;0;0;2;8;9;A01
201200033216;0;7;0;3;2;1;5;A01
201200033216;0;7;0;0;2;1;1;B01
201200033217;0;1;0;0;2;6;19;B01
201200033217;1;7;0;0;2;1;16;Z01
201200033218;0;7;0;0;1;1;1;A01
201200033219;0;14;0;0;1;8;1;A01
201200033220;0;7;0;0;2;7;17;A01
201200033220;0;7;0;0;2;8;1;B01
201200033221;0;7;0;0;2;8;1;C01
201200033221;0;7;0;0;2;6;1;B01
201200033221;0;7;0;2;2;3;13;A01
201200033221;0;7;0;0;2;2;1;D01
201200033222;0;7;0;0;2;1;1;A01
201200033222;0;10;0;0;2;8;15;B01
201200033223;0;2;0;0;2;1;1;A01
201200033223;0;7;0;0;2;8;1;B01
201200033224;0;2;0;0;2;8;1;A01
201200033225;0;7;0;8;2;0;0;A01
201200033225;0;7;0;0;2;0;0;B01
201200033226;0;7;0;0;2;2;15;A01
201200033226;0;30;0;0;2;1;1;B01
201200033227;0;30;0;0;2;7;1;B01
201200033227;0;17;0;0;2;1;1;A01
201200033228;0;7;0;0;2;3;9;A01
201200033228;0;33;0;0;2;1;1;B01
201200033229;0;7;0;0;1;0;1;A01
201200033230;0;7;0;0;2;1;1;A01
201200033230;0;7;0;0;2;1;1;B01
201200033230;0;7;0;0;2;4;1;C01
201200033231;0;7;0;0;2;8;24;A01
201200033231;0;1;0;1;0;1;1;B01
201200033232;0;7;0;6;2;2;1;A01
201200033232;0;7;0;0;2;1;1;B01
201200033233;0;7;0;0;1;2;1;A01
201200033234;0;7;0;0;2;3;15;A01
201200033234;0;33;0;0;2;1;1;B01
201200033235;0;7;0;0;1;1;1;A01
201200033236;0;2;0;0;2;1;1;B01
201200033236;0;7;0;0;2;1;15;A01
201200033237;0;7;0;0;1;3;1;A01
201200033238;0;33;0;0;1;1;1;A01
201200033239;0;7;0;0;1;1;1;A01
201200033240;0;7;0;0;0;4;1;C01
201200033240;0;10;0;0;2;1;1;A01
201200033240;0;7;0;0;2;4;1;B01
201200033241;0;7;0;0;1;1;1;A01
201200033242;0;7;0;0;2;5;9;A01
201200033242;0;7;0;0;2;6;1;B01
201200033242;0;7;0;0;2;1;1;C01
201200033243;0;2;0;0;2;7;1;B01
201200033243;0;7;0;0;2;1;15;A01
201200033244;0;1;0;0;0;7;19;B01
201200033244;0;7;0;0;0;3;1;A01
201200033245;0;7;0;0;2;3;1;B01
201200033245;0;7;0;0;2;1;13;A01
201200033246;0;7;0;0;2;2;19;A01
201200033246;0;2;0;0;2;8;17;B01
201200033247;0;7;0;0;2;3;9;A01
201200033247;0;7;0;0;2;3;1;B01
201200033248;0;7;0;0;1;3;1;A01
201200033249;0;7;0;0;1;1;1;A01
201200033250;0;7;0;0;2;7;1;A01
201200033250;0;7;0;0;2;1;1;B01
201200033251;0;7;0;0;2;2;15;B01
201200033251;0;32;0;0;2;1;17;A01
201200033252;0;7;0;0;1;3;1;A01
201200033253;0;38;1;0;1;7;20;A01
201200033254;0;37;1;0;2;2;1;B01
201200033254;0;7;0;0;2;3;9;A01
201200033255;0;7;0;0;2;3;17;A01
201200033255;0;7;0;13;2;3;1;B01
201200033256;0;7;0;0;2;2;1;B01
201200033256;0;7;0;6;2;3;9;A01
201200033257;0;7;0;0;2;1;1;B01
201200033257;0;7;0;0;2;7;13;A01
201200033258;1;36;0;0;1;1;0;A01
201200033259;0;1;0;0;2;1;1;B01
201200033259;0;7;0;0;2;2;9;A01
201200033260;2;7;0;0;1;1;16;A01
201200033261;0;30;0;0;2;1;17;A01
201200033261;0;7;0;0;2;3;1;B01
201200033262;0;33;0;0;0;5;9;A01
201200033262;0;7;0;12;2;1;1;B01
201200033263;0;7;0;0;2;3;22;A01
201200033263;0;1;0;0;2;7;19;B01
201200033263;0;7;0;0;2;2;1;C01
201200033264;0;7;0;0;2;1;1;A01
201200033264;0;1;0;0;2;8;19;B01
201200033265;0;7;0;0;2;1;13;A01
201200033265;0;7;0;3;2;1;1;B01
201200033266;0;7;0;0;2;3;24;A01
201200033266;0;1;0;0;2;2;1;B01
201200033267;0;37;1;0;2;7;17;A01
201200033267;0;1;0;0;2;8;1;B01
201200033268;0;7;0;0;1;6;4;A01
201200033269;0;33;0;0;2;7;17;B01
201200033269;0;7;0;0;2;2;9;A01
201200033270;0;7;0;0;1;2;1;A01
201200033271;0;7;0;0;1;2;1;A01
201200033272;0;7;0;0;1;3;1;A01
201200033273;0;7;0;0;1;2;1;A01
201200033274;0;7;0;13;2;7;13;A01
201200033274;0;7;0;13;2;1;1;B01
201200033275;0;38;1;0;1;7;16;A01
201200033276;0;7;0;0;1;2;1;A01
201200033277;0;7;0;0;2;2;24;B01
201200033277;0;7;0;0;2;2;19;A01
201200033278;0;7;0;0;1;2;15;A01
201200033279;0;7;0;0;1;2;0;A01
201200033280;0;7;0;0;1;1;15;A01
201200033281;0;7;0;0;2;1;2;A01
201200033281;0;10;0;0;2;4;2;C01
201200033281;0;7;0;0;2;4;2;B01
201200033282;0;7;0;0;1;2;1;A01
201200033283;0;7;0;3;0;1;16;A01
201200033284;0;33;0;0;2;0;1;A01
201200033284;1;10;0;0;2;0;0;B01
201200033285;0;31;0;0;2;1;17;A01
201200033285;0;7;0;0;2;3;15;B01
201200033286;0;7;0;0;2;1;13;A01
201200033286;0;7;0;0;2;1;1;B01
201200033287;0;7;0;0;2;3;13;A01
201200033287;0;7;0;0;2;1;1;B01
201200033288;0;7;0;0;0;9;17;A01
201200033289;0;33;0;0;2;1;1;B01
201200033289;0;7;0;0;2;1;13;A01
201200033290;0;7;0;0;1;7;1;A01
201200033291;0;7;0;13;0;1;14;A01
201200033292;0;37;2;0;1;2;1;A01
201200033293;0;7;0;0;2;3;15;A01
201200033293;0;33;0;0;2;1;1;B01
201200033294;0;7;0;0;1;3;1;A01
201200033295;0;7;0;0;1;1;0;A01
201200033296;0;7;0;0;2;1;1;B01
201200033296;0;7;0;0;2;8;1;A01
201200033297;0;7;0;0;1;3;1;A01
201200033298;2;7;0;0;2;8;1;B01
201200033298;0;7;0;0;2;1;1;A01
201200033299;0;7;0;0;2;3;1;B01
201200033299;0;7;0;0;2;2;1;A01
201200033300;0;33;0;0;2;8;1;B01
201200033300;0;7;0;0;2;5;12;A01
201200033301;0;7;0;0;2;1;1;B01
201200033301;0;7;0;0;2;1;5;A01
201200033302;0;7;0;0;2;1;9;A01
201200033302;0;33;0;0;2;4;1;B01
201200033303;0;7;0;3;0;1;17;A01
201200033304;0;7;0;0;1;1;1;B01
201200033305;0;7;0;0;1;6;4;A01
201200033306;0;7;0;0;2;3;0;B01
201200033306;0;7;0;0;2;3;9;A01
201200033307;0;7;0;0;1;2;1;A01
201200033308;0;7;0;4;0;3;13;A01
201200033309;1;7;0;0;1;0;0;Z01
201200033310;0;7;0;0;2;7;1;A01
201200033310;0;7;0;0;2;1;1;B01
201200033311;0;30;0;0;2;1;19;B01
201200033311;0;7;0;0;2;2;1;A01
201200033312;0;30;0;0;2;1;1;B01
201200033312;0;7;0;0;2;3;15;A01
201200033313;0;31;0;0;2;1;1;A01
201200033313;0;7;0;0;2;1;15;B01
201200033314;0;2;0;0;0;2;1;A01
201200033315;0;7;0;0;2;1;1;A01
201200033315;0;7;0;0;2;7;19;B01
201200033316;0;2;0;0;0;1;1;A01
201200033317;0;30;0;0;2;4;15;A01
201200033317;0;33;0;0;2;2;1;B01
201200033318;0;7;0;0;1;4;4;A01
201200033319;1;7;0;0;0;0;0;X01
201200033319;0;30;0;0;2;1;1;A01
201200033320;0;7;0;0;2;1;15;A01
201200033320;0;33;0;0;2;1;1;B01
201200033321;0;7;0;0;1;2;1;A01
201200033322;0;7;0;0;1;1;1;A01
201200033323;0;7;0;0;2;3;19;A01
201200033323;0;10;0;0;2;2;1;B01
201200033324;0;13;0;0;1;1;15;A01
201200033325;0;7;0;0;1;1;15;A01
201200033326;0;7;0;0;1;8;0;A01
201200033327;0;7;0;0;2;1;1;B01
201200033327;0;7;0;0;2;1;1;A01
201200033328;0;7;0;0;2;1;1;A01
201200033328;0;7;0;0;2;3;15;B01
201200033329;0;33;0;13;1;1;1;A01
201200033330;0;7;0;0;1;2;1;A01
201200033331;0;7;0;0;1;2;1;A01
201200033332;0;7;0;0;2;1;1;C01
201200033332;0;7;0;0;2;3;17;A01
201200033332;0;17;0;0;2;3;1;D01
201200033332;0;7;0;0;2;3;1;B01
201200033333;0;2;0;0;2;1;1;B01
201200033333;0;7;0;0;2;3;1;A01
201200033334;0;7;0;0;1;4;4;A01
201200033335;0;33;0;0;2;7;1;B01
201200033335;0;7;0;0;2;3;15;A01
201200033336;0;2;0;0;2;7;19;A01
201200033336;0;7;0;0;2;1;1;B01
201200033337;0;7;0;0;2;1;2;A01
201200033337;0;7;0;0;2;4;2;B01
201200033338;0;10;0;8;0;3;0;A01
201200033339;0;33;0;0;2;2;2;A01
201200033339;0;13;0;0;0;6;15;B01
201200033340;0;1;0;0;2;7;0;B01
201200033340;0;7;0;0;0;1;9;A01
201200033341;0;7;0;0;2;2;17;A01
201200033341;0;7;0;8;2;6;1;B01
201200033342;0;2;0;0;2;1;1;B01
201200033342;0;7;0;0;2;6;20;A01
201200033343;0;7;0;0;2;2;15;B01
201200033343;0;30;0;0;2;1;1;A01
201200033344;0;7;0;0;2;3;1;A01
201200033344;0;7;0;0;2;3;13;B01
201200033345;0;2;0;12;0;2;14;A01
201200033346;0;2;0;0;2;8;1;A01
201200033346;0;7;0;0;2;5;17;B01
201200033347;0;2;0;0;0;4;1;B01
201200033347;0;30;0;0;2;1;2;A01
201200033348;0;7;0;0;2;1;13;A01
201200033348;0;7;0;0;2;3;1;B01
201200033349;1;99;0;0;0;0;0;A01
201200033350;0;2;0;0;2;2;1;B01
201200033350;0;7;0;0;2;1;15;A01
201200033351;0;33;0;2;0;1;1;A01
201200033352;0;7;0;0;2;8;13;B01
201200033352;0;7;0;0;2;1;1;A01
201200033353;0;7;0;0;1;2;1;A01
201200033354;0;7;0;0;2;1;2;B01
201200033354;0;7;0;0;0;4;2;A01
201200033355;0;7;0;4;0;1;0;A01
201200033356;0;1;0;0;2;5;1;B01
201200033356;0;7;0;0;2;3;9;A01
201200033357;0;7;0;0;0;3;15;B01
201200033357;0;30;0;0;2;1;1;A01
201200033358;0;7;0;0;2;6;1;B01
201200033358;0;7;0;0;2;1;1;A01
201200033359;0;7;0;0;1;1;16;A01
201200033360;0;10;0;0;1;3;1;A01
201200033361;2;2;0;12;0;0;1;A01
201200033362;0;2;0;0;0;0;0;A01
201200033363;0;7;0;0;2;4;23;C01
201200033363;0;7;0;0;2;4;2;B01
201200033363;0;7;0;1;0;4;2;A01
201200033364;0;34;0;0;0;8;2;A01
201200033364;0;7;0;0;2;2;9;B01
201200033365;0;10;0;0;2;1;15;A01
201200033365;0;33;0;0;0;1;1;B01
201200033366;0;30;0;0;0;0;1;A01
201200033367;0;7;0;0;2;1;2;A01
201200033367;0;14;0;0;0;4;23;B01
201200033368;0;7;0;8;0;9;13;A01
201200033369;0;7;0;2;0;1;0;A01
201200033370;0;30;0;0;0;1;1;A01
201200033371;0;7;0;4;0;1;0;A01
201200033372;0;7;0;0;1;2;1;A01
201200033373;0;33;0;0;0;8;1;A01
201200033374;0;33;0;12;9;7;1;A01
201200033375;0;7;0;0;0;1;2;C01
201200033375;0;7;0;0;0;0;2;B01
201200033375;0;7;0;0;0;4;2;A01
201200033376;0;7;0;0;2;4;2;B01
201200033376;0;7;0;0;2;1;2;A01
201200033377;0;33;0;14;0;1;2;A01
201200033377;0;7;0;0;2;4;2;B01
201200033378;0;7;0;6;0;3;0;A01
201200033379;0;7;0;0;1;8;1;A01
201200033380;0;33;0;0;2;8;1;B01
201200033380;0;7;0;0;2;1;19;A01
201200033381;0;7;0;0;1;1;2;A01
201200033382;0;7;0;0;9;1;2;A01
201200033382;0;1;0;0;2;8;13;B01
201200033383;0;33;0;0;0;1;1;A01
201200033384;0;10;0;0;2;1;0;B01
201200033384;0;7;0;12;0;8;0;A01
201200033385;0;7;0;0;2;2;1;A01
201200033385;0;7;0;0;2;3;9;B01
201200033386;0;7;0;0;0;4;20;B01
201200033386;0;33;0;0;2;1;2;A01
201200033387;0;30;0;0;0;7;2;A01
201200033388;0;17;0;0;0;1;2;A01
201200033389;0;7;0;0;2;1;0;B01
201200033389;0;7;0;0;2;3;8;A01
201200033390;0;7;0;0;1;2;1;A01
201200033391;1;99;0;0;0;0;0;A01
201200033392;0;30;0;0;2;1;15;A01
201200033392;0;7;0;0;2;1;0;B01
201200033393;0;33;0;0;2;1;1;B01
201200033393;0;7;0;0;0;2;15;A01
201200033394;0;7;0;0;2;2;1;B01
201200033394;0;7;0;0;2;8;10;A01
201200033395;0;7;0;0;1;1;1;A01
201200033396;0;7;0;0;2;1;1;A01
201200033396;0;7;0;0;0;1;1;B01
201200033397;0;10;0;0;0;1;2;A01
201200033397;0;7;0;0;0;4;2;B01
201200033398;0;7;0;12;0;9;1;A01
201200033399;0;7;0;0;2;3;5;A01
201200033399;0;7;0;0;2;3;5;B01
201200033399;0;7;0;0;2;0;0;C01
201200033400;0;7;0;0;0;8;22;A01
201200033400;0;1;0;1;0;1;17;B01
201200033401;0;7;0;0;2;0;1;B01
201200033401;0;7;0;0;2;1;0;A01
201200033402;0;7;0;7;0;3;2;A01
201200033403;0;33;0;0;2;0;13;B01
201200033403;0;7;0;0;0;0;0;A01
201200033404;0;7;0;3;0;3;13;A01
201200033405;0;7;0;0;1;2;0;A01
201200033406;0;7;0;0;1;3;1;A01
201200033407;0;7;0;0;0;1;0;A01
201200033408;0;7;0;0;0;0;4;B01
201200033408;0;30;0;0;0;0;1;A01
201200033409;0;7;0;0;0;7;0;A01
201200033409;0;7;0;0;2;1;0;B01
201200033410;0;7;0;3;2;0;1;B01
201200033410;0;7;0;3;2;0;9;A01
201200033411;0;7;0;0;2;3;15;B01
201200033411;0;7;0;0;2;3;0;A01
201200033412;0;7;0;0;1;2;17;A01
201200033413;0;7;0;0;2;1;13;A01
201200033413;0;7;0;0;2;3;0;B01
201200033413;0;7;0;0;2;3;23;C01
201200033414;0;7;0;0;0;8;15;A01
201200033414;0;2;0;0;0;1;15;B01
201200033415;0;7;0;0;1;5;15;A01
201200033415;0;1;0;0;2;0;2;B01
201200033416;0;7;0;8;0;1;0;A01
201200033417;0;7;0;0;1;1;15;A01
201200033418;0;7;0;0;2;3;0;C01
201200033418;0;7;0;0;2;1;17;B01
201200033418;0;7;0;0;2;1;5;A01
201200033419;0;7;0;1;2;1;14;A01
201200033420;0;7;0;0;0;4;4;A01
201200033421;0;7;0;0;1;3;1;A01
201200033422;0;7;0;0;1;1;9;A01
201200033423;0;7;0;0;1;7;1;A01
201200033424;0;7;0;0;1;2;15;A01
201200033425;0;7;0;0;1;2;2;A01
201200033426;0;7;0;0;1;0;15;A01
201200033427;0;7;0;6;0;1;1;A01
201200033428;0;7;0;0;0;9;1;A01
201200033429;0;7;0;0;2;1;2;A01
201200033429;0;7;0;0;0;5;2;D01
201200033429;0;7;0;0;2;4;2;C01
201200033429;0;7;0;0;2;4;2;B01
201200033430;1;99;0;0;0;0;0;A01
201200033430;0;1;0;0;2;4;5;B01
201200033431;0;7;0;0;2;3;5;A01
201200033431;0;17;0;0;2;3;5;B01
201200033432;0;7;0;0;1;1;2;A01
201200033433;1;7;0;1;0;3;19;A01
201200033433;0;7;0;0;0;6;0;B01
201200033434;0;7;0;0;1;1;0;A01
201200033435;1;99;0;0;1;0;0;A01
201200033436;0;7;0;0;2;1;1;B01
201200033436;0;7;0;0;2;2;17;A01
201200033437;0;1;0;0;0;0;2;B01
201200033437;0;7;0;0;9;4;5;A01
201200033438;0;7;0;2;0;3;13;A01
201200033439;0;7;0;0;2;3;15;B01
201200033439;0;1;0;0;2;1;1;A01
201200033440;0;7;0;6;2;6;1;B01
201200033440;0;7;0;6;2;3;1;A01
201200033441;0;2;0;1;0;8;5;A01
201200033442;0;7;0;0;2;1;13;D01
201200033442;0;7;0;0;2;1;1;A01
201200033442;0;7;0;0;2;9;1;B01
201200033442;0;7;0;0;2;1;1;C01
201200033443;0;7;0;0;0;1;0;A01
201200033444;0;7;0;0;2;1;13;A01
201200033444;0;7;0;0;2;8;1;C01
201200033444;0;7;0;13;2;2;21;B01
201200033445;0;7;0;0;2;1;5;A01
201200033445;0;7;0;0;2;3;1;B01
201200033446;0;10;0;0;1;2;10;A01
201200033447;0;7;0;0;0;4;0;A01
201200033447;0;1;0;0;2;1;2;B01
201200033448;0;2;0;0;0;7;2;A01
201200033449;0;7;0;0;0;4;24;B01
201200033449;1;7;0;0;2;1;2;A01
201200033450;0;7;0;0;2;3;19;A01
201200033450;0;7;0;0;2;1;1;B01
201200033451;0;7;0;0;1;3;1;A01
201200033452;0;30;0;0;0;8;0;A01
201200033453;0;7;0;0;1;4;4;A01
201200033454;0;7;0;0;1;2;1;A01
201200033455;0;7;0;4;0;1;2;A01
201200033455;0;7;0;15;0;1;1;B01
201200033456;0;37;3;0;1;7;1;A01
201200033457;0;2;0;0;2;7;1;A01
201200033457;0;7;0;0;2;3;1;B01
201200033458;0;7;0;0;2;1;1;A01
201200033458;0;1;0;0;2;8;19;B01
201200033459;0;7;0;0;1;4;4;A01
201200033460;0;7;0;6;0;1;1;A01
201200033461;0;7;0;14;0;3;1;A01
201200033461;0;7;0;0;0;5;0;B01
201200033462;0;7;0;0;2;1;15;A01
201200033462;0;33;0;0;2;2;1;B01
201200033463;0;7;0;0;2;1;2;B01
201200033463;0;1;0;0;2;4;2;A01
201200033464;0;2;0;0;0;4;2;B01
201200033464;1;7;0;0;2;1;2;Z01
201200033465;0;3;0;0;2;5;1;A01
201200033465;0;7;0;0;2;2;1;B01
201200033466;0;7;0;0;1;2;1;A01
201200033467;0;7;0;8;0;3;1;A01
201200033468;0;7;0;7;0;3;2;A01
201200033469;0;30;0;0;0;8;1;A01
201200033470;0;2;0;0;2;1;1;A01
201200033470;0;7;0;0;2;3;15;B01
201200033471;0;30;0;0;0;0;2;B01
201200033471;0;7;0;0;0;0;20;A01
201200033472;0;7;0;0;1;1;1;A01
201200033473;0;7;0;0;0;4;15;B01
201200033473;0;7;0;0;2;3;1;A01
201200033474;1;7;0;0;0;3;5;Z01
201200033474;0;2;0;0;2;8;1;B01
201200033475;1;7;0;0;1;0;1;Z01
201200033476;0;7;0;0;9;2;5;A01
201200033476;0;1;0;0;2;1;0;B01
201200033477;0;7;0;0;2;3;1;B01
201200033477;0;7;0;0;2;3;13;A01
201200033478;0;30;0;1;0;1;1;A01
201200033479;0;2;0;0;2;8;0;B01
201200033479;0;7;0;0;2;3;15;A01
201200033480;1;30;0;0;2;0;5;A01
201200033480;0;1;0;0;2;1;1;B01
201200033481;0;1;0;0;2;5;1;B01
201200033481;0;7;0;0;9;2;1;A01
201200033482;0;7;0;0;2;1;0;A01
201200033482;0;1;0;0;2;7;1;B01
201200033483;0;1;0;0;2;6;1;B01
201200033483;1;7;0;0;9;3;1;A01
201200033484;0;3;0;0;1;2;1;A01
201200033485;0;7;0;0;1;4;4;A01
201200033486;0;7;0;9;0;1;1;A01
201200033487;1;7;0;0;1;1;1;Z01
201200033488;0;7;0;0;1;2;1;A01
201200033489;0;7;0;4;0;3;0;A01
201200033490;0;7;0;0;2;3;10;A01
201200033490;0;2;0;0;2;1;1;B01
201200033491;0;2;0;8;0;1;0;A01
201200033492;0;13;0;13;9;9;0;A01
201200033493;0;7;0;0;2;2;15;A01
201200033493;0;33;0;0;2;1;1;B01
201200033494;0;7;0;0;2;2;12;A01
201200033494;0;30;0;0;0;8;1;B01
201200033495;0;10;0;0;1;7;2;A01
201200033496;0;33;0;0;2;1;1;B01
201200033496;0;10;0;0;2;2;15;A01
201200033497;0;14;0;0;2;4;23;C01
201200033497;0;14;0;0;2;1;2;A01
201200033497;0;7;0;16;2;4;2;B01
201200033498;0;7;0;0;2;1;1;B01
201200033498;0;30;0;0;0;4;16;A01
201200033499;0;7;0;0;9;2;1;B01
201200033499;0;1;0;0;2;8;15;A01
201200033500;0;7;0;0;1;1;1;A01
201200033501;0;7;0;0;1;2;11;A01
201200033502;0;7;0;15;0;1;13;A01
201200033503;0;7;0;6;0;1;2;A01
201200033504;0;7;0;0;2;1;1;B01
201200033504;0;7;0;0;2;8;1;A01
201200033505;0;7;0;0;2;1;17;A01
201200033505;0;7;0;0;0;4;15;B01