num_acc;senc;catv;occutc;obs;obsm;choc;manv;num_veh
201200033897;0;7;0;0;2;1;1;B01
201200033898;0;7;0;0;2;3;5;A01
201200033898;0;7;0;0;2;1;0;B01
201200033899;0;7;0;1;2;0;14;A01
201200033899;0;7;0;0;2;8;0;B01
201200033899;0;7;0;0;2;5;1;C01
201200033900;0;7;0;0;2;0;0;A01
201200033900;0;7;0;0;0;0;0;B01
201200033901;0;7;0;0;2;2;15;A01
201200033901;0;7;0;0;2;1;1;B01
201200033902;0;7;0;0;0;0;15;A01
201200033902;0;33;0;0;0;0;21;B01
201200033903;0;7;0;0;1;3;1;A01
201200033904;0;1;0;1;0;1;1;B01
201200033904;0;7;0;0;2;3;22;A01
201200033905;0;10;0;0;2;6;0;A01
201200033905;0;7;0;0;2;2;15;B01
201200033906;0;7;0;0;2;8;1;B01
201200033906;0;7;0;0;2;3;10;A01
201200033907;0;7;0;0;2;3;15;B01
201200033907;0;33;0;1;2;1;17;A01
201200033908;0;10;0;0;0;0;0;A01
201200033908;0;13;0;0;0;0;0;B01
201200033909;0;7;0;0;0;6;15;A01
201200033909;0;33;0;0;0;1;17;B01
201200033910;0;31;0;0;2;1;17;A01
201200033910;0;7;0;0;2;8;15;B01
201200033911;0;7;0;0;1;1;1;A01
201200033912;0;7;0;0;2;1;1;A01
201200033912;0;7;0;0;2;4;1;B01
201200033913;0;7;0;0;1;1;1;A01
201200033914;0;13;0;0;2;1;15;A01
201200033914;0;2;0;0;2;8;1;B01
201200033915;0;7;0;0;0;9;0;A01
201200033916;0;14;0;6;0;1;1;A01
201200033917;0;7;0;0;2;5;1;A01
201200033917;0;7;0;0;2;6;1;B01
201200033917;0;7;0;0;0;4;1;C01
201200033918;0;7;0;0;2;8;15;A01
201200033918;0;34;0;0;2;1;17;B01
201200033919;0;2;0;0;2;1;0;A01
201200033919;0;7;0;0;2;7;0;B01
201200033920;0;1;0;0;1;1;1;A01
201200033921;0;7;0;0;1;1;1;A01
201200033922;0;1;0;0;2;0;0;A01
201200033922;0;7;0;0;1;0;1;B01
201200033923;0;33;0;0;1;1;1;A01
201200033924;0;33;0;0;2;1;1;A01
201200033924;0;7;0;0;0;4;1;B01
201200033925;0;1;0;0;1;1;1;A01
201200033926;0;7;0;5;0;1;1;A01
201200033927;0;7;0;0;2;3;15;A01
201200033927;0;7;0;0;2;2;1;B01
201200033928;0;7;0;0;1;7;1;A01
201200033929;0;7;0;0;2;3;13;A01
201200033929;0;30;0;0;2;7;1;B01
201200033930;0;7;0;0;1;1;1;A01
201200033931;0;7;0;0;1;1;1;A01
201200033932;0;7;0;0;2;2;1;A01
201200033933;0;10;0;0;2;7;15;A01
201200033933;0;7;0;0;2;1;1;B01
201200033934;0;30;0;0;0;8;1;A01
201200033935;0;33;0;0;1;1;0;A01
201200033936;0;7;0;0;2;7;12;A01
201200033936;0;33;0;0;2;1;1;B01
201200033937;0;33;0;0;2;9;1;B01
201200033937;0;7;0;0;2;6;0;C01
201200033937;0;7;0;0;2;2;10;A01
201200033938;0;7;0;0;2;1;1;A01
201200033938;0;7;0;0;2;4;1;B01
201200033939;0;7;0;0;1;4;4;A01
201200033940;0;7;0;15;2;1;1;A01
201200033941;0;7;0;0;1;2;1;A01
201200033942;0;31;0;0;2;1;2;A01
201200033942;0;7;0;0;0;4;2;B01
201200033943;0;7;0;0;2;8;9;A01
201200033943;0;32;0;0;2;2;1;B01
201200033944;0;7;0;0;2;5;16;A01
201200033944;0;1;0;0;2;8;1;B01
201200033945;0;7;0;0;0;1;1;A01
201200033945;0;7;0;0;2;4;23;B01
201200033945;0;7;0;0;2;4;23;C01
201200033946;0;7;0;0;1;0;1;A01
201200033947;0;33;0;0;0;3;15;A01
201200033947;0;32;0;0;2;1;1;B01
201200033948;0;7;0;0;2;2;1;B01
201200033948;0;7;0;0;2;2;1;A01
201200033949;0;34;0;0;2;1;1;A01
201200033949;0;7;0;0;2;1;1;B01
201200033950;0;2;0;14;0;1;1;A01
201200033951;0;33;0;16;0;8;14;A01
201200033952;0;7;0;8;0;1;0;A01
201200033953;0;37;1;0;2;1;1;A01
201200033953;0;7;0;0;2;4;1;B01
201200033954;0;7;0;8;0;1;0;A01
201200033955;0;10;0;0;2;8;11;A01
201200033955;0;7;0;8;2;7;1;B01
201200033956;0;30;0;0;2;1;1;A01
201200033956;0;7;0;0;2;3;1;B01
201200033957;0;7;0;0;9;1;9;A01
201200033957;0;1;0;0;2;0;1;B01
201200033958;0;7;0;0;2;1;0;A01
201200033958;0;2;0;0;2;0;0;B01
201200033959;0;32;0;0;2;2;1;A01
201200033959;0;7;0;0;2;3;15;B01
201200033960;0;33;0;0;2;1;2;A01
201200033960;0;33;0;0;2;1;1;B01
201200033960;0;7;0;0;2;2;1;C01
201200033961;0;30;0;0;2;1;0;A01
201200033961;0;7;0;0;9;3;0;B01
201200033962;0;7;0;0;2;7;1;A01
201200033962;0;7;0;0;2;1;1;B01
201200033963;0;7;0;0;2;6;15;A01
201200033963;0;2;0;0;2;1;17;B01
201200033964;0;33;0;0;2;1;1;B01
201200033964;0;7;0;0;2;7;15;A01
201200033965;0;7;0;0;2;1;1;A01
201200033965;0;7;0;0;2;7;1;B01
201200033965;0;10;0;0;2;8;23;C01
201200033966;0;32;0;0;0;7;14;A01
201200033967;0;7;0;0;1;2;1;A01
201200033968;0;7;0;0;0;0;0;A01
201200033968;0;7;0;0;2;6;0;B01
201200033969;0;7;0;0;2;7;1;A01
201200033969;0;1;0;0;2;1;1;B01
201200033970;1;99;0;0;0;;;Z01
201200033971;0;7;0;0;0;5;1;A01
201200033971;0;33;0;0;2;1;1;B01
201200033972;0;7;0;0;2;3;0;A01
201200033972;0;7;0;0;2;1;1;B01
201200033973;1;7;0;0;2;0;4;Z01
201200033974;0;7;0;6;0;1;13;A01
201200033975;0;7;0;0;2;2;15;A01
201200033975;0;34;0;0;2;1;7;B01
201200033976;0;7;0;0;2;4;4;A01
201200033976;0;7;0;0;2;8;0;B01
201200033977;0;7;0;0;1;4;4;A01
201200033978;0;7;0;0;1;2;1;A01
201200033979;0;7;0;0;0;3;10;A01
201200033979;0;33;0;0;2;1;1;B01
201200033980;0;7;0;0;2;1;1;A01
201200033980;0;7;0;0;0;1;1;B01
201200033981;0;7;0;0;2;7;12;A01
201200033981;0;32;0;0;2;1;1;B01
201200033982;0;7;0;1;0;1;1;A01
201200033982;0;7;0;0;0;1;0;B01
201200033982;0;7;0;0;0;1;0;C01
201200033982;0;7;0;0;0;1;0;D01
201200033983;0;7;0;0;2;2;1;B01
201200033983;0;7;0;0;2;2;15;A01
201200033984;0;1;0;0;0;0;0;B01
201200033984;1;7;0;0;0;0;0;Z01
201200033985;0;7;0;0;2;5;14;A01
201200033985;0;31;0;0;2;1;1;B01
201200033986;0;7;0;0;2;2;15;A01
201200033986;0;31;0;0;2;1;1;B01
201200033986;0;7;0;0;0;3;23;C01
201200033987;0;7;0;0;2;0;0;A01
201200033988;0;7;0;0;1;1;0;A01
201200033989;0;7;0;0;1;1;15;A01
201200033990;0;1;0;0;2;1;1;A01
201200033990;0;7;0;0;2;8;1;B01
201200033991;0;7;0;0;0;5;0;B01
201200033991;0;7;0;0;0;3;9;A01
201200033992;0;7;0;0;2;6;10;A01
201200033992;0;7;0;0;2;2;1;B01
201200033993;0;7;0;0;2;1;2;A01
201200033993;0;7;0;0;2;4;2;B01
201200033993;0;7;0;0;0;4;2;C01
201200033994;0;33;0;0;9;9;21;A01
201200033995;0;7;0;5;2;1;0;B01
201200033995;0;7;0;0;2;1;0;A01
201200033996;0;7;0;0;2;7;9;A01
201200033996;0;33;0;0;2;1;1;B01
201200033997;0;7;0;0;2;3;13;A01
201200033997;0;33;0;0;2;1;1;B01
201200033998;0;30;0;0;2;7;15;A01
201200033998;0;7;0;0;2;1;1;B01
201200033999;0;7;0;0;2;1;0;A01
201200033999;0;37;1;0;2;2;0;B01
201200034000;0;7;0;0;2;0;0;A01
201200034000;0;7;0;0;2;3;0;B01
201200034001;0;7;0;6;0;3;13;A01
201200034002;0;7;0;0;0;3;13;A01
201200034002;0;7;0;0;2;3;1;B01
201200034003;0;7;0;0;2;2;15;A01
201200034003;0;7;0;0;2;3;15;B01
201200034004;0;7;0;8;0;1;1;A01
201200034005;0;7;0;0;0;1;1;A01
201200034006;0;7;0;7;0;1;0;A01
201200034007;0;7;0;6;0;1;13;A01
201200034008;0;7;0;0;2;1;0;A01
201200034008;0;7;0;0;2;3;1;B01
201200034009;0;7;0;0;2;1;1;B01
201200034009;0;32;0;0;2;3;1;A01
201200034010;0;7;0;0;1;1;1;A01
201200034011;0;7;0;0;2;2;16;B01
201200034011;0;7;0;0;2;7;15;A01
201200034012;0;7;0;0;0;1;1;A01
201200034012;0;33;0;0;2;6;1;B01
201200034013;0;7;0;0;2;1;1;A01
201200034013;0;7;0;0;2;4;1;B01
201200034014;0;7;0;0;2;4;2;B01
201200034014;0;7;0;0;2;1;2;A01
201200034015;0;7;0;0;2;1;1;A01
201200034015;0;7;0;0;2;8;15;B01
201200034016;0;7;0;0;2;1;0;A01
201200034016;0;7;0;0;0;1;1;B01
201200034017;0;10;0;0;2;1;1;A01
201200034017;0;7;0;0;2;4;0;B01
201200034017;0;7;0;0;2;4;1;C01
201200034018;0;33;0;0;2;1;1;A01
201200034018;0;7;0;0;2;4;1;B01
201200034019;0;30;0;0;1;1;2;A01
201200034019;0;7;0;0;0;4;2;B01
201200034020;0;7;0;0;2;1;2;A01
201200034020;0;7;0;0;0;4;2;B01
201200034021;0;7;0;0;2;6;11;A01
201200034021;0;30;0;0;2;2;1;B01
201200034022;0;7;0;0;1;1;1;A01
201200034023;0;14;0;0;2;1;1;A01
201200034023;0;7;0;0;2;4;23;B01
201200034023;0;7;0;0;2;4;23;C01
201200034023;0;7;0;0;2;4;23;D01
201200034024;0;7;0;0;1;2;16;A01
201200034025;0;7;0;0;2;3;1;B01
201200034025;0;7;0;0;2;1;1;A01
201200034026;0;7;0;0;0;4;2;B01
201200034026;0;7;0;0;2;1;2;A01
201200034027;1;7;0;0;0;0;0;X01
201200034028;0;2;0;0;0;0;0;A01
201200034029;0;7;0;0;1;1;1;A01
201200034030;0;2;0;0;2;2;1;A01
201200034030;0;7;0;0;2;6;1;B01
201200034031;0;2;0;0;2;1;1;A01
201200034031;0;7;0;0;2;7;1;B01
201200034032;0;7;0;0;1;4;20;A01
201200034033;0;7;0;0;0;0;0;A01
201200034034;0;7;0;0;0;0;0;A01
201200034035;0;7;0;3;0;3;13;A01
201200034036;0;7;0;0;2;2;15;A01
201200034036;0;33;0;0;2;1;1;B01
201200034037;0;7;0;0;2;3;1;B01
201200034037;0;33;0;0;2;1;13;A01
201200034038;0;7;0;0;2;1;2;A01
201200034038;0;7;0;0;0;4;2;B01
201200034039;0;7;0;0;2;1;1;B01
201200034039;0;2;0;0;2;6;15;A01
201200034040;0;7;0;1;0;1;14;A01
201200034041;0;2;0;1;2;9;9;A01
201200034041;0;7;0;0;2;1;0;B01
201200034042;0;7;0;9;2;1;1;A01
201200034042;0;7;0;0;2;6;1;B01
201200034043;0;7;0;0;9;7;1;A01
201200034044;0;7;0;0;2;2;0;A01
201200034044;0;37;30;0;2;7;0;B01
201200034045;0;7;0;0;2;1;1;A01
201200034045;0;7;0;0;2;4;23;B01
201200034046;0;10;0;0;2;3;15;A01
201200034046;0;7;0;0;2;3;1;B01
201200034047;0;7;0;0;2;3;3;A01
201200034047;0;14;0;0;2;7;1;B01
201200034048;0;10;0;0;2;3;1;A01
201200034048;0;7;0;0;2;4;1;B01
201200034049;0;10;0;0;2;2;1;A01
201200034049;0;7;0;0;2;1;13;B01
201200034050;0;7;0;0;2;8;15;A01
201200034050;0;33;0;0;2;1;1;B01
201200034051;0;7;0;0;2;1;15;A01
201200034051;0;7;0;0;2;1;1;B01
201200034052;0;7;0;0;2;8;15;A01
201200034052;0;30;0;0;2;2;17;B01
201200034053;0;7;0;0;2;1;0;B01
201200034053;0;7;0;0;2;1;15;A01
201200034054;0;37;1;0;2;1;1;A01
201200034054;0;7;0;0;2;4;1;B01
201200034054;0;7;0;0;2;1;1;C01
201200034055;0;7;0;0;2;1;1;A01
201200034055;0;7;0;0;2;8;1;B01
201200034056;0;7;0;0;1;1;1;A01
201200034057;0;7;0;0;2;1;1;A01
201200034057;0;7;0;0;2;4;2;B01
201200034058;0;7;0;0;2;3;15;A01
201200034058;0;30;0;0;2;1;0;B01
201200034059;0;7;0;0;2;1;2;A01
201200034059;0;14;0;0;2;4;1;B01
201200034060;0;7;0;0;2;3;1;A01
201200034061;0;7;0;9;0;1;1;A01
201200034062;0;7;0;0;1;1;1;A01
201200034063;0;7;0;0;2;1;16;A01
201200034063;0;7;0;0;2;5;1;B01
201200034064;0;7;0;0;2;1;13;A01
201200034064;0;7;0;0;2;1;1;B01
201200034065;0;2;0;0;2;0;0;A01
201200034065;0;7;0;0;2;2;0;B01
201200034066;0;7;0;0;0;0;0;A01
201200034067;0;30;0;0;2;1;2;A01
201200034067;0;7;0;0;2;4;2;B01
201200034068;0;7;0;0;2;2;15;A01
201200034068;0;37;1;0;2;3;1;B01
201200034069;0;7;0;0;1;0;0;A01
201200034070;0;7;0;0;2;1;2;A01
201200034070;0;7;0;0;2;4;2;B01
201200034071;0;7;0;0;2;2;5;A01
201200034071;0;7;0;0;2;6;0;B01
201200034072;0;7;0;0;2;1;1;A01
201200034072;0;33;0;0;2;4;1;B01
201200034073;0;33;0;0;1;0;15;A01
201200034074;0;7;0;0;2;1;1;A01
201200034074;0;7;0;0;2;8;1;B01
201200034075;0;7;0;9;2;0;0;A01
201200034075;0;7;0;0;2;4;0;B01
201200034075;0;7;0;0;2;1;0;C01
201200034075;0;7;0;0;2;1;0;D01
201200034076;0;7;0;0;2;3;15;A01
201200034076;0;33;0;0;2;7;17;B01
201200034077;0;7;0;14;0;1;1;A01
201200034077;0;7;0;14;0;4;23;B01
201200034077;0;7;0;0;2;4;23;C01
201200034078;0;33;0;0;2;2;16;A01
201200034078;0;7;0;0;2;3;1;B01
201200034079;0;7;0;0;0;3;1;A01
201200034080;0;7;0;0;9;1;1;A01
201200034080;0;1;0;0;2;4;1;B01
201200034081;0;33;0;0;1;0;1;A01
201200034082;0;33;0;0;2;1;1;B01
201200034082;0;7;0;0;2;3;1;A01
201200034083;0;30;0;0;2;1;17;A01
201200034083;0;7;0;0;2;1;15;B01
201200034084;0;7;0;0;2;1;1;A01
201200034084;0;7;0;0;2;1;1;B01
201200034085;0;7;0;8;0;2;0;A01
201200034086;0;7;0;3;0;1;13;A01
201200034087;1;7;0;0;1;1;15;Z01
201200034088;0;2;0;0;2;1;12;A01
201200034088;0;7;0;0;0;4;1;B01
201200034089;0;7;0;0;2;1;2;A01
201200034089;0;7;0;0;2;4;2;B01
201200034090;0;7;0;0;2;1;1;A01
201200034090;0;33;0;0;2;7;1;B01
201200034091;0;33;0;0;2;0;1;A01
201200034091;0;7;0;0;2;0;1;B01
201200034092;0;7;0;0;2;1;1;B01
201200034092;0;7;0;0;2;7;15;A01
201200034093;0;7;0;0;0;3;10;A01
201200034093;0;33;0;0;2;1;1;B01
201200034094;0;33;0;0;2;1;19;A01
201200034094;0;7;0;0;2;2;19;B01
201200034095;0;1;0;0;2;1;0;A01
201200034095;0;7;0;0;2;1;1;B01
201200034096;0;7;0;12;0;0;0;A01
201200034097;0;7;0;0;2;1;2;A01
201200034097;0;30;0;0;2;4;2;B01
201200034098;0;33;0;0;2;1;2;A01
201200034098;0;7;0;0;2;4;2;B01
201200034099;0;7;0;0;2;2;15;A01
201200034099;0;33;0;0;2;1;1;B01
201200034100;0;7;0;0;2;1;1;A01
201200034100;0;7;0;0;2;4;23;B01
201200034100;0;7;0;0;2;4;23;C01
201200034101;0;30;0;0;2;1;21;A01
201200034101;0;10;0;0;0;5;1;B01
201200034102;1;30;0;0;1;1;1;Z01
201200034103;0;7;0;1;2;3;1;A01
201200034103;0;7;0;0;2;8;1;B01
201200034104;0;7;0;0;2;1;2;A01
201200034104;0;7;0;0;2;4;2;B01
201200034104;0;7;0;0;0;4;23;C01
201200034105;0;7;0;0;2;8;1;A01
201200034105;0;7;0;0;2;1;1;B01
201200034106;0;7;0;0;2;3;11;A01
201200034106;0;33;0;7;2;5;1;B01
201200034107;0;14;0;0;2;1;1;A01
201200034107;0;7;0;0;0;4;0;B01
201200034108;0;7;0;15;0;7;1;A01
201200034109;0;7;0;0;2;4;4;A01
201200034109;0;33;0;0;2;2;1;B01
201200034110;0;2;0;0;0;0;0;A01
201200034111;0;7;0;0;2;3;10;A01
201200034111;0;32;0;0;2;1;1;B01
201200034112;0;7;0;0;2;1;1;A01
201200034112;0;7;0;0;2;4;23;B01
201200034113;0;7;0;0;2;1;1;A01
201200034113;0;7;0;0;0;4;0;B01
201200034114;0;30;0;1;0;8;0;A01
201200034115;0;1;0;0;2;1;1;A01
201200034115;0;7;0;0;2;7;1;B01
201200034116;0;30;0;0;2;1;0;A01
201200034116;0;40;100;0;2;2;1;B01
201200034117;0;7;0;8;0;1;0;A01
201200034118;0;7;0;0;1;4;4;A01
201200034119;0;7;0;0;2;1;1;A01
201200034119;0;7;0;0;2;4;23;B01
201200034120;0;7;0;0;2;2;15;A01
201200034120;0;7;0;0;2;3;1;B01
201200034121;0;7;0;0;1;4;20;A01
201200034122;0;7;0;1;0;1;13;A01
201200034123;0;7;0;0;0;4;2;B01
201200034123;0;7;0;0;2;1;2;A01
201200034124;0;2;0;0;0;2;1;A01
201200034125;0;7;0;0;2;1;1;A01
201200034125;0;7;0;0;2;4;1;B01
201200034125;0;7;0;0;2;4;1;C01
201200034126;0;2;0;0;2;0;1;A01
201200034126;0;7;0;0;2;0;1;B01
201200034127;0;7;0;0;0;4;24;B01
201200034127;0;33;0;0;0;1;1;A01
201200034128;0;2;0;0;2;1;16;A01
201200034128;0;7;0;0;2;8;16;B01
201200034129;0;7;0;0;2;1;15;A01
201200034129;0;33;0;0;2;1;1;B01
201200034130;0;7;0;0;0;0;0;A01
201200034131;0;7;0;0;2;8;0;A01
201200034131;0;13;0;0;2;7;0;B01
201200034132;0;10;0;0;2;3;1;B01
201200034132;0;7;0;0;2;1;13;A01
201200034133;0;7;0;0;1;1;1;A01
201200034134;0;31;0;0;2;3;0;A01
201200034135;0;7;0;0;2;8;9;A01
201200034135;0;33;0;0;2;1;17;B01
201200034136;1;33;0;0;1;1;1;Z01
201200034137;0;7;0;0;2;1;1;A01
201200034137;0;32;0;0;2;4;1;B01
201200034138;0;7;0;0;1;1;1;A01
201200034139;0;30;0;0;2;1;0;A01
201200034139;0;7;0;0;2;2;1;B01
201200034140;1;7;0;0;1;4;4;A01
201200034141;0;7;0;0;2;1;1;A01
201200034141;0;7;0;0;2;4;1;B01
201200034141;0;7;0;0;2;4;1;C01
201200034142;0;7;0;0;2;2;15;A01
201200034142;0;2;0;0;2;1;1;B01
201200034143;0;7;0;3;2;1;1;A01
201200034143;0;7;0;0;2;4;1;B01
201200034144;0;7;0;0;2;1;9;A01
201200034144;0;7;0;0;2;1;1;B01
201200034145;0;7;0;0;1;0;4;A01
201200034146;0;7;0;0;2;2;0;A01
201200034146;0;7;0;0;2;7;0;B01
201200034147;0;7;0;0;0;4;23;B01
201200034147;0;33;0;1;0;1;1;A01
201200034148;0;7;0;0;2;2;19;A01
201200034148;0;7;0;0;2;2;0;B01
201200034149;0;7;0;0;2;7;16;B01
201200034149;0;2;0;0;2;1;0;A01
201200034150;0;7;0;0;2;2;15;A01
201200034150;0;7;0;0;2;3;1;B01
201200034151;0;7;0;0;2;3;1;B01
201200034151;0;7;0;0;2;2;15;A01
201200034152;0;7;0;0;2;4;2;B01
201200034152;0;7;0;1;0;1;2;A01
201200034152;0;7;0;0;0;4;2;C01
201200034153;0;7;0;0;2;2;15;A01
201200034153;0;33;0;0;2;1;1;B01
201200034154;0;7;0;0;2;1;0;A01
201200034154;0;7;0;0;2;1;0;B01
201200034155;0;7;0;0;1;1;1;B01
201200034156;0;7;0;0;2;1;19;A01
201200034156;0;7;0;0;2;1;1;B01
201200034157;0;7;0;0;2;5;19;A01
201200034157;0;7;0;0;2;3;13;B01
201200034158;0;7;0;0;2;7;1;B01
201200034158;0;7;0;0;2;8;1;C01
201200034158;0;7;0;0;2;1;9;A01
201200034159;0;7;0;0;0;0;0;A01
201200034160;0;7;0;0;2;5;2;B01
201200034160;0;30;0;0;2;1;1;A01
201200034161;0;7;0;0;0;4;2;D01
201200034161;0;7;0;0;2;1;2;A01
201200034161;0;7;0;0;2;4;2;C01
201200034161;0;7;0;0;2;4;2;B01
201200034162;0;7;0;0;2;4;0;A01
201200034162;0;7;0;0;2;1;1;B01
201200034163;0;30;0;16;0;0;1;A01
201200034164;0;7;0;0;2;1;15;B01
201200034164;0;1;0;0;2;9;19;A01
201200034165;0;7;0;0;2;3;15;A01
201200034165;0;30;0;0;2;1;17;B01
201200034166;0;7;0;0;1;1;15;A01
201200034167;0;7;0;0;2;3;19;A01
201200034167;0;7;0;0;2;6;1;B01
201200034167;0;7;0;0;2;3;1;C01
201200034167;0;7;0;0;2;1;1;D01
201200034168;0;33;0;0;2;2;1;B01
201200034168;0;7;0;0;2;8;20;A01
201200034169;0;7;0;0;2;1;1;A01
201200034169;0;33;0;0;2;4;23;B01
201200034170;0;7;0;0;2;4;2;B01
201200034170;0;13;0;0;2;1;2;A01
201200034171;0;7;0;0;0;0;0;A01
201200034172;0;7;0;0;2;3;15;A01
201200034172;0;7;0;0;2;2;1;B01
201200034173;0;7;0;0;2;4;23;B01
201200034173;0;33;0;0;2;1;1;A01
201200034174;0;7;0;0;2;1;2;A01
201200034174;0;7;0;0;2;9;2;B01
201200034174;0;7;0;0;2;4;2;C01
201200034174;0;7;0;0;0;4;2;D01
201200034175;0;7;0;0;0;1;1;A01
201200034176;0;7;0;0;2;6;4;A01
201200034176;0;31;0;0;2;1;1;B01
201200034177;0;7;0;0;1;1;15;A01
201200034178;0;7;0;0;2;1;15;A01
201200034178;0;32;0;0;2;1;1;B01
201200034179;0;7;0;0;2;1;1;B01
201200034179;0;7;0;0;2;1;0;A01
201200034180;0;7;0;0;2;1;1;A01
201200034180;0;7;0;0;2;4;23;B01
201200034181;0;7;0;0;1;3;1;A01
201200034182;0;30;0;12;0;0;0;A01
201200034183;0;7;0;0;2;7;15;A01
201200034183;0;31;0;0;2;1;1;B01
201200034184;0;33;0;0;2;1;1;B01
201200034184;0;7;0;0;2;3;15;A01
201200034185;0;7;0;0;1;1;1;A01
201200034186;0;7;0;0;2;3;12;A01
201200034186;0;7;0;0;0;4;1;B01
201200034187;0;7;0;0;1;0;1;A01
201200034188;0;7;0;0;1;4;4;A01
201200034189;0;32;0;0;0;9;21;A01
201200034190;0;7;0;0;2;3;13;A01
201200034190;0;7;0;0;2;2;1;B01
201200034191;0;1;0;0;2;1;5;A01
201200034191;0;7;0;0;9;3;15;B01
201200034192;0;7;0;0;2;1;0;A01
201200034192;0;7;0;0;2;3;0;B01
201200034193;0;7;0;0;1;0;1;A01
201200034194;0;7;0;6;0;1;1;A01
201200034195;0;7;0;0;0;1;2;A01
201200034195;0;7;0;0;0;4;2;B01
201200034196;0;7;0;0;2;8;11;A01
201200034196;0;33;0;0;2;1;1;B01
201200034197;0;7;0;0;2;3;4;A01
201200034198;0;40;0;0;1;2;1;A01
201200034199;0;7;0;0;0;8;1;A01
201200034199;0;1;0;0;2;1;19;B01
201200034200;0;7;0;1;0;1;2;A01
201200034200;0;7;0;0;0;4;2;B01
201200034200;0;7;0;0;0;4;2;C01
201200034201;0;7;0;0;2;0;16;A01
201200034201;0;7;0;0;0;3;1;B01
201200034202;0;7;0;0;2;1;1;A01
201200034202;0;7;0;0;2;4;1;B01
201200034203;0;7;0;0;0;0;1;B01
201200034203;0;7;0;0;2;3;13;A01
201200034204;0;30;0;0;0;0;1;A01
201200034205;0;7;0;0;2;1;1;A01
201200034205;0;7;0;0;2;4;1;B01
201200034206;0;30;0;0;2;7;0;A01
201200034206;0;7;0;0;2;0;0;B01
201200034207;0;7;0;6;0;1;1;A01
201200034208;0;2;0;0;2;1;13;A01
201200034208;0;7;0;0;2;2;1;B01
201200034209;0;7;0;0;2;3;1;A01
201200034209;0;33;0;0;2;1;1;B01
201200034210;0;7;0;0;2;1;1;A01
201200034210;0;7;0;0;2;4;1;B01
201200034211;0;34;0;0;2;3;1;B01
201200034211;0;7;0;0;2;5;12;A01
201200034212;0;30;0;0;2;1;18;A01
201200034212;0;7;0;0;2;5;16;B01
201200034213;0;2;0;0;2;1;17;B01
201200034213;0;7;0;0;2;6;15;A01
201200034214;0;33;0;0;2;1;1;B01
201200034214;0;7;0;0;2;1;1;A01
201200034215;0;99;0;0;2;0;0;A01
201200034216;0;7;0;0;1;1;17;A01
201200034217;0;7;0;0;2;4;2;C01
201200034217;0;7;0;0;2;5;2;B01
201200034217;0;33;0;0;2;2;1;A01
201200034218;0;33;0;0;2;1;5;A01
201200034218;0;7;0;0;2;1;1;B01
201200034219;0;7;0;0;2;7;1;B01
201200034219;0;7;0;0;2;8;15;A01
201200034220;0;31;0;0;2;2;1;B01
201200034220;0;7;0;0;2;1;9;A01
201200034221;0;7;0;9;0;1;14;A01
201200034222;0;7;0;0;2;1;1;A01
201200034222;0;7;0;0;2;4;23;B01
201200034223;0;32;0;0;2;1;1;A01
201200034223;0;7;0;0;2;3;15;B01
201200034224;0;7;0;0;0;4;2;A01
201200034224;1;7;0;0;2;1;2;Z01
201200034225;0;7;0;0;2;3;11;A01
201200034225;0;33;0;0;2;7;1;B01
201200034226;0;7;0;0;2;3;9;A01
201200034226;0;7;0;0;2;2;1;B01
201200034227;0;7;0;0;2;3;15;A01
201200034227;0;33;0;0;2;0;1;B01
201200034228;0;7;0;0;2;1;1;A01
201200034228;0;7;0;0;2;4;23;B01
201200034229;0;7;0;6;0;1;14;A01
201200034230;0;7;0;8;0;0;0;A01
201200034231;0;7;0;0;2;1;1;B01
201200034231;0;7;0;0;2;2;15;A01
201200034232;0;33;0;0;2;7;15;A01
201200034232;0;7;0;0;2;7;15;B01
201200034233;0;7;0;0;2;1;1;A01
201200034233;0;7;0;0;2;2;1;B01
201200034234;0;7;0;0;1;8;1;A01
201200034235;0;7;0;0;1;1;1;A01
201200034236;0;7;0;0;2;4;16;A01
201200034236;0;7;0;0;2;1;1;B01
201200034236;0;7;0;0;0;1;1;C01
201200034237;0;2;0;0;2;8;1;B01
201200034237;0;7;0;0;2;7;17;A01
201200034238;0;1;0;0;2;1;1;A01
201200034238;0;14;0;0;0;5;16;B01
201200034239;0;7;0;0;1;0;1;A01
201200034240;0;7;0;0;1;3;1;A01
201200034241;0;7;0;6;0;1;0;A01
201200034242;0;7;0;0;0;0;1;A01
201200034242;0;7;0;0;2;4;1;B01
201200034243;0;7;0;0;2;2;1;A01
201200034244;0;7;0;0;1;1;1;A01
201200034245;0;7;0;0;2;1;0;A01
201200034245;0;31;0;0;2;4;1;B01
201200034245;0;7;0;0;2;4;1;C01
201200034246;0;7;0;0;2;3;15;A01
201200034246;0;1;0;0;2;1;1;B01
201200034247;0;17;0;0;2;3;1;B01
201200034247;0;7;0;0;2;7;1;A01
201200034248;0;7;0;0;1;2;0;A01
201200034249;0;7;0;0;2;1;2;A01
201200034249;0;7;0;0;2;4;2;B01
201200034249;0;7;0;0;2;1;2;C01
201200034250;0;7;0;0;2;7;12;A01
201200034250;0;33;0;0;2;1;1;B01
201200034251;0;2;0;0;2;8;11;A01
201200034251;0;7;0;0;2;2;1;B01
201200034252;0;7;0;0;1;8;22;A01
201200034252;0;7;0;0;2;2;0;B01
201200034252;0;7;0;0;0;6;0;C01
201200034253;0;33;0;0;2;1;1;A01
201200034253;0;7;0;0;2;4;1;B01
201200034254;0;7;0;0;2;1;1;B01