num_acc;senc;catv;occutc;obs;obsm;choc;manv;num_veh
201200034254;0;7;0;0;2;5;1;A01
201200034255;0;7;0;0;1;2;15;A01
201200034256;0;7;0;0;1;3;1;A01
201200034257;0;7;0;0;2;1;1;A01
201200034257;0;7;0;0;2;4;23;B01
201200034258;0;31;0;0;2;1;17;A01
201200034258;0;7;0;0;2;8;15;B01
201200034259;0;7;0;0;2;1;15;A01
201200034259;0;7;0;0;2;1;1;B01
201200034260;0;7;0;0;1;1;1;A01
201200034261;0;7;0;0;1;3;1;A01
201200034262;0;7;0;6;0;1;0;A01
201200034263;0;30;0;0;0;0;1;A01
201200034264;0;7;0;0;1;1;1;A01
201200034265;0;37;0;0;2;2;1;A01
201200034266;0;7;0;0;2;7;20;A01
201200034266;0;33;0;0;2;8;1;B01
201200034267;0;7;0;0;1;2;0;A01
201200034268;0;7;0;0;2;2;15;A01
201200034268;0;7;0;0;2;1;1;B01
201200034269;0;7;0;0;2;2;0;A01
201200034269;0;7;0;0;2;4;1;B01
201200034270;0;7;0;6;0;1;14;A01
201200034271;0;7;0;1;0;1;1;A01
201200034271;0;7;0;1;0;0;0;B01
201200034271;0;7;0;1;0;0;0;C01
201200034272;0;7;0;0;2;1;2;A01
201200034272;0;7;0;0;0;4;2;B01
201200034273;0;30;0;0;2;1;1;A01
201200034273;0;7;0;0;2;3;1;B01
201200034274;0;7;0;0;2;8;0;B01
201200034274;0;7;0;0;2;1;0;A01
201200034275;0;10;0;0;2;1;1;A01
201200034275;0;7;0;0;2;4;23;B01
201200034276;0;7;0;0;2;1;1;A01
201200034276;0;7;0;0;0;4;1;B01
201200034277;0;7;0;0;1;3;1;A01
201200034278;0;30;0;0;1;1;1;A01
201200034279;0;7;0;0;2;1;0;A01
201200034280;0;7;0;0;2;1;1;A01
201200034280;0;7;0;0;2;4;23;B01
201200034281;1;7;0;0;1;1;15;A01
201200034282;0;33;0;0;2;1;2;A01
201200034282;0;7;0;0;2;4;2;B01
201200034282;0;7;0;0;0;4;2;C01
201200034283;0;7;0;0;2;1;1;A01
201200034283;0;7;0;0;2;1;1;B01
201200034283;0;7;0;0;2;4;1;C01
201200034284;0;7;0;1;0;1;14;A01
201200034285;0;7;0;0;1;2;0;A01
201200034286;0;7;0;0;1;1;19;A01
201200034286;0;1;0;0;2;1;1;B01
201200034287;0;7;0;0;2;8;10;A01
201200034287;0;34;0;0;2;1;1;B01
201200034288;0;7;0;3;0;1;14;A01
201200034289;0;7;0;0;2;1;15;A01
201200034289;0;7;0;0;2;1;1;B01
201200034290;0;1;0;0;0;0;0;A01
201200034291;0;37;1;0;2;1;1;A01
201200034291;0;7;0;0;2;4;23;B01
201200034292;0;7;0;0;2;7;15;A01
201200034292;0;33;0;0;2;1;1;B01
201200034293;0;7;0;0;1;1;15;A01
201200034294;0;7;0;0;2;1;1;A01
201200034294;0;7;0;0;0;0;0;B01
201200034295;0;7;0;0;2;1;13;A01
201200034295;0;7;0;0;2;1;1;B01
201200034296;0;2;0;0;2;1;2;A01
201200034297;0;7;0;0;1;1;1;A01
201200034298;0;7;0;0;2;1;15;A01
201200034298;0;7;0;0;2;3;1;B01
201200034299;0;7;0;0;2;2;15;A01
201200034299;0;7;0;0;2;1;1;B01
201200034300;0;7;0;0;2;3;1;A01
201200034301;0;7;0;0;1;7;1;A01
201200034302;0;7;0;0;2;1;0;A01
201200034302;0;7;0;0;2;1;1;B01
201200034303;0;2;0;0;2;1;1;B01
201200034303;0;7;0;0;2;3;9;A01
201200034304;0;7;0;0;2;1;15;A01
201200034304;0;7;0;0;2;3;1;B01
201200034305;0;7;0;0;2;8;20;A01
201200034305;0;2;0;0;2;2;1;B01
201200034306;0;7;0;0;1;3;15;A01
201200034307;0;7;0;0;2;2;11;A01
201200034307;0;7;0;0;0;6;1;B01
201200034308;0;30;0;0;2;1;15;A01
201200034308;0;7;0;0;2;8;1;B01
201200034309;0;7;0;0;2;9;11;A01
201200034309;0;10;0;0;2;7;1;B01
201200034309;0;7;0;0;2;4;23;C01
201200034310;0;7;0;0;2;1;9;A01
201200034310;0;7;0;0;2;7;1;B01
201200034311;0;7;0;0;2;1;17;A01
201200034311;0;7;0;0;2;8;1;B01
201200034312;0;7;0;0;2;1;0;A01
201200034312;0;7;0;0;2;8;1;B01
201200034313;0;7;0;0;1;2;20;A01
201200034314;0;7;0;0;2;1;1;A01
201200034314;0;7;0;7;2;2;1;B01
201200034315;0;7;0;0;2;2;15;A01
201200034315;0;7;0;0;2;1;1;B01
201200034316;0;7;0;1;0;9;13;A01
201200034317;0;7;0;2;0;0;0;A01
201200034318;0;7;0;4;0;1;0;A01
201200034319;0;7;0;1;0;2;14;A01
201200034320;0;34;0;0;2;1;21;A01
201200034320;0;7;0;0;2;1;1;B01
201200034321;0;7;0;0;1;2;1;A01
201200034322;0;7;0;0;1;1;1;A01
201200034323;0;7;0;0;2;3;2;A01
201200034323;0;7;0;0;0;4;1;B01
201200034324;0;1;0;0;0;4;1;B01
201200034324;0;10;0;0;2;2;1;A01
201200034325;0;7;0;0;1;3;1;A01
201200034326;0;7;0;0;2;5;1;A01
201200034326;0;7;0;0;2;1;1;B01
201200034327;0;2;0;0;1;1;1;A01
201200034328;0;7;0;0;2;7;9;A01
201200034328;0;1;0;0;0;7;1;B01
201200034329;0;10;0;0;2;5;1;B01
201200034329;0;7;0;0;2;1;9;A01
201200034330;0;7;0;0;2;1;1;B01
201200034330;0;7;0;0;2;7;15;A01
201200034331;0;30;0;0;2;7;1;A01
201200034331;0;7;0;0;2;1;1;B01
201200034332;0;10;0;1;0;4;2;A01
201200034332;0;7;0;1;0;4;2;B01
201200034332;0;7;0;0;0;6;23;C01
201200034333;0;7;0;8;0;8;14;A01
201200034334;0;10;0;0;2;5;16;A01
201200034334;0;1;0;0;2;1;1;B01
201200034335;0;7;0;0;1;2;1;A01
201200034336;0;7;0;0;2;1;2;A01
201200034336;0;7;0;0;2;4;1;B01
201200034336;0;7;0;0;0;4;1;C01
201200034337;0;7;0;0;2;3;1;A01
201200034337;0;15;0;0;2;3;1;B01
201200034338;0;7;0;0;1;1;1;A01
201200034339;0;7;0;0;9;1;2;A01
201200034339;0;1;0;0;0;4;2;B01
201200034340;0;7;0;0;9;3;0;B01
201200034340;0;1;0;0;2;1;16;A01
201200034341;0;33;0;0;0;4;6;B01
201200034341;0;7;0;0;2;1;9;A01
201200034342;0;7;0;0;2;2;2;A01
201200034342;0;33;0;0;0;6;2;B01
201200034343;0;7;0;0;1;4;4;A01
201200034344;0;7;0;0;2;1;15;A01
201200034344;0;7;0;0;2;1;1;B01
201200034345;0;2;0;0;2;3;2;B01
201200034345;1;17;0;0;0;0;2;Z01
201200034346;0;7;0;0;2;2;2;A01
201200034346;0;31;0;0;0;4;2;B01
201200034347;0;7;0;0;2;1;13;A01
201200034347;0;7;0;0;2;1;1;B01
201200034348;0;7;0;0;2;1;0;A01
201200034348;0;7;0;0;2;4;0;B01
201200034348;0;7;0;0;2;1;0;C01
201200034348;0;7;0;0;2;1;1;D01
201200034349;0;10;0;0;1;4;4;A01
201200034350;0;7;0;0;1;7;1;A01
201200034351;0;33;0;0;2;0;1;B01
201200034351;0;10;0;0;2;2;1;A01
201200034352;0;7;0;0;2;3;1;A01
201200034352;0;38;1;6;2;3;1;B01
201200034353;0;7;0;0;2;1;13;A01
201200034353;0;7;0;0;2;1;1;B01
201200034354;0;7;0;0;1;1;1;A01
201200034355;0;33;0;0;2;1;13;A01
201200034355;0;33;0;0;2;1;1;B01
201200034356;0;33;0;0;0;7;1;A01
201200034357;0;7;0;8;0;7;1;A01
201200034358;0;7;0;0;1;1;16;A01
201200034358;0;32;0;0;2;1;1;B01
201200034359;0;7;0;0;2;1;15;B01
201200034359;0;33;0;0;2;1;15;A01
201200034360;0;7;0;0;1;1;15;A01
201200034361;0;2;0;0;1;1;1;A01
201200034362;0;7;0;0;2;1;13;A01
201200034362;0;7;0;0;2;3;1;B01
201200034362;0;7;0;0;9;1;1;C01
201200034363;0;7;0;0;2;3;5;A01
201200034363;0;7;0;0;2;3;1;B01
201200034364;0;2;0;16;0;1;1;A01
201200034364;0;7;0;0;0;0;0;B01
201200034365;0;7;0;0;2;1;1;A01
201200034365;0;21;0;0;2;4;1;B01
201200034365;0;7;0;0;2;2;1;C01
201200034366;0;7;0;0;1;1;1;A01
201200034367;0;7;0;9;0;8;1;A01
201200034368;0;2;0;0;2;4;15;A01
201200034368;0;32;0;0;2;8;1;B01
201200034369;0;7;0;0;2;1;1;B01
201200034369;0;2;0;0;2;1;5;A01
201200034370;0;2;0;0;0;1;1;A01
201200034371;0;33;0;0;0;1;1;A01
201200034372;0;7;0;0;1;2;1;A01
201200034373;0;7;0;0;1;2;1;A01
201200034374;0;30;0;0;2;1;2;A01
201200034374;0;1;0;0;2;4;2;B01
201200034375;0;7;0;0;1;2;1;A01
201200034376;0;7;0;0;2;5;15;A01
201200034376;0;2;0;0;2;1;1;B01
201200034377;0;7;0;0;2;1;1;A01
201200034377;0;7;0;0;0;4;1;B01
201200034378;0;30;0;0;2;1;1;B01
201200034378;0;34;0;0;0;0;15;A01
201200034379;0;7;0;0;2;1;5;A01
201200034379;0;7;0;0;2;1;1;B01
201200034380;0;7;0;0;2;2;0;A01
201200034380;0;2;0;0;2;1;1;B01
201200034381;0;16;0;0;2;1;9;A01
201200034381;0;7;0;0;2;7;1;B01
201200034382;0;7;0;11;0;1;9;A01
201200034383;0;2;0;0;2;1;1;B01
201200034383;0;10;0;0;2;0;20;A01
201200034384;0;1;0;0;2;4;1;B01
201200034384;0;33;0;0;2;1;1;A01
201200034385;0;7;0;0;2;3;15;B01
201200034385;0;30;0;0;2;1;17;A01
201200034386;0;7;0;0;2;4;23;B01
201200034386;0;30;0;0;2;1;2;A01
201200034387;0;33;0;0;2;9;17;B01
201200034387;0;7;0;0;2;8;15;A01
201200034388;0;2;0;0;2;1;0;A01
201200034388;0;7;0;0;2;8;1;B01
201200034389;0;7;0;0;2;2;0;A01
201200034389;0;1;0;0;2;0;0;B01
201200034390;0;10;0;0;2;1;1;A01
201200034390;0;7;0;0;2;4;23;B01
201200034391;0;2;0;12;0;0;15;A01
201200034392;0;7;0;0;2;3;1;B01
201200034392;0;7;0;0;2;3;23;A01
201200034392;0;34;0;0;2;1;21;C01
201200034393;0;7;0;0;2;1;9;A01
201200034393;0;33;0;0;2;1;1;B01
201200034394;0;10;0;14;1;2;16;A01
201200034395;0;33;0;11;0;1;1;A01
201200034396;0;7;0;0;2;4;15;B01
201200034396;0;31;0;0;2;1;1;A01
201200034397;0;7;0;0;2;3;15;B01
201200034397;0;33;0;0;2;7;1;A01
201200034398;0;7;0;0;0;3;1;A01
201200034399;0;7;0;0;2;8;0;B01
201200034399;0;2;0;0;2;1;15;A01
201200034400;0;30;0;0;2;1;13;A01
201200034400;0;7;0;0;2;3;1;B01
201200034401;0;1;0;12;0;1;21;A01
201200034402;0;7;0;0;1;0;1;A01
201200034403;0;7;0;0;2;5;12;B01
201200034403;0;30;0;0;2;1;1;A01
201200034404;0;2;0;0;0;1;0;A01
201200034405;0;2;0;0;0;4;1;B01
201200034405;0;7;0;0;0;0;0;A01
201200034406;0;7;0;0;2;1;1;B01
201200034406;0;7;0;0;2;1;15;A01
201200034407;0;30;0;11;0;3;1;A01
201200034408;0;2;0;16;0;1;1;A01
201200034409;0;7;0;0;2;6;16;A01
201200034409;0;1;0;0;2;0;1;B01
201200034410;0;1;0;14;0;1;1;A01
201200034411;0;10;0;0;2;6;23;B01
201200034411;0;30;0;0;2;1;14;A01
201200034412;0;31;0;0;2;7;19;A01
201200034412;0;7;0;0;2;3;1;B01
201200034413;0;33;0;0;2;8;17;A01
201200034413;0;10;0;0;2;6;15;B01
201200034414;0;7;0;0;2;8;15;B01
201200034414;0;30;0;0;2;1;1;A01
201200034415;0;7;0;0;2;3;0;B01
201200034415;0;30;0;0;2;3;0;A01
201200034416;0;10;0;0;2;4;1;B01
201200034416;0;2;0;0;2;1;1;A01
201200034417;0;7;0;8;2;1;1;A01
201200034417;0;7;0;0;2;7;1;B01
201200034418;0;2;0;9;0;3;0;A01
201200034419;0;7;0;0;2;1;0;A01
201200034419;0;7;0;0;2;3;0;B01
201200034420;0;7;0;0;1;2;1;A01
201200034421;0;7;0;0;2;2;9;A01
201200034421;0;30;0;0;2;3;1;B01
201200034422;0;7;0;0;2;1;1;A01
201200034422;0;7;0;0;2;6;16;B01
201200034422;0;30;0;0;2;1;1;C01
201200034423;0;2;0;0;2;1;17;A01
201200034423;0;7;0;0;2;3;23;B01
201200034424;0;1;0;12;0;1;1;A01
201200034425;0;2;0;0;2;2;17;A01
201200034425;0;7;0;0;0;3;15;B01
201200034426;0;7;0;0;0;2;1;A01
201200034427;0;34;0;12;0;1;13;A01
201200034428;0;33;0;11;0;1;13;A01
201200034429;0;7;0;0;1;1;0;A01
201200034430;0;7;0;0;2;1;1;A01
201200034430;0;7;0;0;2;4;1;B01
201200034431;0;7;0;0;2;4;2;B01
201200034431;0;30;0;0;2;1;2;A01
201200034432;0;10;0;0;2;6;23;B01
201200034432;0;30;0;1;0;1;1;A01
201200034433;0;7;0;0;0;3;9;A01
201200034433;0;1;0;0;2;2;1;B01
201200034434;0;7;0;0;0;7;16;A01
201200034434;0;33;0;0;2;3;16;B01
201200034435;0;32;0;0;0;0;1;A01
201200034436;0;2;0;0;0;0;1;A01
201200034437;0;33;0;0;0;8;1;A01
201200034438;0;2;0;0;2;1;2;A01
201200034438;0;2;0;0;2;4;2;B01
201200034439;0;30;0;0;2;1;1;B01
201200034439;0;7;0;0;2;8;19;A01
201200034440;0;33;0;0;2;3;7;A01
201200034440;0;7;0;0;2;2;16;B01
201200034441;0;33;0;0;2;0;0;B01
201200034441;0;7;0;0;2;0;17;A01
201200034442;0;32;0;0;1;1;0;A01
201200034443;0;7;0;0;2;0;0;A01
201200034443;0;31;0;0;2;0;0;B01
201200034444;0;7;0;0;2;7;1;B01
201200034444;0;1;0;0;2;0;18;A01
201200034445;0;7;0;0;2;2;1;B01
201200034445;0;2;0;0;2;2;1;A01
201200034446;0;7;0;0;0;8;22;A01
201200034446;0;32;0;0;2;1;1;B01
201200034447;0;2;0;0;2;1;17;A01
201200034447;0;7;0;0;0;3;15;B01
201200034448;0;7;0;0;2;9;1;B01
201200034448;0;7;0;3;2;3;11;A01
201200034449;0;7;0;0;2;5;15;A01
201200034449;0;2;0;0;2;1;1;B01
201200034450;0;7;0;0;2;2;1;A01
201200034450;0;7;0;0;2;3;0;B01
201200034451;0;33;0;0;2;1;13;A01
201200034451;0;7;0;0;2;8;1;B01
201200034452;0;7;0;0;1;2;1;A01
201200034453;0;2;0;0;2;1;1;B01
201200034453;0;7;0;0;0;7;15;A01
201200034454;0;30;0;0;0;0;0;A01
201200034455;0;2;0;0;2;7;1;B01
201200034455;0;10;0;0;2;1;9;A01
201200034456;0;2;0;0;2;1;1;B01
201200034456;0;7;0;0;2;3;15;A01
201200034457;0;2;0;15;0;1;13;A01
201200034458;0;7;0;0;2;6;1;B01
201200034458;0;34;0;0;2;1;2;A01
201200034459;0;10;0;0;2;4;2;B01
201200034459;0;30;0;0;2;1;2;A01
201200034460;0;7;0;0;1;1;3;A01
201200034461;0;2;0;0;2;2;15;A01
201200034461;0;32;0;0;2;1;1;B01
201200034462;0;7;0;0;0;1;1;A01
201200034462;0;30;0;0;2;3;1;B01
201200034463;0;20;0;0;1;1;1;A01
201200034464;0;7;0;0;2;5;15;A01
201200034464;0;1;0;0;2;1;1;B01
201200034465;0;14;0;0;2;3;9;A01
201200034465;0;30;0;0;2;1;1;B01
201200034466;0;37;5;0;2;3;1;B01
201200034466;0;7;0;0;2;7;12;A01
201200034467;0;2;0;12;0;1;1;A01
201200034468;0;31;0;12;0;1;1;A01
201200034469;0;2;0;2;0;1;14;A01
201200034470;0;30;0;0;2;1;17;B01
201200034470;0;7;0;0;0;6;15;A01
201200034471;0;30;0;0;2;1;19;A01
201200034471;0;7;0;0;2;8;1;B01
201200034472;0;2;0;0;2;1;7;A01
201200034472;0;7;0;0;2;5;16;B01
201200034473;0;7;0;0;1;3;21;A01
201200034474;0;2;0;0;2;1;1;B01
201200034474;0;7;0;0;0;2;16;A01
201200034475;0;34;0;0;0;7;1;A01
201200034476;0;7;0;0;0;2;15;A01
201200034476;0;2;0;0;2;1;1;B01
201200034477;0;7;0;8;0;1;1;A01
201200034478;0;2;0;0;2;1;2;A01
201200034478;0;7;0;0;2;5;23;B01
201200034479;0;7;0;0;0;0;23;B01
201200034479;0;7;0;0;2;5;23;C01
201200034479;0;34;0;0;2;9;17;A01
201200034479;0;7;0;0;2;5;23;D01
201200034480;0;2;0;0;0;3;1;A01
201200034481;0;7;0;0;1;1;1;A01
201200034482;1;7;0;0;1;3;5;Z01
201200034483;0;7;0;0;2;4;23;C01
201200034483;0;7;0;0;2;4;23;B01
201200034483;0;7;0;14;2;1;2;A01
201200034484;0;7;0;0;2;1;1;A01
201200034484;0;7;0;0;0;4;23;C01
201200034484;0;7;0;0;0;4;23;D01
201200034484;0;7;0;0;0;4;23;B01
201200034485;0;30;0;0;0;7;1;A01
201200034486;0;7;0;0;2;3;15;A01
201200034486;0;30;0;0;2;7;17;B01
201200034487;0;10;0;0;1;3;20;A01
201200034488;0;33;0;0;2;1;1;B01
201200034488;0;3;0;0;2;3;10;A01
201200034489;0;33;0;0;2;7;1;B01
201200034489;0;7;0;0;2;3;9;A01
201200034490;0;34;0;2;0;1;14;A01
201200034491;0;7;0;0;2;1;19;A01
201200034491;0;30;0;0;2;5;1;B01
201200034492;1;7;0;0;0;0;12;Z01
201200034492;0;32;0;14;0;8;21;A01
201200034493;0;1;0;0;2;1;1;B01
201200034493;0;7;0;0;0;1;15;A01
201200034494;0;7;0;8;0;2;1;A01
201200034495;0;7;0;0;2;3;15;A01
201200034495;0;2;0;0;2;1;1;B01
201200034496;0;7;0;0;2;3;1;B01
201200034496;0;7;0;9;2;6;9;A01
201200034497;0;7;0;1;0;1;0;A01
201200034498;0;7;0;0;2;7;15;A01
201200034498;0;2;0;0;2;1;1;B01
201200034499;0;34;0;0;2;1;1;B01
201200034499;0;7;0;0;9;3;19;A01
201200034500;0;33;0;0;2;2;17;B01
201200034500;0;7;0;0;9;6;15;A01
201200034501;0;2;0;0;2;1;2;B01
201200034501;0;7;0;0;2;8;10;A01
201200034502;0;7;0;0;1;4;4;A01
201200034503;0;10;0;0;9;6;1;B01
201200034503;0;2;0;0;2;1;2;A01
201200034504;0;7;0;0;1;4;4;A01
201200034505;0;34;0;8;0;1;14;A01
201200034506;0;7;0;0;2;2;9;A01
201200034506;0;7;0;0;2;2;1;B01
201200034507;0;7;0;0;1;4;4;A01
201200034508;0;30;0;0;2;1;1;B01
201200034508;0;37;1;0;9;8;1;A01
201200034509;0;7;0;0;2;4;1;D01
201200034509;0;7;0;0;2;4;1;C01
201200034509;0;7;0;0;2;1;1;A01
201200034509;0;7;0;0;2;4;1;B01
201200034510;0;7;0;0;2;8;1;B01
201200034510;0;7;0;0;2;2;14;A01
201200034511;0;7;0;0;9;3;15;A01
201200034511;0;32;0;0;2;7;1;B01
201200034512;0;7;0;0;2;1;5;A01
201200034512;0;7;0;0;2;1;1;B01
201200034513;0;15;0;0;2;4;1;B01
201200034513;0;7;0;0;2;1;1;A01
201200034514;0;33;0;0;0;8;1;A01
201200034515;0;7;0;0;9;6;1;B01
201200034515;0;33;0;0;2;1;17;A01
201200034516;0;7;0;1;0;1;13;A01
201200034517;0;7;0;0;9;1;9;A01
201200034517;0;34;0;0;2;8;1;B01
201200034518;0;7;0;1;0;1;13;A01
201200034519;0;7;0;0;9;1;9;A01
201200034519;0;34;0;0;2;4;23;B01
201200034520;0;30;0;0;2;1;1;A01
201200034520;0;7;0;0;9;4;1;B01
201200034521;1;7;0;0;0;1;1;Z01
201200034522;0;7;0;0;1;1;1;A01
201200034523;0;7;0;6;0;2;1;A01
201200034524;0;7;0;0;9;2;15;A01
201200034524;0;30;0;0;2;1;1;B01
201200034525;0;30;0;0;2;1;1;B01
201200034525;0;7;0;0;9;2;15;A01
201200034526;0;7;0;0;2;2;12;A01
201200034526;0;2;0;0;2;3;1;B01
201200034527;0;7;0;0;2;2;1;B01
201200034527;0;2;0;0;2;1;15;A01
201200034528;0;7;0;0;1;2;1;A01
201200034529;0;30;0;0;0;1;14;A01
201200034530;0;30;0;0;2;8;1;B01
201200034530;0;7;0;0;9;1;1;A01
201200034531;0;30;0;0;0;1;14;A01
201200034532;0;7;0;0;9;8;9;A01
201200034532;0;1;0;0;2;1;1;B01
201200034533;1;7;0;0;9;8;17;Z01
201200034533;0;34;0;0;2;8;1;B01
201200034534;0;31;0;11;0;8;0;A01
201200034535;0;2;0;0;2;1;17;A01
201200034535;0;7;0;0;2;8;15;B01
201200034536;0;7;0;0;9;8;9;A01
201200034536;0;2;0;0;2;1;1;B01
201200034537;0;7;0;6;0;1;1;A01
201200034538;0;2;0;8;0;1;0;A01
201200034539;0;7;0;0;2;3;15;A01
201200034539;0;1;0;0;2;1;15;B01
201200034540;0;2;0;0;2;1;17;B01
201200034540;0;7;0;0;2;3;15;A01
201200034541;1;10;0;0;2;7;17;A01
201200034541;0;2;0;0;2;1;1;B01
201200034542;0;7;0;0;1;1;1;A01
201200034543;0;30;0;0;1;1;13;A01
201200034544;0;7;0;0;2;3;9;A01
201200034544;0;2;0;0;2;3;1;B01
201200034545;0;1;0;0;2;1;1;B01
201200034545;0;7;0;0;2;3;15;A01
201200034546;0;7;0;0;1;1;15;A01
201200034547;0;7;0;8;0;1;14;A01
201200034548;0;30;0;0;2;1;17;B01
201200034548;0;7;0;0;9;3;15;A01
201200034549;0;7;0;0;2;4;2;B01
201200034549;0;7;0;0;2;1;2;A01
201200034550;0;2;0;0;2;1;14;B01
201200034550;0;2;0;0;2;7;16;A01
201200034551;0;7;0;0;0;0;0;A01
201200034552;0;31;0;0;2;8;2;A01
201200034552;0;7;0;0;2;2;0;B01
201200034553;0;30;0;2;0;1;0;A01
201200034554;0;10;0;0;2;2;16;A01
201200034554;0;7;0;0;2;3;1;B01
201200034555;0;2;0;0;2;1;15;A01
201200034555;0;2;0;0;2;3;1;B01
201200034556;0;33;0;0;2;8;9;B01
201200034556;0;7;0;0;9;2;9;A01
201200034557;0;7;0;0;2;4;15;B01
201200034557;0;2;0;0;2;2;1;A01
201200034558;0;2;0;15;0;1;0;A01
201200034559;0;33;0;8;0;1;1;A01
201200034560;0;7;0;0;2;9;1;B01
201200034560;0;7;0;0;2;1;15;A01
201200034561;0;3;0;0;1;3;1;A01
201200034562;0;7;0;0;2;5;2;C01
201200034562;0;7;0;0;2;4;2;D01
201200034562;0;7;0;0;2;3;2;A01
201200034562;0;7;0;0;2;3;2;B01
201200034563;0;7;0;0;2;2;15;A01
201200034563;0;31;0;0;2;3;1;B01
201200034564;0;7;0;0;2;5;23;B01
201200034564;0;33;0;0;2;1;1;A01
201200034565;0;30;0;0;2;2;1;B01
201200034565;0;7;0;0;9;2;9;A01
201200034566;0;30;0;0;2;1;1;B01
201200034566;0;7;0;0;9;3;4;A01
201200034567;0;31;0;0;2;8;1;A01
201200034567;0;31;0;0;2;1;1;B01
201200034568;0;2;0;1;0;2;1;A01
201200034569;0;2;0;0;2;1;13;B01
201200034569;0;7;0;0;2;1;15;A01
201200034570;0;7;0;7;0;2;14;A01
201200034571;0;7;0;0;9;1;15;A01
201200034571;0;2;0;0;2;1;1;B01
201200034572;0;7;0;0;2;1;1;B01
201200034572;0;2;0;0;2;1;0;A01
201200034573;0;2;0;1;0;9;1;A01
201200034574;0;7;0;0;2;8;1;B01
201200034574;0;1;0;0;2;5;12;A01
201200034575;0;7;0;0;1;1;15;A01
201200034576;0;30;0;0;0;8;1;A01
201200034577;0;30;0;14;0;1;1;A01
201200034578;0;7;0;0;1;1;16;A01
201200034579;0;30;0;1;0;1;0;A01
201200034580;0;7;0;0;2;7;15;A01
201200034580;0;33;0;0;2;1;1;B01
201200034581;0;7;0;0;0;0;15;A01
201200034581;0;2;0;0;0;1;21;B01
201200034582;0;33;0;0;2;1;1;B01
201200034582;0;7;0;0;2;3;15;A01
201200034583;0;7;0;0;2;0;2;B01
201200034583;0;7;0;0;2;1;2;A01
201200034583;0;7;0;0;0;4;23;C01
201200034584;0;7;0;1;2;2;17;A01
201200034584;0;7;0;0;2;8;15;B01
201200034585;0;7;0;0;1;1;15;A01
201200034586;0;37;0;0;1;2;1;A01
201200034587;0;7;0;0;2;8;9;A01
201200034587;0;30;0;0;2;1;1;B01
201200034588;0;7;0;0;2;3;9;A01
201200034588;0;2;0;0;2;1;1;B01
201200034589;0;7;0;0;2;1;17;A01
201200034589;0;7;0;0;2;1;23;B01
201200034589;0;7;0;0;2;1;23;C01
201200034590;0;7;0;0;2;5;17;A01
201200034590;0;1;0;0;2;8;1;B01
201200034591;0;33;0;0;2;0;1;B01
201200034591;0;7;0;0;2;0;9;A01
201200034592;0;7;0;0;2;1;2;A01
201200034592;0;7;0;0;2;4;1;B01
201200034593;0;30;0;0;2;1;1;B01
201200034593;0;7;0;0;2;6;9;A01
201200034594;0;7;0;0;1;1;15;A01
201200034595;0;7;0;0;2;1;9;A01
201200034595;0;32;0;0;2;5;1;B01
201200034596;0;30;0;0;2;1;1;B01
201200034596;0;7;0;0;2;5;15;A01
201200034597;0;7;0;0;1;1;1;A01
201200034598;0;7;0;0;2;8;1;B01
201200034598;0;7;0;0;2;2;15;A01
201200034599;0;7;0;0;2;4;2;B01
201200034599;0;7;0;0;2;4;2;D01
201200034599;0;7;0;0;2;4;2;C01
201200034599;0;7;0;0;2;1;2;A01
201200034600;0;7;0;0;9;3;9;A01
201200034600;0;1;0;0;2;0;1;B01
201200034601;0;1;0;0;2;7;15;A01
201200034601;0;7;0;0;2;1;1;B01
201200034602;0;7;0;0;2;1;2;A01
201200034602;0;7;0;0;1;4;23;B01
201200034603;0;7;0;0;2;8;13;A01
201200034603;0;7;0;0;2;1;9;C01
201200034603;0;33;0;0;2;7;1;B01
201200034604;0;7;0;0;2;4;1;B01
201200034604;0;2;0;0;2;1;2;A01
201200034605;0;7;0;0;2;1;1;C01
201200034605;0;7;0;0;2;1;1;B01
201200034605;0;7;0;0;2;8;10;A01
201200034606;0;7;0;0;1;1;16;A01
201200034607;0;7;0;0;2;1;1;B01
201200034607;0;7;0;0;2;3;15;A01
201200034608;0;7;0;9;0;2;15;A01
201200034609;0;1;0;0;2;5;1;B01
201200034609;0;7;0;0;2;8;9;A01
201200034610;0;7;0;0;1;1;16;A01
201200034611;1;15;0;0;2;7;2;Z01
201200034611;0;1;0;0;2;4;2;B01
201200034612;0;7;0;1;0;2;1;A01
201200034613;0;7;0;0;2;4;23;B01
201200034613;0;7;0;0;2;1;2;A01
201200034614;0;17;0;0;2;1;2;A01
201200034614;0;10;0;0;2;4;2;B01
201200034614;0;17;0;0;2;4;23;C01
201200034615;0;7;0;0;1;4;4;A01
201200034616;0;7;0;0;2;2;15;A01
201200034616;0;2;0;0;2;1;1;B01
201200034617;0;7;0;0;1;1;1;A01
201200034618;0;7;0;0;1;4;20;A01
201200034619;0;7;0;0;2;3;9;A01
201200034619;0;1;0;0;2;1;1;B01
201200034620;0;1;0;0;2;7;1;B01
201200034620;0;7;0;0;2;4;20;A01
201200034621;0;7;0;0;2;4;1;B01
201200034621;0;7;0;0;2;1;2;A01
201200034622;0;3;0;0;2;1;1;B01
201200034622;0;7;0;0;2;7;1;A01
201200034623;0;7;0;0;2;4;23;B01
201200034623;0;7;0;0;2;1;2;A01
201200034624;0;32;0;0;2;1;1;B01
201200034624;0;7;0;0;2;3;15;A01
201200034625;0;7;0;0;2;2;15;A01
201200034625;0;30;0;0;2;1;1;B01