num_acc;senc;catv;occutc;obs;obsm;choc;manv;num_veh
201200034626;0;7;0;0;2;4;2;B01
201200034626;0;7;0;0;2;1;2;A01
201200034626;0;7;0;0;2;4;2;C01
201200034627;0;1;0;0;2;3;15;B01
201200034627;0;33;0;0;2;1;17;A01
201200034628;0;7;0;0;1;1;0;A01
201200034629;0;1;0;0;2;1;1;B01
201200034629;0;7;0;0;2;2;15;A01
201200034630;0;7;0;0;1;1;1;A01
201200034631;0;1;0;0;2;7;1;B01
201200034631;0;7;0;0;2;3;9;A01
201200034632;0;7;0;0;2;3;16;B01
201200034632;0;30;0;0;2;8;13;A01
201200034633;0;30;0;0;2;0;17;A01
201200034633;0;7;0;0;2;0;1;B01
201200034634;0;1;0;1;0;1;1;A01
201200034634;0;7;0;0;2;4;23;B01
201200034635;0;7;0;0;2;2;15;A01
201200034635;0;33;0;0;2;1;1;B01
201200034636;0;7;0;0;1;1;1;A01
201200034637;0;7;0;0;2;1;1;B01
201200034637;0;7;0;0;2;7;15;A01
201200034638;0;7;0;0;2;3;9;A01
201200034638;0;1;0;0;2;7;1;B01
201200034639;0;7;0;0;2;1;2;A01
201200034639;0;7;0;0;2;4;23;B01
201200034640;0;7;0;0;2;4;2;B01
201200034640;0;7;0;0;2;1;2;A01
201200034641;0;3;0;0;2;3;9;A01
201200034641;0;33;0;0;2;1;1;B01
201200034642;0;7;0;8;0;9;1;A01
201200034643;0;7;0;0;2;3;1;B01
201200034643;0;7;0;0;2;6;9;A01
201200034644;0;7;0;0;2;1;1;A01
201200034645;0;7;0;0;2;4;2;B01
201200034645;0;10;0;0;2;1;2;A01
201200034646;0;33;0;1;2;1;1;B01
201200034646;0;7;0;0;2;8;13;A01
201200034647;0;33;0;0;2;9;1;B01
201200034647;0;7;0;0;2;1;15;A01
201200034648;0;2;0;0;2;1;16;B01
201200034648;0;2;0;0;2;1;15;A01
201200034649;0;7;0;0;2;1;2;A01
201200034649;0;7;0;0;2;4;23;C01
201200034649;0;7;0;0;2;4;23;B01
201200034650;0;7;0;0;2;1;2;A01
201200034650;0;7;0;0;2;4;2;B01
201200034651;0;7;0;0;2;1;2;A01
201200034651;0;7;0;0;2;0;23;C01
201200034651;0;7;0;0;2;4;2;B01
201200034652;0;1;0;0;2;8;19;A01
201200034652;1;7;0;0;2;0;1;Z01
201200034653;0;7;0;0;2;1;1;B01
201200034653;0;7;0;0;2;5;1;A01
201200034654;0;30;0;0;2;4;1;B01
201200034654;0;7;0;0;2;1;2;A01
201200034655;0;7;0;0;1;1;1;A01
201200034656;0;7;0;0;2;1;1;A01
201200034656;0;7;0;0;2;4;23;B01
201200034657;0;7;0;0;2;1;15;A01
201200034657;0;32;0;0;2;1;1;B01
201200034658;0;7;0;0;2;2;15;B01
201200034658;0;7;0;0;2;1;1;A01
201200034659;0;7;0;13;0;1;1;A01
201200034660;1;7;0;0;1;1;1;Z01
201200034661;0;7;0;0;2;3;15;A01
201200034661;0;30;0;0;2;2;17;B01
201200034662;0;7;0;0;2;2;15;A01
201200034662;0;30;0;0;2;8;1;B01
201200034663;0;7;0;0;2;1;2;B01
201200034663;0;7;0;0;2;1;5;A01
201200034664;0;7;0;1;1;1;15;A01
201200034665;0;7;0;0;2;1;1;B01
201200034665;0;7;0;0;2;2;15;A01
201200034666;0;7;0;6;0;1;1;A01
201200034667;0;7;0;0;2;1;1;B01
201200034667;0;7;0;0;2;7;15;A01
201200034668;0;7;0;6;0;1;14;A01
201200034669;0;7;0;0;2;4;23;B01
201200034669;0;7;0;0;2;1;2;A01
201200034669;0;7;0;0;2;4;23;C01
201200034670;0;30;0;0;2;7;16;A01
201200034670;0;2;0;0;2;8;7;B01
201200034671;0;7;0;15;0;1;6;A01
201200034672;0;1;0;0;2;1;1;A01
201200034673;0;7;0;0;1;1;1;A01
201200034674;0;7;0;0;1;1;1;A01
201200034675;0;7;0;0;2;8;15;A01
201200034675;0;33;0;0;2;1;1;B01
201200034676;0;30;0;0;2;1;1;B01
201200034676;0;7;0;0;2;7;9;A01
201200034677;0;7;0;0;2;7;15;A01
201200034677;0;1;0;0;2;1;1;B01
201200034678;0;7;0;6;2;1;1;A01
201200034678;0;7;0;0;2;6;15;B01
201200034679;0;7;0;0;2;4;1;B01
201200034679;0;7;0;0;2;1;1;A01
201200034680;0;7;0;0;2;4;4;A01
201200034680;0;32;0;0;2;7;1;B01
201200034681;0;7;0;0;2;7;15;A01
201200034681;0;32;0;0;2;3;1;B01
201200034682;0;7;0;0;2;1;9;A01
201200034682;0;1;0;0;2;4;1;B01
201200034683;0;30;0;0;2;1;16;A01
201200034683;0;7;0;0;2;1;1;B01
201200034684;0;7;0;0;1;1;1;A01
201200034685;0;7;0;0;1;3;1;A01
201200034686;0;7;0;0;2;3;1;B01
201200034686;0;30;0;0;2;1;5;A01
201200034687;0;10;0;0;2;1;1;A01
201200034687;0;13;0;0;2;5;1;B01
201200034688;0;7;0;0;2;2;16;A01
201200034688;0;1;0;0;2;8;1;B01
201200034689;0;7;0;6;0;1;13;A01
201200034690;0;7;0;0;1;1;1;A01
201200034691;0;7;0;0;2;1;1;A01
201200034691;0;7;0;0;2;4;1;B01
201200034692;0;37;1;0;2;4;23;B01
201200034692;0;30;0;0;2;1;1;A01
201200034693;0;30;0;0;2;1;5;A01
201200034693;0;7;0;0;2;1;1;B01
201200034694;0;10;0;0;2;1;1;A01
201200034694;0;7;0;0;2;4;23;B01
201200034695;0;10;0;0;2;0;9;A01
201200034695;0;33;0;0;2;8;1;B01
201200034696;0;7;0;0;1;1;1;A01
201200034697;0;13;0;0;2;1;2;A01
201200034697;0;7;0;0;2;4;13;B01
201200034698;0;33;0;0;2;1;1;B01
201200034698;0;7;0;0;2;8;10;A01
201200034699;0;7;0;0;1;1;15;A01
201200034700;0;7;0;0;2;1;1;A01
201200034700;0;7;0;0;2;8;1;B01
201200034701;0;7;0;0;2;4;1;B01
201200034701;0;32;0;0;2;1;1;A01
201200034702;0;7;0;0;2;1;1;A01
201200034702;0;7;0;0;2;4;1;B01
201200034703;0;7;0;0;1;4;4;A01
201200034704;0;7;0;0;1;1;1;A01
201200034705;0;1;0;0;2;1;5;A01
201200034705;0;7;0;0;2;2;16;B01
201200034706;0;7;0;0;1;1;1;A01
201200034707;0;7;0;0;2;4;1;B01
201200034707;0;30;0;0;2;1;2;A01
201200034708;1;7;0;0;2;4;4;A01
201200034708;0;33;0;0;2;7;1;B01
201200034709;0;38;0;0;2;3;16;B01
201200034709;0;7;0;0;2;1;15;A01
201200034710;0;10;0;0;2;6;1;B01
201200034710;0;32;0;0;2;1;1;A01
201200034711;0;7;0;0;1;1;1;A01
201200034712;0;30;0;0;2;1;1;A01
201200034712;0;10;0;0;2;6;1;B01
201200034713;0;30;0;0;2;8;1;B01
201200034713;0;7;0;0;2;3;1;A01
201200034714;0;7;0;0;1;1;17;A01
201200034715;0;7;0;0;2;8;1;B01
201200034715;0;7;0;0;2;3;15;A01
201200034716;0;7;0;0;2;2;1;A01
201200034716;0;7;0;0;2;1;1;B01
201200034717;0;10;0;0;2;8;9;A01
201200034717;0;1;0;0;2;7;1;B01
201200034718;0;7;0;0;2;1;1;A01
201200034718;0;7;0;0;2;6;23;B01
201200034719;0;7;0;0;2;3;1;B01
201200034719;0;7;0;14;2;5;1;A01
201200034720;0;7;0;0;2;1;2;A01
201200034720;0;7;0;0;2;4;23;B01
201200034721;0;7;0;0;2;1;1;B01
201200034721;0;7;0;0;2;1;5;A01
201200034722;0;7;0;0;1;1;1;A01
201200034723;0;7;0;0;2;5;1;B01
201200034723;0;2;0;0;2;1;18;A01
201200034724;0;10;0;0;2;3;1;A01
201200034724;0;7;0;0;2;5;2;B01
201200034725;0;7;0;0;2;4;1;B01
201200034725;0;30;0;0;2;1;2;A01
201200034726;0;7;0;0;2;2;1;B01
201200034726;0;7;0;0;2;1;1;A01
201200034727;0;7;0;0;2;8;9;A01
201200034727;0;1;0;0;2;1;1;B01
201200034728;0;1;0;0;2;1;17;B01
201200034728;0;7;0;0;2;8;15;A01
201200034729;0;1;0;0;2;2;1;B01
201200034729;0;7;0;0;2;1;9;A01
201200034730;0;7;0;0;2;7;1;A01
201200034730;0;33;0;0;2;8;1;B01
201200034731;0;7;0;0;2;3;1;B01
201200034731;0;7;0;0;2;2;10;A01
201200034732;0;7;0;0;2;7;15;B01
201200034732;0;2;0;0;2;1;17;A01
201200034733;0;1;0;0;2;1;1;B01
201200034733;0;7;0;0;2;3;9;A01
201200034734;0;7;0;0;2;3;15;A01
201200034734;0;7;0;0;2;3;1;B01
201200034735;0;1;0;0;2;1;1;B01
201200034735;0;15;0;0;2;1;1;A01
201200034736;0;30;0;0;0;0;1;B01
201200034736;0;7;0;0;0;0;9;A01
201200034737;0;7;0;0;2;3;16;A01
201200034737;0;1;0;0;2;7;1;B01
201200034738;0;1;0;0;2;7;1;B01
201200034738;0;7;0;0;2;3;16;A01
201200034739;0;7;0;0;2;7;15;A01
201200034739;0;7;0;0;2;1;1;B01
201200034740;0;33;0;0;2;2;1;A01
201200034740;0;1;0;0;2;3;15;B01
201200034741;0;7;0;0;2;1;1;B01
201200034741;0;7;0;0;2;3;15;A01
201200034742;0;7;0;0;2;7;15;A01
201200034742;0;7;0;0;2;1;1;B01
201200034743;0;7;0;0;2;1;1;B01
201200034743;0;1;0;0;2;1;5;A01
201200034744;0;7;0;0;2;1;23;A01
201200034744;0;7;0;0;2;4;1;B01
201200034745;0;7;0;0;2;4;23;B01
201200034745;0;7;0;0;2;1;1;A01
201200034746;0;7;0;0;1;1;1;A01
201200034747;0;7;0;0;2;1;1;A01
201200034747;0;7;0;0;2;4;23;B01
201200034748;0;10;0;0;2;4;23;B01
201200034748;0;7;0;0;2;4;23;C01
201200034748;0;10;0;0;2;1;1;A01
201200034749;0;7;0;0;2;2;2;A01
201200034749;0;30;0;0;2;8;2;B01
201200034750;0;7;0;0;2;0;9;A01
201200034750;0;1;0;0;2;1;1;B01
201200034751;0;7;0;0;2;3;1;B01
201200034751;0;7;0;0;2;1;1;A01
201200034752;0;7;0;0;1;1;1;A01
201200034753;0;7;0;0;2;1;1;A01
201200034753;0;7;0;0;2;4;15;B01
201200034754;0;7;0;0;0;9;21;A01
201200034755;0;7;0;0;2;4;1;B01
201200034755;0;13;0;0;2;6;16;C01
201200034755;0;7;0;0;2;1;1;A01
201200034756;0;7;0;0;2;3;15;A01
201200034756;0;7;0;0;2;3;1;B01
201200034757;0;30;0;0;2;8;1;B01
201200034757;0;7;0;0;2;3;15;A01
201200034758;0;7;0;0;2;1;1;B01
201200034758;0;7;0;0;2;1;15;A01
201200034759;0;7;0;0;1;1;15;A01
201200034760;0;7;0;0;2;4;16;B01
201200034760;0;30;0;0;2;1;1;A01
201200034761;0;7;0;0;2;7;15;A01
201200034761;0;14;0;0;2;1;1;B01
201200034762;0;33;0;0;2;1;17;B01
201200034762;0;7;0;0;2;1;15;A01
201200034763;0;7;0;0;2;4;4;A01
201200034763;0;1;0;0;2;1;23;B01
201200034764;0;7;0;0;2;4;23;B01
201200034764;0;7;0;0;2;4;23;D01
201200034764;0;7;0;0;2;1;2;A01
201200034764;0;7;0;0;2;4;2;C01
201200034765;0;2;0;0;2;1;1;B01
201200034765;0;7;0;0;2;2;15;A01
201200034766;1;7;0;0;2;3;15;A01
201200034766;0;2;0;0;2;1;1;B01
201200034767;0;7;0;0;2;6;23;B01
201200034767;0;7;0;0;2;3;1;C01
201200034767;0;33;0;0;2;1;2;A01
201200034768;0;14;0;0;2;5;23;B01
201200034768;0;7;0;0;2;1;1;A01
201200034769;0;1;0;0;2;7;1;B01
201200034769;0;7;0;0;2;1;1;A01
201200034770;1;13;0;0;2;7;16;A01
201200034770;0;1;0;0;2;0;16;B01
201200034771;0;37;0;0;2;3;1;B01
201200034771;0;7;0;0;2;2;16;A01
201200034772;0;7;0;0;1;7;1;A01
201200034773;0;7;0;0;1;2;1;A01
201200034774;0;7;0;0;2;3;1;B01
201200034774;0;7;0;0;2;3;5;A01
201200034775;0;30;0;0;2;4;23;B01
201200034775;0;7;0;0;2;1;1;A01
201200034776;0;7;0;0;2;4;2;A01
201200034776;0;7;0;0;2;4;2;B01
201200034777;0;7;0;1;2;3;4;A01
201200034777;0;7;0;0;2;2;1;B01
201200034778;0;7;0;0;1;3;1;A01
201200034779;0;30;0;0;2;1;1;B01
201200034779;0;7;0;0;2;1;9;A01
201200034780;0;7;0;0;2;3;15;A01
201200034780;0;7;0;0;2;2;1;B01
201200034781;0;7;0;0;2;0;1;A01
201200034781;0;7;0;0;2;4;1;B01
201200034781;0;7;0;0;2;4;1;C01
201200034782;0;7;0;0;2;1;2;A01
201200034782;0;7;0;0;2;4;23;B01
201200034782;0;7;0;0;2;4;23;C01
201200034783;0;7;0;0;2;4;23;B01
201200034783;0;7;0;0;2;4;23;C01
201200034783;0;7;0;0;2;1;2;A01
201200034784;0;7;0;0;2;1;1;B01
201200034784;0;7;0;0;2;7;15;A01
201200034785;0;7;0;0;2;8;1;B01
201200034785;0;33;0;0;2;1;9;A01
201200034786;0;7;0;0;2;1;2;A01
201200034786;0;30;0;0;2;4;23;B01
201200034787;0;7;0;0;2;1;2;A01
201200034787;0;33;0;0;2;4;23;C01
201200034787;0;7;0;0;2;4;23;B01
201200034788;0;33;0;0;2;1;2;A01
201200034788;0;7;0;0;2;4;23;B01
201200034789;0;7;0;0;2;3;1;B01
201200034789;0;30;0;0;2;1;1;A01
201200034790;0;14;0;0;2;1;1;C01
201200034790;0;33;0;0;2;1;17;A01
201200034790;0;10;0;0;2;6;23;B01
201200034791;0;33;0;0;2;1;1;A01
201200034791;0;10;0;0;2;5;23;B01
201200034792;0;7;0;6;0;3;1;A01
201200034793;0;7;0;0;2;2;15;A01
201200034793;0;32;0;0;2;1;1;B01
201200034794;0;7;0;0;2;5;15;A01
201200034794;0;30;0;0;2;1;1;B01
201200034795;0;7;0;0;2;3;1;A01
201200034795;0;7;0;0;2;8;1;B01
201200034796;0;30;0;0;2;8;18;A01
201200034796;0;7;0;0;2;2;23;B01
201200034797;0;7;0;0;2;1;10;A01
201200034797;0;2;0;0;2;7;1;B01
201200034798;0;7;0;0;2;3;20;A01
201200034798;0;31;0;0;2;7;17;B01
201200034799;0;1;0;0;2;7;1;B01
201200034799;0;7;0;0;2;1;1;A01
201200034800;0;7;0;0;2;4;23;E01
201200034800;0;7;0;0;2;4;23;C01
201200034800;0;7;0;0;2;4;23;D01
201200034800;0;7;0;0;2;4;23;B01
201200034800;0;7;0;0;2;1;1;A01
201200034801;0;7;0;0;2;3;13;A01
201200034801;0;7;0;0;2;2;21;B01
201200034802;0;7;0;0;2;4;23;B01
201200034802;0;7;0;0;2;1;1;A01
201200034803;0;7;0;0;2;7;1;B01
201200034803;0;7;0;0;2;1;1;A01
201200034804;0;7;0;0;2;1;15;A01
201200034804;0;33;0;0;2;2;1;B01
201200034805;0;7;0;0;2;7;15;A01
201200034805;0;30;0;0;2;1;18;B01
201200034806;0;7;0;0;2;3;15;A01
201200034806;0;30;0;0;2;7;17;B01
201200034807;0;7;0;1;0;1;14;A01
201200034808;0;7;0;0;0;4;2;B01
201200034808;0;30;0;0;2;1;2;A01
201200034809;0;32;0;0;2;1;2;A01
201200034809;0;7;0;0;2;6;9;B01
201200034810;0;7;0;0;2;3;15;B01
201200034810;0;30;0;0;2;1;2;A01
201200034811;0;1;0;0;2;8;1;B01
201200034811;0;7;0;0;2;7;15;A01
201200034812;0;7;0;0;2;4;23;B01
201200034812;0;7;0;0;2;1;2;A01
201200034813;0;7;0;0;2;1;1;C01
201200034813;0;33;0;0;2;1;2;A01
201200034813;0;7;0;0;2;4;2;B01
201200034814;0;32;0;0;2;1;1;A01
201200034814;0;7;0;0;2;4;23;B01
201200034815;0;7;0;0;2;4;1;B01
201200034815;0;7;0;0;2;1;2;A01
201200034816;0;30;0;0;2;1;2;A01
201200034816;0;1;0;0;2;4;13;B01
201200034817;0;7;0;0;2;1;9;A01
201200034817;0;32;0;0;2;7;2;B01
201200034818;0;1;0;0;2;7;1;B01
201200034818;0;7;0;0;2;1;15;A01
201200034819;0;7;0;0;2;4;23;C01
201200034819;0;7;0;0;2;1;2;A01
201200034819;0;7;0;0;0;4;23;B01
201200034820;0;7;0;1;2;1;13;A01
201200034820;0;7;0;0;2;7;24;C01
201200034820;0;7;0;0;2;1;1;B01
201200034821;0;7;0;0;2;1;9;A01
201200034821;0;1;0;0;2;7;1;B01
201200034822;0;30;0;0;2;1;1;A01
201200034822;0;7;0;0;2;8;1;B01
201200034823;0;33;0;0;2;2;17;A01
201200034823;0;1;0;0;2;4;13;B01
201200034824;0;1;0;0;2;7;1;B01
201200034824;0;7;0;0;2;1;9;A01
201200034825;1;7;0;0;2;0;14;Z01
201200034825;0;7;0;0;2;8;1;B01
201200034826;0;7;0;0;2;8;9;A01
201200034826;0;30;0;0;2;1;1;B01
201200034827;0;7;0;0;2;3;1;A01
201200034828;0;7;0;0;2;4;23;C01
201200034828;0;7;0;0;2;4;23;B01
201200034828;0;7;0;0;2;1;1;A01
201200034829;0;7;0;0;2;3;15;B01
201200034829;0;7;0;0;2;2;1;A01
201200034830;1;7;0;0;1;2;1;Z01
201200034831;1;7;0;0;2;0;15;Z01
201200034831;0;2;0;0;2;7;1;B01
201200034832;0;7;0;0;2;4;15;B01
201200034832;0;10;0;0;2;1;1;A01
201200034833;0;1;0;0;2;4;16;B01
201200034833;0;7;0;0;2;3;1;A01
201200034834;0;7;0;0;2;4;1;B01
201200034834;0;10;0;0;2;1;1;A01
201200034835;0;7;0;0;2;3;13;A01
201200034835;0;1;0;0;2;7;1;B01
201200034836;0;7;0;0;2;1;15;A01
201200034836;0;7;0;0;2;3;1;B01
201200034837;0;7;0;0;1;1;1;A01
201200034838;0;7;0;0;2;2;1;A01
201200034838;0;7;0;0;2;5;1;B01
201200034839;0;7;0;0;2;5;1;B01
201200034839;0;7;0;0;2;3;13;A01
201200034840;0;7;0;0;2;6;15;A01
201200034840;0;33;0;0;2;8;1;B01
201200034841;0;10;0;0;2;1;1;A01
201200034841;0;7;0;0;2;4;23;D01
201200034841;0;7;0;0;2;4;23;B01
201200034841;0;7;0;0;2;4;23;C01
201200034842;0;1;0;0;2;4;1;B01
201200034842;1;7;0;0;2;0;1;Z01
201200034843;0;7;0;0;1;6;20;A01
201200034844;0;7;0;0;1;1;0;A01
201200034845;0;7;0;0;2;3;9;A01
201200034845;0;1;0;0;2;4;1;B01
201200034846;0;30;0;0;2;1;1;B01
201200034846;0;7;0;0;2;3;15;A01
201200034847;0;7;0;0;2;3;1;A01
201200034847;0;7;0;0;2;3;1;B01
201200034848;0;2;0;0;1;1;1;A01
201200034849;0;7;0;0;2;1;1;A01
201200034849;0;7;0;0;2;4;23;B01
201200034850;0;7;0;0;1;1;1;A01
201200034851;0;33;0;0;2;1;1;A01
201200034851;0;1;0;0;2;1;15;B01
201200034852;0;7;0;0;2;4;2;C01
201200034852;0;7;0;0;2;4;2;B01
201200034852;0;7;0;0;2;1;2;A01
201200034853;0;7;0;0;1;1;1;A01
201200034854;0;7;0;0;2;1;1;A01
201200034854;0;7;0;0;2;4;23;B01
201200034854;0;7;0;0;2;4;23;C01
201200034855;0;7;0;0;2;5;1;B01
201200034855;0;7;0;0;2;3;1;A01
201200034855;0;7;0;0;2;1;1;C01
201200034856;0;7;0;0;2;3;10;A01
201200034856;0;7;0;0;2;1;1;B01
201200034857;0;7;0;0;1;1;1;A01
201200034858;0;7;0;0;0;9;1;A01
201200034859;0;1;0;0;2;4;1;B01
201200034859;0;7;0;0;2;1;16;A01
201200034860;0;1;0;0;2;1;1;B01
201200034860;0;7;0;0;2;1;15;A01
201200034861;0;2;0;0;2;8;1;B01
201200034861;0;7;0;0;2;1;15;A01
201200034862;0;7;0;0;2;1;1;B01
201200034862;0;32;0;0;2;3;15;A01
201200034863;0;31;0;0;2;1;2;A01
201200034863;0;7;0;0;2;5;1;B01
201200034864;0;1;0;0;2;1;1;B01
201200034864;0;7;0;0;2;3;9;A01
201200034865;0;7;0;0;2;4;15;B01
201200034865;0;7;0;0;2;1;1;A01
201200034866;0;7;0;0;2;4;23;B01
201200034866;0;30;0;0;2;1;0;A01
201200034867;0;7;0;0;2;1;2;A01
201200034867;0;7;0;0;2;4;1;B01
201200034868;0;7;0;0;2;1;2;A01
201200034868;0;7;0;0;2;4;1;B01
201200034869;0;30;0;0;2;1;1;B01
201200034869;1;7;0;0;2;1;15;A01
201200034870;0;7;0;0;2;4;2;C01
201200034870;0;7;0;0;2;4;23;D01
201200034870;0;7;0;0;2;4;2;B01
201200034870;0;7;0;0;2;1;1;A01
201200034871;0;2;0;0;2;7;12;B01
201200034871;0;7;0;0;2;8;9;A01
201200034872;0;7;0;0;2;7;1;A01
201200034873;0;7;0;0;1;7;1;A01
201200034874;0;7;0;0;2;1;15;A01
201200034874;0;32;0;0;2;2;1;B01
201200034875;0;7;0;0;1;1;1;A01
201200034876;0;33;0;0;2;1;17;A01
201200034876;0;7;0;0;2;8;15;B01
201200034877;0;7;0;0;2;1;1;B01
201200034877;0;7;0;0;2;1;15;A01
201200034878;0;7;0;0;2;1;2;A01
201200034878;0;7;0;0;2;4;23;B01
201200034879;0;7;0;0;2;3;15;A01
201200034879;0;31;0;0;2;1;1;B01
201200034880;0;30;0;3;0;0;14;A01
201200034881;0;2;0;0;2;1;1;B01
201200034881;0;7;0;0;2;3;16;A01
201200034882;0;2;0;0;1;1;1;A01
201200034883;0;7;0;0;2;4;1;B01
201200034883;0;7;0;0;2;1;2;A01
201200034884;0;7;0;0;2;8;9;A01
201200034884;0;33;0;0;2;1;1;B01
201200034885;0;7;0;0;2;8;9;A01
201200034885;0;33;0;0;2;7;1;B01
201200034886;0;7;0;0;2;1;2;A01
201200034886;0;7;0;0;2;4;1;B01
201200034887;0;2;0;0;2;1;2;A01
201200034887;0;7;0;0;2;5;1;B01
201200034888;0;30;0;0;2;1;17;A01
201200034888;0;7;0;0;2;8;15;B01
201200034889;0;2;0;0;1;1;17;A01
201200034890;0;7;0;0;2;3;15;A01
201200034890;0;31;0;0;2;1;1;B01
201200034891;0;7;0;16;0;0;13;A01
201200034892;0;7;0;0;2;3;15;A01
201200034892;0;30;0;0;2;1;1;B01
201200034893;0;7;0;0;2;3;1;B01
201200034893;0;7;0;0;2;3;1;A01
201200034894;0;7;0;0;2;1;2;A01
201200034894;0;7;0;0;2;4;1;B01
201200034895;0;2;0;0;2;1;17;B01
201200034895;0;7;0;0;2;3;15;A01
201200034896;0;2;0;0;2;1;2;A01
201200034896;0;7;0;0;2;4;1;B01
201200034897;0;7;0;0;1;4;20;A01
201200034898;0;7;0;0;2;2;9;B01
201200034898;0;7;0;0;2;1;1;A01
201200034899;0;30;0;0;2;1;1;B01
201200034899;0;7;0;0;2;1;19;A01
201200034900;0;7;0;0;2;1;13;A01
201200034900;0;14;0;0;2;8;1;B01
201200034901;0;14;0;0;2;3;0;B01
201200034901;0;7;0;0;2;1;13;A01
201200034902;0;7;0;0;2;4;15;C01
201200034902;0;7;0;0;2;1;2;A01
201200034902;0;7;0;0;2;4;2;B01
201200034903;0;1;0;0;2;3;15;A01
201200034903;0;1;0;0;2;2;1;B01
201200034904;0;2;0;9;0;7;1;A01
201200034905;0;7;0;0;2;6;15;B01
201200034905;0;2;0;0;2;1;17;A01
201200034906;0;7;0;0;2;1;9;A01
201200034906;0;1;0;0;2;2;1;B01
201200034907;0;7;0;0;2;1;2;A01
201200034907;0;7;0;0;2;4;1;B01
201200034908;0;7;0;0;2;3;1;B01
201200034908;0;30;0;0;2;1;13;A01
201200034909;0;7;0;0;2;3;1;B01
201200034909;0;2;0;0;2;1;9;A01
201200034910;0;7;0;0;2;3;1;B01
201200034910;0;7;0;0;2;8;9;A01
201200034911;0;7;0;0;2;2;1;B01
201200034911;0;7;0;0;2;3;15;A01
201200034912;0;33;0;0;2;7;17;B01
201200034912;0;7;0;0;2;1;15;A01
201200034913;0;7;0;0;2;4;2;B01
201200034913;0;7;0;0;2;1;2;A01
201200034914;0;7;0;0;2;8;1;B01
201200034914;0;7;0;0;2;3;13;A01
201200034915;0;7;0;0;2;4;1;B01
201200034915;0;7;0;0;2;1;2;A01
201200034916;0;7;0;0;2;4;23;B01
201200034916;0;7;0;0;2;1;2;A01
201200034917;0;30;0;0;2;1;17;A01
201200034917;0;30;0;0;2;8;15;B01
201200034918;0;32;0;0;2;1;2;A01
201200034918;0;7;0;0;2;5;9;B01
201200034919;0;7;0;13;0;3;13;A01
201200034920;0;7;0;0;2;4;1;B01
201200034920;0;7;0;0;2;1;2;A01
201200034921;0;7;0;0;1;7;1;A01
201200034922;0;2;0;0;2;1;17;B01
201200034922;0;7;0;0;2;8;15;A01
201200034923;0;7;0;0;1;3;16;A01
201200034924;0;7;0;0;2;1;2;A01
201200034924;0;7;0;0;2;4;1;B01
201200034924;0;7;0;0;2;4;1;C01
201200034925;0;1;0;0;2;8;1;A01
201200034926;0;33;0;13;0;1;14;A01
201200034927;0;7;0;0;2;2;1;A01
201200034927;0;7;0;0;2;2;1;B01
201200034928;0;7;0;0;2;4;1;B01
201200034928;0;7;0;0;2;1;2;A01
201200034929;0;2;0;0;2;1;17;A01
201200034930;0;7;0;0;2;1;2;A01
201200034930;0;7;0;0;2;4;1;B01
201200034930;0;7;0;0;2;4;1;C01
201200034931;0;7;0;0;2;1;1;B01
201200034931;0;7;0;0;2;1;15;A01
201200034932;0;7;0;0;0;4;23;B01
201200034932;0;7;0;0;2;1;2;A01
201200034933;0;32;0;0;2;2;17;A01
201200034933;0;33;0;1;2;3;1;B01
201200034934;0;2;0;0;2;1;17;A01
201200034934;0;7;0;0;2;3;15;B01
201200034935;0;33;0;0;2;1;1;B01
201200034935;0;33;0;0;2;3;15;A01
201200034936;0;7;0;0;2;2;9;A01
201200034936;0;33;0;0;2;1;1;B01
201200034937;0;7;0;0;1;2;1;A01
201200034938;0;31;0;0;2;2;1;B01
201200034938;0;7;0;0;2;1;15;A01
201200034939;0;7;0;0;2;5;15;B01
201200034939;0;2;0;0;2;1;2;A01
201200034940;0;30;0;0;0;8;1;B01
201200034940;0;7;0;0;0;0;15;A01
201200034941;0;33;0;0;2;1;1;B01
201200034941;0;7;0;0;2;1;1;A01
201200034942;0;7;0;0;2;3;15;A01
201200034942;0;1;0;0;2;1;1;B01
201200034943;0;7;0;0;2;1;2;A01
201200034943;0;7;0;0;0;4;23;B01
201200034944;0;1;0;0;2;1;0;B01
201200034944;0;7;0;0;9;2;19;A01
201200034945;0;2;0;0;2;1;17;A01
201200034945;0;7;0;0;2;3;15;B01
201200034946;0;7;0;1;2;1;2;A01
201200034946;0;7;0;0;2;4;1;B01
201200034947;0;34;0;16;0;7;1;A01
201200034948;0;2;0;0;2;3;15;A01
201200034948;1;30;0;0;2;1;17;Z01
201200034949;0;7;0;0;0;9;0;A01
201200034950;0;2;0;0;2;1;1;A01
201200034950;0;7;0;0;2;3;1;C01
201200034950;0;7;0;0;2;6;23;B01
201200034951;0;7;0;0;2;1;13;A01
201200034951;0;7;0;0;2;1;1;B01
201200034952;0;7;0;0;2;0;0;A01
201200034952;0;7;0;0;9;1;1;B01
201200034953;0;10;0;0;2;3;9;A01
201200034953;0;30;0;0;2;1;2;B01
201200034954;0;7;0;0;2;4;13;A01
201200034954;0;7;0;0;2;1;1;B01
201200034955;0;7;0;0;1;2;1;A01
201200034956;0;2;0;0;2;1;1;B01
201200034956;0;7;0;0;2;3;15;A01
201200034957;0;7;0;0;2;3;13;A01
201200034957;0;14;0;0;2;6;15;B01
201200034958;0;7;0;0;2;4;14;A01
201200034958;0;7;0;0;2;1;1;B01
201200034959;0;7;0;0;0;4;2;C01
201200034959;0;7;0;0;2;1;2;B01