num_acc;senc;catv;occutc;obs;obsm;choc;manv;num_veh
201200035300;0;2;0;0;2;1;1;A01
201200035301;0;7;0;0;2;1;13;A01
201200035301;0;7;0;0;2;1;21;B01
201200035302;0;7;0;0;2;1;9;A01
201200035302;0;7;0;0;2;8;15;B01
201200035303;0;7;0;0;2;1;9;A01
201200035303;0;7;0;0;2;7;1;B01
201200035304;0;7;0;0;2;1;21;B01
201200035304;0;7;0;0;2;6;21;C01
201200035304;0;7;0;0;2;3;13;A01
201200035305;0;7;0;0;2;1;1;A01
201200035305;0;7;0;0;2;4;23;B01
201200035306;0;33;0;0;2;1;1;A01
201200035306;0;7;0;0;2;3;9;B01
201200035307;0;7;0;0;2;3;15;B01
201200035307;0;32;0;0;2;1;17;A01
201200035308;0;7;0;0;2;3;23;B01
201200035308;0;1;0;0;2;1;1;A01
201200035309;0;7;0;0;2;1;9;A01
201200035309;0;2;0;0;2;7;21;B01
201200035310;0;7;0;6;0;2;13;A01
201200035310;0;7;0;0;2;6;23;B01
201200035311;0;7;0;0;2;4;23;C01
201200035311;0;7;0;0;2;1;1;A01
201200035311;0;30;0;0;2;4;23;B01
201200035312;0;30;0;0;2;1;10;A01
201200035312;0;7;0;0;2;1;1;B01
201200035313;0;30;0;0;2;1;1;A01
201200035313;0;7;0;0;2;8;1;B01
201200035314;0;7;0;0;1;4;4;A01
201200035315;0;7;0;0;2;1;2;A01
201200035315;0;7;0;0;2;4;2;B01
201200035316;0;7;0;0;2;7;1;B01
201200035316;0;1;0;0;2;1;1;A01
201200035317;0;33;0;16;0;7;1;B01
201200035317;0;17;0;0;2;3;5;A01
201200035318;0;7;0;0;2;2;15;A01
201200035318;0;33;0;0;2;1;21;B01
201200035319;0;7;0;0;1;3;1;A01
201200035320;0;7;0;0;2;3;1;B01
201200035320;0;1;0;0;2;1;9;A01
201200035321;1;7;0;0;0;0;0;A01
201200035322;0;7;0;0;2;4;2;D01
201200035322;0;7;0;0;2;1;2;A01
201200035322;0;7;0;0;2;4;2;B01
201200035322;0;7;0;0;2;4;2;C01
201200035323;0;7;0;0;2;4;2;B01
201200035323;0;7;0;0;2;1;2;A01
201200035323;0;7;0;0;2;4;2;C01
201200035324;1;30;0;0;1;1;1;A01
201200035325;0;7;0;1;0;1;13;A01
201200035326;0;30;0;0;2;1;16;B01
201200035326;1;7;0;0;2;0;1;A01
201200035327;0;7;0;0;1;4;4;A01
201200035328;0;7;0;0;2;1;15;A01
201200035328;0;7;0;0;2;3;1;B01
201200035329;0;7;0;0;1;2;21;A01
201200035330;1;7;0;0;2;1;9;A01
201200035330;0;7;0;0;2;7;1;B01
201200035331;0;30;0;0;2;7;1;A01
201200035331;0;7;0;0;2;1;16;B01
201200035332;0;7;0;0;2;3;21;B01
201200035332;0;7;0;0;2;2;15;A01
201200035333;0;7;0;0;2;4;1;B01
201200035333;0;7;0;0;2;1;1;A01
201200035334;0;7;0;0;2;7;16;B01
201200035334;0;33;0;0;2;1;18;A01
201200035335;0;7;0;0;2;1;21;B01
201200035335;0;7;0;0;2;6;13;A01
201200035336;0;7;0;0;1;3;1;A01
201200035337;0;7;0;2;0;1;0;A01
201200035338;0;7;0;0;2;1;1;A01
201200035338;0;7;0;0;2;1;0;B01
201200035338;0;7;0;0;2;3;1;C01
201200035339;0;33;0;0;2;2;12;A01
201200035339;0;7;0;0;2;3;1;B01
201200035340;0;7;0;0;2;1;5;A01
201200035340;0;7;0;0;2;1;5;B01
201200035341;0;7;0;0;1;2;1;A01
201200035342;0;7;0;0;1;1;1;A01
201200035343;1;7;0;0;1;2;0;A01
201200035344;0;7;0;0;1;1;1;A01
201200035345;0;10;0;0;1;3;1;A01
201200035346;0;39;0;0;2;1;0;B01
201200035346;0;3;0;0;0;8;0;A01
201200035347;0;7;0;0;2;2;21;A01
201200035347;0;1;0;0;2;7;19;B01
201200035348;0;2;0;0;2;1;21;B01
201200035348;0;7;0;0;2;3;19;A01
201200035349;0;33;0;0;2;3;1;B01
201200035349;0;7;0;0;2;3;15;A01
201200035350;0;2;0;0;2;1;13;A01
201200035350;0;7;0;0;2;3;17;B01
201200035351;0;7;0;15;0;3;0;A01
201200035352;0;7;0;0;2;3;1;B01
201200035352;0;7;0;0;2;1;13;A01
201200035353;0;7;0;0;2;3;1;B01
201200035353;0;1;0;0;2;1;19;A01
201200035354;0;7;0;0;1;4;4;A01
201200035355;0;7;0;0;1;1;1;A01
201200035356;0;36;0;6;9;1;15;A01
201200035357;0;7;0;0;2;3;15;A01
201200035357;0;30;0;0;2;1;21;B01
201200035358;0;33;0;0;2;6;1;B01
201200035358;0;7;0;0;2;3;15;A01
201200035359;0;7;0;2;0;1;0;A01
201200035360;0;7;0;0;2;1;1;A01
201200035360;0;7;0;0;2;3;9;B01
201200035361;0;1;0;0;2;7;19;B01
201200035361;0;7;0;0;2;3;15;A01
201200035362;0;7;0;4;0;1;1;A01
201200035363;0;1;0;0;2;1;1;B01
201200035363;0;7;0;0;2;1;15;A01
201200035364;0;7;0;0;2;1;15;A01
201200035364;0;7;0;0;1;3;1;B01
201200035365;0;7;0;0;2;1;1;A01
201200035365;0;7;0;0;2;7;1;B01
201200035366;0;1;0;0;2;1;5;A01
201200035366;0;7;0;0;2;1;16;B01
201200035367;0;7;0;0;1;1;1;A01
201200035368;0;7;0;0;1;1;15;A01
201200035369;0;7;0;0;0;0;4;A01
201200035369;0;30;0;0;0;0;1;B01
201200035370;0;7;0;0;2;1;1;A01
201200035370;0;7;0;0;2;4;1;B01
201200035371;0;31;0;0;2;1;1;B01
201200035371;0;7;0;0;2;2;1;A01
201200035372;1;7;0;0;2;0;1;Z01
201200035372;0;1;0;0;2;0;1;B01
201200035373;0;7;0;6;0;1;1;A01
201200035374;0;1;0;0;2;7;1;B01
201200035374;0;7;0;0;2;8;22;A01
201200035375;0;7;0;0;2;4;23;B01
201200035375;0;7;0;14;0;1;2;A01
201200035376;0;7;0;0;2;2;1;B01
201200035376;0;7;0;0;2;2;15;A01
201200035377;0;7;0;0;2;4;2;B01
201200035377;0;2;0;0;2;1;2;A01
201200035378;0;30;0;0;2;1;1;B01
201200035378;0;7;0;0;2;5;15;A01
201200035379;0;7;0;1;;1;1;A01
201200035380;0;7;0;0;2;1;2;A01
201200035380;0;7;0;0;2;4;2;B01
201200035381;0;1;0;0;2;1;1;A01
201200035381;0;1;0;0;9;7;1;B01
201200035382;0;7;0;0;2;4;1;B01
201200035382;0;7;0;0;2;1;2;A01
201200035383;0;7;0;0;2;8;11;B01
201200035383;0;33;0;0;2;1;1;A01
201200035384;0;40;0;0;1;1;1;A01
201200035385;0;7;0;0;2;1;2;A01
201200035385;0;7;0;0;2;4;2;B01
201200035386;0;7;0;0;2;1;15;A01
201200035386;0;1;0;0;2;8;19;B01
201200035387;0;10;0;0;1;0;9;A01
201200035388;0;7;0;0;1;4;4;A01
201200035389;0;7;0;0;2;4;23;B01
201200035389;0;7;0;0;2;1;1;A01
201200035390;0;7;0;0;1;5;1;A01
201200035391;1;7;0;0;1;0;0;Z01
201200035392;0;7;0;0;1;1;1;A01
201200035393;0;7;0;0;2;3;20;B01
201200035393;0;1;0;0;2;1;1;A01
201200035394;0;7;0;0;2;5;23;A01
201200035394;0;1;0;0;2;1;1;B01
201200035395;0;7;0;0;2;4;1;D01
201200035395;0;7;0;0;2;4;1;B01
201200035395;0;7;0;0;2;4;1;C01
201200035395;0;7;0;0;2;1;1;A01
201200035396;0;7;0;0;1;7;1;A01
201200035397;0;7;0;0;2;8;1;B01
201200035397;0;7;0;0;2;2;1;A01
201200035398;0;7;0;0;2;4;2;C01
201200035398;0;10;0;0;2;4;2;B01
201200035398;0;10;0;0;2;1;2;A01
201200035399;1;1;0;0;1;1;1;Z01
201200035400;0;7;0;0;1;1;16;A01
201200035401;0;1;0;1;0;1;5;A01
201200035401;0;7;0;0;2;8;24;B01
201200035402;0;7;0;0;1;1;15;A01
201200035403;0;15;0;0;1;3;15;A01
201200035404;0;1;0;0;2;8;9;A01
201200035404;0;38;1;0;2;7;1;B01
201200035405;0;7;0;0;2;7;1;B01
201200035405;0;7;0;0;2;1;1;A01
201200035406;0;7;0;0;1;1;1;A01
201200035407;0;7;0;0;2;2;15;B01
201200035407;0;1;0;0;2;1;19;A01
201200035408;0;7;0;0;1;1;16;A01
201200035409;0;1;0;0;2;1;5;A01
201200035409;0;7;0;0;2;3;1;B01
201200035410;0;7;0;0;2;5;1;B01
201200035410;0;1;0;0;2;1;19;A01
201200035411;0;10;0;0;1;1;1;A01
201200035412;0;7;0;0;2;3;1;A01
201200035412;0;1;0;0;2;1;1;B01
201200035413;0;7;0;0;2;8;1;C01
201200035413;0;7;0;0;2;1;1;D01
201200035413;0;7;0;0;2;1;15;A01
201200035413;0;7;0;0;2;8;1;B01
201200035414;0;7;0;0;2;7;1;A01
201200035414;0;30;0;0;2;1;1;B01
201200035415;0;7;0;0;2;5;15;A01
201200035415;0;1;0;0;2;1;1;B01
201200035416;0;7;0;0;1;1;1;A01
201200035417;0;7;0;0;2;1;19;A01
201200035417;0;2;0;0;2;8;1;B01
201200035418;0;7;0;0;2;1;1;B01
201200035418;0;10;0;0;2;1;13;A01
201200035419;0;1;0;0;2;1;1;A01
201200035419;0;7;0;0;2;2;9;B01
201200035420;0;1;0;0;2;7;1;B01
201200035420;0;7;0;0;2;1;16;A01
201200035421;0;7;0;0;1;1;1;A01
201200035422;0;3;0;0;2;8;1;B01
201200035422;0;7;0;0;2;7;12;A01
201200035423;0;7;0;0;2;1;1;B01
201200035423;0;1;0;0;2;8;19;A01
201200035424;0;1;0;0;2;3;19;A01
201200035424;0;10;0;0;2;3;1;B01
201200035425;0;34;0;0;2;1;1;B01
201200035425;0;7;0;0;2;8;10;A01
201200035426;0;7;0;0;1;3;1;A01
201200035427;0;7;0;0;2;7;16;A01
201200035427;0;7;0;0;2;1;1;B01
201200035428;0;7;0;0;1;1;1;A01
201200035429;0;10;0;0;2;1;1;A01
201200035429;0;7;0;0;2;4;1;B01
201200035429;0;7;0;0;2;4;23;C01
201200035430;0;7;0;0;2;1;2;A01
201200035430;0;7;0;0;2;4;23;B01
201200035431;1;10;0;0;1;1;1;Z01
201200035432;0;30;0;0;2;1;1;B01
201200035432;0;10;0;0;2;3;15;A01
201200035433;0;1;0;0;2;8;1;A01
201200035433;0;7;0;0;2;7;2;B01
201200035434;0;7;0;0;2;4;1;B01
201200035434;0;7;0;0;2;1;1;A01
201200035435;0;7;0;0;1;7;1;A01
201200035436;0;2;0;0;2;1;1;A01
201200035436;0;7;0;0;2;8;15;B01
201200035437;0;1;0;0;2;1;19;B01
201200035437;0;7;0;0;2;1;15;A01
201200035438;0;1;0;0;2;1;1;A01
201200035438;0;7;0;0;2;3;1;B01
201200035439;0;1;0;0;2;1;1;B01
201200035439;0;7;0;0;2;2;15;A01
201200035440;0;7;0;8;0;1;16;A01
201200035441;0;7;0;0;2;7;15;A01
201200035441;0;7;0;0;2;1;1;B01
201200035442;0;7;0;0;2;1;1;B01
201200035442;0;7;0;0;2;1;15;A01
201200035443;0;7;0;0;2;1;1;B01
201200035443;0;7;0;0;2;1;1;A01
201200035444;0;1;0;0;2;2;1;B01
201200035444;0;7;0;0;2;4;4;A01
201200035445;0;32;0;0;2;1;1;A01
201200035445;0;7;0;0;2;2;1;B01
201200035446;0;1;0;0;1;1;0;A01
201200035447;0;7;0;0;2;4;10;A01
201200035447;0;30;0;0;2;1;1;B01
201200035448;0;1;0;0;1;1;1;A01
201200035449;0;7;0;0;2;2;17;A01
201200035449;0;7;0;0;2;8;15;B01
201200035450;0;40;0;0;2;2;1;B01
201200035450;0;7;0;0;2;3;15;A01
201200035451;0;7;0;0;2;1;17;A01
201200035451;0;33;0;0;2;1;1;B01
201200035452;0;2;0;6;0;1;0;A01
201200035453;0;7;0;0;2;3;15;A01
201200035453;0;2;0;0;2;1;21;B01
201200035454;0;10;0;0;2;4;23;B01
201200035454;0;7;0;0;2;1;1;A01
201200035454;0;7;0;0;2;4;23;C01
201200035454;0;7;0;0;2;4;23;D01
201200035455;0;38;2;0;2;7;15;B01
201200035455;0;7;0;0;2;1;1;A01
201200035456;0;7;0;0;2;2;10;A01
201200035456;0;7;0;0;2;1;1;B01
201200035457;0;1;0;0;2;0;1;A01
201200035457;1;1;0;0;0;0;0;Z01
201200035458;0;1;0;0;2;1;1;B01
201200035458;0;7;0;0;2;3;1;A01
201200035459;0;10;0;0;2;4;4;A01
201200035459;0;10;0;0;2;2;1;B01
201200035460;0;7;0;0;1;2;23;A01
201200035461;0;10;0;0;0;0;15;B01
201200035461;0;36;0;1;0;1;1;A01
201200035462;0;10;0;0;1;1;1;A01
201200035463;0;30;0;0;2;1;9;A01
201200035463;0;7;0;0;2;7;1;B01
201200035464;0;7;0;0;1;2;1;A01
201200035465;0;10;0;0;2;2;1;A01
201200035465;0;1;0;0;2;3;19;B01
201200035466;0;7;0;0;2;1;9;A01
201200035466;0;7;0;0;2;2;1;B01
201200035467;0;2;0;0;1;1;1;A01
201200035468;0;7;0;0;2;2;17;A01
201200035468;0;1;0;0;2;8;15;B01
201200035469;0;7;0;0;2;4;23;C01
201200035469;0;10;0;0;2;1;1;A01
201200035469;0;2;0;0;2;4;23;B01
201200035470;0;7;0;0;1;0;4;A01
201200035471;0;7;0;0;2;1;9;B01
201200035471;0;1;0;0;2;1;5;A01
201200035472;0;33;0;0;2;1;1;B01
201200035472;0;7;0;0;2;3;15;A01
201200035473;0;7;0;0;2;1;15;A01
201200035473;0;1;0;0;2;3;1;B01
201200035474;0;7;0;0;2;8;1;A01
201200035474;0;1;0;0;2;1;5;B01
201200035475;0;7;0;0;2;1;16;A01
201200035475;0;1;0;0;2;8;1;B01
201200035476;0;7;0;0;2;7;22;A01
201200035476;0;1;0;1;0;1;1;B01
201200035477;0;10;0;0;1;1;15;A01
201200035478;0;1;0;0;2;8;19;A01
201200035478;0;7;0;0;2;1;1;B01
201200035479;0;7;0;0;1;1;1;A01
201200035480;0;7;0;0;2;5;1;B01
201200035480;0;7;0;0;2;3;16;A01
201200035481;0;7;0;0;2;3;15;A01
201200035481;0;7;0;0;2;3;1;B01
201200035482;0;7;0;0;2;1;16;A01
201200035482;0;1;0;0;2;1;19;B01
201200035483;0;7;0;0;2;5;1;B01
201200035483;0;30;0;0;2;3;11;A01
201200035484;1;7;0;0;2;0;15;Z01
201200035484;0;32;0;0;2;2;1;B01
201200035485;0;40;0;0;1;1;1;A01
201200035486;0;7;0;0;2;3;16;A01
201200035486;0;1;0;0;2;1;1;B01
201200035487;0;7;0;0;2;3;15;A01
201200035487;0;32;0;0;2;1;1;B01
201200035487;0;10;0;0;2;3;23;C01
201200035488;0;7;0;0;2;3;1;B01
201200035488;0;1;0;0;2;1;15;A01
201200035489;0;10;0;0;2;5;1;B01
201200035489;0;10;0;0;2;1;1;A01
201200035490;0;7;0;0;2;2;15;A01
201200035490;0;33;0;0;2;1;1;B01
201200035491;0;7;0;0;2;1;15;B01
201200035491;0;7;0;0;2;1;1;A01
201200035492;0;7;0;0;1;2;15;A01
201200035493;0;7;0;1;0;1;1;A01
201200035494;0;40;0;0;1;2;1;A01
201200035495;0;7;0;0;2;8;15;B01
201200035495;0;1;0;0;2;1;19;A01
201200035496;1;32;0;0;1;1;1;Z01
201200035497;0;7;0;0;2;4;1;B01
201200035497;0;7;0;0;2;1;1;A01
201200035498;0;1;0;0;2;7;19;B01
201200035498;0;10;0;0;2;1;1;A01
201200035499;0;7;0;0;2;1;1;B01
201200035499;0;37;1;0;2;6;1;C01
201200035499;1;7;0;0;2;1;17;Z01
201200035500;0;7;0;0;2;3;23;A01
201200035500;0;1;0;0;2;1;1;B01
201200035501;0;7;0;0;1;1;1;A01
201200035502;0;7;0;0;2;3;24;C01
201200035502;0;7;0;1;2;1;1;A01
201200035502;0;7;0;0;2;3;1;B01
201200035503;1;33;0;0;1;1;1;Z01
201200035504;0;30;0;0;2;3;1;A01
201200035504;0;10;0;0;2;8;1;B01
201200035504;0;7;0;0;2;0;1;C01
201200035504;0;7;0;0;2;6;1;D01
201200035505;0;33;0;0;2;1;17;A01
201200035505;0;7;0;0;2;3;15;B01
201200035506;0;7;0;0;2;7;1;B01
201200035506;0;30;0;0;2;1;1;A01
201200035507;0;7;0;0;2;4;1;B01
201200035507;0;30;0;0;2;1;1;A01
201200035508;0;7;0;0;1;2;1;A01
201200035509;0;7;0;7;0;2;16;A01
201200035510;0;1;0;0;1;0;0;A01
201200035511;0;7;0;0;2;2;16;A01
201200035511;0;1;0;0;2;1;1;B01
201200035512;0;7;0;0;2;1;15;A01
201200035512;0;31;0;0;2;1;1;B01
201200035513;0;33;0;0;2;8;1;B01
201200035513;0;7;0;0;2;1;10;A01
201200035514;0;7;0;0;2;1;5;A01
201200035514;0;1;0;0;2;1;19;B01
201200035515;0;33;0;0;2;7;1;B01
201200035515;0;1;0;0;2;1;5;A01
201200035516;0;7;0;0;1;7;1;A01
201200035517;0;1;0;0;2;1;1;A01
201200035517;0;7;0;0;2;2;16;B01
201200035518;0;33;0;0;2;1;5;A01
201200035518;0;7;0;0;2;6;16;B01
201200035519;0;7;0;0;2;7;15;A01
201200035519;0;7;0;0;2;1;1;B01
201200035520;0;30;0;0;2;1;1;B01
201200035520;0;7;0;0;2;3;15;A01
201200035521;0;2;0;0;2;1;1;B01
201200035521;0;7;0;0;2;3;9;A01
201200035522;0;7;0;0;1;1;1;A01
201200035523;0;10;0;0;2;2;2;A01
201200035523;0;1;0;0;2;8;2;B01
201200035524;0;7;0;0;2;1;1;B01
201200035524;0;2;0;0;2;8;1;A01
201200035525;0;7;0;0;2;7;9;A01
201200035525;0;2;0;0;2;1;1;B01
201200035526;0;7;0;0;1;1;1;A01
201200035527;0;10;0;0;2;2;1;A01
201200035527;1;2;0;0;2;0;1;B01
201200035528;0;1;0;0;2;1;19;A01
201200035528;0;7;0;0;2;3;1;B01
201200035529;0;7;0;0;2;8;15;A01
201200035529;0;7;0;0;2;3;1;B01
201200035530;0;1;0;0;2;8;15;A01
201200035530;0;7;0;0;2;2;1;B01
201200035531;0;7;0;1;0;1;1;A01
201200035532;0;30;0;0;2;1;1;A01
201200035532;0;7;0;0;2;4;1;B01
201200035533;0;1;0;0;2;1;19;B01
201200035533;0;7;0;0;2;1;1;A01
201200035534;0;7;0;0;2;8;22;A01
201200035534;0;1;0;1;0;1;1;B01
201200035535;0;7;0;1;0;2;1;A01
201200035536;0;1;0;0;2;1;19;B01
201200035536;0;7;0;0;2;7;4;A01
201200035537;0;7;0;0;2;6;15;B01
201200035537;0;2;0;0;2;1;1;A01
201200035538;0;7;0;0;1;2;1;A01
201200035539;0;33;0;0;2;1;1;B01
201200035539;0;7;0;0;2;2;15;A01
201200035540;0;40;0;0;1;1;1;A01
201200035541;0;7;0;0;9;1;1;A01
201200035541;0;1;0;0;2;1;1;B01
201200035542;0;7;0;0;2;7;13;A01
201200035542;0;15;0;0;2;1;1;B01
201200035543;0;7;0;0;1;1;1;A01
201200035544;0;7;0;0;1;2;1;A01
201200035545;1;7;0;0;2;1;1;Z01
201200035545;0;2;0;0;2;4;1;B01
201200035546;0;2;0;0;2;8;1;A01
201200035546;0;7;0;0;2;1;1;B01
201200035547;0;1;0;0;2;1;15;A01
201200035547;0;7;0;0;2;3;1;B01
201200035548;0;7;0;9;0;1;1;A01
201200035549;0;7;0;15;0;1;1;A01
201200035550;0;38;47;0;2;2;1;B01
201200035550;0;1;0;0;2;1;1;A01
201200035551;0;7;0;0;2;2;15;A01
201200035551;0;30;0;0;2;1;1;B01
201200035552;0;10;0;0;1;1;1;A01
201200035553;0;7;0;0;1;1;1;A01
201200035554;0;7;0;2;0;1;1;A01
201200035555;0;7;0;0;2;6;0;A01
201200035555;0;7;0;0;2;2;1;B01
201200035556;0;7;0;0;2;3;1;A01
201200035556;0;1;0;0;2;7;1;B01
201200035557;0;7;0;0;2;1;1;A01
201200035557;0;7;0;0;2;8;15;B01
201200035558;0;7;0;0;2;3;15;B01
201200035558;1;2;0;0;2;1;1;A01
201200035559;0;1;0;0;2;1;1;B01
201200035559;0;7;0;0;2;3;16;A01
201200035560;1;7;0;0;2;1;1;Z01
201200035560;0;7;0;0;2;4;23;B01
201200035561;0;30;0;0;2;1;1;A01
201200035561;0;7;0;0;2;4;23;B01
201200035562;0;7;0;0;2;7;1;A01
201200035562;0;1;0;0;2;1;19;B01
201200035563;0;2;0;5;0;1;1;A01
201200035564;0;7;0;0;2;2;1;A01
201200035564;0;7;0;0;0;3;1;B01
201200035565;0;7;0;0;1;1;1;A01
201200035566;0;2;0;1;0;1;1;A01
201200035567;0;7;0;0;2;1;1;A01
201200035567;0;7;0;0;2;7;1;B01
201200035568;0;7;0;0;2;3;1;B01
201200035568;0;7;0;16;2;3;16;A01
201200035569;0;7;0;0;2;2;1;B01
201200035569;0;7;0;1;2;3;10;A01
201200035570;0;1;0;0;1;1;1;A01
201200035571;0;1;0;0;2;6;19;A01
201200035571;0;7;0;0;2;1;1;B01
201200035572;0;1;0;0;2;1;1;A01
201200035572;0;1;0;0;2;1;1;B01
201200035573;0;7;0;1;2;5;1;A01
201200035573;0;7;0;0;2;1;1;B01
201200035574;0;1;0;0;2;1;1;A01
201200035574;0;1;0;0;2;1;1;B01
201200035575;0;7;0;0;2;4;1;B01
201200035575;0;7;0;0;2;1;1;A01
201200035576;0;7;0;0;2;5;16;B01
201200035576;0;1;0;0;2;1;1;A01
201200035577;0;7;0;0;0;2;1;A01
201200035578;0;1;0;0;2;1;1;B01
201200035578;0;1;0;0;2;1;5;A01
201200035579;0;1;0;0;2;1;19;B01
201200035579;0;7;0;0;2;2;1;A01
201200035580;0;7;0;0;2;1;1;B01
201200035580;0;1;0;0;2;8;19;A01
201200035581;0;1;0;0;2;0;1;B01
201200035581;1;10;0;0;2;1;13;Z01
201200035582;0;7;0;0;2;1;1;A01
201200035582;0;7;0;0;2;4;1;B01
201200035583;0;7;0;0;2;1;1;A01
201200035583;0;7;0;0;2;4;1;B01
201200035584;0;7;0;0;2;4;1;C01
201200035584;0;10;0;0;2;1;1;A01
201200035584;0;7;0;0;2;4;23;B01
201200035585;0;7;0;0;2;2;1;B01
201200035585;1;30;0;0;2;1;11;A01
201200035586;0;7;0;0;2;4;23;B01
201200035586;2;7;0;0;2;1;1;A01
201200035587;0;7;0;0;2;6;23;A01
201200035587;0;7;0;0;2;3;9;B01
201200035588;0;1;0;0;0;4;1;A01
201200035589;0;2;0;0;2;1;1;A01
201200035589;0;7;0;0;2;4;23;B01
201200035590;0;1;0;0;1;1;5;A01
201200035591;0;7;0;0;2;1;1;B01
201200035591;0;10;0;0;2;8;15;A01
201200035592;0;7;0;0;2;2;15;A01
201200035592;0;1;0;0;2;1;5;B01
201200035593;0;7;0;0;2;4;2;B01
201200035593;0;7;0;0;2;1;23;C01
201200035593;0;7;0;0;2;1;2;A01
201200035594;0;7;0;0;1;1;1;A01
201200035595;0;2;0;0;2;1;1;A01
201200035595;0;7;0;0;2;8;1;B01
201200035596;0;32;0;0;2;7;1;B01
201200035596;0;7;0;0;2;3;1;C01
201200035596;0;7;0;0;0;0;0;A01
201200035597;0;40;0;0;1;1;1;A01
201200035598;0;2;0;15;0;1;1;A01
201200035599;1;1;0;0;1;1;1;Z01
201200035600;0;7;0;0;2;1;13;A01
201200035600;0;7;0;0;2;1;1;B01
201200035600;0;7;0;0;2;1;2;C01
201200035601;0;7;0;0;1;1;1;A01
201200035602;0;1;0;0;1;1;1;A01
201200035603;1;7;0;0;1;0;1;Z01
201200035604;0;7;0;0;2;1;2;A01
201200035604;0;7;0;0;0;4;2;B01
201200035605;0;31;0;0;2;1;1;B01
201200035605;0;7;0;0;2;3;15;A01
201200035606;0;2;0;0;2;5;1;B01
201200035606;0;7;0;0;2;3;9;A01
201200035607;0;1;0;0;2;7;2;A01
201200035607;0;1;0;0;2;8;2;B01
201200035608;1;15;0;0;2;1;1;Z01
201200035608;0;10;0;0;2;1;15;B01
201200035608;0;10;0;0;2;4;23;A01
201200035609;0;7;0;0;2;2;15;B01
201200035609;0;37;1;0;2;1;1;A01
201200035610;0;7;0;0;2;3;1;B01
201200035610;0;1;0;0;2;1;1;A01
201200035611;0;40;0;0;1;2;1;A01
201200035612;0;7;0;0;1;2;1;A01
201200035613;0;15;0;0;1;5;1;A01
201200035614;0;7;0;0;2;7;1;B01
201200035614;0;33;0;0;2;1;18;A01
201200035615;0;7;0;0;2;7;1;A01
201200035615;0;1;0;0;2;1;1;B01
201200035616;0;7;0;0;2;1;9;A01
201200035616;0;1;0;0;2;8;1;B01
201200035617;0;7;0;0;2;2;15;A01
201200035617;0;7;0;0;2;1;1;B01
201200035618;2;7;0;0;2;9;1;A01
201200035618;0;7;0;0;2;1;15;B01
201200035619;0;7;0;0;2;1;2;D01
201200035619;0;7;0;0;2;4;2;E01
201200035619;0;7;0;0;2;6;2;A01
201200035619;0;7;0;0;2;1;2;F02
201200035619;0;7;0;0;2;2;2;B01
201200035619;0;7;0;0;2;4;2;C01
201200035620;0;7;0;0;2;1;1;A01
201200035620;0;1;0;0;2;7;19;B01
201200035621;0;7;0;0;2;1;2;B01
201200035621;0;7;0;0;2;4;2;A01
201200035622;0;7;0;0;1;3;1;A01
201200035623;0;30;0;0;2;7;16;B01
201200035623;0;7;0;0;2;8;0;A01
201200035624;0;7;0;0;2;3;15;A01
201200035624;0;1;0;0;2;1;1;B01
201200035625;0;7;0;0;2;1;15;A01
201200035625;0;2;0;0;2;8;1;B01
201200035626;0;32;0;0;2;1;2;A01
201200035626;0;7;0;0;2;4;2;B01
201200035627;0;1;0;0;1;1;2;A01
201200035628;0;7;0;0;2;4;2;B01
201200035628;0;10;0;0;2;1;2;A01
201200035629;0;7;0;0;2;8;1;B01
201200035629;0;33;0;0;2;8;1;A01
201200035630;0;7;0;0;1;1;15;A01
201200035631;0;1;0;0;0;0;0;A01
201200035632;0;7;0;0;2;7;22;A01
201200035632;0;1;0;1;2;1;1;B01
201200035633;0;30;0;0;2;2;1;A01
201200035633;0;10;0;0;2;2;0;B01
201200035634;0;7;0;0;1;8;1;A01
201200035635;0;7;0;0;1;1;15;A01
201200035636;0;7;0;0;2;2;16;A01
201200035636;0;1;0;0;2;7;1;B01
201200035637;0;7;0;0;2;1;16;A01
201200035637;0;1;0;0;2;8;19;B01
201200035638;0;1;0;0;2;8;19;B01
201200035638;0;7;0;0;2;1;15;A01
201200035639;1;7;0;0;0;0;0;Z01
201200035640;0;7;0;1;0;1;1;A01
201200035640;0;7;0;0;2;3;15;B01
201200035641;1;2;0;0;1;1;1;Z01
201200035642;0;7;0;6;0;1;1;A01
201200035643;0;7;0;0;2;8;1;B01
201200035643;0;10;0;0;2;1;15;A01
201200035644;0;2;0;0;2;4;20;B01
201200035644;0;1;0;0;2;1;1;A01
201200035645;0;1;0;1;0;1;1;B01
201200035645;0;7;0;0;2;8;24;A01
201200035646;0;33;0;0;1;3;1;A01
201200035647;0;33;0;0;2;1;1;B01
201200035647;0;1;0;0;2;4;1;A01
201200035648;0;7;0;0;2;1;1;A01
201200035648;0;32;0;0;2;4;1;B01
201200035649;0;34;0;0;2;3;1;B01
201200035649;0;7;0;0;2;5;1;A01
201200035650;0;1;0;0;2;3;1;A01
201200035650;0;7;0;0;2;5;16;B01
201200035651;0;7;0;0;2;3;1;A01
201200035651;0;30;0;0;2;3;13;B01
201200035652;0;30;0;0;2;7;1;A01
201200035652;0;7;0;0;2;6;1;B01
201200035653;0;33;0;0;2;1;17;A01
201200035653;0;7;0;0;2;3;15;B01
201200035654;0;2;0;0;2;5;17;A01
201200035654;0;7;0;0;2;8;15;B01
201200035655;0;7;0;0;2;1;2;A01
201200035655;0;7;0;0;2;4;2;B01
201200035656;0;7;0;0;2;2;1;B01
201200035656;0;7;0;0;2;1;1;A01