num_acc;senc;catv;occutc;obs;obsm;choc;manv;num_veh
201200035657;1;99;0;0;1;1;1;Z01
201200035658;0;7;0;0;1;2;16;A01
201200035659;0;1;0;0;2;1;1;A01
201200035659;0;10;0;0;2;2;1;B01
201200035660;0;7;0;0;2;3;9;A01
201200035660;0;30;0;0;2;1;1;B01
201200035661;0;1;0;0;2;4;1;B01
201200035661;0;2;0;0;2;1;17;A01
201200035662;0;7;0;0;2;1;1;B01
201200035662;0;7;0;0;2;7;1;A01
201200035663;0;7;0;0;2;7;15;A01
201200035663;0;33;0;0;2;1;1;B01
201200035664;0;30;0;0;2;1;17;B01
201200035664;0;7;0;0;2;3;15;A01
201200035665;0;7;0;9;0;1;1;A01
201200035666;0;33;0;0;2;1;1;B01
201200035666;0;7;0;0;2;5;12;A01
201200035667;0;31;0;0;2;6;1;A01
201200035667;0;7;0;0;2;2;1;B01
201200035668;0;7;0;1;0;1;1;A01
201200035669;0;33;0;0;2;7;1;A01
201200035669;1;7;0;0;2;1;1;B01
201200035670;0;30;0;14;0;1;1;A01
201200035671;0;7;0;0;2;1;5;A01
201200035671;0;7;0;0;2;1;1;B01
201200035672;0;7;0;0;2;4;1;B01
201200035672;0;7;0;0;2;1;1;A01
201200035673;0;40;0;0;1;1;1;A01
201200035674;0;1;0;0;2;2;19;A01
201200035674;0;7;0;2;2;3;1;B01
201200035675;0;7;0;0;2;1;9;B01
201200035675;0;7;0;0;2;3;1;A01
201200035676;0;1;0;1;0;2;1;B01
201200035676;0;7;0;0;2;8;24;A01
201200035677;0;7;0;0;1;1;14;A01
201200035678;0;7;0;9;0;3;1;A01
201200035679;0;7;0;0;2;1;16;B01
201200035679;0;7;0;2;2;8;1;A01
201200035680;0;30;0;0;2;1;1;A01
201200035680;0;7;0;0;2;3;15;B01
201200035681;0;1;0;0;1;1;15;A01
201200035682;0;30;0;0;2;1;1;A01
201200035682;0;7;0;0;2;6;1;B01
201200035683;0;1;0;0;2;1;1;B01
201200035683;0;7;0;0;2;8;24;A01
201200035684;0;7;0;0;2;1;2;A01
201200035684;0;10;0;0;2;4;2;B01
201200035685;0;7;0;0;1;1;1;A01
201200035686;0;7;0;0;2;1;1;B01
201200035686;0;7;0;0;2;1;1;A01
201200035687;0;1;0;0;2;1;18;A01
201200035687;1;7;0;0;2;1;1;Z01
201200035688;0;7;0;0;2;1;15;A01
201200035688;0;7;0;0;2;2;1;B01
201200035689;0;31;0;0;2;1;1;A01
201200035689;0;7;0;0;2;6;1;B01
201200035690;0;7;0;0;2;8;10;B01
201200035690;0;7;0;0;2;1;2;A01
201200035691;0;7;0;0;2;3;1;B01
201200035691;0;7;0;0;2;1;1;A01
201200035692;0;7;0;0;2;5;9;A01
201200035692;0;33;0;0;2;1;1;B01
201200035693;0;2;0;0;9;1;1;A01
201200035694;0;37;1;0;0;0;1;C01
201200035694;1;10;0;0;2;3;15;A01
201200035694;0;37;3;0;2;4;15;B01
201200035695;0;7;0;0;2;3;10;A01
201200035695;0;33;0;0;2;2;1;B01
201200035696;0;2;0;0;2;1;1;A01
201200035696;0;7;0;0;2;4;1;B01
201200035697;0;31;0;0;2;1;1;B01
201200035697;0;7;0;0;2;1;15;A01
201200035698;0;37;1;0;2;5;0;C01
201200035698;1;30;0;0;2;0;0;Z01
201200035698;0;1;0;0;2;1;1;B01
201200035699;0;7;0;0;1;2;1;A01
201200035700;0;7;0;0;2;2;1;A01
201200035700;0;1;0;0;2;0;19;B01
201200035701;0;7;0;0;2;2;1;A01
201200035701;0;1;0;0;2;6;16;B01
201200035702;0;7;0;0;1;3;1;A01
201200035703;0;7;0;0;2;4;23;B01
201200035703;0;7;0;0;2;1;1;A01
201200035704;0;7;0;0;1;1;1;A01
201200035705;1;7;0;0;1;1;16;Z01
201200035706;0;7;0;0;2;1;1;A01
201200035706;0;7;0;0;2;4;23;C01
201200035706;0;7;0;0;2;4;23;B01
201200035707;0;2;0;0;2;8;15;A01
201200035707;0;7;0;0;2;1;1;B01
201200035708;0;2;0;0;2;1;1;A01
201200035708;0;7;0;0;2;3;15;B01
201200035709;0;1;0;0;1;1;1;A01
201200035710;0;7;0;0;2;2;1;B01
201200035710;0;2;0;0;2;1;15;A01
201200035711;0;40;0;0;2;1;1;B01
201200035711;0;1;0;0;4;1;15;A01
201200035712;0;7;0;0;1;1;1;A01
201200035713;0;2;0;0;0;3;1;A01
201200035714;0;10;0;0;2;2;1;B01
201200035714;0;7;0;0;2;8;15;A01
201200035715;0;7;0;0;2;2;1;B01
201200035715;0;33;0;0;2;3;1;A01
201200035716;0;1;0;0;2;1;15;A01
201200035716;0;1;0;0;2;1;16;B01
201200035717;0;10;0;0;2;2;1;A01
201200035717;0;1;0;0;2;1;1;B01
201200035718;0;7;0;0;1;2;1;A01
201200035719;0;7;0;0;2;3;1;B01
201200035719;0;3;0;0;2;2;1;A01
201200035720;0;7;0;0;2;2;1;B01
201200035720;0;2;0;0;2;8;1;A01
201200035721;0;7;0;0;2;1;16;A01
201200035721;0;1;0;0;2;0;1;B01
201200035722;0;7;0;0;2;1;16;A01
201200035722;0;1;0;0;2;1;0;B01
201200035723;1;7;0;0;2;7;0;Z01
201200035723;0;2;0;0;2;8;1;A01
201200035724;0;37;48;0;2;2;15;B01
201200035724;0;7;0;0;2;3;10;A01
201200035725;0;7;0;0;2;1;1;B01
201200035725;0;1;0;0;2;5;1;A01
201200035726;0;15;0;0;2;7;15;A01
201200035726;0;2;0;0;2;1;1;B01
201200035727;0;7;0;0;1;2;15;A01
201200035728;0;7;0;0;2;4;14;A01
201200035728;0;1;0;0;2;3;1;B01
201200035729;0;7;0;0;2;3;15;A01
201200035729;0;1;0;0;2;1;19;B01
201200035730;0;7;0;0;2;1;1;A01
201200035730;0;2;0;0;2;8;1;B01
201200035731;0;1;0;0;2;0;19;A01
201200035731;0;7;0;0;2;1;1;B01
201200035732;0;10;0;0;2;8;15;A01
201200035732;0;10;0;0;2;8;1;B01
201200035733;1;99;0;0;0;0;0;A01
201200035734;0;2;0;0;2;1;1;A01
201200035734;0;7;0;0;2;7;15;B01
201200035735;0;7;0;0;2;6;18;B01
201200035735;0;1;0;0;2;1;1;A01
201200035736;0;7;0;0;2;3;15;A01
201200035736;0;1;0;0;2;1;1;B01
201200035737;0;37;20;0;1;8;15;A01
201200035738;0;7;0;0;2;3;13;A01
201200035738;0;7;0;0;2;3;17;B01
201200035739;0;1;0;0;2;1;19;B01
201200035739;0;7;0;0;2;1;1;A01
201200035740;0;7;0;0;2;1;12;A01
201200035740;0;1;0;0;2;7;19;B01
201200035741;0;1;0;0;2;1;1;A01
201200035741;0;7;0;0;2;3;15;B01
201200035742;0;7;0;0;2;7;1;C01
201200035742;0;7;0;0;2;4;1;B01
201200035742;0;14;0;0;2;1;1;A01
201200035743;0;3;0;14;0;1;1;A01
201200035743;0;7;0;0;2;4;23;B01
201200035744;0;7;0;0;2;1;16;A01
201200035744;0;1;0;0;2;1;19;B01
201200035745;0;31;0;0;2;7;1;B01
201200035745;0;7;0;0;2;8;15;A01
201200035746;0;2;0;0;0;7;15;A01
201200035747;0;1;0;0;2;1;1;B01
201200035747;0;1;0;0;2;4;15;A01
201200035748;0;1;0;0;4;7;19;A01
201200035748;0;40;0;0;2;1;1;B01
201200035749;0;7;0;0;9;3;1;A01
201200035750;0;7;0;1;2;5;1;B01
201200035750;0;7;0;0;2;1;1;A01
201200035751;0;7;0;0;2;3;19;A01
201200035751;0;1;0;0;2;1;1;B01
201200035752;0;7;0;0;1;2;1;A01
201200035753;0;31;0;0;2;1;1;A01
201200035753;0;3;0;0;2;3;1;B01
201200035754;0;1;0;0;2;1;1;B01
201200035754;0;7;0;0;2;7;17;A01
201200035755;0;33;0;0;2;1;1;A01
201200035755;0;7;0;0;2;5;15;B01
201200035756;0;1;0;0;2;4;1;A01
201200035756;0;7;0;0;2;2;1;B01
201200035757;0;7;0;0;2;8;15;A01
201200035757;0;32;0;0;2;7;17;B01
201200035758;0;14;0;0;1;7;1;A01
201200035759;0;7;0;0;2;1;1;C01
201200035759;0;7;0;0;2;1;15;A01
201200035759;0;33;0;0;2;1;1;B01
201200035760;0;7;0;0;2;2;3;A01
201200035760;0;7;0;0;2;3;1;B01
201200035761;0;30;0;15;0;1;0;A01
201200035762;1;2;0;0;1;1;1;Z01
201200035763;0;7;0;0;2;1;1;B01
201200035763;0;7;0;0;2;7;1;A01
201200035764;1;33;0;0;2;1;15;Z01
201200035764;0;1;0;0;2;4;19;A01
201200035765;0;2;0;0;2;1;1;B01
201200035765;0;10;0;0;2;1;15;A01
201200035766;0;40;0;0;1;1;1;A01
201200035767;0;7;0;0;2;1;12;A01
201200035767;0;31;0;0;2;2;15;B01
201200035768;0;7;0;8;0;1;1;A01
201200035769;0;31;0;14;2;0;1;A01
201200035769;0;7;0;0;2;1;1;B01
201200035770;0;10;0;0;1;1;1;A01
201200035771;0;30;0;0;2;8;18;A01
201200035771;0;14;0;0;2;7;16;B01
201200035772;0;7;0;0;2;7;12;A01
201200035772;0;31;0;0;2;8;1;B01
201200035773;0;7;0;0;2;1;0;A01
201200035773;0;1;0;0;2;8;0;B01
201200035774;0;40;0;0;1;2;1;A01
201200035775;0;7;0;0;2;2;1;B01
201200035775;0;7;0;0;2;1;15;A01
201200035776;1;7;0;0;2;0;1;Z01
201200035776;0;7;0;0;2;3;13;A01
201200035777;0;10;0;0;2;3;1;C01
201200035777;0;7;0;0;2;3;1;A01
201200035777;0;7;0;0;2;4;1;B01
201200035778;0;7;0;0;2;1;15;A01
201200035778;0;2;0;0;2;1;0;B01
201200035779;0;1;0;0;1;1;19;A01
201200035780;0;30;0;5;0;1;1;A01
201200035781;0;1;0;0;2;1;19;A01
201200035781;0;7;0;0;2;3;1;B01
201200035782;0;7;0;0;2;8;1;B01
201200035782;0;2;0;0;2;1;1;A01
201200035783;0;10;0;0;2;8;20;A01
201200035783;0;7;0;0;2;2;1;B01
201200035784;0;10;0;0;1;2;16;A01
201200035785;0;7;0;0;1;8;15;A01
201200035786;0;7;0;0;2;3;15;A01
201200035786;0;7;0;0;2;1;1;B01
201200035787;0;7;0;0;1;4;4;A01
201200035788;0;7;0;0;2;2;1;A01
201200035788;0;1;0;0;2;1;1;B01
201200035789;0;7;0;0;1;3;1;A01
201200035790;0;7;0;0;2;1;1;B01
201200035790;0;1;0;0;2;1;1;A01
201200035791;0;7;0;0;2;1;1;A01
201200035791;0;7;0;0;2;5;1;B01
201200035792;1;10;0;0;2;1;1;Z01
201200035792;0;7;0;0;2;8;15;A01
201200035793;0;7;0;0;2;2;15;A01
201200035793;0;1;0;0;2;1;1;B01
201200035794;1;7;0;0;2;1;16;Z01
201200035794;0;1;0;0;2;8;19;B01
201200035795;0;7;0;0;1;1;15;A01
201200035796;1;7;0;0;2;1;15;Z01
201200035796;0;1;0;0;2;8;19;A01
201200035797;0;1;0;0;2;1;19;A01
201200035797;0;7;0;0;2;8;1;B01
201200035798;0;2;0;0;2;1;17;B01
201200035798;0;10;0;0;2;8;15;A01
201200035799;0;7;0;0;2;7;16;A01
201200035799;0;33;0;0;2;1;1;B01
201200035800;0;1;0;0;2;1;19;B01
201200035800;0;17;0;0;2;2;14;A01
201200035801;0;7;0;0;2;2;15;A01
201200035801;0;2;0;0;2;1;1;B01
201200035802;0;7;0;0;2;5;15;A01
201200035802;1;7;0;0;2;0;1;Z01
201200035803;0;2;0;0;0;0;1;A01
201200035804;0;1;0;0;2;7;19;A01
201200035804;0;7;0;0;2;3;1;B01
201200035805;0;7;0;3;1;1;15;A01
201200035806;0;7;0;0;2;1;15;A01
201200035806;0;1;0;0;2;7;1;B01
201200035807;0;7;0;0;2;6;1;B01
201200035807;0;7;0;0;2;1;19;A01
201200035808;0;1;0;0;2;1;1;A01
201200035808;0;7;0;0;0;1;15;B01
201200035809;0;7;0;0;2;7;1;A01
201200035809;0;7;0;0;2;1;1;B01
201200035810;0;7;0;0;2;1;1;B01
201200035810;0;1;0;0;2;1;19;A01
201200035811;0;7;0;0;2;1;1;A01
201200035812;0;33;0;0;2;1;1;B01
201200035812;0;10;0;0;2;8;1;A01
201200035813;0;7;0;0;2;4;1;B01
201200035813;0;7;0;0;2;2;1;A01
201200035814;0;7;0;0;2;1;1;A01
201200035814;0;1;0;0;2;7;19;B01
201200035815;0;7;0;0;2;2;1;A01
201200035815;0;7;0;0;2;1;1;B01
201200035816;0;7;0;0;1;1;1;A01
201200035817;0;7;0;0;1;1;1;A01
201200035818;0;7;0;0;1;3;1;A01
201200035819;0;1;0;0;2;1;15;B01
201200035819;0;7;0;0;2;5;1;A01
201200035820;0;7;0;0;1;2;1;A01
201200035821;0;7;0;0;9;1;0;A01
201200035822;0;7;0;6;0;1;1;A01
201200035823;0;2;0;0;2;1;19;A01
201200035823;0;7;0;0;0;8;15;B01
201200035824;0;37;1;0;1;1;1;A01
201200035825;0;7;0;0;2;1;1;B01
201200035825;0;7;0;1;2;3;15;A01
201200035826;0;7;0;0;2;1;1;A01
201200035826;0;7;0;0;2;4;1;B01
201200035827;0;7;0;0;1;1;1;A01
201200035828;0;1;0;0;4;8;19;A01
201200035828;0;40;0;0;2;1;1;B01
201200035829;0;7;0;0;2;1;1;A01
201200035830;0;7;0;0;1;1;1;A01
201200035831;0;7;0;0;1;1;15;A01
201200035832;0;7;0;0;1;2;1;A01
201200035833;0;7;0;0;1;2;1;A01
201200035834;0;7;0;0;2;7;1;B01
201200035834;0;1;0;0;2;1;1;A01
201200035835;0;7;0;0;2;8;1;B01
201200035835;0;30;0;0;2;1;18;A01
201200035836;0;40;0;0;2;1;1;B01
201200035836;0;7;0;0;4;8;14;A01
201200035837;0;7;0;0;2;2;15;A01
201200035837;0;2;0;0;2;3;1;B01
201200035838;0;30;0;0;2;1;1;B01
201200035838;0;7;0;0;2;6;19;A01
201200035839;0;7;0;0;1;1;15;A01
201200035840;0;31;0;0;2;1;1;B01
201200035840;0;7;0;0;2;3;15;A01
201200035841;0;7;0;0;1;5;1;A01
201200035842;0;10;0;0;1;3;15;A01
201200035843;0;7;0;0;1;2;1;A01
201200035844;0;7;0;0;1;2;1;A01
201200035845;0;7;0;0;1;2;1;A01
201200035846;0;7;0;0;2;1;19;A01
201200035846;0;7;0;0;2;3;1;B01
201200035847;0;7;0;0;2;8;1;B01
201200035847;0;7;0;0;2;1;1;A01
201200035848;0;7;0;0;2;1;1;B01
201200035848;0;1;0;0;2;1;19;A01
201200035849;0;7;0;0;1;4;20;A01
201200035850;0;7;0;0;1;2;16;A01
201200035851;0;7;0;0;2;1;11;A01
201200035851;0;1;0;0;2;8;19;B01
201200035852;0;7;0;0;2;3;17;A01
201200035852;0;7;0;0;2;3;1;B01
201200035853;0;7;0;0;2;3;16;A01
201200035853;0;2;0;0;2;1;16;B02
201200035854;0;7;0;0;2;2;1;A01
201200035854;0;1;0;0;2;1;1;B01
201200035855;0;7;0;0;1;1;1;A01
201200035856;0;2;0;0;2;1;5;A01
201200035856;0;7;0;0;2;1;1;B01
201200035857;0;7;0;1;0;2;1;A01
201200035858;0;7;0;0;2;2;17;A01
201200035858;0;7;0;0;2;6;15;B01
201200035859;2;7;0;0;1;2;1;Z01
201200035860;0;2;0;0;2;1;1;A01
201200035860;0;7;0;0;2;2;12;B01
201200035861;0;1;0;0;2;8;5;B01
201200035861;0;7;0;0;2;1;9;A01
201200035862;0;7;0;8;0;2;21;A01
201200035862;0;7;0;0;0;0;15;B01
201200035863;0;1;0;0;1;1;1;A01
201200035864;0;7;0;0;2;1;9;A01
201200035864;0;1;0;0;2;1;9;B01
201200035865;0;7;0;0;1;3;15;A01
201200035866;0;33;0;0;2;1;1;B01
201200035866;0;7;0;0;2;2;15;A01
201200035866;0;33;0;0;2;7;1;C01
201200035867;0;7;0;0;2;7;1;B01
201200035867;0;7;0;0;2;1;1;A01
201200035868;0;7;0;0;2;4;1;B01
201200035868;0;7;0;0;2;1;1;A01
201200035869;0;7;0;0;2;1;1;A01
201200035869;0;7;0;0;2;8;1;B01
201200035870;0;7;0;0;1;3;1;A01
201200035871;0;7;0;0;2;2;1;B01
201200035871;0;7;0;0;2;1;15;A01
201200035872;0;1;0;0;2;8;13;B01
201200035872;0;7;0;0;2;7;13;A01
201200035873;0;2;0;0;2;1;1;A01
201200035873;0;7;0;0;2;1;1;B01
201200035874;0;7;0;0;2;7;15;B01
201200035874;0;7;0;8;2;3;1;A01
201200035875;0;7;0;0;1;1;1;A01
201200035876;0;2;0;0;2;1;1;A02
201200035876;0;2;0;0;2;1;1;A01
201200035877;0;7;0;0;1;2;1;A01
201200035878;0;7;0;0;1;1;1;A01
201200035879;0;7;0;0;2;1;1;A01
201200035879;0;7;0;0;2;1;2;C01
201200035879;0;7;0;0;2;4;2;B01
201200035879;0;7;0;0;2;4;11;D01
201200035880;0;1;0;0;2;1;1;A01
201200035880;1;2;0;0;2;1;0;Z01
201200035881;1;7;0;;;;;B01
201200035881;0;1;0;0;2;1;1;A01
201200035882;0;1;0;0;1;1;1;A01
201200035883;0;7;0;0;2;0;16;A01
201200035883;0;30;0;0;2;1;1;B01
201200035884;0;7;0;12;2;2;15;A01
201200035884;0;7;0;0;2;8;1;B01
201200035885;0;7;0;0;2;7;9;A01
201200035885;0;2;0;0;2;1;1;B01
201200035886;0;7;0;0;2;1;9;A01
201200035886;0;7;0;1;2;3;1;B01
201200035887;0;2;0;0;1;1;1;A01
201200035888;0;7;0;0;2;3;9;A01
201200035888;0;2;0;0;2;1;1;B01
201200035889;0;7;0;0;2;4;23;C01
201200035889;0;7;0;0;2;4;23;B01
201200035889;0;7;0;0;2;1;2;A01
201200035890;0;1;0;0;2;4;1;B01
201200035890;0;7;0;0;2;3;1;A01
201200035891;0;7;0;0;2;3;15;A01
201200035891;0;7;0;0;2;1;1;B01
201200035892;0;2;0;0;2;1;1;B02
201200035892;0;7;0;0;2;3;9;A01
201200035893;0;7;0;2;0;1;1;A01
201200035894;0;7;0;0;2;1;9;A01
201200035894;0;1;0;0;2;1;1;B01
201200035895;0;2;0;0;2;1;1;A02
201200035895;0;7;0;0;2;1;15;A01
201200035896;0;31;0;0;1;1;9;A01
201200035897;0;7;0;0;1;1;15;A01
201200035898;0;1;0;0;2;6;19;B01
201200035898;0;7;0;0;2;1;1;A01
201200035899;0;7;0;0;1;1;16;A01
201200035900;0;7;0;0;2;1;2;A01
201200035900;0;7;0;0;2;4;1;B01
201200035901;0;7;0;0;1;1;1;A01
201200035902;0;7;0;0;2;3;11;A01
201200035902;0;2;0;0;2;8;1;B01
201200035903;0;1;0;0;2;6;1;B01
201200035903;0;7;0;0;2;2;19;A01
201200035904;0;7;0;0;2;1;13;B01
201200035904;0;7;0;0;2;1;1;A01
201200035905;0;7;0;0;2;1;1;B01
201200035905;0;7;0;0;2;7;5;A01
201200035906;0;10;0;0;1;1;1;A01
201200035907;0;10;0;0;1;2;1;A01
201200035908;0;7;0;0;1;3;1;A01
201200035909;2;7;0;0;1;1;1;A01
201200035910;0;33;0;3;2;1;9;A01
201200035911;0;7;0;0;1;3;1;A01
201200035912;0;1;0;0;2;2;1;B01
201200035912;0;7;0;0;2;8;5;A01
201200035913;0;7;0;0;2;3;1;B01
201200035913;0;7;0;0;2;3;5;A01
201200035914;0;7;0;0;1;3;1;A01
201200035915;0;40;1;0;1;1;1;A01
201200035916;2;7;0;0;1;9;1;A01
201200035917;0;7;0;0;0;1;1;A01
201200035917;0;7;0;0;2;8;1;B01
201200035918;0;33;0;0;2;1;1;B01
201200035918;0;7;0;0;9;3;15;A01
201200035919;2;7;0;0;2;8;0;A01
201200035919;0;7;0;0;2;1;1;B01
201200035920;0;33;0;0;2;1;1;B01
201200035920;0;7;0;0;2;3;15;A01
201200035921;0;7;0;0;1;7;1;A01
201200035922;0;7;0;0;1;2;1;A01
201200035923;0;7;0;0;1;1;1;A01
201200035924;0;7;0;0;1;1;10;A01
201200035925;0;3;0;0;2;1;1;A01
201200035925;0;1;0;0;2;7;19;B01
201200035926;0;7;0;0;1;7;1;A01
201200035927;0;7;0;0;1;2;1;A01
201200035928;0;7;0;0;2;1;1;A01
201200035928;0;7;0;0;0;4;1;B01
201200035929;2;30;0;7;0;1;1;A01
201200035930;0;7;0;0;1;2;1;A01
201200035931;0;40;1;0;1;2;1;A01
201200035932;0;7;0;0;1;3;15;A01
201200035933;0;7;0;1;1;1;1;A01
201200035934;0;7;0;0;1;1;1;A01
201200035935;0;7;0;0;2;3;15;A01
201200035935;0;33;0;0;2;1;1;B01
201200035936;0;7;0;0;1;1;1;A01
201200035937;0;7;0;2;0;3;1;A01
201200035938;0;7;0;0;2;3;15;B01
201200035938;0;32;0;0;2;7;17;A01
201200035939;0;7;0;0;2;1;1;B01
201200035939;0;7;0;0;2;3;15;A01
201200035940;0;7;0;0;1;6;1;A01
201200035941;0;7;0;0;2;6;1;A01
201200035941;1;7;0;0;2;0;0;Z01
201200035942;0;31;0;0;2;1;1;B01
201200035942;0;7;0;0;2;3;15;A01
201200035943;0;7;0;0;1;3;16;Z01
201200035944;0;7;0;0;2;1;1;A01
201200035944;0;7;0;0;2;6;16;B01
201200035945;0;7;0;0;2;1;15;B01
201200035945;0;7;0;0;2;1;1;A01
201200035946;0;2;0;0;2;1;1;B01
201200035946;0;7;0;0;9;3;6;A01
201200035947;0;7;0;0;2;1;1;A01
201200035947;0;7;0;0;1;5;1;B01
201200035948;0;1;0;0;2;0;1;B01
201200035948;0;10;0;0;2;0;17;A01
201200035949;0;7;0;0;1;1;1;A01
201200035950;0;14;0;0;1;6;15;A01
201200035951;0;7;0;0;2;1;1;B01
201200035951;0;7;0;0;2;8;1;A01
201200035952;0;30;0;7;2;7;1;A01
201200035952;0;7;0;0;2;1;1;B01
201200035953;0;7;0;0;2;3;9;A01
201200035953;0;30;0;0;2;1;1;B01
201200035954;0;10;0;0;2;1;1;A01
201200035954;0;7;0;0;2;7;1;B01
201200035955;0;10;0;0;2;4;0;C01
201200035955;0;7;0;3;2;4;0;B01
201200035955;0;7;0;0;2;1;2;A01
201200035956;0;7;0;0;1;1;1;A01
201200035957;2;7;0;0;1;3;1;Z01
201200035958;0;7;0;0;2;8;1;B01
201200035958;0;15;0;0;0;2;12;A01
201200035959;0;7;0;1;1;1;1;A01
201200035960;0;7;0;0;1;1;1;A01
201200035961;0;1;0;0;2;1;1;B01
201200035961;0;10;0;0;2;1;16;A01
201200035962;0;7;0;0;1;4;4;A01
201200035963;0;7;0;0;2;1;15;A01
201200035963;0;30;0;0;2;8;1;B01
201200035964;0;7;0;0;1;1;23;A01
201200035965;0;7;0;0;1;1;1;A01
201200035966;0;1;0;0;2;3;15;B01
201200035966;0;7;0;0;2;3;21;A01
201200035967;0;7;0;0;2;3;15;B01
201200035967;0;31;0;0;2;1;1;A01
201200035968;0;7;0;0;2;1;1;B01
201200035968;0;7;0;0;2;8;15;A01
201200035969;0;7;0;0;1;1;1;A01
201200035970;0;7;0;0;2;2;16;B01
201200035970;0;33;0;0;2;1;18;A01
201200035971;0;7;0;0;2;6;20;D01
201200035971;0;10;0;0;2;1;1;A01
201200035971;0;7;0;0;2;4;2;C01
201200035971;0;7;0;0;2;4;2;B01
201200035972;0;33;0;0;2;2;1;B01
201200035972;0;7;0;0;2;2;19;A01
201200035973;0;7;0;0;1;2;1;A01
201200035974;0;7;0;0;2;3;9;A01
201200035974;0;2;0;0;2;1;1;B01
201200035975;0;33;0;0;2;1;1;B01
201200035975;0;7;0;0;0;3;10;A01
201200035976;0;7;0;0;1;1;1;A01
201200035977;0;7;0;3;2;1;2;B01
201200035977;0;7;0;3;2;1;3;A01
201200035978;0;1;0;0;2;3;1;B01
201200035978;0;7;0;0;2;2;9;A01
201200035979;0;7;0;0;2;8;15;A01
201200035979;0;33;0;0;2;1;17;B01
201200035980;0;7;0;0;0;4;2;B01
201200035980;0;7;0;0;2;1;1;A01
201200035981;0;7;0;0;2;6;10;A01
201200035981;0;33;0;0;2;1;1;B01
201200035982;0;40;1;0;1;2;1;A01
201200035983;0;7;0;0;2;1;2;A01
201200035983;0;7;0;0;2;4;2;B01
201200035984;1;10;0;0;1;2;15;Z01
201200035985;0;7;0;0;2;1;13;A01
201200035985;0;7;0;0;2;1;1;B01
201200035986;0;7;0;0;1;8;5;A01
201200035987;2;7;0;0;2;1;1;A01
201200035987;0;7;0;0;2;2;15;B01
201200035988;0;7;0;0;1;2;15;A01
201200035989;0;7;0;0;2;2;1;A01
201200035989;0;7;0;0;2;2;15;B01
201200035990;0;7;0;0;2;3;15;A01
201200035990;0;7;0;0;2;1;1;C01
201200035990;0;33;0;0;2;3;1;B01
201200035991;0;10;0;0;2;1;1;A01
201200035991;0;7;0;0;2;4;1;B01
201200035992;0;33;0;0;2;2;17;A01
201200035992;0;7;0;0;2;8;0;B01
201200035993;0;7;0;0;2;1;15;A01
201200035993;0;7;0;0;2;1;2;B01
201200035994;0;7;0;0;1;1;1;A01
201200035995;0;31;0;0;2;0;1;A01
201200035995;0;7;0;0;2;0;15;B01
201200035996;0;30;0;0;0;0;0;A01
201200035997;0;7;0;0;2;4;1;A01
201200035997;1;7;0;0;2;1;1;Z01
201200035998;0;30;0;0;2;8;1;B01
201200035998;0;7;0;0;2;1;1;A01
201200035999;0;7;0;0;1;3;1;A01
201200036000;0;7;0;0;1;2;1;A01
201200036001;0;7;0;0;1;2;1;A01
201200036002;0;7;0;0;1;1;1;A01
201200036003;0;7;0;6;0;2;6;A01
201200036004;0;7;0;0;2;4;1;A01
201200036004;0;31;0;0;2;1;1;B01
201200036005;2;7;0;0;2;1;1;A01
201200036005;0;7;0;0;2;4;1;B01
201200036006;0;7;0;0;1;3;15;A01
201200036007;0;7;0;0;2;1;1;A01
201200036007;0;7;0;0;2;4;23;B01
201200036007;0;7;0;0;2;4;23;C01
201200036007;0;7;0;0;2;4;23;D01
201200036008;0;32;0;12;0;1;13;A01
201200036009;0;40;20;0;2;3;1;A01
201200036009;0;7;0;0;4;2;1;B01
201200036010;0;7;0;0;2;3;2;A01
201200036010;0;7;0;0;2;5;2;B01
201200036011;0;7;0;0;2;2;23;A01
201200036011;0;34;0;14;2;3;13;B01
201200036012;0;7;0;0;0;1;6;A01
201200036013;0;34;0;0;2;1;17;A01
201200036013;0;7;0;0;2;6;15;B01
201200036014;0;33;0;0;0;8;21;A01
201200036014;0;10;0;0;0;0;15;B01
201200036015;0;7;0;0;2;1;1;A01
201200036015;0;7;0;0;2;4;2;B01
201200036016;0;10;0;0;2;1;1;A01
201200036016;0;10;0;0;2;5;1;B01
201200036017;0;14;0;0;2;2;1;A01
201200036017;0;7;0;0;2;4;23;B01
201200036017;0;7;0;0;2;4;23;C01
201200036018;0;7;0;12;2;3;15;B01
201200036018;0;7;0;8;2;3;1;A01
201200036019;0;1;0;0;2;0;1;B01
201200036019;0;7;0;0;9;0;16;A01
201200036020;0;7;0;1;0;0;21;A01
201200036021;0;7;0;0;2;1;1;A01
201200036021;0;7;0;0;2;1;15;B01
201200036022;0;7;0;0;2;3;1;B01
201200036022;0;7;0;0;2;2;15;A01
201200036023;0;7;0;0;2;1;5;B01
201200036023;0;37;1;0;2;1;1;A01
201200036024;0;2;0;0;2;0;16;A01
201200036024;0;7;0;0;2;2;15;B01
201200036025;1;7;0;0;2;1;1;Z01
201200036025;0;7;0;0;0;4;1;A01
201200036026;0;7;0;0;1;3;1;A01
201200036027;0;7;0;7;2;7;1;B01
201200036027;0;7;0;0;2;8;15;A01
201200036028;0;7;0;0;1;1;2;A01
201200036029;0;7;0;0;1;3;15;A01
201200036030;0;7;0;0;0;4;2;B01
201200036030;0;7;0;0;2;1;2;A01
201200036031;0;7;0;0;1;1;1;A01
201200036032;0;10;0;0;2;2;21;A01
201200036032;0;7;0;0;2;3;1;B01
201200036033;0;7;0;0;1;3;1;A01
201200036034;0;7;0;0;2;1;2;A01