num_acc;senc;catv;occutc;obs;obsm;choc;manv;num_veh
201200036413;0;7;0;0;2;8;19;A01
201200036414;0;7;0;0;2;3;1;B01
201200036414;0;7;0;0;2;3;1;A01
201200036415;0;7;0;0;1;1;1;A01
201200036416;0;7;0;0;2;5;20;A01
201200036416;0;7;0;0;2;1;1;B01
201200036417;0;7;0;0;2;4;23;C01
201200036417;0;7;0;0;2;1;2;A01
201200036417;0;7;0;0;2;4;23;B01
201200036418;0;7;0;0;2;7;0;A01
201200036418;1;7;0;0;2;1;0;Z01
201200036419;0;7;0;0;1;3;2;A01
201200036420;0;7;0;8;0;1;14;A01
201200036421;0;7;0;6;0;1;15;A01
201200036422;0;37;10;0;2;1;2;A01
201200036422;0;7;0;0;2;4;23;B01
201200036423;0;7;0;0;1;1;0;A01
201200036424;0;7;0;14;2;1;2;A01
201200036424;0;7;0;0;2;0;23;B01
201200036425;1;7;0;0;1;1;2;A01
201200036426;0;2;0;0;2;1;1;A01
201200036426;0;7;0;0;2;8;9;B01
201200036427;0;7;0;0;2;1;1;A01
201200036427;0;7;0;0;2;4;2;B01
201200036428;0;7;0;6;0;2;1;A01
201200036429;0;7;0;6;0;1;13;A01
201200036430;0;1;0;0;1;5;0;A01
201200036431;0;7;0;0;0;2;1;A01
201200036431;0;7;0;0;0;7;15;B01
201200036432;0;7;0;0;2;1;2;A01
201200036432;0;7;0;0;2;4;2;B01
201200036432;0;7;0;0;2;4;2;C01
201200036432;0;7;0;0;2;4;2;D01
201200036433;0;7;0;0;2;6;4;A01
201200036433;0;2;0;0;2;1;1;B01
201200036434;0;10;0;0;1;1;15;A01
201200036435;0;7;0;0;1;3;1;A01
201200036436;0;7;0;0;2;1;2;A01
201200036436;0;7;0;0;2;4;2;B01
201200036436;0;7;0;0;2;6;2;C01
201200036437;0;7;0;0;2;4;2;B01
201200036437;0;7;0;0;2;1;2;A01
201200036438;0;7;0;0;1;7;1;A01
201200036439;0;7;0;0;2;1;0;A01
201200036439;0;7;0;0;2;8;15;B01
201200036440;0;7;0;11;0;1;1;A01
201200036441;0;7;0;0;1;8;1;A01
201200036442;0;7;0;0;2;1;15;A01
201200036442;0;7;0;0;2;7;1;B01
201200036443;0;7;0;0;2;2;1;B01
201200036443;0;7;0;0;2;3;1;A01
201200036444;0;7;0;0;2;1;2;A01
201200036444;0;7;0;0;2;4;2;B01
201200036445;0;7;0;0;2;7;1;A01
201200036445;0;30;0;0;2;1;1;B01
201200036446;0;7;0;0;2;3;15;A01
201200036446;0;31;0;0;2;2;1;B01
201200036447;0;7;0;2;2;2;15;A01
201200036447;0;7;0;1;2;3;1;B01
201200036448;0;7;0;1;0;1;0;A01
201200036449;0;13;0;0;1;4;4;A01
201200036450;0;32;0;0;2;7;21;B01
201200036450;0;7;0;0;2;1;9;A01
201200036451;0;7;0;0;2;2;1;B01
201200036451;0;7;0;0;2;1;19;A01
201200036452;0;7;0;0;2;5;15;A01
201200036452;0;2;0;0;2;1;1;B01
201200036453;0;7;0;0;1;1;2;A01
201200036454;0;3;0;0;2;2;2;A01
201200036454;0;1;0;0;2;4;2;B01
201200036455;0;7;0;0;9;3;11;A01
201200036455;0;1;0;0;2;1;1;B01
201200036456;0;7;0;0;1;1;1;A01
201200036457;0;7;0;0;1;1;16;A01
201200036458;0;7;0;0;0;7;1;A01
201200036458;0;7;0;0;2;3;9;B01
201200036459;0;7;0;0;1;7;0;A01
201200036460;0;7;0;0;2;6;9;A01
201200036460;0;2;0;0;2;1;21;B01
201200036461;0;7;0;0;2;1;2;A01
201200036461;0;7;0;0;2;4;2;B01
201200036461;0;7;0;0;2;4;2;C01
201200036462;0;7;0;0;2;3;1;B01
201200036462;0;7;0;15;2;1;1;A01
201200036463;0;7;0;0;2;9;17;A01
201200036463;0;7;0;0;2;3;0;B01
201200036464;0;7;0;0;1;2;0;A01
201200036465;0;1;0;0;0;4;16;A01
201200036466;0;7;0;0;1;2;20;A01
201200036467;0;1;0;0;2;1;0;B01
201200036467;1;7;0;0;2;1;5;A01
201200036467;0;1;0;0;2;1;0;C01
201200036468;0;31;0;0;2;3;13;A01
201200036468;0;7;0;0;2;3;1;B01
201200036469;0;7;0;0;1;3;21;A01
201200036469;0;7;0;0;0;0;0;B01
201200036470;0;7;0;0;1;1;15;A01
201200036471;0;3;0;0;1;4;20;A01
201200036472;0;32;0;0;2;4;2;A01
201200036472;1;7;0;0;2;1;2;Z01
201200036473;0;34;0;0;1;1;17;A01
201200036474;0;7;0;0;1;1;1;A01
201200036475;0;7;0;0;2;3;13;A01
201200036475;0;31;0;0;2;1;1;B01
201200036476;0;7;0;0;2;1;1;A01
201200036476;0;7;0;0;2;4;23;B01
201200036477;0;7;0;0;1;3;1;A01
201200036478;0;7;0;0;9;2;0;A01
201200036478;0;1;0;0;2;1;19;B01
201200036479;0;7;0;0;1;2;1;A01
201200036480;0;7;0;0;1;1;15;A01
201200036481;0;30;0;12;0;8;13;A01
201200036482;0;30;0;0;2;1;1;A01
201200036482;0;7;0;0;2;8;1;B01
201200036483;0;7;0;0;1;1;1;A01
201200036484;0;7;0;0;1;2;1;A01
201200036485;0;2;0;0;1;7;21;A01
201200036486;0;7;0;0;2;2;9;A01
201200036486;0;30;0;0;2;1;1;B01
201200036487;0;7;0;0;1;2;15;A01
201200036488;0;30;0;0;2;1;17;A01
201200036488;0;7;0;0;2;3;10;B01
201200036489;0;7;0;0;0;1;1;A01
201200036489;0;7;0;7;2;7;15;B01
201200036490;0;10;0;1;0;4;4;A01
201200036491;0;33;0;0;2;1;1;A01
201200036491;0;7;0;0;2;3;20;B01
201200036492;0;7;0;0;1;3;1;A01
201200036493;0;7;0;0;1;2;1;A01
201200036494;0;7;0;6;0;2;15;A01
201200036495;0;7;0;0;1;6;4;A01
201200036496;0;33;0;0;2;1;1;B01
201200036496;0;7;0;0;2;2;15;A01
201200036497;1;7;0;0;1;2;8;Z01
201200036498;0;7;0;0;2;1;2;A01
201200036498;0;7;0;0;1;4;2;B01
201200036499;0;7;0;0;1;3;1;A01
201200036500;0;7;0;0;1;7;1;A01
201200036501;0;7;0;0;2;1;1;A01
201200036501;0;7;0;0;2;4;23;B01
201200036501;0;7;0;0;2;4;23;C01
201200036502;0;7;0;0;2;6;10;A01
201200036502;0;33;0;0;2;1;1;B01
201200036503;0;7;0;1;2;2;1;B01
201200036503;0;7;0;0;2;3;16;A01
201200036504;0;7;0;0;2;3;1;A01
201200036504;0;32;0;15;2;7;1;B01
201200036505;0;10;0;0;1;1;1;A01
201200036506;0;30;0;10;0;8;13;A01
201200036507;0;7;0;15;2;1;1;A01
201200036507;0;7;0;0;2;1;15;B01
201200036508;0;7;0;0;2;3;1;B01
201200036508;2;1;0;0;2;3;1;Z01
201200036509;0;7;0;0;1;6;1;A01
201200036510;0;7;0;0;2;3;1;A01
201200036510;0;33;0;0;2;8;1;B01
201200036511;0;37;1;0;2;8;15;A01
201200036511;0;33;0;0;2;2;17;B01
201200036512;0;33;0;0;2;2;21;A01
201200036512;0;7;0;0;2;5;23;B01
201200036513;0;7;0;0;1;7;1;A01
201200036514;1;7;0;0;1;1;2;Z01
201200036515;0;32;0;0;2;2;2;B01
201200036515;0;7;0;0;2;8;10;A01
201200036516;0;1;0;0;2;1;1;B01
201200036516;1;2;0;0;9;1;19;Z01
201200036517;0;32;0;0;0;0;1;A01
201200036517;0;7;0;0;0;0;1;B01
201200036518;0;32;0;0;2;1;17;A01
201200036518;0;7;0;0;2;6;1;B01
201200036518;0;37;1;0;2;1;1;C01
201200036519;0;33;0;0;1;0;1;A01
201200036520;0;7;0;0;2;2;16;A01
201200036520;0;2;0;0;2;2;1;B01
201200036521;0;20;0;0;2;2;1;B01
201200036521;0;7;0;0;2;5;4;A01
201200036522;0;7;0;12;2;3;13;A01
201200036522;0;38;20;0;2;3;1;B01
201200036523;0;7;0;0;1;2;1;A01
201200036524;0;30;0;0;2;1;0;A01
201200036524;0;10;0;0;2;7;16;B01
201200036525;0;1;0;0;2;0;2;B01
201200036525;0;7;0;0;2;0;2;A01
201200036526;0;7;0;0;1;2;1;A01
201200036527;0;7;0;0;1;6;4;A01
201200036528;0;7;0;0;2;3;1;A01
201200036528;1;10;0;0;2;1;0;Z01
201200036529;0;7;0;0;2;1;0;A01
201200036529;0;7;0;0;2;6;10;B01
201200036530;0;7;0;0;1;7;2;A01
201200036531;0;10;0;0;1;5;4;A01
201200036532;0;7;0;0;2;2;1;A01
201200036532;0;7;0;0;2;6;2;B01
201200036533;0;7;0;1;0;2;14;A01
201200036534;0;7;0;0;1;1;1;A01
201200036535;0;7;0;0;2;7;15;A01
201200036535;0;1;0;0;2;1;1;B01
201200036536;0;7;0;0;2;1;1;A01
201200036536;0;7;0;0;2;8;1;B01
201200036537;0;32;0;0;2;1;1;A01
201200036537;0;7;0;0;2;8;1;B01
201200036538;0;7;0;0;2;1;1;A01
201200036538;0;7;0;0;2;2;15;B01
201200036539;1;99;0;0;1;1;1;Z01
201200036540;0;34;0;0;2;1;1;A01
201200036540;0;7;0;0;2;2;1;B01
201200036541;0;7;0;0;2;1;1;A01
201200036541;0;7;0;0;2;2;15;B01
201200036542;0;32;0;0;0;7;1;A01
201200036543;0;7;0;0;1;3;1;A01
201200036544;0;7;0;0;2;3;13;A01
201200036544;0;1;0;0;2;7;21;B01
201200036545;0;7;0;0;2;2;1;B01
201200036545;0;30;0;0;2;1;1;A01
201200036546;0;7;0;0;2;1;1;B01
201200036546;0;1;0;0;2;8;19;A01
201200036547;0;7;0;1;1;2;13;A01
201200036548;1;31;0;0;2;1;1;A01
201200036548;0;7;0;0;2;3;1;B01
201200036549;0;7;0;0;1;1;17;A01
201200036550;0;10;0;0;2;1;1;B01
201200036550;0;7;0;0;2;1;5;A01
201200036551;0;7;0;0;2;2;2;A01
201200036551;0;7;0;0;2;8;20;B01
201200036552;0;2;0;0;2;1;1;A01
201200036552;0;7;0;0;2;7;1;B01
201200036553;0;30;0;0;1;1;1;A01
201200036554;0;7;0;0;2;5;1;B01
201200036554;0;7;0;0;2;2;1;A01
201200036555;0;7;0;0;1;2;1;A01
201200036556;0;7;0;0;2;3;15;A01
201200036556;0;30;0;0;2;2;1;B01
201200036557;0;17;0;8;2;7;16;A01
201200036557;0;1;0;0;2;8;1;B01
201200036558;0;30;0;1;2;3;13;A01
201200036558;1;99;0;0;0;0;0;Z01
201200036559;0;35;0;0;2;8;19;A01
201200036559;0;10;0;0;2;2;1;B01
201200036560;0;7;0;0;2;1;2;B01
201200036560;0;7;0;0;2;1;2;A01
201200036561;0;7;0;0;2;7;15;A01
201200036561;0;30;0;0;2;1;0;B01
201200036562;0;32;0;0;1;0;17;A01
201200036563;0;40;60;0;1;1;1;A01
201200036564;0;7;0;0;1;3;15;A01
201200036565;0;30;0;12;2;1;1;A01
201200036565;1;7;0;0;2;0;0;Z01
201200036566;0;7;0;0;1;3;15;A01
201200036567;0;7;0;0;2;6;17;A01
201200036567;0;33;0;0;2;1;17;B01
201200036568;0;7;0;8;1;2;14;A01
201200036569;0;7;0;0;1;3;1;A01
201200036570;0;7;0;0;1;1;15;A01
201200036571;0;37;2;0;2;3;7;A01
201200036571;1;7;0;0;2;7;12;Z01
201200036572;0;7;0;0;1;6;15;A01
201200036573;0;7;0;0;2;1;10;A01
201200036573;0;33;0;0;2;1;1;B01
201200036574;0;7;0;0;2;3;15;A01
201200036574;0;33;0;0;2;1;21;B01
201200036575;0;7;0;0;2;5;5;A01
201200036575;0;32;0;0;2;1;1;B01
201200036576;0;7;0;0;2;1;2;A01
201200036576;0;10;0;0;2;4;23;B01
201200036577;0;7;0;0;2;1;2;A01
201200036577;0;7;0;0;2;4;2;B01
201200036578;0;7;0;0;2;3;1;A01
201200036578;0;7;0;0;2;2;1;B01
201200036579;0;7;0;0;2;8;21;A01
201200036579;1;7;0;0;2;8;13;B01
201200036580;0;32;0;0;2;1;1;B01
201200036580;1;99;0;0;0;0;0;A01
201200036581;0;7;0;0;1;1;15;A01
201200036582;0;7;0;0;2;8;1;A01
201200036582;0;10;0;0;2;1;1;B01
201200036583;1;7;0;0;2;2;1;Z01
201200036583;0;7;0;0;2;4;23;B01
201200036584;0;7;0;0;1;1;1;A01
201200036585;0;1;0;0;9;0;1;A01
201200036585;1;7;0;0;0;0;1;Z01
201200036586;0;2;0;0;2;1;17;A01
201200036586;0;7;0;0;2;3;15;B01
201200036587;0;7;0;0;1;3;1;A01
201200036588;0;7;0;0;1;1;1;Z01
201200036589;0;7;0;0;2;1;1;B01
201200036589;0;7;0;9;2;5;1;A01
201200036590;0;7;0;0;2;1;1;B01
201200036590;0;7;0;0;2;2;15;A01
201200036591;0;7;0;2;0;3;13;A01
201200036592;0;7;0;2;1;2;0;A01
201200036593;0;33;0;0;2;1;1;A01
201200036593;0;7;0;0;2;1;13;B01
201200036594;0;7;0;0;2;2;1;B01
201200036594;0;7;0;0;2;3;15;A01
201200036595;0;7;0;0;2;1;1;A01
201200036595;0;7;0;0;2;4;2;B01
201200036595;0;7;0;0;2;4;2;C01
201200036596;0;7;0;0;2;2;1;A01
201200036596;0;1;0;0;2;8;13;B01
201200036597;1;99;0;0;0;0;0;A01
201200036597;0;1;0;0;2;7;1;B01
201200036598;0;37;5;0;2;3;1;B01
201200036598;0;7;0;0;2;3;15;A01
201200036599;0;10;0;0;1;2;16;A01
201200036600;0;31;0;15;0;1;1;A01
201200036601;0;7;0;0;2;1;2;A01
201200036601;1;99;0;0;0;0;0;B01
201200036602;0;2;0;0;2;1;2;B01
201200036602;0;7;0;0;2;8;10;A01
201200036603;0;7;0;0;1;1;1;A01
201200036604;0;7;0;0;2;2;0;A01
201200036604;0;7;0;0;2;3;9;B01
201200036605;0;7;0;0;2;3;1;A01
201200036605;0;10;0;0;2;1;16;B01
201200036606;0;2;0;1;0;1;1;A01
201200036607;0;31;0;0;2;1;17;A01
201200036607;0;7;0;0;2;2;1;B01
201200036608;0;7;0;0;2;1;5;A01
201200036608;0;7;0;0;2;1;1;B01
201200036609;0;7;0;0;2;2;15;A01
201200036609;0;7;0;0;2;1;15;B01
201200036610;0;10;0;0;2;7;1;A01
201200036610;0;7;0;0;2;7;1;B01
201200036611;0;7;0;0;1;3;16;A01
201200036612;0;7;0;0;2;1;1;A01
201200036612;0;1;0;0;2;0;0;B01
201200036613;0;7;0;0;2;3;2;A01
201200036613;0;33;0;0;2;1;2;B01
201200036614;0;2;0;0;2;1;1;A01
201200036614;0;7;0;0;2;3;10;B01
201200036615;0;30;0;0;2;1;1;B01
201200036615;0;7;0;0;2;5;20;A01
201200036616;0;1;0;0;2;1;15;B01
201200036616;0;7;0;0;2;1;1;A01
201200036617;1;7;0;0;2;7;14;A01
201200036617;0;32;0;0;2;8;2;B01
201200036618;0;32;0;0;2;2;1;B01
201200036618;0;7;0;0;2;1;15;A01
201200036619;0;7;0;0;2;1;10;A01
201200036619;0;7;0;0;2;0;1;B01
201200036620;0;10;0;0;2;1;1;A01
201200036620;0;7;0;0;2;4;23;B01
201200036620;0;7;0;0;2;8;15;C01
201200036621;0;31;0;0;2;1;3;A01
201200036621;0;7;0;0;2;3;15;B01
201200036622;0;10;0;0;2;1;2;A01
201200036622;0;7;0;0;2;4;2;B01
201200036623;0;10;0;0;2;3;15;A01
201200036623;0;7;0;0;2;3;1;B01
201200036624;0;7;0;0;2;1;2;A01
201200036624;0;7;0;0;0;4;23;B01
201200036625;0;13;0;0;2;3;1;C01
201200036625;0;7;0;0;2;3;1;B01
201200036625;0;10;0;0;2;1;15;A01
201200036626;0;7;0;0;1;8;1;A01
201200036627;0;10;0;1;0;1;13;A01
201200036628;0;7;0;0;2;2;9;A01
201200036628;0;10;0;0;2;2;2;B01
201200036628;0;7;0;0;2;1;23;C01
201200036629;0;7;0;0;2;1;1;B01
201200036629;0;7;0;0;2;7;17;A01
201200036630;0;7;0;0;2;3;11;A01
201200036630;0;7;0;0;2;7;1;B01
201200036631;0;10;0;0;1;2;1;A01
201200036632;0;7;0;0;2;6;10;A01
201200036632;0;7;0;0;2;2;1;B01
201200036633;0;7;0;0;2;3;1;B01
201200036633;0;7;0;0;2;3;15;A01
201200036634;0;7;0;0;2;3;15;A01
201200036634;0;7;0;0;2;1;1;B01
201200036635;0;7;0;0;2;1;1;A01
201200036635;0;7;0;0;2;5;1;B01
201200036636;0;33;0;0;0;8;1;A01
201200036637;0;7;0;0;1;2;1;A01
201200036638;0;7;0;2;2;2;17;A01
201200036638;0;7;0;0;2;3;15;B01
201200036639;0;7;0;0;1;3;1;A01
201200036640;0;7;0;12;0;1;1;A01
201200036641;0;10;0;0;1;3;1;A01
201200036642;0;15;0;0;2;1;2;A01
201200036642;0;7;0;0;2;4;23;B01
201200036643;0;7;0;0;2;1;1;A01
201200036643;0;7;0;0;2;4;1;B01
201200036644;0;7;0;0;2;2;15;A01
201200036644;0;7;0;0;2;1;1;B01
201200036645;0;7;0;0;0;0;1;A01
201200036645;0;32;0;12;0;3;17;B01
201200036646;0;7;0;0;2;1;1;A01
201200036646;0;7;0;0;2;3;15;B01
201200036647;0;7;0;0;2;2;15;A01
201200036647;0;30;0;0;2;1;21;B01
201200036648;0;7;0;6;0;3;13;A01
201200036649;0;7;0;4;0;1;1;A01
201200036650;0;7;0;2;0;2;14;A01
201200036651;0;7;0;0;2;1;1;A01
201200036651;0;7;0;0;2;4;2;B01
201200036651;0;7;0;0;2;4;2;C01
201200036651;0;7;0;0;2;4;2;D01
201200036652;0;33;0;0;0;8;1;A01
201200036653;0;7;0;0;2;2;16;A01
201200036653;0;31;0;0;2;2;1;B01
201200036654;0;7;0;0;2;1;1;A01
201200036654;0;7;0;0;2;4;2;B01
201200036654;0;7;0;0;2;4;2;C01
201200036655;0;7;0;0;2;3;13;A01
201200036655;0;7;0;0;2;6;1;B01
201200036656;0;17;0;0;2;1;15;A01
201200036656;0;7;0;0;2;3;1;B01
201200036657;0;7;0;0;2;3;15;A01
201200036657;0;33;0;0;2;1;1;B01
201200036658;0;1;0;0;2;0;1;A01
201200036659;0;32;0;0;2;1;1;B01
201200036659;0;7;0;0;2;5;15;A01
201200036660;0;7;0;0;2;6;4;A01
201200036660;0;7;0;0;2;2;2;B01
201200036661;0;7;0;0;2;3;1;A01
201200036661;0;33;0;0;2;4;15;B01
201200036662;0;7;0;0;1;1;1;A01
201200036663;0;7;0;0;2;8;1;B01
201200036663;0;7;0;0;2;1;1;A01
201200036664;0;7;0;0;1;2;1;A01
201200036665;0;32;0;8;0;1;14;A01
201200036666;0;7;0;0;2;1;1;A01
201200036666;0;7;0;0;2;4;23;B01
201200036666;0;7;0;0;2;4;23;C01
201200036667;0;10;0;0;2;3;15;B01
201200036667;0;33;0;0;2;1;17;A01
201200036668;0;7;0;0;1;1;1;A01
201200036669;0;7;0;0;1;2;2;A01
201200036670;0;7;0;2;0;8;1;A01
201200036671;0;7;0;0;2;2;15;A01
201200036671;0;7;0;0;2;3;1;B01
201200036672;0;7;0;0;2;1;1;B01
201200036672;0;10;0;0;2;7;15;A01
201200036673;0;30;0;0;2;1;2;A01
201200036673;0;7;0;0;2;4;23;B01
201200036674;0;7;0;0;2;3;1;A01
201200036674;0;7;0;0;2;2;1;B01
201200036675;0;17;0;0;2;3;16;A01
201200036675;0;7;0;0;2;2;15;B01
201200036676;0;10;0;0;2;1;1;A01
201200036676;0;10;0;0;2;4;2;B01
201200036677;0;7;0;0;1;1;1;A01
201200036678;0;30;0;0;2;1;1;A01
201200036678;0;7;0;0;2;4;2;B01
201200036679;0;33;0;0;2;1;17;B01
201200036679;0;7;0;0;2;6;2;A01
201200036680;0;7;0;0;1;0;1;A01
201200036681;0;7;0;0;2;1;13;A01
201200036681;0;1;0;0;2;1;1;B01
201200036682;0;7;0;0;1;2;20;A01
201200036683;0;10;0;0;2;3;10;A01
201200036683;0;7;0;0;2;2;21;B01
201200036684;0;7;0;0;1;1;13;A01
201200036685;0;7;0;0;1;2;1;A01
201200036686;0;7;0;0;2;2;15;A01
201200036686;0;7;0;0;2;1;1;B01
201200036687;0;7;0;0;2;1;13;A01
201200036687;0;37;0;0;2;3;1;B01
201200036688;0;7;0;0;2;3;1;A01
201200036688;0;2;0;0;2;6;15;B01
201200036689;0;40;40;0;1;5;1;A01
201200036690;0;10;0;0;2;2;0;B01
201200036690;0;7;0;0;2;3;13;A01
201200036691;0;7;0;0;1;5;4;A01
201200036692;0;7;0;0;2;0;15;B01
201200036692;0;10;0;0;2;1;1;A01
201200036693;2;7;0;1;2;0;9;Z01
201200036693;0;7;0;0;2;2;1;B01
201200036694;0;7;0;0;2;5;15;A01
201200036694;0;7;0;0;2;2;1;B01
201200036695;0;30;0;0;2;7;17;A01
201200036695;0;7;0;0;2;8;15;B01
201200036696;0;7;0;0;2;2;1;A01
201200036697;0;7;0;0;2;3;1;B01
201200036697;0;7;0;0;2;2;15;A01
201200036698;0;7;0;0;2;3;9;A01
201200036698;0;1;0;0;2;7;1;B01
201200036699;0;7;0;0;1;1;1;A01
201200036700;0;7;0;0;2;1;15;B01
201200036700;0;7;0;0;2;2;1;A01
201200036701;1;7;0;0;0;0;0;A01
201200036702;0;2;0;0;2;1;1;B01
201200036702;0;10;0;0;2;3;19;A01
201200036703;0;7;0;0;1;7;2;A01
201200036704;0;7;0;0;2;5;2;B01
201200036704;0;7;0;0;2;3;2;A01
201200036705;0;7;0;0;2;7;15;A01
201200036705;0;30;0;0;2;1;1;B01
201200036706;0;7;0;0;1;6;4;A01
201200036707;0;7;0;0;1;1;14;A01
201200036708;0;7;0;0;1;4;4;A01
201200036709;0;33;0;13;2;1;9;A01
201200036709;0;10;0;0;2;3;9;B01
201200036710;0;7;0;0;1;4;4;A01
201200036711;0;30;0;0;2;1;1;B01
201200036711;0;7;0;0;2;7;15;A01
201200036712;0;7;0;0;2;2;15;A01
201200036712;0;33;0;0;2;1;1;B01
201200036713;0;7;0;0;2;1;1;B01
201200036713;0;7;0;0;2;1;1;C01
201200036713;0;7;0;0;2;1;13;A01
201200036714;0;30;0;0;1;1;1;A01
201200036715;0;7;0;0;0;9;0;A01
201200036716;0;99;0;0;2;8;10;A01
201200036716;0;33;0;0;2;1;1;B01
201200036717;0;1;0;0;2;1;1;B01
201200036717;0;7;0;0;2;4;4;A01
201200036718;0;7;0;0;1;2;1;A01
201200036719;0;2;0;0;0;7;1;B01
201200036719;0;7;0;0;2;1;1;A01
201200036720;0;2;0;0;2;1;17;A01
201200036720;0;7;0;0;0;3;15;B01
201200036721;0;7;0;0;2;1;1;A01
201200036721;0;7;0;6;0;3;1;B01
201200036722;0;7;0;0;2;1;15;A01
201200036722;0;2;0;0;2;1;1;B01
201200036723;1;7;0;0;2;1;1;Z01
201200036723;0;1;0;0;2;7;19;B01
201200036724;0;10;0;0;2;3;1;A01
201200036724;0;1;0;0;0;5;1;B01
201200036725;0;7;0;0;2;8;15;B01
201200036725;0;33;0;0;2;1;17;A01
201200036726;0;31;0;0;2;1;1;B01
201200036726;0;7;0;0;2;2;15;A01
201200036727;0;7;0;15;1;1;20;A01
201200036728;0;1;0;1;0;4;21;B01
201200036728;1;7;0;0;2;1;2;Z01
201200036729;0;7;0;0;2;3;15;A01
201200036729;0;2;0;0;2;1;1;B01
201200036730;0;37;45;0;1;2;0;A01
201200036731;0;1;0;0;2;2;15;B01
201200036731;0;7;0;0;2;1;9;A01
201200036732;0;7;0;0;2;1;0;B01
201200036732;0;7;0;0;2;2;15;A01
201200036733;0;7;0;0;1;4;4;A01
201200036734;0;7;0;0;2;1;15;A01
201200036734;0;7;0;0;2;1;1;B01
201200036735;0;7;0;0;1;1;1;A01
201200036736;0;2;0;0;2;8;1;B01
201200036736;0;7;0;0;2;1;1;C01
201200036736;0;7;0;0;2;1;15;A01
201200036737;0;7;0;0;2;1;2;A01
201200036737;0;10;0;0;2;4;23;B01
201200036738;0;7;0;0;1;1;0;A01
201200036739;0;7;0;0;1;1;1;A01
201200036740;0;17;0;0;2;3;1;B01
201200036740;0;2;0;0;2;1;19;A01
201200036741;0;7;0;0;1;3;1;A01
201200036742;0;7;0;0;2;3;15;A01
201200036742;0;33;0;0;2;1;1;B01
201200036743;0;7;0;0;2;2;15;A01
201200036743;0;33;0;0;2;1;2;B01
201200036744;0;7;0;0;2;3;9;A01
201200036744;0;1;0;0;2;1;1;B01
201200036745;0;7;0;3;2;2;15;A01
201200036745;0;7;0;0;2;1;1;B01
201200036746;0;30;0;0;2;1;15;A01
201200036746;0;7;0;0;2;3;1;B01
201200036747;0;7;0;0;2;1;5;A01
201200036747;0;7;0;3;2;3;1;B01
201200036748;0;7;0;1;1;7;0;A01
201200036749;0;7;0;0;2;1;10;A01
201200036749;0;33;0;0;2;1;2;B01
201200036750;0;7;0;0;2;1;1;A01
201200036750;0;1;0;0;2;1;5;B01
201200036751;0;7;0;0;2;8;1;A01
201200036751;0;30;0;0;2;5;17;B01
201200036752;0;7;0;0;2;5;15;A01
201200036752;0;33;0;0;2;1;1;B01
201200036753;0;2;0;0;2;8;5;A01
201200036753;0;7;0;0;2;8;1;B01
201200036753;0;7;0;0;2;1;1;C01
201200036754;0;7;0;0;1;1;1;A01
201200036755;0;30;0;0;1;1;5;A01
201200036756;0;7;0;0;2;3;9;A01
201200036756;0;30;0;0;2;5;1;B01
201200036757;0;7;0;0;2;1;2;A01
201200036757;0;7;0;0;2;4;2;B01
201200036757;0;7;0;0;2;4;2;C01
201200036758;0;7;0;0;2;1;1;B01
201200036758;0;7;0;0;2;8;19;A01
201200036759;0;2;0;12;0;0;1;A01
201200036760;0;7;0;0;2;1;2;A01
201200036760;0;7;0;0;2;4;2;B01
201200036760;0;7;0;0;2;4;1;C01
201200036760;0;7;0;0;2;4;1;D01
201200036761;0;7;0;0;1;1;1;A01
201200036762;0;7;0;0;2;3;9;A01
201200036762;0;1;0;0;2;1;1;B01
201200036763;0;1;0;0;9;7;19;A01
201200036763;0;33;0;0;9;1;1;B01
201200036764;0;7;0;0;2;8;10;A01
201200036764;0;33;0;0;2;1;17;B01
201200036765;0;37;1;0;1;2;1;A01
201200036766;0;7;0;0;0;3;0;C01
201200036766;0;7;0;0;2;1;15;A01
201200036766;0;7;0;14;0;1;1;B01
201200036767;0;33;0;0;2;1;16;B01
201200036767;0;7;0;0;2;1;9;A01
201200036768;0;2;0;0;2;1;17;A01
201200036768;0;7;0;0;2;8;2;B01
201200036769;0;7;0;0;9;2;1;A01
201200036769;0;1;0;0;0;8;19;B01
201200036770;0;7;0;0;2;8;10;A01
201200036770;0;15;0;0;2;1;1;B01
201200036771;0;7;0;0;2;1;1;A01
201200036771;0;7;0;0;2;4;1;B01
201200036771;0;7;0;0;0;4;23;C01
201200036772;0;1;0;0;9;0;0;A01
201200036773;1;7;0;0;2;1;19;Z01
201200036773;0;7;0;7;2;8;15;A01
201200036774;0;7;0;0;2;2;15;A01
201200036774;0;31;0;0;2;1;1;B01
201200036775;0;7;0;0;1;1;1;A01
201200036776;0;7;0;0;1;1;17;A01
201200036777;0;2;0;0;2;1;1;A01
201200036777;0;7;0;0;0;3;1;B01
201200036778;0;7;0;0;2;8;9;A01
201200036778;0;7;0;0;2;2;1;B01
201200036779;0;7;0;0;2;1;1;B01
201200036779;0;10;0;0;2;8;1;A01
201200036780;0;30;0;0;2;1;21;B01
201200036780;0;7;0;0;2;3;1;A01
201200036781;0;7;0;6;0;1;14;A01
201200036782;0;7;0;0;2;3;11;B01
201200036782;0;31;0;14;2;1;1;A01
201200036783;0;33;0;15;0;1;0;A01
201200036784;0;7;0;0;9;7;1;A01
201200036784;0;1;0;0;2;4;1;B01
201200036785;0;7;0;0;2;1;13;A01
201200036785;0;7;0;0;2;3;1;B01
201200036785;0;7;0;0;0;8;1;C01
201200036786;0;7;0;1;0;1;1;A01