num_acc;senc;catv;occutc;obs;obsm;choc;manv;num_veh
201200036787;0;7;0;0;1;1;1;A01
201200036788;0;7;0;0;2;2;1;A01
201200036788;0;31;0;0;2;3;1;B01
201200036789;0;7;0;0;0;0;10;A01
201200036789;0;33;0;0;2;5;1;B01
201200036790;0;7;0;15;0;5;4;A01
201200036791;0;7;0;0;1;8;1;A01
201200036792;0;7;0;15;0;2;1;A01
201200036793;0;7;0;0;1;3;1;A01
201200036794;0;30;0;0;0;8;0;A01
201200036794;0;7;0;0;1;1;14;Z01
201200036795;1;99;0;0;0;0;0;Z01
201200036795;0;30;0;0;2;0;1;A01
201200036796;0;7;0;0;2;1;5;A01
201200036796;0;7;0;0;0;1;1;B01
201200036797;0;30;0;1;0;1;14;A01
201200036798;0;7;0;0;2;1;1;A01
201200036798;0;7;0;0;0;7;1;B01
201200036799;0;7;0;0;1;7;1;A01
201200036800;0;30;0;0;2;1;15;A01
201200036800;0;30;0;0;2;1;1;B01
201200036801;0;30;0;14;0;1;1;A01
201200036802;0;7;0;0;2;1;2;A01
201200036802;0;7;0;0;0;4;2;B01
201200036803;0;32;0;9;0;1;1;A01
201200036804;0;31;0;12;0;1;1;A01
201200036805;0;7;0;0;1;1;1;A01
201200036806;0;7;0;0;2;1;1;B01
201200036806;1;7;0;0;2;3;9;A01
201200036807;1;7;0;0;1;1;1;Z01
201200036808;0;7;0;0;2;1;9;A01
201200036808;0;7;0;0;2;7;1;B01
201200036809;0;7;0;0;1;1;1;A01
201200036810;0;7;0;2;0;1;14;A01
201200036811;0;7;0;0;2;1;1;A01
201200036811;0;10;0;0;2;4;2;B01
201200036811;0;10;0;0;2;4;2;C01
201200036811;0;7;0;0;2;4;2;D01
201200036811;0;10;0;0;2;4;2;E01
201200036811;0;7;0;0;0;4;2;F02
201200036812;0;7;0;0;1;2;1;A01
201200036813;0;10;0;6;0;1;1;A01
201200036814;0;7;0;0;1;1;1;A01
201200036815;0;7;0;2;0;0;1;A01
201200036816;0;7;0;0;2;3;1;B01
201200036816;0;30;0;0;2;1;1;A01
201200036817;0;7;0;15;2;0;9;A01
201200036817;0;7;0;0;2;0;1;B01
201200036818;0;7;0;0;2;8;15;B01
201200036818;0;2;0;0;2;1;17;A01
201200036819;0;31;0;0;2;8;1;B01
201200036819;0;7;0;0;2;1;19;A01
201200036819;0;7;0;0;2;3;23;C01
201200036820;0;7;0;1;0;0;0;A01
201200036821;0;7;0;2;0;7;1;A01
201200036822;0;7;0;0;2;2;17;A01
201200036822;0;1;0;0;2;8;15;B01
201200036823;0;7;0;0;2;0;9;A01
201200036823;0;33;0;0;0;0;1;B01
201200036824;0;7;0;0;1;3;1;A01
201200036825;0;2;0;0;2;1;1;A01
201200036825;0;7;0;0;2;8;15;B01
201200036826;0;2;0;0;2;1;0;A01
201200036826;0;7;0;0;2;3;1;B01
201200036827;0;15;0;3;2;2;1;A01
201200036827;0;33;0;0;2;3;1;B01
201200036828;0;30;0;6;0;1;16;A01
201200036829;0;16;0;0;2;1;1;A01
201200036829;0;30;0;0;0;4;2;B01
201200036829;0;7;0;0;0;4;1;C01
201200036829;0;7;0;0;2;1;1;D01
201200036830;0;7;0;0;2;1;6;A01
201200036830;0;7;0;0;2;1;1;B01
201200036830;0;7;0;0;2;1;1;C01
201200036831;0;7;0;14;0;1;1;A01
201200036831;0;15;0;0;2;1;23;B01
201200036832;0;7;0;0;2;3;15;A01
201200036832;0;30;0;0;2;3;1;B01
201200036833;0;7;0;0;0;4;2;C01
201200036833;0;7;0;0;2;4;2;B01
201200036833;0;10;0;0;2;1;2;A01
201200036834;0;7;0;2;0;1;1;A01
201200036835;0;7;0;0;0;0;20;A01
201200036835;0;33;0;0;0;8;21;B01
201200036836;0;7;0;0;0;3;1;B01
201200036836;0;7;0;0;2;1;15;A01
201200036837;0;7;0;0;0;3;15;B01
201200036837;0;2;0;0;2;7;17;A01
201200036838;0;1;0;0;0;1;15;B01
201200036838;0;7;0;0;2;3;1;A01
201200036839;0;7;0;0;0;7;10;A01
201200036839;0;7;0;0;2;1;1;B01
201200036840;0;10;0;0;1;8;1;A01
201200036841;0;7;0;0;2;4;2;C01
201200036841;0;14;0;0;2;1;2;A01
201200036841;0;7;0;0;0;4;2;D01
201200036841;0;10;0;0;2;4;2;B01
201200036842;0;2;0;16;0;1;1;A01
201200036843;0;7;0;0;1;2;1;A01
201200036844;0;7;0;9;0;9;1;A01
201200036845;0;7;0;0;2;3;15;B01
201200036845;0;7;0;0;2;3;1;A01
201200036846;0;35;0;0;0;4;1;B01
201200036846;0;7;0;0;2;1;1;A01
201200036847;0;7;0;0;2;7;16;A01
201200036847;0;1;0;0;2;3;1;B01
201200036848;0;7;0;0;2;3;1;A01
201200036848;0;1;0;0;2;1;1;B01
201200036849;0;7;0;0;1;3;1;A01
201200036850;0;7;0;0;2;3;22;A01
201200036850;0;1;0;1;0;1;1;B01
201200036851;0;7;0;0;1;1;1;A01
201200036852;0;33;0;0;0;8;1;D01
201200036852;0;33;0;0;0;7;1;B01
201200036852;0;33;0;0;0;8;1;C01
201200036852;0;33;0;0;2;7;17;A01
201200036853;0;33;0;0;0;4;2;B01
201200036853;0;33;0;0;0;4;2;C01
201200036853;0;33;0;0;2;1;2;A01
201200036854;0;7;0;9;0;1;1;A01
201200036855;0;7;0;0;2;3;1;B01
201200036855;0;33;0;0;2;1;15;A01
201200036856;0;1;0;0;2;1;1;B01
201200036856;0;14;0;0;2;7;16;A01
201200036857;0;7;0;0;0;6;1;B01
201200036857;0;2;0;0;2;1;3;A01
201200036858;0;2;0;16;0;7;1;A01
201200036859;0;33;0;0;2;3;15;A01
201200036859;0;7;0;0;0;7;1;B01
201200036860;0;7;0;0;0;3;15;A01
201200036860;0;1;0;0;2;1;1;B01
201200036861;0;2;0;0;0;1;1;B01
201200036861;0;7;0;0;2;2;20;A01
201200036862;0;7;0;0;2;1;21;A01
201200036862;0;7;0;0;0;1;1;B01
201200036863;0;7;0;0;0;4;2;B01
201200036863;0;7;0;0;2;1;2;A01
201200036864;0;7;0;15;2;2;12;A01
201200036864;0;7;0;0;0;3;1;B01
201200036865;0;7;0;0;0;4;2;B01
201200036865;0;7;0;0;2;1;2;A01
201200036866;0;7;0;3;2;1;1;B01
201200036866;0;7;0;3;2;1;5;A01
201200036866;0;14;0;0;0;3;1;C01
201200036867;0;7;0;0;0;8;1;D01
201200036867;0;7;0;0;0;1;1;B01
201200036867;0;7;0;0;2;1;10;A01
201200036867;0;7;0;0;0;4;1;C01
201200036868;0;7;0;0;2;1;1;A01
201200036869;0;33;0;0;2;1;1;B01
201200036869;0;7;0;0;2;2;16;A01
201200036870;0;7;0;0;0;3;10;A01
201200036870;0;33;0;0;2;1;17;B01
201200036871;0;2;0;16;0;1;1;A01
201200036872;0;7;0;0;0;4;23;B01
201200036872;0;33;0;0;2;1;2;A01
201200036873;0;7;0;0;0;8;1;B01
201200036873;0;2;0;0;2;1;1;A01
201200036874;0;7;0;0;1;1;1;A01
201200036875;0;7;0;0;1;1;1;A01
201200036876;0;2;0;1;0;1;1;A01
201200036877;0;33;0;0;0;1;1;B01
201200036877;0;10;0;0;0;8;15;A01
201200036878;0;7;0;0;0;3;15;B01
201200036878;0;33;0;0;2;7;17;A01
201200036879;0;7;0;3;0;1;9;A01
201200036880;0;7;0;9;0;1;1;A01
201200036881;0;7;0;0;1;1;1;A01
201200036882;0;2;0;0;2;1;2;A01
201200036882;0;7;0;0;0;4;2;B01
201200036883;0;2;0;16;0;1;16;A01
201200036884;0;7;0;0;0;1;1;B01
201200036884;0;33;0;0;2;1;13;A01
201200036885;0;7;0;0;1;2;1;A01
201200036886;0;33;0;0;2;1;1;B01
201200036886;0;7;0;0;2;2;15;A01
201200036887;0;33;0;0;2;1;1;B01
201200036887;1;7;0;0;2;7;15;Z01
201200036888;1;33;0;0;2;1;2;Z01
201200036888;0;33;0;0;2;4;2;B01
201200036889;1;33;0;0;1;1;0;A01
201200036890;0;1;0;0;2;1;15;B01
201200036890;0;7;0;0;2;1;1;A01
201200036891;1;7;0;0;1;6;0;Z01
201200036892;0;2;0;0;2;1;13;A01
201200036892;0;7;0;0;0;8;1;B01
201200036893;0;7;0;0;2;3;15;A01
201200036893;1;2;0;0;2;0;1;B01
201200036894;0;7;0;0;0;3;15;A01
201200036894;0;33;0;1;2;1;1;B01
201200036895;0;33;0;0;2;8;1;B01
201200036895;0;7;0;0;0;3;15;A01
201200036896;0;7;0;0;0;4;2;B01
201200036896;0;10;0;0;2;1;2;A01
201200036897;0;36;0;11;0;1;1;A01
201200036898;0;7;0;0;1;1;1;A01
201200036899;0;33;0;0;2;1;13;A01
201200036899;0;7;0;0;0;1;1;B01
201200036900;0;7;0;0;1;3;1;A01
201200036901;1;7;0;0;2;1;1;Z01
201200036902;1;7;0;0;2;4;4;Z01
201200036902;0;2;0;0;0;1;1;B01
201200036903;0;1;0;16;0;0;1;A01
201200036904;0;7;0;0;2;3;2;A01
201200036904;0;7;0;0;0;4;2;B01
201200036905;0;10;0;0;1;1;16;A01
201200036906;0;7;0;0;1;2;1;A01
201200036907;0;7;0;0;1;1;1;A01
201200036908;0;30;0;0;0;7;1;B01
201200036908;0;7;0;0;2;8;15;A01
201200036909;0;7;0;0;1;2;1;A01
201200036910;0;32;0;0;0;5;1;B01
201200036910;0;7;0;0;2;3;9;A01
201200036911;0;15;0;0;2;2;1;A01
201200036911;0;1;0;0;0;4;9;B01
201200036912;0;7;0;0;2;2;16;A01
201200036912;0;1;0;0;0;8;1;B01
201200036913;0;7;0;0;2;1;0;A01
201200036913;0;1;0;0;0;4;0;B01
201200036914;0;7;0;0;2;2;1;A01
201200036914;0;1;0;0;0;7;15;B01
201200036915;1;10;0;0;1;0;1;A01
201200036916;0;7;0;0;1;2;1;A01
201200036917;0;7;0;0;1;3;1;A01
201200036918;0;7;0;13;0;1;13;A01
201200036919;0;7;0;0;0;0;9;B01
201200036919;0;7;0;0;1;2;1;A01
201200036920;0;2;0;0;2;1;17;A01
201200036920;0;7;0;0;2;3;15;B01
201200036921;0;7;0;0;2;2;2;A01
201200036921;0;33;0;0;0;6;2;B01
201200036922;0;7;0;0;1;2;0;A01
201200036923;1;10;0;0;2;1;1;A01
201200036923;0;7;0;0;1;1;1;B01
201200036924;0;7;0;0;2;8;15;A01
201200036924;0;7;0;0;2;1;1;B01
201200036925;0;7;0;0;2;0;1;B01
201200036925;0;7;0;0;2;0;17;A01
201200036926;0;7;0;0;0;4;1;B01
201200036926;0;30;0;0;2;1;2;A01
201200036927;0;33;0;6;0;1;1;A01
201200036928;0;30;0;0;2;1;1;A01
201200036928;0;7;0;0;2;3;10;B01
201200036929;0;7;0;0;2;8;0;B01
201200036929;0;33;0;0;2;1;5;A01
201200036930;0;7;0;3;2;1;1;C01
201200036930;0;7;0;0;2;8;1;D01
201200036930;0;7;0;3;2;8;1;B01
201200036930;0;17;0;3;2;0;6;A01
201200036930;0;7;0;3;2;0;1;E01
201200036931;0;7;0;0;1;1;1;A01
201200036932;0;1;0;8;0;1;0;A01
201200036933;0;7;0;0;2;3;2;A01
201200036933;0;32;0;0;2;2;2;B01
201200036934;0;33;0;0;2;1;1;B01
201200036934;0;7;0;0;2;8;13;A01
201200036935;0;10;0;0;1;3;15;A01
201200036936;0;7;0;8;0;2;1;A01
201200036937;0;7;0;10;0;9;1;A01
201200036938;0;2;0;0;2;1;1;B01
201200036938;0;7;0;0;2;8;1;A01
201200036939;0;33;0;0;2;1;1;B01
201200036939;0;7;0;0;2;3;19;A01
201200036940;0;10;0;0;1;3;15;A01
201200036941;0;7;0;1;1;3;1;A01
201200036942;0;7;0;0;1;1;16;A01
201200036943;0;7;0;0;1;1;1;A01
201200036944;0;7;0;0;2;2;1;A01
201200036944;0;7;0;0;0;1;15;B01
201200036945;0;7;0;0;1;1;1;A01
201200036946;0;32;0;0;1;1;1;A01
201200036947;0;34;0;0;0;4;1;B01
201200036947;0;7;0;0;2;1;9;A01
201200036948;0;7;0;0;2;5;15;A01
201200036948;0;31;0;0;0;1;0;B01
201200036949;0;7;0;0;2;8;9;A01
201200036949;0;2;0;0;0;1;1;B01
201200036950;0;7;0;0;1;1;1;A01
201200036951;0;7;0;0;1;1;1;A01
201200036952;0;7;0;0;2;1;5;A01
201200036952;0;10;0;0;0;1;1;B01
201200036953;0;7;0;0;2;3;16;A01
201200036953;0;1;0;0;0;1;1;B01
201200036954;0;7;0;0;1;1;1;A01
201200036955;0;7;0;1;2;1;19;A01
201200036955;0;2;0;0;0;8;1;B01
201200036956;0;30;0;0;1;1;1;A01
201200036957;0;7;0;0;2;8;10;A01
201200036957;0;34;0;0;0;3;1;B01
201200036958;0;14;0;0;2;1;1;A01
201200036958;0;7;0;14;0;4;1;B01
201200036959;0;1;0;0;1;1;1;A01
201200036960;0;2;0;0;1;1;1;A01
201200036961;0;1;0;0;6;1;1;A01
201200036962;0;7;0;0;2;3;19;A01
201200036962;0;31;0;0;0;1;1;B01
201200036963;0;7;0;0;0;2;1;A01
201200036963;0;7;0;0;0;7;1;B01
201200036964;0;7;0;0;1;1;1;A01
201200036965;0;7;0;3;0;9;1;A01
201200036966;0;2;0;0;0;1;1;A01
201200036967;0;7;0;0;2;3;1;A01
201200036967;0;33;0;0;0;1;1;B01
201200036968;0;7;0;0;2;2;1;A01
201200036968;0;17;0;0;0;2;23;B01
201200036969;0;7;0;0;2;1;1;A01
201200036969;0;7;0;0;0;3;1;B01
201200036970;0;7;0;;2;3;1;A01
201200036970;0;7;0;;2;2;1;C02
201200036970;0;7;0;;2;3;1;B01
201200036971;0;1;0;0;1;1;9;A01
201200036972;0;7;0;0;2;1;13;A01
201200036972;0;7;0;0;0;0;1;B01
201200036973;0;7;0;0;1;1;1;A01
201200036974;0;7;0;0;2;1;13;A01
201200036974;0;7;0;0;0;1;1;B01
201200036975;0;7;0;0;1;1;16;A01
201200036976;0;7;0;0;2;1;13;A01
201200036976;0;7;0;0;0;1;1;B01
201200036977;0;10;0;0;2;1;1;A01
201200036977;0;7;0;0;0;0;0;B01
201200036978;0;7;0;0;2;6;9;A01
201200036978;0;7;0;0;0;7;1;B01
201200036979;0;10;0;6;0;1;1;A01
201200036980;0;7;0;0;2;5;4;B01
201200036980;0;34;0;0;2;1;2;A02
201200036981;0;7;0;0;2;3;16;A01
201200036981;0;33;0;0;2;7;9;B01
201200036982;0;1;0;0;2;0;1;A01
201200036982;0;7;0;0;2;1;0;B01
201200036983;0;7;0;0;2;1;1;B01
201200036983;0;33;0;0;2;1;1;A01
201200036984;0;7;0;0;1;7;2;A01
201200036985;0;7;0;0;2;1;2;A01
201200036985;0;7;0;0;2;1;2;B01
201200036986;0;33;0;0;2;7;2;A01
201200036986;0;10;0;0;2;5;19;B01
201200036987;0;7;0;0;2;3;9;A01
201200036987;0;32;0;0;2;3;2;B01
201200036988;0;7;0;0;0;1;0;A01
201200036989;0;7;0;0;1;8;2;A01
201200036990;0;7;0;0;2;8;9;A01
201200036990;0;31;0;0;2;1;13;B01
201200036991;0;7;0;0;2;4;0;A01
201200036991;0;30;0;0;2;1;2;B01
201200036992;0;7;0;2;0;1;2;A01
201200036993;0;7;0;0;2;8;16;A01
201200036993;0;7;0;0;2;1;2;B01
201200036994;0;7;0;0;1;4;4;A01
201200036995;0;7;0;0;1;1;0;A01
201200036996;0;7;0;0;1;0;0;A01
201200036997;0;7;0;0;2;0;1;A01
201200036997;0;7;0;0;2;0;1;B01
201200036998;1;7;0;0;0;0;0;A01
201200036999;0;7;0;0;1;8;0;A01
201200037000;0;7;0;0;2;7;16;A01
201200037000;0;30;0;0;2;8;0;B01
201200037001;0;7;0;0;1;4;4;A01
201200037002;0;30;0;0;1;1;1;A01
201200037003;0;7;0;0;1;1;1;A01
201200037004;0;31;0;0;1;3;1;A01
201200037005;0;7;0;0;1;2;1;A01
201200037006;0;7;0;0;2;7;15;A01
201200037006;0;7;0;0;2;1;16;B01
201200037007;0;2;0;0;0;1;2;A01
201200037007;0;2;0;0;0;0;0;B01
201200037008;0;7;0;0;2;2;13;A01
201200037008;0;7;0;0;2;1;1;B01
201200037009;0;7;0;0;2;1;1;A01
201200037009;0;7;0;0;2;1;1;B01
201200037010;0;7;0;0;2;0;1;A01
201200037010;0;7;0;0;2;0;1;B01
201200037010;0;7;0;0;2;0;1;C01
201200037011;0;7;0;0;2;1;1;A01
201200037011;0;7;0;0;2;4;1;B01
201200037012;0;1;0;0;2;1;1;B01
201200037012;0;7;0;0;9;7;15;A01
201200037013;0;7;0;0;0;1;1;A01
201200037013;0;7;0;0;0;4;1;A02
201200037014;0;7;0;0;0;4;2;A01
201200037014;0;2;0;0;2;1;2;B01
201200037015;0;7;0;0;1;7;1;A01
201200037016;0;7;0;0;9;3;20;A01
201200037016;0;33;0;0;2;3;1;B01
201200037017;0;7;0;0;1;1;1;A01
201200037018;0;10;0;0;1;1;1;A01
201200037019;0;7;0;0;1;4;4;A01
201200037020;0;7;0;0;2;3;15;A01
201200037020;0;7;0;0;2;2;1;B01
201200037021;0;7;0;0;1;3;1;A01
201200037022;0;7;0;0;2;3;23;A01
201200037022;0;2;0;0;2;1;1;B01
201200037023;0;33;0;0;2;1;1;B01
201200037023;0;7;0;0;2;3;15;A01
201200037024;0;7;0;0;1;3;0;A01
201200037025;0;7;0;0;2;0;1;A01
201200037025;0;7;0;0;2;0;1;B01
201200037026;0;32;0;0;2;1;17;A01
201200037026;0;7;0;0;2;8;10;B01
201200037027;0;7;0;0;1;4;1;B01
201200037027;0;10;0;0;2;1;1;A01
201200037028;0;31;0;0;0;7;1;A02
201200037028;0;7;0;0;0;1;1;A01
201200037029;0;7;0;0;1;7;1;A01
201200037030;0;7;0;0;2;2;1;A01
201200037030;0;7;0;0;2;2;11;B01
201200037031;0;7;0;0;1;3;1;A01
201200037032;0;30;0;0;9;2;1;A01
201200037032;0;1;0;0;9;6;15;B01
201200037033;0;7;0;0;2;1;2;A01
201200037033;0;7;0;0;0;4;23;B01
201200037034;0;7;0;0;2;2;12;A01
201200037034;0;30;0;0;2;8;1;B01
201200037034;0;7;0;0;2;7;1;C01
201200037035;0;30;0;0;2;1;13;A01
201200037035;0;7;0;0;2;2;2;B01
201200037036;0;7;0;0;1;2;1;A01
201200037037;0;33;0;1;2;1;1;B01
201200037037;0;7;0;1;2;3;13;A01
201200037038;0;30;0;0;2;1;13;A01
201200037038;0;7;0;0;9;3;21;B01
201200037039;0;7;0;0;9;7;2;A01
201200037039;0;1;0;0;2;8;2;B01
201200037040;0;30;0;12;0;1;1;A01
201200037041;0;7;0;0;2;3;15;B01
201200037041;0;33;0;0;2;1;1;A01
201200037042;0;7;0;0;0;6;1;C01
201200037042;0;7;0;1;2;3;1;B01
201200037042;0;7;0;0;2;3;19;A01
201200037043;0;30;0;8;0;1;6;A01
201200037044;0;13;0;0;0;6;1;A01
201200037044;0;2;0;0;2;8;5;B01
201200037045;0;2;0;0;0;8;2;A01
201200037045;1;7;0;0;0;0;0;Z01
201200037046;0;7;0;14;0;1;2;A01
201200037046;0;7;0;0;0;4;23;B01
201200037047;0;7;0;0;2;3;15;A01
201200037047;0;30;0;0;2;7;1;B01
201200037048;0;7;0;0;2;8;15;A01
201200037048;0;17;0;0;2;1;1;B01
201200037049;0;30;0;8;0;1;15;A01
201200037050;0;7;0;0;1;1;1;A01
201200037051;0;7;0;0;1;2;1;A01
201200037052;0;30;0;7;0;2;2;A01
201200037053;0;7;0;0;2;2;1;B01
201200037053;0;7;0;0;2;1;1;A01
201200037054;0;33;0;0;0;8;2;A01
201200037055;0;7;0;0;2;3;1;D01
201200037055;0;7;0;0;2;1;13;A01
201200037055;0;7;0;0;2;8;1;B01
201200037055;0;7;0;0;2;1;1;C01
201200037056;0;15;0;0;2;2;17;A01
201200037056;0;7;0;0;0;8;15;B01
201200037057;0;7;0;15;0;3;14;A01
201200037058;0;7;0;0;0;3;10;A01
201200037058;0;2;0;0;2;5;1;B01
201200037059;0;2;0;0;0;8;0;A01
201200037060;0;10;0;0;2;1;0;B01
201200037060;0;7;0;0;2;1;5;A01
201200037061;0;7;0;0;2;3;19;A01
201200037061;0;7;0;0;2;2;1;B01
201200037062;0;10;0;0;2;3;0;B01
201200037062;0;7;0;0;2;2;0;A01
201200037063;0;7;0;0;1;3;1;A01
201200037064;0;7;0;0;1;1;1;A01
201200037065;0;30;0;12;0;1;1;A01
201200037066;0;7;0;2;0;1;14;A01
201200037067;0;7;0;0;2;2;1;B01
201200037067;0;7;0;7;2;2;13;A01
201200037068;0;33;0;3;0;1;1;A01
201200037069;0;7;0;16;0;0;14;A01
201200037070;0;7;0;0;2;1;1;B01
201200037070;0;7;0;0;2;2;19;A01
201200037070;0;7;0;0;2;3;23;C01
201200037071;0;7;0;16;9;1;1;A01
201200037072;0;7;0;16;9;0;1;A01
201200037073;0;33;0;0;2;1;1;B01
201200037073;0;7;0;0;0;7;19;A01
201200037074;0;7;0;0;2;8;0;B01
201200037074;0;7;0;0;2;9;1;A01
201200037074;0;7;0;0;2;6;0;C01
201200037075;0;7;0;0;2;3;15;B01
201200037075;0;2;0;0;2;2;13;A01
201200037076;0;34;0;16;0;0;13;A01
201200037077;0;2;0;0;2;8;13;A01
201200037077;0;7;0;0;2;7;17;B01
201200037078;0;33;0;0;2;1;2;A01
201200037078;0;10;0;0;2;4;2;B01
201200037079;0;2;0;0;0;8;1;A01
201200037080;0;2;0;0;2;3;13;A01
201200037080;0;7;0;0;2;1;1;B01
201200037081;0;7;0;0;0;4;2;C01
201200037081;0;7;0;0;2;4;2;B01
201200037081;0;7;0;0;2;1;2;A01
201200037082;0;7;0;0;0;4;2;B01
201200037082;0;33;0;0;2;1;2;A01
201200037083;0;30;0;0;0;7;1;A01
201200037084;0;7;0;0;2;8;15;A01
201200037084;0;2;0;0;2;1;1;B01
201200037085;0;7;0;0;0;4;2;B01
201200037085;0;7;0;0;2;1;2;A01
201200037086;0;7;0;0;1;1;1;A01
201200037087;0;7;0;0;2;4;2;B01
201200037087;0;15;0;0;2;1;2;A01
201200037088;0;7;0;0;1;2;1;A01
201200037089;0;7;0;9;0;0;13;A01
201200037090;0;7;0;16;0;3;23;A01
201200037091;0;7;0;0;2;1;1;B01
201200037091;0;7;0;0;2;1;13;A01
201200037091;0;7;0;0;2;8;1;C01
201200037092;0;2;0;0;1;0;0;A01
201200037093;0;7;0;0;2;4;2;B01
201200037093;0;7;0;0;2;1;2;A01
201200037094;0;7;0;0;1;2;1;A01
201200037095;0;7;0;0;1;7;2;A01
201200037096;0;7;0;0;2;1;1;B01
201200037096;0;33;0;0;2;1;2;A01
201200037097;0;30;0;0;2;1;1;B01
201200037097;0;7;0;0;2;3;15;A01
201200037098;0;37;1;0;1;3;1;A01
201200037099;0;7;0;0;2;1;1;B01
201200037099;0;7;0;0;2;3;1;A01
201200037100;0;7;0;0;2;3;15;A01
201200037100;0;7;0;0;2;1;1;B01
201200037100;0;7;0;0;2;8;23;C01
201200037101;0;7;0;0;2;1;1;B01
201200037101;0;7;0;0;2;8;15;A01
201200037102;0;30;0;0;2;1;1;B01
201200037102;0;7;0;0;2;3;15;A01
201200037103;0;7;0;0;2;7;2;C01
201200037103;2;7;0;0;2;1;19;Z01
201200037103;0;10;0;0;2;1;19;B01
201200037104;0;7;0;0;2;2;15;A01
201200037104;0;33;0;0;2;9;1;B01
201200037105;0;7;0;0;2;1;13;A01
201200037105;0;7;0;0;2;1;1;B01
201200037106;0;7;0;0;2;8;1;B01
201200037106;0;2;0;0;2;1;19;A01
201200037107;0;30;0;9;0;1;1;A01
201200037108;0;10;0;0;2;2;1;A01
201200037108;0;1;0;0;2;1;1;B01
201200037109;2;30;0;0;1;1;0;Z01
201200037110;0;7;0;0;2;7;15;A01
201200037110;0;1;0;0;2;1;1;B01
201200037111;0;7;0;2;0;1;14;A01
201200037112;0;7;0;0;2;3;15;A01
201200037112;0;33;0;0;2;8;1;B01
201200037113;0;7;0;0;2;2;16;B01
201200037113;2;2;0;0;1;1;21;A01
201200037114;0;2;0;0;2;5;1;A01
201200037114;0;7;0;0;2;5;13;B01
201200037115;0;34;0;8;0;1;1;A01
201200037116;0;33;0;0;2;1;1;A01
201200037116;0;7;0;0;0;4;1;B01
201200037117;0;7;0;0;2;1;1;B01
201200037117;0;7;0;3;2;1;1;A01
201200037118;0;7;0;0;1;1;1;A01
201200037119;1;7;0;0;1;7;1;Z01
201200037120;1;7;0;0;1;2;1;Z01
201200037121;0;2;0;0;1;2;2;A01
201200037122;0;7;0;2;0;7;16;A01
201200037123;0;2;0;12;0;7;15;A01
201200037124;0;7;0;0;1;1;15;A01
201200037125;0;7;0;0;2;3;1;B01
201200037125;0;7;0;0;2;1;13;A01
201200037126;0;7;0;1;0;8;14;A01
201200037127;0;7;0;0;2;3;1;B01
201200037127;0;7;0;0;2;7;1;A01
201200037128;0;7;0;0;2;3;1;B01
201200037128;0;30;0;0;2;1;1;A01
201200037129;0;1;0;0;1;1;0;A01
201200037130;0;3;0;0;0;0;1;A01
201200037131;0;7;0;2;0;1;1;A01
201200037132;0;7;0;0;2;1;2;A01
201200037132;0;7;0;0;2;4;2;B01
201200037133;0;7;0;0;2;1;1;B01
201200037133;0;7;0;0;2;1;13;A01
201200037134;0;7;0;1;2;2;1;A01
201200037134;0;7;0;6;2;1;1;B01
201200037135;0;7;0;0;1;2;1;A01
201200037136;0;38;1;0;1;2;1;A01
201200037137;0;2;0;0;2;1;1;B01
201200037137;0;7;0;0;2;2;15;A01
201200037138;0;7;0;0;1;2;1;A01
201200037139;1;7;0;0;1;1;1;Z01
201200037140;0;7;0;0;2;1;2;A01
201200037140;0;7;0;0;2;4;2;B01
201200037141;0;33;0;0;0;8;0;A01
201200037142;0;7;0;0;2;2;15;A01
201200037142;0;33;0;0;2;2;1;B01
201200037143;0;30;0;0;0;3;1;A01
201200037144;1;99;0;0;0;0;0;Z01
201200037145;0;7;0;0;2;4;23;C01
201200037145;0;7;0;0;2;4;23;B01
201200037145;1;10;0;0;0;0;0;A01
201200037146;0;10;0;0;1;1;15;A01
201200037147;0;2;0;1;2;7;17;A01
201200037147;0;7;0;0;2;3;20;B01
201200037148;0;7;0;0;0;0;1;A01
201200037148;0;30;0;0;0;7;16;B01
201200037149;0;7;0;0;1;1;1;A01
201200037150;0;7;0;0;1;2;1;A01
201200037151;0;7;0;0;2;1;1;C01
201200037151;0;7;0;0;2;4;23;B01
201200037151;0;7;0;16;0;9;1;A01
201200037152;0;7;0;9;0;2;14;A01
201200037153;0;7;0;0;1;1;1;A01
201200037154;0;7;0;0;1;7;15;A01
201200037155;0;30;0;0;0;8;1;A01
201200037156;0;10;0;0;1;4;4;A01
201200037157;0;7;0;0;2;8;15;A01
201200037157;0;31;0;0;2;7;1;B01
201200037158;0;31;0;12;0;1;1;A01
201200037159;0;7;0;0;1;3;1;A01
201200037160;0;7;0;0;2;6;1;B01
201200037160;0;7;0;0;2;2;5;A01
201200037161;0;7;0;0;1;1;1;A01
201200037162;0;7;0;1;0;4;1;A01
201200037163;0;1;0;0;2;1;1;B01
201200037163;0;7;0;0;2;1;15;A01
201200037164;0;30;0;16;0;0;1;A01
201200037165;0;7;0;4;0;8;1;A01
201200037166;0;33;0;0;2;7;1;B01
201200037166;0;7;0;0;2;3;11;A01
201200037167;0;2;0;9;0;7;0;A01
201200037168;0;7;0;0;1;1;1;A01
201200037169;0;2;0;0;2;4;2;B01
201200037169;0;2;0;0;2;1;2;A01
201200037170;1;7;0;0;1;1;1;A01
201200037171;0;7;0;0;1;1;1;A01
201200037172;0;7;0;0;2;4;23;B01
201200037172;0;30;0;0;2;1;1;A01
201200037173;0;7;0;1;0;1;20;D01
201200037174;0;7;0;0;2;1;2;A01
201200037174;0;7;0;0;2;4;2;B01
201200037175;0;7;0;0;2;7;1;A01