num_acc;senc;catv;occutc;obs;obsm;choc;manv;num_veh
201200037175;0;2;0;0;2;0;1;B01
201200037176;0;7;0;0;2;3;15;A01
201200037176;0;30;0;0;2;1;17;B01
201200037177;0;7;0;0;1;1;1;A01
201200037178;0;7;0;0;1;4;1;A01
201200037179;0;30;0;0;2;0;0;B01
201200037179;0;10;0;0;2;0;1;A01
201200037180;0;1;0;0;2;0;1;B01
201200037180;0;14;0;0;2;0;16;A01
201200037181;0;7;0;0;0;2;1;A01
201200037182;0;33;0;0;2;1;17;B01
201200037182;0;7;0;0;2;3;15;A01
201200037183;0;7;0;0;2;1;9;A01
201200037183;0;30;0;0;2;1;17;B01
201200037184;0;7;0;13;0;1;13;A01
201200037185;0;7;0;0;1;5;1;A01
201200037186;0;7;0;0;2;2;15;A01
201200037186;0;7;0;9;2;3;1;B01
201200037187;0;7;0;0;2;1;1;A01
201200037187;0;7;0;0;2;1;1;B01
201200037187;0;10;0;0;2;4;23;C01
201200037188;1;7;0;0;2;2;15;Z01
201200037188;0;7;0;2;2;1;1;B01
201200037189;0;32;0;0;2;1;1;B01
201200037189;0;10;0;0;2;2;15;A01
201200037190;0;30;0;16;0;0;1;A01
201200037191;0;7;0;0;2;3;1;B01
201200037191;0;7;0;0;2;3;13;A01
201200037192;0;7;0;1;2;1;1;B01
201200037192;0;7;0;0;2;3;15;A01
201200037193;0;15;0;0;2;7;1;A01
201200037193;0;1;0;0;2;9;0;B01
201200037194;0;2;0;0;2;1;1;B01
201200037194;0;7;0;0;2;3;15;A01
201200037195;0;7;0;1;0;2;1;A01
201200037196;0;7;0;9;0;2;0;A01
201200037197;0;33;0;0;2;1;1;B01
201200037197;0;7;0;0;2;2;15;A01
201200037198;0;30;0;0;2;1;1;A01
201200037198;0;7;0;0;2;2;1;B01
201200037199;0;33;0;0;0;0;1;A01
201200037200;0;7;0;0;2;1;1;B01
201200037200;0;7;0;0;2;2;15;A01
201200037201;0;7;0;0;2;1;1;A01
201200037201;0;7;0;0;2;3;1;B01
201200037202;0;7;0;0;2;2;1;A01
201200037202;0;2;0;0;2;1;1;B01
201200037203;0;33;0;0;2;1;9;A01
201200037203;0;7;0;0;2;4;1;B01
201200037204;0;30;0;0;2;5;1;B01
201200037204;0;7;0;0;2;6;13;A01
201200037205;0;30;0;0;0;0;1;A01
201200037206;1;7;0;0;2;0;12;Z01
201200037206;0;7;0;3;2;1;21;A01
201200037206;0;7;0;0;2;1;1;B01
201200037207;0;2;0;0;2;4;1;A01
201200037207;1;7;0;0;2;1;2;Z01
201200037208;0;7;0;0;2;1;15;A01
201200037208;0;7;0;0;2;1;1;B01
201200037209;0;7;0;0;0;9;1;A01
201200037210;0;7;0;0;2;1;1;B01
201200037210;0;2;0;0;2;1;1;A01
201200037211;0;7;0;0;1;2;1;A01
201200037212;0;32;0;0;2;7;1;B01
201200037212;0;7;0;0;2;1;15;A01
201200037213;0;2;0;0;2;8;1;A01
201200037213;0;7;0;0;2;8;1;B01
201200037214;0;2;0;0;2;7;1;B01
201200037214;0;7;0;0;2;2;15;A01
201200037215;0;7;0;4;0;3;1;A01
201200037216;0;7;0;14;0;1;1;A01
201200037217;0;1;0;0;2;1;10;B01
201200037217;0;33;0;0;2;1;1;A01
201200037218;0;30;0;0;0;0;1;A01
201200037219;0;31;0;16;0;0;10;A01
201200037220;0;33;0;0;2;1;1;B01
201200037220;0;7;0;0;2;7;16;A01
201200037221;0;7;0;0;2;3;15;A01
201200037221;0;7;0;0;2;6;1;B01
201200037222;0;30;0;0;2;1;1;B01
201200037222;0;7;0;0;2;2;16;A01
201200037223;0;7;0;0;1;1;1;A01
201200037224;0;7;0;0;2;8;1;B01
201200037224;0;33;0;1;2;1;1;A01
201200037225;0;7;0;8;0;1;1;A01
201200037226;0;1;0;1;0;7;0;A01
201200037227;0;33;0;0;2;8;1;B01
201200037227;0;16;0;0;2;7;20;A01
201200037228;0;7;0;0;1;1;15;A01
201200037229;0;7;0;11;0;9;1;A01
201200037230;0;10;0;4;0;3;1;A01
201200037231;0;7;0;16;0;0;1;A01
201200037232;0;7;0;0;2;8;1;B01
201200037232;2;7;0;0;2;0;0;A01
201200037233;0;31;0;0;0;0;1;A01
201200037234;0;33;0;8;0;2;1;A01
201200037235;0;2;0;0;2;1;1;B01
201200037235;0;7;0;0;2;2;1;A01
201200037236;0;2;0;6;0;1;1;A01
201200037237;1;7;0;0;1;5;4;Z01
201200037238;0;33;0;16;0;0;1;A01
201200037239;1;7;0;0;2;8;17;Z01
201200037239;0;30;0;0;2;2;17;A01
201200037240;1;7;0;0;2;3;16;Z01
201200037240;0;30;0;0;2;2;1;A01
201200037241;0;7;0;0;1;1;1;A01
201200037242;0;7;0;0;2;7;17;A01
201200037242;0;30;0;0;2;6;1;B01
201200037243;0;7;0;0;1;3;1;A01
201200037244;0;2;0;11;0;1;1;A01
201200037245;0;7;0;0;2;6;1;B01
201200037245;0;7;0;0;2;2;1;A01
201200037246;0;7;0;0;1;1;1;A01
201200037247;0;7;0;0;2;4;23;B01
201200037247;1;7;0;0;2;1;1;A01
201200037248;0;7;0;0;2;4;23;B01
201200037248;0;7;0;0;2;1;1;A01
201200037249;0;7;0;2;0;9;14;A01
201200037250;0;37;1;0;1;2;1;A01
201200037251;0;7;0;0;2;4;23;C01
201200037251;0;7;0;0;2;1;1;A01
201200037251;0;7;0;0;2;4;23;B01
201200037252;0;33;0;3;0;8;0;A01
201200037253;0;2;0;0;0;7;1;A01
201200037254;0;7;0;0;2;1;1;A01
201200037254;0;10;0;0;2;4;23;B01
201200037255;0;1;0;0;2;4;15;B01
201200037255;0;7;0;0;2;1;1;A01
201200037256;0;33;0;15;0;0;1;A01
201200037257;0;1;0;0;2;1;15;B01
201200037257;0;10;0;0;2;7;6;A01
201200037258;0;1;0;0;2;7;19;B01
201200037258;0;7;0;0;2;1;1;A01
201200037259;0;7;0;6;0;1;1;A01
201200037260;0;7;0;0;2;2;16;A01
201200037260;0;37;0;0;2;3;9;B01
201200037261;0;34;0;12;0;1;5;A01
201200037262;0;30;0;0;0;0;1;A01
201200037263;0;30;0;0;2;1;1;A01
201200037263;0;7;0;0;2;2;1;B01
201200037264;0;7;0;0;2;3;1;C01
201200037264;0;7;0;0;2;8;1;B01
201200037264;0;7;0;0;2;3;13;A01
201200037265;0;7;0;8;0;1;1;A01
201200037266;0;1;0;0;2;4;19;B01
201200037266;0;7;0;0;2;1;1;A01
201200037267;0;32;0;14;0;1;1;A01
201200037268;1;7;0;0;0;0;0;B01
201200037268;0;30;0;0;2;1;1;A01
201200037269;0;7;0;0;1;1;15;A01
201200037270;0;14;0;0;2;3;23;A01
201200037270;0;1;0;0;2;1;1;B01
201200037271;0;7;0;0;2;2;14;A01
201200037271;0;30;0;0;2;3;18;B01
201200037272;0;31;0;0;2;8;1;B01
201200037272;2;7;0;0;2;8;5;A01
201200037273;1;30;0;0;2;0;17;A01
201200037273;0;7;0;0;2;6;15;B01
201200037274;0;30;0;0;0;1;12;A01
201200037275;0;36;0;0;2;3;1;A01
201200037275;0;7;0;0;2;3;1;B01
201200037276;0;1;0;0;2;0;1;A01
201200037276;0;7;0;0;2;2;1;B01
201200037277;0;30;0;0;2;1;1;B01
201200037277;0;7;0;0;2;3;15;A01
201200037278;0;1;0;0;0;0;16;A01
201200037279;0;7;0;0;1;1;1;A01
201200037280;0;30;0;0;0;0;9;A01
201200037281;0;1;0;0;0;0;11;A01
201200037282;0;7;0;0;1;5;4;A01
201200037283;0;7;0;0;2;1;2;A01
201200037283;0;33;0;0;2;6;23;B01
201200037284;0;30;0;0;2;1;1;A01
201200037284;0;7;0;0;2;5;23;B01
201200037285;0;30;0;12;0;1;1;A01
201200037286;0;7;0;0;1;5;4;A01
201200037287;0;33;0;0;1;1;0;A01
201200037288;0;7;0;0;2;2;1;B01
201200037288;2;7;0;0;2;1;1;A01
201200037289;0;7;0;0;2;3;0;B01
201200037289;0;7;0;0;2;6;16;A01
201200037290;0;31;0;0;2;1;1;B01
201200037290;0;10;0;0;2;2;15;A01
201200037291;0;7;0;0;2;7;15;B01
201200037291;0;34;0;0;2;1;1;A01
201200037292;0;7;0;0;2;2;15;A01
201200037292;0;30;0;0;2;1;1;B01
201200037293;0;2;0;16;0;0;1;A01
201200037294;0;7;0;0;1;1;1;A01
201200037295;0;7;0;0;2;4;23;B01
201200037295;1;7;0;0;2;1;1;A01
201200037296;0;7;0;0;2;4;1;B01
201200037296;1;99;0;0;2;1;2;Z01
201200037297;1;7;0;0;1;1;1;Z01
201200037298;0;7;0;0;1;2;1;A01
201200037299;0;31;0;0;2;1;1;B01
201200037299;0;7;0;0;2;0;19;A01
201200037300;0;1;0;16;0;0;1;A01
201200037301;0;7;0;0;2;4;23;B01
201200037301;2;7;0;14;0;1;1;A01
201200037302;1;7;0;0;0;0;0;A01
201200037303;0;7;0;0;2;3;15;B01
201200037303;0;7;0;0;2;2;1;A01
201200037304;0;1;0;12;0;1;0;A01
201200037305;0;7;0;0;1;2;11;A01
201200037306;0;31;0;16;0;0;1;A01
201200037307;0;14;0;0;1;3;1;A01
201200037308;0;7;0;0;2;1;1;A01
201200037308;0;33;0;0;2;7;1;B01
201200037309;0;7;0;0;2;5;1;B01
201200037309;0;30;0;0;2;2;1;A01
201200037310;0;1;0;0;0;0;1;A01
201200037311;0;2;0;0;2;1;1;A01
201200037311;1;7;0;0;2;4;23;B01
201200037312;0;30;0;16;0;7;1;A01
201200037313;0;7;0;0;1;1;16;A01
201200037314;2;7;0;14;0;1;13;A01
201200037315;0;7;0;14;0;3;1;A01
201200037315;0;7;0;0;2;4;23;B01
201200037316;0;17;0;4;0;7;1;A01
201200037317;0;30;0;16;0;0;1;A01
201200037318;0;32;0;0;0;1;1;B01
201200037318;0;7;0;0;2;8;15;A01
201200037319;0;7;0;0;2;1;1;B01
201200037319;0;7;0;0;2;1;1;A01
201200037320;0;30;0;5;0;7;1;A01
201200037321;1;1;0;0;1;0;1;A01
201200037322;0;7;0;0;2;7;16;B01
201200037322;1;30;0;0;0;0;0;A01
201200037323;0;30;0;0;2;1;1;A01
201200037323;1;7;0;0;2;2;1;Z01
201200037324;0;7;0;0;2;2;15;A01
201200037324;0;30;0;0;2;8;1;B01
201200037325;0;7;0;0;1;3;1;A01
201200037326;0;33;0;0;2;3;1;B01
201200037326;0;7;0;0;2;2;1;A01
201200037327;1;7;0;0;1;1;1;Z01
201200037328;0;7;0;0;1;2;15;A01
201200037329;2;2;0;0;2;1;16;A01
201200037329;0;7;0;0;2;3;15;B01
201200037330;0;7;0;0;1;2;16;A01
201200037331;0;33;0;16;0;0;1;A01
201200037332;0;2;0;0;2;1;16;A01
201200037332;0;7;0;0;2;8;1;B01
201200037333;0;2;0;0;2;1;1;A01
201200037333;0;7;0;0;2;8;1;B01
201200037334;0;2;0;0;2;1;1;B01
201200037334;0;7;0;0;2;8;9;A01
201200037335;0;7;0;0;2;8;1;B01
201200037335;1;7;0;0;2;1;1;A01
201200037336;0;7;0;0;2;1;1;A01
201200037336;0;7;0;0;2;1;1;B01
201200037337;0;7;0;0;1;7;1;A01
201200037338;0;7;0;0;2;1;2;A01
201200037338;0;7;0;0;2;4;23;C01
201200037338;0;7;0;0;2;4;23;B01
201200037339;0;7;0;0;1;1;15;A01
201200037340;0;7;0;0;2;1;1;B01
201200037340;0;7;0;0;2;1;1;A01
201200037341;0;7;0;0;2;8;10;A01
201200037341;0;7;0;0;2;1;1;B01
201200037342;0;7;0;0;1;2;1;A01
201200037343;0;7;0;0;2;2;1;A01
201200037343;0;7;0;0;2;3;1;B01
201200037344;0;7;0;0;1;1;1;A01
201200037345;0;2;0;0;0;0;1;A01
201200037346;0;2;0;0;0;8;15;A01
201200037347;0;7;0;1;0;2;1;A01
201200037348;0;32;0;0;0;7;1;A01
201200037349;0;7;0;0;2;4;23;B01
201200037349;0;30;0;0;2;1;1;A01
201200037350;0;7;0;0;2;2;15;B01
201200037350;0;2;0;0;2;1;1;A01
201200037351;0;7;0;0;2;8;15;B01
201200037351;2;7;0;0;2;1;1;Z01
201200037352;0;7;0;0;1;1;1;A01
201200037353;0;7;0;0;1;2;1;A01
201200037354;0;7;0;14;0;7;1;A01
201200037355;0;30;0;1;0;7;1;A01
201200037356;0;30;0;16;0;0;1;A01
201200037357;0;7;0;0;2;3;1;B01
201200037357;0;7;0;1;2;3;1;A01
201200037358;0;17;0;0;2;3;1;B01
201200037358;0;7;0;1;2;5;17;A01
201200037359;0;30;0;16;0;0;1;A01
201200037360;0;2;0;16;0;0;1;A01
201200037361;0;33;0;16;0;0;1;A01
201200037362;1;99;0;0;0;0;0;A01
201200037362;0;7;0;0;2;3;9;B01
201200037363;0;2;0;8;0;1;0;A01
201200037364;0;2;0;6;0;1;1;A01
201200037365;0;7;0;0;1;4;4;A01
201200037366;0;7;0;15;2;0;0;A01
201200037366;0;7;0;0;2;1;15;B01
201200037367;0;7;0;0;2;7;15;A01
201200037367;0;7;0;0;2;6;23;C01
201200037367;0;31;0;0;2;1;1;B01
201200037368;0;7;0;0;2;4;2;C01
201200037368;0;7;0;0;2;1;2;A01
201200037368;0;7;0;0;2;4;2;B01
201200037369;0;7;0;1;2;2;13;A01
201200037369;0;7;0;0;2;3;23;C01
201200037369;0;7;0;0;2;3;23;D01
201200037370;0;7;0;0;2;6;0;B01
201200037370;0;32;0;0;2;6;0;A01
201200037371;0;10;0;0;2;4;0;B01
201200037371;0;7;0;0;2;1;1;A01
201200037372;1;7;0;0;1;0;0;Z01
201200037373;0;30;0;0;0;0;0;A01
201200037374;0;1;0;0;2;1;1;B01
201200037374;0;7;0;0;0;1;15;A01
201200037375;0;33;0;0;0;7;0;A01
201200037376;0;34;0;0;2;1;1;A01
201200037376;0;7;0;0;2;1;15;B01
201200037377;0;7;0;0;2;3;2;A01
201200037377;0;1;0;0;2;2;1;B01
201200037378;0;7;0;0;0;4;2;D01
201200037378;0;7;0;0;2;4;2;C01
201200037378;0;7;0;0;2;1;2;A01
201200037378;0;7;0;0;2;4;2;B01
201200037379;0;7;0;0;1;1;0;A01
201200037380;0;7;0;0;1;2;1;A01
201200037381;0;7;0;0;1;3;1;A01
201200037382;1;7;0;0;0;0;0;Z01
201200037383;0;7;0;0;1;1;21;A01
201200037384;0;7;0;2;0;3;13;A01
201200037385;0;7;0;0;1;1;1;A01
201200037386;0;7;0;0;2;1;2;A01
201200037386;0;7;0;14;2;4;23;B01
201200037387;1;34;0;0;1;0;0;Z01
201200037388;0;2;0;0;2;1;1;B01
201200037388;0;7;0;0;2;8;15;A01
201200037389;0;7;0;4;0;3;1;A01
201200037390;0;7;0;0;2;7;1;A01
201200037390;0;7;0;0;2;7;1;B01
201200037391;2;7;0;6;2;2;1;A01
201200037391;0;7;0;0;2;1;15;B01
201200037392;0;7;0;0;2;8;0;A01
201200037392;0;31;0;0;2;2;2;B01
201200037393;0;7;0;0;2;1;5;A01
201200037393;0;7;0;0;2;3;1;B01
201200037394;0;2;0;0;0;1;14;A01
201200037395;0;7;0;0;1;3;16;A01
201200037396;0;7;0;0;1;3;0;A01
201200037397;0;15;0;0;2;4;1;B01
201200037397;0;10;0;0;2;1;1;A01
201200037398;0;7;0;0;2;1;1;B01
201200037398;0;7;0;7;2;7;1;A01
201200037399;0;7;0;6;2;8;1;B01
201200037399;0;7;0;0;2;3;13;A01
201200037400;0;7;0;0;2;1;1;B01
201200037400;0;7;0;0;2;5;15;A01
201200037401;0;33;0;0;2;1;2;B01
201200037401;0;33;0;0;2;4;16;A01
201200037402;0;13;0;0;2;2;0;B01
201200037402;0;7;0;0;2;7;0;A01
201200037403;0;7;0;0;2;8;2;A01
201200037403;0;40;1;0;2;1;2;B01
201200037404;0;30;0;8;0;2;16;A01
201200037405;1;7;0;0;1;0;1;Z01
201200037406;0;7;0;0;2;4;1;B01
201200037406;0;7;0;6;2;1;2;A01
201200037407;0;7;0;2;0;1;0;A01
201200037408;0;7;0;0;0;0;0;A01
201200037409;0;1;0;0;0;4;0;B01
201200037409;0;7;0;0;2;2;1;A01
201200037410;0;7;0;0;2;1;1;A01
201200037410;0;7;0;0;2;4;1;B01
201200037410;0;7;0;0;2;0;1;D01
201200037410;0;10;0;0;2;4;0;C01
201200037410;0;7;0;0;2;4;1;E01
201200037411;0;7;0;0;2;2;0;A01
201200037411;0;7;0;0;2;1;15;B01
201200037412;0;7;0;0;2;8;1;A01
201200037412;0;7;0;9;2;1;1;B01
201200037413;0;7;0;13;0;1;14;A01
201200037414;0;30;0;0;1;1;1;A01
201200037415;0;7;0;4;2;3;0;B01
201200037415;0;7;0;4;2;9;0;A01
201200037416;0;7;0;0;2;3;9;A01
201200037416;0;2;0;0;2;1;1;B01
201200037417;0;7;0;0;2;2;0;B01
201200037417;0;7;0;0;2;3;0;C01
201200037417;0;7;0;0;0;0;0;A01
201200037418;0;7;0;0;2;1;1;A01
201200037418;0;7;0;0;2;2;15;B01
201200037419;0;7;0;3;0;1;1;A01
201200037420;0;7;0;0;2;5;15;A01
201200037420;0;7;0;0;2;2;1;B01
201200037421;0;7;0;0;1;0;0;A01
201200037422;0;33;0;0;2;0;1;A01
201200037422;0;7;0;0;2;6;10;B01
201200037423;0;30;0;0;0;0;1;A01
201200037424;0;7;0;0;1;3;1;A01
201200037425;0;30;0;0;0;0;21;A01
201200037426;0;7;0;6;0;1;0;A01
201200037426;0;7;0;0;2;8;0;B01
201200037427;0;7;0;0;1;3;0;A01
201200037428;0;7;0;1;2;3;15;A01
201200037428;0;7;0;12;2;1;1;B01
201200037429;0;7;0;0;1;2;0;A01
201200037430;0;33;0;0;2;8;0;A01
201200037430;0;7;0;0;2;3;1;B01
201200037431;0;37;1;0;1;7;1;A01
201200037432;0;7;0;0;2;3;10;A01
201200037432;0;33;0;0;2;1;1;B01
201200037433;0;7;0;0;1;2;0;A01
201200037434;0;7;0;0;2;3;15;B01
201200037434;0;33;0;15;2;1;1;A01
201200037435;0;30;0;1;0;1;1;A01
201200037435;0;7;0;0;0;6;24;B01
201200037436;0;7;0;6;0;1;1;A01
201200037437;0;7;0;0;1;1;0;A01
201200037438;0;7;0;0;2;4;1;C01
201200037438;0;33;0;4;2;1;1;B01
201200037438;0;7;0;0;2;2;9;A01
201200037439;0;2;0;0;2;1;5;A01
201200037439;0;7;0;0;2;2;1;B01
201200037440;0;2;0;0;0;0;0;A01
201200037441;0;33;0;0;2;1;0;A01
201200037441;0;7;0;0;2;4;23;B01
201200037442;0;7;0;0;2;4;0;C01
201200037442;0;7;0;0;2;4;23;B01
201200037442;0;7;0;0;2;1;0;A01
201200037443;0;7;0;2;0;1;0;A01
201200037444;0;7;0;14;0;1;15;A01
201200037445;0;33;0;0;0;7;0;A01
201200037445;0;10;0;0;0;3;15;B01
201200037446;0;7;0;2;0;1;1;A01
201200037447;1;7;0;0;1;0;1;Z01
201200037448;0;30;0;0;0;1;1;A01
201200037449;0;33;0;0;0;7;21;A01
201200037449;1;7;0;0;0;0;0;Z01
201200037450;0;7;0;0;1;2;1;A01
201200037451;0;7;0;0;2;1;1;B01
201200037451;0;7;0;1;2;2;0;A01
201200037452;0;37;1;0;2;1;1;B01
201200037452;0;7;0;0;2;7;1;A01
201200037453;0;7;0;0;2;2;10;A01
201200037453;0;32;0;0;2;1;1;B01
201200037454;0;33;0;0;2;2;1;B01
201200037454;0;7;0;0;2;5;16;A01
201200037455;0;7;0;0;2;7;16;B01
201200037455;0;31;0;12;2;8;16;A01
201200037456;0;7;0;0;2;8;1;B01
201200037456;0;7;0;0;2;1;1;A01
201200037457;0;7;0;0;2;8;0;A01
201200037457;0;31;0;0;2;7;1;B01
201200037458;0;7;0;0;2;7;17;A01
201200037458;0;7;0;1;2;3;17;B01
201200037459;0;10;0;1;0;2;1;A01
201200037460;0;2;0;0;2;7;9;A01
201200037460;0;7;0;0;2;1;1;B01
201200037461;0;7;0;0;1;3;0;A01
201200037462;0;7;0;0;1;1;1;A01
201200037463;0;7;0;0;0;1;0;A01
201200037464;0;7;0;0;2;3;15;A01
201200037464;0;2;0;0;2;8;1;B01
201200037465;0;7;0;0;1;3;15;A01
201200037466;0;7;0;12;2;1;19;B01
201200037466;0;1;0;0;2;0;0;A01
201200037467;0;13;0;0;1;0;1;A01
201200037468;0;7;0;3;0;1;0;A01
201200037469;0;13;0;0;2;3;0;B01
201200037469;0;32;0;0;2;3;0;A01
201200037470;0;33;0;0;2;2;1;B01
201200037470;0;7;0;0;2;1;1;A01
201200037471;0;10;0;0;2;6;15;B01
201200037471;0;33;0;0;2;7;2;A01
201200037472;0;37;0;0;1;3;1;A01
201200037473;0;7;0;0;1;5;24;B01
201200037473;0;7;0;1;1;2;2;A01
201200037474;0;1;0;0;2;7;0;A01
201200037474;0;7;0;0;2;1;1;B01
201200037475;0;7;0;0;1;1;1;A01
201200037476;0;37;1;0;2;1;15;A01
201200037476;0;7;0;0;2;7;0;B01
201200037477;0;7;0;0;2;3;9;A01
201200037477;0;15;0;0;2;3;1;C01
201200037477;0;7;0;4;2;7;1;B01
201200037478;0;30;0;0;2;8;1;B01
201200037478;0;10;0;0;2;2;16;A01
201200037479;0;7;0;0;2;1;5;A01
201200037479;0;7;0;0;2;1;13;B01
201200037480;0;7;0;0;2;4;2;B01
201200037480;0;13;0;0;2;1;2;A01
201200037481;0;7;0;0;2;2;1;A01
201200037481;0;30;0;0;2;1;1;B01
201200037482;0;7;0;0;1;1;1;A01
201200037483;0;7;0;0;2;1;1;A01
201200037483;0;7;0;0;2;4;23;C01
201200037483;0;7;0;0;2;4;1;B01
201200037484;0;7;0;0;1;1;0;A01
201200037485;0;2;0;0;2;1;0;A01
201200037485;0;7;0;0;2;6;0;B01
201200037486;0;7;0;1;0;0;0;A01
201200037487;0;7;0;0;2;0;0;B01
201200037487;0;33;0;0;0;1;0;A01
201200037488;0;7;0;0;0;1;0;B01
201200037488;0;7;0;9;2;6;0;C01
201200037488;0;7;0;14;2;8;0;A01
201200037489;0;31;0;6;0;1;1;A01
201200037490;0;7;0;3;0;9;0;A01
201200037491;0;7;0;0;2;1;2;A01
201200037491;0;7;0;0;2;4;2;C01
201200037491;0;7;0;0;2;4;2;B01
201200037492;0;2;0;6;0;1;1;A01
201200037493;0;7;0;6;0;2;0;A01
201200037494;0;7;0;0;2;3;9;B01
201200037494;0;1;0;0;2;1;2;A01
201200037495;0;7;0;0;1;1;15;A01
201200037496;0;7;0;0;2;8;0;B01
201200037496;0;10;0;0;2;8;0;A01
201200037497;0;1;0;0;2;0;1;B01
201200037497;0;7;0;0;2;2;0;A01
201200037498;0;33;0;0;2;7;1;B01
201200037498;0;7;0;0;0;7;5;A01
201200037499;0;7;0;0;2;3;1;B01
201200037499;0;7;0;0;2;7;12;A01
201200037500;0;10;0;0;2;4;1;B01
201200037500;0;15;0;0;2;6;1;C01
201200037500;0;7;0;0;2;2;0;A01
201200037501;0;7;0;0;1;2;1;A01
201200037502;0;7;0;0;2;4;0;B01
201200037502;0;7;0;0;2;1;2;A01
201200037503;0;7;0;0;2;8;20;B01
201200037503;0;33;0;0;2;2;17;A01
201200037504;0;15;0;0;2;1;2;A01
201200037504;0;7;0;0;2;4;2;B01
201200037505;0;10;0;0;1;1;1;A01
201200037506;0;30;0;0;0;0;0;A01
201200037506;0;7;0;0;0;5;15;B01
201200037507;0;99;0;0;0;0;0;A01
201200037507;0;7;0;0;2;3;0;B01
201200037508;0;33;0;15;0;1;0;A01
201200037509;0;30;0;12;0;1;1;A01
201200037510;0;33;0;15;0;0;1;A01
201200037511;0;7;0;0;1;7;1;A01
201200037512;0;7;0;15;2;0;0;A01
201200037512;0;7;0;0;2;7;1;B01
201200037512;0;7;0;0;9;0;1;C01
201200037512;0;7;0;0;9;5;1;D01
201200037512;0;7;0;0;9;1;1;E01
201200037513;0;30;0;0;0;8;1;A01
201200037513;0;7;0;0;0;3;1;B01
201200037514;0;14;0;0;2;1;0;A01
201200037514;0;1;0;0;2;1;0;B01
201200037515;1;7;0;0;1;1;0;Z01
201200037516;1;7;0;0;1;0;15;Z01
201200037517;0;7;0;0;2;2;16;A01
201200037517;0;33;0;0;2;3;1;B01
201200037518;0;20;0;0;0;4;1;B01
201200037518;0;37;5;0;2;1;1;A01
201200037519;0;7;0;0;0;0;9;A01
201200037519;0;30;0;0;0;8;21;B01
201200037520;0;30;0;0;0;8;1;A01
201200037521;0;30;0;0;2;1;0;A01
201200037521;0;7;0;0;0;4;1;B01
201200037522;0;7;0;0;2;8;15;A01
201200037522;0;34;0;0;2;1;0;B01
201200037523;0;7;0;14;2;3;0;A01
201200037523;0;7;0;0;2;1;1;B01
201200037524;0;1;0;0;2;0;5;A01
201200037524;0;7;0;0;2;1;1;B01
201200037525;0;15;0;0;2;3;1;B01
201200037525;0;7;0;0;2;1;0;A01
201200037526;0;7;0;0;2;3;9;A01
201200037526;0;7;0;0;2;2;1;B01
201200037527;0;1;0;0;2;1;1;A01
201200037527;1;30;0;0;2;0;13;Z01
201200037528;0;7;0;0;2;6;15;A01
201200037528;0;33;0;0;2;1;1;B01
201200037529;0;7;0;0;2;8;11;B01
201200037529;0;33;0;0;2;7;1;A01
201200037530;1;7;0;0;2;1;1;Z01
201200037530;0;2;0;0;2;8;1;B01
201200037531;1;7;0;0;0;0;2;Z01
201200037531;0;31;0;13;0;9;1;A01
201200037532;0;7;0;8;0;3;14;A01
201200037533;0;7;0;6;0;3;15;A01
201200037534;0;7;0;0;2;3;1;B01
201200037534;0;7;0;0;2;1;15;A01
201200037535;0;15;0;0;2;1;1;B01
201200037535;0;33;0;0;2;9;13;A01
201200037536;0;7;0;0;2;4;2;E01
201200037536;0;7;0;0;2;4;2;B01
201200037536;0;7;0;0;2;1;2;A01
201200037536;0;7;0;0;2;4;2;D01
201200037536;0;7;0;0;2;4;2;C01
201200037537;0;30;0;0;0;0;16;A01
201200037538;0;7;0;6;2;2;17;A01
201200037538;0;7;0;0;2;8;15;B01
201200037539;0;14;0;0;1;7;4;A01
201200037540;0;7;0;0;2;3;15;B01
201200037540;1;30;0;0;2;1;1;Z01
201200037541;1;7;0;0;1;0;0;Z01
201200037542;0;7;0;0;1;2;1;A01
201200037543;0;7;0;0;2;2;2;A01
201200037543;0;7;0;0;2;4;2;B01
201200037544;0;7;0;0;2;6;0;A01
201200037544;0;14;0;0;2;2;1;B01
201200037545;0;2;0;0;2;8;1;B01
201200037545;0;7;0;0;2;2;17;A01
201200037546;0;1;0;0;2;1;1;B01
201200037546;0;7;0;0;2;3;16;A01
201200037547;0;33;0;0;2;8;1;B01
201200037547;0;7;0;0;2;7;14;A01
201200037548;0;7;0;0;2;1;17;A01
201200037548;0;7;0;8;2;3;15;B01
201200037549;0;30;0;0;0;0;1;A01
201200037550;0;30;0;0;2;1;2;A01
201200037550;0;7;0;0;2;3;1;B01
201200037551;0;7;0;0;1;6;20;A01
201200037552;0;7;0;0;2;2;0;B01
201200037552;2;7;0;0;2;2;13;A01
201200037553;0;7;0;0;2;6;2;D01
201200037553;0;10;0;0;2;8;1;C01
201200037553;0;10;0;0;2;1;2;A01
201200037553;0;7;0;0;2;4;2;B01
201200037553;0;10;0;0;2;3;1;E01
201200037554;0;33;0;0;1;1;17;A01
201200037555;0;7;0;15;2;1;16;A01
201200037555;0;7;0;1;2;8;1;B01
201200037556;0;31;0;0;0;0;0;A01
201200037557;0;7;0;0;2;6;11;A01
201200037557;0;33;0;0;2;7;21;B01
201200037558;0;7;0;0;1;7;1;A01
201200037559;0;33;0;0;0;7;0;A01
201200037560;0;30;0;0;1;1;17;A01
201200037561;0;7;0;0;1;2;15;A01
201200037562;0;7;0;0;2;7;13;A01
201200037562;0;7;0;0;2;1;1;B01
201200037563;0;17;0;14;0;2;21;A01
201200037563;0;7;0;0;2;6;23;B01