num_acc;senc;catv;occutc;obs;obsm;choc;manv;num_veh
201200037564;0;7;0;0;2;1;1;B01
201200037564;0;10;0;6;0;1;1;A01
201200037565;0;7;0;0;2;1;5;A01
201200037565;0;7;0;0;2;3;1;B01
201200037566;0;33;0;0;2;1;1;A01
201200037566;0;7;0;0;2;8;15;B01
201200037567;0;7;0;0;1;1;16;A01
201200037568;0;7;0;0;1;1;15;A01
201200037569;0;7;0;0;2;3;1;A01
201200037569;0;7;0;0;2;2;1;B01
201200037570;0;10;0;0;2;4;4;A01
201200037570;0;7;0;0;2;1;1;B01
201200037571;0;7;0;0;1;1;1;A01
201200037572;0;30;0;0;2;1;7;B01
201200037572;0;7;0;0;2;8;10;A01
201200037573;0;7;0;0;2;1;1;B01
201200037573;0;7;0;0;2;2;15;A01
201200037574;1;7;0;0;1;0;0;Z01
201200037575;1;7;0;0;1;0;4;Z01
201200037576;0;1;0;0;2;8;15;A01
201200037576;0;7;0;0;2;1;1;B01
201200037577;0;7;0;4;2;7;1;B01
201200037577;0;7;0;4;2;1;1;A01
201200037578;0;7;0;14;0;3;1;A01
201200037579;0;7;0;0;2;3;1;B01
201200037579;0;7;0;0;2;6;1;A01
201200037580;0;7;0;0;2;8;1;B01
201200037580;0;7;0;0;2;1;5;A01
201200037581;0;7;0;0;2;3;1;C01
201200037581;0;7;0;0;2;3;0;A01
201200037581;0;7;0;0;2;2;0;B01
201200037582;0;7;0;0;2;3;15;B01
201200037582;0;7;0;0;2;1;1;A01
201200037583;0;7;0;0;2;3;1;B01
201200037583;0;30;0;0;2;1;16;A01
201200037584;0;7;0;0;2;8;1;A01
201200037584;0;2;0;0;2;1;0;B01
201200037585;0;33;0;0;2;7;17;A01
201200037585;0;7;0;0;2;3;15;B01
201200037586;1;7;0;0;1;0;0;Z01
201200037587;0;1;0;0;2;8;19;B01
201200037587;0;7;0;0;2;2;16;A01
201200037588;0;7;0;0;2;5;16;A01
201200037588;0;30;0;0;2;3;18;B01
201200037589;0;7;0;0;2;2;15;B01
201200037589;0;10;0;0;2;2;1;A01
201200037590;0;7;0;8;0;2;11;A01
201200037591;0;33;0;0;2;1;0;B01
201200037591;0;7;0;0;2;2;15;A01
201200037592;0;7;0;0;2;1;1;B01
201200037592;0;7;0;0;2;1;0;A01
201200037593;0;7;0;0;2;1;1;A01
201200037593;0;7;0;8;2;8;1;B01
201200037594;0;7;0;0;2;1;2;A01
201200037594;0;7;0;0;2;0;0;C01
201200037594;0;7;0;0;2;4;2;B01
201200037594;0;7;0;0;2;4;2;D01
201200037595;0;36;0;9;0;1;1;A01
201200037596;0;7;0;0;2;1;5;A01
201200037596;0;33;0;0;2;1;1;B01
201200037597;0;7;0;10;0;1;1;A01
201200037598;0;7;0;0;2;2;1;B01
201200037598;0;30;0;0;2;1;16;A01
201200037599;2;7;0;0;2;1;1;A01
201200037599;0;7;0;0;2;3;15;B01
201200037600;0;10;0;0;2;4;2;B01
201200037600;0;14;0;0;2;1;2;A01
201200037601;0;7;0;0;2;3;11;B01
201200037601;0;32;0;0;2;8;11;A01
201200037602;0;7;0;0;2;8;23;A01
201200037602;0;7;0;1;0;1;1;B01
201200037603;0;2;0;0;2;1;1;A01
201200037603;1;7;0;0;2;4;2;B01
201200037604;0;10;0;0;2;3;10;A01
201200037604;0;32;0;0;2;1;1;B01
201200037605;0;2;0;0;2;1;17;A01
201200037605;0;7;0;0;2;8;15;B01
201200037606;0;37;1;0;1;0;0;A01
201200037607;0;7;0;0;0;8;0;A01
201200037607;0;2;0;0;2;1;1;B01
201200037608;0;7;0;0;2;6;23;D01
201200037608;0;7;0;0;2;6;23;C01
201200037608;2;7;0;0;2;2;3;A01
201200037608;0;7;0;0;2;5;23;B01
201200037608;0;7;0;0;2;6;23;E01
201200037609;0;7;0;0;1;1;1;A01
201200037610;0;37;57;0;0;7;0;A01
201200037611;1;7;0;0;0;0;0;Z01
201200037612;0;37;1;0;1;2;1;A01
201200037613;0;30;0;0;2;1;1;A01
201200037613;0;7;0;0;2;0;15;Z01
201200037614;0;7;0;15;0;3;13;A01
201200037615;0;7;0;0;2;8;15;B01
201200037615;0;30;0;0;2;1;17;A01
201200037616;0;33;0;15;1;1;1;A01
201200037617;0;7;0;0;2;5;0;B01
201200037617;0;31;0;0;2;0;0;A01
201200037618;0;33;0;0;2;0;1;A01
201200037618;1;10;0;0;2;0;0;Z01
201200037619;0;7;0;0;1;2;1;A01
201200037620;0;2;0;0;1;2;1;A01
201200037621;0;7;0;0;1;2;0;A01
201200037622;0;32;0;0;2;1;0;A01
201200037622;0;7;0;0;2;3;0;B01
201200037623;0;7;0;0;1;2;15;A01
201200037624;0;7;0;0;1;2;16;A01
201200037625;0;7;0;0;2;1;1;A01
201200037625;0;7;0;0;2;4;1;C01
201200037625;0;7;0;0;2;1;1;B01
201200037626;0;7;0;5;2;6;0;B01
201200037626;0;7;0;0;2;1;17;A01
201200037627;0;7;0;0;2;3;0;A01
201200037627;0;15;0;0;2;7;0;B01
201200037628;0;7;0;0;2;2;15;A01
201200037628;0;1;0;0;2;1;1;B01
201200037629;0;7;0;0;2;4;2;B01
201200037629;0;7;0;0;2;1;2;A01
201200037630;0;7;0;0;1;4;4;A01
201200037631;0;7;0;0;1;2;1;A01
201200037632;0;2;0;0;2;8;0;B01
201200037632;0;7;0;0;2;6;15;A01
201200037633;0;7;0;0;1;3;0;A01
201200037634;0;7;0;0;2;3;15;B01
201200037634;0;7;0;0;2;6;16;A01
201200037635;0;7;0;0;2;1;1;B01
201200037635;0;7;0;0;2;1;13;A01
201200037636;0;2;0;0;2;0;2;A01
201200037636;1;99;0;0;0;0;0;Z01
201200037637;0;31;0;0;2;1;8;A01
201200037637;0;7;0;0;2;7;15;B01
201200037638;0;33;0;0;1;3;1;A01
201200037639;2;7;0;0;2;1;1;A01
201200037639;0;7;0;0;2;3;15;B01
201200037640;0;7;0;0;2;2;15;A01
201200037640;0;1;0;0;2;1;1;B01
201200037641;0;7;0;0;2;2;0;A01
201200037641;0;7;0;0;2;1;0;B01
201200037642;0;1;0;0;2;7;15;B01
201200037642;0;7;0;0;2;1;1;A01
201200037643;0;7;0;0;2;1;15;A01
201200037643;0;7;0;0;2;3;1;B01
201200037644;0;7;0;0;2;1;1;A01
201200037644;0;7;0;0;2;4;15;B01
201200037645;0;10;0;0;1;2;1;A01
201200037646;0;37;1;0;1;2;0;A01
201200037647;0;2;0;0;2;1;17;B01
201200037647;0;7;0;0;2;1;15;A01
201200037648;0;7;0;0;1;3;0;A01
201200037649;0;37;1;0;0;1;0;A01
201200037650;1;7;0;0;2;1;0;A01
201200037650;0;2;0;0;2;8;0;B01
201200037651;0;7;0;0;1;1;1;A01
201200037652;0;7;0;0;2;8;10;A01
201200037652;0;30;0;0;2;1;17;B01
201200037653;0;10;0;0;2;2;9;A01
201200037653;0;33;0;0;2;1;0;B01
201200037654;0;7;0;0;2;3;0;A01
201200037654;0;7;0;0;2;2;0;B01
201200037655;0;30;0;0;1;2;1;A01
201200037656;0;7;0;0;2;3;9;A01
201200037656;0;32;0;0;2;1;0;B01
201200037657;0;7;0;8;0;0;1;A01
201200037658;0;7;0;0;2;8;20;A01
201200037658;0;33;0;0;2;1;1;B01
201200037659;0;32;0;0;0;0;1;B01
201200037660;0;7;0;0;1;0;0;A01
201200037661;0;7;0;0;2;3;5;A01
201200037661;0;7;0;0;2;3;0;B01
201200037662;0;33;0;0;2;6;2;A01
201200037662;0;7;0;0;2;3;1;B01
201200037663;0;7;0;0;1;1;17;A01
201200037664;0;7;0;0;1;0;1;A01
201200037665;0;7;0;0;1;0;1;A01
201200037666;0;7;0;0;0;0;4;A01
201200037667;0;7;0;0;2;3;9;A01
201200037667;0;7;0;0;2;5;1;B01
201200037667;0;7;0;0;2;3;24;C01
201200037668;0;33;0;0;2;1;5;A01
201200037668;0;7;0;0;2;3;1;B01
201200037669;0;7;0;0;2;7;17;A01
201200037669;0;1;0;0;2;0;1;B01
201200037670;0;7;0;0;2;4;2;B01
201200037670;0;7;0;8;2;1;2;A01
201200037670;0;7;0;0;2;6;21;C01
201200037671;0;7;0;0;0;3;13;A01
201200037671;0;7;0;0;2;3;1;B01
201200037672;0;7;0;0;2;1;15;A01
201200037672;0;30;0;0;2;8;1;B01
201200037673;0;33;0;0;2;1;17;A01
201200037673;0;7;0;0;2;3;1;B01
201200037673;0;10;0;0;2;8;2;C01
201200037674;0;7;0;0;2;8;0;A01
201200037674;0;33;0;0;2;1;1;B01
201200037675;0;7;0;0;2;3;1;A01
201200037675;0;3;0;0;2;4;23;B01
201200037675;0;7;0;0;2;3;5;C01
201200037676;0;7;0;1;0;1;2;A01
201200037677;0;7;0;0;1;2;1;A01
201200037678;0;7;0;0;2;3;16;A01
201200037678;0;7;0;0;2;2;2;B01
201200037679;0;2;0;0;2;1;0;B01
201200037679;0;30;0;0;2;1;0;A01
201200037680;0;7;0;0;1;1;1;A01
201200037681;0;14;0;0;2;1;2;A01
201200037681;0;7;0;0;2;4;0;B01
201200037682;0;30;0;0;2;1;1;B01
201200037682;0;7;0;0;2;1;1;A01
201200037683;0;7;0;0;2;1;2;A01
201200037683;0;7;0;0;2;3;9;B01
201200037684;0;32;0;0;0;3;0;A01
201200037685;0;7;0;0;2;1;1;A01
201200037685;0;7;0;0;2;6;1;B01
201200037686;0;7;0;0;0;9;0;A01
201200037687;0;10;0;0;1;4;4;A01
201200037688;0;7;0;0;2;3;2;A01
201200037688;0;7;0;0;2;8;15;B01
201200037689;0;7;0;0;2;1;2;A01
201200037689;0;7;0;0;2;6;2;B01
201200037689;0;7;0;0;2;1;0;C01
201200037690;0;2;0;0;0;8;2;A01
201200037691;0;7;0;13;0;1;13;A01
201200037692;0;2;0;0;0;0;1;A01
201200037693;0;7;0;0;1;1;0;A01
201200037694;0;33;0;0;6;8;1;A01
201200037695;0;7;0;0;2;1;1;A01
201200037695;0;7;0;0;0;4;2;B01
201200037696;0;7;0;0;2;2;2;A01
201200037696;0;17;0;0;0;3;2;B01
201200037697;0;7;0;0;2;2;2;A01
201200037697;0;7;0;0;2;6;2;B01
201200037698;0;7;0;0;6;1;2;A01
201200037699;0;7;0;0;0;1;0;A01
201200037700;0;7;0;0;1;2;2;A01
201200037701;0;7;0;0;2;1;2;A01
201200037701;0;7;0;0;0;4;1;B01
201200037702;0;30;0;0;0;8;0;A01
201200037703;0;7;0;0;1;4;4;A01
201200037704;0;7;0;0;2;3;13;A01
201200037704;0;7;0;0;2;3;1;B01
201200037705;0;33;0;0;2;2;0;A01
201200037705;0;14;0;0;2;3;0;B01
201200037706;0;30;0;0;2;3;15;A01
201200037706;0;7;0;0;2;3;15;B01
201200037707;0;32;0;0;0;0;2;A01
201200037708;0;7;0;15;0;1;1;A01
201200037709;0;7;0;0;1;2;1;A01
201200037710;0;36;0;15;0;3;1;A01
201200037710;0;7;0;0;9;0;2;B01
201200037711;0;7;0;0;0;0;1;B01
201200037711;0;7;0;0;0;3;1;C01
201200037711;0;7;0;0;0;1;15;A01
201200037712;0;7;0;0;1;6;1;A01
201200037713;0;33;0;0;2;1;0;B01
201200037713;0;7;0;0;9;6;15;A01
201200037714;0;33;0;0;2;1;17;A01
201200037714;0;7;0;0;0;8;15;B01
201200037715;0;7;0;0;1;2;1;A01
201200037716;0;7;0;0;2;1;2;A01
201200037716;0;7;0;0;2;4;2;B01
201200037716;0;7;0;0;2;4;2;C01
201200037716;0;7;0;0;0;4;2;D01
201200037717;0;30;0;13;0;0;1;A01
201200037718;0;10;0;0;2;1;2;A01
201200037718;0;7;0;0;2;4;2;B01
201200037718;0;7;0;0;0;4;2;C01
201200037719;0;7;0;15;0;1;5;A01
201200037720;0;7;0;0;2;7;0;A01
201200037720;0;7;0;0;2;1;0;B01
201200037721;0;32;0;0;0;8;0;A01
201200037722;0;10;0;0;2;1;2;A01
201200037722;0;7;0;0;2;4;2;B01
201200037723;0;7;0;0;2;1;2;A01
201200037723;0;7;0;0;2;4;2;B01
201200037723;0;7;0;0;2;4;2;C01
201200037723;0;7;0;0;2;4;2;D01
201200037724;0;30;0;0;2;2;2;A01
201200037724;0;7;0;0;0;3;2;B01
201200037725;0;33;0;0;0;7;14;A01
201200037726;0;7;0;0;2;7;2;B01
201200037726;0;2;0;0;2;1;2;A01
201200037727;0;10;0;0;1;4;4;A01
201200037728;0;3;0;0;2;2;1;B01
201200037728;0;7;0;0;2;3;15;A01
201200037729;0;32;0;0;0;2;1;A01
201200037730;0;7;0;2;0;1;11;A01
201200037731;0;7;0;0;0;1;0;A01
201200037731;0;7;0;0;0;4;0;B01
201200037732;0;7;0;0;1;7;14;A01
201200037733;0;7;0;13;0;3;0;A01
201200037734;0;7;0;0;2;1;2;A01
201200037734;0;7;0;0;2;4;2;B01
201200037734;0;7;0;0;0;4;2;C01
201200037735;0;7;0;0;2;6;15;A01
201200037735;0;2;0;0;2;2;17;B01
201200037736;0;7;0;0;2;1;0;A01
201200037736;0;7;0;0;2;1;0;C01
201200037736;0;7;0;0;2;4;2;B01
201200037737;0;32;0;0;2;1;11;B01
201200037737;0;7;0;0;2;3;15;A01
201200037738;0;7;0;0;2;1;1;A01
201200037738;0;7;0;0;2;6;1;B01
201200037739;0;7;0;0;2;3;17;A01
201200037739;0;7;0;0;2;3;0;B01
201200037740;0;7;0;0;2;8;1;A01
201200037740;0;7;0;0;2;3;1;B01
201200037741;0;7;0;0;2;1;15;A01
201200037741;0;33;0;0;0;8;1;B01
201200037742;0;7;0;0;2;1;1;A01
201200037742;0;7;0;0;2;4;23;B01
201200037743;0;7;0;12;1;2;2;A01
201200037744;0;7;0;0;2;1;6;A01
201200037744;0;7;0;0;2;1;1;B01
201200037745;0;14;0;0;2;2;1;B01
201200037745;0;7;0;0;2;3;23;A01
201200037746;0;7;0;2;0;7;1;A01
201200037747;0;7;0;2;0;8;0;A01
201200037748;0;7;0;13;0;3;1;A01
201200037749;0;7;0;0;9;1;6;A01
201200037750;0;7;0;0;9;2;1;B01
201200037750;0;1;0;0;2;8;19;A01
201200037751;0;10;0;0;2;2;2;A01
201200037751;0;1;0;0;2;4;2;B01
201200037752;0;7;0;0;2;1;5;A01
201200037752;0;7;0;0;2;3;5;B01
201200037753;0;7;0;0;0;0;1;A01
201200037754;0;7;0;2;0;1;1;A01
201200037755;0;7;0;2;0;1;0;A01
201200037756;0;10;0;0;2;3;1;B01
201200037756;0;7;0;0;2;2;1;A01
201200037756;0;7;0;0;0;8;23;C01
201200037756;0;7;0;0;0;8;23;D01
201200037757;0;7;0;11;0;1;1;A01
201200037758;0;7;0;0;2;3;10;A01
201200037758;0;2;0;0;2;1;1;B01
201200037759;0;30;0;0;2;1;1;B01
201200037759;0;7;0;0;2;2;1;A01
201200037760;0;7;0;2;0;1;1;A01
201200037761;0;7;0;2;0;7;1;A01
201200037762;0;7;0;0;2;2;1;A01
201200037762;0;33;0;0;2;1;1;B01
201200037762;0;33;0;0;2;1;1;C01
201200037763;0;7;0;12;0;1;1;A01
201200037764;0;7;0;2;0;7;1;A01
201200037765;0;7;0;0;1;8;1;A01
201200037766;0;7;0;0;2;7;5;A01
201200037766;0;10;0;0;2;3;1;B01
201200037767;0;33;0;0;2;2;21;A01
201200037767;0;7;0;0;2;6;1;B01
201200037768;0;7;0;0;2;6;19;A01
201200037768;0;33;0;0;2;1;2;B01
201200037769;0;7;0;0;1;3;1;A01
201200037770;0;7;0;2;0;1;1;A01
201200037771;0;7;0;11;0;1;1;A01
201200037772;0;7;0;0;9;3;1;A01
201200037772;0;1;0;0;2;8;19;B01
201200037773;0;10;0;0;1;8;1;A01
201200037774;0;7;0;13;0;0;1;A01
201200037775;0;7;0;0;1;4;4;A01
201200037776;0;7;0;0;1;1;1;A01
201200037777;0;30;0;0;2;1;17;B01
201200037777;0;7;0;0;2;3;9;A01
201200037778;0;7;0;0;2;7;15;A01
201200037778;0;31;0;0;2;1;1;B01
201200037779;0;7;0;0;1;0;1;A01
201200037780;0;7;0;0;2;3;10;A01
201200037780;0;7;0;0;2;2;1;B01
201200037781;0;7;0;0;1;1;1;A01
201200037782;0;7;0;0;2;3;1;A01
201200037782;0;30;0;0;2;1;1;B01
201200037783;0;1;0;0;9;0;1;A01
201200037783;0;1;0;0;2;1;1;B01
201200037784;0;7;0;0;1;1;16;A01
201200037785;0;7;0;0;2;3;19;A01
201200037785;0;2;0;0;2;1;1;B01
201200037786;0;7;0;0;1;3;1;A01
201200037787;0;7;0;0;1;2;16;A01
201200037788;0;33;0;0;2;1;1;A01
201200037788;0;7;0;0;2;1;13;B01
201200037789;0;7;0;0;0;1;1;A01
201200037789;0;1;0;0;2;8;19;B01
201200037790;0;33;0;0;2;1;0;A01
201200037790;0;7;0;0;2;3;1;B01
201200037791;0;7;0;0;0;2;1;A01
201200037791;0;1;0;0;0;7;1;B01
201200037792;0;33;0;15;2;1;2;A01
201200037792;0;7;0;0;0;5;2;B01
201200037793;0;7;0;0;2;1;1;B01
201200037793;0;7;0;0;2;1;15;A01
201200037794;0;2;0;2;0;1;1;A01
201200037795;0;33;0;0;0;7;1;A01
201200037796;0;7;0;0;2;8;15;A01
201200037796;0;7;0;0;2;1;1;B01
201200037797;0;7;0;0;2;7;12;A01
201200037797;0;33;0;0;2;1;1;B01
201200037798;0;7;0;0;2;1;1;A01
201200037798;0;7;0;0;0;8;1;B01
201200037799;0;7;0;0;1;3;1;A01
201200037800;0;7;0;0;2;1;15;A01
201200037800;0;7;0;0;2;3;23;B01
201200037801;0;7;0;6;2;1;1;A01
201200037801;1;7;0;0;2;8;10;Z01
201200037802;1;7;0;0;1;2;0;A01
201200037803;0;7;0;0;1;3;15;A01
201200037804;0;7;0;0;2;1;0;A01
201200037805;0;7;0;0;2;0;0;A01
201200037806;0;7;0;0;0;9;0;A01
201200037807;0;7;0;2;2;1;2;A01
201200037807;0;7;0;8;0;5;2;B01
201200037808;0;33;0;0;0;9;1;A01
201200037809;0;7;0;0;1;6;0;A01
201200037810;0;7;0;9;0;1;0;A01
201200037811;0;7;0;0;1;1;1;A01
201200037812;0;7;0;0;2;1;2;A01
201200037812;0;7;0;0;2;6;2;B01
201200037812;0;7;0;1;0;1;14;C01
201200037812;0;15;0;0;0;8;24;D01
201200037813;0;7;0;0;2;7;2;A01
201200037813;0;7;0;0;2;7;2;B01
201200037814;0;10;0;0;1;1;0;A01
201200037815;1;10;0;0;1;0;0;Z01
201200037816;0;7;0;16;2;1;13;A01
201200037816;0;7;0;0;2;3;1;B01
201200037816;0;7;0;0;2;3;1;C01
201200037817;0;7;0;0;1;2;19;A01
201200037818;0;7;0;0;2;6;5;A01
201200037818;0;7;0;0;2;1;0;B01
201200037819;0;7;0;0;1;4;20;A01
201200037820;0;7;0;0;1;1;1;A01
201200037821;0;7;0;2;0;8;15;A01
201200037822;0;7;0;0;1;1;1;A01
201200037823;0;7;0;0;0;1;1;A01
201200037824;0;7;0;0;1;4;4;A01
201200037825;0;10;0;0;2;5;15;A01
201200037825;0;33;0;0;2;2;0;B01
201200037826;0;7;0;0;2;1;1;A01
201200037826;0;7;0;8;2;7;6;B01
201200037827;0;31;0;0;0;0;0;A01
201200037827;0;7;0;0;0;6;1;B01
201200037828;0;7;0;0;1;0;5;A01
201200037829;2;10;0;0;1;3;2;Z01
201200037830;0;7;0;0;1;7;1;A01
201200037831;0;7;0;0;2;1;1;B01
201200037831;0;2;0;0;2;1;1;A01
201200037832;0;7;0;0;2;1;15;A01
201200037832;0;33;0;0;2;1;1;B01
201200037833;0;7;0;0;2;3;13;A01
201200037833;0;7;0;0;2;3;0;B01
201200037833;0;7;0;0;2;3;0;C01
201200037834;0;7;0;0;0;9;13;A01
201200037835;0;7;0;0;1;2;1;A01
201200037836;0;7;0;2;2;4;2;A01
201200037836;0;7;0;0;2;1;2;B01
201200037837;0;7;0;0;1;3;1;A01
201200037838;0;30;0;0;2;1;1;B01
201200037838;0;7;0;0;2;8;1;A01
201200037839;0;31;0;0;2;1;1;A01
201200037839;0;7;0;0;2;6;15;B01
201200037840;0;7;0;0;0;3;22;A01
201200037840;0;1;0;1;0;1;1;B01
201200037841;0;7;0;0;1;1;15;A01
201200037842;0;7;0;0;1;1;1;A01
201200037843;0;7;0;0;0;3;10;A01
201200037843;0;33;0;0;2;1;11;B01
201200037844;0;33;0;0;2;2;1;B01
201200037844;0;7;0;0;2;4;1;C01
201200037844;0;7;0;0;2;4;1;D01
201200037844;0;7;0;0;2;3;11;A01
201200037845;0;7;0;0;0;2;1;A01
201200037846;0;7;0;2;0;7;13;A01
201200037847;0;33;0;0;0;8;17;A01
201200037847;0;7;0;0;0;4;2;B01
201200037848;0;14;0;0;2;7;12;A01
201200037848;0;2;0;0;2;1;0;B01
201200037849;0;7;0;2;0;8;1;A01
201200037850;0;7;0;0;2;2;13;A01
201200037850;0;1;0;0;2;4;2;B01
201200037851;0;1;0;0;2;2;0;A01
201200037851;0;7;0;0;9;1;1;B01
201200037852;0;7;0;0;1;1;0;A01
201200037853;0;7;0;1;0;2;1;A01
201200037854;0;7;0;0;2;4;0;A01
201200037854;0;7;0;0;2;3;1;B01
201200037855;0;7;0;1;2;3;1;A01
201200037855;0;7;0;0;2;3;1;B01
201200037856;0;7;0;13;0;2;2;A01
201200037857;0;7;0;8;0;3;1;A01
201200037858;0;7;0;0;0;2;1;B01
201200037858;0;33;0;0;2;0;9;A01
201200037859;0;7;0;0;2;8;5;A01
201200037859;0;7;0;0;2;3;1;B01
201200037860;0;33;0;0;0;0;0;A01
201200037860;0;7;0;0;2;3;1;B01
201200037860;0;33;0;0;0;4;2;C01
201200037861;0;30;0;0;2;1;1;A01
201200037861;0;7;0;0;2;3;17;B01
201200037862;0;7;0;8;0;1;2;A01
201200037863;0;21;0;0;2;6;0;A01
201200037863;0;15;0;0;2;6;0;B01
201200037864;0;38;1;0;2;4;1;A01
201200037864;0;7;0;0;2;0;1;B01
201200037864;0;7;0;0;2;0;1;C01
201200037864;0;37;1;0;2;1;0;D01
201200037865;0;7;0;0;2;0;0;A01
201200037865;0;31;0;0;2;0;0;B01
201200037866;0;7;0;1;0;1;1;A01
201200037866;0;7;0;0;2;0;24;B01
201200037867;0;15;0;0;2;1;2;A01
201200037867;0;7;0;0;2;4;2;B01
201200037868;0;7;0;0;2;1;2;A01
201200037868;0;7;0;0;2;4;2;B01
201200037869;0;7;0;0;2;1;19;B01
201200037869;0;7;0;0;2;3;20;C01
201200037869;0;30;0;0;2;1;17;A01
201200037870;0;30;0;13;0;7;0;A01
201200037871;0;7;0;0;2;3;17;A01
201200037871;0;7;0;0;2;1;1;B01
201200037872;0;7;0;14;0;8;0;A01
201200037872;0;7;0;5;2;8;1;B01
201200037873;0;7;0;0;0;1;2;A01
201200037873;0;10;0;0;0;4;2;B01
201200037874;0;7;0;0;0;0;22;A01
201200037874;0;1;0;0;0;0;21;B01
201200037875;0;7;0;15;0;1;17;A01
201200037876;0;33;0;1;0;1;2;A01
201200037876;0;7;0;0;2;6;24;B01
201200037877;0;7;0;0;2;2;2;A01
201200037877;0;7;0;0;2;4;2;B01
201200037877;0;7;0;0;2;4;2;C01
201200037877;0;7;0;0;2;6;2;D01
201200037878;0;7;0;14;0;3;1;A01
201200037879;0;30;0;0;0;2;15;A01
201200037880;0;33;0;0;0;7;14;A01
201200037880;0;33;0;0;0;7;21;B01
201200037880;1;7;0;0;2;7;16;Z01
201200037881;0;33;0;0;2;1;17;A01
201200037881;0;7;0;0;2;6;17;B01
201200037882;0;7;0;0;0;3;1;A01
201200037882;0;7;0;0;0;7;1;B01
201200037883;0;33;0;0;2;1;3;A01
201200037883;0;7;0;0;2;2;1;B01
201200037884;0;33;0;0;2;1;2;A01
201200037884;0;7;0;0;2;4;2;B01
201200037885;0;32;0;8;2;5;17;A01
201200037885;0;7;0;2;2;3;15;B01
201200037886;2;7;0;2;2;2;17;A01
201200037886;0;7;0;0;2;2;9;B01
201200037887;0;31;0;0;0;0;2;A01
201200037888;0;7;0;0;2;1;13;A01
201200037888;0;7;0;0;2;1;0;B01
201200037889;1;7;0;0;1;0;1;A01
201200037890;0;33;0;0;2;1;1;B01
201200037890;0;7;0;0;2;1;23;C01
201200037890;0;7;0;0;2;6;1;D01
201200037890;0;7;0;0;2;3;15;A01
201200037891;0;7;0;0;2;3;17;A01
201200037891;0;33;0;0;2;7;1;B01
201200037892;0;7;0;7;0;3;6;B01
201200037892;1;99;0;0;0;0;0;Z01
201200037893;0;7;0;15;0;1;21;A01
201200037893;1;99;0;0;0;0;0;Z01
201200037894;0;7;0;0;2;1;1;A01
201200037894;0;7;0;0;2;4;1;B01
201200037895;0;7;0;0;2;1;1;A01
201200037895;0;7;0;0;2;7;15;B01
201200037896;0;7;0;0;2;3;15;A01
201200037896;0;33;0;0;0;8;1;B01
201200037897;0;30;0;0;2;0;2;A01
201200037897;1;99;0;0;0;0;20;Z01
201200037898;0;7;0;0;2;4;0;B01
201200037898;1;10;0;0;2;1;0;Z01
201200037899;0;7;0;0;0;3;1;A01
201200037899;0;31;0;0;0;1;9;B01
201200037900;0;7;0;0;2;3;15;A01
201200037900;0;7;0;7;2;8;1;B01
201200037901;1;7;0;0;0;1;10;A01
201200037901;0;7;0;0;0;8;15;B01
201200037902;0;7;0;0;1;1;2;A01
201200037903;0;7;0;0;0;2;0;A01
201200037903;0;7;0;0;2;7;5;B01
201200037904;0;7;0;0;2;2;17;A01
201200037904;0;7;0;0;2;3;19;B01
201200037905;0;1;0;0;2;7;1;B01
201200037905;1;99;0;0;0;0;0;Z01
201200037906;0;7;0;0;0;1;15;A01
201200037906;0;33;0;0;2;1;1;B01
201200037907;0;7;0;0;0;7;9;A01
201200037907;0;33;0;0;2;1;1;B01
201200037908;0;33;0;13;0;1;1;A01
201200037909;0;7;0;0;1;3;2;A01
201200037910;0;7;0;6;0;1;1;A01
201200037911;0;33;0;0;2;0;2;B01
201200037911;0;7;0;0;0;0;9;Z01
201200037912;0;7;0;0;0;1;0;A01
201200037913;0;7;0;12;0;9;14;A01
201200037914;0;7;0;0;2;2;6;A01
201200037914;0;7;0;0;2;3;11;B01
201200037914;0;7;0;0;2;6;1;C01
201200037915;0;7;0;0;2;3;2;A01
201200037915;0;7;0;0;2;5;23;B01
201200037916;0;7;0;0;2;1;2;A01
201200037916;0;7;0;0;2;4;2;B01
201200037916;0;7;0;0;0;4;2;C01
201200037917;0;7;0;0;1;1;1;A01
201200037918;0;7;0;0;0;7;15;A01
201200037918;0;7;0;0;0;1;1;B01
201200037919;0;7;0;0;2;1;13;A01
201200037919;0;38;38;0;2;1;1;B01
201200037920;0;7;0;0;2;2;13;A01
201200037920;0;15;0;0;2;2;1;B01
201200037921;0;7;0;1;0;0;0;A01
201200037921;0;7;0;0;2;3;9;B01
201200037921;0;7;0;0;2;2;1;C01
201200037922;0;7;0;0;2;1;5;A01
201200037922;0;15;0;0;2;3;1;B01
201200037923;0;7;0;2;0;7;1;A01
201200037924;0;7;0;0;2;7;1;A01
201200037924;0;1;0;0;2;1;1;B01
201200037925;0;33;0;0;2;1;2;B01
201200037925;0;7;0;0;2;7;15;A01
201200037926;0;7;0;0;2;2;15;A01
201200037926;0;33;0;0;2;1;1;B01
201200037927;0;7;0;0;2;3;13;A01
201200037927;0;7;0;0;2;3;1;B01
201200037928;0;13;0;0;2;2;1;A01
201200037928;0;7;0;0;2;0;5;B01
201200037929;0;33;0;10;2;9;1;A01
201200037929;0;10;0;0;9;2;1;C01
201200037929;0;7;0;0;9;5;15;B01
201200037930;0;7;0;0;1;2;1;A01
201200037931;0;7;0;0;2;2;17;A01
201200037931;0;7;0;0;2;6;1;B01
201200037931;0;7;0;15;2;1;1;C01
201200037931;0;7;0;0;2;1;1;D01
201200037932;1;7;0;0;9;2;0;A01
201200037932;0;1;0;0;2;8;2;B01