num_acc;senc;catv;occutc;obs;obsm;choc;manv;num_veh
201200037933;0;30;0;0;2;1;1;A01
201200037933;0;7;0;0;0;8;15;B01
201200037934;0;7;0;0;2;7;1;A01
201200037934;0;30;0;0;2;1;1;B01
201200037935;0;10;0;0;1;4;4;A01
201200037936;0;7;0;0;2;1;2;A01
201200037936;0;7;0;0;1;1;2;B01
201200037937;0;2;0;0;2;1;17;A01
201200037937;0;7;0;0;0;8;15;B01
201200037938;0;7;0;0;2;1;13;A01
201200037938;0;7;0;0;2;8;1;B01
201200037939;0;33;0;0;2;1;17;A01
201200037939;0;7;0;0;2;3;15;B01
201200037940;0;7;0;0;1;1;1;A01
201200037941;0;7;0;0;0;2;13;A01
201200037941;0;33;0;0;0;3;1;B01
201200037942;0;1;0;0;2;1;15;B01
201200037942;0;10;0;0;2;3;9;A01
201200037943;0;7;0;0;2;2;2;A01
201200037943;0;1;0;0;2;4;2;B01
201200037944;0;37;1;0;1;2;16;A01
201200037945;0;7;0;0;2;8;22;A01
201200037945;0;1;0;1;0;1;1;B01
201200037946;0;7;0;0;1;2;14;A01
201200037947;0;7;0;3;2;7;0;A01
201200037947;0;7;0;0;0;0;2;B01
201200037947;0;7;0;0;2;1;2;C01
201200037948;0;7;0;0;1;2;1;A01
201200037949;0;7;0;0;1;3;15;A01
201200037950;0;32;0;0;0;7;16;A01
201200037951;0;7;0;0;2;1;2;A01
201200037951;0;7;0;0;2;4;2;B01
201200037952;0;10;0;0;2;2;17;A01
201200037952;0;7;0;0;2;3;1;B01
201200037953;0;10;0;0;2;5;4;A01
201200037953;0;1;0;0;2;0;0;B01
201200037954;0;7;0;14;0;1;1;A01
201200037955;0;7;0;0;2;7;9;A01
201200037955;0;31;0;0;2;3;2;B01
201200037956;0;33;0;0;2;1;1;B01
201200037956;0;7;0;0;2;5;15;A01
201200037957;0;31;0;0;0;0;2;A01
201200037958;0;7;0;0;2;2;2;A01
201200037958;0;33;0;0;2;6;2;B01
201200037959;0;7;0;0;1;3;1;A01
201200037960;0;1;0;0;2;1;1;B01
201200037960;0;7;0;0;2;8;15;A01
201200037961;0;7;0;0;1;8;0;A01
201200037962;0;7;0;0;2;6;15;A01
201200037962;0;33;0;0;2;2;2;B01
201200037963;1;99;0;0;0;0;0;A01
201200037963;0;1;0;0;2;0;1;B01
201200037964;0;10;0;0;2;7;15;A01
201200037964;0;10;0;0;2;2;1;B01
201200037965;0;33;0;0;0;7;1;A01
201200037965;0;7;0;0;0;0;15;B01
201200037966;0;7;0;0;1;3;1;A01
201200037967;0;7;0;0;2;2;15;A01
201200037967;0;7;0;0;2;1;1;B01
201200037968;0;31;0;0;2;1;1;B01
201200037968;0;7;0;0;2;3;15;A01
201200037969;0;7;0;0;2;3;1;A01
201200037969;0;7;0;0;2;2;1;B01
201200037970;0;7;0;0;2;1;9;A01
201200037970;0;7;0;0;2;7;1;B01
201200037971;0;7;0;0;2;1;1;B01
201200037971;0;7;0;0;2;3;9;A01
201200037972;0;33;0;6;0;1;1;A01
201200037973;0;7;0;0;1;2;1;A01
201200037974;0;7;0;0;2;2;1;A01
201200037974;0;7;0;0;2;3;9;B01
201200037975;1;7;0;0;0;0;0;A01
201200037976;1;7;0;0;2;1;2;A01
201200037976;0;7;0;0;2;4;2;B01
201200037977;0;7;0;3;0;1;13;A01
201200037978;0;33;0;0;0;1;1;A01
201200037979;0;2;0;0;0;0;10;A01
201200037980;0;33;0;0;2;8;1;A01
201200037980;0;7;0;0;2;1;1;B01
201200037981;0;7;0;0;1;2;1;A01
201200037982;0;37;40;0;1;2;1;A01
201200037983;0;7;0;1;2;8;9;A01
201200037983;0;7;0;0;2;3;1;B01
201200037984;0;1;0;0;2;4;19;B01
201200037984;0;7;0;0;2;3;1;A01
201200037985;0;14;0;0;2;1;2;A01
201200037985;0;7;0;0;2;5;2;B01
201200037986;0;7;0;0;2;1;2;A01
201200037986;0;7;0;0;2;4;2;B01
201200037987;0;10;0;0;2;3;15;A01
201200037987;0;33;0;0;2;1;17;B01
201200037988;0;7;0;0;1;3;15;A01
201200037989;0;7;0;0;1;3;1;A01
201200037990;0;7;0;0;1;3;17;A01
201200037991;0;34;0;0;2;1;9;A01
201200037991;0;34;0;0;2;7;1;B01
201200037992;0;37;2;0;0;0;2;A01
201200037993;2;7;0;3;2;2;9;A01
201200037993;0;7;0;0;0;8;2;B01
201200037993;0;7;0;14;0;4;1;C01
201200037993;0;7;0;14;0;1;1;D01
201200037993;0;7;0;0;2;8;1;E01
201200037993;0;15;0;0;2;6;1;F02
201200037994;0;7;0;0;2;1;5;A01
201200037994;0;37;2;7;2;1;1;B01
201200037995;0;7;0;0;1;2;16;A01
201200037996;0;7;0;0;1;2;2;A01
201200037997;0;7;0;0;1;1;0;A01
201200037998;0;7;0;0;2;1;13;A01
201200037998;0;7;0;0;2;3;23;B01
201200037998;0;7;0;0;2;1;1;C01
201200037999;0;7;0;4;0;1;0;A01
201200037999;0;7;0;14;9;1;2;B01
201200037999;0;7;0;14;0;3;2;C01
201200038000;0;33;0;0;2;1;5;A01
201200038000;0;7;0;0;2;1;1;B01
201200038001;0;7;0;0;1;6;4;A01
201200038002;0;14;0;0;2;1;2;A01
201200038002;0;7;0;0;0;4;2;B01
201200038003;0;7;0;0;2;3;1;A01
201200038003;0;30;0;0;2;1;17;B01
201200038004;0;7;0;0;2;1;1;A01
201200038004;0;7;0;0;2;1;1;B01
201200038005;0;33;0;0;0;0;0;A01
201200038005;0;7;0;0;0;1;21;B01
201200038006;0;33;0;0;2;1;1;A01
201200038006;0;7;0;0;0;4;1;B01
201200038007;0;7;0;0;1;3;2;A01
201200038008;0;7;0;0;0;6;10;A01
201200038008;0;15;0;0;0;1;17;B01
201200038009;0;10;0;0;0;6;9;A01
201200038009;0;33;0;0;0;0;1;B01
201200038010;0;15;0;13;0;1;1;A01
201200038011;0;7;0;1;2;2;17;A01
201200038011;0;1;0;0;2;1;9;B01
201200038012;0;7;0;0;0;7;2;A01
201200038013;0;7;0;8;1;1;1;A01
201200038014;0;7;0;0;1;2;1;A01
201200038015;0;7;0;0;1;1;2;A01
201200038016;0;7;0;0;1;2;1;A01
201200038017;0;7;0;0;1;4;4;A01
201200038018;0;7;0;0;2;3;9;A01
201200038018;0;32;0;0;0;8;2;B01
201200038019;0;7;0;0;1;7;0;A01
201200038020;0;7;0;0;2;7;12;A01
201200038020;0;33;0;0;2;8;3;B01
201200038020;0;7;0;0;2;6;2;C01
201200038021;0;37;5;0;1;2;2;A01
201200038022;0;7;0;0;0;1;13;A01
201200038022;0;10;0;0;2;1;1;B01
201200038022;0;7;0;0;2;1;1;C01
201200038023;0;7;0;0;0;3;1;B01
201200038023;0;30;0;0;2;1;9;A02
201200038024;0;7;0;1;1;1;24;A01
201200038025;1;7;0;0;1;3;0;Z01
201200038026;0;7;0;0;2;1;13;A01
201200038026;0;7;0;0;2;3;14;B01
201200038027;0;7;0;2;2;3;19;A01
201200038027;0;2;0;0;2;1;1;B01
201200038028;0;7;0;0;1;2;0;A01
201200038029;0;33;0;0;2;1;17;A01
201200038029;0;7;0;0;2;4;1;B01
201200038029;0;7;0;0;2;1;2;C01
201200038030;0;33;0;0;0;1;1;A01
201200038030;0;7;0;0;0;3;15;B01
201200038031;2;7;0;0;2;3;5;A01
201200038031;0;7;0;0;2;1;2;B01
201200038031;0;7;0;0;2;3;2;C01
201200038032;0;10;0;0;2;6;2;A01
201200038032;0;33;0;0;2;1;2;B01
201200038033;0;7;0;0;0;8;15;A01
201200038033;0;33;0;0;2;1;1;B01
201200038034;0;7;0;0;2;3;1;A01
201200038034;1;7;0;0;2;0;1;B01
201200038035;1;99;0;0;1;0;4;A01
201200038036;0;7;0;0;1;2;0;A01
201200038037;0;33;0;0;2;0;1;B01
201200038037;0;7;0;0;0;3;1;A01
201200038038;0;7;0;0;0;1;0;A01
201200038038;0;7;0;0;2;2;1;B01
201200038039;0;7;0;0;0;8;15;A01
201200038039;0;7;0;0;2;1;1;B01
201200038040;0;7;0;0;2;2;9;B01
201200038040;0;33;0;0;2;1;0;A01
201200038041;0;7;0;0;2;6;1;A01
201200038041;0;7;0;0;2;3;1;B02
201200038042;0;7;0;0;2;3;1;B01
201200038042;0;30;0;0;2;1;9;A01
201200038043;0;7;0;0;2;1;1;A01
201200038043;0;7;0;0;2;8;9;B01
201200038044;0;7;0;0;1;6;4;A01
201200038045;0;33;0;0;0;1;1;A01
201200038046;0;33;0;0;2;1;2;A01
201200038046;0;7;0;0;2;7;9;B01
201200038047;0;7;0;0;2;4;2;B01
201200038047;0;7;0;0;2;4;1;C01
201200038047;1;7;0;0;2;1;2;A01
201200038048;0;7;0;9;1;1;16;A01
201200038049;0;7;0;0;2;0;22;A01
201200038049;0;2;0;0;2;1;1;B01
201200038050;0;7;0;0;1;1;0;A01
201200038051;0;33;0;0;2;5;6;A01
201200038051;0;7;0;0;2;1;9;B01
201200038052;0;7;0;0;2;3;1;A01
201200038052;0;7;0;0;2;3;16;B01
201200038053;0;2;0;0;0;1;2;B01
201200038053;0;7;0;0;2;6;15;A01
201200038054;2;7;0;0;2;1;1;A01
201200038054;0;7;0;0;2;8;1;B01
201200038055;0;7;0;1;1;3;13;A01
201200038056;0;7;0;0;2;1;9;B01
201200038056;0;2;0;0;2;8;13;A01
201200038057;0;10;0;0;2;2;0;A01
201200038057;0;30;0;0;0;3;0;B01
201200038058;0;2;0;0;0;1;1;A01
201200038059;0;7;0;0;2;8;9;A01
201200038059;0;33;0;0;2;1;1;B01
201200038060;0;7;0;2;0;0;14;A01
201200038061;0;30;0;0;2;1;18;A01
201200038061;0;10;0;0;2;7;20;B01
201200038062;0;7;0;0;1;7;1;A01
201200038063;0;7;0;0;2;2;15;A01
201200038063;0;2;0;0;2;7;2;B01
201200038064;0;7;0;0;1;3;1;A01
201200038065;0;33;0;3;0;8;1;A01
201200038066;0;7;0;0;1;1;1;A01
201200038067;0;7;0;5;2;2;12;A01
201200038067;0;7;0;15;2;3;1;B01
201200038068;0;7;0;0;1;1;21;A01
201200038069;0;7;0;0;2;2;1;A01
201200038069;0;7;0;0;2;6;23;B01
201200038070;0;7;0;0;1;2;1;A01
201200038071;0;7;0;0;1;2;1;A01
201200038072;0;7;0;0;1;2;1;A01
201200038073;0;7;0;0;1;3;1;A01
201200038074;0;31;0;0;2;1;13;A01
201200038074;0;7;0;0;2;3;1;B01
201200038075;0;7;0;0;2;4;23;B01
201200038075;0;7;0;0;2;1;1;A01
201200038076;0;7;0;0;2;1;15;A01
201200038076;0;7;0;0;2;3;1;B01
201200038077;0;15;0;0;2;6;23;B01
201200038077;0;7;0;0;2;1;1;A01
201200038078;0;10;0;0;2;4;23;B01
201200038078;0;7;0;0;2;4;23;C01
201200038078;0;7;0;0;2;1;1;A01
201200038079;0;7;0;0;2;2;2;A01
201200038079;0;14;0;0;2;6;23;B01
201200038080;0;7;0;0;2;4;23;B01
201200038080;0;7;0;0;2;1;1;A01
201200038081;0;33;0;0;2;4;15;B01
201200038081;0;7;0;0;2;3;1;A01
201200038082;0;7;0;0;1;1;1;A01
201200038083;0;7;0;0;2;1;1;A01
201200038083;0;7;0;0;2;4;23;D01
201200038083;0;7;0;0;2;4;1;C01
201200038083;0;7;0;0;2;4;1;B01
201200038084;0;7;0;0;2;4;1;C01
201200038084;0;7;0;0;2;4;1;B01
201200038084;0;7;0;0;2;1;1;A01
201200038085;0;7;0;0;2;1;1;A01
201200038085;0;7;0;0;2;4;23;B01
201200038086;0;7;0;0;2;4;1;B01
201200038086;0;7;0;0;2;1;1;A01
201200038087;0;7;0;0;2;3;10;A01
201200038087;0;33;0;0;2;1;1;B01
201200038088;0;7;0;1;0;1;13;A01
201200038089;0;10;0;0;2;3;17;A01
201200038089;0;7;0;0;2;3;1;B01
201200038090;0;7;0;0;1;2;17;A01
201200038091;0;1;0;0;2;7;19;A01
201200038091;0;7;0;0;2;1;1;B01
201200038092;0;7;0;0;1;2;1;A01
201200038093;0;10;0;0;1;2;21;A01
201200038094;0;7;0;0;2;1;1;B01
201200038094;0;7;0;0;2;8;10;A01
201200038095;0;7;0;0;2;4;23;B01
201200038095;0;7;0;0;2;1;1;A01
201200038095;0;10;0;0;2;4;23;D01
201200038095;0;7;0;0;2;4;23;C01
201200038096;0;7;0;0;2;4;23;A01
201200038096;0;7;0;0;2;1;1;C01
201200038096;0;7;0;0;2;1;1;B01
201200038097;0;7;0;0;2;3;1;A01
201200038097;0;7;0;0;2;2;1;B01
201200038098;0;7;0;0;1;1;1;A01
201200038099;0;7;0;5;0;1;1;A01
201200038100;0;7;0;0;2;1;21;B01
201200038100;0;7;0;0;2;8;13;A01
201200038101;0;7;0;0;1;2;15;A01
201200038102;0;7;0;0;1;2;1;A01
201200038103;0;33;0;0;2;1;3;B02
201200038103;0;7;0;0;2;8;11;A01
201200038104;0;7;0;0;2;4;23;B01
201200038104;0;7;0;0;2;1;1;A01
201200038104;0;7;0;0;2;4;23;D01
201200038104;0;7;0;0;2;4;23;C01
201200038105;0;7;0;0;2;2;23;B01
201200038105;0;7;0;0;2;4;23;C01
201200038105;0;7;0;0;2;1;2;A01
201200038106;0;7;0;0;1;2;1;A01
201200038107;0;7;0;0;2;1;1;A01
201200038107;0;7;0;0;2;3;1;B01
201200038108;0;30;0;0;2;1;1;A01
201200038108;0;7;0;0;2;5;1;B01
201200038109;0;7;0;11;2;1;1;A01
201200038109;0;7;0;0;2;2;15;B01
201200038110;1;7;0;0;1;0;0;Z01
201200038111;0;7;0;0;2;3;10;A01
201200038111;0;33;0;0;2;2;1;B01
201200038112;0;38;1;0;1;3;15;A01
201200038113;0;7;0;0;1;1;1;A01
201200038114;0;7;0;0;2;4;23;B01
201200038114;0;7;0;0;2;1;1;A01
201200038114;0;10;0;0;2;4;23;C01
201200038115;0;7;0;0;1;8;1;A01
201200038116;0;7;0;0;1;4;4;A01
201200038117;0;7;0;0;2;1;15;A01
201200038117;0;1;0;0;2;1;19;B01
201200038118;0;7;0;0;1;3;1;A01
201200038119;0;37;8;0;2;2;1;A01
201200038119;0;7;0;0;2;4;4;C01
201200038119;0;7;0;0;2;2;23;B01
201200038120;0;7;0;0;1;2;1;A01
201200038121;0;7;0;0;2;1;1;B01
201200038121;0;1;0;0;2;7;19;A01
201200038122;0;7;0;0;1;2;17;A01
201200038123;0;33;0;0;2;1;1;A01
201200038123;0;7;0;0;2;8;15;B01
201200038124;0;7;0;1;1;1;1;A01
201200038125;0;7;0;0;2;1;2;A01
201200038125;0;7;0;0;2;4;23;B01
201200038126;0;7;0;0;1;4;4;A01
201200038127;0;31;0;4;0;2;1;A01
201200038128;0;7;0;0;2;1;1;A01
201200038128;0;7;0;0;2;4;1;B01
201200038129;0;7;0;0;2;2;1;A01
201200038129;0;1;0;0;2;1;19;B01
201200038130;0;7;0;0;1;2;1;A01
201200038131;0;10;0;0;1;2;1;A01
201200038132;0;34;0;12;0;0;21;A01
201200038133;0;30;0;0;2;1;1;A01
201200038133;0;7;0;0;2;4;1;B01
201200038134;0;33;0;0;2;1;17;A01
201200038134;0;7;0;0;2;4;1;B01
201200038135;0;7;0;0;1;1;1;A01
201200038136;0;7;0;0;1;7;1;A01
201200038137;0;7;0;0;1;8;1;A01
201200038138;0;7;0;0;2;8;15;B01
201200038138;0;33;0;0;2;1;17;A01
201200038139;0;7;0;0;1;2;1;A01
201200038140;0;33;0;0;2;1;1;B01
201200038140;0;7;0;0;2;4;15;A01
201200038141;0;33;0;6;2;7;1;B01
201200038141;0;33;0;6;2;7;1;A01
201200038142;0;7;0;0;2;1;1;B01
201200038142;0;7;0;0;2;1;6;A01
201200038143;0;7;0;1;2;4;21;B01
201200038143;0;31;0;0;2;6;21;A01
201200038144;0;7;0;0;2;3;1;A01
201200038144;0;34;0;0;2;1;1;B01
201200038145;0;1;0;1;0;1;1;B01
201200038145;0;10;0;0;2;8;22;A01
201200038146;0;37;30;0;2;3;1;B02
201200038146;0;37;2;0;2;3;13;A01
201200038147;0;7;0;0;2;3;16;A01
201200038147;0;7;0;1;2;3;16;B01
201200038148;0;7;0;0;1;1;1;A01
201200038149;0;7;0;0;2;1;1;A01
201200038149;0;7;0;0;2;4;1;B01
201200038150;0;34;0;0;2;1;17;A01
201200038150;0;7;0;0;2;3;15;B01
201200038151;0;2;0;0;2;1;1;A01
201200038151;0;7;0;0;2;7;9;B01
201200038152;0;10;0;0;2;4;20;A01
201200038152;0;37;30;0;2;7;23;B01
201200038153;0;33;0;0;2;2;1;B01
201200038153;0;7;0;0;2;6;11;A01
201200038154;0;7;0;0;1;7;1;A01
201200038155;0;7;0;4;0;4;1;B01
201200038155;1;99;0;0;2;4;0;A01
201200038156;0;7;0;0;1;3;16;A01
201200038157;0;7;0;0;1;2;0;A01
201200038158;0;32;0;0;1;2;3;A01
201200038159;0;7;0;0;1;1;1;A01
201200038160;0;7;0;0;2;1;2;A01
201200038160;0;7;0;0;2;3;16;B01
201200038161;0;30;0;0;2;8;3;A01
201200038161;0;33;0;0;2;8;3;B01
201200038162;0;7;0;0;2;3;15;A01
201200038162;0;30;0;0;2;1;1;B01
201200038163;0;7;0;0;2;5;9;A01
201200038163;0;33;0;0;2;1;1;B01
201200038164;0;1;0;0;2;1;9;B01
201200038164;0;7;0;0;2;8;1;A01
201200038165;0;34;0;0;2;1;1;B01
201200038165;0;7;0;0;2;6;9;A01
201200038166;1;7;0;0;1;0;0;Z01
201200038167;0;7;0;0;1;2;1;A01
201200038168;0;7;0;1;2;1;13;B01
201200038168;0;7;0;0;2;1;1;A01
201200038169;0;33;0;0;2;2;1;B01
201200038169;0;7;0;0;2;3;1;A01
201200038170;0;33;0;0;2;1;17;A01
201200038170;0;7;0;0;2;3;9;B01
201200038171;0;7;0;0;2;3;9;A01
201200038171;0;33;0;0;2;2;1;B01
201200038172;0;7;0;0;2;6;2;C01
201200038172;2;7;0;0;2;3;5;A01
201200038172;0;2;0;0;2;1;2;B01
201200038173;0;30;0;0;1;1;1;A01
201200038174;0;30;0;0;2;2;17;B01
201200038174;0;7;0;0;2;3;15;A01
201200038175;0;7;0;0;1;4;4;A01
201200038176;0;7;0;0;2;4;2;B01
201200038176;0;10;0;0;2;1;2;A01
201200038176;0;7;0;0;2;4;23;C01
201200038177;0;33;0;0;2;7;17;A01
201200038177;0;7;0;0;2;3;15;B01
201200038178;0;7;0;0;2;2;1;A01
201200038178;0;1;0;0;2;3;1;B01
201200038179;0;30;0;0;0;0;16;A01
201200038179;0;30;0;0;0;0;21;B01
201200038180;0;7;0;0;1;1;1;A01
201200038181;0;7;0;0;1;2;2;A01
201200038182;0;33;0;0;2;1;17;A01
201200038182;0;7;0;8;2;8;15;B01
201200038183;0;33;0;0;2;1;1;A01
201200038183;0;7;0;0;2;6;15;B01
201200038184;0;1;0;0;2;7;19;B01
201200038184;0;17;0;0;9;1;16;A01
201200038185;0;7;0;0;9;3;1;A01
201200038185;0;1;0;0;2;7;1;B01
201200038186;0;7;0;0;2;1;2;A01
201200038186;0;7;0;8;2;4;2;B01
201200038187;0;7;0;0;2;7;1;A01
201200038187;0;1;0;0;2;7;1;B01
201200038188;0;10;0;0;1;1;1;A01
201200038189;0;33;0;0;2;0;21;A01
201200038189;0;7;0;0;2;7;14;B01
201200038190;0;7;0;0;2;3;13;B01
201200038190;0;7;0;0;2;3;13;A01
201200038191;0;33;0;0;2;1;1;B01
201200038191;0;7;0;0;2;1;15;A01
201200038192;0;7;0;0;2;3;1;B01
201200038192;0;3;0;0;2;1;13;A01
201200038193;0;7;0;2;0;3;0;A01
201200038194;0;7;0;0;2;7;23;C01
201200038194;0;7;0;1;2;9;1;A01
201200038194;0;7;0;0;2;6;23;B01
201200038195;0;7;0;0;2;3;1;B01
201200038195;0;32;0;0;2;7;5;A01
201200038196;0;7;0;0;1;1;15;A01
201200038197;0;33;0;2;0;1;21;B01
201200038197;0;7;0;0;0;0;15;A01
201200038198;0;7;0;13;2;8;17;A01
201200038198;0;7;0;12;2;7;17;B01
201200038199;2;34;0;0;1;2;2;A01
201200038200;0;7;0;0;1;2;0;A01
201200038201;0;7;0;0;1;2;1;A01
201200038202;0;1;0;12;2;1;5;B01
201200038202;1;10;0;0;2;2;16;A01
201200038203;0;7;0;6;0;2;0;A01
201200038204;1;7;0;0;1;1;1;A01
201200038205;0;7;0;0;1;3;15;A01
201200038206;0;33;0;0;2;1;2;A01
201200038206;0;7;0;0;2;5;23;B01
201200038207;0;7;0;0;2;1;1;B01
201200038207;0;7;0;0;2;1;1;A01
201200038208;0;7;0;0;2;7;11;A01
201200038208;0;33;0;0;2;1;2;B01
201200038209;0;99;0;8;0;0;0;A01
201200038210;0;1;0;0;2;1;19;B01
201200038210;0;7;0;0;2;3;1;A01
201200038211;0;7;0;0;2;2;15;A01
201200038211;0;31;0;0;2;1;1;B01
201200038212;0;7;0;0;2;8;1;B01
201200038212;0;7;0;0;2;1;1;A01
201200038213;0;7;0;0;2;5;15;A01
201200038213;0;31;0;0;2;1;17;B01
201200038214;0;7;0;0;2;1;1;A01
201200038214;0;7;0;0;2;6;1;B01
201200038215;0;30;0;1;2;3;18;A01
201200038215;0;7;0;0;2;2;16;B01
201200038216;0;7;0;0;1;1;1;A01
201200038217;0;7;0;0;1;1;1;A01
201200038218;0;2;0;0;2;1;1;A01
201200038218;0;7;0;0;2;2;1;B01
201200038219;0;2;0;0;2;1;21;A01
201200038219;0;7;0;0;2;1;10;C01
201200038220;0;7;0;0;1;2;1;A01
201200038221;0;33;0;13;0;0;1;A01
201200038222;0;10;0;0;2;5;2;B01
201200038222;0;33;0;0;2;1;2;A01
201200038223;0;7;0;15;1;3;1;B01
201200038223;0;7;0;0;2;3;15;A01
201200038224;0;7;0;0;2;1;2;C01
201200038224;0;10;0;6;0;1;2;A01
201200038224;0;7;0;0;2;4;2;B01
201200038225;0;10;0;0;2;1;1;A01
201200038225;0;7;0;0;2;4;23;B01
201200038226;0;7;0;0;2;1;1;B01
201200038226;0;7;0;0;2;8;1;A01
201200038227;0;7;0;13;0;1;1;A01
201200038228;0;10;0;0;2;5;23;C01
201200038228;0;7;0;0;2;1;2;A01
201200038228;0;7;0;0;2;4;23;B01
201200038229;0;10;0;0;2;4;23;B01
201200038229;0;10;0;0;2;4;23;C01
201200038229;0;10;0;0;2;1;1;A01
201200038230;0;7;0;0;0;1;12;A01
201200038231;0;7;0;0;2;7;0;B01
201200038231;0;7;0;0;2;1;1;A01
201200038232;0;7;0;0;2;4;23;B02
201200038232;0;7;0;0;2;1;1;A01
201200038233;0;7;0;0;1;1;1;A01
201200038234;0;7;0;0;1;1;1;A01
201200038235;0;7;0;0;1;4;4;A01
201200038236;0;7;0;0;2;1;1;B01
201200038236;0;7;0;0;2;1;13;A01
201200038237;1;7;0;0;2;4;4;A01
201200038237;0;30;0;0;2;8;1;B01
201200038238;0;17;0;0;2;1;1;A01
201200038238;0;33;0;0;2;4;3;B01
201200038239;0;7;0;0;2;2;1;A01
201200038239;0;7;0;0;2;4;23;B01
201200038239;0;7;0;0;2;4;23;C01
201200038240;0;7;0;0;2;4;23;B01
201200038240;0;10;0;0;2;1;2;A01
201200038241;0;7;0;0;2;8;16;A01
201200038241;0;33;0;0;2;7;16;B01
201200038242;0;7;0;0;0;1;1;A01
201200038242;0;7;0;0;0;0;0;B01
201200038243;0;33;0;0;2;7;17;B01
201200038243;0;10;0;0;2;3;15;A01
201200038244;0;7;0;0;1;4;20;A01
201200038245;0;7;0;8;0;3;1;A01
201200038246;0;33;0;0;1;3;1;A01
201200038247;0;7;0;0;0;9;1;A01
201200038248;0;7;0;0;2;8;9;A01
201200038248;0;10;0;0;2;3;21;B01
201200038249;0;7;0;14;0;1;1;A01
201200038250;0;7;0;0;1;7;1;A01
201200038251;0;7;0;0;2;1;1;B01
201200038251;0;7;0;0;0;4;23;A01
201200038252;0;7;0;0;2;1;1;A01
201200038252;0;7;0;0;2;4;1;B01
201200038253;0;7;0;0;2;3;15;A01
201200038253;0;34;0;0;2;6;15;B01
201200038254;0;2;0;0;2;1;1;B01
201200038254;0;7;0;16;2;3;15;A01
201200038255;0;7;0;0;2;3;1;B01
201200038255;0;7;0;0;2;3;13;A01
201200038256;0;7;0;0;2;7;15;B01
201200038256;0;7;0;0;2;1;1;A01
201200038257;0;7;0;0;2;3;1;B01
201200038257;0;7;0;0;2;3;9;A01
201200038258;0;7;0;0;2;3;1;B01
201200038258;0;7;0;0;2;3;13;A01
201200038259;0;7;0;0;2;8;1;B01
201200038259;0;7;0;0;2;3;15;A01
201200038260;0;7;0;0;2;1;1;B01
201200038260;0;31;0;0;2;1;5;A01
201200038261;0;7;0;0;2;4;15;A01
201200038261;0;13;0;0;2;2;2;B01
201200038262;0;2;0;0;1;1;2;A01
201200038263;0;33;0;0;2;7;1;B01
201200038263;0;7;0;0;2;2;16;A01
201200038264;0;7;0;15;0;1;1;A01
201200038265;0;7;0;2;0;3;1;A01
201200038266;0;7;0;0;0;2;1;A01
201200038267;0;13;0;0;2;7;2;A01
201200038267;0;33;0;0;2;3;2;B01
201200038268;0;7;0;0;1;7;1;A01
201200038269;1;7;0;0;2;4;2;C01
201200038269;0;7;0;0;2;1;2;A01
201200038269;0;7;0;0;2;4;2;B01
201200038270;0;33;0;12;2;1;17;A01
201200038270;0;1;0;0;2;8;15;B01
201200038271;0;37;0;0;1;1;1;A01
201200038272;0;7;0;0;2;1;1;B01
201200038272;0;7;0;0;2;7;15;A01
201200038273;0;32;0;0;2;1;1;A01
201200038273;0;7;0;0;2;6;1;B01
201200038274;0;7;0;12;0;1;1;A01
201200038275;0;10;0;0;0;0;1;A01
201200038276;0;14;0;12;2;2;15;B01
201200038276;0;33;0;0;2;8;15;A01
201200038277;0;7;0;2;0;1;1;A01
201200038278;0;7;0;0;1;2;1;A01
201200038279;0;7;0;0;2;1;15;B01
201200038279;0;7;0;0;2;3;1;A01
201200038280;0;15;0;0;2;3;1;B01
201200038280;0;2;0;0;2;8;15;A01
201200038281;0;99;0;12;2;1;21;A01
201200038282;0;7;0;0;1;2;1;A01
201200038283;0;7;0;0;2;1;1;B01
201200038283;0;7;0;0;2;1;15;A01
201200038284;0;31;0;0;2;8;21;A01
201200038284;0;33;0;0;2;1;21;B01
201200038285;0;7;0;0;1;7;1;A01
201200038286;0;2;0;0;0;1;1;A01
201200038287;0;7;0;0;1;3;1;A01
201200038288;0;30;0;0;2;5;17;B01
201200038288;0;7;0;0;2;3;15;A01
201200038289;0;34;0;0;2;1;1;A01
201200038289;0;7;0;0;2;1;15;B01
201200038290;0;7;0;0;2;5;2;B01
201200038290;0;32;0;0;2;1;2;A01
201200038291;0;7;0;0;2;1;1;B01
201200038291;0;7;0;0;2;1;1;A01
201200038292;0;7;0;0;2;1;1;A01
201200038292;0;7;0;0;2;4;23;B01
201200038293;0;33;0;11;0;0;1;A01
201200038294;0;7;0;8;0;3;1;A01
201200038295;0;7;0;0;2;3;1;B01
201200038295;0;7;0;0;2;8;20;A01
201200038296;0;1;0;0;2;0;19;B01
201200038296;0;7;0;0;2;1;1;A01
201200038297;0;7;0;0;2;1;1;B01
201200038297;0;7;0;0;2;2;15;A01
201200038298;0;10;0;0;2;6;11;B01
201200038298;0;10;0;0;2;1;1;A01
201200038299;1;7;0;0;2;1;1;B01
201200038299;0;7;0;0;2;6;23;A01
201200038300;0;2;0;0;2;1;1;A01
201200038300;0;7;0;0;2;8;9;B01
201200038301;0;33;0;0;2;1;1;A01
201200038301;0;7;0;0;2;5;1;B01
201200038302;0;7;0;0;2;4;2;A01
201200038302;0;10;0;0;2;1;2;B01
201200038302;0;7;0;0;2;1;2;C01
201200038303;0;7;0;0;2;1;1;B01
201200038303;0;7;0;1;2;1;17;A01