num_acc;senc;catv;occutc;obs;obsm;choc;manv;num_veh
201200038675;0;7;0;0;0;0;10;A01
201200038676;0;7;0;0;2;3;15;A01
201200038676;0;31;0;0;2;1;1;B01
201200038677;0;14;0;0;2;5;14;A01
201200038677;0;32;0;0;0;7;1;B01
201200038678;0;7;0;9;1;1;0;A01
201200038679;0;7;0;0;1;3;15;A01
201200038680;0;1;0;0;2;1;19;A01
201200038680;0;7;0;0;2;2;1;B01
201200038681;0;7;0;0;1;8;1;A01
201200038682;0;10;0;0;2;3;1;B01
201200038682;0;7;0;0;2;3;13;A01
201200038683;0;7;0;0;2;3;13;A01
201200038683;0;10;0;0;2;3;1;B01
201200038684;0;7;0;6;0;2;14;A01
201200038685;0;7;0;0;2;2;15;A01
201200038685;0;2;0;0;2;1;1;B01
201200038686;0;7;0;0;2;3;15;A01
201200038686;0;30;0;0;2;1;1;B01
201200038687;0;7;0;3;0;3;1;A01
201200038688;0;31;0;11;0;7;1;B01
201200038688;0;7;0;0;2;3;1;A01
201200038689;0;7;0;13;0;2;1;A01
201200038690;0;1;0;0;2;7;1;B01
201200038690;0;10;0;0;2;8;1;A01
201200038691;0;7;0;8;0;0;1;A01
201200038692;0;7;0;0;2;1;1;B01
201200038692;0;7;0;0;2;8;19;A01
201200038693;0;7;0;0;1;2;1;A01
201200038694;0;7;0;0;2;0;21;B01
201200038694;0;7;0;0;2;1;1;C01
201200038694;0;7;0;3;2;7;5;A01
201200038695;0;10;0;0;2;1;1;B01
201200038695;0;7;0;0;2;8;19;A01
201200038696;0;2;0;3;0;7;0;A01
201200038697;0;7;0;0;1;2;1;A01
201200038698;0;7;0;0;2;8;15;B01
201200038698;0;31;0;0;2;1;17;A01
201200038699;0;7;0;0;2;6;1;B01
201200038699;0;7;0;0;2;1;1;A01
201200038700;0;7;0;0;2;1;1;B01
201200038700;0;7;0;0;2;1;17;A01
201200038701;0;7;0;0;2;8;1;B01
201200038701;0;2;0;0;2;3;15;A01
201200038702;0;7;0;0;2;3;15;A01
201200038702;0;7;0;0;2;3;1;B01
201200038703;0;7;0;0;2;1;1;B01
201200038703;0;2;0;0;2;7;15;A01
201200038704;0;7;0;2;0;3;21;A01
201200038705;0;2;0;12;0;2;14;A01
201200038706;0;7;0;0;2;2;15;A01
201200038706;0;2;0;0;2;2;1;B01
201200038707;0;7;0;0;2;2;15;A01
201200038707;0;1;0;0;2;6;1;B01
201200038708;0;7;0;0;1;1;1;A01
201200038709;0;7;0;0;2;3;15;A01
201200038709;0;33;0;0;2;1;1;B01
201200038710;0;31;0;0;0;0;1;A01
201200038711;0;37;1;0;2;4;1;C01
201200038711;0;7;0;0;2;1;1;A01
201200038711;0;33;0;0;2;4;1;B01
201200038712;0;31;0;0;0;0;1;A01
201200038713;0;1;0;0;2;8;15;B01
201200038713;0;7;0;0;2;2;16;A01
201200038714;0;30;0;1;0;0;0;A01
201200038715;0;1;0;0;2;8;1;B01
201200038715;0;7;0;0;2;5;12;A01
201200038716;0;7;0;0;1;2;1;B01
201200038717;0;2;0;0;0;0;1;B01
201200038717;0;10;0;0;0;0;1;A01
201200038718;0;2;0;0;0;0;0;A01
201200038719;0;2;0;12;0;2;1;A01
201200038720;0;7;0;0;1;1;15;A01
201200038721;0;7;0;1;2;5;15;B01
201200038721;0;33;0;0;2;1;1;A01
201200038722;0;7;0;0;1;2;1;A01
201200038723;0;7;0;0;1;1;1;A01
201200038724;0;7;0;0;1;1;1;A01
201200038725;0;10;0;8;0;2;21;A01
201200038726;0;7;0;0;2;6;13;B01
201200038726;0;7;0;0;2;0;17;A01
201200038727;1;7;0;0;1;1;1;A01
201200038728;0;2;0;0;0;1;0;A01
201200038728;0;7;0;0;0;3;0;B01
201200038729;0;7;0;0;1;2;1;A01
201200038730;0;7;0;0;2;4;23;B01
201200038730;0;7;0;0;2;1;2;A01
201200038731;0;7;0;0;2;1;6;A01
201200038731;0;7;0;0;2;8;1;B01
201200038732;0;7;0;0;2;2;1;B01
201200038732;0;7;0;0;2;8;1;A01
201200038733;0;7;0;2;0;1;13;A01
201200038734;0;33;0;0;2;1;1;B01
201200038734;0;7;0;0;2;3;9;A01
201200038735;0;7;0;0;2;3;1;B01
201200038735;0;2;0;0;2;0;13;A01
201200038736;0;2;0;0;2;6;13;A01
201200038736;0;7;0;0;2;7;18;B01
201200038737;0;10;0;0;2;5;19;B01
201200038737;0;7;0;15;2;1;1;A01
201200038738;0;7;0;0;2;8;19;B01
201200038738;0;7;0;0;2;1;19;A01
201200038739;0;7;0;0;0;4;2;B01
201200038739;0;7;0;0;2;1;2;A01
201200038740;0;7;0;0;2;4;23;B01
201200038740;0;1;0;0;2;1;2;A01
201200038741;0;7;0;0;2;0;15;A01
201200038741;0;10;0;0;2;4;21;D01
201200038741;0;17;0;0;2;1;21;F02
201200038741;0;13;0;0;2;4;21;E01
201200038741;0;7;0;0;2;4;21;C01
201200038741;0;7;0;0;2;4;21;B01
201200038742;0;7;0;0;1;1;24;A01
201200038743;0;7;0;0;2;1;2;A01
201200038743;0;7;0;0;2;1;2;B01
201200038743;0;7;0;0;2;4;2;C01
201200038744;0;10;0;0;2;1;2;A01
201200038744;0;7;0;0;2;4;23;C01
201200038744;0;7;0;0;2;4;23;B01
201200038745;0;2;0;16;0;0;15;A01
201200038746;0;30;0;0;2;1;1;B01
201200038746;0;7;0;0;2;3;9;A01
201200038747;0;7;0;8;0;1;1;A01
201200038748;0;2;0;0;0;8;1;A01
201200038749;0;7;0;15;0;1;1;A01
201200038750;0;33;0;11;0;0;0;A01
201200038751;0;30;0;12;0;5;2;A01
201200038752;0;10;0;0;0;0;0;A01
201200038752;0;2;0;0;0;0;0;B01
201200038753;0;1;0;0;0;0;1;A01
201200038754;0;7;0;0;2;3;14;B01
201200038754;0;30;0;0;2;1;13;A01
201200038755;0;33;0;0;0;0;1;A01
201200038756;0;7;0;0;2;1;1;B01
201200038756;0;7;0;0;2;1;1;A01
201200038757;0;7;0;0;1;4;4;A01
201200038758;0;7;0;2;0;3;1;A01
201200038759;0;7;0;0;1;2;1;A01
201200038760;0;7;0;0;2;3;15;A01
201200038760;0;3;0;0;2;1;0;B01
201200038761;0;33;0;0;0;4;1;A01
201200038762;0;7;0;0;1;4;23;A01
201200038762;0;7;0;0;2;1;9;B01
201200038763;0;10;0;0;1;2;1;A01
201200038764;0;7;0;0;1;7;15;A01
201200038765;0;33;0;1;0;6;1;A01
201200038766;0;3;0;0;2;8;19;A01
201200038766;0;7;0;0;2;1;1;B01
201200038767;0;7;0;0;2;1;2;A01
201200038767;0;7;0;8;0;6;20;B01
201200038768;0;7;0;0;1;1;1;A01
201200038769;2;7;0;0;1;1;1;A01
201200038770;0;7;0;0;1;1;1;A01
201200038771;0;7;0;0;1;1;1;A01
201200038772;0;7;0;0;2;1;1;B01
201200038772;0;7;0;0;2;8;1;A01
201200038773;0;7;0;0;1;1;1;A01
201200038774;0;7;0;0;1;1;1;A01
201200038775;0;7;0;0;1;1;1;A01
201200038776;0;7;0;0;2;3;1;B01
201200038776;0;30;0;0;2;2;1;A01
201200038777;0;7;0;0;2;1;1;B01
201200038777;0;7;0;0;2;1;1;A01
201200038777;0;7;0;0;2;4;1;C01
201200038778;0;33;0;0;2;1;1;A01
201200038778;0;7;0;0;2;1;15;B01
201200038779;0;7;0;0;1;1;1;A01
201200038780;0;7;0;0;2;8;1;A01
201200038780;0;1;0;0;2;0;1;B01
201200038781;0;7;0;0;1;3;1;A01
201200038782;0;7;0;0;1;3;15;A01
201200038783;0;7;0;8;0;1;1;A01
201200038784;1;7;0;0;2;1;15;A01
201200038784;0;2;0;0;2;8;1;B01
201200038785;0;7;0;0;1;1;1;A01
201200038786;0;30;0;0;2;1;1;A01
201200038786;0;7;0;0;2;0;1;B01
201200038787;0;7;0;0;2;2;1;B01
201200038787;0;7;0;0;2;8;1;A01
201200038788;0;7;0;0;2;1;1;B01
201200038788;0;7;0;0;2;1;15;A01
201200038789;0;7;0;0;2;1;1;A01
201200038789;0;7;0;0;2;4;1;C01
201200038789;0;7;0;0;2;4;1;B01
201200038790;0;7;0;0;2;6;1;C01
201200038790;0;7;0;0;2;1;1;A01
201200038790;0;7;0;0;2;2;1;B01
201200038791;0;7;0;9;0;1;1;A01
201200038792;0;7;0;0;2;8;10;A01
201200038792;0;14;0;0;2;2;1;B01
201200038793;0;7;0;1;0;2;1;A01
201200038793;0;7;0;0;2;8;23;B01
201200038794;0;7;0;0;2;1;1;A01
201200038794;0;1;0;0;2;4;1;B01
201200038795;0;7;0;0;2;3;1;B01
201200038795;0;2;0;0;2;7;1;A01
201200038796;0;7;0;0;2;1;1;A01
201200038796;0;1;0;0;2;8;1;B01
201200038797;0;7;0;0;2;1;1;A01
201200038797;0;7;0;0;2;4;1;C01
201200038797;0;7;0;0;2;4;1;B01
201200038798;0;7;0;0;1;3;1;A01
201200038799;0;1;0;0;2;1;1;B01
201200038799;0;7;0;0;2;1;15;A01
201200038800;0;1;0;0;2;7;1;B01
201200038800;0;7;0;0;2;3;1;A01
201200038801;0;7;0;0;2;4;23;D01
201200038801;0;7;0;0;2;4;23;C01
201200038801;0;7;0;0;2;1;2;A01
201200038801;0;7;0;0;2;4;23;B01
201200038802;0;1;0;0;2;7;1;A01
201200038802;0;7;0;0;2;3;1;B01
201200038803;0;7;0;0;1;2;21;A01
201200038804;0;33;0;0;2;2;1;B01
201200038804;0;7;0;0;2;3;10;A01
201200038805;0;7;0;0;2;8;1;B01
201200038805;0;13;0;0;2;7;1;A01
201200038806;0;1;0;0;2;6;19;B01
201200038806;0;13;0;0;2;3;1;A01
201200038807;0;7;0;0;1;4;20;A01
201200038808;0;1;0;0;2;1;2;A01
201200038808;0;10;0;0;2;4;2;B01
201200038809;0;33;0;0;1;0;24;A01
201200038810;0;7;0;0;2;2;9;B01
201200038810;0;7;0;0;2;1;1;A01
201200038811;0;7;0;0;2;2;1;B01
201200038811;0;7;0;10;2;2;1;A01
201200038812;0;7;0;0;2;1;17;A01
201200038812;0;10;0;0;2;8;1;B01
201200038813;0;7;0;0;2;4;24;B01
201200038813;0;13;0;1;0;1;2;A01
201200038814;0;7;0;0;2;4;23;B01
201200038814;0;7;0;1;0;0;2;A01
201200038815;0;1;0;0;2;8;1;B01
201200038815;0;7;0;0;2;0;15;A01
201200038816;0;7;0;0;2;4;2;B01
201200038816;0;7;0;0;2;1;2;A01
201200038817;0;7;0;0;2;7;1;A01
201200038817;0;7;0;0;2;1;1;B01
201200038818;0;7;0;0;2;4;23;B01
201200038818;0;37;1;1;0;4;2;A01
201200038819;0;7;0;13;0;1;1;A01
201200038820;0;7;0;0;2;2;17;A01
201200038820;0;30;0;0;2;1;17;B01
201200038821;0;37;1;0;2;2;1;A01
201200038821;0;7;0;0;2;5;1;B01
201200038822;0;33;0;14;0;1;17;A01
201200038823;0;33;0;1;0;1;2;A01
201200038823;0;7;0;0;2;4;2;B01
201200038824;0;7;0;0;2;6;1;C01
201200038824;0;7;0;0;2;1;17;A01
201200038824;0;7;0;0;2;8;1;B01
201200038825;0;7;0;0;2;8;15;A01
201200038825;0;33;0;0;2;1;1;B01
201200038826;0;14;0;0;2;1;1;A01
201200038826;0;7;0;0;2;4;1;B01
201200038827;0;7;0;0;1;1;1;A01
201200038828;0;7;0;0;1;7;23;B01
201200038828;0;7;0;0;2;1;1;A01
201200038829;0;2;0;1;0;1;1;A01
201200038830;0;33;0;0;2;1;1;A01
201200038830;0;7;0;0;2;8;1;B01
201200038831;0;7;0;0;2;1;1;A01
201200038831;0;1;0;0;2;7;19;B01
201200038832;0;7;0;1;0;4;2;C01
201200038832;0;7;0;1;0;4;2;B01
201200038832;0;7;0;0;2;1;2;A01
201200038833;0;7;0;0;2;3;15;A01
201200038833;0;33;0;0;2;1;17;B01
201200038834;0;7;0;0;2;1;1;A01
201200038834;0;7;0;0;2;2;1;B01
201200038835;1;7;0;0;2;1;1;A01
201200038835;0;1;0;0;2;4;1;B01
201200038836;1;7;0;0;1;1;1;A01
201200038837;0;7;0;0;2;3;1;B01
201200038837;0;10;0;0;2;1;15;A01
201200038838;0;2;0;0;2;1;1;B01
201200038838;0;31;0;0;2;1;15;A01
201200038839;0;7;0;0;2;4;1;B01
201200038839;0;7;0;0;2;1;1;A01
201200038839;0;7;0;0;2;4;1;C01
201200038840;0;7;0;0;2;1;1;B01
201200038840;0;7;0;0;2;3;16;A01
201200038841;0;33;0;0;2;1;1;B01
201200038841;0;7;0;0;2;2;15;A01
201200038842;1;13;0;0;2;0;12;B01
201200038842;0;37;2;0;2;1;1;A01
201200038843;0;7;0;16;0;1;1;A01
201200038844;0;7;0;1;2;1;1;A01
201200038844;0;7;0;0;2;4;15;B01
201200038845;1;7;0;0;1;1;1;A01
201200038846;0;37;1;0;1;3;8;A01
201200038847;0;30;0;0;2;8;16;B01
201200038847;0;10;0;0;2;3;1;A01
201200038848;0;30;0;8;0;1;1;A01
201200038849;0;7;0;0;1;2;2;A01
201200038850;0;2;0;12;0;1;1;A01
201200038851;0;7;0;0;2;1;1;C01
201200038851;0;7;0;0;2;4;1;B01
201200038851;0;7;0;0;2;1;15;A01
201200038852;0;33;0;16;0;0;10;A01
201200038853;0;7;0;0;2;4;23;B01
201200038853;0;1;0;1;0;1;2;A01
201200038854;0;7;0;12;0;1;1;B01
201200038854;1;7;0;0;0;0;5;A01
201200038855;0;10;0;15;2;7;1;A01
201200038855;0;13;0;0;2;0;2;B01
201200038855;0;7;0;0;2;1;1;C01
201200038856;0;7;0;0;2;1;1;B01
201200038856;0;1;0;0;2;7;19;A01
201200038857;0;7;0;0;2;7;15;A01
201200038857;0;7;0;0;2;1;1;B01
201200038858;0;7;0;0;2;8;1;B01
201200038858;0;7;0;0;2;7;1;A01
201200038859;0;7;0;0;2;3;1;B01
201200038859;0;2;0;0;2;2;1;A01
201200038860;0;7;0;0;2;1;1;A01
201200038860;0;7;0;0;2;6;1;B01
201200038861;0;7;0;0;2;1;1;B01
201200038861;0;1;0;0;2;8;0;A01
201200038862;0;7;0;0;2;1;1;A01
201200038862;0;7;0;0;2;4;1;B01
201200038863;0;7;0;16;0;1;1;A01
201200038864;0;14;0;0;2;2;15;A01
201200038864;0;7;0;0;2;8;1;B01
201200038865;0;7;0;0;2;4;23;B01
201200038865;0;21;0;0;2;1;1;A01
201200038866;0;7;0;0;0;4;1;B01
201200038866;0;7;0;0;2;1;2;A01
201200038867;0;1;0;0;1;0;2;A01
201200038868;0;7;0;1;0;1;2;A01
201200038868;0;7;0;0;2;4;15;B01
201200038869;0;7;0;0;2;2;15;B01
201200038869;0;7;0;8;2;9;1;A01
201200038870;0;2;0;0;0;0;1;A01
201200038871;0;7;0;0;1;1;1;A01
201200038872;0;7;0;0;2;5;16;A01
201200038872;0;1;0;0;2;3;1;B01
201200038873;0;7;0;0;2;3;1;B01
201200038873;0;7;0;0;2;7;1;A01
201200038874;0;1;0;0;2;4;9;B01
201200038874;0;7;0;0;2;1;9;A01
201200038875;1;7;0;0;1;0;15;Z01
201200038876;0;7;0;0;1;2;1;A01
201200038877;0;7;0;0;2;1;17;A01
201200038877;0;7;0;0;2;8;17;B01
201200038878;0;30;0;0;1;1;1;A01
201200038879;0;7;0;1;0;2;1;A01
201200038880;0;7;0;0;2;1;15;A01
201200038880;0;1;0;0;2;0;10;B01
201200038881;0;7;0;0;2;3;15;C01
201200038881;0;33;0;0;2;1;1;A01
201200038881;0;7;0;0;2;4;15;B01
201200038882;0;1;0;0;0;4;1;A01
201200038883;0;17;0;16;9;7;1;A01
201200038884;0;7;0;0;2;1;2;A01
201200038884;0;7;0;0;2;4;2;C01
201200038884;0;7;0;0;2;1;2;B01
201200038885;0;7;0;0;2;4;2;B01
201200038885;0;7;0;0;2;1;2;A01
201200038885;0;7;0;0;2;4;2;C01
201200038886;0;7;0;0;2;4;2;B01
201200038886;0;30;0;1;0;1;1;A01
201200038887;0;31;0;0;2;6;10;A01
201200038887;0;2;0;0;2;1;1;B01
201200038888;0;7;0;0;2;1;1;A01
201200038888;0;7;0;0;2;8;1;B01
201200038889;0;7;0;1;0;1;1;A01
201200038890;0;33;0;0;2;1;1;A01
201200038890;0;7;0;0;2;8;15;B01
201200038891;0;7;0;0;2;4;2;B01
201200038891;0;7;0;0;2;1;2;A01
201200038892;0;7;0;0;2;1;17;A01
201200038892;0;2;0;0;2;8;15;B01
201200038893;0;7;0;0;1;2;1;A01
201200038894;0;7;0;2;0;1;1;A01
201200038895;0;7;0;0;1;7;1;A01
201200038896;0;2;0;0;2;1;1;A01
201200038896;0;10;0;0;2;7;1;B01
201200038897;0;7;0;0;2;6;1;B01
201200038897;0;33;0;0;2;7;17;A01
201200038898;0;7;0;0;2;4;23;B01
201200038898;0;2;0;1;0;1;17;A01
201200038899;0;7;0;0;2;7;1;B01
201200038899;0;1;0;0;2;1;1;A01
201200038900;0;33;0;0;2;1;1;B01
201200038900;0;7;0;0;2;8;1;A01
201200038901;0;7;0;13;0;0;1;A01
201200038902;1;32;0;0;2;1;1;B01
201200038902;0;1;0;0;2;4;15;A01
201200038903;0;2;0;0;2;1;1;B01
201200038903;0;7;0;0;2;7;15;A01
201200038904;0;7;0;0;2;1;9;A01
201200038904;0;7;0;0;2;6;9;B01
201200038905;0;7;0;0;2;3;15;B01
201200038905;0;30;0;0;2;7;15;A01
201200038906;0;7;0;0;2;5;15;B01
201200038906;0;2;0;1;0;1;1;A01
201200038907;0;33;0;0;2;8;1;A01
201200038907;0;7;0;0;2;3;16;B01
201200038908;0;7;0;0;2;1;1;A01
201200038908;0;2;0;0;2;4;9;B01
201200038909;0;7;0;0;2;1;15;A01
201200038909;0;7;0;0;2;1;1;C01
201200038909;0;31;0;0;2;0;12;B01
201200038910;0;7;0;0;2;4;1;B01
201200038910;0;33;0;0;2;1;1;A01
201200038911;0;7;0;0;2;1;1;B01
201200038911;0;7;0;0;2;3;15;A01
201200038912;0;7;0;1;0;1;1;A01
201200038913;0;2;0;0;2;0;1;A01
201200038913;0;7;0;0;2;7;14;B01
201200038914;0;7;0;0;2;6;15;B01
201200038914;0;2;0;0;2;1;15;A01
201200038915;0;7;0;0;2;1;1;B01
201200038915;0;7;0;0;0;3;1;A01
201200038916;0;7;0;0;1;1;1;A01
201200038917;0;7;0;0;2;8;1;A01
201200038918;0;7;0;0;2;1;1;B01
201200038918;0;7;0;0;2;2;15;A01
201200038919;0;33;0;0;2;1;1;A01
201200038919;0;10;0;0;2;2;1;B01
201200038920;0;2;0;0;2;1;13;A01
201200038920;0;7;0;0;2;1;1;B01
201200038921;0;7;0;0;1;8;1;A01
201200038922;0;33;0;0;2;1;18;A01
201200038922;0;7;0;0;2;2;16;B01
201200038923;0;7;0;1;0;1;1;A01
201200038923;0;7;0;1;0;4;2;B01
201200038923;0;7;0;1;0;3;1;C01
201200038924;0;2;0;0;2;7;1;B01
201200038924;0;7;0;0;2;1;1;A01
201200038925;0;34;0;0;2;1;15;A01
201200038925;0;7;0;0;2;2;1;B01
201200038926;0;7;0;0;2;4;1;B01
201200038926;0;7;0;0;2;1;1;A01
201200038927;1;7;0;0;2;1;16;A01
201200038927;0;30;0;0;2;4;1;B01
201200038928;0;7;0;0;2;6;1;C01
201200038928;0;7;0;0;2;6;15;A01
201200038928;0;30;0;0;2;1;1;B01
201200038929;0;7;0;0;2;5;9;B01
201200038929;0;30;0;0;2;7;1;A01
201200038930;0;7;0;0;1;1;20;A01
201200038931;0;7;0;0;2;1;1;B01
201200038931;2;7;0;0;2;0;17;A01
201200038932;0;2;0;12;0;1;1;A01
201200038933;0;33;0;0;2;3;16;A01
201200038933;0;7;0;0;2;3;1;B01
201200038934;0;7;0;14;0;2;1;A01
201200038935;0;7;0;0;2;2;12;A01
201200038935;0;33;0;0;2;2;9;B01
201200038936;0;7;0;0;2;2;15;A01
201200038936;0;7;0;0;2;6;1;B01
201200038937;0;7;0;0;2;3;15;B01
201200038937;0;33;0;0;2;1;7;A01
201200038938;0;33;0;0;2;4;1;B01
201200038938;0;33;0;0;2;1;2;A01
201200038939;0;33;0;4;0;1;1;A01
201200038940;0;7;0;0;1;7;21;A01
201200038941;0;33;0;0;2;1;1;B01
201200038941;0;10;0;0;2;1;15;A01
201200038941;0;7;0;0;2;1;1;C01
201200038942;0;7;0;0;2;3;1;A01
201200038942;0;2;0;0;2;2;1;B01
201200038943;0;7;0;0;2;6;13;A01
201200038943;0;7;0;0;2;7;1;B01
201200038944;0;33;0;0;2;7;9;A01
201200038944;0;7;0;0;2;6;2;B01
201200038945;0;32;0;16;0;7;1;A01
201200038946;0;2;0;0;2;1;1;B01
201200038946;0;33;0;0;2;6;1;C01
201200038946;0;7;0;0;2;6;4;A01
201200038947;0;7;0;0;1;1;15;A01
201200038948;0;10;0;0;2;1;15;A01
201200038948;0;7;0;0;2;3;1;B01
201200038948;0;7;0;0;2;3;1;C01
201200038949;0;7;0;0;2;1;1;A01
201200038949;0;7;0;0;2;4;1;B01
201200038950;0;7;0;0;1;3;1;A01
201200038951;0;7;0;3;0;1;1;A01
201200038951;1;7;0;0;0;0;1;B01
201200038952;0;7;0;0;2;7;15;B01
201200038952;0;7;0;0;2;3;1;A01
201200038953;0;31;0;0;2;2;1;B01
201200038953;0;2;0;0;2;1;15;A01
201200038954;0;2;0;0;2;1;1;B01
201200038954;0;7;0;0;2;3;1;A01
201200038955;0;7;0;0;2;4;1;B01
201200038955;0;7;0;0;2;1;1;A01
201200038955;0;7;0;0;2;4;1;C01
201200038956;0;7;0;0;1;1;1;A01
201200038957;0;1;0;0;2;1;5;A01
201200038957;0;7;0;0;2;3;1;B01
201200038958;0;7;0;0;2;1;1;B01
201200038958;0;7;0;0;2;8;15;A01
201200038959;0;7;0;1;0;1;13;A01
201200038960;0;3;0;0;2;1;1;A01
201200038960;0;7;0;0;2;4;1;B01
201200038961;0;7;0;0;2;4;1;C01
201200038961;0;7;0;0;2;4;1;B01
201200038961;0;7;0;0;2;1;1;A01
201200038962;0;7;0;6;0;1;1;A01
201200038963;0;7;0;0;2;8;15;A01
201200038963;0;7;0;0;2;3;1;B01
201200038964;0;7;0;0;2;1;9;A01
201200038964;0;33;0;0;2;7;1;B01
201200038965;0;7;0;1;0;1;1;A01
201200038966;0;7;0;0;2;4;15;B01
201200038966;0;7;0;0;2;1;1;A01
201200038967;0;7;0;0;1;7;1;A01
201200038968;0;1;0;0;1;1;1;A01
201200038969;0;2;0;1;0;1;1;A01
201200038970;0;7;0;1;0;1;1;A01
201200038971;0;7;0;0;2;1;1;A01
201200038971;0;7;0;0;2;4;1;B01
201200038972;0;7;0;0;2;4;1;C01
201200038972;0;7;0;0;2;1;1;A01
201200038972;0;7;0;0;2;4;1;B01
201200038973;1;2;0;0;1;1;1;A01
201200038974;0;7;0;0;1;3;1;A01
201200038975;0;7;0;0;2;2;15;B01
201200038975;0;1;0;0;2;1;5;A01
201200038976;0;7;0;0;2;3;15;B01
201200038976;0;7;0;0;2;3;1;A01
201200038977;0;2;0;0;2;1;15;A01
201200038977;0;10;0;1;2;7;1;B01
201200038978;0;7;0;9;0;7;9;A01
201200038979;0;15;0;16;0;1;1;A01
201200038980;0;7;0;0;2;3;1;A01
201200038980;0;7;0;0;2;3;1;B01
201200038981;0;7;0;0;2;1;1;A01
201200038981;0;7;0;0;2;3;1;B01
201200038982;0;7;0;0;2;8;1;B01
201200038982;0;1;0;0;0;0;1;A01
201200038983;0;31;0;0;0;1;1;A01
201200038984;0;7;0;16;0;9;1;A01
201200038985;0;30;0;0;2;1;1;B01
201200038985;0;7;0;0;2;7;1;A01
201200038986;0;7;0;0;2;8;1;C01
201200038986;0;7;0;0;2;3;1;B01
201200038986;0;1;0;0;2;1;17;A01
201200038987;0;2;0;0;2;1;1;A01
201200038987;0;7;0;0;2;8;15;B01
201200038988;0;2;0;12;0;7;1;A01
201200038989;1;34;0;0;2;1;1;A01
201200038989;0;1;0;;;;;B02
201200038990;0;7;0;0;1;1;1;A01
201200038991;0;2;0;0;2;1;1;A01
201200038991;0;7;0;0;2;7;1;B01
201200038992;0;7;0;0;2;5;1;B01
201200038992;0;10;0;0;2;3;1;A01
201200038993;0;7;0;0;2;2;17;A01
201200038993;0;7;0;0;2;6;1;B01
201200038994;0;10;0;0;2;4;1;B01
201200038994;0;7;0;0;2;1;1;A01
201200038995;0;7;0;0;2;1;1;A01
201200038995;0;7;0;0;2;4;0;B01
201200038995;0;7;0;0;2;4;1;C01
201200038996;0;7;0;0;1;3;15;A01
201200038997;0;7;0;0;1;8;1;A01
201200038998;0;7;0;0;2;1;15;A01
201200038998;0;7;0;0;2;8;1;B01
201200038999;0;7;0;0;2;7;1;B01
201200038999;0;1;0;0;2;1;19;A01
201200039000;0;7;0;0;2;1;1;B01
201200039000;0;7;0;0;2;2;1;A01
201200039001;0;7;0;0;2;4;20;B01
201200039001;0;7;0;0;2;1;1;A01
201200039002;0;7;0;0;2;7;1;A01
201200039003;0;1;0;0;2;7;19;B01
201200039003;0;7;0;0;2;8;1;A01
201200039004;0;10;0;0;2;1;4;A01
201200039004;0;30;0;0;2;2;1;B01
201200039005;0;7;0;0;2;1;1;A01
201200039005;0;32;0;0;2;1;1;B01
201200039005;0;10;0;0;2;4;1;C01
201200039006;0;7;0;0;1;1;1;A01
201200039007;0;7;0;0;1;2;1;A01
201200039008;0;7;0;0;1;1;1;A01
201200039009;0;7;0;1;0;3;1;A01
201200039010;0;7;0;0;2;3;13;A01
201200039010;0;7;0;0;2;3;1;B01
201200039011;0;10;0;0;2;5;13;A01
201200039011;0;33;0;0;2;0;1;B01
201200039012;0;7;0;0;2;0;1;A01
201200039012;0;7;0;0;2;4;1;B01
201200039013;0;10;0;0;1;0;1;A01
201200039014;0;7;0;0;2;4;23;B01
201200039014;0;7;0;1;0;1;1;A01
201200039015;0;7;0;0;1;4;1;A01
201200039016;0;7;0;0;2;1;1;A01
201200039016;0;7;0;0;2;1;15;B01
201200039017;0;7;0;0;2;2;15;B01
201200039017;0;30;0;0;2;7;17;A01
201200039018;0;10;0;16;0;6;1;A01
201200039019;0;7;0;0;2;2;16;B01
201200039019;0;7;0;0;2;3;15;A01
201200039020;0;7;0;0;2;4;1;B01
201200039020;0;7;0;0;2;4;1;C01
201200039020;0;7;0;0;2;1;1;A01
201200039021;0;37;26;0;2;7;13;B01
201200039021;0;1;0;0;2;1;19;A01
201200039022;0;7;0;0;2;3;1;A01
201200039022;0;7;0;0;2;6;1;B01
201200039023;0;7;0;0;1;1;1;A01
201200039024;0;7;0;0;2;8;15;A01
201200039024;0;7;0;0;2;1;1;B01
201200039025;0;7;0;0;2;1;1;A01
201200039025;0;7;0;0;2;4;1;B01
201200039025;0;7;0;0;2;4;1;C01
201200039026;0;7;0;0;2;7;13;A01
201200039026;0;7;0;0;2;1;1;B01
201200039027;0;7;0;0;2;2;1;A01
201200039027;0;1;0;0;2;0;1;B01
201200039028;0;7;0;0;2;1;9;A01
201200039028;0;33;0;0;2;2;1;B01
201200039029;0;7;0;0;2;3;1;A01
201200039029;0;7;0;0;2;4;1;C01
201200039029;0;7;0;0;2;5;1;B01
201200039030;0;7;0;0;2;4;1;B01
201200039030;0;2;0;0;2;1;1;A01
201200039031;0;7;0;0;1;0;1;A01
201200039032;0;14;0;0;2;1;1;A01
201200039032;0;14;0;0;2;4;1;B01
201200039033;0;10;0;0;2;1;1;B01
201200039033;0;7;0;0;2;1;13;A01
201200039034;0;7;0;0;2;1;1;A01
201200039034;0;7;0;0;2;1;15;B01
201200039035;0;7;0;0;1;1;15;A01
201200039036;0;7;0;0;1;1;1;A01
201200039037;0;7;0;0;2;2;1;A01
201200039037;0;7;0;0;2;3;1;B01
201200039038;0;7;0;0;2;7;1;A01
201200039038;0;7;0;0;2;8;1;B01
201200039039;0;7;0;0;1;1;1;A01