num_acc;senc;catv;occutc;obs;obsm;choc;manv;num_veh
201200039040;0;7;0;0;2;1;15;A01
201200039040;0;7;0;0;2;2;1;B01
201200039041;0;7;0;0;1;0;1;A01
201200039042;0;17;0;9;0;0;1;A01
201200039043;0;10;0;0;2;3;9;A01
201200039043;0;7;0;0;2;1;1;D01
201200039043;0;7;0;0;2;8;1;C01
201200039043;0;7;0;0;2;9;0;B01
201200039044;0;7;0;0;2;3;15;A01
201200039044;0;31;0;0;2;8;1;B01
201200039045;0;10;0;0;0;5;1;B01
201200039045;0;33;0;0;2;1;2;A01
201200039046;0;37;1;0;2;1;2;A01
201200039046;0;7;0;0;2;4;23;B01
201200039047;0;7;0;0;0;7;19;A01
201200039048;0;7;0;6;0;2;14;A01
201200039049;0;7;0;0;1;1;1;B01
201200039049;0;7;0;0;2;1;15;A01
201200039050;0;7;0;0;9;1;1;A01
201200039051;0;34;0;0;2;1;1;A01
201200039051;0;7;0;0;2;3;15;B01
201200039052;0;31;0;0;0;4;2;B01
201200039052;0;7;0;0;0;0;2;C01
201200039052;0;14;0;0;2;2;2;A01
201200039053;0;1;0;0;9;8;0;B01
201200039053;1;99;0;0;0;0;1;A01
201200039054;0;1;0;10;9;1;1;B01
201200039054;0;1;0;14;0;0;0;A01
201200039055;0;1;0;0;2;8;18;B01
201200039055;0;14;0;0;9;7;15;A01
201200039056;0;30;0;0;0;1;13;A01
201200039057;0;7;0;0;2;5;15;A01
201200039057;0;1;0;0;2;1;1;B01
201200039058;0;7;0;0;1;2;1;A01
201200039059;0;2;0;0;2;1;13;A01
201200039059;0;15;0;0;2;1;21;B01
201200039060;0;7;0;3;0;1;16;A01
201200039061;0;30;0;0;2;1;1;B01
201200039061;0;7;0;0;2;3;15;A01
201200039062;0;33;0;3;0;1;17;A01
201200039063;0;7;0;0;2;1;15;A01
201200039063;0;30;0;0;2;8;1;B01
201200039064;0;31;0;8;2;2;6;A01
201200039064;0;7;0;0;0;3;2;B01
201200039065;0;7;0;0;2;2;1;B01
201200039065;0;7;0;0;2;1;1;A01
201200039066;0;7;0;0;1;2;1;A01
201200039067;0;7;0;0;0;1;1;B01
201200039067;0;7;0;0;2;7;13;A01
201200039068;0;7;0;0;0;4;23;B01
201200039068;0;7;0;0;0;7;1;A01
201200039069;0;7;0;0;0;4;2;B01
201200039069;0;7;0;0;2;1;2;A01
201200039070;0;7;0;0;1;2;1;A01
201200039071;0;7;0;0;1;1;1;A01
201200039072;0;2;0;0;2;1;17;A01
201200039072;0;7;0;0;2;1;15;B01
201200039073;0;7;0;0;1;1;15;A01
201200039074;0;7;0;4;0;1;1;A01
201200039075;0;7;0;11;0;3;2;A01
201200039076;0;7;0;0;1;2;21;A01
201200039077;0;7;0;0;2;3;5;A01
201200039077;0;7;0;0;2;3;5;B01
201200039078;0;7;0;0;0;5;15;A01
201200039078;0;31;0;0;2;5;2;B01
201200039079;0;7;0;0;2;2;14;A01
201200039079;0;30;0;8;2;2;2;B01
201200039080;0;7;0;13;0;3;1;A01
201200039081;0;17;0;16;0;9;1;A01
201200039082;0;2;0;0;2;3;1;A01
201200039082;1;7;0;0;2;3;1;B01
201200039083;0;7;0;0;2;3;15;A01
201200039083;0;30;0;0;2;1;5;B01
201200039084;0;7;0;0;2;7;2;A01
201200039084;0;1;0;0;2;2;2;B01
201200039085;0;2;0;0;2;1;1;A01
201200039085;0;7;0;0;2;3;1;B01
201200039086;1;7;0;1;1;0;10;A01
201200039087;0;7;0;0;1;3;1;A01
201200039088;0;7;0;0;1;2;21;A01
201200039089;0;7;0;13;0;1;14;A01
201200039090;0;7;0;0;1;6;4;A01
201200039091;0;2;0;12;0;1;0;A01
201200039092;0;7;0;0;1;2;0;A01
201200039093;0;7;0;0;2;1;2;A01
201200039093;0;7;0;6;0;4;2;B01
201200039093;0;7;0;0;0;3;17;C01
201200039094;0;7;0;6;0;8;13;A01
201200039095;2;7;0;0;2;1;1;A01
201200039095;0;7;0;0;0;4;23;B01
201200039096;0;7;0;0;2;2;5;A01
201200039096;0;7;0;4;2;2;21;B01
201200039097;0;7;0;0;2;1;1;B01
201200039097;0;7;0;0;0;7;1;A01
201200039098;0;2;0;0;2;1;15;A01
201200039098;0;7;0;0;2;2;1;B01
201200039099;0;2;0;0;2;1;1;A01
201200039099;0;7;0;0;9;3;15;B01
201200039100;0;7;0;0;2;1;15;A01
201200039100;0;32;0;0;2;3;1;B01
201200039101;0;7;0;0;1;2;1;A01
201200039102;0;7;0;6;0;0;1;A01
201200039103;0;7;0;2;0;9;13;A01
201200039104;0;7;0;12;2;3;13;A01
201200039104;0;10;0;0;0;6;21;B01
201200039105;1;7;0;0;1;0;1;Z01
201200039106;0;7;0;1;0;1;1;A01
201200039106;0;7;0;0;0;4;23;B01
201200039107;0;7;0;0;9;2;15;A01
201200039107;0;33;0;0;2;1;1;B01
201200039108;0;7;0;0;0;0;22;A01
201200039108;0;1;0;1;0;1;1;B01
201200039109;0;7;0;0;2;1;13;A01
201200039109;0;7;0;0;2;1;21;B01
201200039110;0;7;0;0;9;7;17;A01
201200039110;0;2;0;0;2;8;2;B01
201200039111;0;7;0;0;1;2;15;A01
201200039112;0;7;0;11;2;1;5;A01
201200039112;0;7;0;12;2;1;1;B01
201200039113;0;7;0;0;1;3;21;A01
201200039114;0;10;0;2;0;1;14;A01
201200039115;0;7;0;13;2;3;21;B01
201200039115;0;7;0;0;2;3;16;A01
201200039116;0;1;0;0;2;3;15;A01
201200039116;0;7;0;6;9;2;21;B01
201200039117;0;7;0;0;0;3;13;A01
201200039117;0;31;0;0;2;1;17;B01
201200039118;0;7;0;6;0;1;13;A01
201200039119;0;33;0;0;2;1;1;B01
201200039119;0;7;0;0;0;1;19;A01
201200039120;0;7;0;0;0;6;10;A01
201200039120;0;2;0;0;2;1;2;B01
201200039121;0;31;0;0;2;1;2;A01
201200039121;0;7;0;0;0;4;2;B01
201200039122;0;7;0;0;2;1;13;A01
201200039122;0;7;0;0;2;1;1;B01
201200039123;0;7;0;0;2;3;13;A01
201200039123;0;7;0;0;2;8;1;B01
201200039123;0;7;0;0;2;8;1;C01
201200039124;0;7;0;12;0;1;14;A01
201200039125;0;33;0;13;2;8;13;A01
201200039125;0;99;0;0;2;8;1;B01
201200039126;0;10;0;0;1;8;15;A01
201200039127;0;7;0;0;2;3;15;A01
201200039127;0;33;0;0;2;1;1;B01
201200039128;0;7;0;6;0;8;0;A01
201200039129;0;2;0;0;2;1;1;B01
201200039129;0;7;0;0;0;7;19;A01
201200039130;0;14;0;0;2;1;1;B01
201200039130;0;7;0;0;2;7;19;A01
201200039131;0;1;0;0;2;1;1;B01
201200039131;0;7;0;0;9;2;19;A01
201200039132;0;7;0;0;0;0;19;A01
201200039132;0;33;0;14;2;1;17;B01
201200039132;0;7;0;0;2;1;23;C01
201200039133;0;7;0;6;0;2;1;A01
201200039134;0;31;0;0;2;1;1;B01
201200039134;0;7;0;0;2;8;19;A01
201200039135;0;7;0;0;2;8;13;A01
201200039135;0;7;0;0;2;3;1;B01
201200039136;0;7;0;13;0;9;14;A01
201200039137;0;7;0;0;2;1;1;B01
201200039137;0;7;0;9;0;8;15;A01
201200039138;0;7;0;0;2;1;1;A01
201200039138;0;7;0;0;2;8;1;B01
201200039138;0;7;0;0;2;3;1;C01
201200039138;0;7;0;0;2;6;24;D01
201200039138;0;7;0;0;2;4;1;E01
201200039138;0;33;0;0;2;8;1;F02
201200039139;0;7;0;13;0;7;14;A01
201200039140;0;7;0;0;2;1;5;A01
201200039140;0;7;0;0;2;1;1;B01
201200039141;0;7;0;0;2;2;1;B01
201200039141;0;7;0;13;2;8;19;A01
201200039142;0;7;0;6;2;1;1;B01
201200039142;0;7;0;0;0;8;19;A01
201200039143;0;7;0;6;0;2;14;A01
201200039144;0;7;0;0;2;3;1;B01
201200039144;0;7;0;7;2;7;15;A01
201200039145;1;7;0;0;2;2;17;A01
201200039145;0;7;0;0;0;6;1;B01
201200039146;0;7;0;6;0;8;1;A01
201200039147;0;2;0;0;2;1;1;B01
201200039147;0;7;0;0;2;3;19;A01
201200039148;0;7;0;6;0;9;1;A01
201200039149;0;7;0;0;0;5;23;A01
201200039149;0;1;0;0;2;1;2;B01
201200039150;0;7;0;2;0;3;14;A01
201200039151;0;7;0;0;2;1;13;A01
201200039151;0;7;0;0;2;3;1;B01
201200039152;0;7;0;0;2;1;2;A01
201200039152;0;7;0;0;2;1;2;B01
201200039152;0;7;0;0;0;4;2;C01
201200039153;0;7;0;2;0;0;1;A01
201200039154;0;7;0;0;2;1;2;A01
201200039154;0;2;0;0;0;4;2;B01
201200039155;0;7;0;1;0;5;13;A01
201200039156;0;10;0;0;2;1;2;A01
201200039156;0;7;0;0;0;4;15;B01
201200039157;0;1;0;0;2;7;1;B01
201200039157;0;7;0;0;2;3;9;A01
201200039158;0;7;0;0;1;3;11;A01
201200039159;0;7;0;0;2;6;2;B01
201200039159;0;33;0;0;2;6;2;A01
201200039160;0;7;0;0;2;3;0;B01
201200039160;0;32;0;1;2;1;11;A01
201200039161;0;2;0;0;1;1;1;A01
201200039162;0;33;0;0;2;1;0;A01
201200039162;0;7;0;0;2;5;15;B01
201200039163;0;7;0;0;2;4;2;B01
201200039163;0;33;0;0;2;1;2;A01
201200039164;0;7;0;0;2;7;0;A01
201200039164;0;32;0;0;2;1;0;B01
201200039165;0;2;0;0;1;1;1;A01
201200039166;0;10;0;0;2;3;1;B01
201200039166;0;33;0;0;2;1;1;A01
201200039167;0;34;0;0;2;1;1;B01
201200039167;0;7;0;0;2;3;15;A01
201200039168;0;33;0;0;2;1;1;B01
201200039168;0;7;0;0;2;7;15;A01
201200039169;0;7;0;0;2;3;0;A01
201200039169;0;32;0;0;2;1;1;B01
201200039170;0;33;0;16;0;9;1;A01
201200039171;0;7;0;0;1;3;0;A01
201200039172;0;7;0;0;9;8;9;A01
201200039172;0;33;0;0;2;1;17;B01
201200039173;0;7;0;0;0;5;2;B01
201200039173;0;7;0;0;2;3;2;A01
201200039174;0;7;0;0;2;1;1;B01
201200039174;0;7;0;0;2;5;9;A01
201200039175;0;7;0;0;1;3;1;A01
201200039176;0;33;0;0;0;0;1;A01
201200039177;0;2;0;0;2;6;1;A01
201200039177;0;7;0;0;2;6;1;C01
201200039177;0;7;0;0;2;6;1;B01
201200039178;0;2;0;0;2;1;1;B01
201200039178;0;7;0;0;0;5;11;A01
201200039179;0;7;0;0;2;3;13;A01
201200039179;0;17;0;0;2;3;1;B01
201200039180;0;7;0;0;2;2;1;A01
201200039180;0;2;0;0;2;2;1;B01
201200039181;0;7;0;0;2;3;1;A01
201200039181;0;2;0;0;2;7;1;B01
201200039182;0;33;0;12;0;1;0;A01
201200039183;0;7;0;0;1;3;0;A01
201200039184;0;7;0;0;2;3;2;B01
201200039184;0;7;0;0;2;3;13;A01
201200039185;0;7;0;0;2;1;2;A01
201200039185;0;7;0;0;2;4;2;B01
201200039186;0;7;0;0;2;3;11;B01
201200039186;0;2;0;0;2;1;1;A01
201200039187;0;7;0;0;1;2;1;A01
201200039188;0;1;0;0;2;3;2;B01
201200039188;0;7;0;0;0;5;2;A01
201200039189;0;2;0;0;2;1;1;B01
201200039189;0;7;0;0;2;1;10;A01
201200039190;0;7;0;0;1;3;0;A01
201200039191;1;7;0;0;1;2;13;A01
201200039192;0;2;0;0;2;1;1;B01
201200039192;0;7;0;0;2;6;6;A01
201200039193;0;7;0;0;2;2;16;A01
201200039193;0;31;0;0;2;8;1;B01
201200039194;0;7;0;0;2;3;2;C01
201200039194;0;7;0;0;9;7;1;B01
201200039194;0;31;0;0;2;8;11;A01
201200039195;0;7;0;0;0;2;0;B01
201200039195;0;33;0;0;2;5;1;A01
201200039196;0;10;0;0;1;3;0;A01
201200039197;0;7;0;0;1;4;4;A01
201200039198;0;34;0;0;2;1;17;B01
201200039198;0;7;0;0;2;3;15;A01
201200039199;0;34;0;6;0;8;14;A01
201200039200;0;33;0;0;2;1;1;A01
201200039200;0;33;0;0;2;1;17;B01
201200039201;0;7;0;0;0;4;2;B01
201200039201;0;7;0;0;2;1;2;A01
201200039202;0;7;0;12;1;2;16;A01
201200039203;0;7;0;0;2;4;1;A01
201200039203;0;7;0;0;2;1;2;B01
201200039204;0;7;0;0;1;3;15;A01
201200039205;0;7;0;2;0;2;6;A01
201200039206;0;1;0;0;2;8;2;B01
201200039206;0;17;0;0;2;7;17;A01
201200039207;0;7;0;0;1;7;0;A01
201200039208;0;10;0;11;0;9;1;A01
201200039209;0;7;0;0;2;8;9;A01
201200039209;0;33;0;0;2;7;17;B01
201200039210;0;7;0;2;0;1;2;A01
201200039211;0;7;0;0;2;1;13;A01
201200039211;0;7;0;0;2;1;1;B01
201200039212;0;7;0;0;1;5;20;A01
201200039213;0;7;0;0;1;1;1;A01
201200039214;0;7;0;6;0;1;13;A01
201200039215;0;31;0;0;1;1;1;A01
201200039216;0;2;0;0;2;2;9;A01
201200039216;0;10;0;0;9;3;9;B01
201200039217;0;34;0;0;2;4;2;B01
201200039217;0;10;0;0;2;1;1;C01
201200039217;0;7;0;0;2;1;2;A01
201200039218;0;7;0;0;2;5;11;A01
201200039218;0;33;0;0;2;1;1;B01
201200039219;0;7;0;0;1;1;1;A01
201200039220;0;30;0;0;2;1;1;A01
201200039220;0;7;0;0;2;3;1;B01
201200039221;0;32;0;0;0;7;0;A01
201200039222;0;2;0;8;0;8;1;A01
201200039223;0;7;0;0;1;2;1;A01
201200039224;0;2;0;0;1;1;1;A01
201200039225;0;1;0;1;0;0;2;B01
201200039225;0;7;0;0;0;0;1;A01
201200039226;0;7;0;0;1;0;9;A01
201200039227;0;10;0;0;2;3;1;A01
201200039227;0;32;0;0;2;1;13;B01
201200039228;0;32;0;0;2;1;17;B01
201200039228;0;7;0;0;2;7;15;A01
201200039229;0;7;0;0;0;9;0;A01
201200039230;0;7;0;0;2;8;2;C01
201200039230;0;7;0;0;2;1;5;B01
201200039230;0;32;0;0;2;8;2;A01
201200039231;0;33;0;0;2;3;1;A01
201200039231;0;7;0;0;2;3;1;B01
201200039232;0;10;0;0;1;4;4;A01
201200039233;0;7;0;0;1;2;1;A01
201200039234;0;7;0;0;1;3;0;A01
201200039235;0;2;0;0;2;1;1;A01
201200039235;0;7;0;0;0;4;1;B01
201200039236;0;7;0;0;2;3;0;A01
201200039236;0;33;0;0;2;1;0;B01
201200039237;0;31;0;15;6;1;1;A01
201200039238;0;7;0;0;2;1;1;B01
201200039238;0;30;0;0;2;1;11;A01
201200039239;0;7;0;0;1;1;1;A01
201200039240;0;7;0;0;2;3;1;A01
201200039240;0;33;0;0;2;1;1;B01
201200039241;0;2;0;0;1;1;1;A01
201200039242;0;7;0;0;2;8;1;B01
201200039242;0;30;0;0;2;8;1;A01
201200039243;0;33;0;0;0;7;1;A01
201200039244;0;33;0;0;1;0;1;A01
201200039245;0;1;0;0;2;7;1;B01
201200039245;0;7;0;0;2;3;9;A01
201200039246;0;7;0;0;2;1;2;A01
201200039246;0;31;0;0;2;4;2;B01
201200039246;0;7;0;0;2;4;23;C01
201200039247;0;7;0;0;1;1;0;A01
201200039248;0;2;0;0;2;8;17;B01
201200039248;0;7;0;0;2;3;15;A01
201200039249;0;7;0;0;2;2;15;B01
201200039249;0;7;0;0;2;2;9;A01
201200039250;0;33;0;0;2;1;1;A01
201200039250;0;7;0;0;2;3;1;B01
201200039251;0;7;0;0;1;1;1;A01
201200039252;0;7;0;0;1;2;15;A01
201200039253;0;7;0;0;2;1;16;A01
201200039253;0;2;0;1;2;7;1;B01
201200039254;0;30;0;0;0;2;15;A01
201200039255;0;7;0;0;2;0;13;A01
201200039255;0;7;0;0;2;0;1;B01
201200039256;0;7;0;0;2;6;15;B01
201200039256;0;33;0;0;2;1;2;A01
201200039257;0;7;0;2;0;2;0;A01
201200039258;0;7;0;0;0;9;0;A01
201200039259;0;7;0;0;2;3;0;A01
201200039259;0;30;0;0;2;1;0;B01
201200039260;0;33;0;13;2;1;5;B01
201200039260;0;7;0;0;2;3;1;A01
201200039261;0;7;0;0;2;9;17;B01
201200039261;0;33;0;0;2;0;17;C01
201200039261;0;13;0;0;0;3;1;A01
201200039262;0;7;0;0;1;2;2;A01
201200039263;0;7;0;4;9;1;1;A01
201200039264;0;32;0;8;0;3;1;A01
201200039265;0;7;0;0;2;8;16;A01
201200039265;0;30;0;0;2;1;1;B01
201200039266;0;7;0;0;2;3;5;A01
201200039266;0;7;0;0;2;3;1;B01
201200039267;0;7;0;0;0;1;1;B01
201200039267;0;7;0;0;0;1;6;A01
201200039268;0;30;0;0;0;7;16;A01
201200039269;0;2;0;0;0;2;11;A01
201200039269;0;7;0;0;0;2;11;B01
201200039270;0;7;0;0;2;1;17;A01
201200039270;0;32;0;0;2;4;15;B01
201200039271;0;3;0;0;5;1;13;A01
201200039271;0;7;0;14;2;1;1;B01
201200039272;0;7;0;0;2;5;1;A01
201200039272;0;33;0;0;2;1;1;B01
201200039273;0;7;0;0;9;1;1;A01
201200039273;1;10;0;8;0;1;0;B01
201200039274;0;32;0;0;2;1;1;B01
201200039274;0;99;0;0;2;5;15;A01
201200039275;0;2;0;0;2;1;17;B01
201200039275;0;7;0;0;2;3;19;A01
201200039276;0;33;0;0;2;1;5;B01
201200039276;0;7;0;0;2;1;15;A01
201200039277;0;13;0;0;1;1;1;A01
201200039278;0;33;0;11;0;1;1;A01
201200039279;0;31;0;0;2;1;17;A01
201200039279;0;7;0;0;0;6;15;B01
201200039280;0;7;0;0;2;5;11;B01
201200039280;0;2;0;0;2;1;1;A01
201200039281;0;32;0;13;0;1;14;A01
201200039282;0;7;0;0;2;2;19;A01
201200039282;0;7;0;0;2;3;1;B01
201200039283;0;7;0;0;2;5;0;A01
201200039283;0;7;0;0;2;3;1;B01
201200039284;0;7;0;0;1;2;1;A01
201200039285;0;37;1;0;2;3;1;B01
201200039285;0;36;0;0;2;3;11;A01
201200039286;0;30;0;0;2;2;1;A01
201200039287;0;7;0;0;1;2;16;A01
201200039288;2;32;0;0;0;0;0;A01
201200039289;0;7;0;0;0;7;0;A01
201200039289;0;7;0;0;2;3;0;B01
201200039290;0;7;0;0;2;0;0;A01
201200039290;0;33;0;0;2;0;0;B01
201200039291;0;7;0;0;1;1;2;A01
201200039292;0;33;0;0;2;1;1;A01
201200039292;0;7;0;0;2;1;1;B01
201200039293;0;7;0;0;2;2;19;B01
201200039293;0;33;0;0;2;8;1;A01
201200039294;0;7;0;8;0;5;14;A01
201200039295;0;30;0;0;0;7;1;A01
201200039296;0;33;0;0;2;2;2;A01
201200039296;0;14;0;0;0;6;23;B01
201200039297;0;7;0;2;0;2;1;A01
201200039298;0;7;0;0;2;0;0;Z01
201200039298;0;7;0;0;2;7;15;A01
201200039298;0;7;0;0;2;1;1;B01
201200039299;2;30;0;3;2;0;14;A01
201200039299;0;7;0;0;2;3;1;B01
201200039300;0;2;0;0;9;1;1;A01
201200039301;0;7;0;0;0;2;0;A01
201200039302;0;2;0;0;0;2;1;A01
201200039303;0;33;0;0;1;1;1;A01
201200039304;0;33;0;0;0;7;1;A01
201200039305;0;7;0;0;2;1;1;A01
201200039305;0;7;0;0;2;8;0;B01
201200039306;0;2;0;0;2;7;1;B01
201200039306;0;7;0;0;2;0;16;A01
201200039307;0;10;0;14;1;1;14;A01
201200039307;0;7;0;0;2;5;1;B01
201200039308;0;33;0;0;2;1;1;B01
201200039308;0;7;0;0;2;7;15;A01
201200039309;0;7;0;0;1;1;15;A01
201200039310;0;34;0;0;2;1;1;B01
201200039310;0;7;0;0;2;7;11;A01
201200039311;0;10;0;0;1;1;1;A01
201200039312;0;7;0;0;2;7;9;A01
201200039312;0;7;0;0;2;3;1;B01
201200039313;1;33;0;0;1;7;1;A01
201200039314;0;7;0;0;1;3;1;A01
201200039315;0;7;0;0;2;3;15;A01
201200039315;0;34;0;0;2;7;13;B01
201200039316;0;30;0;0;2;2;1;B01
201200039316;0;7;0;0;2;3;9;A01
201200039317;0;7;0;1;2;1;1;B01
201200039317;0;7;0;1;2;2;1;A01
201200039318;0;30;0;8;0;0;1;A01
201200039319;0;7;0;0;2;3;17;A01
201200039319;0;33;0;0;2;1;1;B01
201200039320;0;32;0;2;0;0;0;A01
201200039321;0;7;0;0;1;1;1;A01
201200039322;0;2;0;0;1;4;4;A01
201200039323;0;1;0;0;1;1;1;A01
201200039324;0;34;0;0;1;1;1;A01
201200039325;0;1;0;0;0;0;23;B01
201200039325;1;7;0;0;2;2;2;Z01
201200039326;0;10;0;2;0;1;1;A01
201200039327;0;7;0;0;1;4;4;A01
201200039328;0;7;0;15;0;9;0;A01
201200039329;0;33;0;0;2;1;1;A01
201200039329;0;1;0;0;0;6;1;B01
201200039330;0;7;0;0;1;4;4;A01
201200039331;0;7;0;0;1;1;0;A01
201200039332;0;7;0;8;0;1;0;A01
201200039333;0;7;0;2;0;1;1;A01
201200039334;0;1;0;0;0;8;0;A01
201200039334;0;33;0;0;9;1;1;B01
201200039335;0;7;0;0;0;8;15;B01
201200039335;0;33;0;0;2;1;2;A01
201200039336;0;7;0;0;2;1;0;A01
201200039336;0;7;0;0;2;7;0;B01
201200039337;0;34;0;0;2;1;1;B01
201200039337;0;7;0;2;2;8;10;A01
201200039338;0;7;0;0;2;3;15;A01
201200039338;0;32;0;0;2;1;13;B01
201200039339;0;30;0;8;0;1;1;A01
201200039340;0;2;0;0;2;3;1;B01
201200039340;1;7;0;0;2;3;11;A01
201200039341;0;7;0;0;2;2;19;A01
201200039341;0;33;0;0;2;1;1;B01
201200039342;0;7;0;0;1;2;1;A01
201200039343;0;7;0;0;1;3;1;A01
201200039344;0;7;0;0;2;3;15;A01
201200039344;0;30;0;0;2;1;1;B01
201200039345;0;7;0;0;2;1;1;B01
201200039345;0;1;0;0;2;8;5;A01
201200039346;0;7;0;0;2;1;1;B01
201200039346;0;33;0;0;2;1;5;A01
201200039347;0;7;0;0;1;3;1;A01
201200039348;0;7;0;0;2;8;19;A01
201200039348;0;32;0;0;2;9;17;B01
201200039349;0;7;0;0;2;7;15;A01
201200039349;0;32;0;0;2;1;1;B01
201200039350;0;7;0;0;1;1;1;A01
201200039351;0;34;0;11;0;9;6;A01
201200039352;0;33;0;0;2;7;21;A01
201200039352;0;7;0;0;2;2;15;B01
201200039353;0;7;0;0;2;3;15;A01
201200039353;0;33;0;0;2;2;21;B01
201200039354;0;7;0;0;1;1;1;A01
201200039355;0;7;0;0;1;3;1;A01
201200039356;0;34;0;0;2;1;17;A01
201200039356;0;7;0;0;2;1;1;C01
201200039356;0;7;0;0;2;8;1;B01
201200039357;0;7;0;12;0;9;1;A01
201200039358;0;10;0;0;1;1;1;A01
201200039359;0;7;0;0;2;1;13;A01
201200039359;0;7;0;0;2;1;1;B01
201200039360;0;3;0;0;2;1;2;A01
201200039360;0;7;0;0;0;4;23;B01
201200039361;0;32;0;12;0;9;0;A01
201200039362;0;30;0;0;2;1;15;A01
201200039362;0;30;0;0;2;1;1;B01
201200039363;0;2;0;0;2;3;1;B01
201200039363;0;7;0;0;2;3;1;A01
201200039364;0;30;0;0;2;0;17;B01
201200039364;0;7;0;0;2;0;15;A01
201200039365;0;7;0;0;2;3;9;A01
201200039365;0;2;0;0;2;1;1;B01
201200039366;0;33;0;0;0;9;1;A01
201200039367;0;7;0;0;1;2;1;A01
201200039368;0;7;0;0;2;7;17;A01
201200039368;0;1;0;0;2;6;1;B01
201200039369;0;32;0;12;0;0;0;A01
201200039370;0;1;0;0;2;4;15;B01
201200039370;0;7;0;0;9;3;15;A01
201200039371;0;7;0;0;2;3;1;A01
201200039371;0;7;0;6;0;4;15;B01
201200039372;0;31;0;0;2;1;2;A01
201200039372;0;7;0;0;2;4;1;B01
201200039373;2;10;0;0;1;0;1;D01
201200039374;0;7;0;0;1;2;9;A01
201200039375;0;7;0;0;2;1;1;B01
201200039375;0;2;0;0;2;1;17;A01
201200039376;0;7;0;15;0;1;19;A01
201200039377;0;33;0;0;2;3;21;B01
201200039377;0;7;0;0;2;0;15;A01
201200039378;0;7;0;0;2;3;1;B01
201200039378;0;7;0;0;2;3;13;A01
201200039379;0;7;0;0;2;1;15;A01
201200039379;0;30;0;0;2;1;2;B01
201200039380;0;32;0;0;2;1;1;B01
201200039380;0;7;0;0;2;7;15;A01
201200039381;0;33;0;0;2;3;1;B01
201200039381;0;7;0;0;2;2;6;A01
201200039382;0;10;0;1;1;2;2;A01
201200039383;0;1;0;0;2;4;13;B01
201200039383;0;7;0;0;2;3;21;A01
201200039384;0;7;0;1;2;2;1;A01
201200039384;0;7;0;0;1;1;0;B01
201200039385;0;32;0;0;0;5;1;B01
201200039385;0;7;0;0;2;3;21;A01
201200039385;0;10;0;0;0;6;1;C01
201200039386;0;33;0;0;2;1;1;B01
201200039386;0;7;0;0;2;6;10;A01
201200039387;0;7;0;0;2;3;7;A01
201200039387;0;7;0;0;2;2;16;B01
201200039388;0;33;0;0;2;4;2;A01
201200039388;0;7;0;0;2;6;2;B01
201200039389;0;7;0;0;2;1;15;A01
201200039389;0;33;0;0;2;1;2;B01
201200039390;0;7;0;0;2;2;2;A01
201200039390;0;7;0;0;0;6;2;B01
201200039391;0;30;0;0;1;1;1;A01
201200039392;0;30;0;0;0;1;0;A01
201200039393;0;7;0;0;1;1;15;A01
201200039394;0;7;0;0;2;2;15;A01
201200039394;0;33;0;0;2;9;1;B01
201200039395;0;32;0;4;0;3;1;A01
201200039396;0;7;0;0;2;8;11;A01
201200039396;0;32;0;0;2;7;1;B01
201200039397;0;34;0;8;0;1;17;A01
201200039398;0;33;0;0;2;1;1;B01
201200039398;0;7;0;0;2;7;15;A01
201200039399;0;2;0;0;2;1;1;B01
201200039399;0;7;0;0;2;6;11;A01
201200039400;0;7;0;0;1;2;1;A01
201200039401;0;2;0;0;0;1;1;A01
201200039402;0;33;0;2;0;1;2;A01
201200039403;0;32;0;0;2;1;1;B01
201200039403;0;10;0;0;2;2;15;A01
201200039404;0;31;0;0;2;1;1;B01
201200039404;0;7;0;0;2;3;15;A01
201200039405;0;7;0;0;2;2;15;A01
201200039405;0;34;0;0;2;8;1;B01
201200039406;0;32;0;0;2;1;1;B01
201200039406;0;7;0;0;2;7;15;A01
201200039407;0;7;0;0;2;5;15;A01
201200039407;0;32;0;0;2;1;1;B01
201200039408;0;2;0;0;1;1;1;A01
201200039409;2;33;0;0;2;1;1;A01
201200039409;2;33;0;0;0;4;1;B01
201200039410;0;7;0;0;0;2;15;B01
201200039410;0;33;0;0;2;1;1;A01
201200039411;0;7;0;0;2;3;1;B01
201200039411;0;7;0;0;2;3;5;A01
201200039411;0;10;0;3;2;3;1;C01
201200039412;0;7;0;0;1;2;1;A01
201200039413;0;7;0;0;1;3;1;A01
201200039414;0;7;0;0;2;3;1;B01
201200039414;0;33;0;0;2;1;1;A01
201200039415;0;7;0;0;1;1;1;A01
201200039416;0;32;0;0;2;1;1;B01
201200039416;0;7;0;0;2;8;15;A01
201200039417;0;7;0;0;2;3;15;A01
201200039417;0;33;0;0;2;3;1;B01
201200039418;0;32;0;0;2;8;2;B01
201200039418;0;7;0;0;2;0;2;A01
201200039419;0;7;0;0;1;1;1;A01
201200039420;0;30;0;0;2;1;1;B01
201200039420;0;37;2;0;2;8;1;A01
201200039421;0;7;0;0;0;0;0;B01
201200039421;2;30;0;0;0;0;0;A01
201200039422;0;7;0;0;2;5;0;B01
201200039422;0;31;0;0;2;3;0;A01
201200039423;0;7;0;0;1;2;9;A01
201200039424;0;7;0;0;1;2;1;A01
201200039425;0;30;0;0;2;8;1;B01
201200039425;0;7;0;0;2;1;11;A01
201200039426;0;30;0;0;2;1;3;A01
201200039426;0;7;0;0;0;6;15;B01