num_acc;senc;catv;occutc;obs;obsm;choc;manv;num_veh
201200039427;0;33;0;0;2;3;12;A01
201200039427;0;7;0;0;2;7;1;B01
201200039428;0;31;0;0;2;3;1;B01
201200039428;0;7;0;0;2;3;15;A01
201200039429;0;32;0;0;2;1;1;B01
201200039429;0;7;0;0;2;3;15;A01
201200039430;0;7;0;0;2;0;9;A01
201200039430;0;30;0;12;0;1;21;B01
201200039431;0;7;0;0;2;8;1;A01
201200039431;0;7;0;0;2;3;19;B01
201200039432;0;10;0;0;2;4;1;C01
201200039432;0;7;0;0;2;4;1;B01
201200039432;0;7;0;0;2;1;1;A01
201200039433;0;31;0;0;2;0;1;B01
201200039433;0;7;0;0;2;1;15;A01
201200039434;0;30;0;0;2;8;18;A01
201200039434;0;7;0;0;2;7;16;B01
201200039435;0;7;0;0;2;1;2;B01
201200039435;0;7;0;0;2;8;19;A01
201200039436;0;32;0;0;1;2;2;A01
201200039437;0;13;0;0;2;1;2;A01
201200039437;0;7;0;0;0;4;23;B01
201200039438;0;7;0;0;1;1;15;A01
201200039439;0;7;0;0;2;3;2;A01
201200039439;1;7;0;0;2;2;5;Z01
201200039440;0;7;0;0;1;1;1;A01
201200039441;0;7;0;0;2;1;0;B01
201200039441;0;7;0;0;2;1;13;A01
201200039442;0;7;0;0;2;3;20;A01
201200039442;0;33;0;0;2;1;2;B01
201200039443;0;7;0;0;2;7;16;A01
201200039443;0;33;0;0;2;0;16;B01
201200039444;0;7;0;0;0;1;1;B01
201200039444;0;7;0;10;0;1;12;A01
201200039445;0;7;0;6;0;2;1;A01
201200039446;0;7;0;0;2;6;1;B01
201200039446;0;7;0;0;2;2;9;A01
201200039447;0;15;0;0;2;2;12;A01
201200039447;0;7;0;0;2;3;2;B01
201200039448;0;7;0;0;1;2;0;A01
201200039449;0;7;0;0;2;6;4;A01
201200039449;0;7;0;0;2;3;1;B01
201200039450;0;37;7;0;2;3;7;B01
201200039450;0;7;0;0;2;2;16;A01
201200039451;0;7;0;0;2;4;1;B01
201200039451;0;7;0;0;2;1;2;A01
201200039452;1;7;0;0;0;0;0;Z01
201200039452;0;32;0;0;2;0;0;A01
201200039453;0;2;0;0;2;6;0;A01
201200039454;0;33;0;13;0;1;1;A01
201200039455;0;31;0;11;0;1;1;A01
201200039456;0;7;0;0;0;5;9;A01
201200039456;0;33;0;0;2;1;1;B01
201200039457;0;7;0;0;1;4;4;A01
201200039458;0;7;0;14;0;1;1;A01
201200039459;0;7;0;0;2;2;15;A01
201200039459;0;7;0;0;2;3;1;B01
201200039460;0;7;0;0;9;2;15;A01
201200039460;0;33;0;0;2;1;21;B01
201200039461;0;31;0;0;2;1;2;B01
201200039461;0;7;0;0;2;8;1;A01
201200039462;0;7;0;0;2;4;2;B01
201200039462;0;32;0;0;2;1;2;A01
201200039463;0;33;0;0;2;8;1;B01
201200039463;0;7;0;12;2;1;1;A01
201200039464;0;7;0;0;0;4;23;B01
201200039464;0;7;0;0;2;1;2;A01
201200039465;0;7;0;0;2;2;15;A01
201200039465;0;7;0;0;2;1;1;B01
201200039466;0;30;0;0;1;2;2;A01
201200039467;0;7;0;0;2;1;2;B01
201200039467;0;7;0;0;2;1;5;A01
201200039468;0;10;0;0;2;8;15;B01
201200039468;0;31;0;0;2;1;17;A01
201200039469;0;7;0;0;1;1;1;A01
201200039470;0;7;0;0;1;1;1;A01
201200039471;0;7;0;0;2;3;15;B01
201200039471;0;33;0;0;2;1;1;A01
201200039472;0;14;0;0;2;4;2;B01
201200039472;0;7;0;0;2;1;2;A01
201200039473;0;2;0;0;2;7;17;A01
201200039473;0;7;0;0;2;8;15;B01
201200039474;0;7;0;0;0;4;2;B01
201200039474;0;7;0;0;2;1;2;A01
201200039475;0;10;0;0;2;8;15;B01
201200039475;0;2;0;0;2;7;17;A01
201200039476;0;7;0;0;1;7;1;A01
201200039477;0;7;0;0;2;8;10;A01
201200039477;0;7;0;0;2;2;1;B01
201200039478;0;2;0;0;1;8;1;A01
201200039479;0;7;0;0;2;3;23;C01
201200039479;0;30;0;0;2;1;1;B01
201200039479;0;7;0;0;2;3;9;A01
201200039480;0;7;0;0;2;3;15;B01
201200039480;0;32;0;0;2;7;17;A01
201200039481;0;7;0;0;0;1;1;B01
201200039481;0;7;0;0;0;3;15;A01
201200039482;0;2;0;0;2;9;1;B01
201200039482;0;7;0;0;2;3;20;A01
201200039483;0;7;0;0;2;0;15;B01
201200039483;0;34;0;0;2;2;17;A01
201200039484;0;32;0;0;2;2;17;B01
201200039484;0;7;0;0;2;3;20;A01
201200039485;2;2;0;8;0;1;1;A01
201200039486;1;7;0;0;2;8;0;A01
201200039486;0;7;0;11;2;7;1;B01
201200039487;0;33;0;0;2;1;2;B01
201200039487;0;7;0;0;2;3;9;A01
201200039488;0;7;0;0;1;1;0;A01
201200039489;0;7;0;0;1;1;2;A01
201200039490;0;2;0;0;2;0;1;B01
201200039490;1;7;0;0;0;0;15;A01
201200039491;0;7;0;0;2;2;2;A01
201200039491;0;1;0;0;2;4;2;B01
201200039492;0;7;0;0;2;3;2;B01
201200039492;0;2;0;0;2;1;1;A01
201200039493;0;15;0;0;2;1;1;A01
201200039493;0;31;0;0;0;4;1;B01
201200039494;0;33;0;0;1;2;0;A01
201200039495;0;7;0;0;2;8;1;B01
201200039495;0;33;0;0;2;1;1;A01
201200039496;0;2;0;0;2;1;1;B01
201200039496;0;7;0;0;2;3;9;A01
201200039497;0;31;0;0;2;7;1;B01
201200039497;0;7;0;0;2;2;21;A01
201200039498;0;31;0;0;2;7;2;B01
201200039498;0;7;0;0;2;3;15;A01
201200039499;0;7;0;0;1;4;24;A01
201200039500;0;2;0;0;1;1;1;A01
201200039501;0;7;0;0;1;3;1;A01
201200039502;0;10;0;0;2;4;2;B01
201200039502;0;33;0;0;2;1;2;A01
201200039503;0;33;0;4;0;1;1;A01
201200039504;0;7;0;0;2;4;2;A01
201200039504;0;7;0;0;0;0;0;B01
201200039505;0;30;0;0;0;1;1;A01
201200039505;0;37;1;0;0;3;0;B01
201200039506;0;30;0;0;2;1;5;A01
201200039506;0;32;0;0;2;1;1;B01
201200039507;0;7;0;0;1;3;1;A01
201200039508;0;34;0;0;2;4;0;B01
201200039508;0;7;0;0;2;3;9;A01
201200039509;0;7;0;0;0;8;15;B01
201200039509;0;2;0;0;2;1;17;A01
201200039510;0;33;0;0;2;8;1;A01
201200039510;0;7;0;0;2;1;9;B01
201200039510;0;37;1;0;2;8;1;C01
201200039511;0;7;0;0;0;0;10;B01
201200039511;0;34;0;1;2;1;21;A01
201200039512;0;7;0;0;1;1;9;A01
201200039513;1;7;0;0;0;0;0;Z01
201200039513;0;34;0;0;0;0;0;A01
201200039514;0;7;0;0;2;7;15;A01
201200039514;0;32;0;1;2;3;1;B01
201200039514;0;7;0;0;0;4;24;C01
201200039515;0;33;0;0;2;1;1;B01
201200039515;0;7;0;0;2;3;15;A01
201200039516;0;7;0;0;0;1;2;A01
201200039516;0;7;0;0;0;4;2;B01
201200039517;0;7;0;0;2;3;9;A01
201200039517;0;33;0;0;2;2;1;B01
201200039518;0;37;1;0;9;5;17;A01
201200039518;0;1;0;12;2;0;1;B01
201200039519;0;33;0;8;0;1;17;A01
201200039520;0;33;0;0;2;1;19;A01
201200039520;0;10;0;0;2;8;0;B01
201200039521;0;7;0;2;0;8;21;A01
201200039522;0;7;0;0;1;1;1;A01
201200039523;0;7;0;0;2;8;15;B01
201200039523;0;99;0;0;2;1;1;A01
201200039524;0;7;0;0;2;2;1;A01
201200039524;0;30;0;0;2;2;1;B01
201200039525;0;7;0;0;2;5;1;B01
201200039525;0;7;0;0;2;3;19;A01
201200039526;0;7;0;0;2;1;7;A01
201200039526;0;13;0;0;2;8;1;B01
201200039527;0;7;0;0;2;3;1;A01
201200039527;0;33;0;0;2;2;1;B01
201200039528;0;7;0;0;2;7;12;A01
201200039528;0;32;0;0;0;8;0;B01
201200039529;0;37;1;0;9;7;15;A01
201200039529;0;1;0;0;2;8;1;B01
201200039530;0;7;0;0;1;2;2;A01
201200039531;0;7;0;15;0;1;14;A01
201200039532;0;7;0;0;2;1;1;A01
201200039532;0;7;0;0;2;4;1;B01
201200039533;2;7;0;0;2;3;5;Z01
201200039533;0;33;0;0;2;8;15;A01
201200039534;0;7;0;0;1;3;15;A01
201200039535;0;7;0;0;2;8;11;A01
201200039535;0;33;0;0;2;7;1;B01
201200039536;0;7;0;0;1;2;1;A01
201200039537;0;7;0;0;2;4;23;B01
201200039537;0;7;0;0;2;1;2;A01
201200039538;0;7;0;0;1;2;1;A01
201200039539;0;10;0;0;0;6;24;B01
201200039539;0;2;0;1;0;2;1;A01
201200039540;0;37;2;8;0;1;23;B01
201200039540;0;14;0;0;2;0;1;A01
201200039541;0;7;0;0;2;1;2;A01
201200039541;0;7;0;0;0;4;2;B01
201200039542;0;7;0;2;0;1;17;A01
201200039543;0;7;0;14;0;1;1;B01
201200039543;0;7;0;0;0;4;1;C01
201200039543;0;7;0;14;0;1;1;A01
201200039544;0;32;0;0;0;4;16;B01
201200039544;0;7;0;0;2;2;2;A01
201200039545;0;31;0;0;2;1;1;B01
201200039545;0;7;0;0;2;3;10;A01
201200039546;0;33;0;0;2;1;2;A01
201200039546;0;7;0;0;2;4;1;B01
201200039547;0;7;0;0;2;2;15;A01
201200039547;0;1;0;0;2;1;1;B01
201200039548;0;7;0;0;2;1;1;C01
201200039548;0;30;0;0;2;3;11;A01
201200039548;0;30;0;0;2;2;0;B01
201200039549;0;7;0;0;2;2;15;A01
201200039549;0;31;0;0;2;1;0;B01
201200039550;0;2;0;0;2;0;17;A01
201200039550;0;7;0;0;0;8;15;B01
201200039551;1;7;0;0;1;5;1;Z01
201200039552;0;7;0;6;1;1;0;A01
201200039553;0;7;0;0;2;3;15;B01
201200039553;0;33;0;0;2;2;1;A01
201200039554;0;7;0;0;1;3;2;A01
201200039555;0;3;0;0;2;2;15;A01
201200039555;0;32;0;0;2;9;21;B01
201200039556;0;7;0;0;2;7;9;A01
201200039556;0;31;0;0;0;8;0;B01
201200039557;0;7;0;0;2;3;1;B01
201200039557;0;30;0;0;2;1;0;A01
201200039558;0;10;0;0;2;3;11;A01
201200039558;0;34;0;0;2;1;1;B01
201200039559;0;7;0;0;2;3;16;B01
201200039559;0;31;0;0;2;1;16;A01
201200039559;1;7;0;0;0;0;11;Z01
201200039560;0;7;0;0;1;2;1;A01
201200039561;0;7;0;0;0;7;16;A01
201200039561;0;32;0;0;0;1;1;B01
201200039562;0;30;0;0;0;3;21;B01
201200039562;1;7;0;0;2;0;13;Z01
201200039563;0;30;0;0;2;1;1;B01
201200039563;0;7;0;0;2;7;16;A01
201200039564;0;1;0;0;0;3;19;B01
201200039564;0;2;0;0;2;1;21;A01
201200039565;0;7;0;0;0;6;2;A01
201200039565;0;31;0;0;0;1;2;B01
201200039566;0;1;0;0;2;5;2;B01
201200039566;0;7;0;0;2;3;2;A01
201200039567;0;7;0;0;2;2;1;B01
201200039567;0;7;0;0;2;3;9;A01
201200039568;0;7;0;0;0;0;1;A01
201200039568;0;33;0;11;0;1;17;B01
201200039569;0;7;0;0;2;1;2;A01
201200039569;0;7;0;0;0;4;2;B01
201200039570;0;33;0;9;0;1;1;A01
201200039571;0;2;0;0;2;2;1;A01
201200039571;0;7;0;0;0;6;1;B01
201200039572;0;7;0;2;0;3;0;A01
201200039573;0;7;0;0;1;5;1;A01
201200039574;0;7;0;12;0;1;14;A01
201200039575;0;7;0;0;1;5;15;A01
201200039576;0;7;0;0;1;1;1;A01
201200039577;0;7;0;0;2;2;1;B01
201200039577;0;33;0;0;2;1;17;A01
201200039578;0;34;0;0;0;6;1;B01
201200039578;0;2;0;0;2;1;1;A01
201200039579;0;7;0;8;2;7;17;A01
201200039579;0;20;0;0;2;3;15;B01
201200039580;0;2;0;0;2;0;16;A01
201200039580;0;32;0;0;2;0;1;B01
201200039581;0;30;0;11;0;0;1;A01
201200039582;0;7;0;0;2;3;7;B01
201200039582;0;32;0;0;2;7;16;A01
201200039583;2;7;0;0;2;2;15;A01
201200039583;0;30;0;0;0;4;0;B01
201200039584;0;2;0;0;2;1;1;A01
201200039584;0;7;0;0;2;5;1;B01
201200039585;0;7;0;0;1;1;1;A01
201200039586;0;7;0;0;2;5;15;B01
201200039586;0;32;0;0;0;1;2;A01
201200039587;0;7;0;0;2;7;16;A01
201200039587;0;30;0;0;2;1;18;B01
201200039588;0;33;0;0;2;7;17;A01
201200039588;0;7;0;0;2;8;15;B01
201200039589;0;31;0;0;2;1;1;A01
201200039589;0;7;0;0;0;5;15;B01
201200039590;1;3;0;0;4;2;17;Z01
201200039590;0;7;0;0;2;2;1;C01
201200039590;0;33;0;0;2;1;21;B01
201200039591;2;7;0;0;2;8;15;A01
201200039591;0;32;0;0;2;0;1;B01
201200039592;0;7;0;0;2;6;0;C01
201200039592;0;7;0;0;2;3;5;A01
201200039592;0;7;0;0;2;3;1;B01
201200039593;0;31;0;0;0;8;1;A01
201200039594;0;7;0;0;1;3;2;A01
201200039595;0;7;0;0;2;1;13;A01
201200039595;0;7;0;0;2;1;1;B01
201200039596;0;7;0;0;1;2;2;A01
201200039597;0;7;0;0;9;1;16;A01
201200039597;0;1;0;0;2;7;19;B01
201200039598;0;7;0;0;2;2;15;B01
201200039598;0;30;0;0;2;1;1;A01
201200039599;0;7;0;0;1;1;1;A01
201200039600;0;7;0;0;9;8;15;B01
201200039600;0;2;0;0;2;1;1;A01
201200039601;0;7;0;0;2;3;9;A01
201200039601;0;34;0;0;2;2;1;B01
201200039602;0;30;0;0;2;1;18;B01
201200039602;0;7;0;0;2;7;16;A01
201200039603;0;7;0;0;0;6;4;A01
201200039604;0;10;0;0;2;1;2;A01
201200039604;0;7;0;0;2;4;2;B01
201200039605;0;7;0;0;2;6;11;A01
201200039605;0;33;0;0;2;1;1;B01
201200039605;0;7;0;0;2;3;1;C01
201200039606;0;7;0;0;2;2;15;A01
201200039606;0;2;0;0;2;1;1;B01
201200039607;0;10;0;0;2;4;2;B01
201200039607;0;10;0;0;2;4;2;C01
201200039607;0;10;0;0;2;3;2;A01
201200039608;0;34;0;12;0;0;0;A01
201200039609;0;33;0;0;2;4;2;A01
201200039609;0;7;0;0;0;0;23;C01
201200039609;0;7;0;0;0;4;2;B01
201200039610;0;34;0;0;2;1;2;B01
201200039610;0;7;0;0;0;5;2;A01
201200039611;0;7;0;0;2;8;9;A01
201200039611;0;33;0;0;2;1;1;B01
201200039612;0;7;0;0;0;0;1;E01
201200039612;0;7;0;0;2;3;1;C01
201200039612;0;34;0;0;2;9;3;A01
201200039612;0;7;0;0;2;3;1;D01
201200039612;0;7;0;0;2;6;1;B01
201200039613;0;2;0;0;0;8;0;A01
201200039614;0;30;0;0;2;1;0;B01
201200039614;1;7;0;0;0;0;0;E01
201200039615;0;7;0;0;2;1;1;B01
201200039615;0;7;0;0;2;1;5;A01
201200039616;0;7;0;0;0;3;1;A01
201200039616;0;32;0;0;0;7;1;B01
201200039617;0;7;0;0;2;4;2;B01
201200039617;0;7;0;0;2;1;2;A01
201200039617;0;7;0;0;0;4;2;C01
201200039618;0;2;0;0;0;7;0;B01
201200039618;0;7;0;0;0;1;9;A01
201200039619;0;7;0;0;2;3;15;B01
201200039619;0;32;0;0;2;1;1;A01
201200039620;0;7;0;0;1;2;17;A01
201200039621;0;7;0;0;2;3;15;A01
201200039621;0;2;0;0;2;1;1;B01
201200039622;0;7;0;0;1;2;9;A01
201200039623;0;37;1;0;1;2;1;A01
201200039624;0;7;0;0;2;2;1;A01
201200039624;0;7;0;0;0;6;1;B01
201200039625;0;33;0;0;2;1;1;B01
201200039625;0;7;0;0;2;7;11;A01
201200039626;0;7;0;0;2;7;16;B01
201200039626;0;10;0;0;2;3;7;A01
201200039627;0;7;0;0;2;3;1;B01
201200039627;0;7;0;0;2;2;12;A01
201200039628;0;7;0;0;2;5;2;B01
201200039628;0;32;0;0;2;1;2;A01
201200039629;0;7;0;0;2;1;0;B01
201200039629;0;33;0;0;2;7;0;A01
201200039630;0;32;0;0;2;1;1;B01
201200039630;0;7;0;0;2;1;15;A01
201200039631;0;7;0;0;2;1;1;A01
201200039631;0;7;0;0;0;4;1;B01
201200039632;0;37;15;12;1;5;1;A01
201200039633;0;7;0;0;2;3;9;A01
201200039633;0;33;0;0;2;1;1;B01
201200039634;0;7;0;0;2;1;0;A01
201200039634;0;7;0;0;2;8;15;B01
201200039635;0;7;0;0;2;3;1;B01
201200039635;0;7;0;0;0;0;1;C01
201200039635;0;31;0;0;2;1;5;A01
201200039636;0;32;0;0;2;1;1;B01
201200039636;0;33;0;0;2;8;9;A01
201200039637;0;7;0;0;0;3;11;B01
201200039637;0;2;0;0;2;1;2;A01
201200039638;0;7;0;0;2;2;0;A01
201200039638;1;7;0;0;2;1;9;Z01
201200039639;0;30;0;0;2;1;1;B01
201200039639;0;7;0;0;2;3;9;A01
201200039640;0;7;0;0;2;1;15;A01
201200039640;0;7;0;0;2;8;2;B01
201200039641;0;7;0;0;0;9;0;A01
201200039642;0;2;0;0;1;1;1;A01
201200039643;0;10;0;0;2;1;1;A01
201200039643;0;37;3;0;2;4;1;B01
201200039644;0;7;0;0;1;3;1;A01
201200039645;0;7;0;4;0;1;1;A01
201200039646;0;7;0;6;0;1;0;A01
201200039647;0;7;0;6;0;1;0;A01
201200039648;0;7;0;0;0;1;13;A01
201200039648;0;7;0;0;2;2;1;C01
201200039648;0;7;0;0;2;1;1;B01
201200039649;0;3;0;0;2;3;13;A01
201200039649;0;2;0;0;2;1;18;B01
201200039649;0;7;0;1;0;1;24;C01
201200039650;0;7;0;0;0;4;2;B01
201200039650;0;7;0;0;2;1;2;A01
201200039651;0;7;0;0;0;6;2;B01
201200039651;0;7;0;0;2;1;2;A01
201200039652;0;7;0;0;1;1;1;A01
201200039653;0;7;0;0;2;3;15;A01
201200039653;0;31;0;12;2;1;1;B01
201200039654;1;30;0;0;1;0;0;Z01
201200039655;0;7;0;1;0;1;1;A01
201200039656;0;7;0;0;1;1;1;A01
201200039657;0;10;0;0;2;3;13;A01
201200039657;0;10;0;0;2;3;1;B01
201200039658;2;30;0;0;2;1;12;Z01
201200039658;0;33;0;0;2;1;2;B01
201200039659;0;31;0;0;2;1;1;B01
201200039659;0;10;0;0;2;4;4;A01
201200039660;0;7;0;6;0;1;1;A01
201200039661;0;7;0;0;2;8;1;B01
201200039661;0;7;0;0;2;4;2;C01
201200039661;0;7;0;0;2;1;2;A01
201200039662;0;7;0;15;0;1;1;A01
201200039662;0;7;0;0;0;2;0;B01
201200039663;0;7;0;0;1;1;0;A01
201200039664;0;2;0;0;2;1;1;B01
201200039664;0;7;0;0;2;3;15;A01
201200039665;0;7;0;0;1;1;0;A01
201200039666;0;7;0;0;2;1;19;A01
201200039666;0;7;0;0;1;9;1;B01
201200039667;0;7;0;0;1;3;1;A01
201200039668;0;1;0;0;2;1;19;B01
201200039668;0;7;0;0;2;8;0;A01
201200039669;0;2;0;0;2;1;1;B01
201200039669;0;7;0;0;2;8;15;A01
201200039670;0;32;0;0;2;1;1;A01
201200039670;0;7;0;0;2;4;1;B01
201200039671;0;7;0;0;2;3;15;B01
201200039671;0;2;0;0;2;1;17;A01
201200039672;0;7;0;0;1;8;1;A01
201200039673;0;7;0;0;0;9;2;A01
201200039674;0;30;0;0;0;4;9;B01
201200039674;0;7;0;0;2;2;9;A01
201200039675;0;14;0;0;2;1;1;C01
201200039675;0;7;0;0;2;2;16;A01
201200039675;0;7;0;0;2;8;1;B01
201200039676;0;1;0;0;2;1;1;B01
201200039676;0;7;0;0;0;3;9;A01
201200039677;0;7;0;1;0;1;2;A01
201200039677;0;15;0;0;0;4;24;B01
201200039678;0;2;0;0;2;1;1;A01
201200039678;0;7;0;0;2;7;15;B01
201200039679;0;7;0;0;2;5;2;B01
201200039679;2;7;0;0;2;1;2;Z01
201200039680;0;33;0;0;2;1;1;B01
201200039680;0;7;0;0;2;2;1;A01
201200039681;0;7;0;0;2;4;1;A01
201200039681;0;2;0;0;0;0;0;B01
201200039682;0;2;0;0;2;7;1;B01
201200039682;0;7;0;0;2;1;15;A01
201200039683;0;33;0;0;1;1;1;A01
201200039684;0;1;0;0;1;1;0;A01
201200039685;0;7;0;0;1;1;1;A01
201200039686;0;7;0;0;2;2;0;B01
201200039686;0;7;0;0;2;3;0;C01
201200039686;0;7;0;0;2;9;1;A01
201200039687;1;7;0;0;0;0;0;Z01
201200039687;0;34;0;0;2;2;1;A01
201200039688;0;7;0;0;0;0;14;A01
201200039688;0;30;0;0;2;0;2;C01
201200039688;0;30;0;0;2;0;2;B01
201200039689;1;10;0;0;1;0;0;Z01
201200039690;0;7;0;0;2;1;15;B01
201200039690;0;31;0;0;2;1;1;A01
201200039691;0;7;0;8;0;1;2;A01
201200039692;0;38;1;0;1;0;1;A01
201200039693;0;7;0;0;2;3;10;A01
201200039693;0;33;0;0;2;1;1;B01
201200039694;0;3;0;0;2;1;6;A01
201200039694;0;7;0;0;2;1;1;B01
201200039695;0;30;0;0;0;3;15;A01
201200039695;0;33;0;0;0;3;0;B01
201200039696;0;7;0;8;0;1;1;A01
201200039697;0;1;0;0;2;4;11;A01
201200039697;1;7;0;0;2;0;16;Z01
201200039698;0;7;0;0;2;1;1;C01
201200039698;0;7;0;0;2;1;1;B01
201200039698;0;7;0;0;2;1;13;A01
201200039699;0;2;0;0;2;1;1;B01
201200039699;0;7;0;0;2;3;1;A01
201200039700;0;7;0;0;1;1;1;A01
201200039701;0;10;0;0;2;3;2;C01
201200039701;0;7;0;0;2;1;2;B01
201200039701;0;7;0;0;2;1;19;A01
201200039702;0;32;0;0;2;1;17;B01
201200039702;0;7;0;0;2;3;15;A01
201200039703;0;7;0;0;2;6;1;B01
201200039703;0;14;0;0;2;2;12;A01
201200039704;0;7;0;0;2;4;1;C01
201200039704;0;7;0;0;2;1;1;A01
201200039704;0;7;0;0;2;4;1;B01
201200039705;0;7;0;0;1;7;2;A01
201200039706;0;33;0;0;1;1;1;A01
201200039707;0;10;0;0;1;4;4;A01
201200039708;1;34;0;15;2;0;0;Z01
201200039709;0;33;0;0;1;0;1;A01
201200039710;0;7;0;0;2;7;15;B01
201200039710;0;7;0;0;2;1;1;A01
201200039711;0;7;0;0;2;2;1;B01
201200039711;0;1;0;0;2;1;1;A01
201200039712;0;7;0;0;2;4;1;B01
201200039712;0;7;0;0;2;1;1;A01
201200039713;0;7;0;0;0;7;1;A01
201200039714;0;1;0;14;0;1;1;A01
201200039715;0;7;0;0;1;1;0;A01
201200039716;0;7;0;0;1;4;4;A01
201200039717;0;38;1;0;1;2;17;A01
201200039718;0;32;0;15;0;2;14;A01
201200039719;0;7;0;0;2;2;15;A01
201200039719;0;33;0;0;2;1;1;B01
201200039720;0;33;0;0;2;3;1;B01
201200039720;0;7;0;0;2;3;15;A01
201200039721;2;33;0;0;1;0;0;Z01
201200039722;0;34;0;0;2;2;1;B01
201200039722;0;7;0;0;2;3;9;A01
201200039723;0;7;0;8;0;3;13;A01
201200039724;0;7;0;0;2;8;1;D01
201200039724;0;7;0;0;2;4;1;A01
201200039724;0;7;0;0;2;3;1;C01
201200039724;0;33;0;0;2;1;1;B01
201200039725;0;7;0;14;2;0;1;A01
201200039725;0;7;0;0;2;2;15;B01
201200039726;0;7;0;0;2;3;1;B01
201200039726;1;7;0;0;2;2;5;Z01
201200039727;0;7;0;0;2;1;2;A01
201200039727;0;30;0;0;2;4;23;B01
201200039728;0;10;0;0;2;1;1;A01
201200039728;0;7;0;0;2;3;16;B01
201200039729;0;31;0;8;0;1;1;A01
201200039730;0;7;0;0;0;3;15;A01
201200039730;0;2;0;0;2;1;17;B01
201200039731;0;7;0;0;0;8;0;A01
201200039732;0;7;0;0;1;2;1;A01
201200039733;0;7;0;0;2;1;15;A01
201200039733;0;2;0;0;2;9;17;B01
201200039734;0;7;0;8;0;1;0;A01
201200039735;0;31;0;0;0;9;1;A01
201200039736;0;7;0;0;2;3;1;B01
201200039736;0;30;0;0;2;1;19;A01
201200039737;0;7;0;0;0;9;1;A01
201200039738;2;7;0;0;2;3;1;A01
201200039738;0;2;0;0;2;1;1;B01
201200039739;0;10;0;0;2;1;1;A01
201200039739;0;13;0;0;0;4;1;B01
201200039740;0;7;0;0;2;7;15;A01
201200039740;0;30;0;0;2;1;1;B01
201200039741;0;7;0;0;1;1;1;A01
201200039742;0;7;0;0;2;1;0;A01
201200039742;0;7;0;0;2;1;1;B01
201200039743;0;10;0;0;2;1;1;B01
201200039743;0;7;0;0;0;6;1;C01
201200039743;0;7;0;0;2;9;0;A01
201200039744;0;7;0;8;0;3;21;A01
201200039745;0;31;0;0;5;1;21;A01
201200039746;0;7;0;0;2;8;15;B01
201200039746;0;10;0;0;2;1;17;A01
201200039747;0;7;0;0;1;2;1;A01
201200039748;0;7;0;0;1;1;1;A01
201200039749;0;10;0;0;2;1;1;A01
201200039749;0;10;0;0;2;1;15;B01
201200039750;0;7;0;0;1;1;1;A01
201200039750;0;7;0;0;0;1;1;B01
201200039751;0;10;0;0;2;1;1;A01
201200039751;0;10;0;0;0;7;19;B01
201200039752;0;30;0;0;2;1;1;B01
201200039752;0;7;0;0;2;1;17;A01
201200039753;0;30;0;0;2;1;1;B01
201200039753;0;7;0;0;2;2;15;A01
201200039754;1;7;0;0;1;2;1;A01
201200039755;0;33;0;16;0;0;1;A01
201200039756;0;7;0;0;2;3;16;A01
201200039756;0;1;0;0;2;8;19;B01
201200039757;0;7;0;0;1;3;1;A01
201200039758;0;33;0;11;0;8;1;B01
201200039758;0;7;0;0;0;0;15;A01
201200039759;0;33;0;0;2;1;1;B01
201200039759;0;7;0;0;2;3;15;A01
201200039760;0;33;0;6;0;1;1;A01
201200039761;0;2;0;0;2;7;17;A01
201200039761;0;7;0;0;2;3;1;B01
201200039762;0;31;0;0;0;8;0;A01
201200039763;0;7;0;0;1;1;1;A01
201200039764;0;38;12;0;0;3;1;B01
201200039764;0;10;0;0;2;1;13;A01
201200039765;0;7;0;0;2;3;0;A01
201200039765;0;1;0;0;2;1;0;B01
201200039766;0;30;0;0;2;1;0;A01
201200039766;0;7;0;0;2;8;0;B01
201200039767;0;33;0;0;2;8;17;A01
201200039767;0;7;0;0;0;3;15;B01
201200039768;0;7;0;0;1;1;1;A01
201200039769;0;10;0;0;2;1;5;A01
201200039769;0;30;0;0;2;1;5;B01
201200039770;0;7;0;0;2;8;1;B01
201200039770;0;7;0;0;2;8;5;A01
201200039771;0;7;0;0;1;1;1;A01
201200039772;0;7;0;0;1;5;4;A01
201200039773;0;7;0;0;1;1;1;A01
201200039774;0;7;0;0;0;3;1;A01
201200039774;0;1;0;0;2;1;9;B01
201200039775;0;7;0;15;0;1;14;A01
201200039776;0;7;0;0;1;2;1;A01
201200039777;0;7;0;0;2;1;15;A01
201200039777;0;1;0;0;2;8;1;B01
201200039778;0;7;0;0;2;3;13;A01
201200039778;0;17;0;0;2;3;1;B01
201200039779;0;33;0;0;0;8;0;A01
201200039780;0;7;0;0;2;1;15;A01
201200039780;0;1;0;0;0;1;23;B01
201200039781;0;7;0;0;2;4;2;B01
201200039781;0;33;0;0;2;1;2;A01
201200039782;0;2;0;0;1;1;1;A01
201200039783;0;7;0;0;2;2;16;A01
201200039783;0;2;0;0;0;3;1;B01
201200039784;0;2;0;0;0;7;17;B01
201200039784;0;7;0;0;2;3;11;A01
201200039785;0;7;0;0;2;1;1;A01
201200039785;0;1;0;0;2;7;19;B01
201200039786;0;7;0;0;0;3;9;A01
201200039786;0;2;0;0;2;1;17;B01
201200039787;0;39;10;1;0;1;1;B01
201200039787;0;7;0;5;0;1;1;A01
201200039788;0;15;0;0;1;5;21;A01