num_acc;senc;catv;occutc;obs;obsm;choc;manv;num_veh
201200040155;0;7;0;13;0;1;2;A01
201200040156;0;7;0;0;2;3;15;A01
201200040156;0;1;0;0;2;1;1;B01
201200040157;0;30;0;0;2;5;2;B01
201200040157;0;30;0;0;2;1;2;A01
201200040158;0;7;0;0;2;1;16;A01
201200040158;0;1;0;0;2;0;19;B01
201200040159;0;2;0;0;0;8;1;A01
201200040160;0;7;0;0;2;4;1;B01
201200040160;0;10;0;0;2;1;2;A01
201200040161;0;33;0;0;0;7;1;A01
201200040162;0;7;0;0;2;3;23;C01
201200040162;0;7;0;3;2;1;1;A01
201200040162;0;10;0;0;2;2;21;B01
201200040163;0;7;0;0;2;4;23;B01
201200040163;0;30;0;0;2;1;2;A01
201200040164;0;7;0;0;2;1;2;A01
201200040164;0;10;0;0;0;4;2;B01
201200040165;0;30;0;0;0;4;1;A01
201200040166;0;2;0;1;0;8;1;A01
201200040167;0;7;0;0;2;8;1;C01
201200040167;0;10;0;0;2;3;9;A01
201200040167;0;33;0;0;2;1;1;B01
201200040168;0;7;0;0;2;3;1;B01
201200040168;0;10;0;0;2;1;15;A01
201200040169;0;7;0;13;2;2;12;A01
201200040169;0;7;0;0;2;6;1;B01
201200040170;0;33;0;6;0;1;1;A01
201200040171;0;7;0;1;0;1;1;A01
201200040172;0;31;0;0;2;1;2;A01
201200040172;0;7;0;0;0;6;2;B01
201200040173;0;7;0;0;2;5;9;A01
201200040173;0;7;0;0;2;1;1;B01
201200040174;0;7;0;0;1;7;1;A01
201200040175;0;10;0;0;9;1;15;A01
201200040175;0;1;0;0;2;0;1;B01
201200040176;0;31;0;0;2;1;17;A01
201200040176;0;7;0;0;2;8;15;B01
201200040177;0;7;0;0;1;2;1;A01
201200040178;0;7;0;0;1;1;20;A01
201200040179;0;2;0;0;2;1;17;A01
201200040179;0;7;0;0;2;2;15;B01
201200040180;0;7;0;6;0;1;1;A01
201200040181;0;7;0;0;2;4;1;B01
201200040181;0;7;0;0;2;1;2;A01
201200040182;0;30;0;0;2;8;2;A01
201200040183;0;10;0;0;0;8;1;A01
201200040184;0;7;0;0;1;1;1;A01
201200040185;0;7;0;13;0;1;1;A01
201200040186;0;7;0;0;2;5;1;B01
201200040186;0;7;0;0;2;2;1;C01
201200040186;0;7;0;3;2;3;13;A01
201200040187;0;7;0;0;2;3;9;A01
201200040187;0;7;0;0;2;3;1;B01
201200040188;0;7;0;0;2;1;23;B01
201200040188;0;7;0;0;0;4;23;C01
201200040188;0;7;0;0;2;1;1;A01
201200040189;0;2;0;0;2;2;17;A01
201200040189;0;7;0;0;2;6;15;B01
201200040190;0;2;0;0;2;1;1;B01
201200040190;0;7;0;0;2;6;10;A01
201200040191;0;7;0;12;0;3;1;A01
201200040192;0;32;0;0;0;2;0;A01
201200040193;0;10;0;0;2;5;2;A01
201200040193;0;7;0;0;0;8;2;B01
201200040194;0;7;0;0;2;4;2;B01
201200040194;0;7;0;0;2;2;2;A01
201200040194;0;7;0;0;0;4;2;C01
201200040195;0;7;0;0;2;1;1;A01
201200040195;0;7;0;0;2;6;10;B01
201200040196;0;7;0;3;0;2;1;A01
201200040197;0;7;0;13;0;1;1;A01
201200040198;0;7;0;0;2;3;1;B01
201200040198;0;7;0;0;2;2;15;A01
201200040199;0;7;0;0;0;4;2;B01
201200040199;0;10;0;0;2;1;2;A01
201200040200;0;30;0;0;2;8;1;B01
201200040200;0;7;0;0;2;2;1;A01
201200040201;0;7;0;15;0;3;1;A01
201200040202;0;7;0;0;1;4;4;A01
201200040203;0;7;0;0;1;3;1;A01
201200040204;0;30;0;0;0;8;1;A01
201200040205;0;7;0;0;0;5;2;B01
201200040205;0;7;0;3;2;3;2;A01
201200040206;0;15;0;0;2;2;12;A01
201200040206;0;7;0;0;2;3;1;B01
201200040207;0;2;0;11;0;1;0;A01
201200040208;0;7;0;13;0;3;1;A01
201200040209;0;7;0;2;0;1;1;A01
201200040210;0;30;0;0;2;1;18;A01
201200040210;0;7;0;0;2;2;20;B01
201200040211;0;7;0;0;2;8;15;A01
201200040211;0;33;0;0;2;1;1;B01
201200040212;0;7;0;0;1;1;1;A01
201200040213;0;15;0;0;2;3;5;B01
201200040213;0;7;0;0;2;3;13;A01
201200040214;0;7;0;0;2;3;15;A01
201200040214;0;7;0;0;2;3;1;B01
201200040215;0;7;0;0;2;6;9;A01
201200040215;0;2;0;0;2;1;1;B01
201200040216;0;7;0;0;1;3;1;A01
201200040217;0;10;0;0;0;4;2;B01
201200040217;0;30;0;0;2;1;2;A01
201200040218;0;7;0;0;2;4;23;B01
201200040218;0;7;0;0;2;1;2;A01
201200040218;0;1;0;0;2;6;15;C01
201200040219;0;33;0;0;2;1;2;A01
201200040219;0;10;0;0;0;4;2;B01
201200040219;0;7;0;0;0;0;9;C01
201200040220;0;7;0;6;0;1;0;A01
201200040221;0;1;0;0;2;1;1;B01
201200040221;0;7;0;0;2;8;9;A01
201200040222;0;7;0;0;2;3;15;A01
201200040222;0;2;0;0;2;1;17;B01
201200040223;0;7;0;0;2;3;13;A01
201200040223;0;7;0;0;2;3;0;B01
201200040224;0;7;0;0;2;1;9;A01
201200040224;0;7;0;0;2;2;1;B01
201200040225;0;7;0;0;2;1;2;A01
201200040225;0;10;0;0;0;4;2;D01
201200040225;0;7;0;0;2;4;2;B01
201200040225;0;7;0;0;2;4;2;C01
201200040226;0;2;0;0;0;7;1;A01
201200040227;0;7;0;0;2;2;1;B01
201200040227;0;7;0;0;2;3;9;A01
201200040228;0;7;0;0;2;4;23;B01
201200040228;0;7;0;0;2;1;2;A01
201200040229;0;7;0;1;0;2;1;A01
201200040230;0;7;0;0;0;1;1;A01
201200040231;0;7;0;0;1;3;1;A01
201200040232;0;7;0;0;1;2;0;A01
201200040233;0;7;0;0;2;4;1;B01
201200040233;0;7;0;4;0;3;1;A01
201200040234;0;10;0;0;2;1;1;A01
201200040234;0;7;0;0;2;8;9;B01
201200040235;0;7;0;0;2;2;1;B01
201200040235;0;31;0;0;2;1;9;A01
201200040236;0;33;0;0;1;1;1;A01
201200040237;0;7;0;0;1;4;4;A01
201200040238;0;7;0;1;0;1;1;A01
201200040239;0;7;0;0;1;3;1;A01
201200040240;0;33;0;0;0;8;21;A01
201200040241;0;7;0;15;0;1;1;A01
201200040242;0;7;0;0;2;4;23;B01
201200040242;0;7;0;0;2;1;2;A01
201200040243;0;10;0;0;2;2;15;A01
201200040243;0;2;0;0;2;1;1;B01
201200040244;0;32;0;0;2;2;1;B01
201200040244;0;7;0;0;2;1;15;A01
201200040245;0;37;2;0;1;2;1;A01
201200040246;0;33;0;0;0;4;1;A01
201200040247;0;33;0;12;0;1;1;A01
201200040248;0;31;0;0;2;8;1;B01
201200040248;0;7;0;0;2;1;15;A01
201200040249;0;37;60;0;1;2;1;A01
201200040250;0;7;0;0;2;2;9;A01
201200040250;0;30;0;0;2;8;1;B01
201200040251;0;7;0;0;0;4;1;B01
201200040251;0;7;0;0;2;1;9;A01
201200040252;0;7;0;0;0;0;9;A01
201200040252;0;7;0;0;2;2;1;C01
201200040252;0;7;0;0;0;6;11;B01
201200040253;0;7;0;0;1;2;1;A01
201200040254;0;7;0;0;0;5;9;A01
201200040254;0;33;0;0;2;1;1;B01
201200040255;0;7;0;0;1;1;1;A01
201200040256;0;7;0;0;0;4;2;C01
201200040256;0;7;0;0;2;4;2;B01
201200040256;0;7;0;0;2;1;2;A01
201200040257;0;33;0;0;0;8;15;A01
201200040258;0;7;0;0;2;6;9;A01
201200040258;0;33;0;0;2;2;1;B01
201200040259;0;7;0;0;2;8;9;A01
201200040259;0;7;0;0;2;1;1;B01
201200040260;0;33;0;0;0;7;1;A01
201200040261;0;2;0;0;0;8;1;A01
201200040262;0;7;0;0;2;1;1;B01
201200040262;0;33;0;0;2;7;0;A01
201200040263;0;7;0;0;1;1;1;A01
201200040264;0;2;0;0;2;1;1;B01
201200040264;0;7;0;0;2;6;15;A01
201200040265;0;7;0;0;2;1;2;A01
201200040265;0;7;0;0;2;1;2;B01
201200040265;0;7;0;0;0;4;2;C01
201200040266;0;10;0;0;2;8;1;A01
201200040266;0;7;0;0;2;1;1;B01
201200040267;0;1;0;0;0;0;21;A01
201200040268;0;7;0;0;2;1;1;B01
201200040268;0;7;0;0;2;6;19;A01
201200040269;0;2;0;14;0;8;9;A01
201200040270;0;7;0;0;2;7;1;A01
201200040270;0;7;0;0;2;1;1;B01
201200040271;0;10;0;0;2;1;2;A01
201200040271;0;7;0;0;2;4;2;B01
201200040271;0;7;0;0;2;1;1;C01
201200040272;0;7;0;2;0;7;1;A01
201200040273;0;7;0;0;1;1;1;A01
201200040274;0;7;0;0;2;3;15;A01
201200040274;0;7;0;0;2;2;1;B01
201200040275;0;7;0;0;2;3;9;A01
201200040275;0;31;0;0;2;4;1;B01
201200040276;0;7;0;0;2;3;15;B01
201200040276;0;7;0;2;2;1;7;A01
201200040277;0;30;0;0;2;1;1;B01
201200040277;0;7;0;0;2;3;9;A01
201200040278;0;10;0;0;2;3;1;B01
201200040278;0;7;0;0;2;3;15;A01
201200040279;0;7;0;0;1;0;1;A01
201200040280;0;10;0;0;1;1;9;A01
201200040281;0;7;0;0;1;1;1;A01
201200040282;0;10;0;0;2;3;9;A01
201200040282;0;7;0;9;2;1;9;B01
201200040283;0;7;0;0;1;2;1;A01
201200040284;0;7;0;0;2;1;2;A01
201200040284;0;7;0;9;2;4;23;B01
201200040285;0;7;0;0;2;1;2;A01
201200040285;0;10;0;0;2;4;2;B01
201200040285;0;7;0;0;2;4;23;C01
201200040286;0;7;0;0;1;1;1;A01
201200040287;0;7;0;0;2;2;1;B01
201200040287;0;7;0;0;2;1;13;A01
201200040288;0;7;0;0;2;3;15;A01
201200040288;0;7;0;0;2;6;1;B01
201200040289;0;7;0;0;1;8;1;A01
201200040290;0;30;0;12;0;1;14;A01
201200040291;0;7;0;0;2;1;1;B01
201200040291;0;7;0;0;2;3;15;A01
201200040292;0;7;0;0;1;3;1;A01
201200040293;0;7;0;0;2;1;1;B01
201200040293;0;7;0;0;2;1;5;A01
201200040294;0;7;0;0;1;2;1;A01
201200040295;0;33;0;0;2;3;1;B02
201200040295;0;7;0;0;2;8;9;A01
201200040296;0;7;0;8;0;7;1;A01
201200040297;0;7;0;0;1;2;1;A01
201200040298;0;7;0;0;0;0;4;A01
201200040298;0;7;0;0;2;4;2;B01
201200040298;0;2;0;0;2;1;2;C01
201200040299;0;7;0;0;2;7;15;A01
201200040299;0;1;0;0;2;1;1;B01
201200040300;0;7;0;0;2;1;1;B01
201200040300;0;7;0;0;2;7;19;A01
201200040300;0;7;0;0;2;3;23;C01
201200040301;0;7;0;0;2;1;13;A01
201200040301;0;7;0;0;2;8;1;B01
201200040301;0;7;0;0;2;1;1;C01
201200040302;0;1;0;0;2;1;2;A01
201200040302;0;7;0;0;0;4;1;B01
201200040303;0;7;0;6;0;9;1;A01
201200040304;0;7;0;0;1;7;1;A01
201200040305;0;7;0;0;1;1;1;A01
201200040306;0;7;0;0;2;1;13;A01
201200040306;0;7;0;0;2;1;1;B01
201200040307;0;31;0;0;2;1;9;A01
201200040307;0;7;0;0;2;2;1;B01
201200040308;0;30;0;0;2;1;1;A01
201200040308;0;7;0;0;2;3;1;B01
201200040309;0;7;0;0;1;1;1;A01
201200040310;0;7;0;0;1;2;1;A01
201200040311;0;7;0;0;2;6;13;A01
201200040311;0;17;0;0;2;1;1;B01
201200040311;0;10;0;0;2;3;1;C01
201200040312;0;7;0;11;0;1;1;A01
201200040313;0;2;0;0;1;1;1;A01
201200040314;0;7;0;0;2;1;17;A01
201200040314;0;7;0;0;2;1;1;B01
201200040315;0;7;0;0;2;1;1;C02
201200040315;0;36;0;0;2;7;5;A01
201200040315;0;7;0;14;0;3;1;D02
201200040315;0;7;0;0;2;2;1;B02
201200040316;0;7;0;0;2;3;19;A01
201200040316;0;30;0;0;2;1;1;B01
201200040317;0;7;0;0;2;3;13;A01
201200040317;0;7;0;0;2;3;1;B02
201200040318;0;7;0;0;2;3;9;A01
201200040318;0;30;0;0;2;1;1;B02
201200040319;0;7;0;0;1;1;15;A01
201200040320;0;7;0;0;1;3;0;A01
201200040321;0;7;0;1;0;1;1;A01
201200040321;0;7;0;0;2;0;1;B01
201200040322;0;7;0;0;2;1;17;B01
201200040322;0;7;0;0;2;1;5;A01
201200040323;0;7;0;0;1;3;1;A01
201200040324;0;7;0;0;2;3;1;B01
201200040324;1;33;0;0;2;1;5;A01
201200040325;0;2;0;0;1;1;1;A01
201200040326;0;7;0;0;1;0;1;A01
201200040327;0;7;0;9;0;2;1;A01
201200040328;0;1;0;0;2;2;1;B01
201200040328;0;7;0;0;2;3;15;A01
201200040329;0;7;0;0;2;2;9;A01
201200040329;0;33;0;0;2;8;1;B01
201200040330;0;1;0;0;2;8;1;A01
201200040330;0;7;0;0;2;1;16;B01
201200040331;0;7;0;2;0;1;14;A01
201200040332;0;7;0;0;1;2;1;A01
201200040333;0;2;0;0;2;7;1;B01
201200040333;0;2;0;0;2;0;1;A01
201200040334;0;1;0;0;2;1;17;A01
201200040334;0;7;0;0;2;3;17;B01
201200040335;0;7;0;0;2;3;1;A01
201200040335;0;7;0;0;2;3;13;B01
201200040336;0;7;0;6;0;9;1;A01
201200040337;0;7;0;0;2;2;2;B01
201200040337;0;7;0;0;2;4;2;A01
201200040338;0;33;0;0;2;1;1;B01
201200040338;0;7;0;0;0;8;9;A01
201200040339;0;7;0;2;0;1;1;A01
201200040340;0;10;0;6;0;1;1;A01
201200040341;0;7;0;0;2;3;23;A01
201200040341;1;10;0;14;0;3;15;Z01
201200040342;0;33;0;0;2;6;2;B01
201200040342;1;7;0;0;2;2;15;A01
201200040343;0;7;0;2;0;1;1;A01
201200040343;1;99;0;0;0;0;15;Z01
201200040344;0;7;0;0;2;1;15;A01
201200040344;0;7;0;0;2;1;1;B01
201200040345;1;7;0;0;0;0;17;A01
201200040345;0;33;0;0;0;0;1;B01
201200040346;0;7;0;0;1;1;15;A01
201200040347;0;1;0;1;0;1;2;A01
201200040347;0;7;0;0;2;4;23;B01
201200040348;0;7;0;0;1;6;4;A01
201200040349;0;7;0;0;2;1;15;A01
201200040349;0;7;0;0;2;1;1;B01
201200040350;0;15;0;0;1;1;15;A01
201200040351;0;2;0;0;2;8;15;A01
201200040351;0;7;0;0;2;7;17;B01
201200040352;0;7;0;0;1;3;15;A01
201200040353;0;10;0;0;1;2;9;A01
201200040354;0;7;0;0;2;3;13;A01
201200040354;0;7;0;0;2;3;1;B01
201200040355;0;7;0;3;2;1;1;A01
201200040355;0;7;0;0;2;1;1;B01
201200040356;0;7;0;0;1;3;1;A01
201200040357;0;1;0;0;2;1;1;A01
201200040357;0;7;0;0;9;3;1;B01
201200040358;0;7;0;0;1;2;1;A01
201200040359;0;2;0;15;2;1;1;A01
201200040359;0;7;0;0;1;2;1;B01
201200040360;0;33;0;0;2;1;1;A01
201200040360;0;7;0;0;4;3;1;B01
201200040361;0;7;0;0;1;1;1;A01
201200040362;0;2;0;0;2;1;1;B01
201200040362;0;7;0;0;2;3;9;A01
201200040363;0;7;0;0;2;2;5;A01
201200040363;0;7;0;0;2;1;1;B01
201200040364;0;1;0;0;2;1;1;A01
201200040364;0;7;0;0;2;8;1;B01
201200040365;0;7;0;0;1;1;15;A01
201200040366;0;7;0;0;2;2;10;A01
201200040366;0;34;0;0;2;1;1;B01
201200040367;0;7;0;0;2;1;1;A01
201200040367;0;7;0;0;2;1;1;B01
201200040368;0;7;0;0;1;6;4;A01
201200040369;0;7;0;0;2;8;19;A01
201200040369;0;7;0;0;2;1;19;B01
201200040370;0;7;0;0;2;8;1;B01
201200040370;0;7;0;0;2;2;1;A01
201200040371;0;1;0;0;2;1;1;A01
201200040371;0;7;0;0;2;8;1;B01
201200040372;0;7;0;0;1;1;15;A01
201200040373;0;7;0;0;2;7;1;A01
201200040373;0;30;0;0;2;1;1;B01
201200040374;0;10;0;0;2;2;17;A01
201200040374;0;7;0;0;2;6;15;B01
201200040375;0;7;0;0;1;7;1;A01
201200040376;0;7;0;0;1;3;15;A01
201200040377;0;7;0;0;2;5;1;B01
201200040377;0;7;0;0;2;1;15;A01
201200040378;0;7;0;0;2;1;15;A01
201200040378;0;2;0;0;2;6;0;B01
201200040379;0;7;0;0;1;3;15;A01
201200040379;0;1;0;0;2;7;1;B01
201200040380;0;7;0;0;1;2;1;A01
201200040381;0;2;0;6;0;1;1;A01
201200040382;0;7;0;0;1;1;0;A01
201200040383;0;7;0;0;1;1;1;A01
201200040384;0;30;0;0;2;8;19;A01
201200040384;0;33;0;0;2;7;1;B01
201200040385;0;7;0;0;2;2;1;B01
201200040385;0;32;0;0;2;1;19;A01
201200040386;0;37;11;0;1;7;7;A01
201200040387;0;7;0;0;2;5;15;A01
201200040387;0;30;0;0;2;1;1;B01
201200040388;0;7;0;0;1;1;1;A01
201200040389;0;33;0;0;2;1;0;A01
201200040389;0;7;0;0;2;5;1;B01
201200040390;0;7;0;0;2;7;1;B01
201200040390;0;30;0;0;2;1;1;A01
201200040391;0;7;0;0;2;3;13;A01
201200040391;0;10;0;0;2;6;2;B01
201200040392;0;14;0;0;1;2;16;A01
201200040393;0;33;0;0;2;0;11;A01
201200040393;0;7;0;0;2;8;11;B01
201200040394;0;7;0;0;0;1;1;A01
201200040394;0;10;0;0;0;1;1;A02
201200040395;0;7;0;0;2;0;13;A01
201200040395;0;7;0;0;2;1;14;B01
201200040396;0;7;0;0;2;3;15;A01
201200040396;0;7;0;0;2;8;1;B01
201200040397;0;30;0;0;1;1;1;A01
201200040398;0;7;0;0;2;2;15;A01
201200040398;0;2;0;0;2;1;1;B01
201200040399;0;7;0;8;0;0;1;A01
201200040400;0;7;0;9;0;1;1;A01
201200040401;0;7;0;0;1;2;0;A01
201200040402;0;7;0;0;2;1;1;B01
201200040402;0;30;0;0;2;1;1;A01
201200040403;0;30;0;0;2;1;1;A01
201200040403;0;7;0;0;0;6;15;B01
201200040404;0;7;0;0;1;2;1;A01
201200040405;0;7;0;0;2;3;15;A01
201200040405;0;30;0;0;2;1;0;B01
201200040406;0;7;0;1;2;1;0;A01
201200040407;0;30;0;0;2;1;17;A01
201200040407;0;7;0;0;2;3;9;B01
201200040408;0;7;0;0;1;8;15;A01
201200040409;0;7;0;0;1;2;1;A01
201200040410;0;7;0;0;2;2;1;A01
201200040410;0;7;0;9;2;3;1;B01
201200040411;0;2;0;0;2;7;0;B01
201200040411;0;7;0;0;2;1;15;A01
201200040412;0;7;0;0;1;1;15;A01
201200040413;0;7;0;0;2;6;2;A01
201200040413;0;7;0;0;2;2;2;B01
201200040414;0;7;0;0;2;0;2;A01
201200040414;0;1;0;1;0;1;2;B01
201200040415;0;7;0;0;2;1;2;A01
201200040415;0;7;0;0;0;4;2;B01
201200040416;0;7;0;0;1;2;19;A01
201200040417;0;7;0;0;1;3;1;A01
201200040418;0;7;0;6;0;3;16;A01
201200040419;0;7;0;0;2;1;0;A01
201200040419;0;7;0;0;2;8;0;B01
201200040420;0;31;0;9;0;1;0;A01
201200040421;0;7;0;0;1;2;1;A01
201200040422;0;7;0;0;1;4;20;A01
201200040423;0;7;0;13;0;8;13;A01
201200040424;0;2;0;0;2;1;0;A01
201200040425;0;7;0;0;1;1;1;A01
201200040426;0;7;0;0;2;2;1;A01
201200040426;0;1;0;0;2;1;1;B01
201200040427;0;37;0;0;1;2;1;A01
201200040428;0;7;0;0;1;1;0;A01
201200040429;0;7;0;0;2;4;2;C01
201200040429;0;7;0;0;2;1;2;A01
201200040429;0;7;0;0;2;0;2;B01
201200040430;0;7;0;0;2;1;15;A01
201200040430;0;10;0;6;2;1;1;B01
201200040431;0;7;0;0;1;1;0;A01
201200040432;0;7;0;6;0;1;5;A01
201200040433;0;7;0;0;1;1;1;A01
201200040434;0;1;0;0;2;1;17;A01
201200040434;0;7;0;0;2;3;11;B01
201200040435;0;33;0;0;2;0;16;B01
201200040435;1;7;0;0;0;0;15;A01
201200040436;1;99;0;0;1;0;0;Z01
201200040437;0;7;0;0;2;1;0;B01
201200040437;0;7;0;0;2;3;0;A01
201200040438;0;7;0;0;2;0;9;A01
201200040438;0;34;0;0;2;3;0;B01
201200040439;1;7;0;0;1;0;0;Z01
201200040440;0;7;0;0;0;5;2;A01
201200040440;0;7;0;0;2;1;2;B01
201200040441;0;37;1;0;0;5;0;A01
201200040441;0;1;0;0;2;5;0;B01
201200040442;0;7;0;0;2;4;0;B01
201200040442;0;7;0;0;2;1;0;A01
201200040443;1;7;0;0;1;1;0;Z01
201200040444;0;33;0;6;0;1;1;A01
201200040445;0;7;0;0;1;3;0;A01
201200040446;0;7;0;0;1;1;0;A01
201200040447;0;7;0;0;2;7;15;A01
201200040447;0;13;0;0;2;3;1;B01
201200040448;0;7;0;0;2;2;1;A01
201200040448;0;10;0;0;2;6;2;B01
201200040449;0;7;0;0;2;3;2;B01
201200040449;0;7;0;0;2;1;15;A01
201200040450;0;7;0;0;2;5;0;A01
201200040450;0;7;0;0;2;1;1;B01
201200040451;0;7;0;0;1;1;0;A01
201200040452;0;7;0;0;2;2;15;A01
201200040452;0;7;0;0;2;3;1;B01
201200040453;0;30;0;0;0;8;1;A01
201200040454;0;7;0;0;1;3;0;A01
201200040455;0;7;0;0;2;2;0;B01
201200040455;0;7;0;0;2;3;0;A01
201200040456;0;7;0;15;0;1;1;A01
201200040457;0;7;0;0;2;1;2;A01
201200040457;0;7;0;0;2;1;2;C01
201200040457;0;7;0;0;2;4;2;B01
201200040458;0;7;0;0;2;8;0;A01
201200040458;0;32;0;0;2;1;0;B01
201200040459;0;7;0;13;0;9;14;A01
201200040459;0;7;0;13;0;9;14;B01
201200040460;0;7;0;0;1;1;0;A01
201200040461;0;7;0;8;0;2;0;A01
201200040462;0;7;0;8;0;1;1;A01
201200040463;0;7;0;8;0;1;0;A01
201200040464;0;1;0;0;0;0;1;A01
201200040465;0;7;0;0;9;1;16;A01
201200040465;0;1;0;0;2;7;1;B01
201200040466;0;7;0;0;2;3;1;B01
201200040466;0;7;0;0;2;1;0;A01
201200040467;0;3;0;8;0;1;0;A01
201200040468;0;7;0;0;2;3;15;A01
201200040468;0;1;0;0;2;0;0;B01
201200040469;0;7;0;0;1;6;20;A01
201200040470;0;7;0;0;2;1;1;A01
201200040470;0;7;0;0;2;4;1;C01
201200040470;0;7;0;0;2;4;1;B01
201200040471;0;7;0;0;1;1;0;A01
201200040472;0;7;0;0;2;1;15;B01
201200040472;0;7;0;0;2;1;1;A01
201200040473;0;1;0;0;2;8;0;C01
201200040473;0;7;0;0;2;0;0;A01
201200040474;0;7;0;0;2;2;2;A01
201200040474;0;1;0;0;2;8;2;B01
201200040475;0;7;0;0;2;2;1;A01
201200040475;0;7;0;0;2;3;15;B01
201200040476;0;7;0;0;2;1;2;A01
201200040476;0;7;0;0;2;4;2;B01
201200040477;0;7;0;0;2;2;1;B01
201200040477;0;7;0;0;2;3;9;A01
201200040478;0;7;0;14;0;1;0;A01
201200040479;0;30;0;0;0;0;0;A01
201200040480;0;1;0;0;1;1;1;A01
201200040481;0;7;0;0;2;7;0;B01
201200040481;0;7;0;0;2;2;0;A01
201200040482;0;7;0;0;2;1;1;B01
201200040482;0;7;0;0;2;7;15;A01
201200040483;0;33;0;0;0;0;1;A01
201200040484;0;7;0;0;2;2;1;B01
201200040484;0;33;0;0;2;4;0;A01
201200040485;0;7;0;0;2;1;5;A01
201200040485;0;7;0;0;2;6;2;B01
201200040485;0;7;0;0;0;3;0;C01
201200040486;0;31;0;0;0;0;1;A01
201200040487;0;7;0;0;2;1;1;B01
201200040487;0;7;0;0;2;1;1;A01
201200040488;0;7;0;0;2;2;1;A01
201200040488;0;7;0;0;2;3;15;B01
201200040489;0;7;0;0;2;4;1;B01
201200040489;0;7;0;0;2;1;1;A01
201200040489;0;7;0;0;2;1;1;C01
201200040490;0;33;0;16;0;3;1;A01
201200040491;0;7;0;0;9;3;22;A01
201200040491;0;1;0;1;0;1;17;B01
201200040492;0;7;0;0;2;8;13;A01
201200040492;0;7;0;15;2;8;21;B01
201200040493;0;7;0;13;0;9;13;A01
201200040494;0;7;0;0;2;3;9;A01
201200040494;0;7;0;0;2;2;1;B01
201200040495;0;7;0;0;2;4;1;B01
201200040495;0;7;0;0;2;1;2;A01
201200040496;0;1;0;0;2;2;2;A01
201200040496;0;1;0;0;2;5;2;B01
201200040497;0;7;0;0;2;1;15;A01
201200040497;0;7;0;0;2;1;1;B01
201200040498;0;1;0;0;2;8;0;B01
201200040498;1;7;0;0;9;8;0;A01
201200040499;0;7;0;1;0;1;15;A01
201200040500;0;2;0;12;0;1;0;A01
201200040501;0;7;0;0;2;4;2;B01
201200040501;0;7;0;0;2;1;2;A01
201200040502;0;14;0;0;2;1;0;A01
201200040502;0;7;0;0;2;4;2;B01
201200040503;0;1;0;0;2;1;2;A01
201200040503;0;7;0;0;0;4;2;B01
201200040504;0;7;0;0;2;2;16;A01
201200040504;0;1;0;0;2;1;0;B01
201200040505;0;32;0;0;2;1;17;A01
201200040505;0;7;0;0;9;3;15;B01
201200040506;0;7;0;0;2;1;0;A01
201200040506;0;7;0;3;2;1;0;B01
201200040507;0;30;0;0;2;1;2;A01
201200040507;0;7;0;0;0;5;2;B01
201200040508;0;7;0;0;9;2;11;A01
201200040508;0;33;0;0;0;1;0;B01
201200040509;0;1;0;0;0;1;16;B01
201200040509;0;7;0;0;0;1;9;A01
201200040510;0;10;0;0;2;1;1;A01
201200040510;0;7;0;0;2;4;2;B01
201200040510;0;7;0;0;2;4;2;C01
201200040511;0;7;0;0;2;1;11;B01
201200040511;0;7;0;0;2;1;1;A01
201200040512;0;7;0;0;0;1;2;A01
201200040512;0;7;0;0;0;4;2;B01
201200040513;0;7;0;0;2;1;2;A01
201200040513;0;7;0;0;2;4;23;B01
201200040514;0;7;0;8;0;2;1;A01
201200040515;0;7;0;0;1;7;0;A01
201200040516;0;7;0;0;2;3;22;A01
201200040516;0;1;0;1;0;1;0;B01
201200040517;0;7;0;0;2;3;1;A01
201200040517;0;7;0;0;2;2;9;B01
201200040518;0;30;0;0;5;1;0;A01
201200040519;0;2;0;9;0;1;2;A01
201200040520;0;33;0;12;0;1;1;A01
201200040521;0;7;0;0;2;5;20;A01
201200040521;0;30;0;0;2;1;1;B01
201200040522;0;7;0;0;2;2;0;A01
201200040522;0;36;0;0;2;1;1;B01
201200040523;0;7;0;12;0;7;0;A01
201200040524;0;7;0;0;2;4;2;A01
201200040524;0;7;0;0;2;1;2;B01
201200040525;0;7;0;0;2;7;0;A01
201200040525;0;10;0;0;2;1;0;B01
201200040526;0;3;0;0;1;9;1;A01
201200040527;0;7;0;0;0;3;0;B01
201200040527;0;37;10;0;2;1;14;A01
201200040528;0;37;1;0;9;0;1;B01
201200040528;0;1;0;0;2;0;1;A01
201200040529;0;7;0;0;1;2;1;A01
201200040530;0;1;0;0;1;1;2;A01
201200040531;0;7;0;0;1;1;1;A01
201200040532;0;7;0;0;1;1;1;A01
201200040533;0;7;0;0;2;4;2;B01
201200040533;1;7;0;0;2;1;2;Z01
201200040534;0;7;0;2;0;1;0;A01
201200040535;0;7;0;0;2;1;1;A01
201200040535;0;7;0;0;2;4;1;B01
201200040536;1;33;0;0;0;0;0;Z01
201200040537;0;1;0;0;1;0;0;A01
201200040538;0;7;0;0;0;4;2;B01
201200040538;0;15;0;0;2;1;2;A01
201200040539;0;7;0;0;1;8;0;A01
201200040540;0;10;0;0;0;0;0;A01
201200040541;0;7;0;0;2;4;1;B01
201200040541;0;7;0;0;2;1;1;C01
201200040541;0;7;0;0;2;1;2;E01
201200040542;0;7;0;0;1;2;1;A01
201200040543;0;31;0;0;1;3;15;A01
201200040544;0;7;0;0;2;2;0;B01
201200040544;0;7;0;1;0;2;0;A01
201200040545;0;37;1;0;1;0;0;A01