num_acc;senc;catv;occutc;obs;obsm;choc;manv;num_veh
201200040546;0;33;0;0;0;8;0;A01
201200040547;0;7;0;0;2;4;4;A01
201200040547;0;30;0;0;2;1;1;B01
201200040548;0;7;0;13;0;1;1;A01
201200040549;0;1;0;0;0;8;19;A01
201200040550;0;1;0;0;1;1;5;A01
201200040551;0;7;0;0;2;1;9;A01
201200040551;0;1;0;0;2;1;0;B01
201200040552;0;7;0;0;2;4;0;B01
201200040552;0;7;0;0;2;1;2;A01
201200040553;0;1;0;0;0;0;0;A01
201200040554;0;7;0;0;1;3;1;A01
201200040555;0;7;0;0;1;1;1;A01
201200040556;0;32;0;0;0;0;1;A01
201200040557;0;37;1;0;2;1;2;A01
201200040557;0;37;20;0;2;4;2;B01
201200040558;0;7;0;0;2;1;1;B01
201200040558;0;10;0;0;2;1;15;A01
201200040559;0;7;0;0;1;2;4;A01
201200040560;0;37;1;6;0;1;0;A01
201200040561;0;7;0;0;1;3;15;A01
201200040562;0;7;0;0;1;4;1;A01
201200040563;0;7;0;14;0;1;0;A01
201200040564;0;13;0;0;1;2;0;A01
201200040565;0;7;0;0;2;1;2;A01
201200040565;0;7;0;0;0;4;1;B01
201200040566;0;7;0;0;9;0;0;A01
201200040566;0;1;0;0;0;0;0;Y01
201200040567;0;33;0;0;0;8;1;A01
201200040568;0;33;0;0;2;9;1;B01
201200040568;0;7;0;0;2;8;11;A01
201200040569;0;7;0;0;2;3;1;B01
201200040569;0;7;0;0;2;1;13;A01
201200040570;0;7;0;0;1;1;14;A01
201200040571;0;2;0;0;2;1;2;B01
201200040571;1;7;0;0;2;3;15;Z01
201200040572;0;15;0;0;1;1;1;A01
201200040573;1;7;0;0;1;1;1;Z01
201200040574;0;7;0;0;2;4;2;B01
201200040574;0;7;0;0;2;1;1;A01
201200040575;0;7;0;0;2;8;1;A01
201200040575;0;7;0;0;2;1;1;B01
201200040576;0;7;0;0;2;1;1;B01
201200040576;0;7;0;0;2;1;13;A01
201200040577;0;7;0;0;2;4;2;B01
201200040577;0;7;0;0;2;1;1;A01
201200040578;0;7;0;0;2;4;2;C01
201200040578;0;7;0;0;2;1;1;A01
201200040578;0;7;0;0;2;4;2;B01
201200040579;0;33;0;0;2;1;1;A01
201200040579;0;20;0;0;2;4;2;B01
201200040580;0;7;0;0;2;7;1;B01
201200040580;0;7;0;0;2;1;9;A01
201200040581;0;7;0;0;2;2;1;B01
201200040581;0;1;0;0;2;8;15;A01
201200040582;0;7;0;0;2;1;2;B01
201200040582;0;7;0;0;2;4;1;A01
201200040582;0;7;0;0;2;4;2;C01
201200040583;0;31;0;0;2;1;1;A01
201200040583;0;7;0;0;2;2;15;B01
201200040584;0;7;0;0;2;1;13;A01
201200040584;0;7;0;0;2;1;1;B01
201200040585;0;7;0;0;2;1;1;A01
201200040585;0;33;0;0;2;4;2;B01
201200040586;0;7;0;0;2;5;2;B01
201200040586;0;7;0;0;2;3;1;A01
201200040587;0;7;0;0;2;2;1;A01
201200040587;0;33;0;0;2;4;2;B01
201200040588;0;2;0;0;2;1;1;A01
201200040588;0;7;0;0;2;4;2;B01
201200040589;0;7;0;0;2;1;1;B01
201200040589;0;7;0;0;2;1;1;A01
201200040590;0;7;0;0;2;1;5;A01
201200040590;0;7;0;0;2;1;1;B01
201200040591;0;32;0;0;2;1;9;A01
201200040591;0;7;0;0;2;1;1;B01
201200040592;0;33;0;0;2;1;1;B01
201200040592;0;7;0;0;2;1;9;A01
201200040593;0;1;0;0;2;1;1;B01
201200040593;0;7;0;0;2;1;15;A01
201200040594;0;14;0;0;2;2;12;A01
201200040594;0;7;0;1;2;9;1;B01
201200040595;0;7;0;0;2;1;1;A01
201200040595;0;7;0;0;2;6;1;B01
201200040596;0;7;0;0;1;2;1;A01
201200040597;0;7;0;0;2;8;1;B01
201200040597;0;33;0;0;2;2;14;A01
201200040598;0;7;0;0;2;1;1;B01
201200040598;0;7;0;0;2;2;15;A01
201200040599;0;33;0;0;2;7;17;B01
201200040599;0;7;0;0;2;8;13;A01
201200040599;0;7;0;0;2;1;1;C01
201200040600;0;14;0;0;2;3;1;B01
201200040600;0;32;0;0;2;1;16;A01
201200040601;0;7;0;0;2;1;9;A01
201200040601;0;1;0;0;2;7;1;B01
201200040602;0;7;0;0;2;7;14;A01
201200040602;0;7;0;0;2;8;1;B01
201200040603;0;7;0;0;2;1;1;A01
201200040603;0;7;0;0;2;4;23;B01
201200040604;0;7;0;0;2;3;1;B01
201200040604;0;7;0;0;2;2;9;A01
201200040605;0;2;0;0;2;1;16;A01
201200040605;0;7;0;0;2;4;1;B01
201200040606;0;38;1;0;1;1;1;A01
201200040607;0;33;0;0;2;2;1;B01
201200040607;0;38;1;0;2;2;1;A01
201200040608;0;7;0;0;2;1;5;A01
201200040608;0;7;0;0;2;1;1;B01
201200040609;0;39;1;0;2;1;1;B01
201200040609;0;7;0;0;4;2;1;A01
201200040610;0;7;0;0;1;1;1;A01
201200040611;0;7;0;0;2;5;2;B01
201200040611;0;33;0;0;2;9;1;A01
201200040612;0;33;0;0;2;4;1;A01
201200040612;0;7;0;0;2;3;15;B01
201200040613;1;7;0;0;2;8;17;Z01
201200040613;0;7;0;0;2;2;1;B01
201200040614;0;7;0;4;2;9;2;B01
201200040614;0;7;0;0;2;1;1;A01
201200040615;0;33;0;0;1;1;1;A01
201200040616;0;7;0;0;2;1;1;B01
201200040616;0;7;0;0;2;4;19;A01
201200040617;0;7;0;0;2;1;1;A01
201200040617;0;7;0;0;2;4;2;B01
201200040618;0;37;1;0;2;1;1;A01
201200040618;0;7;0;3;2;9;2;B01
201200040619;0;7;0;0;2;4;2;B01
201200040619;0;33;0;0;2;1;1;A01
201200040620;0;7;0;0;2;4;2;B01
201200040620;0;33;0;0;2;1;1;A01
201200040621;0;7;0;0;2;4;2;B01
201200040621;0;7;0;0;2;1;1;A01
201200040622;0;7;0;0;2;8;10;A01
201200040622;0;31;0;0;2;1;17;B01
201200040623;0;7;0;0;2;1;1;A01
201200040623;0;7;0;0;2;4;2;B01
201200040624;0;7;0;0;2;1;1;A01
201200040624;0;7;0;0;2;4;2;B01
201200040625;0;15;0;0;2;2;1;A01
201200040625;0;7;0;0;2;1;1;B01
201200040626;0;7;0;0;2;1;1;A01
201200040626;0;7;0;0;2;8;1;B01
201200040627;0;7;0;0;2;1;1;A01
201200040627;0;33;0;0;2;4;2;B01
201200040628;0;7;0;0;2;1;13;A01
201200040628;0;7;0;5;2;9;1;B01
201200040629;0;7;0;0;1;1;1;A01
201200040630;0;15;0;0;2;6;24;B01
201200040630;0;7;0;1;0;7;1;A01
201200040631;0;7;0;0;2;4;2;C01
201200040631;0;7;0;0;2;9;1;D01
201200040631;0;10;0;0;2;1;1;A01
201200040631;0;7;0;0;2;4;2;B01
201200040632;0;7;0;0;2;4;2;B01
201200040632;0;7;0;0;2;1;1;A01
201200040633;0;15;0;0;2;2;1;A01
201200040633;0;7;0;0;2;6;2;B01
201200040634;0;7;0;0;2;9;1;B01
201200040634;0;7;0;0;2;1;1;A01
201200040635;0;7;0;0;1;7;1;A01
201200040636;0;30;0;0;1;1;1;A01
201200040637;0;7;0;0;2;9;2;B01
201200040637;0;7;0;0;2;4;2;C01
201200040637;0;7;0;0;2;1;1;A01
201200040638;0;7;0;0;2;1;2;C01
201200040638;0;33;0;0;2;4;2;B01
201200040638;0;7;0;0;2;9;1;A01
201200040639;0;1;0;0;2;7;1;A01
201200040639;0;7;0;0;2;8;1;B01
201200040640;0;7;0;0;1;4;4;A01
201200040641;0;33;0;0;2;9;1;B01
201200040641;1;7;0;0;2;1;5;Z01
201200040642;0;7;0;0;2;1;2;B01
201200040642;0;1;0;0;2;7;19;A01
201200040643;0;7;0;0;2;4;2;B01
201200040643;0;7;0;0;2;1;1;A01
201200040644;0;1;0;0;2;1;1;A01
201200040644;0;7;0;0;2;5;2;B01
201200040645;0;7;0;0;2;1;1;B01
201200040645;0;7;0;0;2;1;15;A01
201200040646;0;7;0;0;2;5;2;B01
201200040646;0;33;0;0;2;1;1;A01
201200040647;0;33;0;0;2;1;1;A01
201200040647;0;7;0;0;2;4;9;B01
201200040648;0;7;0;1;0;1;1;A01
201200040649;0;7;0;0;2;2;10;A01
201200040649;0;7;0;0;2;1;1;B01
201200040650;0;33;0;0;2;1;1;A01
201200040650;0;7;0;0;2;4;2;B01
201200040651;0;7;0;0;2;4;2;B01
201200040651;0;7;0;0;2;1;1;A01
201200040652;0;1;0;0;2;8;1;B01
201200040652;0;7;0;0;2;1;1;A01
201200040653;0;7;0;0;2;1;15;A01
201200040653;0;7;0;0;2;1;1;B01
201200040654;0;7;0;0;2;4;1;E01
201200040654;0;7;0;0;2;6;1;B01
201200040654;0;7;0;0;2;4;1;D01
201200040654;0;7;0;0;2;4;1;C01
201200040654;0;7;0;0;2;1;1;A01
201200040655;0;10;0;0;2;1;2;B01
201200040655;0;7;0;0;2;4;1;A01
201200040656;0;7;0;0;1;1;15;A01
201200040657;0;7;0;0;2;1;1;A01
201200040657;0;7;0;0;2;4;1;B01
201200040658;0;7;0;0;2;7;12;A01
201200040658;0;33;0;0;2;9;3;B01
201200040659;0;34;0;0;2;7;1;B01
201200040659;0;7;0;0;2;1;9;A01
201200040660;0;33;0;0;2;1;1;B01
201200040660;0;10;0;0;2;1;17;A01
201200040661;0;1;0;0;2;9;3;A01
201200040661;0;1;0;0;2;9;1;B01
201200040662;0;10;0;1;2;3;1;A01
201200040662;0;7;0;0;2;4;2;B01
201200040663;0;7;0;0;2;1;1;A01
201200040663;0;7;0;0;2;2;1;B01
201200040664;0;7;0;0;2;2;1;B01
201200040664;0;7;0;0;2;1;13;A01
201200040665;1;7;0;0;2;1;1;Z01
201200040665;0;7;0;0;2;4;2;B01
201200040665;0;7;0;0;2;2;1;C01
201200040665;0;33;0;0;2;3;9;D01
201200040666;0;7;0;0;2;1;1;A01
201200040666;0;7;0;0;2;7;1;B01
201200040667;0;30;0;0;2;1;1;A01
201200040667;0;7;0;0;2;7;1;B01
201200040668;0;7;0;0;2;4;2;B01
201200040668;0;33;0;0;2;1;3;A01
201200040669;0;7;0;0;2;4;23;B01
201200040669;0;7;0;0;2;4;23;C01
201200040669;0;7;0;0;2;1;1;A01
201200040669;0;7;0;0;2;4;23;E01
201200040669;0;7;0;0;2;4;23;D01
201200040670;0;7;0;0;2;4;2;C01
201200040670;0;7;0;0;2;9;1;B01
201200040670;1;15;0;0;2;1;2;Z01
201200040671;0;7;0;0;2;3;13;A01
201200040671;0;7;0;0;2;3;1;B01
201200040672;0;7;0;0;2;1;1;A01
201200040672;0;7;0;0;2;3;1;B01
201200040673;0;7;0;0;2;1;1;B01
201200040673;0;7;0;0;2;1;14;A01
201200040674;0;7;0;0;2;8;13;A01
201200040674;0;7;0;0;2;7;1;B01
201200040675;0;33;0;0;2;5;1;A01
201200040675;0;7;0;0;2;3;15;B01
201200040676;0;7;0;0;2;3;13;B01
201200040676;0;7;0;0;2;2;1;A01
201200040677;0;7;0;0;2;7;2;C01
201200040677;0;7;0;0;2;2;1;A01
201200040677;0;7;0;0;2;6;9;B01
201200040678;0;7;0;0;1;3;1;A01
201200040679;0;7;0;0;1;3;1;A01
201200040680;0;7;0;0;2;4;2;B01
201200040680;0;33;0;0;2;1;1;A01
201200040681;0;7;0;0;1;1;15;A01
201200040682;0;33;0;0;2;1;1;A01
201200040682;0;7;0;0;2;4;2;B01
201200040683;0;7;0;0;2;5;23;A01
201200040683;0;7;0;0;2;7;2;B01
201200040683;0;32;0;0;2;1;2;C01
201200040684;0;33;0;0;2;1;1;B01
201200040684;0;7;0;0;2;7;19;A01
201200040685;0;13;0;0;2;2;5;A01
201200040685;0;2;0;0;2;1;1;B01
201200040686;0;7;0;0;2;2;11;A01
201200040686;0;2;0;0;2;1;1;B01
201200040687;0;7;0;0;2;4;2;B01
201200040687;0;7;0;0;0;0;13;A01
201200040687;0;7;0;0;2;9;2;C01
201200040687;0;7;0;0;2;1;2;D01
201200040688;0;7;0;1;0;4;4;A01
201200040689;0;7;0;0;0;0;0;A01
201200040690;0;7;0;0;2;2;11;A01
201200040690;0;1;0;0;2;4;1;B01
201200040691;0;7;0;8;0;1;1;A01
201200040692;0;7;0;0;1;1;1;A01
201200040693;0;7;0;0;2;3;1;B01
201200040693;0;7;0;0;2;2;9;A01
201200040694;0;7;0;0;1;4;4;A01
201200040695;0;37;1;0;2;1;1;A01
201200040695;0;7;0;0;2;4;2;B01
201200040696;0;7;0;0;2;1;1;A01
201200040696;0;7;0;0;2;4;23;B01
201200040697;0;7;0;0;1;1;1;A01
201200040698;0;7;0;0;2;1;1;A01
201200040698;0;7;0;0;2;4;23;B01
201200040699;0;33;0;0;2;1;17;A01
201200040699;0;7;0;0;2;8;15;B01
201200040700;0;31;0;0;2;1;1;A01
201200040700;0;7;0;0;2;3;15;B01
201200040701;0;7;0;0;2;1;1;A01
201200040701;0;7;0;0;2;4;2;B01
201200040702;0;7;0;0;2;1;15;A01
201200040702;0;33;0;0;2;1;1;B01
201200040703;0;3;0;0;1;1;15;A01
201200040704;0;7;0;0;2;7;15;A01
201200040704;0;10;0;0;2;1;1;B01
201200040704;0;7;0;0;2;5;23;C01
201200040705;0;37;2;0;2;4;23;B01
201200040705;0;37;1;0;2;1;1;A01
201200040706;0;7;0;8;0;1;1;A01
201200040707;0;1;0;0;2;1;1;A01
201200040707;0;7;0;0;0;7;16;B01
201200040708;0;7;0;14;0;0;1;A01
201200040709;0;7;0;0;2;4;2;B01
201200040709;0;7;0;0;2;1;1;A01
201200040710;0;33;0;0;2;1;17;B01
201200040710;0;7;0;0;2;3;13;A01
201200040711;0;7;0;0;2;1;1;A01
201200040711;0;7;0;0;2;4;23;B01
201200040712;0;7;0;13;2;4;1;B01
201200040712;0;7;0;3;2;3;13;A01
201200040713;1;7;0;0;2;1;1;Z01
201200040713;0;7;0;0;2;5;15;B01
201200040714;0;33;0;0;0;0;1;A01
201200040715;0;7;0;0;2;4;2;B01
201200040715;0;7;0;0;2;3;1;A01
201200040716;0;33;0;14;0;0;21;B01
201200040716;0;7;0;0;0;0;21;A01
201200040717;0;7;0;0;2;2;16;B01
201200040717;0;1;0;0;2;1;1;A01
201200040718;0;7;0;0;2;6;1;B01
201200040718;0;7;0;0;2;3;13;A01
201200040719;0;7;0;0;2;1;1;A01
201200040719;0;1;0;0;2;7;1;B01
201200040720;0;7;0;0;2;5;15;A01
201200040720;0;31;0;0;2;1;2;B01
201200040721;0;7;0;0;2;1;1;A01
201200040721;0;7;0;0;2;5;2;B01
201200040722;0;33;0;0;0;0;14;A01
201200040723;0;7;0;0;2;1;1;C01
201200040723;0;7;0;0;2;8;1;B01
201200040723;0;7;0;0;2;1;13;A01
201200040724;0;7;0;0;2;4;2;B01
201200040724;0;10;0;0;2;1;1;A01
201200040725;0;7;0;0;2;1;2;B01
201200040725;0;7;0;0;2;4;1;A01
201200040726;0;30;0;1;0;2;1;A01
201200040727;0;7;0;0;2;3;1;A01
201200040727;0;33;0;0;2;4;23;B01
201200040728;0;99;0;0;2;3;1;A01
201200040728;0;7;0;0;2;3;1;B01
201200040729;0;7;0;0;2;1;1;A01
201200040729;0;7;0;0;2;4;23;B01
201200040730;0;7;0;0;2;3;13;A01
201200040730;0;7;0;0;2;3;2;B01
201200040731;0;7;0;0;1;3;1;A01
201200040732;0;1;0;0;2;4;19;B01
201200040732;0;7;0;0;2;1;1;A01
201200040733;0;7;0;0;2;1;1;A01
201200040733;0;7;0;0;2;4;2;B01
201200040734;0;7;0;0;2;4;23;B01
201200040734;0;31;0;0;2;1;1;A01
201200040735;0;7;0;0;1;2;1;A01
201200040736;0;7;0;0;1;1;1;A01
201200040737;0;7;0;0;1;4;20;A01
201200040738;0;7;0;0;1;4;20;A01
201200040739;0;30;0;0;2;1;1;A01
201200040739;0;1;0;0;2;2;1;B01
201200040740;0;7;0;0;1;4;4;A01
201200040741;0;7;0;0;2;4;2;B01
201200040741;0;7;0;0;2;1;1;A01
201200040742;0;33;0;0;2;1;2;B01
201200040742;0;7;0;0;2;6;10;A01
201200040743;0;7;0;0;2;4;1;A01
201200040743;0;7;0;0;2;1;1;B01
201200040744;0;1;0;0;2;7;1;B01
201200040744;0;7;0;0;2;1;1;A01
201200040745;0;7;0;0;2;1;1;B01
201200040745;0;7;0;0;2;3;4;A01
201200040746;0;7;0;0;1;1;1;A01
201200040747;0;7;0;0;2;4;2;B01
201200040747;0;33;0;0;2;1;1;A01
201200040748;0;7;0;0;1;4;4;A01
201200040749;0;7;0;0;2;3;9;A01
201200040749;0;7;0;0;2;6;1;B01
201200040750;0;7;0;0;1;1;14;A01
201200040751;0;7;0;0;2;2;15;A01
201200040751;0;7;0;0;2;1;2;B01
201200040752;0;7;0;0;2;1;2;C01
201200040752;0;7;0;0;1;4;1;A01
201200040752;0;7;0;0;2;1;2;B01
201200040753;0;7;0;0;1;4;4;A01
201200040754;0;7;0;0;1;2;1;A01
201200040755;0;7;0;0;2;4;2;B01
201200040755;0;14;0;0;2;1;1;A01
201200040756;0;7;0;0;1;1;1;A01
201200040757;0;7;0;0;2;1;1;A01
201200040757;0;7;0;0;2;4;2;B01
201200040758;0;7;0;0;1;2;1;A01
201200040759;0;7;0;0;2;6;2;B01
201200040759;0;31;0;0;2;2;1;A01
201200040760;0;7;0;0;1;1;1;A01
201200040761;0;7;0;0;2;6;19;A01
201200040761;0;7;0;1;2;1;1;B01
201200040762;0;10;0;0;1;1;1;A01
201200040763;0;13;0;0;2;4;2;B01
201200040763;0;7;0;0;2;1;1;A01
201200040764;0;7;0;0;2;3;15;B01
201200040764;0;7;0;0;2;1;1;A01
201200040765;0;7;0;0;1;3;15;A01
201200040766;0;7;0;0;1;5;4;A01
201200040767;0;7;0;1;1;2;1;A01
201200040768;1;7;0;0;0;2;15;A01
201200040768;0;31;0;0;2;9;13;B01
201200040769;0;7;0;0;1;1;1;A01
201200040770;0;7;0;0;1;1;1;A01
201200040771;0;7;0;0;2;3;1;A01
201200040771;0;2;0;0;2;1;2;B01
201200040772;0;7;0;0;2;4;1;A01
201200040772;0;10;0;0;2;1;2;B01
201200040773;0;30;0;0;2;3;3;A01
201200040773;0;7;0;0;2;2;1;B01
201200040774;0;38;1;0;1;1;1;A01
201200040775;0;7;0;0;1;1;15;A01
201200040776;0;33;0;0;2;1;1;B01
201200040776;0;7;0;0;2;2;15;A01
201200040777;0;7;0;0;2;3;9;A01
201200040777;0;30;0;0;2;1;1;B01
201200040778;0;7;0;0;1;3;1;A01
201200040779;0;7;0;0;1;7;1;A01
201200040780;0;7;0;8;9;1;1;A01
201200040781;0;37;1;0;2;6;23;B01
201200040781;0;7;0;1;1;1;1;A01
201200040782;0;7;0;0;2;9;19;A01
201200040782;0;7;0;0;2;6;1;C01
201200040782;0;7;0;0;2;3;1;B01
201200040783;0;7;0;0;1;1;17;A01
201200040784;0;7;0;0;2;1;1;A01
201200040784;0;1;0;0;2;7;19;B01
201200040785;0;33;0;0;2;9;17;B01
201200040785;0;7;0;0;2;8;15;A01
201200040786;0;30;0;0;2;1;1;A01
201200040786;0;7;0;0;2;4;2;B01
201200040787;0;1;0;0;2;7;16;B01
201200040787;0;7;0;0;2;1;1;A01
201200040788;0;1;0;0;2;8;19;B01
201200040788;0;7;0;0;2;1;1;A01
201200040789;0;7;0;0;1;2;9;A01
201200040790;0;7;0;0;1;5;1;A01
201200040791;0;7;0;0;2;4;2;B01
201200040791;0;7;0;0;2;1;1;A01
201200040792;0;7;0;0;2;3;15;A01
201200040792;0;33;0;0;2;1;17;B01
201200040793;0;7;0;8;0;1;14;A01
201200040794;0;7;0;0;2;4;2;B01
201200040794;0;7;0;14;2;1;1;A01
201200040794;0;7;0;0;2;4;2;C01
201200040795;0;10;0;0;2;2;1;B01
201200040795;0;7;0;0;2;1;1;A01
201200040796;0;7;0;14;2;1;1;A01
201200040796;0;20;0;0;2;4;2;B01
201200040797;0;31;0;8;0;1;1;A01
201200040798;0;7;0;0;2;2;1;B01
201200040798;0;7;0;0;2;1;1;A01
201200040799;0;7;0;0;2;1;1;A01
201200040799;0;30;0;0;2;3;1;B01
201200040800;0;7;0;0;2;3;23;B01
201200040800;0;7;0;0;2;2;1;A01
201200040801;0;7;0;0;1;2;1;A01
201200040802;0;7;0;0;2;4;2;B01
201200040802;0;7;0;0;2;1;1;A01
201200040803;0;2;0;0;2;8;1;B01
201200040803;0;7;0;0;2;1;9;A01
201200040804;0;7;0;0;1;1;14;A01
201200040805;0;7;0;2;0;1;14;A01
201200040806;0;33;0;0;2;4;2;B01
201200040806;0;7;0;0;2;1;1;A01
201200040807;0;1;0;0;2;1;16;B01
201200040807;0;7;0;0;2;3;1;A01
201200040808;0;31;0;0;2;2;1;B01
201200040808;0;7;0;0;2;3;9;A01
201200040809;0;7;0;0;1;1;1;A01
201200040810;0;7;0;0;2;2;1;B01
201200040810;0;33;0;0;2;1;1;A01
201200040811;0;7;0;0;1;1;1;A01
201200040812;0;7;0;0;1;1;1;A01
201200040813;0;7;0;0;1;5;4;A01
201200040814;0;7;0;0;2;0;0;A01
201200040814;0;31;0;0;2;7;1;B01
201200040815;0;7;0;0;1;1;1;A01
201200040816;0;32;0;0;2;8;1;B01
201200040816;1;10;0;0;2;2;10;A01
201200040817;0;30;0;0;2;1;1;A01
201200040817;0;10;0;0;2;7;1;B01
201200040818;0;7;0;0;2;1;2;B01
201200040818;0;7;0;0;2;4;1;A01
201200040819;0;10;0;8;0;1;16;A01
201200040820;0;7;0;0;1;1;1;A01
201200040821;0;33;0;0;2;7;1;A01
201200040821;0;7;0;0;2;8;15;B01
201200040822;0;10;0;14;0;9;1;A01
201200040823;0;7;0;0;2;1;1;B01
201200040823;0;7;0;0;2;8;1;A01
201200040824;0;7;0;0;2;8;1;A01
201200040824;0;7;0;0;2;1;1;B01
201200040825;0;30;0;0;1;9;1;A01
201200040826;0;7;0;6;0;1;1;A01
201200040827;0;7;0;0;1;2;1;A01
201200040828;0;38;1;0;2;3;1;B01
201200040828;0;31;0;0;2;7;17;A01
201200040829;0;30;0;0;2;1;1;B01
201200040829;1;7;0;0;2;3;16;Z01
201200040830;0;30;0;0;1;1;3;A01
201200040831;0;7;0;0;2;2;9;A01
201200040831;0;7;0;0;2;7;1;B01
201200040832;0;10;0;0;2;8;15;A01
201200040832;0;30;0;0;2;1;17;B01
201200040833;0;7;0;0;2;8;1;B01
201200040833;0;7;0;0;2;1;19;A01
201200040834;0;7;0;0;2;1;19;B01
201200040834;0;7;0;0;2;1;19;C01
201200040834;0;7;0;0;2;9;19;A01
201200040835;0;7;0;0;2;8;15;A01
201200040835;0;33;0;0;2;1;1;B01
201200040836;0;2;0;0;2;1;2;B01
201200040836;0;7;0;0;2;8;22;A01
201200040837;0;7;0;0;2;1;23;A01
201200040837;0;7;0;0;2;7;1;B01
201200040838;0;7;0;0;2;1;1;A01
201200040838;0;7;0;0;2;2;1;B01
201200040839;0;7;0;1;0;9;1;A01
201200040840;0;7;0;0;2;7;1;A01
201200040840;0;7;0;0;2;1;1;B01
201200040841;0;7;0;0;2;1;1;A01
201200040841;0;7;0;0;2;4;2;B01
201200040842;0;7;0;0;2;1;1;B01
201200040842;0;7;0;0;2;8;9;A01
201200040843;0;7;0;0;1;2;1;A01
201200040844;0;7;0;0;2;3;1;B01
201200040844;0;7;0;0;2;2;1;A01
201200040845;0;1;0;0;2;1;1;B01
201200040845;0;7;0;0;2;8;1;A01
201200040846;2;7;0;0;1;0;4;A01
201200040847;0;7;0;0;1;1;15;A01
201200040848;1;7;0;0;2;1;1;Z01
201200040848;1;7;0;0;2;4;2;B01
201200040849;0;7;0;0;1;1;15;A01
201200040850;0;7;0;0;2;7;1;A01
201200040850;1;7;0;0;2;1;1;Z01
201200040851;0;7;0;0;2;4;1;B01
201200040851;0;7;0;0;2;1;1;A01
201200040852;0;1;0;0;2;7;19;B01
201200040852;0;7;0;0;2;1;1;A01
201200040853;0;7;0;0;1;1;1;A01
201200040854;0;7;0;1;0;1;14;A01
201200040855;0;7;0;0;2;1;1;A01
201200040855;0;30;0;0;2;7;1;B01
201200040856;0;7;0;0;1;2;1;A01
201200040857;0;33;0;0;2;1;1;B01
201200040857;0;7;0;9;2;2;15;A01
201200040858;0;7;0;0;2;2;1;A01
201200040858;0;7;0;8;2;1;1;B01
201200040859;0;7;0;0;2;8;15;B01
201200040859;0;7;0;0;2;3;1;A01
201200040860;0;7;0;12;0;2;14;A01
201200040861;0;7;0;1;0;3;1;A01
201200040862;0;7;0;0;2;4;2;B01
201200040862;0;7;0;0;2;1;1;A01
201200040862;0;7;0;0;2;4;2;C01
201200040863;0;7;0;8;0;1;13;A01
201200040864;0;10;0;0;2;7;1;B01
201200040864;0;1;0;0;2;1;1;A01
201200040865;0;7;0;0;2;7;1;A01
201200040865;0;7;0;0;2;1;1;B01
201200040866;0;31;0;0;2;1;1;B01
201200040866;0;7;0;0;2;3;1;A01
201200040867;0;7;0;0;2;2;1;A01
201200040867;0;1;0;0;2;2;1;B01
201200040868;0;7;0;0;2;7;1;A01
201200040868;0;7;0;0;2;0;2;C01
201200040868;0;7;0;0;2;6;1;B01
201200040868;0;7;0;0;2;4;2;D01
201200040869;0;33;0;0;2;1;1;A01
201200040869;0;7;0;0;2;4;2;B01
201200040870;0;7;0;0;1;1;1;A01
201200040871;0;7;0;0;1;3;1;A01
201200040872;1;99;0;0;2;1;1;A01
201200040872;0;1;0;0;2;8;1;B01
201200040873;0;7;0;0;0;3;13;A01
201200040873;0;33;0;0;2;8;21;B01
201200040874;0;7;0;0;2;2;1;B01
201200040874;0;7;0;0;2;3;1;A01
201200040875;0;7;0;0;2;1;1;A01
201200040875;0;7;0;0;2;4;2;B01
201200040876;0;32;0;0;2;2;17;B01
201200040876;0;7;0;0;2;8;15;A01
201200040877;0;7;0;0;2;3;10;A01
201200040877;0;30;0;0;2;3;1;B01
201200040878;0;1;0;0;2;7;1;B01
201200040878;1;7;0;0;2;1;15;A01
201200040879;0;7;0;1;0;3;13;A01
201200040880;0;10;0;0;2;7;1;A01
201200040880;0;32;0;0;2;8;1;B01
201200040881;0;7;0;0;1;1;1;A01
201200040882;1;7;0;0;2;1;1;Z01
201200040882;0;7;0;0;2;4;23;A01
201200040883;0;1;0;0;2;8;1;B01
201200040883;0;7;0;0;2;4;1;A01
201200040884;0;7;0;1;0;4;4;A01
201200040885;0;33;0;0;2;1;2;B01
201200040885;0;7;0;0;2;4;23;A01
201200040886;0;7;0;0;1;7;1;A01
201200040887;0;7;0;0;2;4;2;C01
201200040887;0;33;0;0;2;1;1;A01
201200040887;0;7;0;0;2;4;2;B01
201200040888;2;7;0;12;0;2;1;A01
201200040889;0;7;0;0;1;4;4;A01
201200040890;0;10;0;0;2;6;1;C01
201200040890;0;7;0;0;2;2;12;A01
201200040890;0;33;0;0;2;6;1;B01
201200040891;0;33;0;12;0;2;14;A01
201200040892;1;7;0;0;2;1;1;Z01
201200040892;0;7;0;0;2;8;1;B01
201200040893;0;30;0;0;2;1;17;A01
201200040893;0;7;0;0;2;8;15;B01
201200040894;0;7;0;8;0;1;0;A01
201200040895;0;7;0;0;2;8;1;B01
201200040895;0;7;0;0;2;1;1;A01
201200040896;0;33;0;1;0;1;1;A01
201200040897;0;7;0;0;2;1;10;B01
201200040897;0;7;0;0;2;2;15;A01
201200040898;0;30;0;1;0;2;1;A01
201200040899;0;7;0;0;1;2;16;A01
201200040900;0;7;0;0;2;1;1;A01
201200040900;0;7;0;0;2;8;1;B01
201200040901;0;7;0;0;2;6;2;B01
201200040901;0;7;0;0;2;2;2;A01
201200040902;0;7;0;0;2;1;1;B01
201200040902;0;7;0;0;2;4;2;A01
201200040903;1;7;0;0;1;1;1;Z01
201200040904;0;7;0;6;0;1;14;A01
201200040905;0;10;0;0;2;4;23;C01
201200040905;0;7;0;0;2;1;1;A01