num_acc;senc;catv;occutc;obs;obsm;choc;manv;num_veh
201200041295;0;7;0;0;2;1;13;A01
201200041295;0;33;0;0;2;1;1;B01
201200041296;0;33;0;8;0;2;1;A01
201200041297;0;7;0;12;0;1;1;A01
201200041298;0;7;0;0;1;4;4;A01
201200041299;0;1;0;0;1;1;1;A01
201200041300;0;30;0;0;2;1;1;B01
201200041300;0;7;0;0;2;3;1;A01
201200041301;0;7;0;0;0;7;1;A01
201200041302;0;7;0;0;2;1;1;B01
201200041302;0;1;0;0;2;1;1;A01
201200041303;0;1;0;0;1;1;1;A01
201200041304;0;2;0;0;0;1;1;A01
201200041305;0;1;0;0;2;8;2;B01
201200041305;1;7;0;1;2;1;1;A01
201200041306;0;30;0;0;9;1;1;A01
201200041307;0;7;0;0;2;1;1;A01
201200041307;0;7;0;0;2;4;2;B01
201200041308;0;7;0;0;2;8;15;B01
201200041308;0;30;0;0;2;3;17;A01
201200041309;0;7;0;0;2;3;9;A01
201200041309;0;7;0;0;2;7;1;B01
201200041310;0;31;0;0;0;8;1;A01
201200041311;0;34;0;0;2;1;1;B01
201200041311;0;7;0;0;2;7;9;A01
201200041312;0;7;0;8;0;8;9;A01
201200041313;0;30;0;0;2;4;2;B01
201200041313;0;30;0;0;2;1;1;A01
201200041314;0;15;0;0;2;6;24;B01
201200041314;0;37;20;1;0;2;1;A01
201200041315;0;33;0;0;0;1;1;B01
201200041316;0;7;0;13;0;2;1;A01
201200041317;0;30;0;0;2;7;1;A01
201200041317;0;7;0;0;2;2;1;B01
201200041318;0;7;0;16;0;1;10;A01
201200041319;0;7;0;0;2;8;1;B01
201200041319;0;7;0;0;2;1;15;A01
201200041320;0;7;0;0;1;1;1;A01
201200041321;0;7;0;0;0;0;1;A01
201200041322;0;7;0;4;0;3;1;A01
201200041323;0;7;0;0;2;4;9;B01
201200041323;0;7;0;0;2;1;1;A01
201200041324;0;7;0;0;2;3;1;A01
201200041324;0;7;0;0;2;3;1;B01
201200041325;0;7;0;8;0;1;15;A01
201200041326;0;7;0;1;0;3;1;A01
201200041327;0;7;0;15;1;2;5;A01
201200041328;0;1;0;14;0;1;1;A01
201200041329;0;30;0;0;5;1;1;A01
201200041330;0;30;0;1;0;8;13;A01
201200041331;0;30;0;16;0;0;0;A01
201200041332;0;7;0;0;1;3;1;A01
201200041333;0;31;0;16;0;1;1;A01
201200041334;0;7;0;0;2;1;15;A01
201200041334;0;7;0;0;2;1;1;B01
201200041335;0;37;1;0;1;1;1;A01
201200041336;0;7;0;16;2;7;1;B01
201200041336;0;7;0;0;2;8;1;A01
201200041337;0;7;0;0;2;4;1;A01
201200041337;0;10;0;0;2;1;2;B01
201200041338;0;7;0;0;2;3;15;B01
201200041338;0;34;0;15;2;2;17;A01
201200041339;0;7;0;0;2;1;2;A01
201200041339;0;7;0;0;2;5;1;B01
201200041340;0;30;0;0;2;1;1;B01
201200041340;0;13;0;0;2;2;19;A01
201200041341;0;7;0;0;1;1;1;A01
201200041342;0;33;0;16;0;8;14;A01
201200041343;0;7;0;0;2;1;9;A01
201200041343;0;2;0;0;2;1;19;B01
201200041344;0;7;0;0;2;3;15;A01
201200041344;0;33;0;0;2;1;15;B01
201200041345;0;7;0;0;2;5;2;B01
201200041345;0;7;0;0;2;3;1;A01
201200041346;0;30;0;0;1;7;1;A01
201200041347;0;7;0;0;2;3;19;B01
201200041347;0;7;0;0;2;2;1;A01
201200041348;0;7;0;1;0;6;4;A01
201200041349;0;7;0;0;0;3;19;A01
201200041349;0;7;0;0;2;2;1;B01
201200041350;0;33;0;0;2;1;1;A01
201200041350;0;7;0;0;2;5;15;B01
201200041351;0;7;0;0;1;1;1;A01
201200041352;0;30;0;0;1;1;1;A01
201200041353;0;7;0;0;1;3;1;A01
201200041354;0;33;0;0;2;7;1;B01
201200041354;0;7;0;0;2;8;13;A01
201200041355;0;33;0;0;2;1;1;B01
201200041355;0;30;0;0;2;7;1;A01
201200041356;0;30;0;0;2;2;13;B01
201200041356;0;7;0;0;2;3;15;A01
201200041357;0;7;0;0;2;2;21;B01
201200041357;0;3;0;0;2;1;9;A01
201200041358;0;7;0;0;1;2;15;A01
201200041359;0;7;0;0;1;1;15;A01
201200041360;0;7;0;0;1;1;1;A01
201200041361;0;7;0;0;2;1;15;A01
201200041361;0;7;0;0;2;3;1;B01
201200041362;0;7;0;0;1;2;1;A01
201200041363;0;7;0;0;1;4;4;A01
201200041364;0;7;0;0;1;1;1;A01
201200041365;0;7;0;0;2;3;1;B01
201200041365;0;7;0;0;2;2;15;A01
201200041366;0;7;0;0;1;4;4;A01
201200041367;0;7;0;0;2;1;2;B01
201200041367;0;7;0;0;2;4;1;A01
201200041368;0;36;0;0;2;2;15;A01
201200041368;0;7;0;0;2;3;1;B01
201200041369;0;7;0;0;2;3;1;B01
201200041369;0;7;0;0;2;3;1;A01
201200041370;0;7;0;0;1;2;1;A01
201200041371;0;7;0;0;2;3;13;A01
201200041371;0;33;0;0;2;8;1;B01
201200041372;0;33;0;0;2;2;1;B01
201200041372;0;7;0;0;2;3;2;A01
201200041373;0;7;0;0;1;1;1;A01
201200041374;0;20;0;0;1;3;16;A01
201200041375;0;2;0;0;2;2;1;B01
201200041375;0;7;0;0;2;8;9;A01
201200041376;0;7;0;0;1;2;1;A01
201200041377;0;7;0;0;2;2;1;B01
201200041377;0;30;0;0;2;1;5;A01
201200041378;0;7;0;0;2;1;1;A01
201200041378;0;7;0;0;2;6;1;B01
201200041379;0;33;0;0;2;1;1;B01
201200041379;0;7;0;0;2;1;15;A01
201200041380;0;7;0;1;2;1;13;A01
201200041380;0;2;0;0;2;1;1;B01
201200041381;0;33;0;0;2;1;1;A01
201200041381;0;7;0;0;2;6;1;B01
201200041382;0;33;0;2;0;1;6;A01
201200041383;0;7;0;0;2;7;15;A01
201200041383;0;2;0;0;2;1;1;B01
201200041384;0;7;0;0;1;2;1;A01
201200041385;0;1;0;0;2;1;2;B01
201200041385;0;7;0;0;2;4;24;A01
201200041386;0;31;0;9;0;1;1;A01
201200041387;0;7;0;0;2;1;1;A01
201200041387;0;7;0;0;2;3;1;B01
201200041388;0;7;0;0;1;8;20;A01
201200041389;0;7;0;0;2;2;15;A01
201200041389;0;7;0;9;2;3;1;B01
201200041390;0;2;0;0;2;2;17;A01
201200041390;0;7;0;0;2;8;20;B01
201200041391;0;7;0;0;1;1;1;A01
201200041392;0;30;0;0;2;1;15;A01
201200041392;0;7;0;0;2;3;1;B01
201200041393;1;7;0;0;1;1;0;Z01
201200041394;0;7;0;0;1;1;1;A01
201200041395;0;7;0;0;2;7;1;B01
201200041395;0;7;0;0;2;1;1;C01
201200041395;0;7;0;0;2;1;13;A01
201200041396;1;7;0;0;2;1;1;A01
201200041396;0;1;0;0;2;4;2;B01
201200041397;0;7;0;0;2;2;1;B01
201200041397;0;7;0;0;2;3;1;A01
201200041398;0;7;0;0;2;7;9;A01
201200041398;1;7;0;0;2;1;1;B01
201200041399;0;7;0;0;2;1;1;B01
201200041399;2;7;0;0;2;1;1;A01
201200041400;0;7;0;0;2;1;2;D01
201200041400;0;7;0;0;2;4;2;C01
201200041400;0;7;0;0;2;9;1;A01
201200041400;0;7;0;0;2;9;2;B01
201200041401;0;7;0;0;1;1;1;A01
201200041402;0;7;0;0;1;2;1;A01
201200041403;0;7;0;0;1;1;1;A01
201200041404;0;7;0;0;1;1;16;A01
201200041405;0;7;0;0;2;7;15;B01
201200041405;0;33;0;0;2;1;1;A01
201200041406;0;7;0;0;1;1;15;A01
201200041407;0;7;0;0;2;5;4;B01
201200041407;0;33;0;1;2;5;1;A01
201200041408;0;7;0;0;2;3;16;A01
201200041408;0;7;0;0;2;3;1;B01
201200041409;0;7;0;0;2;1;1;A01
201200041409;0;7;0;0;2;4;2;B01
201200041410;0;7;0;0;2;7;15;A01
201200041410;0;31;0;0;2;7;17;B01
201200041411;0;7;0;0;2;4;2;B01
201200041411;0;7;0;0;2;1;1;A01
201200041412;0;1;0;0;2;8;1;B01
201200041412;0;7;0;0;2;7;17;A01
201200041413;0;7;0;0;2;1;1;B01
201200041413;0;7;0;0;2;5;15;A01
201200041414;0;7;0;15;0;1;1;A01
201200041415;0;7;0;15;0;2;16;A01
201200041416;0;7;0;0;2;3;1;B01
201200041416;0;7;0;0;2;3;13;A01
201200041417;0;7;0;0;2;1;1;B01
201200041417;0;7;0;15;2;8;1;A01
201200041418;0;33;0;0;2;7;17;B01
201200041418;0;7;0;0;2;8;15;A01
201200041419;0;33;0;16;0;1;1;A01
201200041420;0;7;0;0;2;1;1;A01
201200041420;0;7;0;0;2;1;9;B01
201200041421;0;7;0;0;1;2;17;A01
201200041422;0;7;0;0;2;1;1;A01
201200041422;0;7;0;0;2;4;2;B01
201200041423;0;7;0;1;0;2;1;A01
201200041424;0;31;0;0;2;1;1;B01
201200041424;0;7;0;0;2;3;9;A01
201200041425;0;32;0;0;2;4;23;B01
201200041425;0;7;0;0;2;1;1;A01
201200041426;0;1;0;0;2;8;1;A01
201200041426;0;30;0;0;2;1;2;B01
201200041427;0;7;0;0;1;1;1;A01
201200041428;0;7;0;0;2;1;1;A01
201200041428;0;7;0;0;2;7;1;B01
201200041429;0;7;0;0;1;1;1;A01
201200041430;0;32;0;0;2;1;1;B01
201200041430;0;7;0;0;2;3;15;A01
201200041431;0;7;0;0;2;2;16;A01
201200041431;0;33;0;0;2;1;1;B01
201200041432;0;7;0;0;2;2;5;A01
201200041432;0;3;0;0;2;1;1;B01
201200041433;0;33;0;6;0;1;15;A01
201200041434;0;7;0;0;2;1;1;A01
201200041434;0;7;0;0;2;5;1;B01
201200041435;0;7;0;0;2;3;9;A01
201200041435;0;7;0;0;2;8;1;B01
201200041436;0;30;0;1;0;1;1;A01
201200041437;0;33;0;0;2;8;1;B01
201200041437;0;7;0;0;2;1;1;C01
201200041437;0;7;0;0;2;8;1;A01
201200041438;1;7;0;0;2;1;2;Z01
201200041438;0;7;0;0;2;4;23;A01
201200041439;0;33;0;0;2;2;1;A01
201200041439;0;7;0;0;2;8;15;B01
201200041440;0;7;0;0;2;5;1;B01
201200041440;0;14;0;0;2;4;4;A01
201200041441;0;33;0;0;2;1;1;B01
201200041441;0;7;0;8;2;2;1;A01
201200041442;0;7;0;15;2;3;1;B01
201200041442;0;7;0;0;2;3;13;A01
201200041443;0;7;0;15;0;1;1;A01
201200041444;0;34;0;0;2;1;1;A01
201200041444;0;34;0;0;2;8;9;B01
201200041445;0;7;0;0;2;1;15;A01
201200041445;0;33;0;0;2;1;1;B01
201200041446;0;34;0;0;2;1;1;C01
201200041446;0;7;0;1;2;8;5;A01
201200041447;1;7;0;1;1;2;1;A01
201200041448;0;33;0;0;1;2;1;A01
201200041449;0;7;0;0;2;5;2;B01
201200041449;0;30;0;0;2;1;1;A01
201200041450;0;7;0;0;1;2;15;A01
201200041451;0;7;0;0;2;3;1;C01
201200041451;0;7;0;0;2;3;1;A01
201200041451;0;17;0;0;2;6;1;B01
201200041452;0;7;0;0;1;1;21;A01
201200041453;0;7;0;0;2;4;2;B01
201200041453;0;7;0;0;2;1;1;A01
201200041454;0;7;0;0;1;2;1;A01
201200041455;0;7;0;0;2;7;1;B01
201200041455;0;2;0;0;2;1;1;A01
201200041456;0;7;0;0;2;3;16;A01
201200041456;0;10;0;6;2;2;1;B01
201200041457;0;7;0;1;0;1;1;A01
201200041458;0;7;0;6;0;2;1;A01
201200041459;0;7;0;0;2;1;1;A01
201200041459;0;7;0;0;2;1;1;B01
201200041460;0;7;0;0;2;1;1;A01
201200041460;0;7;0;0;2;4;2;B01
201200041461;0;7;0;0;2;1;2;A01
201200041461;0;7;0;0;2;9;21;B01
201200041462;0;7;0;15;0;1;1;A01
201200041463;0;7;0;0;1;1;1;A01
201200041464;0;7;0;0;1;0;15;A01
201200041465;0;7;0;0;1;1;1;A01
201200041466;0;7;0;0;1;1;1;A01
201200041467;0;7;0;0;1;2;1;A01
201200041468;0;10;0;0;2;1;2;A01
201200041468;0;30;0;0;2;4;1;B01
201200041469;0;7;0;0;2;2;1;A01
201200041469;0;7;0;0;2;6;10;B01
201200041470;0;7;0;0;0;0;15;A01
201200041470;0;32;0;0;0;7;21;B01
201200041471;0;7;0;0;1;4;4;A01
201200041472;0;7;0;0;2;1;15;A01
201200041472;0;34;0;0;2;7;21;B01
201200041473;0;7;0;0;1;3;1;A01
201200041474;0;33;0;0;2;8;1;B01
201200041474;0;7;0;0;2;1;1;A01
201200041475;0;33;0;0;1;0;3;A01
201200041475;0;7;0;0;2;5;1;B01
201200041476;0;7;0;0;2;1;15;A01
201200041476;0;31;0;0;2;8;1;B01
201200041477;0;7;0;0;2;2;0;A01
201200041477;0;1;0;0;0;8;1;B02
201200041478;0;33;0;0;2;1;1;B01
201200041478;0;7;0;0;2;6;15;A01
201200041479;0;7;0;0;2;1;2;A01
201200041479;0;7;0;0;2;4;23;B01
201200041480;0;10;0;0;2;3;9;A01
201200041480;0;7;0;0;2;1;1;B01
201200041481;0;32;0;0;2;7;1;B01
201200041481;0;7;0;0;2;1;15;A01
201200041482;0;33;0;0;1;0;14;A01
201200041483;0;7;0;0;2;1;2;A01
201200041483;0;33;0;0;2;4;1;B01
201200041484;0;33;0;0;2;1;1;B01
201200041484;0;7;0;0;2;8;15;A01
201200041485;0;10;0;0;2;4;16;A01
201200041485;0;34;0;0;2;1;1;B01
201200041486;0;7;0;0;1;2;1;A01
201200041487;0;37;1;0;1;7;1;A01
201200041488;0;33;0;0;2;8;1;B01
201200041488;0;7;0;0;2;1;15;A01
201200041489;0;7;0;0;2;4;2;B01
201200041489;0;7;0;0;2;1;2;A01
201200041490;0;7;0;0;1;1;1;A01
201200041491;0;31;0;0;2;1;17;B01
201200041491;0;7;0;0;2;6;15;A01
201200041492;0;7;0;0;2;2;14;A01
201200041492;0;30;0;0;2;8;3;B01
201200041493;0;37;1;0;2;7;14;B01
201200041493;0;7;0;0;2;3;13;A01
201200041494;0;33;0;0;2;0;1;A01
201200041494;0;7;0;0;2;3;15;B01
201200041495;0;34;0;0;0;0;1;B01
201200041495;0;7;0;0;0;0;15;A01
201200041496;0;30;0;1;0;1;14;A01
201200041497;0;7;0;0;1;1;15;A01
201200041498;0;33;0;0;1;3;1;A01
201200041499;0;7;0;2;2;2;0;A01
201200041499;0;7;0;0;2;1;1;B01
201200041500;0;30;0;0;0;0;0;B01
201200041500;0;7;0;0;0;0;6;A01
201200041501;0;7;0;0;2;8;1;B01
201200041501;0;30;0;0;2;7;12;A01
201200041502;0;34;0;0;2;1;1;A01
201200041502;0;7;0;0;2;5;1;B01
201200041503;0;31;0;0;2;1;1;B01
201200041503;0;7;0;0;2;3;15;A01
201200041504;0;33;0;0;2;2;23;B01
201200041504;0;32;0;14;0;8;18;A01
201200041505;0;7;0;0;1;2;1;A01
201200041506;0;1;0;0;2;1;1;B01
201200041506;0;7;0;0;2;7;22;A01
201200041507;0;33;0;0;2;8;1;B01
201200041507;0;7;0;0;2;1;15;A01
201200041508;0;32;0;0;1;3;1;A01
201200041509;0;7;0;0;1;2;16;A01
201200041510;0;7;0;0;1;1;15;A01
201200041511;0;7;0;0;2;1;1;A01
201200041511;0;7;0;0;2;8;1;B01
201200041512;0;7;0;0;2;1;2;A01
201200041512;0;13;0;0;2;4;1;B01
201200041513;0;7;0;0;1;2;15;A01
201200041514;1;34;0;0;1;1;1;Z01
201200041515;0;30;0;0;2;7;15;A01
201200041515;0;10;0;0;2;8;1;B01
201200041516;0;7;0;0;1;2;17;A01
201200041517;0;7;0;0;2;7;12;A01
201200041517;0;31;0;0;2;8;1;B01
201200041518;0;32;0;0;2;7;1;B01
201200041518;0;7;0;0;2;2;15;A01
201200041519;0;10;0;0;2;7;1;B01
201200041519;0;33;0;0;2;1;1;A01
201200041520;0;7;0;0;9;4;20;A01
201200041520;0;1;0;0;2;1;1;B01
201200041521;0;7;0;0;2;8;9;A01
201200041521;0;32;0;0;2;7;3;B01
201200041522;0;7;0;0;0;4;23;B01
201200041522;0;7;0;1;0;2;1;A01
201200041523;0;7;0;0;2;3;9;A01
201200041523;0;30;0;0;2;7;1;B01
201200041524;0;1;0;0;2;4;23;B01
201200041524;0;33;0;1;0;1;1;A01
201200041525;0;7;0;0;0;4;1;B01
201200041525;0;10;0;0;2;1;1;A01
201200041526;0;7;0;0;2;2;15;A01
201200041526;0;32;0;0;2;1;1;B01
201200041527;0;7;0;0;2;1;15;A01
201200041527;0;33;0;0;2;1;1;B01
201200041528;0;30;0;0;2;1;1;A01
201200041528;0;7;0;0;2;1;1;B01
201200041529;0;10;0;0;2;2;15;A01
201200041529;0;1;0;0;2;1;1;B01
201200041530;0;7;0;0;0;4;1;B01
201200041530;0;32;0;0;2;1;1;A01
201200041531;0;7;0;0;2;8;9;A01
201200041531;0;14;0;0;2;7;1;B01
201200041532;0;7;0;0;0;5;1;B01
201200041532;0;34;0;0;2;1;1;A01
201200041533;0;10;0;0;1;1;18;A01
201200041534;0;7;0;0;2;1;1;A01
201200041534;0;33;0;0;0;4;1;B01
201200041535;0;7;0;0;1;1;1;A01
201200041536;0;7;0;0;2;9;15;B01
201200041536;0;7;0;0;2;6;15;A01
201200041536;0;7;0;0;2;1;15;C01
201200041537;0;7;0;0;2;8;1;A01
201200041537;0;7;0;0;2;8;1;B01
201200041538;0;7;0;0;1;2;1;A01
201200041539;0;15;0;0;2;4;1;C01
201200041539;0;7;0;0;2;1;15;A01
201200041539;0;33;0;0;2;8;1;B01
201200041540;0;30;0;0;0;7;1;B01
201200041540;0;7;0;0;2;8;15;A01
201200041541;0;37;2;0;0;2;16;A01
201200041542;0;7;0;0;2;1;15;A01
201200041542;0;33;0;0;2;1;1;B01
201200041543;0;34;0;0;2;1;2;B01
201200041543;0;7;0;0;2;8;15;A01
201200041544;0;2;0;0;2;1;1;B01
201200041544;0;7;0;0;2;3;15;A01
201200041545;0;32;0;0;2;8;13;A01
201200041545;0;2;0;0;2;7;2;B01
201200041546;0;7;0;0;0;4;15;A01
201200041546;0;32;0;0;2;8;1;B01
201200041547;0;32;0;0;2;1;1;A01
201200041547;0;7;0;0;2;8;16;B01
201200041548;0;7;0;0;9;0;22;A01
201200041548;0;1;0;0;2;1;21;B01
201200041548;0;7;0;0;2;4;1;C01
201200041549;0;7;0;0;1;1;15;A01
201200041550;0;30;0;0;2;7;17;B01
201200041550;0;7;0;0;2;3;15;A01
201200041551;0;33;0;0;2;8;2;B01
201200041551;0;7;0;0;2;7;12;A01
201200041552;0;33;0;0;2;1;1;B01
201200041552;0;7;0;0;2;5;15;A01
201200041553;0;7;0;0;2;7;15;A01
201200041553;0;32;0;0;2;1;1;B01
201200041554;0;10;0;0;2;8;1;B01
201200041554;0;7;0;0;2;1;1;A01
201200041555;0;7;0;0;1;4;5;A01
201200041556;0;7;0;0;2;1;1;A01
201200041556;0;1;0;0;2;8;1;B01
201200041557;0;32;0;0;2;1;15;B01
201200041557;0;10;0;0;0;6;15;A01
201200041558;0;2;0;0;1;1;1;A01
201200041559;0;7;0;0;2;7;1;B01
201200041559;0;7;0;0;2;1;24;D01
201200041559;0;7;0;0;2;1;19;A01
201200041559;0;30;0;0;2;1;1;C01
201200041560;0;7;0;0;2;1;2;A01
201200041560;0;7;0;0;2;4;23;B01
201200041561;0;7;0;1;0;2;2;A01
201200041561;0;10;0;0;2;4;23;C01
201200041561;0;7;0;0;2;9;23;B01
201200041562;0;33;0;1;0;9;1;A01
201200041563;0;10;0;0;1;1;1;A01
201200041564;0;34;0;0;2;2;1;A01
201200041564;0;7;0;0;2;6;15;B01
201200041565;0;2;0;0;2;8;1;A01
201200041565;0;7;0;0;2;2;1;B01
201200041566;0;7;0;0;2;5;1;B01
201200041566;0;2;0;0;2;7;3;A01
201200041567;0;7;0;0;2;2;1;B01
201200041567;0;7;0;0;2;3;19;A01
201200041568;0;7;0;0;1;1;1;A01
201200041569;0;10;0;0;2;3;13;A01
201200041569;0;33;0;0;2;2;17;B01
201200041570;0;7;0;0;2;8;15;A01
201200041570;0;33;0;0;2;1;1;B01
201200041571;0;7;0;0;1;1;16;A01
201200041572;0;32;0;0;1;1;17;A01
201200041573;0;7;0;0;1;4;20;A01
201200041574;0;2;0;0;2;1;23;A01
201200041574;0;7;0;0;2;3;15;B01
201200041575;0;7;0;0;2;2;1;A01
201200041575;0;1;0;0;2;8;1;B01
201200041576;0;7;0;0;2;2;15;A01
201200041576;0;1;0;0;2;8;1;B01
201200041577;0;7;0;0;1;2;1;A01
201200041578;0;1;0;0;2;8;2;B01
201200041578;0;7;0;0;2;7;1;A01
201200041579;0;2;0;0;2;7;1;B01
201200041579;0;10;0;0;2;0;15;A01
201200041580;0;7;0;0;2;1;23;C01
201200041580;0;7;0;0;2;8;9;B01
201200041580;0;2;0;0;2;1;1;A01
201200041581;0;7;0;2;1;1;13;A01
201200041582;0;2;0;0;2;1;1;A01
201200041582;0;7;0;0;2;3;15;B01
201200041583;0;2;0;0;2;1;1;A01
201200041583;0;7;0;0;2;1;9;B01
201200041584;0;31;0;0;2;1;1;A01
201200041584;0;7;0;0;2;3;9;B01
201200041584;0;7;0;0;2;2;9;C01
201200041585;0;7;0;0;2;6;16;B01
201200041585;0;7;0;0;2;2;1;A01
201200041586;0;7;0;0;0;1;2;A01
201200041586;0;7;0;0;0;4;2;C01
201200041586;0;7;0;0;0;4;2;B01
201200041587;0;7;0;0;2;1;1;B01
201200041587;0;7;0;0;2;1;15;A01
201200041588;0;33;0;12;0;0;0;A01
201200041589;0;33;0;0;2;4;9;A01
201200041589;0;7;0;0;2;1;2;B01
201200041590;0;7;0;0;2;3;15;A01
201200041590;0;30;0;0;2;7;17;B01
201200041591;0;7;0;0;1;3;15;A01
201200041592;0;1;0;0;1;1;1;A01
201200041593;0;7;0;0;2;3;1;B01
201200041593;0;31;0;0;2;5;1;A01
201200041594;0;7;0;0;1;3;9;A01
201200041595;0;37;1;0;2;8;1;B01
201200041595;0;2;0;0;2;7;1;A01
201200041596;0;30;0;0;2;1;1;B01
201200041596;0;7;0;0;2;6;10;A01
201200041597;0;7;0;0;2;4;2;B01
201200041597;0;7;0;0;2;1;2;A01
201200041597;0;7;0;0;2;4;2;C01
201200041598;0;7;0;0;2;1;1;A01
201200041598;0;10;0;0;2;1;15;C01
201200041598;0;7;0;0;2;1;16;B01
201200041599;0;37;1;0;1;2;7;A01
201200041600;0;1;0;0;2;1;1;B01
201200041600;0;20;0;0;2;1;19;A01
201200041601;0;1;0;1;0;1;21;A01
201200041602;0;7;0;0;2;8;10;A01
201200041602;0;2;0;0;2;1;1;B01
201200041603;0;7;0;0;1;2;1;A01
201200041604;0;10;0;0;2;0;12;C01
201200041604;0;7;0;0;2;1;2;A01
201200041604;0;32;0;0;2;4;2;B01
201200041605;0;7;0;0;2;3;15;A01
201200041605;0;31;0;0;2;7;3;B01
201200041606;0;1;0;0;2;1;1;A01
201200041606;0;7;0;0;2;7;1;B01
201200041607;0;30;0;0;1;2;1;A01
201200041608;0;7;0;0;1;4;4;A01
201200041609;0;7;0;0;2;4;2;B01
201200041609;0;7;0;0;2;1;2;A01
201200041609;0;7;0;0;2;4;2;C01
201200041609;0;10;0;0;2;1;16;D01
201200041610;0;33;0;0;0;4;0;B01
201200041610;0;7;0;0;2;1;2;A01
201200041611;0;10;0;0;2;1;1;B01
201200041611;0;7;0;0;2;7;15;A01
201200041612;0;7;0;0;2;1;1;B01
201200041612;0;7;0;0;2;3;1;A01
201200041613;0;7;0;0;2;3;22;B01
201200041613;0;1;0;1;0;1;1;A01
201200041614;0;10;0;0;2;5;21;A01
201200041614;0;2;0;0;2;8;1;B01
201200041615;0;7;0;0;2;3;21;A01
201200041615;0;7;0;0;0;4;2;B01
201200041616;1;30;0;0;1;1;1;Z01
201200041617;0;2;0;0;2;0;1;A01
201200041618;0;7;0;0;2;2;15;A01
201200041618;0;30;0;0;2;1;1;B01
201200041619;0;7;0;0;1;1;16;A01
201200041620;0;33;0;0;2;1;1;A01
201200041620;1;7;0;0;2;3;10;Z01
201200041621;0;30;0;0;2;8;1;A01
201200041621;1;7;0;0;2;0;0;Z01
201200041622;0;31;0;0;0;1;1;A01
201200041623;0;7;0;0;2;7;15;A01
201200041623;0;33;0;0;2;1;1;B01
201200041624;0;7;0;0;1;1;15;A01
201200041625;0;34;0;0;2;1;17;A01
201200041625;0;7;0;0;2;3;15;B01
201200041626;0;32;0;0;2;1;1;A01
201200041626;0;10;0;0;2;6;16;B01
201200041627;0;7;0;0;2;8;15;B01
201200041627;0;33;0;0;2;1;1;A01
201200041628;0;32;0;0;1;1;1;A01
201200041629;0;2;0;14;0;0;1;A01
201200041630;0;10;0;0;1;4;4;A01
201200041631;0;30;0;0;0;0;1;A01
201200041632;0;10;0;0;1;2;16;A01
201200041633;0;2;0;0;2;1;1;A01
201200041633;0;10;0;0;2;3;15;B01
201200041634;0;7;0;0;1;0;1;A01
201200041635;1;7;0;0;1;0;0;Z01
201200041636;0;7;0;0;2;5;14;A01
201200041636;0;30;0;0;2;8;14;B01
201200041637;0;7;0;0;2;3;15;A01
201200041637;0;32;0;0;2;1;17;B01
201200041638;1;7;0;0;1;1;15;Z01
201200041639;0;10;0;0;2;1;1;B01
201200041639;0;30;0;0;2;9;1;A01
201200041640;0;7;0;0;2;2;1;B01
201200041640;0;7;0;0;2;8;13;A01
201200041641;0;30;0;12;2;8;1;B01
201200041641;0;37;1;0;2;5;17;A01
201200041642;0;32;0;0;0;8;15;A01
201200041643;0;7;0;14;2;1;21;A01
201200041643;1;7;0;0;2;0;15;Z01
201200041644;0;7;0;9;2;3;1;B01
201200041644;0;7;0;0;2;1;15;A01
201200041645;0;34;0;0;2;1;1;A01
201200041645;0;7;0;0;2;8;15;B01
201200041646;0;30;0;0;2;1;1;A01
201200041646;1;7;0;0;2;1;5;Z01
201200041647;0;32;0;0;1;1;1;A01
201200041648;0;10;0;0;2;1;15;B01
201200041648;0;30;0;0;2;8;1;A01
201200041649;0;34;0;0;2;1;1;B01
201200041649;0;7;0;0;2;3;15;A01
201200041650;0;7;0;0;2;2;16;B01
201200041650;0;33;0;0;2;3;1;A01
201200041651;0;33;0;0;2;3;1;B01
201200041651;0;7;0;0;2;3;15;A01
201200041652;0;30;0;0;2;4;1;B01
201200041652;1;7;0;0;2;1;2;A01
201200041653;0;7;0;0;0;2;1;A01
201200041654;0;7;0;0;2;2;15;B01
201200041654;0;32;0;0;2;2;1;A01
201200041655;0;7;0;0;2;1;1;B01
201200041655;0;7;0;0;2;8;15;A01
201200041656;0;7;0;0;2;2;15;A01
201200041656;0;33;0;0;2;8;1;B01
201200041657;0;7;0;0;2;1;1;A01
201200041657;0;7;0;0;2;6;1;B01
201200041658;0;7;0;0;2;3;15;A01
201200041658;0;30;0;0;2;1;1;B01
201200041659;0;7;0;0;1;2;1;A01
201200041660;0;7;0;0;2;2;1;B01
201200041660;0;34;0;0;2;3;1;A01
201200041661;0;34;0;0;2;1;1;A01
201200041661;0;37;1;0;2;7;1;B01
201200041662;0;1;0;0;2;1;1;B01
201200041662;0;7;0;0;2;2;15;A01
201200041663;0;1;0;0;2;1;1;B01
201200041663;0;7;0;0;2;1;1;A01
201200041664;0;7;0;0;1;1;1;A01
201200041665;0;7;0;0;2;8;10;A01
201200041665;0;34;0;0;2;1;1;B01
201200041666;0;7;0;0;1;1;1;A01
201200041667;0;10;0;0;2;2;15;A01
201200041667;0;7;0;0;2;1;1;B01
201200041668;0;7;0;0;2;1;2;A01
201200041668;0;7;0;0;2;4;2;B01
201200041669;0;32;0;0;2;1;17;A01
201200041669;0;1;0;0;2;6;15;B01
201200041670;0;7;0;0;1;1;16;A01
201200041671;1;7;0;0;2;1;5;A01