num_acc;senc;catv;occutc;obs;obsm;choc;manv;num_veh
201200042042;0;1;0;0;2;8;1;A01
201200042042;0;7;0;0;2;2;15;B01
201200042043;0;7;0;0;2;3;15;B01
201200042043;0;30;0;0;2;7;1;A01
201200042044;0;7;0;0;2;2;15;B01
201200042044;0;33;0;0;2;1;18;A01
201200042045;0;31;0;0;0;0;1;A01
201200042046;0;30;0;1;0;1;1;A01
201200042047;0;1;0;0;2;8;15;A01
201200042047;0;36;0;0;2;2;16;B01
201200042048;0;7;0;0;2;8;1;B01
201200042048;0;7;0;0;2;1;15;A01
201200042049;0;7;0;0;1;1;1;A01
201200042050;0;7;0;0;1;4;4;A01
201200042051;0;33;0;0;0;0;1;A01
201200042052;0;33;0;0;1;2;3;A01
201200042053;0;7;0;0;2;1;15;A01
201200042053;0;30;0;0;2;8;1;B01
201200042054;0;7;0;0;1;6;1;A01
201200042055;0;7;0;1;0;7;1;A01
201200042056;0;30;0;0;0;7;1;A01
201200042057;0;10;0;0;2;1;2;A01
201200042057;0;7;0;0;2;4;1;C01
201200042057;0;7;0;0;2;4;0;D01
201200042057;0;10;0;0;2;4;2;B01
201200042058;0;33;0;0;0;3;1;A01
201200042059;0;7;0;11;0;1;1;A01
201200042060;0;10;0;0;2;7;1;A01
201200042060;0;7;0;0;2;2;1;B01
201200042061;0;32;0;0;2;2;17;A01
201200042061;0;1;0;0;2;8;15;B01
201200042062;0;7;0;0;2;3;2;B01
201200042062;0;2;0;0;2;7;2;A01
201200042063;0;7;0;4;0;3;1;A01
201200042064;0;32;0;0;1;2;17;A01
201200042065;0;37;3;1;0;2;2;A01
201200042066;0;7;0;0;1;8;1;A01
201200042067;0;33;0;0;0;2;11;A01
201200042067;0;7;0;0;2;8;11;B01
201200042068;0;7;0;0;2;3;20;A01
201200042068;0;30;0;0;2;2;1;B01
201200042069;0;33;0;0;1;1;1;A01
201200042070;0;7;0;0;2;8;4;A01
201200042070;0;7;0;0;2;7;24;B01
201200042071;0;7;0;0;2;6;1;A01
201200042071;0;33;0;0;2;1;1;B01
201200042072;0;32;0;14;0;1;1;A01
201200042073;1;7;0;0;1;1;1;Z01
201200042074;0;7;0;0;1;1;15;A01
201200042075;0;37;1;0;1;1;1;A01
201200042076;0;7;0;0;1;2;1;A01
201200042077;0;7;0;0;1;1;15;A01
201200042078;0;7;0;0;1;1;15;A01
201200042079;0;33;0;0;2;6;1;B01
201200042079;0;7;0;1;2;1;15;A01
201200042080;0;7;0;0;2;1;1;A01
201200042080;0;30;0;0;0;8;1;B01
201200042081;0;7;0;0;2;1;2;A01
201200042081;0;7;0;0;2;4;15;B01
201200042082;0;33;0;0;2;1;17;A01
201200042082;0;7;0;0;2;3;15;B01
201200042083;0;7;0;0;1;3;15;A01
201200042084;0;10;0;0;2;8;15;B01
201200042084;0;33;0;1;2;7;17;A01
201200042085;0;31;0;0;2;1;3;A01
201200042085;0;7;0;0;2;5;15;B01
201200042086;0;7;0;0;1;1;1;A01
201200042087;0;37;1;0;1;3;16;A01
201200042088;0;31;0;0;2;1;1;A01
201200042088;0;7;0;0;2;8;15;B01
201200042089;0;30;0;0;2;0;2;B01
201200042089;1;7;0;0;2;0;15;Z01
201200042090;0;7;0;0;2;6;1;B01
201200042090;0;2;0;0;2;1;15;A01
201200042091;0;7;0;0;2;1;12;A01
201200042091;0;34;0;0;2;1;21;B01
201200042091;0;7;0;0;2;3;9;C01
201200042092;0;7;0;1;2;9;1;A01
201200042092;0;7;0;0;2;8;1;B01
201200042093;0;7;0;0;2;3;20;A01
201200042093;0;2;0;0;2;2;1;B01
201200042094;0;7;0;0;1;4;4;A01
201200042095;0;34;0;0;2;4;1;B01
201200042095;0;7;0;0;2;1;1;A01
201200042096;0;7;0;0;2;2;16;B01
201200042096;0;30;0;0;2;3;1;A01
201200042097;0;30;0;0;2;1;1;A01
201200042097;0;7;0;0;2;2;15;B01
201200042098;0;7;0;0;2;4;23;B01
201200042098;0;7;0;0;2;4;23;C01
201200042098;0;7;0;0;2;1;2;A01
201200042099;0;20;0;0;2;1;1;B01
201200042099;0;7;0;0;2;8;9;A01
201200042100;0;7;0;0;2;3;18;B01
201200042100;0;2;0;0;2;1;18;A01
201200042101;0;7;0;0;1;3;1;A01
201200042102;0;34;0;0;2;3;1;B01
201200042102;0;7;0;0;2;2;15;A01
201200042103;0;32;0;0;1;0;21;A01
201200042104;0;33;0;0;2;4;1;B01
201200042104;0;7;0;0;2;1;1;A01
201200042105;1;33;0;0;2;1;1;Z01
201200042105;0;2;0;0;2;8;15;A01
201200042106;0;7;0;0;2;8;11;A01
201200042106;0;31;0;0;2;7;1;B01
201200042107;0;33;0;0;2;1;1;B01
201200042107;0;7;0;0;2;8;15;A01
201200042108;0;33;0;11;2;1;17;A01
201200042108;0;7;0;0;2;3;1;B01
201200042109;1;7;0;0;1;5;4;Z01
201200042110;0;32;0;0;2;1;1;A01
201200042110;0;7;0;0;2;3;17;B01
201200042111;0;7;0;0;1;3;12;A01
201200042112;0;7;0;0;1;1;15;A01
201200042113;0;7;0;0;1;1;1;A01
201200042114;0;7;0;0;2;5;1;B01
201200042114;0;7;0;0;2;3;11;A01
201200042115;0;33;0;0;2;1;1;B01
201200042115;0;7;0;0;2;6;13;A01
201200042116;0;7;0;0;1;8;1;A01
201200042117;0;34;0;0;2;1;1;A01
201200042117;0;7;0;0;2;5;16;B01
201200042118;0;7;0;0;2;2;16;A01
201200042118;0;34;0;0;2;8;1;B01
201200042119;0;34;0;0;2;1;1;B01
201200042119;0;10;0;0;2;2;10;A01
201200042120;0;33;0;0;1;1;1;A01
201200042121;0;14;0;0;1;1;1;A01
201200042122;0;7;0;0;2;4;1;A01
201200042122;0;7;0;0;2;1;1;B01
201200042122;0;7;0;0;2;1;1;C01
201200042123;0;7;0;0;1;1;1;A01
201200042124;0;2;0;0;1;1;1;A01
201200042125;0;7;0;0;2;1;1;A01
201200042125;0;32;0;0;2;7;1;B01
201200042126;0;7;0;0;0;3;1;B01
201200042126;0;30;0;0;2;7;17;A01
201200042127;0;7;0;0;2;2;1;B01
201200042127;0;7;0;0;2;1;1;A01
201200042128;0;33;0;0;1;1;17;A01
201200042129;0;7;0;0;2;2;24;B01
201200042129;0;33;0;1;0;1;18;A01
201200042130;0;7;0;0;1;5;1;A01
201200042131;0;37;1;0;1;2;1;A01
201200042132;0;33;0;0;2;1;1;A01
201200042132;2;7;0;0;2;8;1;Z01
201200042133;0;7;0;0;2;7;1;B01
201200042133;0;30;0;0;2;1;15;A01
201200042134;0;7;0;0;2;4;15;A01
201200042134;0;32;0;0;2;0;1;B01
201200042135;2;10;0;0;2;1;2;A01
201200042135;0;7;0;0;2;4;23;C01
201200042135;0;7;0;0;2;4;23;B01
201200042136;0;30;0;0;2;1;17;B01
201200042136;0;10;0;0;2;3;10;A01
201200042137;0;10;0;0;1;3;15;A01
201200042138;0;32;0;14;0;8;17;A01
201200042138;0;7;0;14;0;3;23;B01
201200042139;0;33;0;0;2;2;0;B01
201200042139;0;7;0;0;0;3;15;A01
201200042140;0;7;0;0;2;4;23;B01
201200042140;0;10;0;0;2;4;23;C01
201200042140;0;7;0;0;2;1;2;A01
201200042141;0;10;0;0;2;4;2;A01
201200042141;0;7;0;0;0;4;2;B01
201200042142;0;2;0;1;2;1;3;A01
201200042142;0;7;0;0;2;5;23;B01
201200042143;0;33;0;0;0;0;0;B01
201200042143;0;33;0;0;2;3;0;A01
201200042144;1;99;0;0;0;0;0;Z01
201200042144;0;33;0;1;2;8;14;B01
201200042145;0;30;0;0;2;1;2;B01
201200042145;0;7;0;0;2;6;9;A01
201200042146;0;7;0;0;2;4;2;B01
201200042146;0;34;0;0;2;1;2;A01
201200042147;0;30;0;0;2;1;1;B01
201200042147;0;7;0;0;2;8;15;A01
201200042148;0;32;0;0;2;1;1;A01
201200042148;0;7;0;0;2;2;15;B01
201200042149;0;30;0;0;2;6;2;B01
201200042149;0;10;0;0;2;5;1;A01
201200042150;0;32;0;0;2;1;1;A01
201200042150;0;7;0;0;0;3;15;B01
201200042151;0;10;0;0;2;2;1;A01
201200042151;0;7;0;0;2;8;15;B01
201200042152;0;30;0;0;0;0;2;A01
201200042153;0;7;0;0;1;1;1;A01
201200042154;0;2;0;0;1;1;0;A01
201200042155;0;31;0;0;1;8;1;A01
201200042156;0;33;0;0;2;7;1;A01
201200042156;0;7;0;0;2;3;9;B01
201200042157;0;30;0;0;2;2;1;A01
201200042157;0;7;0;0;0;0;20;B01
201200042158;0;7;0;0;1;5;1;A01
201200042159;0;7;0;0;1;1;1;A01
201200042160;0;7;0;0;0;4;16;B01
201200042160;0;37;0;0;2;1;2;A01
201200042161;0;2;0;0;2;1;2;A01
201200042161;0;7;0;0;0;6;1;B01
201200042162;0;30;0;0;2;1;1;A01
201200042162;0;7;0;0;0;0;23;B01
201200042163;0;7;0;0;2;2;0;A01
201200042163;0;33;0;0;2;1;1;B01
201200042163;0;33;0;0;0;8;1;C01
201200042164;0;1;0;0;0;8;15;B01
201200042164;0;7;0;0;2;1;1;A01
201200042165;0;7;0;0;2;1;15;A01
201200042165;0;30;0;0;0;8;1;B01
201200042166;0;7;0;0;1;1;1;A01
201200042167;0;7;0;0;2;2;17;A01
201200042167;0;33;0;0;2;7;2;B01
201200042168;0;31;0;0;2;5;17;A01
201200042168;0;10;0;0;0;8;1;C01
201200042168;0;10;0;0;0;8;20;B01
201200042169;0;33;0;0;2;1;1;A01
201200042169;0;7;0;0;0;7;20;B01
201200042170;0;7;0;0;0;2;19;A01
201200042170;0;32;0;0;2;1;1;B01
201200042171;0;7;0;0;1;3;15;A01
201200042172;0;7;0;0;0;4;23;A01
201200042172;0;32;0;1;0;1;18;B01
201200042173;0;30;0;9;2;1;1;A01
201200042173;0;30;0;0;0;4;16;B01
201200042174;0;17;0;0;2;1;1;B01
201200042174;0;30;0;0;0;4;9;A01
201200042175;0;2;0;0;1;1;1;A01
201200042176;0;7;0;0;2;0;16;A01
201200042176;0;30;0;0;2;0;16;B01
201200042177;0;7;0;0;0;7;0;B01
201200042177;0;30;0;0;2;7;0;A01
201200042178;0;7;0;0;1;1;15;A01
201200042179;0;7;0;0;2;1;9;B01
201200042179;0;30;0;0;2;0;2;A01
201200042180;0;7;0;0;0;4;2;B01
201200042180;0;33;0;0;2;1;2;A01
201200042181;0;7;0;0;1;1;0;A01
201200042182;0;7;0;0;0;4;0;B01
201200042182;0;7;0;0;2;1;2;A01
201200042183;0;30;0;0;1;1;21;A01
201200042184;0;33;0;0;1;1;0;A01
201200042185;0;34;0;0;2;4;1;B01
201200042185;0;7;0;0;2;1;2;A01
201200042186;0;7;0;0;1;1;1;A01
201200042187;0;7;0;0;1;1;21;A01
201200042188;0;32;0;0;2;3;21;B01
201200042188;0;7;0;0;2;7;0;A01
201200042189;0;7;0;0;2;1;15;A01
201200042189;0;30;0;0;2;8;0;B01
201200042190;0;7;0;0;2;4;0;B01
201200042190;1;7;0;0;0;0;0;A01
201200042191;0;7;0;0;2;1;1;A01
201200042191;0;7;0;0;2;4;2;B01
201200042192;0;7;0;0;1;1;21;A01
201200042193;0;7;0;0;2;8;11;A01
201200042193;0;30;0;0;2;7;1;B01
201200042194;0;37;40;0;1;3;1;A01
201200042195;0;7;0;0;2;4;1;B01
201200042195;0;7;0;0;2;4;1;C01
201200042195;0;13;0;0;2;1;0;A01
201200042196;0;32;0;0;2;8;21;B01
201200042196;0;7;0;0;2;3;0;A01
201200042197;0;7;0;0;1;4;4;A01
201200042198;0;7;0;0;0;3;15;A01
201200042198;0;7;0;0;2;2;15;B01
201200042199;0;7;0;0;9;2;21;B01
201200042199;0;34;0;0;0;0;0;A01
201200042200;0;34;0;0;2;0;0;A01
201200042200;0;7;0;0;2;0;0;B01
201200042201;0;1;0;0;2;3;0;B01
201200042201;0;7;0;0;0;2;0;A01
201200042202;0;7;0;0;1;1;1;A01
201200042203;0;3;0;0;1;0;0;A01
201200042204;0;7;0;0;1;1;21;A01
201200042205;0;7;0;0;1;4;4;A01
201200042206;0;7;0;0;1;1;1;A01
201200042207;0;7;0;0;2;5;0;B01
201200042207;0;33;0;0;2;1;1;A01
201200042208;0;33;0;0;2;8;0;B01
201200042208;0;7;0;0;2;1;15;A01
201200042209;0;7;0;0;2;2;15;A01
201200042209;0;31;0;0;2;3;1;B01
201200042210;1;7;0;0;1;0;4;A01
201200042211;0;33;0;0;2;7;1;A01
201200042211;0;7;0;0;2;6;0;B01
201200042212;0;31;0;0;2;7;1;B01
201200042213;0;7;0;0;2;3;0;B01
201200042213;0;7;0;0;2;3;0;A01
201200042214;1;7;0;0;0;0;0;A01
201200042215;0;7;0;0;2;3;21;B01
201200042215;0;7;0;0;2;1;15;A01
201200042216;2;34;0;0;2;1;0;A01
201200042216;0;30;0;0;2;8;0;B01
201200042217;0;32;0;0;1;1;0;A01
201200042218;0;7;0;0;1;2;21;A01
201200042219;0;10;0;0;0;4;2;B01
201200042219;0;30;0;4;2;4;2;A01
201200042220;0;1;0;0;2;1;21;B01
201200042220;0;7;0;0;2;5;15;A01
201200042221;0;7;0;0;2;7;20;A01
201200042221;0;1;0;0;2;0;2;B01
201200042222;0;7;0;0;2;3;2;B01
201200042222;0;7;0;0;2;8;2;A01
201200042223;0;7;0;0;2;8;22;A01
201200042223;0;31;0;1;0;7;2;B01
201200042224;0;7;0;0;2;3;0;B01
201200042224;0;30;0;0;2;2;0;A01
201200042225;0;7;0;0;2;8;2;A01
201200042225;0;7;0;0;2;1;2;B01
201200042226;0;33;0;0;0;1;0;A01
201200042227;0;31;0;0;2;0;0;B02
201200042227;0;37;1;0;2;8;0;A01
201200042228;0;7;0;0;2;1;0;A01
201200042228;0;7;0;0;2;4;0;B01
201200042229;0;7;0;0;4;3;1;A01
201200042229;0;40;0;0;2;0;1;B01
201200042230;0;3;0;0;0;0;0;A01
201200042231;0;7;0;0;0;0;0;A01
201200042231;0;31;0;0;0;0;0;D01
201200042231;0;7;0;0;0;0;0;C01
201200042231;0;7;0;1;0;0;0;B01
201200042231;0;7;0;0;0;0;0;E01
201200042232;0;33;0;0;2;1;0;A01
201200042233;0;7;0;0;2;7;0;A01
201200042233;0;7;0;0;2;1;1;B01
201200042234;0;7;0;0;2;1;1;A01
201200042234;0;7;0;0;2;7;1;B01
201200042235;0;32;0;0;2;1;2;B01
201200042235;0;7;0;0;2;7;0;A01
201200042236;1;7;0;0;1;1;1;A01
201200042237;0;7;0;0;1;3;2;A01
201200042238;0;33;0;0;1;1;1;A01
201200042239;0;1;0;0;1;1;5;A01
201200042240;0;37;0;0;1;1;16;A01
201200042241;0;7;0;0;2;5;16;A01
201200042241;0;7;0;0;2;2;1;B01
201200042242;0;1;0;0;0;0;2;A01
201200042243;0;32;0;0;1;1;1;A01
201200042244;0;32;0;0;0;0;1;A01
201200042245;0;7;0;0;2;6;1;B01
201200042245;0;32;0;0;2;1;2;A01
201200042246;0;32;0;0;1;1;1;A01
201200042247;0;7;0;0;1;3;1;A01
201200042248;0;7;0;0;2;1;5;A01
201200042248;0;7;0;0;2;1;1;B01
201200042249;0;38;1;0;1;3;15;A01
201200042250;0;7;0;0;2;1;15;A01
201200042250;0;31;0;0;2;9;1;B01
201200042251;0;31;0;0;2;1;13;A01
201200042251;0;2;0;0;2;8;1;B01
201200042252;0;7;0;0;2;1;5;A01
201200042252;0;10;0;0;2;1;1;B01
201200042253;0;7;0;0;2;1;15;A01
201200042253;0;10;0;0;2;1;1;B01
201200042254;0;7;0;0;2;1;1;B01
201200042254;0;2;0;0;2;1;15;A01
201200042255;0;7;0;0;2;6;23;B01
201200042255;0;7;0;0;2;2;13;A01
201200042255;0;7;0;0;2;4;23;C01
201200042256;0;7;0;0;2;4;1;B01
201200042256;0;7;0;0;2;1;1;A01
201200042257;0;7;0;1;2;8;13;A01
201200042257;0;2;0;0;2;8;1;B01
201200042258;0;7;0;0;2;7;15;A01
201200042258;0;33;0;0;2;1;1;B01
201200042259;0;31;0;1;0;1;9;A01
201200042259;0;7;0;0;2;4;1;B01
201200042260;0;7;0;0;2;4;23;B01
201200042260;0;33;0;0;2;1;2;A01
201200042261;0;33;0;1;0;8;18;B01
201200042261;0;7;0;0;0;7;24;A01
201200042262;0;7;0;0;2;4;2;A01
201200042262;0;32;0;0;2;4;23;B01
201200042263;0;32;0;0;2;6;2;A01
201200042263;0;7;0;0;2;2;23;B01
201200042264;0;7;0;0;2;0;16;A01
201200042264;0;31;0;0;2;0;1;B01
201200042265;0;31;0;0;2;1;1;A01
201200042265;0;7;0;0;2;3;16;B01
201200042266;0;33;0;0;2;1;1;B01
201200042266;0;7;0;0;2;7;15;A01
201200042267;0;30;0;0;2;1;1;B01
201200042267;0;7;0;0;2;2;15;A01
201200042268;0;31;0;0;2;9;3;B01
201200042268;0;7;0;0;2;5;1;A01
201200042268;0;10;0;0;2;8;1;C01
201200042269;0;33;0;0;2;3;16;B01
201200042269;0;7;0;0;2;3;1;A01
201200042270;0;7;0;0;1;0;15;A01
201200042271;0;30;0;0;2;7;1;B01
201200042271;0;13;0;0;2;1;15;A01
201200042272;0;31;0;0;0;6;1;A01
201200042273;0;32;0;1;0;1;17;A01
201200042274;0;1;0;0;1;1;1;A01
201200042275;0;1;0;1;0;9;1;B01
201200042275;0;7;0;0;2;8;24;A01
201200042276;0;10;0;0;0;2;13;A01
201200042276;0;30;0;0;2;1;1;B01
201200042277;0;7;0;0;2;3;15;A01
201200042277;0;2;0;0;2;1;1;B01
201200042278;0;7;0;0;1;7;1;A01
201200042279;0;30;0;0;2;1;1;B01
201200042279;0;30;0;0;2;2;15;A01
201200042280;0;7;0;0;1;1;1;A01
201200042281;0;7;0;0;2;4;1;B01
201200042281;0;7;0;0;2;1;2;A01
201200042281;0;7;0;0;2;4;1;C01
201200042282;0;7;0;0;1;1;1;A01
201200042282;0;7;0;0;2;4;23;B01
201200042283;0;7;0;0;2;1;1;A01
201200042283;0;7;0;0;2;4;1;B01
201200042284;0;32;0;0;2;3;0;B01
201200042284;0;7;0;0;2;2;9;A01
201200042285;0;33;0;0;2;1;0;A01
201200042285;0;7;0;0;2;3;1;B01
201200042286;0;34;0;0;2;4;2;A01
201200042286;0;7;0;0;2;4;2;B01
201200042287;0;15;0;0;2;8;1;A01
201200042287;0;15;0;0;2;4;1;B01
201200042288;0;7;0;0;1;0;16;A01
201200042289;0;2;0;0;2;1;1;B01
201200042289;0;7;0;0;2;3;15;A01
201200042290;0;7;0;0;2;1;2;A01
201200042290;0;7;0;0;2;4;23;B01
201200042290;0;7;0;0;2;4;23;C01
201200042290;0;7;0;0;2;4;23;D01
201200042291;0;2;0;0;0;7;1;A01
201200042292;0;3;0;0;2;7;11;A01
201200042292;0;7;0;0;2;8;1;B01
201200042293;0;32;0;1;0;2;9;A01
201200042294;0;7;0;8;0;1;21;A01
201200042295;0;7;0;0;2;4;2;A01
201200042295;0;7;0;0;2;4;23;B01
201200042296;0;1;0;0;2;8;2;B01
201200042296;1;7;0;0;2;7;2;A01
201200042297;0;7;0;0;0;4;1;A01
201200042297;0;2;0;0;2;1;1;B01
201200042298;0;31;0;0;2;3;2;A01
201200042299;0;2;0;0;2;8;15;A01
201200042299;0;2;0;0;2;1;1;B01
201200042300;0;7;0;0;2;7;16;B01
201200042300;0;2;0;0;2;1;7;A01
201200042301;0;7;0;1;0;1;15;A01
201200042302;0;7;0;0;0;0;15;A01
201200042302;0;33;0;0;2;0;1;B01
201200042303;0;10;0;0;2;5;1;B01
201200042303;0;10;0;0;2;5;1;C01
201200042303;0;33;0;0;2;9;3;A01
201200042304;0;7;0;0;0;1;24;C01
201200042304;0;7;0;0;2;6;1;B01
201200042304;0;32;0;5;0;1;17;A01
201200042305;0;7;0;0;1;1;3;A01
201200042306;0;33;0;0;2;8;9;A01
201200042306;0;7;0;0;2;8;1;B01
201200042307;0;34;0;0;0;0;11;A01
201200042308;2;7;0;0;1;3;19;A01
201200042309;0;13;0;0;2;2;9;A01
201200042309;0;7;0;0;0;8;9;B01
201200042310;0;33;0;0;0;7;21;A01
201200042311;0;32;0;0;2;7;21;A01
201200042312;0;30;0;0;0;8;16;A01
201200042313;0;7;0;0;2;4;2;B01
201200042313;0;33;0;0;2;1;2;A01
201200042314;0;7;0;0;2;5;2;B01
201200042314;0;30;0;0;2;5;2;A01
201200042315;0;1;0;0;0;8;2;B01
201200042315;0;10;0;0;0;7;2;A01
201200042316;0;33;0;0;2;2;17;A01
201200042316;0;7;0;0;2;3;15;B01
201200042317;1;30;0;0;1;1;0;Z01
201200042318;0;7;0;0;2;2;10;A01
201200042318;0;32;0;0;2;3;1;B01
201200042319;0;7;0;0;1;4;4;A01
201200042320;0;33;0;0;2;1;2;B01
201200042320;0;7;0;0;0;2;15;A01
201200042321;0;1;0;0;0;0;1;A01
201200042322;0;2;0;0;2;2;17;A01
201200042322;0;7;0;0;0;3;15;B01
201200042323;0;7;0;0;0;3;16;A01
201200042323;0;30;0;0;2;1;2;B01
201200042324;0;10;0;0;0;0;23;B01
201200042324;0;32;0;0;9;8;21;A01
201200042325;0;33;0;0;2;1;1;B01
201200042325;0;7;0;0;2;2;10;A01
201200042326;0;7;0;0;2;2;9;A01
201200042326;0;7;0;0;2;4;1;B01
201200042327;0;7;0;0;0;6;2;B01
201200042327;0;30;0;0;2;1;2;A01
201200042328;0;1;0;0;2;1;1;A01
201200042328;0;7;0;0;2;3;2;B01
201200042329;0;10;0;0;1;1;1;A01
201200042330;0;1;0;0;9;1;1;B01
201200042330;0;33;0;0;9;2;15;A01
201200042331;0;31;0;14;0;7;1;A01
201200042332;0;30;0;0;2;1;1;A01
201200042332;0;7;0;0;2;6;1;B01
201200042333;1;10;0;0;0;8;2;B01
201200042333;0;33;0;0;0;2;12;A01
201200042334;0;30;0;0;0;8;2;A01
201200042335;0;7;0;0;1;7;1;A01
201200042336;0;7;0;0;2;6;15;A01
201200042336;0;2;0;0;2;7;1;B01
201200042337;0;7;0;1;0;2;14;A01
201200042338;0;32;0;0;1;1;2;A01
201200042339;0;7;0;0;2;1;1;A01
201200042339;0;7;0;8;2;9;1;B01
201200042340;0;7;0;0;2;1;1;A01
201200042340;0;7;0;0;0;4;23;B01
201200042341;0;1;0;15;0;0;1;A01
201200042342;0;31;0;0;2;1;1;B01
201200042342;0;7;0;0;2;4;15;A01
201200042343;0;30;0;0;0;8;1;A01
201200042344;0;7;0;0;0;4;9;B01
201200042344;1;7;0;0;2;1;2;A01
201200042345;0;1;0;0;2;3;1;B01
201200042345;0;7;0;0;9;7;17;A01
201200042346;0;7;0;0;0;8;15;A01
201200042346;0;30;0;0;2;1;17;B01
201200042347;0;30;0;0;2;8;1;B01
201200042347;1;10;0;0;2;2;0;Z01
201200042348;0;7;0;0;9;1;2;A01
201200042348;0;1;0;0;0;4;2;B01
201200042349;0;7;0;0;1;1;16;A01
201200042350;0;7;0;0;2;7;12;A01
201200042350;0;34;0;0;2;3;3;B01
201200042351;0;7;0;0;2;5;0;A01
201200042351;0;30;0;0;2;1;1;B01
201200042352;0;33;0;1;0;0;1;A01
201200042353;0;7;0;0;0;0;21;C01
201200042353;0;31;0;0;0;0;21;D01
201200042353;0;7;0;0;0;0;22;A01
201200042353;0;1;0;0;0;0;21;B01
201200042354;0;32;0;0;2;1;1;A01
201200042354;0;7;0;0;2;7;15;B01
201200042355;0;33;0;0;2;1;1;B01
201200042355;0;7;0;0;2;4;15;A01
201200042356;0;7;0;0;2;1;1;A01
201200042356;0;32;0;0;2;4;1;B01
201200042356;0;7;0;0;2;4;1;C01
201200042357;0;7;0;0;2;2;1;A01
201200042357;0;1;0;0;2;1;19;B01
201200042358;0;30;0;9;0;1;21;A01
201200042358;0;7;0;0;0;0;15;B01
201200042359;0;7;0;0;2;8;15;A01
201200042359;0;31;0;0;2;5;17;B01
201200042360;0;10;0;0;1;1;1;A01
201200042361;0;1;0;0;1;2;1;A01
201200042362;0;10;0;0;1;3;15;A01
201200042363;0;2;0;0;2;1;1;A01
201200042363;0;7;0;0;2;7;1;B01
201200042364;0;33;0;0;2;1;1;A01
201200042364;0;7;0;0;2;3;1;B01
201200042365;0;7;0;0;2;4;23;C01
201200042365;0;7;0;0;2;4;23;B01
201200042365;0;7;0;0;2;1;1;A01
201200042366;0;7;0;0;2;3;1;A01
201200042366;0;1;0;0;2;1;1;B01
201200042367;0;32;0;0;2;1;1;A01
201200042367;0;7;0;0;2;7;1;B01
201200042368;0;30;0;0;2;4;15;B01
201200042368;0;7;0;0;2;1;15;A01
201200042369;0;7;0;0;1;2;1;A01
201200042370;0;7;0;0;2;7;22;A01
201200042370;0;1;0;0;2;1;18;B01
201200042371;0;7;0;0;2;7;9;B01
201200042371;0;33;0;0;2;1;1;A01
201200042372;0;37;30;0;1;1;1;A01
201200042373;0;32;0;0;2;1;1;B01
201200042373;0;7;0;0;2;2;1;A01
201200042374;0;7;0;0;2;5;12;B01
201200042374;0;32;0;0;2;1;16;A01
201200042375;0;7;0;0;0;0;15;A01
201200042375;0;30;0;0;0;7;1;B01
201200042376;0;7;0;0;1;1;1;A01
201200042377;0;7;0;0;2;1;1;B01
201200042377;0;7;0;0;2;3;1;A01
201200042378;0;32;0;0;2;1;17;A01
201200042378;0;7;0;0;2;8;15;B01
201200042379;0;1;0;1;0;2;1;B01
201200042379;0;7;0;0;2;8;22;A01
201200042380;0;1;0;0;1;1;1;A01
201200042381;0;7;0;0;2;8;1;B01
201200042381;0;1;0;0;2;1;1;A01
201200042382;0;1;0;0;2;1;5;B01
201200042382;0;33;0;0;2;7;15;A01
201200042383;1;31;0;0;1;1;1;Z01
201200042384;0;10;0;0;2;8;15;B01
201200042384;0;31;0;0;2;2;17;A01
201200042385;0;31;0;0;5;1;1;A01
201200042386;0;7;0;0;2;3;1;B01
201200042386;0;10;0;0;2;2;1;A01
201200042387;0;33;0;0;2;8;1;B01
201200042387;0;7;0;0;2;1;15;A01
201200042388;0;33;0;0;2;5;1;A01
201200042388;0;7;0;0;2;3;13;B01
201200042389;0;2;0;0;0;0;0;A01
201200042390;0;7;0;0;2;8;15;B01
201200042390;0;33;0;0;0;0;21;A01
201200042391;0;10;0;0;2;8;22;A01
201200042391;0;1;0;1;0;0;1;B01
201200042392;0;7;0;0;2;7;9;A01
201200042392;0;33;0;0;2;1;1;B01
201200042393;0;40;0;0;2;1;1;B01
201200042393;0;30;0;0;2;8;6;A01
201200042394;0;32;0;0;2;2;1;B01
201200042394;0;7;0;0;2;6;9;A01
201200042395;0;32;0;0;2;1;18;A01
201200042395;0;7;0;0;2;1;15;B01
201200042396;0;30;0;1;0;1;13;A01
201200042397;1;7;0;0;1;0;0;Z01
201200042398;0;30;0;0;2;8;1;A01
201200042398;0;7;0;0;2;8;20;B01
201200042399;0;7;0;0;2;1;1;A01
201200042400;0;30;0;0;2;2;17;A01
201200042400;0;7;0;0;2;6;15;B01
201200042401;0;10;0;0;2;2;21;A01
201200042401;0;7;0;0;2;3;1;C01
201200042401;0;7;0;0;2;1;1;B01
201200042402;2;34;0;0;1;0;21;A01
201200042403;0;7;0;0;1;2;1;A01
201200042404;0;30;0;0;2;2;1;B01
201200042404;0;7;0;0;2;5;4;A01
201200042405;0;7;0;0;2;3;1;B01
201200042405;0;33;0;0;2;2;1;A01
201200042406;0;7;0;0;1;1;1;A01
201200042407;0;14;0;0;2;2;15;A01
201200042407;0;7;0;0;2;3;1;B01
201200042408;0;7;0;0;2;2;1;B01
201200042408;0;30;0;0;2;3;9;A01
201200042409;0;33;0;0;2;2;17;A01
201200042409;0;10;0;0;2;3;15;B01
201200042410;0;7;0;0;2;3;1;B01
201200042410;0;7;0;0;2;3;15;A01