num_acc;senc;catv;occutc;obs;obsm;choc;manv;num_veh
201200042411;0;34;0;0;2;2;1;B01
201200042411;0;7;0;0;2;3;9;A01
201200042412;0;31;0;0;2;2;21;A01
201200042412;0;38;1;0;2;6;15;B01
201200042413;0;7;0;0;2;3;1;B01
201200042413;0;32;0;0;2;2;21;A01
201200042414;0;34;0;0;1;1;17;A01
201200042415;0;7;0;0;1;0;1;A01
201200042416;0;7;0;0;2;8;16;B01
201200042416;0;14;0;0;2;2;0;A01
201200042417;0;7;0;0;0;0;0;A01
201200042418;0;14;0;0;2;6;11;B01
201200042418;0;32;0;4;2;2;1;A01
201200042419;0;7;0;0;1;1;9;A01
201200042420;0;7;0;0;1;1;15;A01
201200042421;0;7;0;1;0;2;0;A01
201200042422;0;7;0;0;2;4;1;B01
201200042422;0;10;0;0;2;1;2;A01
201200042423;0;7;0;0;2;2;17;A01
201200042423;0;7;0;0;2;6;15;B01
201200042424;0;7;0;0;2;1;1;A01
201200042424;0;7;0;0;2;4;23;B01
201200042424;0;7;0;0;2;4;23;C01
201200042425;0;32;0;0;2;2;17;A01
201200042425;0;7;0;0;2;3;15;B01
201200042426;0;7;0;0;1;1;1;A01
201200042427;0;7;0;0;1;7;1;A01
201200042428;0;7;0;0;2;5;1;A01
201200042428;0;14;0;0;2;1;1;B01
201200042429;0;7;0;0;2;5;15;A01
201200042429;0;7;0;0;2;2;1;B01
201200042430;0;7;0;0;2;1;1;B01
201200042430;0;7;0;0;2;5;10;A01
201200042431;0;30;0;0;1;1;1;A01
201200042432;0;10;0;0;2;6;10;A01
201200042432;0;34;0;0;2;1;1;B01
201200042433;0;7;0;0;2;3;0;B01
201200042433;0;7;0;0;2;7;0;A01
201200042434;0;7;0;0;1;3;1;A01
201200042435;0;7;0;0;2;1;1;B01
201200042435;0;7;0;0;2;7;15;A01
201200042436;0;7;0;4;2;2;1;B01
201200042436;0;10;0;0;2;5;15;A01
201200042437;0;7;0;0;2;5;1;A01
201200042437;0;13;0;0;2;1;1;B01
201200042438;0;7;0;14;0;1;0;A01
201200042439;0;7;0;0;2;1;1;B01
201200042439;0;10;0;0;2;1;5;A01
201200042440;0;7;0;0;1;2;17;A01
201200042441;0;14;0;0;2;2;16;B01
201200042441;0;32;0;0;2;3;1;A01
201200042442;0;7;0;0;2;2;20;A01
201200042442;0;30;0;0;2;6;1;B01
201200042443;0;7;0;0;2;3;1;B01
201200042443;0;14;0;0;2;2;12;A01
201200042444;0;7;0;0;2;2;1;A01
201200042444;0;34;0;0;2;3;1;B01
201200042445;0;7;0;0;2;2;16;B01
201200042445;0;33;0;0;2;2;18;A01
201200042446;0;10;0;0;9;2;1;B01
201200042446;0;1;0;0;2;8;19;A01
201200042447;0;10;0;0;1;1;1;A01
201200042448;0;7;0;0;2;1;1;A01
201200042448;0;7;0;0;2;4;23;B01
201200042448;0;7;0;0;2;4;23;C01
201200042449;0;7;0;0;2;1;1;A01
201200042449;0;7;0;0;2;4;23;B01
201200042449;0;7;0;0;2;4;23;C01
201200042450;0;30;0;0;2;0;21;A01
201200042451;0;7;0;0;2;7;1;B01
201200042451;0;10;0;0;2;1;1;A01
201200042452;0;30;0;0;2;2;17;A01
201200042452;0;7;0;0;2;3;1;B01
201200042453;0;7;0;0;1;2;1;A01
201200042454;2;10;0;0;0;0;14;B01
201200042454;0;30;0;0;2;0;21;A01
201200042455;0;10;0;0;2;1;1;A01
201200042455;0;7;0;0;2;3;1;B01
201200042456;0;32;0;15;0;3;13;A01
201200042457;0;7;0;0;2;4;1;A01
201200042457;0;7;0;0;2;4;1;B01
201200042457;0;7;0;0;2;1;1;C01
201200042458;0;30;0;14;0;0;1;A01
201200042459;0;7;0;0;2;3;23;A01
201200042459;0;7;0;0;2;2;1;B01
201200042460;0;7;0;0;1;8;1;A01
201200042461;0;7;0;0;2;3;1;C01
201200042461;0;7;0;9;2;7;1;A01
201200042461;0;7;0;0;2;3;1;B01
201200042462;0;7;0;0;2;4;23;B01
201200042462;0;7;0;0;2;1;1;A01
201200042463;0;7;0;0;2;3;9;C01
201200042463;0;7;0;0;2;2;1;A01
201200042463;0;7;0;0;2;3;15;B01
201200042464;0;7;0;0;2;1;21;A01
201200042465;0;1;0;0;2;1;1;A01
201200042466;0;30;0;0;2;3;18;A01
201200042466;0;7;0;0;2;7;16;B01
201200042467;0;7;0;0;1;3;15;A01
201200042468;1;13;0;14;2;5;15;Z01
201200042468;0;7;0;14;2;8;23;A01
201200042468;0;7;0;0;2;4;23;B01
201200042469;1;99;0;0;2;0;0;Z01
201200042469;0;30;0;0;2;0;1;A01
201200042470;0;7;0;0;2;8;15;B01
201200042470;0;30;0;0;2;1;17;A01
201200042471;0;7;0;0;1;1;15;A01
201200042472;0;7;0;0;2;7;1;B01
201200042472;0;10;0;0;2;1;13;A01
201200042473;0;7;0;0;0;0;9;B01
201200042473;0;33;0;0;2;0;21;A01
201200042474;0;7;0;14;0;3;14;A01
201200042475;1;7;0;0;1;0;1;Z01
201200042476;0;32;0;0;0;1;0;A01
201200042477;0;32;0;0;0;1;1;A01
201200042478;0;7;0;0;1;3;1;A01
201200042479;0;7;0;0;1;3;1;A01
201200042480;1;7;0;0;1;0;0;Z01
201200042481;0;10;0;0;2;3;13;B01
201200042481;0;33;0;0;2;2;17;A01
201200042482;0;37;1;0;2;1;2;B01
201200042482;0;7;0;3;2;5;2;A01
201200042483;0;30;0;11;0;1;1;A01
201200042484;0;33;0;0;1;2;17;A01
201200042485;0;7;0;0;2;7;16;A01
201200042485;0;33;0;0;2;1;16;B01
201200042486;0;7;0;1;0;2;1;A01
201200042487;0;7;0;0;2;8;15;A01
201200042487;0;33;0;0;2;7;17;B01
201200042488;0;7;0;0;2;3;20;A01
201200042488;0;1;0;0;2;2;2;B01
201200042489;2;7;0;0;2;2;17;A01
201200042489;0;7;0;0;2;9;2;B01
201200042490;0;33;0;0;2;1;2;B01
201200042490;0;7;0;0;2;2;10;A01
201200042491;0;7;0;0;2;2;9;A01
201200042491;0;7;0;0;2;6;2;B01
201200042492;0;2;0;0;1;3;1;A01
201200042493;0;34;0;0;2;3;1;A01
201200042493;0;7;0;0;2;1;15;B01
201200042494;0;33;0;0;2;8;18;A01
201200042494;0;7;0;0;2;2;1;B01
201200042495;0;7;0;0;2;8;22;A01
201200042495;0;1;0;1;0;1;1;B01
201200042496;0;7;0;0;1;6;20;A01
201200042497;0;37;1;0;1;2;1;A01
201200042498;0;7;0;0;2;3;9;B01
201200042498;0;33;0;0;2;1;17;A01
201200042499;0;33;0;0;2;1;2;B01
201200042499;0;7;0;0;2;6;2;A01
201200042500;0;17;0;0;2;1;1;B01
201200042500;0;13;0;0;2;4;4;A01
201200042501;0;33;0;0;2;2;3;A01
201200042501;0;7;0;0;2;1;9;B01
201200042502;0;7;0;0;2;5;1;A01
201200042502;0;33;0;0;2;1;1;B01
201200042503;0;7;0;0;9;2;23;B01
201200042503;0;1;0;0;2;8;0;A01
201200042504;0;7;0;0;9;2;12;A01
201200042504;0;1;0;0;2;8;2;B01
201200042505;0;7;0;0;1;1;2;A01
201200042506;0;39;1;0;1;2;1;A01
201200042507;0;33;0;0;2;1;11;A01
201200042507;0;7;0;0;2;2;1;B01
201200042508;0;1;0;1;0;1;0;A01
201200042509;0;7;0;0;2;1;1;A01
201200042509;0;7;0;0;2;4;0;B01
201200042510;0;32;0;0;2;4;2;B01
201200042510;0;7;0;0;2;3;2;A01
201200042511;0;7;0;0;1;1;1;A01
201200042512;0;33;0;0;2;7;1;A01
201200042513;0;1;0;0;2;1;1;B01
201200042513;0;7;0;0;9;3;2;A01
201200042514;0;32;0;0;2;4;1;B01
201200042514;0;7;0;0;2;2;1;A01
201200042515;0;33;0;0;2;1;18;A01
201200042515;0;7;0;0;2;6;20;B01
201200042516;0;7;0;0;1;1;0;A01
201200042517;0;33;0;0;2;1;1;A01
201200042517;0;7;0;0;2;3;10;B01
201200042518;0;33;0;0;1;7;1;A01
201200042519;0;7;0;0;2;6;10;A01
201200042519;0;33;0;0;2;9;1;B01
201200042520;0;7;0;0;2;5;10;A01
201200042520;0;33;0;0;2;1;1;B01
201200042521;0;31;0;0;1;7;17;A01
201200042522;2;7;0;0;2;0;0;C01
201200042522;0;7;0;1;0;2;1;A01
201200042522;0;7;0;0;2;6;1;B01
201200042523;0;7;0;0;2;4;1;A01
201200042523;0;31;0;0;2;2;1;B01
201200042524;0;7;0;0;9;3;9;A01
201200042524;0;1;0;0;2;2;1;B01
201200042525;0;7;0;0;2;2;12;A01
201200042525;0;33;0;0;2;1;1;B01
201200042526;0;32;0;15;1;2;1;A01
201200042526;0;7;0;0;2;5;23;B01
201200042527;0;7;0;0;2;3;10;A01
201200042527;0;33;0;0;2;1;2;B01
201200042528;0;7;0;0;1;1;0;A01
201200042529;0;7;0;0;2;5;1;A01
201200042529;0;7;0;0;2;1;2;B01
201200042530;0;34;0;0;2;5;1;A01
201200042530;0;1;0;0;2;4;11;B01
201200042531;0;7;0;0;2;4;1;B01
201200042531;0;2;0;0;2;1;1;A01
201200042532;0;7;0;1;0;3;1;A01
201200042533;0;7;0;0;2;1;1;B01
201200042533;0;7;0;0;2;7;1;A01
201200042534;0;30;0;0;2;1;17;B01
201200042534;0;7;0;0;2;8;10;A01
201200042535;0;7;0;0;9;8;24;A01
201200042535;0;1;0;1;0;1;2;B01
201200042536;0;7;0;0;2;5;9;A01
201200042536;0;32;0;0;2;1;2;B01
201200042537;0;30;0;0;2;7;2;A01
201200042537;0;7;0;0;2;3;20;B01
201200042538;0;1;0;1;0;1;1;B01
201200042538;0;7;0;0;2;3;22;A01
201200042539;0;33;0;0;1;1;17;A01
201200042540;0;7;0;0;2;4;1;C01
201200042540;0;7;0;0;2;4;1;B01
201200042540;0;7;0;0;2;1;1;A01
201200042541;0;7;0;0;2;8;0;B01
201200042541;0;10;0;0;2;7;1;A01
201200042542;0;10;0;0;1;0;0;A01
201200042543;0;7;0;0;2;3;11;A01
201200042543;0;31;0;0;2;2;11;B01
201200042544;0;7;0;0;1;2;0;A01
201200042545;0;33;0;0;2;2;1;A01
201200042545;0;7;0;0;2;3;1;B01
201200042546;0;2;0;0;2;1;1;A01
201200042546;0;7;0;0;2;6;1;B01
201200042547;1;7;0;0;9;0;0;Z01
201200042547;0;1;0;0;2;8;1;A01
201200042548;0;7;0;1;2;6;1;C01
201200042548;0;7;0;0;2;8;1;B01
201200042548;2;7;0;0;2;7;5;A01
201200042548;0;7;0;0;2;6;1;E01
201200042548;0;7;0;0;2;8;24;D01
201200042549;0;2;0;0;2;1;1;A01
201200042549;0;10;0;0;2;6;23;B01
201200042550;0;7;0;0;1;2;1;A01
201200042551;0;7;0;0;2;6;0;A01
201200042551;0;33;0;0;2;7;0;B01
201200042552;0;32;0;0;2;2;17;A01
201200042552;0;7;0;0;2;3;20;B01
201200042553;0;32;0;0;2;1;1;A01
201200042553;0;7;0;0;2;8;15;B01
201200042554;0;20;0;0;2;3;15;A01
201200042554;0;31;0;0;2;7;2;B01
201200042555;0;33;0;0;2;0;1;B01
201200042555;0;7;0;0;2;0;10;A01
201200042556;0;2;0;0;2;2;1;B01
201200042556;0;7;0;0;2;2;10;A01
201200042557;0;7;0;0;1;7;15;A01
201200042558;0;7;0;0;1;1;1;A01
201200042559;0;10;0;0;2;5;10;B01
201200042559;0;32;0;0;2;7;1;A01
201200042560;0;2;0;1;0;1;1;A01
201200042560;0;10;0;0;2;4;24;B01
201200042561;0;31;0;0;2;2;1;B01
201200042561;0;7;0;0;2;3;22;A01
201200042562;0;7;0;0;2;0;0;A01
201200042562;0;34;0;0;2;1;0;B01
201200042563;0;7;0;0;1;3;11;A01
201200042564;0;30;0;0;1;1;17;A01
201200042565;0;7;0;0;1;1;0;A01
201200042566;0;34;0;0;2;1;1;B01
201200042566;0;7;0;0;9;2;1;A01
201200042567;0;7;0;0;2;3;23;B01
201200042567;0;32;0;1;0;7;17;A01
201200042568;0;33;0;0;2;7;1;B01
201200042568;0;7;0;0;2;3;19;A01
201200042569;0;7;0;0;1;0;2;A01
201200042570;0;30;0;0;2;3;2;A01
201200042570;0;7;0;0;2;2;12;B01
201200042571;0;10;0;0;2;1;20;A01
201200042571;0;34;0;0;2;1;0;B01
201200042572;0;7;0;0;2;1;19;B01
201200042572;0;7;0;0;2;2;19;A01
201200042573;0;37;0;0;1;2;21;A01
201200042574;0;1;0;0;2;1;2;A01
201200042574;0;7;0;0;2;4;1;B01
201200042575;0;7;0;0;2;1;1;A01
201200042575;0;7;0;0;2;8;1;B01
201200042576;0;33;0;1;2;7;17;A01
201200042576;0;7;0;0;2;3;17;B01
201200042577;0;7;0;0;1;0;1;A01
201200042578;0;2;0;0;2;1;1;A01
201200042578;0;7;0;0;2;1;1;B01
201200042579;0;7;0;0;2;7;15;A01
201200042579;0;32;0;0;2;1;1;B01
201200042580;0;33;0;0;0;1;0;B01
201200042580;0;7;0;0;2;2;0;A01
201200042581;0;7;0;0;9;7;1;A01
201200042581;0;33;0;0;2;1;1;B01
201200042582;0;7;0;16;0;0;15;A01
201200042582;0;37;0;0;2;0;0;C01
201200042582;0;30;0;0;2;1;0;B01
201200042583;0;10;0;0;1;1;16;A01
201200042584;0;30;0;0;1;1;3;A01
201200042584;0;7;0;0;2;4;2;B01
201200042585;2;7;0;0;1;2;1;A01
201200042586;0;33;0;0;2;1;0;B01
201200042586;0;31;0;0;2;7;15;A01
201200042587;0;7;0;0;1;1;17;A01
201200042588;0;14;0;0;9;7;16;A01
201200042588;0;1;0;0;2;3;2;B01
201200042589;1;32;0;0;1;3;5;A01
201200042590;0;7;0;0;1;1;2;A01
201200042591;0;7;0;0;1;3;1;A01
201200042592;0;32;0;0;2;1;0;A01
201200042592;0;7;0;0;2;4;0;B01
201200042593;0;7;0;0;2;0;0;B01
201200042593;0;7;0;0;2;2;11;A01
201200042594;0;31;0;0;0;0;0;B01
201200042594;0;10;0;0;9;0;13;A01
201200042595;0;7;0;1;0;2;14;A01
201200042596;0;7;0;0;0;0;0;A01
201200042597;0;15;0;0;2;3;0;A01
201200042597;0;32;0;0;2;2;0;B01
201200042598;0;7;0;0;1;2;16;A01
201200042599;0;1;0;0;9;1;7;A01
201200042599;0;1;0;0;9;8;7;B01
201200042600;0;7;0;0;0;0;16;A01
201200042600;0;33;0;0;2;8;1;B01
201200042601;0;7;0;0;9;7;0;A01
201200042601;0;33;0;0;2;1;0;B01
201200042602;0;30;0;0;0;0;21;B01
201200042602;0;7;0;0;0;0;0;A01
201200042603;0;7;0;0;1;1;1;A01
201200042604;0;7;0;0;2;1;1;A01
201200042604;0;30;0;0;2;7;1;B01
201200042605;0;7;0;0;2;2;1;A01
201200042605;0;38;0;0;2;3;0;B01
201200042606;0;34;0;0;0;1;15;A01
201200042607;0;32;0;1;0;1;1;A01
201200042607;0;10;0;0;9;2;0;B01
201200042608;0;7;0;0;1;1;1;A01
201200042609;0;13;0;0;2;3;1;A01
201200042609;0;7;0;0;2;2;1;B01
201200042610;0;7;0;0;1;2;19;A01
201200042611;0;30;0;0;1;1;1;A01
201200042612;0;7;0;0;1;1;24;A01
201200042613;0;7;0;0;2;0;0;B01
201200042613;0;10;0;0;2;8;0;A01
201200042614;0;30;0;0;2;7;0;A01
201200042614;0;7;0;0;2;1;0;B01
201200042615;0;7;0;0;9;4;2;B01
201200042615;0;33;0;0;2;4;1;A01
201200042616;0;32;0;0;1;1;0;A01
201200042617;0;13;0;0;0;4;24;A01
201200042617;0;32;0;14;0;1;2;B01
201200042618;0;10;0;0;9;1;1;A01
201200042618;0;32;0;0;2;9;1;B01
201200042619;0;2;0;1;0;1;0;A01
201200042620;0;37;0;0;2;6;9;B01
201200042620;0;30;0;0;2;7;17;A01
201200042621;0;7;0;0;1;4;4;A01
201200042622;0;7;0;0;1;4;0;A01
201200042623;1;7;0;0;1;4;4;A01
201200042624;0;7;0;0;2;8;11;A01
201200042624;0;34;0;0;2;1;1;B01
201200042625;0;7;0;0;2;7;0;B01
201200042625;0;32;0;0;2;1;1;A01
201200042626;0;7;0;0;2;9;1;B01
201200042626;0;7;0;0;2;9;13;A01
201200042627;0;7;0;0;1;1;15;A01
201200042628;0;32;0;0;0;7;2;A01
201200042629;0;30;0;1;0;1;14;A01
201200042630;0;33;0;0;2;1;1;B01
201200042630;0;10;0;0;2;7;1;A01
201200042631;0;32;0;0;1;1;1;A01
201200042632;0;7;0;0;1;1;1;A01
201200042633;0;7;0;0;2;2;1;A01
201200042633;0;32;0;0;2;1;1;B01
201200042634;0;30;0;0;2;7;17;A01
201200042634;0;7;0;0;2;8;15;B01
201200042635;0;30;0;0;1;4;19;A01
201200042636;0;7;0;0;1;1;1;A01
201200042637;0;10;0;0;1;4;0;A01
201200042638;0;7;0;0;2;1;1;B01
201200042638;0;34;0;7;2;1;21;A01
201200042639;0;32;0;0;2;0;0;A01
201200042639;0;13;0;0;2;7;0;B01
201200042640;0;7;0;0;1;2;21;A01
201200042641;0;7;0;0;1;1;1;A01
201200042642;0;7;0;0;2;1;0;B01
201200042642;0;7;0;0;2;7;0;A01
201200042643;0;1;0;0;1;1;12;A01
201200042644;0;7;0;1;0;1;21;A01
201200042645;0;7;0;0;1;1;0;A01
201200042646;0;7;0;0;1;0;0;A01
201200042647;0;30;0;0;2;1;0;A01
201200042647;0;7;0;0;2;1;0;B01
201200042648;0;34;0;0;2;1;1;B01
201200042648;0;7;0;0;2;1;1;A01
201200042649;0;7;0;0;2;3;11;B01
201200042649;0;33;0;0;2;2;2;A01
201200042650;0;7;0;0;1;2;16;A01
201200042651;0;7;0;0;2;1;1;A01
201200042651;0;7;0;0;2;4;1;B01
201200042652;0;33;0;0;1;1;1;A01
201200042653;0;7;0;0;2;1;15;A01
201200042653;0;33;0;0;2;1;1;B01
201200042654;0;30;0;0;0;0;1;A01
201200042655;0;7;0;0;0;0;0;A01
201200042655;0;1;0;0;2;1;1;B01
201200042656;0;2;0;0;0;3;1;A01
201200042657;0;1;0;0;2;1;1;A01
201200042657;0;7;0;0;2;3;1;B01
201200042658;0;7;0;0;2;1;2;A01
201200042658;0;7;0;0;2;4;23;B01
201200042658;0;7;0;0;2;4;23;C01
201200042659;0;33;0;0;1;1;17;A01
201200042660;0;7;0;0;2;8;9;A01
201200042660;0;33;0;0;2;1;1;B01
201200042661;0;30;0;12;0;1;1;A01
201200042662;0;32;0;0;2;1;1;A01
201200042662;0;7;0;0;2;3;15;B01
201200042663;0;32;0;11;0;1;1;A01
201200042664;0;32;0;0;0;7;1;A01
201200042665;0;31;0;0;0;8;1;A01
201200042666;0;33;0;0;1;7;1;A01
201200042667;0;7;0;0;2;1;1;A01
201200042667;0;32;0;0;2;7;1;B01
201200042668;0;2;0;0;2;1;1;B01
201200042668;0;7;0;0;2;3;15;A01
201200042669;0;33;0;0;2;1;1;B01
201200042669;0;7;0;0;2;3;20;A01
201200042670;0;7;0;0;2;2;1;A01
201200042670;0;2;0;0;2;1;1;B01
201200042671;0;33;0;8;0;1;1;A01
201200042672;0;37;1;0;1;3;15;A01
201200042673;0;7;0;9;0;1;1;A01
201200042674;0;7;0;0;2;7;1;B01
201200042674;0;7;0;0;2;1;9;A01
201200042675;0;7;0;0;2;7;1;A01
201200042675;0;7;0;0;2;1;1;B01
201200042676;0;7;0;0;1;7;1;A01
201200042677;0;7;0;1;0;5;1;A01
201200042678;0;7;0;0;1;7;1;A01
201200042679;0;7;0;0;1;4;4;A01
201200042680;0;7;0;0;2;6;1;B01
201200042680;0;7;0;8;0;1;1;A01
201200042681;0;7;0;0;2;8;22;A01
201200042681;0;1;0;1;0;1;1;B01
201200042682;0;33;0;0;2;1;1;B01
201200042682;0;7;0;0;2;1;9;A01
201200042683;0;10;0;9;0;1;1;A01
201200042684;0;1;0;0;2;8;17;A01
201200042684;0;7;0;0;2;3;15;B01
201200042685;0;33;0;0;2;1;15;A01
201200042685;0;7;0;0;2;3;1;B01
201200042686;0;7;0;0;1;8;1;A01
201200042687;0;1;0;0;0;0;1;A01
201200042688;0;37;1;0;2;4;1;B01
201200042688;0;7;0;0;2;1;1;A01
201200042689;0;7;0;0;2;4;1;C01
201200042689;0;7;0;0;2;1;1;A01
201200042689;0;7;0;0;2;4;1;B01
201200042690;0;32;0;0;0;7;1;A01
201200042691;0;7;0;0;1;3;1;A01
201200042692;0;37;1;0;1;2;1;A01
201200042693;0;7;0;0;2;4;20;B01
201200042693;0;1;0;0;2;1;1;A01
201200042694;0;7;0;0;2;1;1;B01
201200042694;0;7;0;0;2;1;1;A01
201200042695;0;7;0;0;1;1;1;A01
201200042696;0;7;0;0;1;1;1;A01
201200042697;0;7;0;0;1;1;1;A01
201200042698;0;31;0;0;2;1;1;B01
201200042698;0;7;0;0;2;3;9;A01
201200042699;0;7;0;0;2;0;20;A01
201200042699;0;32;0;0;2;8;1;B01
201200042700;0;33;0;0;0;7;1;A01
201200042701;0;33;0;0;0;8;1;A01
201200042702;0;7;0;0;1;1;1;A01
201200042703;0;7;0;0;2;2;1;A01
201200042703;0;7;0;0;2;6;1;B01
201200042704;0;30;0;1;0;1;1;B01
201200042704;0;10;0;1;2;8;22;A01
201200042705;0;33;0;12;0;0;1;A01
201200042706;0;33;0;0;0;7;21;B01
201200042706;0;7;0;0;0;8;15;A01
201200042707;0;7;0;0;2;1;1;A01
201200042707;0;7;0;0;2;4;1;B01
201200042708;0;32;0;0;2;1;2;A01
201200042709;0;30;0;0;2;7;1;B01
201200042709;0;7;0;0;2;2;15;A01
201200042710;0;7;0;0;2;8;1;B01
201200042710;0;2;0;0;2;1;1;A01
201200042711;0;7;0;0;2;8;1;B01
201200042711;0;30;0;0;2;7;12;A01
201200042712;0;7;0;0;1;1;1;A01
201200042713;0;7;0;0;2;0;1;A01
201200042713;0;33;0;0;2;8;1;B01
201200042714;0;7;0;0;1;3;15;A01
201200042715;0;30;0;0;2;1;16;B01
201200042715;0;7;0;0;2;4;4;A01
201200042716;0;7;0;0;2;6;2;B01
201200042716;0;14;0;0;2;1;2;A01
201200042717;0;7;0;0;1;3;1;A01
201200042718;0;7;0;0;2;1;1;A01
201200042718;0;7;0;0;2;4;1;B01
201200042719;0;33;0;0;1;1;1;A01
201200042720;0;7;0;0;1;2;1;A01
201200042721;0;7;0;0;2;2;16;A01
201200042721;0;32;0;0;2;1;18;B01
201200042722;0;10;0;0;1;1;1;A01
201200042723;0;7;0;0;2;1;1;B01
201200042723;0;7;0;15;2;2;1;A01
201200042724;0;10;0;0;2;3;2;A01
201200042724;0;7;0;0;2;4;23;B01
201200042725;0;7;0;0;1;2;1;A01
201200042726;0;7;0;0;1;1;1;A01
201200042727;0;7;0;0;2;4;23;A01
201200042727;0;7;0;0;2;1;2;B01
201200042728;0;7;0;0;2;8;22;A01
201200042728;0;1;0;1;0;1;1;B01
201200042729;0;10;0;0;2;8;10;A01
201200042729;0;32;0;0;2;1;2;B01
201200042730;0;10;0;0;1;3;15;A01
201200042731;0;31;0;0;2;7;17;B01
201200042731;0;7;0;0;2;3;15;A01
201200042732;0;37;0;0;1;2;17;A01
201200042733;0;7;0;0;2;4;1;B01
201200042733;0;30;0;0;2;1;1;A01
201200042734;0;33;0;0;2;8;1;B01
201200042734;0;7;0;0;2;7;16;A01
201200042735;0;7;0;0;1;1;0;A01
201200042736;0;37;10;0;2;7;1;B01
201200042736;0;1;0;0;2;1;9;A01
201200042737;0;33;0;0;2;8;17;A01
201200042737;0;7;0;0;2;3;2;B01
201200042738;0;34;0;0;2;1;1;B01
201200042738;0;7;0;0;2;7;15;A01
201200042739;0;7;0;0;2;8;15;B01
201200042739;0;33;0;0;2;1;17;A01
201200042740;1;30;0;0;2;0;17;Z01
201200042740;0;7;0;0;2;8;15;B01
201200042741;0;10;0;0;2;2;19;B01
201200042741;0;33;0;0;2;3;8;A01
201200042742;0;7;0;0;2;8;10;A01
201200042742;0;30;0;0;2;1;1;B01
201200042743;0;7;0;0;2;3;15;A01
201200042743;0;1;0;0;2;4;15;B01
201200042744;0;7;0;0;2;8;9;B01
201200042744;0;33;0;1;2;1;1;A01
201200042745;0;34;0;0;2;1;1;B01
201200042745;0;7;0;0;2;2;1;A01
201200042746;0;34;0;0;1;1;1;A01
201200042747;0;7;0;0;2;1;5;A01
201200042747;0;33;0;0;2;1;1;B01
201200042748;0;33;0;0;0;1;1;A01
201200042749;0;7;0;0;2;3;9;A01
201200042749;0;33;0;0;2;7;1;B01
201200042750;0;33;0;0;0;0;1;A01
201200042750;0;10;0;0;0;0;23;B01
201200042751;0;32;0;0;2;5;1;A01
201200042751;1;7;0;0;2;0;11;Z01
201200042752;0;31;0;0;2;1;1;B01
201200042752;0;7;0;0;2;2;15;A01
201200042753;0;33;0;0;2;1;1;B01
201200042753;0;7;0;0;2;3;15;A01
201200042754;0;7;0;0;2;8;15;B01
201200042754;0;32;0;0;2;1;2;A01
201200042755;0;10;0;0;2;1;2;A01
201200042755;0;7;0;0;2;4;2;B01
201200042756;0;7;0;4;2;3;2;B01
201200042756;0;7;0;0;2;2;2;A01
201200042757;0;30;0;0;2;3;1;A01
201200042757;0;7;0;0;2;1;9;B01
201200042758;0;31;0;0;2;7;23;B01
201200042758;0;7;0;0;2;3;18;A01
201200042759;0;7;0;0;2;8;1;B01
201200042759;1;7;0;0;2;1;15;Z01
201200042760;0;7;0;0;2;3;2;A01
201200042760;0;33;0;0;2;4;15;B01
201200042761;0;30;0;0;2;8;1;B01
201200042761;0;10;0;0;2;1;9;A01
201200042762;0;7;0;0;1;3;2;A01
201200042763;0;7;0;0;2;6;2;B01
201200042763;0;30;0;0;2;1;2;A01
201200042764;0;31;0;0;2;1;18;A01
201200042764;0;7;0;0;2;2;9;B01
201200042765;0;7;0;0;2;7;19;A01
201200042765;0;2;0;0;2;1;15;B01
201200042766;0;2;0;15;0;2;0;A01
201200042767;0;7;0;0;0;0;15;A01
201200042767;0;33;0;0;2;0;21;B01
201200042768;0;33;0;1;0;1;1;A01
201200042769;0;7;0;0;2;1;1;A01
201200042769;0;7;0;0;2;6;1;B01
201200042770;0;32;0;0;2;0;2;B01
201200042770;0;7;0;0;2;0;15;A01
201200042771;0;33;0;0;2;1;17;A01
201200042771;0;7;0;0;2;3;15;B01
201200042772;0;33;0;0;2;1;17;A01
201200042772;0;7;0;0;2;3;17;B01
201200042773;0;7;0;0;2;1;15;A01
201200042773;0;10;0;0;2;3;2;B01
201200042774;0;7;0;0;1;1;1;A01
201200042775;0;7;0;0;1;1;15;A01
201200042776;0;10;0;0;2;3;9;A01
201200042776;0;37;0;0;2;5;21;B01
201200042777;0;34;0;1;2;1;15;A01
201200042777;1;7;0;0;2;0;13;Z01
201200042778;0;7;0;0;1;2;1;A01
201200042779;0;32;0;0;2;1;1;B01
201200042779;0;7;0;0;2;7;15;A01
201200042780;0;7;0;0;2;1;1;A01
201200042780;0;33;0;0;2;1;15;B01
201200042781;0;33;0;0;1;1;7;A01
201200042782;0;7;0;0;2;8;1;B01
201200042782;0;37;10;0;2;1;1;A01
201200042783;0;34;0;6;0;1;16;A01
201200042784;0;30;0;0;0;0;0;A01
201200042785;0;33;0;0;0;0;17;A01
201200042786;0;33;0;0;2;1;1;B01
201200042786;0;7;0;0;2;1;15;A01
201200042787;0;32;0;0;2;1;1;B01
201200042787;0;7;0;0;2;3;15;A01
201200042788;0;34;0;0;2;1;1;B01
201200042788;1;7;0;0;2;0;16;A01
201200042789;0;7;0;0;1;8;15;A01
201200042790;0;7;0;0;2;4;23;B01
201200042790;0;7;0;0;2;1;2;A01
201200042790;0;7;0;0;2;4;23;C01
201200042791;0;32;0;0;2;1;16;B01