num_acc;senc;catv;occutc;obs;obsm;choc;manv;num_veh
201200042791;0;7;0;0;2;2;15;A01
201200042792;0;7;0;0;2;1;16;A01
201200042792;0;7;0;0;2;3;1;B01
201200042793;0;7;0;9;0;1;1;A01
201200042794;0;1;0;0;2;1;0;B01
201200042794;0;14;0;0;9;6;16;A01
201200042795;0;10;0;0;2;3;15;A01
201200042795;0;1;0;0;2;1;1;B01
201200042796;0;7;0;0;2;2;15;A01
201200042796;0;32;0;0;2;3;2;B01
201200042797;0;33;0;0;2;8;2;A01
201200042797;0;7;0;0;2;4;23;B01
201200042798;0;30;0;0;2;8;1;B01
201200042798;0;7;0;0;2;1;1;A01
201200042799;0;7;0;0;2;3;1;B01
201200042799;0;7;0;0;2;3;15;A01
201200042800;0;37;1;0;2;6;23;B01
201200042800;0;99;0;0;2;1;1;A01
201200042801;0;31;0;0;1;1;1;A01
201200042802;0;14;0;0;2;3;1;B01
201200042802;0;10;0;0;2;3;13;A01
201200042803;0;7;0;0;1;3;14;A01
201200042804;0;32;0;0;2;1;1;B01
201200042804;0;10;0;0;2;6;17;A01
201200042805;0;32;0;0;1;2;1;A01
201200042806;0;30;0;0;2;1;1;A01
201200042806;0;7;0;0;2;3;1;B01
201200042807;0;34;0;0;2;6;1;B01
201200042807;0;7;0;0;2;3;1;A01
201200042808;0;7;0;0;1;0;1;A01
201200042809;0;34;0;0;2;3;1;B01
201200042809;0;7;0;0;2;6;15;A01
201200042810;0;7;0;0;2;2;15;A01
201200042810;0;32;0;0;2;1;1;B01
201200042811;0;34;0;0;1;1;1;A01
201200042812;0;31;0;0;2;8;1;B01
201200042812;0;7;0;0;2;1;15;A01
201200042813;0;7;0;0;1;3;1;A01
201200042814;0;7;0;0;1;1;15;A01
201200042815;0;7;0;0;1;3;1;A01
201200042816;0;7;0;0;1;1;1;A01
201200042817;0;7;0;0;1;1;15;A01
201200042818;0;7;0;0;1;1;16;A01
201200042819;0;32;0;0;2;1;1;B01
201200042819;0;7;0;0;2;6;10;A01
201200042820;0;1;0;1;0;1;1;B01
201200042821;0;33;0;0;2;1;1;B01
201200042821;0;10;0;0;2;3;10;A01
201200042822;0;7;0;0;9;2;1;B01
201200042822;0;1;0;0;2;3;18;A01
201200042823;0;7;0;0;1;8;23;B01
201200042823;0;7;0;0;1;2;1;A01
201200042824;0;7;0;0;2;4;1;B01
201200042824;0;10;0;0;2;1;2;A01
201200042825;0;32;0;0;1;1;1;A01
201200042826;0;14;0;0;2;6;1;B01
201200042826;0;7;0;0;2;3;13;A01
201200042827;0;7;0;0;2;6;1;B01
201200042827;0;7;0;0;2;1;5;A01
201200042828;0;33;0;0;2;1;2;B01
201200042828;0;7;0;0;2;8;9;A01
201200042829;0;32;0;0;2;1;17;A01
201200042829;0;7;0;0;2;3;15;B01
201200042830;0;7;0;1;2;1;1;B01
201200042830;0;7;0;0;2;3;13;A01
201200042831;0;32;0;0;1;7;1;A01
201200042832;0;10;0;0;2;0;15;B01
201200042832;0;33;0;0;0;0;1;A01
201200042833;0;33;0;0;2;3;1;B01
201200042833;0;7;0;0;2;2;19;A01
201200042834;1;7;0;0;2;0;15;Z01
201200042834;0;33;0;0;2;8;21;B01
201200042835;0;33;0;0;0;8;1;A01
201200042836;0;30;0;0;2;0;1;B01
201200042836;0;31;0;0;2;0;12;A01
201200042837;1;7;0;0;1;0;1;A01
201200042838;0;7;0;15;0;1;1;A01
201200042839;0;10;0;0;2;8;15;B01
201200042839;0;32;0;0;2;1;1;A01
201200042840;0;7;0;0;2;1;2;A01
201200042840;0;31;0;0;2;4;23;B01
201200042841;0;10;0;0;2;1;2;A01
201200042841;0;7;0;0;2;4;23;B01
201200042842;0;7;0;0;1;6;1;A01
201200042843;0;33;0;0;2;1;2;B01
201200042843;0;7;0;0;2;3;15;A01
201200042844;0;33;0;0;2;4;2;B01
201200042844;0;7;0;0;2;1;2;A01
201200042845;0;7;0;0;2;3;15;A01
201200042845;0;30;0;0;2;1;1;B01
201200042846;0;32;0;0;2;7;17;B01
201200042846;0;7;0;0;2;3;15;A01
201200042847;2;7;0;0;2;1;13;A01
201200042847;0;30;0;0;2;1;1;B01
201200042848;0;10;0;0;2;7;1;A01
201200042848;0;33;0;0;2;8;1;B01
201200042849;0;7;0;0;2;2;10;A01
201200042849;0;30;0;0;2;1;1;B01
201200042850;0;30;0;0;2;1;2;B01
201200042850;0;7;0;0;2;4;1;A01
201200042851;0;10;0;0;2;2;15;B01
201200042851;0;30;0;0;2;1;17;A01
201200042852;0;1;0;0;2;0;19;A01
201200042852;0;7;0;0;9;8;1;B01
201200042853;0;7;0;0;2;4;23;B01
201200042853;0;7;0;0;2;4;23;C01
201200042853;0;7;0;0;2;1;21;A01
201200042854;0;1;0;0;2;7;1;B01
201200042854;0;10;0;0;9;1;15;A01
201200042855;0;7;0;0;1;1;0;A01
201200042856;0;7;0;0;2;1;2;A01
201200042856;0;7;0;0;2;4;1;B01
201200042857;0;33;0;0;2;1;1;A01
201200042857;0;7;0;0;2;3;1;B01
201200042858;0;7;0;0;2;1;1;B01
201200042858;0;7;0;8;2;1;1;A01
201200042859;0;30;0;0;2;1;2;A01
201200042859;0;7;0;0;2;3;15;B01
201200042860;0;7;0;1;0;2;1;A01
201200042860;0;7;0;0;2;6;24;B01
201200042861;0;7;0;15;0;7;16;A01
201200042862;0;7;0;11;0;1;2;A01
201200042862;0;10;0;0;0;1;2;B01
201200042863;0;7;0;0;1;1;1;A01
201200042864;0;33;0;0;2;1;1;A01
201200042864;0;7;0;0;2;4;23;B01
201200042865;0;30;0;0;2;1;1;B01
201200042865;0;7;0;0;2;3;9;A01
201200042866;0;7;0;0;2;8;16;B01
201200042866;0;7;0;0;2;2;1;A01
201200042867;0;7;0;0;2;0;1;B01
201200042867;0;2;0;8;2;8;16;A01
201200042868;0;10;0;0;2;2;15;B01
201200042868;0;33;0;0;2;8;1;A01
201200042869;0;7;0;0;2;7;16;A01
201200042869;0;30;0;0;2;8;1;B01
201200042870;0;7;0;0;2;2;16;A01
201200042870;0;7;0;0;2;3;1;B01
201200042871;0;31;0;0;2;1;1;B01
201200042871;0;7;0;0;2;3;15;A01
201200042872;1;30;0;0;1;1;1;Z01
201200042873;0;33;0;0;2;1;1;A01
201200042874;0;33;0;0;2;8;17;A01
201200042874;0;10;0;0;2;2;1;B01
201200042875;0;7;0;0;1;1;0;A01
201200042876;0;7;0;15;0;1;1;A01
201200042877;0;37;3;0;1;3;1;A01
201200042878;0;7;0;0;2;4;1;B01
201200042878;0;33;0;0;2;1;1;A01
201200042879;0;7;0;0;2;2;1;B01
201200042879;0;7;0;0;2;3;1;A01
201200042880;0;7;0;0;2;3;1;A01
201200042880;0;7;0;0;2;1;1;B01
201200042881;0;7;0;0;1;2;1;A01
201200042882;0;7;0;0;0;3;1;A01
201200042883;0;31;0;0;2;3;1;B01
201200042883;0;7;0;0;2;3;15;A01
201200042884;0;30;0;0;1;1;21;A01
201200042885;1;30;0;0;1;0;0;Z01
201200042886;0;32;0;0;2;1;1;B01
201200042886;0;7;0;0;2;3;20;A01
201200042887;0;30;0;0;2;1;18;A01
201200042887;0;7;0;0;2;3;1;B01
201200042888;1;7;0;0;0;0;11;Z01
201200042888;0;15;0;4;0;1;21;A01
201200042889;0;7;0;0;2;1;1;A01
201200042889;0;33;0;0;2;8;15;B01
201200042890;0;7;0;0;2;3;1;B01
201200042890;0;7;0;0;2;2;4;A01
201200042891;0;7;0;0;2;1;2;A01
201200042891;0;7;0;0;2;4;23;B01
201200042892;0;31;0;0;2;1;15;B01
201200042892;0;7;0;0;2;2;1;A01
201200042893;0;7;0;0;2;4;1;A01
201200042893;0;7;0;0;2;1;2;B01
201200042894;0;31;0;0;2;4;2;B01
201200042894;0;7;0;0;2;1;2;A01
201200042895;0;7;0;0;2;7;2;B01
201200042895;0;33;0;0;2;8;2;A01
201200042896;0;7;0;0;2;0;0;B01
201200042896;2;7;0;0;2;0;0;Z01
201200042897;0;7;0;0;2;3;15;A01
201200042897;0;7;0;0;2;2;1;B01
201200042898;0;7;0;0;2;2;16;A01
201200042898;0;7;0;0;2;3;1;B01
201200042899;0;1;0;0;1;1;1;A01
201200042900;0;7;0;0;1;2;1;A01
201200042901;0;7;0;7;0;1;13;A01
201200042902;0;7;0;0;1;2;1;A01
201200042903;0;7;0;0;2;3;15;B01
201200042903;0;33;0;0;2;1;1;A01
201200042904;0;32;0;0;2;7;17;A01
201200042904;0;7;0;0;2;8;1;B01
201200042905;0;7;0;0;2;3;1;B01
201200042905;0;7;0;0;2;1;1;A01
201200042906;0;31;0;0;2;1;1;A01
201200042906;0;7;0;0;2;5;23;B01
201200042907;0;7;0;0;2;4;1;B01
201200042907;0;7;0;0;2;1;2;A01
201200042908;0;7;0;0;2;6;10;A01
201200042908;0;32;0;0;2;1;1;B01
201200042909;0;7;0;0;1;3;1;A01
201200042910;0;7;0;0;2;6;9;A01
201200042910;0;7;0;0;2;2;1;B01
201200042911;0;13;0;0;2;4;1;B01
201200042911;0;7;0;9;2;1;14;A01
201200042912;0;32;0;0;2;7;1;B01
201200042912;0;7;0;0;2;8;11;A01
201200042913;0;7;0;0;2;1;1;A01
201200042913;0;7;0;0;2;4;1;B01
201200042914;0;7;0;0;2;4;0;B01
201200042914;0;7;0;0;2;0;0;A01
201200042915;0;7;0;1;0;1;1;A01
201200042916;0;7;0;0;2;8;1;B01
201200042916;0;7;0;0;2;3;9;A01
201200042917;0;1;0;0;2;2;19;B02
201200042917;0;7;0;0;2;3;15;A01
201200042918;0;10;0;0;2;4;1;B01
201200042918;0;10;0;0;2;1;1;A01
201200042919;0;37;1;3;0;1;0;A01
201200042920;0;30;0;0;2;1;17;A01
201200042920;0;7;0;0;2;3;15;B01
201200042921;0;7;0;0;2;8;15;A01
201200042921;0;30;0;0;2;1;1;B01
201200042922;0;7;0;0;2;4;1;B01
201200042922;0;7;0;0;2;1;1;A01
201200042922;0;7;0;0;2;3;9;C01
201200042923;0;30;0;0;2;2;17;B01
201200042923;0;7;0;0;2;0;15;A01
201200042924;0;7;0;0;2;3;1;B01
201200042924;0;7;0;0;2;2;13;A01
201200042925;1;30;0;0;1;1;1;Z01
201200042926;0;7;0;5;0;1;1;A01
201200042927;0;7;0;0;2;3;23;B01
201200042927;0;30;0;0;2;1;13;A01
201200042928;0;33;0;0;2;1;1;A01
201200042928;0;7;0;0;2;4;1;C01
201200042928;0;7;0;0;2;7;1;B01
201200042929;0;7;0;0;2;1;2;A01
201200042929;0;7;0;0;2;4;15;B01
201200042930;0;7;0;0;2;7;1;A01
201200042930;0;7;0;0;2;3;1;B01
201200042931;0;7;0;0;2;8;16;B01
201200042931;0;31;0;0;2;5;18;A01
201200042932;0;7;0;0;2;1;2;A01
201200042932;0;7;0;0;2;4;23;B01
201200042933;0;33;0;0;0;0;21;A01
201200042934;0;7;0;0;2;1;1;A01
201200042934;0;7;0;0;2;4;1;B01
201200042935;0;30;0;0;2;8;1;B01
201200042935;0;7;0;0;2;2;1;A01
201200042936;0;7;0;0;1;3;1;A01
201200042937;0;7;0;0;2;7;1;A01
201200042937;0;7;0;0;2;1;1;B01
201200042938;0;31;0;0;2;8;18;B01
201200042938;0;7;0;0;2;0;12;A01
201200042939;1;10;0;0;2;0;17;Z01
201200042939;0;1;0;0;2;4;2;A01
201200042940;0;7;0;0;1;3;1;A01
201200042941;0;7;0;0;0;0;0;C01
201200042941;0;7;0;0;1;4;4;A01
201200042942;0;7;0;0;2;5;20;A01
201200042942;0;32;0;0;2;7;0;B01
201200042943;0;15;0;5;0;2;1;A01
201200042944;0;7;0;0;2;1;15;A01
201200042944;0;34;0;0;2;0;1;B01
201200042945;0;30;0;0;2;1;17;A01
201200042945;0;7;0;0;2;3;1;B01
201200042946;0;7;0;0;2;1;1;A01
201200042946;0;7;0;0;2;8;16;B01
201200042947;0;7;0;0;2;4;1;B01
201200042947;0;7;0;0;2;1;1;A01
201200042948;0;34;0;0;2;1;0;A01
201200042948;0;7;0;0;2;1;1;B01
201200042949;0;7;0;0;2;8;1;B01
201200042949;0;32;0;12;2;1;17;A01
201200042950;0;7;0;0;1;3;0;A01
201200042951;0;7;0;8;0;3;1;A01
201200042952;0;7;0;0;2;2;16;A01
201200042952;0;30;0;8;2;3;2;B01
201200042953;0;33;0;0;1;1;0;A01
201200042954;0;7;0;0;2;1;1;A01
201200042954;0;7;0;0;2;7;19;B01
201200042955;0;32;0;0;1;3;1;A01
201200042956;0;7;0;0;2;8;15;B01
201200042956;0;30;0;0;2;2;17;A01
201200042957;0;7;0;0;2;1;15;A01
201200042957;0;30;0;0;2;1;1;B01
201200042958;0;33;0;0;2;1;1;B01
201200042958;0;7;0;0;2;1;15;A01
201200042959;0;31;0;0;2;1;1;B01
201200042959;0;7;0;0;2;6;1;A01
201200042960;0;33;0;0;1;1;1;A01
201200042961;0;32;0;0;0;8;21;A01
201200042962;0;2;0;0;2;8;1;A01
201200042962;0;7;0;0;2;7;1;B01
201200042963;0;7;0;0;9;1;9;A01
201200042963;0;1;0;0;2;7;1;B01
201200042964;0;7;0;0;2;7;0;A01
201200042964;0;33;0;0;2;3;16;B01
201200042965;0;33;0;0;0;0;16;A01
201200042966;0;7;0;1;2;3;11;A01
201200042966;0;15;0;0;2;6;24;C01
201200042966;0;10;0;0;2;2;1;B01
201200042967;0;33;0;0;2;1;1;A01
201200042967;0;7;0;0;2;3;9;B01
201200042968;0;7;0;0;2;6;1;C01
201200042968;0;7;0;0;2;1;1;D01
201200042968;1;7;0;0;0;1;0;Z01
201200042968;0;7;0;0;2;4;1;B01
201200042969;0;1;0;0;2;4;13;B01
201200042969;0;32;0;0;2;1;1;A01
201200042970;0;7;0;0;1;1;15;A01
201200042971;0;10;0;0;1;3;15;A01
201200042972;0;32;0;0;2;1;18;B01
201200042972;0;7;0;0;2;7;1;A01
201200042973;0;34;0;0;0;9;1;A01
201200042974;0;32;0;0;0;0;21;B01
201200042974;0;7;0;0;0;0;15;A01
201200042975;0;7;0;0;2;3;15;A01
201200042975;0;32;0;0;2;1;17;B01
201200042976;0;33;0;0;0;0;1;A01
201200042977;0;1;0;0;0;0;1;A01
201200042978;0;7;0;0;2;8;13;A01
201200042978;0;13;0;0;2;2;1;B01
201200042979;0;37;1;0;2;1;2;A01
201200042979;0;7;0;0;2;4;2;B01
201200042980;0;30;0;0;2;1;1;A01
201200042980;0;7;0;0;2;7;1;B01
201200042981;0;30;0;0;2;8;1;A01
201200042981;0;7;0;0;2;1;15;B01
201200042982;0;7;0;0;9;9;2;A01
201200042983;1;7;0;0;1;0;0;Z01
201200042984;0;32;0;0;9;1;0;B01
201200042984;0;7;0;0;2;2;0;A01
201200042985;0;7;0;0;2;3;0;C01
201200042985;0;7;0;0;2;5;0;B01
201200042985;0;7;0;0;2;9;0;A01
201200042986;0;7;0;0;2;1;15;B01
201200042986;0;30;0;0;2;9;1;A01
201200042987;0;7;0;0;1;1;0;A01
201200042988;0;7;0;0;2;1;0;B01
201200042988;0;30;0;0;2;1;0;A01
201200042989;0;7;0;0;1;0;1;A01
201200042990;0;7;0;0;0;8;22;A01
201200042990;0;1;0;0;2;7;1;B01
201200042991;0;33;0;0;0;3;0;A01
201200042992;0;7;0;0;1;1;15;A01
201200042993;0;7;0;0;2;2;1;A01
201200042993;0;7;0;0;2;6;0;B01
201200042994;0;7;0;0;1;3;0;A01
201200042995;0;10;0;0;2;2;2;B01
201200042995;0;7;0;0;2;1;10;A01
201200042996;0;32;0;0;9;0;1;A01
201200042997;0;7;0;0;2;3;15;B01
201200042997;0;2;0;0;2;2;0;A01
201200042998;0;3;0;0;2;4;0;B01
201200042998;0;7;0;0;2;1;0;A01
201200042999;0;1;0;0;2;9;13;A01
201200042999;0;2;0;0;2;0;1;B01
201200043000;0;7;0;0;2;1;1;A01
201200043000;0;7;0;0;2;8;1;B01
201200043001;0;30;0;0;2;1;2;A01
201200043001;0;7;0;0;2;4;2;B01
201200043002;0;7;0;0;2;2;15;A01
201200043002;0;7;0;0;2;1;1;B01
201200043003;0;7;0;0;2;3;15;A01
201200043003;0;32;0;0;2;9;1;B01
201200043004;0;7;0;0;1;1;1;A01
201200043005;0;13;0;0;1;2;1;A01
201200043006;0;32;0;0;2;1;1;A01
201200043006;0;7;0;0;2;5;1;B01
201200043006;0;7;0;0;2;6;1;C01
201200043007;0;34;0;16;0;0;1;A01
201200043008;0;30;0;0;0;7;0;A01
201200043009;0;7;0;0;1;1;1;A01
201200043010;0;7;0;0;2;3;20;A01
201200043010;0;33;0;0;2;7;1;B01
201200043011;0;7;0;0;2;4;1;C01
201200043011;0;7;0;0;2;6;15;B01
201200043011;0;7;0;0;2;2;1;A01
201200043012;0;7;0;;2;1;0;A01
201200043012;0;10;0;0;2;4;1;B01
201200043013;0;33;0;0;2;1;1;B01
201200043013;0;7;0;0;2;7;1;A01
201200043014;0;33;0;0;1;1;1;A01
201200043015;0;99;0;0;2;7;1;A01
201200043015;0;34;0;0;2;1;1;B01
201200043016;0;7;0;0;2;6;12;B01
201200043016;0;30;0;0;2;7;3;A01
201200043017;0;7;0;0;1;1;17;A01
201200043018;0;7;0;0;1;6;4;A01
201200043019;0;7;0;1;2;4;1;B01
201200043019;0;7;0;0;2;1;1;A01
201200043020;0;7;0;0;2;8;15;B01
201200043020;0;33;0;0;2;1;1;A01
201200043021;0;7;0;0;2;9;2;A01
201200043021;0;13;0;0;2;1;1;B01
201200043022;0;33;0;2;2;1;2;C01
201200043022;0;34;0;0;2;1;2;A01
201200043022;0;7;0;0;2;4;2;B01
201200043023;0;7;0;0;2;7;10;A01
201200043023;0;7;0;0;2;1;1;B01
201200043024;0;1;0;1;0;1;1;B01
201200043024;0;7;0;0;9;8;22;A01
201200043025;0;7;0;0;2;2;1;B01
201200043025;0;7;0;0;2;7;15;A01
201200043026;0;32;0;0;2;6;1;B01
201200043026;0;7;0;0;2;1;1;A01
201200043027;0;10;0;0;1;5;16;A01
201200043028;0;7;0;0;1;1;1;A01
201200043029;0;7;0;0;1;1;1;A01
201200043030;0;33;0;0;2;9;1;B01
201200043030;0;7;0;0;2;1;10;A01
201200043031;0;7;0;0;2;8;10;A01
201200043031;0;32;0;0;2;1;1;B01
201200043032;0;33;0;0;1;1;1;A01
201200043033;0;7;0;0;2;1;1;A01
201200043033;0;7;0;0;2;8;19;B01
201200043034;1;7;0;0;1;3;0;Z01
201200043035;0;33;0;0;1;1;0;A01
201200043036;0;7;0;0;2;1;5;A01
201200043036;0;10;0;0;2;3;1;B01
201200043037;0;32;0;0;2;9;1;A01
201200043038;0;33;0;0;2;9;1;B01
201200043038;0;7;0;0;2;1;1;A01
201200043039;0;7;0;0;2;3;19;A01
201200043039;0;34;0;0;2;1;17;B01
201200043040;0;7;0;0;2;1;12;A01
201200043040;0;33;0;0;2;9;1;B01
201200043041;0;10;0;0;2;1;2;A01
201200043041;0;7;0;0;0;4;2;B01
201200043042;0;7;0;0;2;6;2;B01
201200043042;0;33;0;14;0;1;2;A01
201200043043;0;10;0;0;1;6;4;A01
201200043044;0;31;0;0;2;6;15;B01
201200043044;0;7;0;0;2;3;19;A01
201200043045;1;7;0;0;0;0;2;Z01
201200043045;0;7;0;0;2;6;2;B01
201200043046;0;31;0;0;9;0;21;A01
201200043047;0;2;0;0;2;1;5;B01
201200043047;0;10;0;0;2;1;5;A01
201200043048;0;10;0;0;1;1;1;A01
201200043049;1;7;0;0;1;0;1;Z01
201200043050;0;7;0;0;2;5;2;B01
201200043050;0;32;0;0;2;1;2;A01
201200043051;0;7;0;0;2;2;2;C01
201200043051;0;7;0;0;2;6;5;A01
201200043051;0;7;0;0;2;3;5;B01
201200043051;0;7;0;0;2;4;2;D01
201200043052;0;2;0;0;0;8;1;A01
201200043053;1;7;0;0;2;1;18;Z01
201200043053;0;2;0;0;2;7;1;A01
201200043054;0;31;0;0;2;8;0;A01
201200043054;0;7;0;0;2;8;2;B01
201200043054;0;7;0;1;2;3;2;C01
201200043055;0;10;0;0;2;1;1;A01
201200043055;0;7;0;0;2;4;1;B01
201200043056;0;30;0;0;2;1;14;A01
201200043056;0;7;0;0;2;8;1;B01
201200043057;0;7;0;9;;1;1;A01
201200043058;0;7;0;0;2;1;2;A01
201200043058;0;7;0;0;0;4;2;B01
201200043059;0;7;0;0;2;1;2;B01
201200043059;0;7;0;0;2;4;23;A01
201200043060;0;32;0;0;2;4;17;A01
201200043060;0;7;0;0;2;1;1;B01
201200043061;0;10;0;0;1;2;1;A01
201200043062;0;7;0;0;2;7;16;A01
201200043062;0;32;0;0;2;8;18;B01
201200043063;0;10;0;0;2;1;1;B01
201200043063;0;7;0;0;2;3;1;A01
201200043064;0;7;0;0;2;7;10;A01
201200043064;0;32;0;0;2;1;1;B01
201200043065;0;7;0;0;2;3;15;B01
201200043065;0;2;0;0;2;9;1;A01
201200043066;0;32;0;0;1;9;1;A01
201200043067;0;7;0;0;2;1;9;A01
201200043068;0;7;0;0;2;6;11;A01
201200043068;0;30;0;0;2;4;1;B01
201200043069;0;32;0;0;2;7;16;A01
201200043069;0;7;0;0;2;3;1;B01
201200043070;0;32;0;12;0;0;1;A01
201200043071;0;7;0;0;2;1;10;A01
201200043071;0;2;0;0;2;1;1;B01
201200043072;0;33;0;0;2;1;1;B01
201200043072;0;7;0;0;2;8;10;A01
201200043073;0;7;0;0;1;1;1;A01
201200043074;0;7;0;0;2;7;1;C01
201200043074;0;33;0;0;2;7;1;A01
201200043074;0;7;0;0;2;3;12;B01
201200043075;0;10;0;0;2;2;15;A01
201200043075;0;30;0;0;2;1;1;B01
201200043076;1;7;0;0;1;0;0;A01
201200043077;0;7;0;0;2;2;22;A01
201200043077;0;32;0;0;0;0;1;B01
201200043078;0;1;0;0;0;4;1;B01
201200043078;0;7;0;0;0;1;1;A01
201200043079;0;7;0;0;1;4;4;A01
201200043080;0;31;0;0;2;1;1;A01
201200043080;0;7;0;0;2;8;11;B01
201200043081;0;32;0;0;0;8;15;A01
201200043082;0;1;0;14;0;7;1;A01
201200043083;0;7;0;0;1;1;1;A01
201200043084;0;7;0;0;2;4;2;C01
201200043084;0;33;0;0;2;1;2;A01
201200043084;0;10;0;0;0;4;2;B01
201200043085;0;7;0;0;1;0;2;A01
201200043086;0;31;0;0;0;0;1;A01
201200043087;0;10;0;0;2;8;15;A01
201200043087;0;30;0;0;2;1;1;B01
201200043088;0;32;0;0;0;0;15;A01
201200043089;0;34;0;0;1;1;1;A01
201200043090;0;1;0;0;2;1;1;B01
201200043090;0;7;0;0;2;7;20;A01
201200043091;0;7;0;0;2;9;1;A01
201200043091;1;7;0;0;2;0;1;Z01
201200043092;0;7;0;0;0;4;23;C01
201200043092;0;7;0;0;2;1;2;A01
201200043092;0;7;0;0;2;4;23;B01
201200043093;0;32;0;0;1;1;21;A01
201200043094;0;32;0;0;1;1;1;A01
201200043095;0;7;0;0;2;1;1;A01
201200043095;1;7;0;1;2;0;0;Z01
201200043096;0;2;0;0;2;1;1;B01
201200043096;0;7;0;0;2;7;12;A01
201200043097;0;10;0;0;2;4;23;B01
201200043097;0;34;0;0;2;1;1;A01
201200043098;0;7;0;0;2;1;2;A01
201200043098;0;1;0;0;2;8;23;B01
201200043099;0;2;0;0;0;0;1;A01
201200043100;0;7;0;0;2;5;0;B01
201200043100;0;30;0;0;0;1;1;A01
201200043101;0;7;0;0;2;3;20;A01
201200043101;0;32;0;0;2;0;1;B01
201200043102;0;7;0;0;2;9;16;B01
201200043102;0;2;0;0;2;9;18;A01
201200043103;0;7;0;0;2;1;1;B01
201200043103;0;33;0;0;2;7;1;A01
201200043104;0;32;0;0;0;9;1;A01
201200043105;0;7;0;0;2;0;12;A01
201200043105;0;1;0;0;2;0;1;B01
201200043106;0;34;0;12;0;1;1;A01
201200043107;0;7;0;0;2;1;2;A01
201200043107;0;7;0;0;2;4;23;B01
201200043108;0;7;0;0;2;4;1;A01
201200043108;0;7;0;0;2;1;2;B01
201200043109;0;30;0;0;1;1;7;A01
201200043110;0;7;0;0;1;1;16;A01
201200043111;0;7;0;0;2;7;16;B01
201200043111;0;32;0;0;2;1;7;A01
201200043112;0;7;0;0;2;7;15;B01
201200043112;0;31;0;0;2;7;16;A01
201200043113;0;30;0;0;0;0;0;A01
201200043114;0;2;0;0;2;4;1;B01
201200043114;0;7;0;0;2;6;15;A01
201200043115;0;7;0;1;0;1;1;A01
201200043115;0;7;0;1;2;6;23;B01
201200043116;0;33;0;12;2;8;1;B01
201200043116;0;7;0;0;2;5;12;A01
201200043117;0;7;0;0;2;5;9;B01
201200043117;0;32;0;0;2;1;1;A01
201200043118;0;33;0;0;2;1;1;A01
201200043118;0;7;0;0;2;4;1;B01
201200043119;0;7;0;0;2;2;19;B01
201200043119;0;7;0;0;2;3;1;A01
201200043120;0;15;0;0;2;1;1;B01
201200043120;0;7;0;0;2;6;1;A01
201200043120;0;31;0;0;2;1;1;C01
201200043121;0;7;0;0;1;1;0;A01
201200043122;0;33;0;0;1;7;1;A01
201200043123;0;34;0;0;2;1;21;A01
201200043123;0;7;0;0;2;6;1;B01
201200043124;0;7;0;0;2;3;1;A01
201200043124;0;33;0;0;2;7;15;B01
201200043125;0;30;0;0;2;8;16;A01
201200043125;0;7;0;0;2;2;1;B01
201200043126;0;7;0;8;0;1;1;A01
201200043127;0;7;0;0;2;3;9;A01
201200043127;0;34;0;0;2;1;1;B01
201200043128;0;31;0;0;2;1;13;A01
201200043128;0;10;0;0;2;5;1;B01
201200043129;0;7;0;8;0;1;1;A01
201200043130;0;7;0;0;1;1;1;A01
201200043131;0;34;0;0;1;1;1;A01
201200043132;0;7;0;0;2;2;15;A01
201200043132;0;33;0;0;2;1;1;B01
201200043133;0;10;0;0;2;4;1;B01
201200043133;0;7;0;0;2;1;0;A01
201200043134;0;7;0;0;2;2;1;B01
201200043134;0;7;0;9;2;1;15;A01
201200043135;0;7;0;0;2;2;1;B01
201200043135;0;30;0;0;2;8;1;A01
201200043136;0;7;0;0;2;0;1;A01
201200043136;0;30;0;0;2;7;1;B01
201200043137;0;33;0;0;2;3;18;B01
201200043137;0;7;0;0;2;2;23;A01
201200043138;0;33;0;0;2;8;1;B01
201200043138;0;7;0;0;2;2;15;A01
201200043139;0;1;0;0;2;8;1;A01
201200043139;0;7;0;0;2;2;9;B01
201200043140;0;7;0;0;2;1;1;A01
201200043140;0;7;0;0;2;4;1;B01
201200043140;0;7;0;0;2;4;1;C01
201200043141;0;7;0;0;2;3;15;B01
201200043141;0;30;0;1;2;1;13;A01
201200043142;0;7;0;0;2;1;1;A01
201200043142;0;7;0;0;2;3;1;B01
201200043143;0;7;0;0;1;3;1;A01
201200043144;0;1;0;0;1;1;0;A01
201200043145;0;33;0;0;2;1;2;B01
201200043145;0;7;0;0;2;4;0;A01
201200043146;0;7;0;0;2;3;5;B01
201200043146;0;30;0;0;2;2;1;A01
201200043147;0;1;0;1;1;0;1;A01
201200043148;0;7;0;0;1;1;0;A01
201200043149;0;7;0;0;2;5;16;B01
201200043149;0;33;0;0;2;1;7;A01
201200043150;0;31;0;0;2;9;15;B01
201200043150;0;7;0;0;2;3;1;A01
201200043151;0;7;0;0;2;8;0;B01
201200043151;0;7;0;0;2;2;0;A01
201200043152;0;7;0;0;1;1;15;A01
201200043153;0;1;0;0;2;9;17;B01
201200043153;0;1;0;0;2;9;17;C01
201200043153;0;38;0;0;2;8;7;A01
201200043154;0;2;0;0;2;1;1;B01
201200043154;0;7;0;0;2;1;15;A01
201200043155;0;32;0;0;2;7;2;B01
201200043155;0;7;0;0;2;2;19;A01
201200043156;0;10;0;0;9;3;22;A01
201200043156;0;1;0;1;0;1;21;B01