num_acc;senc;catv;occutc;obs;obsm;choc;manv;num_veh
201200043157;0;1;0;0;2;1;2;A01
201200043157;0;7;0;0;9;4;23;B01
201200043158;0;7;0;0;2;2;11;A01
201200043158;0;33;0;0;2;4;0;B01
201200043159;0;32;0;0;2;4;2;A01
201200043159;0;33;0;0;2;1;0;B01
201200043160;0;33;0;0;2;1;12;A01
201200043160;0;7;0;0;2;6;1;B01
201200043161;0;7;0;0;2;1;2;A01
201200043161;0;7;0;0;2;4;2;B01
201200043162;0;7;0;0;2;0;16;A01
201200043162;0;7;0;0;2;1;0;B01
201200043163;0;30;0;0;2;7;2;A01
201200043163;1;7;0;0;0;0;0;B01
201200043164;0;33;0;0;2;1;17;A01
201200043164;0;7;0;0;2;3;15;B01
201200043165;0;2;0;0;2;1;1;B01
201200043165;0;7;0;0;2;2;16;A01
201200043166;0;7;0;0;1;3;2;A01
201200043167;0;7;0;0;2;8;23;C01
201200043167;0;7;0;0;2;4;23;B01
201200043167;0;33;0;0;2;1;17;A01
201200043168;0;33;0;0;0;8;21;A01
201200043169;0;30;0;0;0;8;21;A01
201200043170;0;7;0;0;0;0;16;A01
201200043171;0;7;0;0;1;8;1;A01
201200043172;0;7;0;0;2;4;9;B01
201200043172;0;7;0;0;2;1;2;A01
201200043173;0;7;0;0;2;3;10;A01
201200043173;0;33;0;0;2;1;1;B01
201200043174;0;7;0;0;1;2;11;A01
201200043175;0;7;0;0;2;2;14;B01
201200043175;0;30;0;0;2;1;2;A01
201200043176;0;33;0;0;2;1;2;B01
201200043176;0;7;0;0;2;4;10;A01
201200043177;0;7;0;0;9;9;2;A01
201200043178;1;7;0;0;2;1;14;A01
201200043178;0;7;0;0;2;8;1;B01
201200043179;0;32;0;0;1;1;1;A01
201200043180;0;10;0;0;1;1;17;A01
201200043181;0;34;0;0;2;1;2;A01
201200043181;0;7;0;0;2;4;1;B01
201200043182;0;33;0;0;0;1;1;A01
201200043183;0;37;0;0;0;0;0;A01
201200043184;0;30;0;0;0;8;1;A01
201200043185;0;32;0;0;0;8;15;A01
201200043186;0;32;0;0;2;4;2;B01
201200043186;0;32;0;0;2;1;2;A01
201200043187;0;33;0;0;2;4;2;B01
201200043187;0;7;0;0;2;1;2;A01
201200043188;1;7;0;0;1;1;15;A01
201200043189;0;7;0;0;0;4;0;B01
201200043189;0;2;0;1;0;1;1;A01
201200043190;0;7;0;0;1;3;1;A01
201200043191;0;13;0;0;0;4;0;C01
201200043191;0;7;0;1;0;1;0;A01
201200043191;0;7;0;1;0;4;2;B01
201200043192;0;7;0;0;2;4;23;B01
201200043192;0;14;0;0;2;1;2;A01
201200043193;0;7;0;0;1;2;16;A01
201200043194;0;32;0;0;1;1;1;A01
201200043195;0;34;0;0;2;1;1;B01
201200043195;0;7;0;0;2;8;9;A01
201200043196;0;7;0;0;2;6;0;A01
201200043196;0;1;0;0;2;1;0;B01
201200043197;0;7;0;0;2;1;2;A01
201200043197;0;7;0;0;2;4;2;B01
201200043198;0;37;1;0;2;6;23;B01
201200043198;0;2;0;0;2;1;2;A01
201200043199;0;7;0;0;2;2;15;A01
201200043199;0;30;0;0;2;1;1;B01
201200043200;0;1;0;0;2;8;0;A01
201200043200;0;10;0;0;2;2;0;B01
201200043201;0;7;0;0;1;1;1;A01
201200043202;0;7;0;0;2;1;2;A01
201200043202;0;7;0;0;2;4;2;B01
201200043202;0;7;0;0;2;4;23;C01
201200043203;0;7;0;0;2;1;15;A01
201200043203;0;32;0;0;2;1;1;B01
201200043204;0;2;0;0;2;1;1;B01
201200043204;0;7;0;0;2;3;15;A01
201200043205;0;2;0;0;2;1;2;A01
201200043205;0;7;0;0;2;4;1;B01
201200043206;0;7;0;0;1;2;1;A01
201200043207;0;7;0;0;0;8;0;B01
201200043207;0;33;0;1;0;2;0;A01
201200043208;0;7;0;0;2;1;1;A01
201200043208;0;7;0;0;2;3;1;B01
201200043209;0;7;0;0;2;4;2;B01
201200043209;0;7;0;0;2;1;2;A01
201200043210;0;10;0;0;2;7;1;A01
201200043210;0;1;0;0;2;8;13;B01
201200043211;0;30;0;1;0;8;1;A01
201200043212;0;14;0;0;2;2;1;A01
201200043212;0;7;0;6;2;6;0;B01
201200043213;0;7;0;0;2;3;15;A01
201200043213;0;30;0;8;2;7;2;B01
201200043214;0;7;0;0;2;3;9;A01
201200043214;0;33;0;0;2;1;1;B01
201200043215;0;7;0;0;0;4;2;B01
201200043215;0;7;0;1;0;1;2;A01
201200043216;0;30;0;0;2;3;1;A01
201200043216;0;7;0;0;2;2;16;B01
201200043217;0;10;0;6;0;1;1;A01
201200043218;0;33;0;0;2;7;15;A01
201200043218;0;7;0;0;2;8;15;B01
201200043219;0;7;0;1;0;1;1;A01
201200043219;0;7;0;1;0;4;2;B01
201200043219;0;7;0;0;0;4;2;C01
201200043220;0;7;0;7;0;1;1;A01
201200043221;0;7;0;0;2;1;2;B01
201200043221;0;7;0;0;0;4;23;A01
201200043222;0;7;0;0;1;2;2;A01
201200043223;0;2;0;1;0;1;1;A01
201200043223;0;7;0;0;0;3;2;B01
201200043224;0;7;0;0;2;3;15;B01
201200043224;0;31;0;0;2;1;1;A01
201200043225;0;33;0;1;0;1;1;A01
201200043225;0;7;0;0;2;3;2;B01
201200043226;0;7;0;0;1;7;17;A01
201200043227;0;32;0;8;2;3;1;B01
201200043227;0;7;0;0;2;2;15;A01
201200043228;0;33;0;0;2;1;2;C01
201200043228;0;7;0;0;0;4;2;A01
201200043228;0;7;0;0;2;1;2;B01
201200043229;0;7;0;0;1;1;1;A01
201200043230;0;34;0;0;2;1;1;B01
201200043230;0;7;0;0;2;2;15;A01
201200043231;0;7;0;0;2;4;2;B01
201200043231;0;10;0;0;2;1;2;A01
201200043232;0;30;0;0;0;4;23;A01
201200043232;0;30;0;0;2;1;2;B01
201200043233;0;7;0;0;0;7;23;A01
201200043233;0;2;0;0;2;2;3;B01
201200043234;0;7;0;0;2;1;1;B01
201200043234;0;7;0;0;2;1;15;A01
201200043235;0;30;0;1;0;1;1;A01
201200043235;0;7;0;0;2;8;24;B01
201200043236;0;7;0;0;2;3;15;A01
201200043236;0;2;0;0;2;7;17;B01
201200043237;0;7;0;0;2;3;15;A01
201200043237;0;33;0;0;2;1;1;B01
201200043238;0;2;0;1;2;1;1;B01
201200043238;0;10;0;0;2;3;1;A01
201200043239;0;33;0;0;2;1;1;B01
201200043239;0;7;0;0;2;2;15;A01
201200043240;0;7;0;0;1;1;9;A01
201200043241;0;7;0;0;2;5;15;B01
201200043241;0;33;0;0;2;1;1;A01
201200043242;0;7;0;0;1;1;1;A01
201200043243;0;7;0;0;2;3;9;B01
201200043243;0;2;0;0;2;1;1;A01
201200043244;0;7;0;0;2;8;10;B01
201200043244;0;31;0;0;2;2;1;A01
201200043245;0;7;0;1;0;1;1;B01
201200043246;0;31;0;0;2;1;17;A01
201200043246;0;7;0;0;2;3;15;B01
201200043247;0;34;0;0;2;7;1;B01
201200043247;0;10;0;0;2;1;15;A01
201200043248;0;34;0;0;2;7;1;A01
201200043248;0;7;0;0;2;3;15;B01
201200043249;0;2;0;0;2;1;2;A01
201200043249;0;7;0;0;2;8;10;B01
201200043250;0;2;0;0;0;8;21;A01
201200043251;0;33;0;0;0;8;1;B01
201200043251;0;7;0;0;2;0;15;A01
201200043252;0;7;0;0;1;2;15;A01
201200043253;0;7;0;0;0;3;24;C01
201200043253;0;7;0;1;0;1;1;A01
201200043253;0;7;0;1;0;5;24;B01
201200043254;0;7;0;0;1;1;15;A01
201200043255;0;2;0;9;0;1;1;A01
201200043256;0;32;0;0;0;8;15;A01
201200043257;0;2;0;0;0;0;15;A01
201200043258;0;7;0;0;2;2;1;B01
201200043258;0;7;0;0;2;3;1;A01
201200043259;0;1;0;6;0;1;21;A01
201200043260;0;30;0;0;0;8;15;A01
201200043261;0;7;0;0;2;2;20;A01
201200043261;0;30;0;0;2;1;1;B01
201200043262;0;7;0;2;0;1;14;A01
201200043263;0;7;0;0;1;1;1;A01
201200043264;0;33;0;0;0;5;1;A01
201200043265;0;34;0;0;2;3;9;A01
201200043265;0;1;0;0;2;5;1;B01
201200043266;1;7;0;0;2;7;17;B01
201200043266;0;30;0;0;2;1;15;A01
201200043267;0;1;0;0;0;0;1;A01
201200043268;0;31;0;0;2;1;1;B01
201200043268;0;10;0;0;2;3;9;A01
201200043269;0;7;0;0;2;1;15;A01
201200043269;0;33;0;0;2;1;1;B01
201200043270;0;7;0;0;2;1;2;A01
201200043270;0;7;0;0;0;4;23;B01
201200043271;0;31;0;0;0;0;1;A01
201200043272;0;7;0;0;2;1;10;A01
201200043272;0;2;0;0;2;1;2;B01
201200043273;0;7;0;0;2;4;23;B01
201200043273;0;2;0;0;2;1;2;A01
201200043274;0;30;0;0;2;6;2;B01
201200043274;1;7;0;0;2;1;5;Z01
201200043275;0;32;0;0;0;8;1;A01
201200043276;0;33;0;0;1;1;21;A01
201200043277;0;2;0;0;0;0;2;A01
201200043278;0;7;0;0;1;4;4;A01
201200043279;0;7;0;0;2;3;1;B01
201200043279;0;32;0;0;2;1;13;A01
201200043280;0;7;0;0;2;2;24;B01
201200043280;1;7;0;1;0;2;0;Z01
201200043281;0;7;0;6;0;1;16;A01
201200043282;0;10;0;0;2;1;2;A01
201200043282;0;7;0;0;2;4;2;C01
201200043282;0;7;0;0;2;5;2;B01
201200043283;0;33;0;0;2;0;1;B01
201200043283;0;7;0;0;2;8;11;A01
201200043284;0;33;0;0;2;7;1;A01
201200043284;0;7;0;0;2;1;15;B01
201200043285;0;31;0;0;2;7;17;A01
201200043285;0;7;0;0;2;3;15;B01
201200043286;0;7;0;0;2;1;1;B01
201200043286;0;7;0;0;2;5;15;A01
201200043287;0;7;0;0;2;6;2;B01
201200043287;0;7;0;0;2;1;2;A01
201200043288;0;2;0;0;2;1;1;B01
201200043288;0;7;0;0;2;2;15;A01
201200043289;0;30;0;0;2;1;1;B01
201200043289;0;7;0;0;2;2;15;A01
201200043290;0;33;0;15;2;4;2;A01
201200043290;0;33;0;0;2;1;2;B01
201200043291;0;7;0;0;2;3;15;B01
201200043291;0;30;0;0;2;1;1;A01
201200043292;0;31;0;0;1;1;3;A01
201200043293;0;7;0;0;2;4;4;A01
201200043293;0;30;0;0;2;1;1;B01
201200043294;0;13;0;0;2;7;15;A01
201200043294;0;34;0;0;2;1;1;B01
201200043295;0;30;0;0;2;1;2;A01
201200043295;0;15;0;0;2;4;23;B01
201200043296;0;13;0;0;2;3;10;A01
201200043296;0;2;0;0;2;1;1;B01
201200043297;0;7;0;0;1;6;4;A01
201200043298;0;7;0;0;2;3;15;B01
201200043298;0;2;0;1;2;1;17;A01
201200043299;0;30;0;0;2;1;17;B01
201200043299;0;7;0;0;2;3;0;A01
201200043300;0;14;0;0;2;4;23;C01
201200043300;0;7;0;0;2;4;23;B01
201200043300;0;7;0;0;2;1;2;A01
201200043301;0;32;0;0;2;1;2;A01
201200043301;0;7;0;0;2;4;2;B01
201200043302;0;32;0;0;2;1;17;B01
201200043302;0;7;0;0;2;8;15;A01
201200043303;0;7;0;0;2;1;2;A01
201200043303;0;7;0;0;2;4;23;C01
201200043303;0;7;0;0;2;4;23;B01
201200043304;0;7;0;0;2;3;13;A01
201200043305;0;7;0;8;0;2;1;A01
201200043306;0;31;0;0;2;1;1;A01
201200043306;0;7;0;0;2;7;15;B01
201200043307;0;32;0;0;0;0;15;A01
201200043308;0;31;0;0;2;1;1;B01
201200043308;0;7;0;0;2;1;15;A01
201200043309;0;7;0;0;1;1;16;A01
201200043310;0;30;0;0;0;0;1;A01
201200043311;0;13;0;0;2;2;16;B01
201200043311;0;33;0;0;2;3;1;A01
201200043311;0;13;0;0;2;3;23;C01
201200043312;0;30;0;0;0;1;1;A01
201200043313;0;7;0;0;2;4;2;B01
201200043313;0;30;0;0;2;1;1;A01
201200043314;0;7;0;0;2;2;15;A01
201200043314;0;32;0;0;2;1;1;B01
201200043315;0;7;0;7;0;8;1;A01
201200043316;0;7;0;0;1;2;1;A01
201200043317;0;10;0;0;1;4;4;A01
201200043318;0;7;0;0;2;3;0;A01
201200043318;0;7;0;0;2;2;1;B01
201200043319;0;37;10;0;1;3;1;A01
201200043320;0;7;0;0;2;2;9;A01
201200043320;0;30;0;0;2;1;1;B01
201200043321;0;33;0;0;2;8;13;A01
201200043322;0;30;0;0;2;1;2;A01
201200043322;0;7;0;0;2;6;2;B01
201200043323;0;30;0;0;0;0;1;A01
201200043324;0;34;0;11;0;1;1;A01
201200043325;0;30;0;0;2;3;1;B01
201200043325;0;7;0;0;2;2;2;A01
201200043326;0;2;0;0;2;1;13;A01
201200043326;0;7;0;0;2;3;1;B01
201200043327;0;7;0;0;2;2;15;B01
201200043327;0;7;0;0;2;3;1;A01
201200043328;0;1;0;0;2;1;1;B01
201200043328;0;7;0;0;2;3;9;A01
201200043329;0;31;0;0;2;1;18;A01
201200043329;0;7;0;0;2;3;15;B01
201200043330;0;7;0;0;2;3;1;B01
201200043330;0;7;0;0;2;3;13;A01
201200043331;0;33;0;0;2;7;3;A01
201200043331;0;7;0;0;2;2;12;B01
201200043332;0;30;0;0;0;0;1;A01
201200043333;0;33;0;0;2;1;1;A01
201200043333;0;7;0;0;2;2;22;B01
201200043334;0;30;0;0;0;0;21;A01
201200043335;0;1;0;0;2;4;1;A01
201200043336;0;7;0;0;1;2;1;A01
201200043337;0;13;0;0;2;5;23;B01
201200043337;0;2;0;0;2;1;1;A01
201200043338;0;30;0;0;0;8;1;A01
201200043339;0;30;0;0;2;6;1;B01
201200043339;0;13;0;0;2;3;15;A01
201200043340;0;30;0;0;0;0;1;A01
201200043341;0;30;0;0;0;0;0;A01
201200043342;0;7;0;0;1;7;1;A01
201200043343;0;7;0;0;2;3;15;A01
201200043343;0;33;0;0;2;1;1;B01
201200043344;0;7;0;15;0;2;6;A01
201200043345;0;30;0;0;0;7;2;A01
201200043346;0;32;0;0;0;8;2;A01
201200043346;0;10;0;0;0;0;2;B01
201200043347;0;10;0;0;2;5;23;B01
201200043347;0;7;0;1;0;1;16;A01
201200043348;0;30;0;0;0;7;1;A01
201200043349;0;7;0;0;2;4;23;B01
201200043349;0;7;0;0;2;1;2;A01
201200043349;0;7;0;0;2;4;23;D01
201200043349;0;7;0;0;2;4;23;C01
201200043350;0;1;0;0;2;1;13;A01
201200043350;0;7;0;0;9;1;1;B01
201200043351;0;32;0;0;2;1;17;B01
201200043351;0;7;0;0;2;3;15;A01
201200043352;0;7;0;0;2;3;10;A01
201200043352;0;30;0;0;2;1;17;B01
201200043353;0;7;0;0;2;7;1;B01
201200043353;0;7;0;0;2;8;15;A01
201200043354;0;7;0;15;0;1;1;A01
201200043355;0;7;0;0;2;1;2;A01
201200043355;0;7;0;0;2;4;23;C01
201200043355;0;7;0;0;2;4;23;B01
201200043356;0;7;0;6;0;1;20;A01
201200043357;0;7;0;0;2;3;1;C01
201200043357;0;33;0;0;2;1;2;A01
201200043357;0;7;0;0;2;4;2;B01
201200043358;0;7;0;0;2;1;1;B01
201200043358;0;7;0;0;2;7;13;A01
201200043359;0;7;0;0;2;1;1;A01
201200043359;0;7;0;0;2;8;1;B01
201200043360;0;31;0;0;2;1;1;B01
201200043360;0;7;0;0;2;4;23;A01
201200043361;0;30;0;15;0;0;1;A01
201200043362;0;7;0;0;1;1;17;A01
201200043363;0;13;0;0;2;4;1;C01
201200043363;0;15;0;0;2;1;1;A01
201200043363;0;15;0;0;2;4;1;B01
201200043364;0;2;0;12;0;1;1;A01
201200043365;0;13;0;0;2;3;0;A01
201200043365;0;30;0;0;2;1;1;B01
201200043366;0;30;0;12;0;1;1;A01
201200043367;0;1;0;8;0;0;1;A01
201200043368;0;7;0;7;0;2;1;A01
201200043369;2;7;0;1;0;1;21;A01
201200043370;0;33;0;0;2;1;2;A01
201200043370;0;7;0;0;2;4;2;B01
201200043371;0;30;0;0;1;1;1;A01
201200043372;0;7;0;0;0;0;23;C01
201200043372;0;33;0;0;2;1;2;A01
201200043372;0;7;0;0;2;4;2;B01
201200043373;0;7;0;0;0;7;10;A01
201200043373;0;1;0;0;2;1;2;B01
201200043374;0;15;0;0;1;7;1;A01
201200043375;0;30;0;0;1;1;0;A01
201200043376;0;30;0;0;0;0;1;A01
201200043377;0;15;0;0;2;1;2;A01
201200043377;0;30;0;0;2;4;2;B01
201200043378;0;13;0;0;2;1;2;A01
201200043378;0;30;0;0;2;4;2;B01
201200043379;0;7;0;0;1;7;16;A01
201200043380;0;33;0;0;2;1;2;B01
201200043380;0;7;0;0;2;2;10;A01
201200043381;0;7;0;0;2;1;2;A01
201200043381;0;33;0;0;0;4;2;B01
201200043382;0;31;0;0;0;0;2;A01
201200043382;0;7;0;0;2;0;2;B01
201200043383;0;7;0;0;2;1;2;B01
201200043383;0;7;0;0;2;4;1;A01
201200043384;1;7;0;0;0;0;0;B01
201200043384;0;34;0;0;2;0;21;A01
201200043385;0;13;0;0;0;0;11;A01
201200043385;0;31;0;0;2;0;2;B01
201200043386;0;7;0;0;1;2;2;A01
201200043387;0;10;0;0;2;7;12;A01
201200043387;0;33;0;0;2;8;1;B01
201200043388;0;13;0;0;2;4;15;B01
201200043388;0;7;0;0;2;1;15;A01
201200043389;0;14;0;0;2;1;1;A01
201200043389;0;7;0;0;2;4;1;B01
201200043390;0;13;0;0;1;3;15;A01
201200043391;0;7;0;0;1;2;2;A01
201200043392;0;13;0;0;1;2;1;A01
201200043393;0;13;0;0;1;1;2;A01
201200043394;0;30;0;0;2;1;17;B01
201200043394;0;7;0;0;2;3;15;A01
201200043395;0;15;0;0;2;8;10;B01
201200043395;0;2;0;0;2;2;1;A01
201200043396;0;34;0;0;2;2;1;A01
201200043396;0;7;0;0;2;3;15;B01
201200043397;0;7;0;0;1;4;4;A01
201200043398;0;7;0;0;2;4;23;B01
201200043398;0;7;0;0;2;1;1;A01
201200043398;0;7;0;0;2;4;23;C01
201200043399;0;7;0;0;1;1;1;A01
201200043400;0;7;0;0;2;2;15;A01
201200043400;0;33;0;0;2;1;1;B01
201200043401;0;33;0;0;0;0;0;B01
201200043401;0;7;0;0;0;0;11;A01
201200043402;0;7;0;0;2;1;15;A01
201200043402;0;34;0;0;2;1;1;B01
201200043403;0;30;0;0;0;7;1;B01
201200043403;0;7;0;0;0;0;6;A01
201200043404;0;30;0;0;0;0;1;A01
201200043405;0;31;0;0;0;7;21;A01
201200043406;0;32;0;0;2;1;1;B01
201200043406;1;7;0;0;2;2;15;A01
201200043407;0;30;0;0;2;2;2;B01
201200043407;0;7;0;0;2;3;9;A01
201200043408;0;31;0;0;2;4;2;B01
201200043408;0;7;0;0;2;1;2;A01
201200043409;1;7;0;0;1;2;0;A01
201200043410;1;7;0;0;2;8;13;B01
201200043410;0;30;0;0;2;7;2;A01
201200043411;0;7;0;0;2;1;15;A01
201200043411;0;32;0;0;2;1;1;B01
201200043412;0;7;0;0;2;1;15;A01
201200043413;0;7;0;0;2;6;15;A01
201200043413;0;30;0;0;2;1;17;B01
201200043414;0;1;0;15;0;1;1;A01
201200043415;0;7;0;3;0;3;1;A01
201200043416;0;7;0;3;0;3;1;A01
201200043417;0;7;0;0;2;6;17;A01
201200043417;0;7;0;0;2;3;1;C01
201200043417;0;33;0;0;2;7;1;B01
201200043418;0;7;0;9;2;1;2;A01
201200043418;0;7;0;0;2;4;23;B01
201200043418;0;30;0;0;2;4;23;C01
201200043418;0;7;0;0;2;4;23;D01
201200043419;0;10;0;0;1;1;16;A01
201200043420;0;33;0;0;0;8;1;A01
201200043421;0;32;0;0;0;8;1;A01
201200043422;0;31;0;0;1;1;17;A01
201200043423;0;7;0;0;2;5;14;A01
201200043423;0;33;0;0;2;3;1;B01
201200043424;0;7;0;11;0;3;1;A01
201200043425;0;7;0;0;1;1;1;A01
201200043426;0;7;0;0;2;2;12;A01
201200043426;0;2;0;0;2;6;23;B01
201200043427;0;7;0;0;2;1;1;C01
201200043427;0;32;0;0;2;4;17;B01
201200043427;1;7;0;0;2;1;0;A01
201200043428;0;7;0;0;2;4;23;B01
201200043428;0;7;0;0;2;1;1;A01
201200043429;0;7;0;0;1;1;1;A01
201200043430;0;7;0;0;2;1;1;A01
201200043430;0;7;0;0;2;4;23;B01
201200043431;0;34;0;0;2;1;13;A01
201200043431;0;7;0;0;2;1;1;B01
201200043432;0;10;0;0;2;6;15;A01
201200043432;0;30;0;0;2;1;17;B01
201200043433;0;33;0;0;2;1;1;B01
201200043433;0;7;0;0;2;3;15;A01
201200043434;0;30;0;0;2;1;1;A01
201200043434;0;7;0;0;2;1;15;B01
201200043435;0;10;0;0;1;4;4;A01
201200043436;0;2;0;6;0;7;1;A01
201200043437;0;7;0;0;1;1;1;A01
201200043438;0;7;0;4;0;1;1;A01
201200043439;0;7;0;0;2;4;23;B01
201200043439;0;10;0;0;2;1;1;A01
201200043440;0;30;0;0;0;0;1;A01
201200043441;0;7;0;0;2;8;15;A01
201200043441;0;30;0;0;2;1;17;B01
201200043442;0;2;0;0;2;1;1;A01
201200043442;0;7;0;0;2;7;1;B01
201200043443;0;7;0;0;2;8;17;A01
201200043443;0;30;0;0;2;1;17;B01
201200043444;0;30;0;0;2;1;1;B01
201200043444;0;7;0;0;2;3;10;A01
201200043445;0;30;0;11;0;7;1;A01
201200043446;0;7;0;0;2;4;23;B01
201200043446;0;7;0;0;2;4;23;C01
201200043446;0;7;0;0;2;1;1;A01
201200043447;0;7;0;0;2;1;13;A01
201200043447;0;7;0;0;2;6;1;B01
201200043448;0;7;0;0;2;8;9;A01
201200043448;0;30;0;0;2;1;7;B01
201200043449;0;33;0;1;0;1;13;A01
201200043450;0;2;0;0;9;1;1;A01
201200043451;0;7;0;0;2;4;23;B01
201200043451;0;7;0;0;2;1;1;A01
201200043452;0;1;0;14;0;0;1;A01
201200043453;0;30;0;9;0;1;1;A01
201200043454;0;7;0;0;1;4;4;A01
201200043455;0;7;0;0;2;1;1;A01
201200043455;0;7;0;0;2;4;23;B01
201200043456;0;7;0;0;2;4;1;B01
201200043456;0;2;0;0;2;1;1;A01
201200043457;0;1;0;0;2;1;1;A01
201200043457;0;7;0;0;2;1;1;B01
201200043458;0;7;0;8;0;1;15;A01
201200043459;0;31;0;0;2;1;1;B01
201200043459;0;7;0;0;2;1;9;A01
201200043460;0;7;0;0;2;1;1;B01
201200043460;0;2;0;0;2;1;1;A01
201200043461;0;10;0;0;1;1;1;A01
201200043462;0;7;0;0;2;2;16;B01
201200043462;0;2;0;0;2;1;18;A01
201200043463;0;2;0;0;2;7;14;B01
201200043463;1;7;0;0;2;6;1;A01
201200043464;0;7;0;12;0;2;15;A01
201200043465;0;32;0;11;0;8;1;A01
201200043466;0;32;0;0;2;4;1;B01
201200043466;0;33;0;0;2;1;1;A01
201200043467;0;32;0;0;0;0;16;A01
201200043468;0;7;0;0;2;1;1;A01
201200043468;0;33;0;0;2;4;1;B01
201200043469;0;7;0;4;0;1;1;A01
201200043470;0;7;0;0;1;3;9;A01
201200043471;0;7;0;8;0;2;1;A01
201200043472;2;32;0;0;1;1;1;A01
201200043473;0;7;0;0;2;8;1;B01
201200043473;0;2;0;0;2;1;1;A01
201200043474;0;7;0;0;2;4;23;B01
201200043474;0;7;0;0;2;1;1;A01
201200043475;0;10;0;0;1;4;4;A01
201200043476;0;7;0;10;0;8;1;A01
201200043477;0;7;0;0;2;7;16;A01
201200043477;0;37;15;0;2;3;7;B01
201200043478;0;7;0;0;1;2;1;A01
201200043479;0;7;0;0;2;4;23;B01
201200043479;0;7;0;0;2;1;1;A01
201200043480;0;14;0;0;2;6;23;B01
201200043480;0;30;0;0;2;1;1;A01
201200043481;0;7;0;4;0;8;1;A01
201200043482;0;7;0;0;2;7;15;A01
201200043482;0;7;0;0;2;1;1;B01
201200043483;0;7;0;0;2;1;15;A01
201200043483;0;33;0;1;2;1;1;B01
201200043484;0;30;0;0;1;2;1;A01
201200043485;0;7;0;6;0;4;4;A01
201200043486;0;10;0;0;2;1;1;A01
201200043486;0;7;0;8;2;8;1;B01
201200043487;0;7;0;4;0;1;1;A01
201200043488;0;13;0;4;0;2;1;A01
201200043489;0;7;0;4;0;1;1;A01
201200043490;0;7;0;0;1;2;1;A01
201200043491;0;7;0;0;2;7;12;A01
201200043491;0;30;0;0;2;3;1;B01
201200043492;0;30;0;1;0;0;1;A01
201200043493;0;32;0;0;2;4;1;A01
201200043493;0;7;0;0;2;1;2;B01
201200043494;0;7;0;14;0;1;2;A01
201200043494;0;30;0;0;0;4;23;B01
201200043495;0;7;0;0;2;2;1;A01
201200043495;0;2;0;0;2;1;19;B01
201200043496;0;31;0;0;2;2;1;B01
201200043496;0;10;0;0;2;8;11;A01
201200043497;0;7;0;0;1;2;1;A01
201200043498;0;7;0;0;1;1;1;A01
201200043499;0;7;0;0;2;4;23;B01
201200043499;0;17;0;0;2;1;2;A01
201200043500;0;37;26;0;2;7;23;A01
201200043500;0;7;0;14;0;3;19;B01
201200043501;0;7;0;0;2;4;23;B01
201200043501;0;33;0;0;2;1;2;A01
201200043502;0;30;0;0;2;3;19;A01
201200043502;1;7;0;0;2;1;2;B01
201200043503;0;30;0;0;2;1;1;B01
201200043503;0;7;0;0;2;1;23;A01
201200043504;0;7;0;9;0;4;2;B01
201200043504;0;38;50;14;0;1;2;A01
201200043505;0;7;0;0;1;1;2;A01
201200043506;0;7;0;0;1;1;1;A01
201200043507;0;7;0;0;2;3;1;A01
201200043507;0;7;0;0;2;3;1;C01
201200043507;0;7;0;8;2;8;2;B01
201200043508;0;7;0;0;2;3;1;B01
201200043508;0;33;0;15;2;1;6;A01
201200043509;0;7;0;0;2;1;2;A01
201200043509;0;34;0;0;2;4;23;B01
201200043510;0;33;0;0;2;1;2;B01
201200043510;0;7;0;0;2;2;2;A01
201200043511;0;7;0;0;2;4;23;B01
201200043511;0;7;0;0;2;1;2;A01
201200043511;0;10;0;0;2;4;23;C01
201200043512;0;7;0;0;2;4;2;B01
201200043512;0;33;0;14;0;1;2;A01
201200043513;0;13;0;0;2;2;6;A01
201200043513;0;33;0;0;2;8;6;B01
201200043514;0;10;0;0;2;7;0;A01
201200043514;0;7;0;1;2;3;9;B01
201200043515;0;7;0;0;2;6;1;B01
201200043515;0;30;0;0;2;1;1;A01
201200043516;0;7;0;0;1;1;1;A01
201200043517;0;7;0;0;2;2;1;A01
201200043517;0;7;0;0;2;6;16;B01
201200043518;0;30;0;14;0;3;21;A01
201200043519;0;7;0;0;2;6;2;B01
201200043519;0;32;0;0;2;6;2;A01
201200043520;0;7;0;0;2;3;2;A01
201200043520;0;31;0;0;2;7;2;B01
201200043521;0;33;0;12;0;1;0;A01
201200043522;0;32;0;12;0;7;2;A01
201200043523;0;33;0;0;2;4;2;B01
201200043523;0;7;0;0;2;1;2;A01
201200043524;0;7;0;0;2;3;15;B01
201200043524;0;30;0;0;2;7;17;A01
201200043525;0;7;0;14;0;1;2;A01
201200043525;0;7;0;0;2;4;2;B01
201200043526;0;10;0;0;2;3;20;B01
201200043526;0;30;0;0;2;1;5;A01
201200043527;0;30;0;0;0;0;1;A01
201200043528;0;7;0;0;1;3;1;A01
201200043529;0;7;0;0;1;2;2;A01
201200043530;0;33;0;0;2;1;2;A01
201200043530;0;7;0;0;2;5;2;B01
201200043531;0;7;0;0;2;1;15;A01
201200043531;0;33;0;9;2;8;1;B01
201200043532;0;7;0;6;0;1;2;A01
201200043533;0;33;0;1;2;4;2;B01
201200043533;0;7;0;14;0;1;24;A01
201200043534;0;30;0;0;2;1;5;B01
201200043534;0;7;0;0;2;8;2;A01
201200043535;0;31;0;0;0;0;1;A01