num_acc;senc;catv;occutc;obs;obsm;choc;manv;num_veh
201200043536;0;30;0;0;2;1;1;A01
201200043536;0;7;0;0;2;8;15;B01
201200043537;0;7;0;0;2;4;2;A01
201200043537;0;14;0;14;0;1;2;B01
201200043538;0;2;0;0;2;5;1;A01
201200043538;0;7;0;0;2;2;1;B01
201200043539;0;7;0;0;1;7;2;A01
201200043540;1;7;0;0;1;1;1;Z01
201200043541;0;32;0;0;1;1;2;A01
201200043542;0;7;0;1;0;2;14;A01
201200043543;0;31;0;0;2;1;2;B01
201200043543;0;7;0;0;2;8;10;A01
201200043544;0;7;0;0;2;1;2;A01
201200043544;0;7;0;0;2;4;2;B01
201200043545;0;32;0;0;2;1;2;B01
201200043545;0;7;0;0;2;2;9;A01
201200043546;0;7;0;0;1;1;2;A01
201200043547;0;7;0;0;1;5;2;A01
201200043548;0;33;0;1;0;1;21;A01
201200043549;1;7;0;0;1;2;2;A01
201200043550;0;10;0;0;2;6;1;A01
201200043550;0;1;0;0;2;1;0;B01
201200043551;0;7;0;0;1;2;1;A01
201200043552;0;33;0;1;0;1;1;A01
201200043553;0;7;0;0;1;2;1;A01
201200043554;0;2;0;0;2;3;1;B01
201200043554;0;7;0;0;2;2;15;A01
201200043555;0;32;0;0;1;0;1;A01
201200043556;0;7;0;0;1;1;16;A01
201200043557;0;7;0;0;2;1;9;A01
201200043557;0;30;0;0;2;7;1;B01
201200043558;0;30;0;9;0;1;7;A01
201200043559;0;7;0;0;2;1;15;A01
201200043559;0;7;0;0;2;1;1;B01
201200043560;0;34;0;0;1;1;5;A01
201200043561;0;7;0;2;0;1;6;A01
201200043562;0;7;0;0;2;3;13;A01
201200043562;0;31;0;0;2;8;1;B01
201200043563;0;10;0;0;2;2;1;A01
201200043563;0;2;0;0;2;1;1;B01
201200043564;0;31;0;0;2;8;16;A01
201200043564;0;7;0;0;2;2;16;B01
201200043565;0;34;0;0;2;3;1;B01
201200043565;0;7;0;0;2;5;15;A01
201200043566;0;7;0;0;2;3;15;A01
201200043566;0;30;0;0;2;1;1;B01
201200043567;0;7;0;0;1;7;1;A01
201200043568;0;33;0;0;2;1;1;B01
201200043568;0;7;0;0;2;7;16;A01
201200043569;0;7;0;0;1;0;4;A01
201200043570;0;7;0;0;1;2;1;A01
201200043571;0;17;0;0;2;0;1;C01
201200043571;0;7;0;0;2;3;9;A01
201200043571;0;33;0;0;2;2;7;B01
201200043572;0;7;0;0;1;3;16;A01
201200043573;1;32;0;0;2;0;1;Z01
201200043573;0;32;0;0;2;8;1;B01
201200043574;0;7;0;0;2;3;10;A01
201200043574;0;1;0;0;2;1;1;B01
201200043575;0;7;0;0;2;3;2;B01
201200043575;0;30;0;0;2;2;17;A01
201200043576;0;7;0;0;1;2;15;A01
201200043577;0;10;0;0;2;3;9;A01
201200043577;0;31;0;0;2;0;1;B01
201200043578;0;37;1;0;1;3;1;A01
201200043579;0;7;0;0;2;2;16;A01
201200043579;0;33;0;0;2;3;1;B01
201200043580;0;37;4;0;1;7;1;A01
201200043581;1;7;0;0;0;0;0;Z01
201200043581;0;30;0;0;0;8;15;A01
201200043582;0;7;0;11;0;3;1;A01
201200043583;0;7;0;0;0;0;15;A01
201200043583;0;7;0;14;0;2;21;B01
201200043584;0;7;0;0;1;1;1;A01
201200043585;0;7;0;0;1;2;16;A01
201200043586;0;31;0;0;0;0;1;A01
201200043587;0;7;0;0;2;3;15;A01
201200043587;0;32;0;0;2;1;1;B01
201200043588;0;7;0;0;0;4;1;B01
201200043588;0;7;0;0;2;1;1;A01
201200043589;0;32;0;0;2;1;1;B01
201200043589;0;7;0;0;2;3;10;A01
201200043590;0;7;0;0;2;3;9;A01
201200043590;0;1;0;0;2;1;1;B01
201200043591;0;30;0;0;0;0;1;A01
201200043592;0;7;0;0;2;4;1;B01
201200043592;0;32;0;0;2;1;2;A01
201200043593;0;32;0;0;1;1;17;A01
201200043594;0;31;0;0;2;1;1;B01
201200043594;0;1;0;0;2;0;19;A01
201200043595;0;2;0;0;0;8;0;B01
201200043595;0;7;0;0;2;3;15;A01
201200043596;0;33;0;0;2;3;1;B01
201200043596;0;7;0;0;2;2;15;A01
201200043597;0;7;0;0;1;1;1;A01
201200043598;0;2;0;0;0;8;1;A01
201200043599;0;7;0;0;0;4;15;B01
201200043599;0;30;0;0;2;1;1;A01
201200043600;0;7;0;0;2;1;1;A01
201200043600;0;7;0;0;2;7;1;B01
201200043601;0;7;0;0;0;8;15;B01
201200043601;0;34;0;0;2;0;1;A01
201200043602;0;10;0;0;0;5;24;B01
201200043602;0;1;0;1;0;0;19;A01
201200043603;0;20;0;0;1;3;0;A01
201200043604;0;7;0;0;2;1;1;B01
201200043604;0;7;0;0;0;5;1;A01
201200043605;0;31;0;0;2;1;2;A01
201200043605;0;10;0;0;0;5;2;B01
201200043606;0;33;0;0;0;7;1;A01
201200043607;0;1;0;0;0;0;15;A01
201200043607;0;32;0;0;2;1;1;B01
201200043608;0;7;0;1;0;5;2;A01
201200043609;0;30;0;0;0;0;1;A01
201200043609;0;7;0;0;0;0;15;B01
201200043610;0;33;0;1;2;2;17;B01
201200043610;0;7;0;0;2;3;10;A01
201200043611;0;30;0;0;2;1;1;B01
201200043611;0;7;0;0;2;3;17;A01
201200043612;2;7;0;7;0;1;5;A01
201200043613;0;7;0;0;0;0;12;A01
201200043613;0;32;0;0;0;0;1;B01
201200043614;0;10;0;0;1;2;1;A01
201200043615;0;7;0;0;0;2;15;A01
201200043615;0;1;0;0;2;0;1;B01
201200043616;0;30;0;0;0;7;16;A01
201200043617;0;7;0;0;0;4;1;C01
201200043617;0;7;0;0;2;4;1;B01
201200043617;0;7;0;0;2;1;1;A01
201200043618;0;7;0;0;2;0;15;A01
201200043618;0;32;0;0;2;7;1;B01
201200043619;0;14;0;0;1;0;16;A01
201200043620;0;7;0;0;1;6;20;A01
201200043621;0;33;0;0;0;8;2;A01
201200043622;0;10;0;0;1;8;0;A01
201200043623;0;2;0;0;2;1;1;B01
201200043623;0;7;0;0;2;3;5;A01
201200043624;0;7;0;14;0;1;6;A01
201200043625;1;7;0;0;2;8;10;A01
201200043625;0;34;0;0;2;2;1;B01
201200043626;1;7;0;0;0;1;2;A01
201200043626;0;32;0;0;0;4;2;B01
201200043627;0;7;0;0;2;1;0;A01
201200043627;0;7;0;0;2;6;9;B01
201200043628;0;7;0;8;0;1;14;A01
201200043629;1;10;0;0;0;8;10;A01
201200043629;0;7;0;0;2;2;0;B01
201200043630;0;7;0;0;2;7;1;B01
201200043630;0;7;0;0;2;1;1;A01
201200043631;0;30;0;0;5;1;1;A01
201200043632;1;7;0;0;2;1;2;A01
201200043632;0;7;0;4;0;9;1;C01
201200043632;0;14;0;0;0;6;1;B01
201200043633;0;7;0;0;2;6;0;A01
201200043633;0;16;0;0;2;1;0;B01
201200043634;0;33;0;9;0;1;1;A01
201200043635;0;32;0;0;0;7;0;A01
201200043636;0;14;0;0;9;5;12;A01
201200043636;0;1;0;0;2;8;21;B01
201200043637;0;30;0;0;2;4;23;B01
201200043637;0;10;0;0;2;3;1;A01
201200043638;0;7;0;0;1;2;1;A01
201200043639;0;30;0;14;0;1;1;A01
201200043640;0;30;0;0;0;0;0;A01
201200043641;0;30;0;0;2;7;17;A01
201200043641;0;10;0;0;2;8;15;B01
201200043642;0;14;0;0;2;0;0;B01
201200043642;0;34;0;9;0;1;12;A01
201200043643;0;32;0;0;2;8;16;B01
201200043643;0;7;0;0;2;1;0;A01
201200043644;0;10;0;0;2;1;2;A01
201200043644;0;10;0;0;0;4;23;B01
201200043645;0;20;0;0;2;3;1;B01
201200043645;0;7;0;0;2;2;12;A01
201200043646;0;30;0;0;0;0;0;A01
201200043647;0;32;0;0;0;1;1;B01
201200043647;0;7;0;0;0;2;0;A01
201200043648;0;7;0;0;1;1;16;A01
201200043649;0;10;0;0;2;3;1;B01
201200043649;0;7;0;0;2;3;15;A01
201200043650;0;30;0;0;0;1;18;A01
201200043650;0;10;0;0;0;6;23;B01
201200043651;0;31;0;0;2;1;1;B01
201200043651;0;7;0;0;2;3;15;A01
201200043652;0;7;0;2;0;1;6;A01
201200043653;0;14;0;0;0;7;1;A01
201200043653;0;33;0;0;0;8;18;B01
201200043654;0;7;0;0;1;0;0;A01
201200043655;0;7;0;0;2;2;15;B01
201200043655;0;10;0;0;2;3;1;A01
201200043656;0;7;0;0;0;3;1;B01
201200043656;0;10;0;0;0;3;15;A01
201200043657;0;32;0;0;0;7;2;A01
201200043658;0;10;0;0;0;0;0;B01
201200043658;0;32;0;12;0;3;17;A01
201200043659;0;7;0;0;2;4;2;B01
201200043659;0;33;0;0;2;1;2;A01
201200043660;0;7;0;0;2;1;1;B01
201200043660;0;7;0;0;2;8;1;A01
201200043661;0;37;1;14;0;3;16;A01
201200043661;0;7;0;0;2;3;23;B01
201200043662;0;30;0;0;2;8;21;A01
201200043662;0;7;0;0;2;5;1;B01
201200043662;0;7;0;0;0;0;11;C01
201200043663;0;33;0;0;2;4;2;B01
201200043663;0;7;0;0;2;1;1;A01
201200043663;0;7;0;0;2;7;2;C01
201200043664;0;33;0;0;2;6;1;B01
201200043664;0;7;0;0;2;6;2;C01
201200043664;1;7;0;0;2;2;9;Z01
201200043665;0;32;0;0;2;1;1;A01
201200043665;0;7;0;0;0;4;2;B01
201200043666;0;31;0;0;2;1;2;A01
201200043666;0;2;0;0;2;8;15;B01
201200043667;0;7;0;0;2;7;17;A01
201200043667;0;7;0;0;2;5;1;B01
201200043668;0;7;0;15;0;1;6;A01
201200043669;0;10;0;0;2;1;14;A01
201200043669;0;7;0;0;2;6;0;B01
201200043669;0;30;0;0;2;5;17;C01
201200043670;0;30;0;0;0;7;0;A01
201200043671;0;33;0;0;0;7;21;A01
201200043672;0;31;0;0;2;8;1;A01
201200043672;0;7;0;0;2;1;2;B01
201200043673;0;2;0;0;2;7;2;A01
201200043673;0;7;0;0;2;4;23;B01
201200043674;0;7;0;0;2;4;23;C01
201200043674;0;30;0;1;0;1;18;A01
201200043674;0;7;0;0;2;2;2;B01
201200043675;0;7;0;6;0;3;0;A01
201200043676;0;33;0;0;0;7;15;A01
201200043677;0;34;0;0;2;7;2;A01
201200043677;0;7;0;0;2;6;2;B01
201200043678;0;7;0;0;1;6;1;A01
201200043679;0;32;0;0;1;1;1;A01
201200043680;0;7;0;0;2;2;1;A01
201200043680;0;1;0;0;2;1;19;B01
201200043681;0;32;0;3;0;5;1;A01
201200043682;0;33;0;3;0;0;1;A01
201200043683;0;33;0;0;2;7;1;A01
201200043683;0;7;0;0;0;2;1;B01
201200043684;0;1;0;0;0;0;1;A01
201200043685;0;33;0;0;0;4;23;C01
201200043686;0;10;0;0;0;0;1;B01
201200043686;0;30;0;0;0;0;1;A01
201200043687;0;7;0;4;0;2;1;A01
201200043688;0;7;0;4;0;3;1;A01
201200043689;0;7;0;4;0;1;1;A01
201200043690;0;30;0;4;0;2;1;A01
201200043691;0;33;0;6;0;1;1;A01
201200043692;0;7;0;0;0;0;0;B01
201200043692;0;31;0;0;0;7;1;A01
201200043693;0;7;0;0;2;1;1;A01
201200043693;0;7;0;0;2;7;1;B01
201200043694;0;1;0;0;0;0;1;A01
201200043695;0;31;0;8;0;0;1;A01
201200043696;0;7;0;0;2;3;9;A01
201200043696;0;37;80;0;2;2;1;B01
201200043697;0;33;0;0;0;8;1;A01
201200043698;0;32;0;0;2;1;1;B01
201200043698;0;7;0;0;2;2;1;A01
201200043699;0;7;0;0;1;1;1;A01
201200043700;0;7;0;0;2;1;2;A01
201200043700;0;10;0;0;2;4;1;B01
201200043701;0;34;0;0;2;7;1;B01
201200043701;2;7;0;0;2;1;1;Z01
201200043702;1;99;0;0;1;2;1;Z01
201200043703;0;7;0;0;2;4;1;A01
201200043703;0;7;0;0;2;1;2;B01
201200043704;1;10;0;0;1;1;1;Z01
201200043705;0;10;0;0;1;4;20;A01
201200043706;0;32;0;0;2;8;14;A01
201200043706;0;33;0;0;2;1;2;B01
201200043707;0;3;0;0;1;1;1;A01
201200043708;0;1;0;0;2;4;15;B01
201200043708;1;7;0;0;9;1;2;Z01
201200043709;1;7;0;0;0;0;0;Z01
201200043709;0;2;0;1;0;1;0;A01
201200043710;0;7;0;0;2;3;1;A01
201200043710;0;33;0;0;2;1;17;B01
201200043711;0;7;0;0;2;3;1;B01
201200043711;0;7;0;0;2;3;15;A01
201200043712;0;32;0;0;2;8;21;A01
201200043712;0;7;0;0;0;0;9;B01
201200043713;1;7;0;0;1;4;20;Z01
201200043714;0;7;0;0;2;3;1;A01
201200043714;0;2;0;0;2;1;1;B01
201200043715;0;7;0;0;1;1;2;A01
201200043716;0;7;0;0;0;4;2;B01
201200043716;0;33;0;0;2;4;21;A01
201200043717;0;7;0;16;2;0;0;A01
201200043717;0;30;0;0;2;0;1;B01
201200043718;0;7;0;15;2;1;2;A01
201200043718;0;7;0;12;0;1;0;B01
201200043719;1;30;0;0;1;1;1;Z01
201200043720;0;20;0;0;1;5;8;A01
201200043721;0;7;0;0;2;6;5;B01
201200043721;0;7;0;0;2;3;14;A01
201200043722;0;7;0;0;0;7;2;A01
201200043723;0;7;0;0;1;3;1;A01
201200043724;0;32;0;0;2;1;1;B01
201200043724;2;7;0;0;2;3;9;A01
201200043725;0;7;0;14;0;1;2;A01
201200043725;0;7;0;14;0;9;23;B01
201200043725;0;7;0;14;0;9;23;C01
201200043725;0;7;0;0;2;4;23;D01
201200043726;0;7;0;0;2;7;2;A01
201200043726;0;7;0;0;0;8;22;B01
201200043727;0;7;0;0;2;8;15;B01
201200043727;0;7;0;0;2;3;1;A01
201200043728;1;7;0;0;0;5;4;Z01
201200043729;0;10;0;0;2;8;2;C01
201200043729;0;7;0;0;2;3;11;A01
201200043729;0;31;0;0;2;2;2;B01
201200043730;0;2;0;0;1;0;0;Z01
201200043731;1;30;0;0;1;1;0;Z01
201200043732;0;7;0;0;1;5;1;A01
201200043733;0;7;0;0;;4;0;A01
201200043733;0;14;0;0;2;1;0;B01
201200043734;0;32;0;0;2;8;18;A01
201200043734;0;7;0;0;2;7;14;B01
201200043735;0;7;0;0;1;1;1;A01
201200043736;0;7;0;0;1;1;9;A01
201200043737;0;10;0;0;1;3;1;A01
201200043738;0;37;1;0;1;2;16;A01
201200043739;1;2;0;0;0;0;0;A01
201200043739;1;7;0;0;0;0;0;Z01
201200043740;0;10;0;0;0;6;2;A01
201200043740;0;32;0;0;2;1;2;B01
201200043741;0;33;0;1;2;4;1;B01
201200043741;0;7;0;0;2;5;16;A01
201200043742;0;7;0;0;2;3;10;A01
201200043742;0;33;0;0;2;2;2;B01
201200043743;0;7;0;0;2;2;16;A01
201200043743;0;2;0;0;2;3;7;B01
201200043744;0;37;0;0;1;2;0;A01
201200043745;0;30;0;0;1;1;1;A01
201200043746;0;7;0;0;1;1;2;A01
201200043747;0;7;0;0;1;2;1;A01
201200043748;1;30;0;0;1;1;0;Z01
201200043749;0;7;0;0;0;3;1;A01
201200043749;0;1;0;0;0;1;1;B01
201200043750;0;7;0;0;1;1;0;A01
201200043751;0;14;0;0;2;4;23;D01
201200043751;0;32;0;1;0;9;0;A01
201200043751;0;7;0;14;0;1;0;B01
201200043752;0;33;0;8;0;1;2;A01
201200043752;1;7;0;0;0;0;0;Z01
201200043753;0;7;0;0;2;8;1;B01
201200043753;2;7;0;0;2;1;0;A01
201200043753;0;7;0;1;0;4;0;C01
201200043753;0;7;0;1;0;6;0;D01
201200043754;0;99;0;0;0;2;16;A01
201200043754;0;1;0;0;0;3;0;B01
201200043755;0;7;0;1;0;3;2;A01
201200043756;0;2;0;0;2;7;1;A01
201200043756;1;7;0;0;2;7;12;Z01
201200043757;1;2;0;0;1;2;0;Z01
201200043758;0;7;0;0;2;3;10;A01
201200043758;0;34;0;0;2;3;1;B01
201200043759;0;7;0;15;2;7;1;A01
201200043759;0;7;0;0;2;1;1;B01
201200043760;0;7;0;0;0;2;9;A01
201200043760;0;32;0;0;0;1;1;B01
201200043761;0;15;0;0;9;2;20;A01
201200043762;0;1;0;0;2;4;0;A01
201200043762;1;7;0;0;2;1;0;Z01
201200043763;0;7;0;0;2;6;0;C01
201200043763;0;10;0;1;2;1;1;B01
201200043763;0;7;0;0;2;1;17;A01
201200043764;0;3;0;0;0;8;0;B01
201200043764;0;7;0;0;0;3;15;A01
201200043765;0;2;0;0;2;1;0;A01
201200043765;0;7;0;0;2;8;2;B01
201200043766;0;32;0;0;2;8;5;A01
201200043766;0;7;0;0;2;4;15;B01
201200043767;0;7;0;0;2;1;1;A01
201200043767;0;7;0;0;2;4;1;B01
201200043768;0;2;0;15;0;2;2;A01
201200043769;0;32;0;0;0;0;0;A01
201200043770;0;14;0;0;2;5;4;A01
201200043770;0;20;0;0;2;1;2;B01
201200043771;0;7;0;0;2;1;2;A01
201200043771;0;7;0;0;0;4;2;B01
201200043772;0;7;0;0;2;3;12;A01
201200043772;0;7;0;15;2;8;2;B01
201200043773;0;7;0;0;1;2;1;A01
201200043774;0;13;0;0;1;2;1;A01
201200043775;0;33;0;0;1;1;1;B01
201200043775;0;7;0;0;2;5;15;A01
201200043776;0;7;0;1;1;1;11;A01
201200043777;0;99;0;12;0;1;19;A01
201200043778;0;7;0;0;2;1;1;B01
201200043778;0;7;0;0;2;8;1;A01
201200043779;0;7;0;0;1;1;0;A01
201200043780;0;32;0;0;2;1;17;B01
201200043780;0;7;0;0;2;3;15;A01
201200043781;0;7;0;0;1;1;1;A01
201200043782;0;7;0;0;1;1;0;A01
201200043783;0;7;0;0;1;2;1;A01
201200043784;1;7;0;0;1;1;1;Z01
201200043785;0;7;0;0;9;0;0;A01
201200043785;0;1;0;0;2;7;0;B01
201200043786;0;7;0;0;0;2;16;A01
201200043786;0;30;0;0;2;1;1;B01
201200043787;0;7;0;0;2;3;9;A01
201200043787;0;30;0;0;2;1;1;B01
201200043788;1;30;0;0;1;1;1;A01
201200043789;0;7;0;0;1;2;0;A01
201200043790;0;7;0;0;1;2;1;A01
201200043791;0;32;0;0;2;3;10;B01
201200043791;1;7;0;0;0;0;1;Z01
201200043792;0;7;0;0;2;3;9;A01
201200043792;0;33;0;0;2;1;1;B01
201200043793;0;7;0;0;1;2;1;A01
201200043794;0;7;0;15;0;1;1;A01
201200043795;0;7;0;0;2;4;23;E01
201200043795;0;10;0;0;2;1;3;A01
201200043795;0;13;0;0;2;4;23;B01
201200043795;0;10;0;0;2;4;23;F02
201200043795;0;7;0;0;2;2;23;C01
201200043795;0;10;0;0;2;4;23;D01
201200043796;0;7;0;0;2;4;2;A01
201200043796;0;7;0;0;2;1;2;B01
201200043796;0;7;0;0;0;5;0;C01
201200043796;0;7;0;0;2;2;0;D01
201200043797;0;7;0;0;1;7;2;A01
201200043798;0;7;0;0;2;2;9;B01
201200043798;0;32;0;0;0;4;1;A01
201200043799;0;1;0;0;2;8;15;B01
201200043799;0;7;0;0;2;2;17;A01
201200043800;1;32;0;0;1;1;0;Z01
201200043801;0;34;0;0;2;1;1;B01
201200043801;0;99;0;0;2;3;11;A01
201200043802;0;7;0;0;2;1;11;A01
201200043802;0;34;0;0;2;1;1;B01
201200043803;0;7;0;0;2;8;15;A01
201200043803;0;30;0;0;2;2;17;B01
201200043804;0;7;0;0;0;3;0;A01
201200043805;0;7;0;0;2;2;9;A01
201200043805;0;33;0;0;2;1;1;B01
201200043806;0;31;0;0;2;7;1;B01
201200043806;0;7;0;0;2;1;9;A01
201200043807;0;37;1;0;1;2;1;A01
201200043808;0;33;0;0;9;1;2;A01
201200043808;0;1;0;0;0;4;9;B01
201200043809;0;7;0;0;1;4;4;A01
201200043810;0;33;0;8;0;7;17;A01
201200043811;0;7;0;0;1;7;1;A01
201200043812;0;1;0;0;0;5;2;B01
201200043812;0;7;0;0;9;3;2;A01
201200043813;0;10;0;0;2;1;0;A01
201200043813;0;7;0;0;0;4;0;B01
201200043814;0;10;0;0;2;3;15;A01
201200043814;0;32;0;0;2;2;17;B01
201200043815;0;30;0;0;1;1;1;A01
201200043816;0;7;0;0;2;3;10;A01
201200043816;0;30;0;0;2;1;3;B01
201200043817;0;99;0;0;2;1;17;A01
201200043817;0;7;0;0;2;3;9;B01
201200043818;0;7;0;0;2;1;2;A01
201200043818;0;7;0;0;2;3;2;B01
201200043819;0;34;0;0;0;0;0;A01
201200043820;0;30;0;0;1;1;1;A01
201200043821;0;7;0;0;2;1;15;A01
201200043821;0;33;0;0;2;1;1;B01
201200043822;0;7;0;0;1;1;1;A01
201200043823;0;10;0;1;0;2;2;A01
201200043824;0;7;0;0;1;3;0;A01
201200043825;0;7;0;0;0;0;11;A01
201200043825;0;32;0;14;2;2;17;B01
201200043826;0;7;0;0;1;1;9;A01
201200043827;0;7;0;0;2;4;2;B01
201200043827;0;7;0;0;2;1;23;A01
201200043828;0;7;0;0;0;7;0;A01
201200043828;0;30;0;1;0;1;0;B01
201200043829;0;7;0;0;2;2;2;A01
201200043829;0;7;0;9;2;6;23;B01
201200043830;0;7;0;0;2;1;1;B01
201200043830;0;7;0;0;2;2;1;A01
201200043831;0;7;0;0;1;1;0;A01
201200043832;1;7;0;0;2;5;4;Z01
201200043832;0;30;0;0;2;1;1;B01
201200043833;0;7;0;0;0;7;24;A01
201200043833;0;1;0;0;0;1;17;B01
201200043834;0;7;0;0;0;5;15;A01
201200043834;0;1;0;0;0;1;1;B01
201200043835;0;7;0;0;2;6;1;A01
201200043835;0;7;0;0;2;1;1;B01
201200043836;0;7;0;0;0;0;1;A01
201200043837;0;7;0;0;2;0;0;A01
201200043837;0;30;0;0;2;0;0;B01
201200043838;1;7;0;0;1;3;1;Z01
201200043839;0;7;0;0;1;1;1;A01
201200043840;0;7;0;0;2;3;2;A01
201200043840;0;1;0;0;2;4;1;B01
201200043841;0;37;1;0;1;3;1;A01
201200043842;0;37;2;0;2;1;0;A01
201200043842;0;7;0;0;0;4;0;B01
201200043843;0;10;0;0;0;4;24;A01
201200043843;0;7;0;1;2;1;2;B01
201200043843;0;7;0;0;2;1;2;C01
201200043844;0;7;0;0;2;1;5;A01
201200043844;0;7;0;0;2;1;1;B01
201200043845;0;7;0;0;1;7;1;A01
201200043846;0;7;0;0;2;3;15;A01
201200043846;0;33;0;0;2;1;2;B01
201200043847;0;2;0;2;0;1;1;A01
201200043848;0;7;0;9;0;1;1;A01
201200043849;0;7;0;0;0;7;15;B01
201200043849;2;7;0;0;2;1;14;A01
201200043850;0;33;0;0;2;2;2;A01
201200043850;0;7;0;0;2;6;1;B01
201200043851;0;7;0;2;0;3;0;A01
201200043852;0;7;0;1;0;1;1;A01
201200043853;2;7;0;15;0;1;15;Z01
201200043854;0;7;0;0;2;1;13;A01
201200043854;0;7;0;0;2;1;2;B01
201200043855;1;7;0;0;1;1;10;Z01
201200043855;0;1;0;0;2;1;1;B01
201200043856;0;10;0;0;1;3;15;A01
201200043857;0;13;0;0;0;8;0;A01
201200043857;0;7;0;0;0;1;0;B01
201200043858;0;7;0;0;2;3;9;A01
201200043858;0;30;0;0;0;1;1;B01
201200043859;0;7;0;0;2;1;2;B01
201200043859;0;7;0;0;2;2;11;A01
201200043860;0;7;0;3;0;1;1;A01
201200043861;0;7;0;0;1;1;15;A01
201200043862;0;7;0;0;2;8;2;B01
201200043862;0;33;0;0;2;7;2;A01
201200043863;0;7;0;0;2;1;2;B01
201200043863;0;7;0;0;2;1;15;A01
201200043864;0;7;0;0;2;3;0;A01
201200043864;0;7;0;0;2;2;2;B01
201200043865;0;1;0;0;2;0;19;B01
201200043865;0;7;0;0;9;2;1;A01
201200043866;0;7;0;0;0;6;2;A01
201200043866;2;7;0;0;0;3;2;B01
201200043867;0;7;0;0;1;2;1;A01
201200043867;0;7;0;0;0;0;1;B01
201200043868;0;7;0;1;0;1;1;A01
201200043868;0;15;0;0;2;4;1;B01
201200043869;0;7;0;0;1;1;1;A01
201200043870;0;7;0;0;2;0;0;B01
201200043870;0;7;0;0;2;0;0;A01
201200043871;0;7;0;0;1;8;1;A01
201200043872;0;7;0;0;1;3;0;A01
201200043873;0;7;0;8;2;9;1;A01
201200043873;0;7;0;0;2;2;1;B01
201200043874;0;7;0;0;0;8;0;A01
201200043874;0;7;0;0;0;0;0;B01
201200043875;0;7;0;0;2;1;16;A01
201200043875;0;7;0;0;2;7;15;B01
201200043876;0;7;0;0;0;3;2;A01
201200043876;0;34;0;0;0;7;7;B01
201200043877;0;10;0;0;0;1;2;A01
201200043878;0;7;0;1;0;3;12;A01
201200043879;0;7;0;8;0;1;1;A01
201200043880;0;7;0;0;1;4;4;A01
201200043881;0;10;0;1;0;4;20;A01
201200043881;0;2;0;0;2;1;1;B01
201200043882;0;34;0;0;2;1;1;B01
201200043882;0;7;0;0;0;5;11;A01
201200043883;0;7;0;0;2;1;5;A01
201200043883;0;7;0;0;2;1;1;B01
201200043884;0;33;0;0;0;0;0;A01
201200043884;0;7;0;0;0;0;0;B01
201200043885;0;7;0;0;1;1;15;A01
201200043886;2;7;0;0;2;1;1;A01
201200043886;0;7;0;0;2;8;9;B01
201200043887;0;7;0;0;2;4;2;B01
201200043887;0;7;0;0;2;1;2;A01
201200043888;0;7;0;0;1;1;1;A01
201200043889;0;7;0;3;0;4;2;B01
201200043889;0;7;0;0;2;1;2;A01
201200043890;0;7;0;0;1;1;1;A01
201200043891;0;7;0;0;0;3;2;A01
201200043891;0;7;0;0;0;5;2;B01
201200043892;0;1;0;0;2;1;19;B01
201200043892;0;7;0;0;9;2;19;A01
201200043893;0;7;0;0;2;8;15;B01
201200043893;0;33;0;0;2;7;17;A01
201200043894;2;10;0;14;0;1;1;A01
201200043895;1;10;0;0;0;0;0;A01
201200043895;0;1;0;0;2;0;0;B01
201200043896;0;7;0;0;2;3;15;A01
201200043896;0;7;0;0;2;1;1;B01
201200043897;0;7;0;0;0;1;10;A01
201200043897;0;30;0;0;0;8;21;B01
201200043898;0;7;0;0;0;3;0;A01
201200043898;0;7;0;0;0;3;0;B01
201200043899;0;7;0;0;1;3;18;A01
201200043900;0;33;0;0;2;3;2;A01
201200043900;0;7;0;0;2;3;15;B01
201200043901;0;7;0;8;0;1;1;A01
201200043902;0;7;0;0;2;1;9;B01
201200043902;0;7;0;0;2;1;1;A01
201200043903;0;7;0;0;2;3;0;A01
201200043903;0;7;0;0;0;8;4;B01
201200043904;0;7;0;0;0;3;0;A01
201200043904;0;7;0;0;0;0;0;B01
201200043905;0;33;0;0;2;1;5;B01
201200043905;0;7;0;0;2;3;16;A01
201200043906;1;7;0;0;2;2;0;A01
201200043906;0;30;0;0;2;1;1;B01
201200043907;0;7;0;0;2;3;16;B01
201200043907;0;33;0;0;2;3;15;A01
201200043908;0;1;0;0;2;0;0;B01
201200043908;0;7;0;0;2;1;0;A01
201200043909;0;7;0;0;1;1;2;A01
201200043910;0;1;0;11;2;8;19;B01
201200043910;0;7;0;14;1;1;1;A01
201200043911;0;7;0;0;2;5;1;B01
201200043911;1;30;0;0;2;1;21;A01
201200043912;0;3;0;16;0;8;0;A01
201200043913;0;7;0;0;0;6;1;B01
201200043913;0;33;0;0;2;1;1;A01
201200043914;0;7;0;0;2;4;2;B01
201200043914;0;7;0;0;2;1;2;A01
201200043915;0;7;0;0;0;4;2;B01
201200043915;0;7;0;0;2;1;2;A01
201200043916;0;7;0;0;0;1;5;A01
201200043916;0;7;0;0;2;1;2;B01
201200043916;0;7;0;0;2;1;2;C01
201200043917;1;10;0;0;1;4;4;A01
201200043918;0;7;0;0;2;2;1;A01
201200043918;0;7;0;0;2;2;15;B01
201200043919;0;30;0;0;9;1;1;A01
201200043920;0;7;0;0;2;1;2;B01
201200043920;0;7;0;0;0;7;15;A01
201200043921;0;15;0;0;0;0;2;B01
201200043921;0;7;0;0;0;6;17;A01