num_acc;senc;catv;occutc;obs;obsm;choc;manv;num_veh
201200043921;0;37;0;0;0;0;23;C01
201200043922;0;7;0;1;0;1;2;A01
201200043923;0;7;0;0;0;2;1;A01
201200043924;0;7;0;1;0;1;1;A01
201200043925;0;7;0;0;0;1;2;A01
201200043926;0;7;0;0;0;3;2;A01
201200043926;0;7;0;0;0;4;3;B01
201200043927;0;37;0;0;1;3;1;A01
201200043928;0;7;0;0;2;1;2;A01
201200043928;0;37;3;0;2;5;15;B01
201200043929;0;20;0;0;2;2;15;A01
201200043929;0;7;0;0;2;2;0;B01
201200043930;0;7;0;0;2;3;15;A01
201200043930;0;7;0;0;2;2;1;B01
201200043931;2;37;0;0;1;0;0;A01
201200043932;0;7;0;0;0;7;2;A01
201200043932;1;7;0;0;2;0;0;B01
201200043933;0;31;0;0;2;6;10;A01
201200043933;0;7;0;0;2;2;1;B01
201200043934;0;7;0;0;2;1;23;C01
201200043934;0;7;0;0;2;1;6;A01
201200043934;0;7;0;0;2;1;5;B01
201200043935;0;7;0;2;0;1;0;A01
201200043936;0;32;0;0;2;1;19;B01
201200043936;0;7;0;0;2;3;19;A01
201200043937;0;7;0;0;2;1;15;B01
201200043937;0;2;0;0;0;8;1;A01
201200043938;0;7;0;0;1;2;2;A01
201200043939;1;7;0;0;0;1;0;A01
201200043940;0;7;0;0;2;3;1;A01
201200043940;0;2;0;0;2;3;2;B01
201200043941;0;7;0;12;2;2;11;A01
201200043941;0;7;0;0;0;3;2;B01
201200043942;1;7;0;0;1;1;0;A01
201200043943;0;7;0;0;2;5;1;B01
201200043943;0;7;0;0;2;1;9;A01
201200043943;0;7;0;0;2;4;1;C01
201200043944;0;7;0;0;1;2;1;A01
201200043945;0;7;0;4;0;1;0;A01
201200043946;0;7;0;0;1;1;1;A01
201200043947;1;7;0;0;1;0;0;A01
201200043948;0;7;0;0;2;3;1;B01
201200043948;1;7;0;0;2;0;9;A01
201200043949;0;33;0;0;2;1;1;B01
201200043949;0;10;0;0;0;5;0;A01
201200043950;0;7;0;0;2;6;11;A01
201200043950;0;7;0;0;2;1;1;B01
201200043951;0;7;0;0;2;2;1;B01
201200043951;0;7;0;0;2;1;19;A01
201200043952;0;34;0;0;0;1;2;B01
201200043952;0;7;0;0;0;4;2;A01
201200043953;0;7;0;0;1;0;20;A01
201200043954;0;7;0;0;2;2;1;A01
201200043954;0;7;0;0;2;2;24;B01
201200043955;0;7;0;0;2;8;11;A01
201200043955;0;30;0;8;2;7;1;B01
201200043956;0;7;0;0;1;1;0;A01
201200043957;0;7;0;0;2;2;0;A01
201200043957;0;7;0;0;2;3;0;B01
201200043958;0;15;0;1;0;2;2;A01
201200043959;0;7;0;0;2;1;16;A01
201200043959;0;33;0;0;2;1;2;B01
201200043960;0;7;0;0;1;1;15;A01
201200043961;0;7;0;0;2;1;1;A01
201200043961;0;7;0;0;2;4;2;C01
201200043961;0;7;0;0;2;4;2;B01
201200043962;0;7;0;0;2;1;1;B01
201200043962;0;7;0;8;0;6;1;A01
201200043963;0;7;0;0;2;8;0;B01
201200043963;0;7;0;0;2;1;1;A01
201200043964;0;7;0;0;0;4;2;B01
201200043964;0;7;0;0;2;2;2;A01
201200043965;0;33;0;0;1;1;1;A01
201200043966;0;10;0;0;0;0;0;A01
201200043967;0;17;0;0;0;8;0;A01
201200043968;1;2;0;0;0;0;0;A01
201200043969;1;7;0;0;0;0;0;B01
201200043969;0;7;0;0;0;1;0;A01
201200043970;0;7;0;1;2;4;23;B01
201200043970;1;7;0;1;0;1;0;C01
201200043970;0;7;0;0;2;4;23;A01
201200043971;0;31;0;0;2;0;0;A01
201200043971;0;7;0;0;0;0;0;B01
201200043972;0;7;0;0;1;2;2;A01
201200043973;1;7;0;0;1;0;0;A01
201200043974;0;7;0;13;0;1;1;A01
201200043975;0;33;0;0;0;8;1;A01
201200043976;0;7;0;0;2;2;1;B01
201200043976;0;7;0;0;2;3;2;A01
201200043977;0;7;0;0;1;3;0;A01
201200043978;0;7;0;0;2;3;1;B01
201200043978;0;30;0;0;2;1;1;A01
201200043979;0;7;0;15;0;1;1;A01
201200043980;0;7;0;0;2;1;1;A01
201200043980;0;7;0;0;2;4;1;B01
201200043981;0;10;0;12;2;6;1;B01
201200043981;0;7;0;9;2;3;1;A01
201200043982;0;7;0;0;2;1;2;A01
201200043982;0;2;0;0;0;4;2;B01
201200043983;0;7;0;0;2;1;1;A01
201200043983;0;10;0;0;0;4;2;B01
201200043984;0;7;0;0;1;1;0;A01
201200043985;0;33;0;0;0;1;1;B01
201200043985;0;7;0;0;0;1;1;A01
201200043986;0;33;0;0;2;1;0;A01
201200043986;0;3;0;0;2;3;0;B01
201200043987;0;7;0;0;2;2;11;A01
201200043987;0;7;0;0;2;6;0;B01
201200043988;0;3;0;0;0;1;0;A01
201200043988;0;7;0;0;0;4;0;B01
201200043989;0;10;0;0;1;7;1;A01
201200043990;0;7;0;0;0;0;0;A01
201200043991;0;7;0;0;2;5;1;B01
201200043991;0;34;0;0;2;1;0;A01
201200043992;0;7;0;0;2;3;2;A01
201200043992;0;7;0;0;2;3;16;B01
201200043993;0;7;0;0;1;1;0;A01
201200043994;0;7;0;0;2;1;16;A01
201200043994;0;7;0;1;2;1;1;B01
201200043995;0;7;0;9;2;5;1;B01
201200043995;0;10;0;0;2;1;1;A01
201200043996;0;7;0;0;2;3;1;B01
201200043996;0;7;0;8;2;2;1;A01
201200043997;0;7;0;0;1;1;2;A01
201200043998;0;10;0;0;0;4;23;A01
201200043998;1;10;0;0;0;1;2;B01
201200043999;0;10;0;8;0;1;1;A01
201200044000;0;33;0;4;0;3;17;A01
201200044001;0;7;0;0;2;7;2;A01
201200044001;0;7;0;0;2;1;2;B01
201200044002;0;37;0;10;0;3;2;A01
201200044003;0;99;0;0;9;1;0;A01
201200044004;0;2;0;0;2;3;0;B01
201200044004;0;7;0;0;2;1;0;A01
201200044005;0;33;0;0;2;1;1;B01
201200044005;0;7;0;0;2;3;1;A01
201200044006;0;7;0;0;2;1;2;A01
201200044006;0;7;0;0;0;4;1;B01
201200044007;0;37;0;0;0;1;1;B01
201200044007;0;7;0;0;0;3;1;A01
201200044008;0;2;0;0;2;7;1;A01
201200044008;0;7;0;0;2;1;1;B01
201200044009;0;30;0;0;0;6;1;B01
201200044009;1;7;0;0;2;0;0;A01
201200044010;0;7;0;0;0;6;10;A01
201200044010;0;2;0;0;0;1;1;B01
201200044011;0;7;0;0;2;7;1;B01
201200044011;0;7;0;0;2;1;1;A01
201200044012;0;7;0;12;0;1;1;A01
201200044013;0;7;0;0;2;2;1;A01
201200044013;0;7;0;0;2;2;1;B01
201200044014;0;7;0;0;2;8;0;B01
201200044014;0;7;0;0;2;7;1;A01
201200044015;1;7;0;0;2;0;16;A01
201200044015;0;37;0;0;2;3;21;B01
201200044016;0;2;0;0;2;1;0;A01
201200044016;0;7;0;0;2;8;0;B01
201200044017;0;7;0;8;0;4;4;A01
201200044018;0;32;0;0;2;1;10;A01
201200044018;0;7;0;0;2;4;1;B01
201200044019;0;7;0;0;0;6;9;A01
201200044020;0;7;0;0;2;2;0;A01
201200044020;0;7;0;0;0;6;23;B01
201200044021;0;2;0;0;0;2;0;A01
201200044022;0;7;0;0;2;3;0;A01
201200044022;0;33;0;0;2;9;0;B01
201200044023;0;1;0;0;1;1;1;A01
201200044024;0;7;0;0;2;6;2;A01
201200044024;1;7;0;0;2;1;2;Z01
201200044025;0;33;0;0;0;4;23;A01
201200044025;1;7;0;0;2;1;2;B01
201200044026;0;99;0;0;0;1;0;B01
201200044026;0;7;0;0;0;4;0;A01
201200044027;0;7;0;14;0;1;6;A01
201200044028;0;3;0;0;0;4;4;A01
201200044029;0;7;0;0;0;8;1;B01
201200044029;0;7;0;12;0;1;9;A01
201200044030;0;7;0;0;2;3;1;B01
201200044030;0;7;0;0;2;1;15;A01
201200044031;0;30;0;0;2;1;0;A01
201200044031;0;7;0;0;2;1;0;B01
201200044032;0;30;0;1;2;1;1;A01
201200044032;0;7;0;0;2;2;1;B01
201200044033;0;7;0;0;1;3;1;A01
201200044034;0;7;0;0;1;1;9;A01
201200044035;0;10;0;0;1;2;1;A01
201200044036;0;7;0;0;2;3;1;A01
201200044036;0;7;0;15;2;1;9;B01
201200044037;0;7;0;0;0;1;2;A01
201200044037;0;7;0;0;0;4;1;B01
201200044038;1;7;0;0;1;1;1;A01
201200044039;0;7;0;8;0;3;1;A01
201200044040;0;7;0;0;2;7;10;A01
201200044040;0;32;0;0;2;1;1;B01
201200044041;0;7;0;1;0;5;24;B01
201200044041;0;7;0;0;2;1;2;A01
201200044042;0;7;0;0;1;1;1;A01
201200044043;0;7;0;0;2;8;1;B01
201200044043;0;7;0;0;2;1;1;A01
201200044044;0;7;0;8;0;1;1;A01
201200044045;0;7;0;14;2;2;2;A01
201200044045;0;7;0;0;9;4;2;B01
201200044046;0;32;0;0;0;3;1;A01
201200044046;0;15;0;0;0;3;1;B01
201200044047;0;7;0;1;2;9;5;A01
201200044047;0;7;0;0;2;1;0;B01
201200044048;0;7;0;0;2;1;1;A01
201200044048;0;7;0;1;2;3;24;C01
201200044048;0;10;0;0;2;1;9;B01
201200044049;0;7;0;0;2;3;5;A01
201200044049;0;7;0;0;2;3;1;B01
201200044050;0;34;0;0;1;1;0;A01
201200044051;0;7;0;0;1;6;4;A01
201200044052;0;7;0;0;0;3;1;A01
201200044053;0;7;0;0;2;6;23;B01
201200044053;0;33;0;0;2;4;23;A01
201200044053;1;7;0;1;0;1;17;C01
201200044054;0;99;0;0;2;1;0;B01
201200044054;0;7;0;0;2;5;9;A01
201200044055;0;7;0;0;1;3;1;A01
201200044056;0;7;0;0;1;2;0;A01
201200044057;1;7;0;1;2;4;4;A01
201200044057;0;7;0;0;2;2;16;B01
201200044058;0;3;0;0;1;1;1;A01
201200044059;0;7;0;0;1;6;4;A01
201200044060;0;7;0;0;0;1;15;A01
201200044060;0;1;0;0;2;8;1;B01
201200044061;0;7;0;0;0;0;0;B01
201200044061;0;10;0;0;1;4;4;A01
201200044062;0;7;0;0;2;2;0;B01
201200044062;0;34;0;0;2;8;0;A01
201200044063;0;33;0;0;0;1;0;A01
201200044064;0;33;0;0;2;8;2;A01
201200044064;0;7;0;0;2;3;11;B01
201200044065;1;7;0;0;1;2;0;A01
201200044066;0;7;0;2;2;5;1;A01
201200044066;0;3;0;0;2;3;9;B01
201200044067;1;35;0;0;1;1;2;A01
201200044068;0;7;0;8;0;3;1;A01
201200044069;0;99;0;0;2;1;0;B01
201200044069;0;7;0;0;2;8;1;A01
201200044070;0;7;0;0;0;1;0;A01
201200044070;0;7;0;0;0;4;0;B01
201200044071;0;7;0;0;2;7;1;B01
201200044071;0;7;0;0;2;3;18;A01
201200044072;0;7;0;0;1;2;1;A01
201200044073;0;7;0;0;2;1;1;A01
201200044073;0;7;0;0;2;8;1;B01
201200044074;0;7;0;0;2;1;1;B01
201200044074;0;7;0;0;0;2;1;A01
201200044075;1;10;0;0;0;0;15;B01
201200044075;0;7;0;0;0;1;2;A01
201200044076;0;32;0;0;0;1;1;A01
201200044077;0;10;0;0;2;7;2;A01
201200044077;0;1;0;0;2;8;2;B01
201200044078;0;7;0;0;0;1;2;A01
201200044078;0;7;0;0;0;4;23;B01
201200044079;0;32;0;8;0;0;0;A01
201200044080;0;7;0;0;0;1;1;A01
201200044081;0;30;0;0;2;2;2;A01
201200044081;2;7;0;0;2;3;2;B01
201200044082;1;7;0;0;1;1;0;A01
201200044083;0;7;0;0;2;1;17;A01
201200044083;0;7;0;0;0;8;9;B01
201200044084;0;7;0;0;2;3;11;A01
201200044084;0;7;0;12;2;3;0;B01
201200044085;0;7;0;0;2;1;2;A01
201200044085;0;7;0;0;0;4;2;B01
201200044086;0;7;0;0;0;4;23;A01
201200044086;0;7;0;0;2;1;2;B01
201200044087;0;7;0;0;0;0;1;B01
201200044087;0;30;0;0;0;1;1;A01
201200044088;0;30;0;0;2;0;0;A01
201200044088;0;7;0;0;0;6;1;B01
201200044089;0;33;0;0;2;0;0;A01
201200044089;1;7;0;0;2;0;0;B01
201200044090;0;3;0;0;0;0;0;A01
201200044091;1;7;0;0;1;0;0;A01
201200044092;0;7;0;0;0;5;0;A01
201200044093;0;7;0;0;1;1;1;A01
201200044094;0;7;0;0;1;2;2;A01
201200044095;0;7;0;0;1;3;15;A01
201200044096;0;30;0;6;0;1;0;A01
201200044097;0;10;0;0;0;2;1;A01
201200044098;0;7;0;0;2;3;9;A01
201200044098;0;32;0;0;2;1;1;B01
201200044099;0;7;0;0;0;6;10;A01
201200044099;0;33;0;0;2;1;1;B01
201200044100;0;33;0;0;0;8;1;A01
201200044101;0;14;0;0;2;1;2;A01
201200044101;0;7;0;0;2;4;2;B01
201200044101;0;7;0;0;2;4;2;C01
201200044101;0;7;0;0;2;4;1;D01
201200044102;1;7;0;0;2;2;12;B01
201200044102;0;37;1;0;2;3;1;A01
201200044103;0;7;0;0;1;2;1;A01
201200044104;0;20;0;9;0;1;12;A01
201200044105;0;7;0;0;1;3;17;A01
201200044106;0;33;0;0;2;1;2;A01
201200044106;0;7;0;0;2;4;16;B01
201200044107;0;13;0;0;2;2;1;A01
201200044107;0;7;0;0;2;8;1;B01
201200044108;0;7;0;0;2;6;0;A01
201200044108;0;7;0;0;2;2;2;B01
201200044109;0;7;0;2;0;2;0;A01
201200044110;0;7;0;0;2;1;17;A01
201200044110;0;7;0;0;2;1;2;C01
201200044110;0;7;0;0;2;1;2;D01
201200044110;0;7;0;0;2;3;15;B01
201200044111;0;7;0;0;1;2;1;A01
201200044112;0;10;0;0;1;4;4;A01
201200044113;0;7;0;0;0;0;0;A01
201200044114;0;7;0;0;1;1;1;A01
201200044115;0;7;0;0;1;2;11;A01
201200044116;0;7;0;0;2;8;15;B01
201200044116;0;7;0;0;2;3;1;A01
201200044117;0;15;0;0;2;4;7;A01
201200044117;0;30;0;1;0;1;18;B01
201200044118;0;7;0;0;2;1;2;A01
201200044118;0;7;0;0;2;4;1;B01
201200044119;0;31;0;1;2;3;3;A01
201200044119;0;7;0;0;0;5;0;B01
201200044120;0;7;0;0;2;3;19;A01
201200044120;0;1;0;0;2;8;1;B01
201200044121;1;99;0;0;1;1;7;A01
201200044122;0;31;0;0;2;0;21;A01
201200044123;0;33;0;12;2;8;0;A01
201200044123;1;7;0;0;2;0;0;B01
201200044124;0;7;0;0;1;3;9;A01
201200044125;1;30;0;0;1;0;0;A01
201200044126;0;13;0;0;2;1;2;A01
201200044126;0;7;0;0;0;4;2;B01
201200044127;0;7;0;0;0;4;23;A01
201200044127;0;10;0;0;0;1;2;B01
201200044128;0;7;0;0;2;1;2;B01
201200044128;2;7;0;0;2;1;1;A01
201200044129;0;40;0;0;0;1;1;A01
201200044129;0;7;0;0;0;8;1;B01
201200044130;0;1;0;11;0;7;2;B01
201200044130;0;7;0;11;0;6;2;A01
201200044131;0;10;0;0;1;4;4;A01
201200044132;0;7;0;0;0;1;10;A01
201200044132;0;7;0;0;0;1;1;B01
201200044133;0;7;0;0;2;3;5;B01
201200044133;0;7;0;0;2;1;9;A01
201200044134;0;33;0;0;2;7;1;B01
201200044134;0;7;0;0;2;3;11;A01
201200044135;0;33;0;0;2;1;0;A01
201200044135;0;7;0;0;2;6;2;B01
201200044136;0;7;0;4;0;1;2;A01
201200044137;0;37;3;0;1;7;7;A01
201200044138;0;7;0;0;2;1;17;A01
201200044139;0;7;0;0;1;3;10;A01
201200044140;0;7;0;0;0;4;23;C01
201200044140;0;10;0;0;0;1;2;A01
201200044140;0;7;0;0;0;4;23;B01
201200044141;0;7;0;0;9;2;21;A01
201200044141;0;30;0;0;0;4;13;B01
201200044142;0;7;0;0;1;2;1;A01
201200044143;0;10;0;0;2;8;2;A01
201200044143;0;33;0;0;2;1;2;B01
201200044144;0;34;0;0;9;1;9;B01
201200044144;0;1;0;0;2;8;5;A01
201200044145;0;7;0;0;1;4;2;B01
201200044145;0;7;0;0;2;1;1;A01
201200044146;0;30;0;0;2;7;0;B01
201200044146;0;7;0;0;2;3;0;A01
201200044147;0;7;0;0;1;3;1;A01
201200044148;0;7;0;0;1;7;9;A01
201200044149;0;7;0;0;0;4;0;B01
201200044149;0;7;0;0;0;1;0;A01
201200044150;0;7;0;0;0;2;2;A01
201200044150;0;7;0;0;0;6;10;B01
201200044151;0;37;2;0;0;4;2;A01
201200044151;0;7;0;0;2;1;2;B01
201200044152;0;7;0;8;0;8;0;B01
201200044152;0;3;0;0;2;1;15;A01
201200044153;0;10;0;0;2;2;2;A01
201200044153;0;30;0;0;2;4;2;B01
201200044154;0;7;0;0;1;3;15;A01
201200044155;0;7;0;0;2;8;14;A01
201200044155;0;7;0;0;2;1;1;B01
201200044156;0;33;0;0;2;1;1;A01
201200044156;0;7;0;0;2;7;0;B01
201200044157;0;31;0;8;0;0;0;A01
201200044158;0;7;0;0;0;4;2;A01
201200044158;0;20;0;0;2;1;2;B01
201200044159;0;33;0;0;2;3;1;A01
201200044159;0;10;0;0;2;2;16;B01
201200044160;0;33;0;12;0;1;7;A01
201200044161;0;7;0;0;1;2;1;A01
201200044162;0;7;0;0;0;4;0;B01
201200044162;2;7;0;0;0;1;0;A01
201200044163;1;2;0;0;0;0;0;A01
201200044164;0;32;0;0;0;2;17;B01
201200044164;0;7;0;0;0;3;15;A01
201200044165;0;13;0;0;0;3;1;A01
201200044166;0;7;0;8;0;3;0;B01
201200044166;0;7;0;0;2;1;0;A01
201200044167;0;37;1;0;0;0;0;A01
201200044167;0;30;0;0;2;8;0;B01
201200044168;0;1;0;0;1;1;2;A01
201200044169;1;7;0;0;2;1;2;A01
201200044169;0;7;0;0;2;6;2;B01
201200044170;0;7;0;0;0;4;4;A01
201200044170;0;33;0;0;0;1;21;B01
201200044171;0;7;0;0;2;1;1;A01
201200044171;0;7;0;0;2;3;5;B01
201200044172;0;7;0;1;0;1;16;A01
201200044173;0;14;0;0;2;2;1;A01
201200044173;0;7;0;0;2;8;11;B01
201200044174;0;7;0;0;2;3;11;A01
201200044174;0;7;0;0;2;1;1;B01
201200044175;0;7;0;0;9;1;0;A01
201200044175;0;30;0;0;2;1;0;B01
201200044176;0;7;0;0;1;4;4;A01
201200044177;0;7;0;0;2;1;2;B01
201200044177;0;2;0;0;2;7;2;A01
201200044178;0;7;0;0;2;3;2;B01
201200044178;0;7;0;0;2;2;1;A01
201200044179;0;31;0;0;2;1;21;A01
201200044179;0;7;0;0;2;3;23;B01
201200044180;2;34;0;0;2;8;2;B01
201200044180;2;7;0;0;2;1;0;A01
201200044181;0;33;0;0;0;0;11;A01
201200044182;0;7;0;0;2;2;12;A01
201200044182;0;33;0;1;2;9;2;B01
201200044183;0;33;0;0;0;7;0;A01
201200044183;0;7;0;0;0;2;0;B01
201200044184;0;7;0;0;1;1;2;A01
201200044185;0;10;0;0;0;1;1;B01
201200044185;0;7;0;1;2;1;16;A01
201200044186;0;34;0;0;2;1;5;A01
201200044186;0;7;0;0;0;2;15;B01
201200044187;0;7;0;0;2;1;0;A01
201200044187;0;37;0;0;2;3;2;B01
201200044188;0;7;0;0;0;6;14;A01
201200044188;0;33;0;0;2;1;1;B01
201200044189;0;2;0;0;2;2;2;A01
201200044189;0;13;0;0;2;3;2;B01
201200044190;0;7;0;0;2;3;10;A01
201200044190;0;34;0;0;2;1;1;B01
201200044191;1;33;0;0;0;0;0;A01
201200044192;0;2;0;0;0;9;0;A01
201200044193;0;7;0;0;1;1;0;A01
201200044194;0;7;0;0;0;9;1;A01
201200044195;0;7;0;0;2;2;2;A01
201200044195;0;1;0;0;0;0;0;B01
201200044196;0;13;0;0;0;0;2;A01
201200044196;0;32;0;0;0;0;2;B01
201200044197;0;37;1;0;1;7;16;A01
201200044198;0;30;0;0;2;1;1;A01
201200044198;0;7;0;0;2;3;1;B01
201200044199;0;7;0;0;2;3;2;A01
201200044199;0;7;0;0;2;7;0;B01
201200044200;0;7;0;0;0;4;10;A01
201200044200;0;10;0;0;2;4;0;B01
201200044200;0;33;0;0;0;1;0;C01
201200044201;0;7;0;0;2;1;2;A01
201200044201;0;7;0;0;0;4;23;B01
201200044202;0;37;0;0;0;2;0;A01
201200044203;0;7;0;0;2;8;23;B01
201200044203;1;7;0;0;2;1;15;A01
201200044204;0;40;0;0;0;3;20;A01
201200044205;0;7;0;0;1;1;0;A01
201200044206;1;7;0;0;1;1;0;A01
201200044207;0;7;0;0;0;0;0;B01
201200044208;0;7;0;0;1;3;15;A01
201200044209;0;10;0;0;2;1;2;A01
201200044209;0;10;0;0;0;4;0;B01
201200044210;0;37;30;0;0;1;2;A01
201200044210;0;32;0;0;0;4;2;B01
201200044211;0;7;0;0;2;1;0;A01
201200044211;0;30;0;0;2;1;1;B01
201200044212;0;7;0;0;2;1;9;B01
201200044212;2;33;0;0;2;7;1;A01
201200044213;0;7;0;0;2;1;2;B01
201200044213;0;7;0;0;2;4;2;A01
201200044214;1;2;0;0;2;8;0;A01
201200044215;0;7;0;0;1;3;4;A01
201200044216;2;7;0;0;2;1;2;A01
201200044216;0;10;0;0;0;4;2;C01
201200044216;0;7;0;0;2;9;2;B01
201200044217;0;7;0;0;2;4;2;A01
201200044217;0;7;0;0;2;4;1;B01
201200044218;0;7;0;0;2;1;15;A01
201200044218;0;32;0;0;2;0;1;B01
201200044219;0;7;0;9;2;1;7;A01
201200044219;0;7;0;0;2;2;15;B01
201200044220;1;7;0;0;1;1;1;A01
201200044221;0;7;0;0;1;3;1;A01
201200044222;0;7;0;15;9;1;1;A01
201200044222;0;1;0;0;2;3;1;Y01
201200044223;0;7;0;1;1;1;1;A01
201200044224;0;7;0;0;2;1;10;A01
201200044224;0;7;0;0;2;2;1;B01
201200044225;0;7;0;0;2;7;16;A01
201200044225;0;32;0;0;2;1;7;B01
201200044226;0;7;0;3;0;1;1;A01
201200044227;0;7;0;0;9;3;2;B01
201200044227;0;37;5;0;2;1;2;A01
201200044228;0;7;0;0;2;3;1;A01
201200044228;0;7;0;0;2;1;15;B01
201200044229;0;7;0;2;0;8;1;A01
201200044230;0;7;0;0;1;1;9;A01
201200044231;0;7;0;0;1;2;0;A01
201200044232;0;7;0;0;1;1;1;A01
201200044233;0;7;0;0;0;7;0;A01
201200044234;0;7;0;14;0;1;2;A01
201200044234;0;7;0;0;0;4;1;B01
201200044235;0;7;0;8;2;8;0;A01
201200044235;0;7;0;4;2;4;0;B01
201200044236;2;7;0;0;1;3;1;A01
201200044237;0;33;0;0;2;1;1;B01
201200044237;0;7;0;0;0;2;15;A01
201200044238;2;7;0;1;0;7;0;A01
201200044239;0;7;0;11;0;1;1;A01
201200044240;0;7;0;1;0;7;24;B01
201200044240;0;34;0;1;0;0;2;A01
201200044241;0;33;0;0;1;1;0;A01
201200044242;0;7;0;0;2;1;1;A01
201200044242;0;7;0;0;2;4;1;B01
201200044242;0;10;0;0;9;6;16;C01
201200044243;0;31;0;0;2;1;0;B01
201200044243;0;7;0;0;2;6;16;A01
201200044244;1;99;0;0;0;0;0;X01
201200044244;0;7;0;9;2;8;1;A01
201200044245;0;7;0;0;1;4;4;A01
201200044246;2;7;0;0;1;0;0;A01
201200044247;0;7;0;0;9;0;0;A01
201200044248;0;7;0;0;2;6;11;A01
201200044248;0;30;0;0;2;1;2;B01
201200044249;0;1;0;0;2;2;12;A01
201200044249;0;1;0;0;2;1;1;B01
201200044250;1;30;0;0;0;0;0;A01
201200044251;0;7;0;0;2;1;0;A01
201200044251;0;7;0;0;2;4;0;B01
201200044252;0;30;0;0;2;1;0;B01
201200044252;0;7;0;0;2;7;16;A01
201200044253;0;7;0;0;1;1;1;A01
201200044254;0;7;0;0;0;5;0;A01
201200044255;0;32;0;0;2;0;3;A01
201200044255;0;15;0;0;2;0;2;B01
201200044256;2;7;0;0;0;1;21;B01
201200044256;0;37;3;1;0;6;23;A01
201200044257;0;7;0;0;2;1;2;A01
201200044257;0;7;0;0;2;4;2;B01
201200044258;0;7;0;0;1;8;15;A01
201200044259;0;33;0;0;2;1;0;A01
201200044259;0;33;0;0;2;6;15;B01
201200044260;0;32;0;0;0;1;1;A01
201200044260;0;7;0;0;0;2;16;B01
201200044261;0;34;0;1;0;1;1;A01
201200044262;0;7;0;0;0;4;2;C01
201200044262;0;7;0;0;0;4;2;B01
201200044262;0;7;0;0;0;1;2;A01
201200044263;0;7;0;0;0;4;0;C01
201200044263;0;7;0;0;2;1;0;A01
201200044263;0;7;0;0;2;4;0;B01
201200044264;0;7;0;9;0;2;0;A01
201200044265;0;2;0;0;2;1;0;B01
201200044265;1;7;0;0;0;0;0;A01
201200044266;0;7;0;0;0;4;2;A01
201200044266;2;7;0;9;2;1;1;B01
201200044267;2;32;0;0;2;1;5;B01
201200044267;0;7;0;0;2;2;15;A01
201200044268;0;7;0;0;2;3;1;B01
201200044268;0;7;0;0;2;0;0;A01
201200044269;0;10;0;0;0;0;0;B01
201200044269;0;7;0;0;0;0;0;C01
201200044269;0;30;0;1;2;0;0;A01
201200044270;0;7;0;0;2;3;0;B01
201200044270;0;37;1;0;2;2;0;A01
201200044271;0;33;0;0;2;0;0;B01
201200044271;0;7;0;0;2;1;0;A01
201200044272;0;7;0;0;9;2;15;A01
201200044272;0;32;0;0;2;1;1;B01
201200044273;0;7;0;0;0;0;0;A01
201200044273;0;7;0;0;0;4;2;C01
201200044273;0;7;0;0;2;4;2;B01
201200044274;0;7;0;0;2;4;20;A01
201200044274;0;7;0;0;2;1;2;B01
201200044275;0;7;0;0;0;0;10;A01
201200044275;0;32;0;0;2;0;1;B01
201200044276;0;7;0;0;1;1;1;A01
201200044277;2;7;0;0;2;3;10;A01
201200044277;1;7;0;0;2;1;1;B01
201200044278;0;7;0;0;1;1;19;A01
201200044279;0;7;0;0;2;1;1;A01
201200044279;0;7;0;1;0;3;9;B01
201200044280;0;32;0;1;0;1;5;A01
201200044281;0;7;0;0;0;2;12;A01
201200044281;0;30;0;0;0;1;1;B01
201200044282;0;34;0;0;2;3;1;B01
201200044282;0;7;0;0;2;3;15;A01
201200044283;0;7;0;0;2;3;1;B01
201200044283;0;10;0;0;2;3;1;A01
201200044284;0;7;0;0;1;1;2;A01
201200044285;0;10;0;1;0;2;0;D01
201200044286;0;33;0;0;2;2;1;A01
201200044286;0;7;0;0;2;3;15;B01
201200044287;0;7;0;0;0;1;0;A01
201200044287;0;7;0;0;0;1;0;B01
201200044288;0;7;0;0;2;1;11;A01
201200044288;0;7;0;0;2;3;1;B01
201200044289;0;7;0;0;0;2;10;A01
201200044289;0;33;0;0;2;1;1;B01
201200044290;0;7;0;0;0;1;0;A01
201200044291;0;7;0;0;1;3;15;A01
201200044292;0;7;0;11;0;1;6;A01
201200044293;0;7;0;0;0;2;2;B01
201200044293;0;7;0;0;0;1;15;A01
201200044294;0;7;0;0;0;2;15;A01
201200044294;0;7;0;0;2;1;1;B01
201200044295;1;7;0;0;1;1;0;Z01
201200044296;0;7;0;0;1;1;1;A01
201200044297;0;10;0;0;2;1;1;B01
201200044297;0;10;0;0;2;2;15;A01
201200044298;0;10;0;0;2;3;1;A01
201200044298;0;10;0;0;2;3;1;B01
201200044299;0;37;0;0;2;7;1;A01
201200044299;0;7;0;0;2;1;16;B01
201200044300;0;7;0;0;0;4;2;B01
201200044300;0;7;0;0;0;4;2;A01
201200044301;0;7;0;0;0;1;0;A01
201200044302;0;7;0;0;2;2;15;A01
201200044302;0;33;0;0;2;3;1;B01
201200044303;0;33;0;1;0;1;5;A01
201200044304;0;7;0;0;1;2;1;A01
201200044305;0;13;0;0;1;1;1;A01
201200044306;0;7;0;0;0;4;0;A01
201200044306;2;7;0;14;0;0;0;B01
201200044307;0;7;0;6;0;1;9;A01
201200044308;0;7;0;0;2;1;1;B01
201200044308;0;33;0;0;2;1;1;A01
201200044309;0;7;0;0;2;6;11;A01