num_acc;senc;catv;occutc;obs;obsm;choc;manv;num_veh
201200044309;0;2;0;0;2;7;11;B01
201200044310;0;30;0;0;1;3;13;A01
201200044311;0;33;0;0;2;8;1;A01
201200044311;0;7;0;0;2;2;9;B01
201200044312;0;7;0;0;1;3;1;A01
201200044313;0;99;0;8;0;0;0;A01
201200044314;0;7;0;0;2;3;2;B01
201200044314;0;7;0;0;2;2;2;A01
201200044315;0;7;0;0;2;2;9;A01
201200044315;0;2;0;0;2;1;1;B01
201200044316;0;7;0;0;0;3;1;A01
201200044316;0;7;0;0;2;8;15;B01
201200044317;0;33;0;0;0;0;1;B01
201200044317;0;7;0;0;2;3;10;A01
201200044318;0;7;0;0;1;2;1;A01
201200044319;0;7;0;0;2;3;1;A01
201200044319;0;30;0;0;2;1;5;B01
201200044320;1;7;0;0;1;0;0;Z01
201200044321;0;34;0;0;2;2;1;A01
201200044321;0;7;0;0;2;3;1;B01
201200044322;0;7;0;0;2;1;2;A01
201200044322;0;7;0;0;0;4;23;B01
201200044323;0;7;0;0;0;1;2;B01
201200044323;0;7;0;0;0;7;2;A01
201200044324;0;1;0;0;2;0;2;B01
201200044324;0;7;0;0;9;2;2;A01
201200044325;0;7;0;0;1;2;1;A01
201200044326;0;7;0;8;0;1;2;A01
201200044327;0;7;0;0;2;8;5;A01
201200044327;0;33;0;0;2;1;1;B01
201200044328;0;1;0;0;2;4;13;A01
201200044328;1;7;0;0;9;0;0;B01
201200044329;0;7;0;0;2;3;1;B01
201200044329;0;7;0;0;2;2;1;A01
201200044330;0;7;0;0;2;1;2;B01
201200044330;0;7;0;0;0;4;2;A01
201200044331;0;3;0;0;2;3;15;A01
201200044331;0;31;0;0;2;8;1;B01
201200044332;0;7;0;0;0;2;0;A01
201200044333;0;7;0;0;2;0;2;B01
201200044333;0;33;0;0;2;0;2;A01
201200044334;0;7;0;0;2;1;16;B01
201200044334;0;33;0;0;2;8;14;C01
201200044334;0;7;0;0;2;3;1;A01
201200044335;0;7;0;0;1;1;0;A01
201200044336;0;7;0;0;2;4;23;B01
201200044336;0;7;0;0;2;4;23;C01
201200044336;0;10;0;0;2;1;0;A01
201200044337;0;7;0;0;0;0;0;A01
201200044337;0;36;0;0;0;0;0;B01
201200044338;0;7;0;8;9;7;6;A01
201200044339;0;1;0;0;1;0;0;A01
201200044340;0;7;0;6;2;2;1;A01
201200044340;0;7;0;0;2;1;1;B01
201200044341;0;2;0;0;2;1;2;A01
201200044341;0;7;0;0;2;2;19;B01
201200044342;0;7;0;0;2;3;1;A01
201200044342;0;7;0;0;2;8;1;B01
201200044343;0;7;0;0;2;7;1;A01
201200044343;0;7;0;0;2;1;1;B01
201200044344;0;3;0;12;0;2;0;A01
201200044345;0;7;0;0;2;3;1;A01
201200044345;0;7;0;0;2;3;1;B01
201200044346;0;14;0;0;2;3;1;A01
201200044346;0;7;0;0;0;4;15;B01
201200044347;0;17;0;0;1;1;0;A01
201200044348;0;33;0;0;2;1;3;A01
201200044348;0;10;0;0;2;1;1;C01
201200044348;0;7;0;0;2;2;9;B01
201200044349;0;10;0;0;2;8;15;A01
201200044349;0;30;0;0;2;1;17;B01
201200044350;0;7;0;1;0;1;0;A01
201200044351;1;99;0;0;2;1;0;B01
201200044351;0;7;0;0;1;1;15;A01
201200044352;0;7;0;0;2;6;1;B01
201200044352;0;7;0;0;2;2;1;A01
201200044353;0;7;0;0;2;3;16;B01
201200044353;0;7;0;0;2;3;5;C01
201200044353;0;7;0;0;2;7;1;A01
201200044354;0;7;0;0;0;3;15;A01
201200044355;0;7;0;0;2;8;0;A01
201200044355;0;33;0;0;2;2;2;B01
201200044356;0;7;0;8;2;2;10;B01
201200044356;1;7;0;0;2;0;0;Z01
201200044357;0;37;0;0;1;2;1;A01
201200044358;0;34;0;0;0;7;3;A01
201200044358;0;3;0;0;2;1;9;B01
201200044359;0;7;0;0;0;6;15;A01
201200044359;0;30;0;0;2;7;17;B01
201200044360;0;7;0;0;2;3;1;A01
201200044360;0;36;0;0;2;1;5;B01
201200044361;0;7;0;0;2;2;19;A01
201200044361;0;31;0;0;2;1;1;B01
201200044362;0;7;0;0;1;1;2;A01
201200044363;1;7;0;0;0;0;0;Z01
201200044364;0;7;0;0;0;8;15;A01
201200044364;0;13;0;0;2;2;17;B01
201200044365;1;7;0;0;1;0;0;A01
201200044366;1;7;0;0;1;1;0;A01
201200044367;0;7;0;0;0;6;0;A01
201200044367;0;30;0;0;2;1;2;B01
201200044368;0;7;0;0;1;1;1;A01
201200044369;0;7;0;0;1;1;19;A01
201200044369;0;7;0;0;2;3;0;B01
201200044370;0;7;0;0;9;5;13;A01
201200044370;0;1;0;0;2;1;1;B01
201200044371;0;7;0;0;1;2;1;A01
201200044372;0;7;0;0;1;1;0;A01
201200044373;0;7;0;0;2;6;1;B01
201200044373;0;7;0;0;2;1;0;C01
201200044373;0;33;0;0;2;1;19;A01
201200044374;0;7;0;16;0;7;0;A01
201200044375;0;7;0;6;0;1;1;A01
201200044375;0;7;0;6;0;1;1;B01
201200044376;1;10;0;0;2;1;1;A01
201200044376;0;10;0;0;2;1;1;B01
201200044377;0;30;0;0;2;1;2;A01
201200044377;0;7;0;0;0;4;2;B01
201200044378;0;10;0;0;2;4;23;A01
201200044378;0;30;0;0;2;1;2;B01
201200044379;2;7;0;0;2;1;2;A01
201200044379;0;7;0;0;2;9;2;B01
201200044379;1;7;0;0;2;0;0;Z01
201200044380;0;1;0;0;0;2;0;B01
201200044380;0;7;0;0;9;1;1;A01
201200044381;0;7;0;0;2;5;14;A01
201200044381;0;7;0;0;2;3;1;B01
201200044382;0;7;0;0;1;7;15;A01
201200044383;0;7;0;0;2;8;1;B01
201200044383;0;14;0;0;2;2;9;A01
201200044384;0;7;0;1;0;1;2;A01
201200044384;0;10;0;0;2;4;23;B01
201200044385;0;37;0;0;2;1;2;A01
201200044385;0;7;0;0;0;4;2;B01
201200044386;0;7;0;0;2;1;2;A01
201200044386;0;7;0;0;2;4;23;B01
201200044387;0;33;0;0;2;1;2;A01
201200044387;0;7;0;0;2;2;9;B01
201200044388;1;99;0;0;2;1;0;B01
201200044388;0;33;0;0;0;7;9;A01
201200044389;0;7;0;0;0;6;20;A01
201200044389;0;32;0;0;2;1;1;B01
201200044390;0;7;0;1;2;3;11;A01
201200044390;0;20;0;0;2;1;1;B01
201200044391;0;7;0;0;1;7;1;A01
201200044392;0;7;0;0;0;6;11;A01
201200044392;0;34;0;0;2;0;1;B01
201200044393;0;7;0;0;1;1;0;A01
201200044394;0;7;0;0;2;3;2;A01
201200044394;0;31;0;0;2;7;6;B01
201200044395;0;7;0;16;1;1;0;A01
201200044396;0;7;0;0;0;4;23;A01
201200044396;0;7;0;0;0;1;23;B01
201200044396;2;7;0;0;2;1;2;C01
201200044397;0;40;0;0;2;1;1;B01
201200044397;0;7;0;8;4;3;0;A01
201200044398;0;10;0;0;1;2;1;A01
201200044399;0;7;0;4;0;3;5;A01
201200044400;0;7;0;0;1;1;15;A01
201200044401;0;10;0;0;2;8;12;A01
201200044401;0;33;0;0;2;1;1;B01
201200044402;0;7;0;0;2;1;1;A01
201200044402;0;7;0;0;2;3;1;B01
201200044403;0;15;0;0;1;7;15;A01
201200044404;0;7;0;0;2;7;16;A01
201200044404;0;7;0;0;2;1;1;B01
201200044405;0;7;0;0;1;7;1;A01
201200044406;0;10;0;0;1;3;11;A01
201200044407;0;7;0;0;0;1;15;A01
201200044408;1;7;0;0;1;0;0;A01
201200044409;0;7;0;0;0;6;15;A01
201200044409;0;2;0;0;2;1;1;B01
201200044410;0;10;0;0;1;1;0;A01
201200044411;0;7;0;0;2;9;1;A01
201200044411;0;7;0;0;2;1;1;B01
201200044412;0;7;0;0;1;2;16;A01
201200044413;0;7;0;0;1;3;2;A01
201200044414;0;33;0;0;2;2;1;A01
201200044414;1;10;0;0;2;6;1;Z01
201200044415;0;7;0;0;1;5;0;A01
201200044416;0;10;0;1;1;3;0;A01
201200044417;0;33;0;0;2;1;1;A01
201200044417;0;7;0;0;0;3;0;E01
201200044417;0;33;0;14;2;1;1;B01
201200044417;0;7;0;0;0;7;1;C01
201200044417;0;7;0;0;0;0;0;D01
201200044418;0;7;0;0;1;1;2;A01
201200044419;0;32;0;0;0;1;1;A01
201200044419;0;7;0;0;0;5;1;B01
201200044420;0;7;0;0;2;1;15;A01
201200044420;0;7;0;0;0;0;0;C01
201200044420;0;7;0;0;2;1;15;B01
201200044421;0;30;0;0;2;1;1;A01
201200044421;0;7;0;0;2;6;1;B01
201200044422;0;7;0;0;0;0;10;A01
201200044422;0;30;0;0;2;1;0;B01
201200044423;0;7;0;0;0;4;2;A01
201200044423;1;7;0;0;2;0;2;B01
201200044424;0;7;0;0;2;1;15;A01
201200044424;0;7;0;0;2;1;0;B01
201200044425;0;7;0;0;2;2;1;A01
201200044425;0;2;0;0;2;1;1;B01
201200044426;0;7;0;14;0;1;2;A01
201200044427;0;37;1;0;1;6;1;A01
201200044428;0;7;0;0;1;2;1;A01
201200044429;1;7;0;0;1;0;0;A01
201200044430;0;7;0;0;1;2;1;A01
201200044431;0;7;0;0;1;1;0;A01
201200044432;0;7;0;0;2;4;2;C01
201200044432;0;7;0;0;0;4;2;D01
201200044432;0;7;0;0;2;4;2;B01
201200044432;0;7;0;0;2;1;2;A01
201200044433;0;10;0;0;2;0;15;A01
201200044433;0;2;0;0;2;2;15;B02
201200044434;0;7;0;0;2;8;1;A01
201200044434;0;7;0;0;2;1;1;B01
201200044435;0;99;0;0;2;1;2;A01
201200044435;0;7;0;0;2;3;2;B01
201200044436;1;99;0;0;0;0;0;B01
201200044436;0;32;0;0;2;3;18;A01
201200044437;1;30;0;0;1;0;0;A01
201200044438;0;7;0;0;2;3;1;A01
201200044438;0;7;0;0;2;2;15;B01
201200044439;0;7;0;0;0;1;1;B01
201200044439;2;7;0;0;2;1;13;A01
201200044440;0;7;0;0;1;2;0;A01
201200044441;0;10;0;0;1;7;2;A01
201200044442;1;7;0;0;1;5;1;Z01
201200044443;0;7;0;0;2;4;2;A01
201200044443;0;32;0;0;2;1;2;B01
201200044444;2;2;0;0;1;1;0;A01
201200044445;0;7;0;0;0;0;0;A01
201200044445;0;7;0;0;0;0;0;B01
201200044446;1;7;0;0;1;0;0;Z01
201200044447;0;10;0;0;2;1;5;A01
201200044448;0;34;0;0;1;1;1;A01
201200044449;0;14;0;0;1;8;1;A01
201200044450;0;10;0;0;0;4;4;A01
201200044451;0;33;0;1;0;1;2;A01
201200044451;0;30;0;0;0;4;23;B01
201200044452;0;7;0;1;0;1;1;A01
201200044453;1;7;0;0;0;0;0;Z01
201200044453;0;7;0;0;0;1;1;A01
201200044453;0;15;0;0;2;1;1;B01
201200044454;2;1;0;0;1;0;1;Z01
201200044455;0;30;0;0;0;7;1;A01
201200044456;0;7;0;0;1;1;1;A01
201200044457;0;14;0;0;1;5;4;A01
201200044458;0;7;0;0;2;2;9;A01
201200044458;0;7;0;0;2;3;1;B01
201200044459;0;30;0;12;0;2;0;A01
201200044460;0;10;0;0;1;1;1;A01
201200044461;0;37;3;0;1;7;2;A01
201200044462;0;30;0;0;0;0;0;A01
201200044463;0;33;0;12;0;1;18;A01
201200044464;0;7;0;0;1;1;1;A01
201200044465;0;37;0;0;1;2;1;A01
201200044466;0;7;0;0;2;1;1;A01
201200044466;0;14;0;0;2;8;1;B01
201200044467;0;7;0;0;1;3;1;A01
201200044468;0;2;0;0;0;3;1;A01
201200044469;0;7;0;0;0;1;1;A01
201200044469;0;7;0;0;0;8;2;B01
201200044470;0;7;0;0;2;1;2;A01
201200044470;0;7;0;0;2;4;2;B01
201200044470;0;7;0;1;2;4;2;C01
201200044470;0;7;0;0;2;4;2;D01
201200044471;0;7;0;0;0;1;11;B01
201200044471;0;7;0;0;0;4;1;A01
201200044472;0;7;0;12;0;2;14;A01
201200044473;0;7;0;0;2;6;9;A01
201200044473;0;15;0;0;0;2;1;C01
201200044473;0;7;0;0;2;7;1;B01
201200044474;0;7;0;0;0;1;13;A01
201200044474;0;7;0;0;2;3;1;B01
201200044474;0;7;0;0;2;1;1;C01
201200044475;0;7;0;0;1;1;1;A01
201200044476;0;33;0;0;0;1;1;B01
201200044476;0;7;0;0;0;2;9;A01
201200044477;0;7;0;0;1;3;0;A01
201200044478;0;10;0;0;2;2;2;A01
201200044478;0;34;0;0;2;0;2;B01
201200044479;0;30;0;0;2;1;1;A01
201200044479;0;7;0;0;2;5;15;B01
201200044480;0;7;0;0;1;1;0;A01
201200044481;0;37;0;0;0;2;1;A01
201200044482;0;7;0;0;0;2;1;A01
201200044483;0;7;0;0;2;7;2;A01
201200044483;0;30;0;0;0;7;0;B01
201200044484;0;7;0;0;1;2;1;A01
201200044485;0;7;0;0;2;1;1;A01
201200044485;0;14;0;0;0;5;1;B01
201200044486;0;7;0;1;0;1;2;A01
201200044487;0;7;0;0;0;2;16;A01
201200044487;0;7;0;0;0;3;16;B01
201200044488;0;7;0;0;2;2;1;A01
201200044488;2;2;0;0;2;8;1;B01
201200044489;0;7;0;0;2;1;6;A01
201200044489;0;7;0;0;2;1;14;B01
201200044490;0;7;0;0;1;2;1;A01
201200044491;0;7;0;0;0;3;0;B01
201200044491;0;7;0;0;0;1;10;A01
201200044492;0;33;0;0;2;2;1;A01
201200044492;1;10;0;0;2;0;0;Z01
201200044493;0;7;0;0;0;5;9;A01
201200044493;0;34;0;0;2;3;15;B01
201200044494;0;33;0;0;1;1;2;A01
201200044495;0;32;0;0;0;1;1;A01
201200044495;0;7;0;0;0;2;16;B01
201200044496;0;7;0;0;2;6;19;A01
201200044496;0;7;0;0;2;1;0;B01
201200044497;0;30;0;0;1;1;2;A01
201200044498;0;7;0;0;0;0;24;A01
201200044499;0;32;0;0;2;9;1;B01
201200044499;1;7;0;0;2;3;15;A01
201200044500;0;10;0;0;2;1;1;A01
201200044500;0;30;0;0;2;1;1;B01
201200044501;0;7;0;0;2;8;1;A01
201200044501;0;7;0;0;2;1;1;B01
201200044502;0;7;0;0;1;8;1;A01
201200044503;0;7;0;0;1;1;1;A01
201200044504;0;33;0;0;2;1;1;A01
201200044504;0;7;0;0;2;3;11;B01
201200044505;0;7;0;0;2;3;1;A01
201200044505;0;32;0;0;2;2;3;B01
201200044506;0;7;0;0;2;2;1;A01
201200044506;0;7;0;0;2;3;9;B01
201200044507;0;32;0;0;2;1;2;B01
201200044507;0;7;0;0;2;2;9;A01
201200044508;0;7;0;0;2;1;15;A01
201200044508;0;33;0;0;2;8;1;B01
201200044509;0;34;0;8;0;1;2;A01
201200044510;0;7;0;0;2;8;0;A01
201200044510;0;33;0;0;2;1;0;B01
201200044511;0;15;0;0;2;1;1;C01
201200044511;0;7;0;6;2;5;16;A01
201200044511;0;7;0;0;2;2;1;B01
201200044512;0;30;0;0;0;8;15;A01
201200044513;0;32;0;0;1;3;1;A01
201200044514;0;7;0;0;2;1;1;B01
201200044514;0;7;0;0;2;3;0;A01
201200044515;0;7;0;0;2;2;1;A01
201200044515;0;7;0;1;2;3;16;B01
201200044516;0;33;0;0;2;2;2;A01
201200044516;0;10;0;0;2;3;10;B01
201200044517;0;7;0;0;1;1;1;A01
201200044518;0;7;0;1;0;3;10;A01
201200044518;0;7;0;1;2;2;17;B01
201200044519;0;7;0;0;2;3;1;B01
201200044519;0;7;0;0;2;2;9;A01
201200044520;0;35;0;0;2;1;1;A01
201200044520;0;7;0;0;2;3;10;B01
201200044521;0;7;0;0;1;1;2;A01
201200044522;0;13;0;8;0;1;0;A01
201200044523;0;30;0;0;2;2;17;A01
201200044523;0;10;0;0;2;8;15;B01
201200044524;0;33;0;12;0;1;0;A01
201200044525;0;33;0;0;2;1;0;A01
201200044525;0;7;0;0;2;1;1;B01
201200044526;0;33;0;0;2;8;0;B01
201200044526;0;7;0;0;0;0;15;A01
201200044527;0;31;0;0;1;1;3;A01
201200044528;0;7;0;0;1;4;23;A01
201200044529;0;31;0;0;2;2;17;A01
201200044529;0;7;0;0;2;3;15;B01
201200044530;0;7;0;0;1;2;1;A01
201200044531;0;7;0;0;2;1;1;B01
201200044531;0;7;0;0;0;7;15;A01
201200044532;1;7;0;0;1;1;0;A01
201200044533;0;30;0;15;0;1;0;A01
201200044534;0;31;0;0;2;3;1;B01
201200044534;0;7;0;0;2;2;12;A01
201200044535;0;10;0;0;0;7;1;B01
201200044535;0;10;0;0;0;3;9;A01
201200044536;0;10;0;0;0;7;1;A01
201200044536;0;7;0;0;0;3;1;B01
201200044537;0;7;0;0;1;6;4;A01
201200044538;0;7;0;0;2;4;2;C01
201200044538;0;7;0;0;2;1;2;A01
201200044538;0;10;0;0;2;4;2;B01
201200044539;0;7;0;0;2;1;1;A01
201200044539;0;7;0;0;2;8;1;B01
201200044540;0;33;0;0;2;8;1;B01
201200044540;0;7;0;8;2;2;1;A01
201200044541;0;33;0;0;2;1;0;B01
201200044541;0;7;0;0;2;3;10;A01
201200044542;0;7;0;0;0;0;0;A01
201200044543;0;7;0;0;1;8;1;A01
201200044544;0;10;0;0;1;7;2;A01
201200044545;0;33;0;1;0;1;14;A01
201200044545;0;7;0;0;2;6;24;B01
201200044546;0;7;0;0;2;1;2;A01
201200044546;0;7;0;0;0;4;2;B01
201200044547;0;7;0;0;2;7;16;A01
201200044547;0;7;0;12;2;3;16;B01
201200044548;0;10;0;0;1;1;1;A01
201200044549;0;1;0;0;2;3;2;A01
201200044549;1;7;0;0;2;5;23;Z01
201200044550;0;33;0;0;1;1;1;A01
201200044551;0;7;0;0;2;2;10;A01
201200044551;0;31;0;0;2;1;1;B01
201200044552;0;7;0;0;2;2;10;A01
201200044552;0;30;0;0;2;1;1;B01
201200044553;0;7;0;0;0;8;1;A01
201200044553;0;7;0;0;2;8;9;B01
201200044554;0;7;0;0;2;3;1;A01
201200044554;0;34;0;0;2;5;15;B01
201200044555;0;7;0;0;2;1;1;A01
201200044555;0;7;0;0;0;2;1;B01
201200044556;0;10;0;0;0;6;15;A01
201200044556;0;34;0;0;2;1;17;B01
201200044557;0;2;0;0;1;1;17;A01
201200044558;2;7;0;1;2;7;1;A01
201200044558;0;7;0;0;2;1;1;B01
201200044559;0;7;0;0;2;1;0;A01
201200044559;0;7;0;0;2;7;1;B01
201200044560;0;7;0;0;1;1;1;A01
201200044561;0;7;0;0;1;2;1;A01
201200044562;0;7;0;0;2;2;1;A01
201200044562;0;7;0;0;2;3;9;B01
201200044563;2;7;0;0;2;1;1;A01
201200044563;0;7;0;0;0;3;1;C01
201200044563;0;7;0;0;0;6;9;B01
201200044564;0;7;0;0;2;1;2;A01
201200044564;0;7;0;0;2;4;2;B01
201200044565;2;7;0;6;0;2;0;A01
201200044566;0;7;0;9;2;5;15;A01
201200044566;0;10;0;0;2;2;1;B01
201200044567;0;7;0;0;0;2;15;A01
201200044568;0;3;0;14;0;1;0;A01
201200044569;0;7;0;1;0;2;1;A01
201200044570;0;7;0;0;1;6;4;A01
201200044571;0;7;0;2;2;3;1;B01
201200044571;0;7;0;0;2;2;0;A01
201200044572;0;3;0;0;2;3;22;A01
201200044572;0;1;0;1;0;1;2;B01
201200044573;0;7;0;0;1;3;1;A01
201200044574;0;7;0;0;2;1;2;A01
201200044574;0;10;0;0;2;8;9;B01
201200044575;0;10;0;0;1;7;1;A01
201200044576;0;7;0;1;0;3;2;A01
201200044577;0;1;0;0;1;1;5;A01
201200044578;0;7;0;0;9;3;15;A01
201200044578;0;1;0;0;2;1;1;B01
201200044579;0;7;0;0;2;1;0;A01
201200044579;0;7;0;0;2;1;0;B01
201200044580;0;7;0;0;1;3;1;A01
201200044581;0;7;0;0;1;1;1;A01
201200044582;0;33;0;0;2;1;1;A01
201200044582;0;7;0;0;2;2;15;B01
201200044583;0;33;0;0;2;7;5;A01
201200044583;0;7;0;0;2;6;15;B01
201200044584;0;34;0;0;1;3;1;A01
201200044585;0;7;0;0;1;1;1;A01
201200044586;0;37;0;0;1;2;0;A01
201200044587;0;1;0;0;2;1;15;A01
201200044587;0;7;0;0;2;1;1;B01
201200044588;0;7;0;0;2;1;1;A01
201200044588;0;7;0;0;2;1;1;B01
201200044589;0;7;0;0;2;2;15;A01
201200044589;0;7;0;0;2;1;1;B01
201200044590;0;7;0;0;2;3;15;B01
201200044590;0;3;0;0;2;3;1;A01
201200044591;0;32;0;0;0;0;0;B01
201200044591;0;14;0;0;0;0;10;A01
201200044592;0;7;0;0;2;3;10;A01
201200044592;0;33;0;0;2;1;17;B01
201200044593;0;7;0;0;0;2;1;A01
201200044594;0;7;0;0;2;1;5;A01
201200044594;0;10;0;0;2;7;1;B01
201200044595;0;7;0;0;1;2;17;A01
201200044596;0;33;0;0;2;8;9;A01
201200044596;0;33;0;0;2;1;1;B01
201200044597;0;31;0;0;2;1;17;A01
201200044597;0;32;0;0;2;8;15;B01
201200044598;0;7;0;0;2;1;1;A01
201200044598;0;7;0;0;2;8;1;B01
201200044599;0;7;0;0;2;3;2;A01
201200044599;0;7;0;0;0;5;11;B01
201200044600;0;32;0;0;2;1;5;A01
201200044600;0;7;0;0;2;6;2;B01
201200044601;0;10;0;0;1;2;2;A01
201200044602;0;30;0;0;1;2;0;A01
201200044603;0;7;0;0;1;1;15;A01
201200044604;0;30;0;0;2;2;2;A01
201200044604;0;7;0;0;2;6;11;B01
201200044605;0;7;0;0;2;3;9;A01
201200044605;0;31;0;0;2;1;1;B01
201200044606;0;7;0;0;2;1;1;A01
201200044606;0;7;0;0;2;5;1;B01
201200044607;0;7;0;0;2;3;9;A01
201200044607;0;7;0;0;2;4;14;B01
201200044608;0;30;0;0;2;0;13;B01
201200044608;0;7;0;0;2;1;9;A01
201200044609;0;10;0;0;2;5;1;B01
201200044609;0;32;0;0;2;1;1;A01
201200044610;0;7;0;9;0;1;6;A01
201200044611;0;7;0;0;2;7;15;B01
201200044611;0;7;0;0;2;3;1;A01
201200044612;0;7;0;0;0;3;1;B01
201200044612;0;7;0;0;0;3;15;A01
201200044613;0;7;0;0;1;7;1;A01
201200044614;0;7;0;0;0;2;1;A01
201200044615;0;7;0;0;0;4;1;A01
201200044615;0;10;0;0;2;1;1;B01
201200044616;0;1;0;0;2;1;0;B01
201200044616;0;7;0;0;2;1;0;A01
201200044617;0;7;0;0;2;1;1;A01
201200044617;0;14;0;0;2;4;2;B01
201200044618;1;7;0;0;1;3;15;A01
201200044619;0;7;0;0;0;1;2;A01
201200044620;1;32;0;0;0;0;0;A01
201200044621;0;7;0;0;2;1;0;A01
201200044621;0;7;0;0;2;3;0;B01
201200044622;0;7;0;0;2;3;9;A01
201200044622;0;32;0;0;2;8;1;B01
201200044623;0;32;0;0;2;1;1;A01
201200044624;0;7;0;0;2;0;9;A01
201200044624;0;10;0;0;2;3;1;B01
201200044625;0;7;0;0;0;8;2;B01
201200044625;0;2;0;0;0;2;6;A01
201200044626;0;37;0;0;2;3;1;A01
201200044626;0;7;0;0;2;2;1;B01
201200044627;0;7;0;0;1;1;1;A01
201200044628;0;7;0;0;0;0;0;A01
201200044629;0;1;0;0;2;3;19;A01
201200044629;0;7;0;0;0;8;0;B01
201200044630;0;30;0;0;2;0;0;Z01
201200044630;0;7;0;0;2;1;1;A01
201200044631;0;33;0;0;1;3;1;A01
201200044632;0;30;0;0;2;4;15;B01
201200044632;0;7;0;0;2;1;1;A01
201200044633;0;7;0;0;2;5;0;A01
201200044633;0;7;0;0;2;2;2;B01
201200044633;0;7;0;0;2;3;1;C01
201200044634;0;30;0;0;0;0;1;A01
201200044635;0;32;0;0;0;1;1;B01
201200044635;0;7;0;0;0;2;10;A01
201200044636;0;7;0;1;0;3;15;A01
201200044636;0;33;0;0;2;1;1;B01
201200044637;0;1;0;0;2;2;15;B01
201200044637;0;7;0;0;9;3;1;A01
201200044638;0;7;0;0;2;2;9;A01
201200044638;0;30;0;0;2;7;16;B01
201200044639;0;7;0;0;1;3;0;A01
201200044640;0;33;0;0;2;1;1;B01
201200044640;0;7;0;0;0;6;10;A01
201200044641;0;7;0;12;2;8;21;A01
201200044642;0;34;0;0;2;1;3;A01
201200044642;0;7;0;0;0;3;6;B01
201200044643;1;7;0;0;0;1;1;Z01
201200044643;0;7;0;0;2;4;1;A01
201200044644;0;99;0;0;1;1;15;A01
201200044645;0;99;0;5;2;7;2;A01
201200044645;0;99;0;5;2;1;2;B01
201200044646;0;99;0;0;2;1;9;A01
201200044646;0;3;0;0;2;2;1;B01
201200044647;2;7;0;15;0;7;1;A01
201200044648;0;7;0;0;0;5;23;B01
201200044648;0;99;0;0;2;1;18;A01
201200044649;0;10;0;0;2;1;1;A01
201200044649;0;10;0;0;2;5;0;B01
201200044650;0;7;0;0;2;1;1;A01
201200044650;0;2;0;0;2;4;2;B01
201200044651;0;7;0;0;2;1;1;B01
201200044651;0;7;0;0;2;2;1;A01
201200044652;0;99;0;0;1;1;2;A01
201200044653;1;7;0;0;1;2;1;Z01
201200044654;0;3;0;0;2;1;17;A01
201200044654;0;7;0;0;9;1;2;B01
201200044655;0;2;0;0;2;3;2;A01
201200044655;0;7;0;0;2;2;2;B01
201200044656;0;33;0;0;5;1;1;A01
201200044657;0;7;0;0;1;1;15;A01
201200044658;0;99;0;0;2;1;2;A01
201200044658;0;99;0;0;2;9;2;B01
201200044658;0;7;0;0;2;4;2;C01
201200044659;0;7;0;0;2;2;1;A01
201200044659;0;99;0;0;2;3;1;B01
201200044660;0;7;0;0;2;7;15;A01
201200044660;0;2;0;0;2;0;1;B01
201200044661;0;7;0;0;0;5;15;A01
201200044661;0;30;0;0;2;1;1;B01
201200044662;0;7;0;8;0;2;1;A01
201200044663;0;1;0;0;2;4;1;A01
201200044663;1;7;0;0;2;0;0;Z01
201200044664;0;7;0;0;1;2;16;A01
201200044665;0;7;0;0;1;8;9;A01
201200044666;0;7;0;0;2;2;1;B01
201200044666;0;32;0;0;2;3;1;A01
201200044667;0;7;0;0;2;1;2;A01
201200044667;0;7;0;0;2;4;1;B01
201200044668;0;7;0;0;1;1;1;A01
201200044669;0;30;0;0;2;2;17;A01
201200044669;0;7;0;0;2;3;15;B01
201200044670;0;37;1;0;2;1;2;A01
201200044670;0;14;0;0;2;4;1;B01
201200044671;0;7;0;1;0;1;1;A01
201200044672;0;7;0;0;2;4;2;C01
201200044672;0;7;0;0;2;1;2;A01
201200044672;0;7;0;0;2;4;2;B01
201200044673;1;30;0;14;0;1;1;A01
201200044673;0;7;0;0;0;3;9;B01
201200044674;0;7;0;0;2;3;15;B01
201200044674;0;33;0;0;2;7;3;A01
201200044675;0;7;0;0;2;3;10;B01
201200044675;0;2;0;0;2;1;17;A01
201200044676;0;7;0;0;2;7;2;A01
201200044676;0;7;0;0;2;1;2;B01
201200044677;0;7;0;0;1;1;23;A01
201200044677;0;7;0;0;2;2;15;B01
201200044678;0;7;0;0;9;3;15;B01
201200044678;0;31;0;9;2;1;17;A01
201200044679;0;7;0;0;2;3;0;A01
201200044680;0;30;0;0;0;2;2;B01
201200044680;0;7;0;0;2;2;6;A01
201200044681;0;7;0;6;0;3;2;A01
201200044682;0;31;0;0;2;1;19;B01
201200044682;0;7;0;0;2;3;1;A01
201200044683;0;33;0;8;2;2;17;A01
201200044683;0;7;0;0;2;3;15;B01
201200044684;0;7;0;0;2;1;2;A01
201200044684;0;7;0;0;2;8;2;B01
201200044685;1;31;0;0;2;0;0;A01
201200044685;0;2;0;0;0;7;2;B01
201200044686;0;7;0;6;2;2;2;A01
201200044686;0;7;0;0;2;1;2;B01
201200044687;0;33;0;0;2;1;2;B01
201200044687;0;7;0;0;2;7;19;A01
201200044688;0;7;0;0;2;2;19;B01
201200044688;0;7;0;0;2;1;21;A01
201200044689;0;7;0;0;2;7;17;A01
201200044689;0;1;0;0;0;8;2;B01
201200044690;0;7;0;0;0;3;0;A01
201200044690;0;7;0;0;0;3;0;B01