num_acc;senc;catv;occutc;obs;obsm;choc;manv;num_veh
201200044691;0;7;0;0;2;1;19;A01
201200044691;0;37;2;0;0;7;2;B01
201200044692;0;7;0;0;2;3;1;A01
201200044692;0;33;0;0;2;7;1;B01
201200044693;0;1;0;0;1;1;1;A01
201200044694;0;30;0;0;2;3;17;A01
201200044694;0;7;0;0;2;3;15;B01
201200044695;0;7;0;0;2;3;1;B01
201200044695;0;7;0;0;2;1;15;A01
201200044696;0;7;0;0;0;1;0;A01
201200044697;0;7;0;0;2;3;15;A01
201200044697;0;7;0;9;0;8;0;B01
201200044698;0;7;0;15;0;1;0;A01
201200044699;0;33;0;0;2;1;1;B01
201200044699;0;7;0;0;0;6;15;A01
201200044700;0;7;0;0;1;1;2;A01
201200044701;0;7;0;0;2;3;11;A01
201200044701;0;2;0;0;2;7;17;B01
201200044702;0;7;0;0;0;8;15;A01
201200044703;0;7;0;0;1;3;1;A01
201200044704;0;10;0;0;0;2;1;A01
201200044705;1;7;0;0;2;3;2;A01
201200044705;0;7;0;0;2;6;1;B01
201200044706;0;37;1;0;2;2;15;A01
201200044706;0;7;0;0;2;2;1;B01
201200044707;1;7;0;0;0;0;0;B01
201200044707;0;7;0;0;9;1;2;A01
201200044708;0;7;0;0;0;2;2;A01
201200044709;0;7;0;0;1;3;1;A01
201200044710;0;31;0;0;9;1;1;A01
201200044710;0;1;0;0;2;3;0;B01
201200044711;0;7;0;0;0;1;1;A01
201200044712;0;30;0;0;2;8;15;A01
201200044712;0;7;0;0;2;3;15;B01
201200044713;0;7;0;0;0;3;0;B01
201200044713;0;2;0;0;0;0;0;A01
201200044714;0;7;0;0;1;2;1;A01
201200044715;0;7;0;0;2;8;13;A01
201200044715;0;32;0;0;2;7;17;B01
201200044716;0;10;0;0;2;2;4;A01
201200044716;0;34;0;0;2;1;17;B01
201200044717;0;7;0;0;1;2;1;A01
201200044718;0;32;0;0;2;0;1;A01
201200044719;0;31;0;0;0;7;9;A01
201200044720;0;7;0;0;2;1;15;B01
201200044720;0;34;0;0;2;1;2;A01
201200044721;0;2;0;0;1;2;0;A01
201200044722;0;32;0;0;2;1;2;B01
201200044722;0;7;0;0;2;6;10;A01
201200044723;0;7;0;0;0;7;1;A01
201200044723;0;7;0;0;0;1;1;B01
201200044724;0;7;0;0;1;1;1;B01
201200044724;0;7;0;0;2;1;0;A01
201200044725;0;7;0;0;0;4;0;B01
201200044725;0;33;0;0;0;0;2;A01
201200044726;0;30;0;0;0;5;17;B01
201200044726;0;7;0;0;2;1;10;A01
201200044727;0;7;0;0;1;3;15;A01
201200044728;0;7;0;0;5;1;1;A01
201200044729;0;7;0;0;1;1;1;A01
201200044730;0;7;0;0;2;3;15;A01
201200044730;0;30;0;0;2;2;17;B01
201200044731;0;2;0;0;2;2;13;A01
201200044731;0;7;0;0;2;5;21;C01
201200044731;0;7;0;0;0;0;1;B01
201200044732;0;1;0;1;0;2;17;B01
201200044732;0;13;0;0;2;3;22;A01
201200044733;0;33;0;0;1;1;0;A01
201200044734;0;30;0;0;2;8;20;B01
201200044734;1;7;0;0;2;1;1;A01
201200044735;0;34;0;12;0;9;16;A01
201200044736;0;7;0;0;0;3;15;A01
201200044736;0;2;0;0;2;1;1;B01
201200044737;0;10;0;0;0;4;9;A01
201200044738;0;33;0;0;2;1;1;A01
201200044738;0;37;1;0;2;1;1;B01
201200044739;0;7;0;0;0;2;11;A01
201200044739;0;34;0;0;2;1;1;B01
201200044740;0;7;0;1;1;1;2;A01
201200044741;0;32;0;0;0;0;10;A01
201200044741;0;7;0;0;0;5;10;B01
201200044742;0;10;0;2;0;7;1;A01
201200044743;0;7;0;2;0;1;5;A01
201200044744;0;32;0;0;2;1;1;B01
201200044744;0;7;0;0;2;3;16;A01
201200044745;0;34;0;0;0;0;2;A01
201200044746;0;7;0;0;0;1;0;A01
201200044747;0;7;0;0;1;3;15;A01
201200044748;0;30;0;0;0;2;1;A01
201200044749;0;33;0;0;2;1;2;B01
201200044749;0;7;0;0;2;2;15;A01
201200044750;0;31;0;0;1;4;4;A01
201200044751;0;10;0;4;0;1;0;A01
201200044752;0;34;0;0;1;3;1;A01
201200044753;0;32;0;0;2;3;1;B01
201200044753;0;7;0;0;2;1;15;A01
201200044754;0;7;0;0;0;0;1;A01
201200044754;0;1;0;0;2;7;19;B01
201200044755;0;13;0;0;2;0;11;A01
201200044755;0;2;0;0;0;0;1;B01
201200044756;0;7;0;0;1;1;17;A01
201200044757;1;7;0;0;1;1;1;A01
201200044758;0;37;20;0;1;1;1;A01
201200044759;1;7;0;0;1;0;0;A01
201200044760;0;7;0;0;1;7;1;A01
201200044761;0;7;0;9;9;1;6;A01
201200044762;1;7;0;0;0;0;0;A01
201200044763;0;3;0;0;0;3;0;A01
201200044763;0;99;0;0;2;5;1;B01
201200044764;0;99;0;0;0;7;1;A01
201200044765;0;99;0;0;2;4;1;B01
201200044765;0;99;0;9;0;1;1;A01
201200044765;0;99;0;0;2;1;1;C01
201200044766;1;99;0;0;0;5;15;B01
201200044766;0;99;0;0;2;1;0;A01
201200044767;0;99;0;0;1;3;1;A01
201200044768;0;99;0;0;1;3;1;A01
201200044769;0;13;0;0;0;0;0;A01
201200044770;0;99;0;0;9;2;0;B01
201200044770;0;1;0;0;2;2;8;A01
201200044771;0;7;0;0;1;6;4;A01
201200044772;0;3;0;0;0;0;0;A01
201200044772;0;99;0;0;0;0;0;B01
201200044773;0;7;0;0;2;2;10;A01
201200044773;0;2;0;0;2;8;1;B01
201200044774;0;99;0;0;2;0;1;A01
201200044775;0;7;0;0;0;6;2;A01
201200044775;0;33;0;0;0;0;2;B01
201200044776;0;10;0;0;1;2;1;A01
201200044777;0;13;0;0;0;3;15;A01
201200044778;1;37;0;0;1;2;1;A01
201200044779;0;7;0;0;0;0;16;A01
201200044780;0;99;0;0;0;0;0;A01
201200044780;0;3;0;0;0;0;0;B01
201200044781;0;7;0;0;0;0;0;A01
201200044782;0;99;0;0;1;1;0;A01
201200044783;0;32;0;0;2;2;2;B01
201200044783;0;7;0;0;9;1;15;A01
201200044784;0;33;0;8;0;1;6;A01
201200044785;0;99;0;0;1;3;16;A01
201200044786;0;99;0;0;2;2;13;A01
201200044786;0;99;0;0;0;6;22;H01
201200044786;0;99;0;0;2;2;15;B01
201200044787;0;99;0;0;0;0;0;A01
201200044788;1;99;0;0;0;0;0;B01
201200044789;0;99;0;0;2;1;11;A01
201200044789;0;99;0;0;9;1;0;B01
201200044790;0;7;0;0;2;1;2;A01
201200044790;0;7;0;0;2;4;1;B01
201200044791;0;7;0;0;1;3;1;A01
201200044792;0;7;0;0;2;8;1;A01
201200044792;1;7;0;0;2;1;1;Z01
201200044793;0;7;0;14;0;1;1;A01
201200044794;0;30;0;0;2;1;1;B01
201200044794;1;7;0;0;2;8;15;Z01
201200044795;0;7;0;12;0;8;1;A01
201200044796;0;34;0;0;2;3;1;B01
201200044796;0;7;0;0;2;2;19;A01
201200044797;0;33;0;0;2;4;2;A01
201200044797;0;7;0;0;0;4;2;B01
201200044797;1;15;0;0;0;0;2;Z01
201200044798;0;7;0;0;2;1;1;A01
201200044798;0;10;0;0;2;2;1;B01
201200044799;0;33;0;0;2;7;1;A01
201200044799;1;7;0;0;2;3;11;Z01
201200044800;0;2;0;0;0;8;2;A01
201200044801;0;7;0;0;2;1;2;A01
201200044801;0;7;0;0;2;1;2;B01
201200044802;0;7;0;0;2;1;15;A01
201200044802;0;7;0;1;2;2;1;B01
201200044803;0;7;0;15;0;1;1;A01
201200044804;0;7;0;0;2;1;15;A01
201200044804;0;33;0;0;2;8;1;B01
201200044805;0;7;0;0;2;3;2;A01
201200044805;0;7;0;0;2;2;2;B01
201200044806;0;7;0;0;2;6;10;A01
201200044806;0;33;0;0;2;1;1;B01
201200044807;0;7;0;0;2;2;15;A01
201200044807;0;33;0;0;2;1;1;B01
201200044808;0;30;0;0;0;8;1;A01
201200044808;1;7;0;0;0;7;12;Z01
201200044809;0;7;0;0;2;1;1;A01
201200044809;0;7;0;0;2;2;11;B01
201200044810;0;33;0;0;0;5;2;B01
201200044810;0;7;0;0;2;3;15;A01
201200044811;0;7;0;0;1;1;16;A01
201200044812;0;7;0;0;2;3;1;B01
201200044812;0;7;0;0;2;1;15;A01
201200044813;0;7;0;0;1;1;15;A01
201200044814;0;7;0;0;9;3;0;A01
201200044814;0;1;0;0;2;2;5;B01
201200044815;2;10;0;0;2;9;1;B01
201200044815;0;7;0;0;2;2;1;A01
201200044816;0;7;0;0;2;3;15;A01
201200044816;0;7;0;0;2;1;1;B01
201200044817;0;33;0;0;2;7;17;B01
201200044817;0;7;0;0;0;3;15;A01
201200044818;0;33;0;11;0;0;1;A01
201200044819;0;7;0;0;2;1;0;A01
201200044819;0;7;0;0;2;8;1;B01
201200044820;0;33;0;0;2;2;1;B01
201200044820;0;7;0;0;0;3;1;A01
201200044821;0;7;0;1;0;2;1;A01
201200044822;0;7;0;0;2;7;0;B01
201200044822;0;7;0;0;2;1;9;A01
201200044823;0;7;0;0;2;8;15;A01
201200044823;0;7;0;0;2;1;1;B01
201200044824;0;7;0;1;0;1;1;A01
201200044825;0;3;0;0;1;0;0;A01
201200044826;0;7;0;0;2;1;1;A01
201200044826;0;7;0;0;2;4;1;B01
201200044827;0;33;0;0;0;4;0;A01
201200044828;0;7;0;0;2;3;1;B01
201200044828;0;31;0;0;2;1;13;A01
201200044829;0;7;0;0;1;2;1;A01
201200044830;0;7;0;0;2;1;1;A01
201200044830;0;7;0;0;1;4;1;B01
201200044831;0;7;0;0;2;3;1;C01
201200044831;0;7;0;0;2;2;1;B01
201200044831;0;7;0;0;2;3;9;A01
201200044832;0;7;0;0;0;5;0;A01
201200044832;0;1;0;0;0;0;0;B01
201200044833;0;7;0;0;1;1;1;A01
201200044834;0;7;0;0;1;3;0;A01
201200044835;0;7;0;0;2;4;23;C01
201200044835;0;7;0;0;2;9;23;B01
201200044835;0;7;0;1;0;1;2;A01
201200044836;0;7;0;0;2;2;15;A01
201200044836;0;7;0;12;2;3;2;B01
201200044837;0;2;0;0;2;1;18;A01
201200044837;0;7;0;0;0;2;19;B01
201200044838;0;31;0;0;2;7;1;B01
201200044838;0;7;0;0;2;3;15;A01
201200044839;0;7;0;0;2;1;4;A01
201200044839;0;7;0;0;2;1;24;B01
201200044840;0;31;0;0;0;0;1;B01
201200044840;0;14;0;0;0;0;17;A01
201200044841;0;7;0;3;0;2;2;A01
201200044842;0;10;0;0;1;1;1;A01
201200044843;0;7;0;0;0;1;2;A01
201200044843;0;33;0;0;0;4;2;B01
201200044844;0;7;0;0;9;2;2;A01
201200044844;0;1;0;0;2;8;2;B01
201200044845;0;7;0;14;0;2;9;A01
201200044845;0;31;0;0;0;6;0;B01
201200044846;0;7;0;0;1;4;4;A01
201200044847;0;34;0;0;0;7;16;A01
201200044848;0;7;0;0;2;1;1;A01
201200044848;0;7;0;0;0;4;23;B01
201200044849;0;7;0;3;0;2;17;A01
201200044850;0;7;0;0;1;1;1;A01
201200044851;0;7;0;0;1;1;15;A01
201200044852;0;7;0;14;0;1;1;A01
201200044852;0;33;0;0;0;4;23;B01
201200044853;0;7;0;0;2;2;15;A01
201200044853;0;33;0;0;2;1;1;B01
201200044854;0;10;0;1;0;1;5;A01
201200044855;0;7;0;0;2;0;0;B01
201200044855;0;34;0;0;2;0;1;A01
201200044856;0;2;0;0;2;1;2;B01
201200044856;0;10;0;0;2;4;2;A01
201200044857;0;2;0;0;0;0;1;A01
201200044858;0;7;0;9;0;1;1;A01
201200044859;0;31;0;0;2;1;1;B01
201200044859;0;7;0;0;2;3;15;A01
201200044860;0;32;0;0;2;1;19;B01
201200044860;0;7;0;0;2;3;15;A01
201200044861;0;7;0;0;2;1;1;A01
201200044861;0;7;0;12;2;4;1;B01
201200044862;0;7;0;3;0;1;21;A01
201200044863;0;34;0;0;2;7;1;B01
201200044863;1;7;0;0;2;1;1;A01
201200044864;0;33;0;0;2;3;16;A01
201200044864;0;7;0;0;2;2;16;B01
201200044865;0;7;0;0;2;4;2;B01
201200044865;0;7;0;0;0;9;2;C01
201200044865;0;7;0;0;2;1;1;A01
201200044866;0;1;0;0;0;1;0;B01
201200044866;1;7;0;0;0;2;0;Z01
201200044867;0;7;0;4;0;4;1;A01
201200044867;0;10;0;0;2;1;2;B01
201200044868;0;7;0;0;2;7;1;A01
201200044868;0;33;0;0;2;1;1;B01
201200044869;2;7;0;0;0;4;15;A01
201200044869;0;33;0;0;2;1;1;B01
201200044870;0;7;0;0;2;1;10;A01
201200044870;0;7;0;0;2;3;1;B01
201200044870;0;34;0;0;0;0;1;C01
201200044871;0;30;0;0;2;3;1;A01
201200044871;0;7;0;0;0;4;1;B01
201200044872;0;7;0;0;1;3;2;A01
201200044873;0;7;0;0;2;5;16;A01
201200044873;0;33;0;0;2;1;1;B01
201200044874;0;7;0;0;2;3;9;A01
201200044874;0;30;0;0;2;1;1;B01
201200044875;0;1;0;0;2;1;1;B01
201200044875;0;7;0;0;2;2;0;A01
201200044876;0;7;0;0;2;8;9;A01
201200044876;0;32;0;0;2;1;1;B01
201200044877;0;7;0;0;1;1;15;A01
201200044878;0;7;0;0;1;0;2;A01
201200044879;0;33;0;12;0;8;17;A01
201200044880;0;2;0;0;2;1;1;B01
201200044880;0;7;0;0;2;3;1;A01
201200044881;0;7;0;0;2;1;1;B01
201200044881;0;7;0;0;2;2;0;A01
201200044882;0;7;0;0;1;1;0;A01
201200044883;0;7;0;0;2;8;2;B01
201200044883;0;7;0;0;2;1;2;A01
201200044884;0;7;0;0;1;8;1;A01
201200044885;0;30;0;0;2;7;17;A01
201200044885;0;7;0;0;2;6;15;B01
201200044886;0;10;0;0;9;3;1;A01
201200044886;0;1;0;0;2;8;9;B01
201200044887;0;7;0;9;0;1;1;B01
201200044887;1;7;0;0;2;0;0;Z01
201200044888;0;2;0;0;2;1;1;A01
201200044888;0;7;0;0;2;5;15;B01
201200044889;0;7;0;0;2;5;15;A01
201200044889;0;33;0;0;2;1;1;B01
201200044890;0;3;0;0;0;1;1;B01
201200044890;0;7;0;0;0;8;1;A01
201200044891;0;7;0;0;2;7;2;A01
201200044891;1;7;0;0;2;1;2;Z01
201200044892;0;7;0;0;2;5;13;A01
201200044892;0;7;0;0;2;1;1;B01
201200044893;0;33;0;0;2;0;0;B01
201200044893;0;10;0;0;0;2;1;A01
201200044894;0;7;0;0;1;2;1;A01
201200044895;0;7;0;4;0;2;2;A01
201200044896;0;33;0;0;2;1;1;A01
201200044896;0;13;0;0;0;6;1;B01
201200044897;0;7;0;11;0;1;20;A01
201200044898;0;7;0;15;2;7;12;A01
201200044898;0;37;1;0;0;3;1;B01
201200044899;0;7;0;0;0;7;15;A01
201200044899;0;7;0;0;2;1;1;B01
201200044900;0;7;0;0;0;1;0;A01
201200044901;0;7;0;0;2;1;13;A01
201200044901;0;7;0;0;2;1;2;B01
201200044902;0;7;0;0;2;3;1;A01
201200044902;0;1;0;0;2;7;1;B01
201200044903;0;7;0;0;2;7;4;A01
201200044903;0;2;0;0;2;1;1;B01
201200044904;0;7;0;0;1;1;0;A01
201200044905;0;30;0;0;2;1;2;A01
201200044905;0;7;0;12;0;4;1;B01
201200044906;0;7;0;1;0;2;2;A01
201200044907;0;2;0;0;1;1;2;A01
201200044908;0;7;0;1;0;2;1;A01
201200044909;0;7;0;0;1;1;1;A01
201200044910;0;7;0;0;1;1;2;A01
201200044911;0;7;0;0;2;0;0;B01
201200044911;0;7;0;0;2;2;0;A01
201200044912;0;33;0;0;2;1;1;A01
201200044912;0;7;0;0;0;3;2;B01
201200044913;0;7;0;0;2;3;15;A01
201200044913;0;2;0;0;2;3;17;B01
201200044914;0;1;0;0;2;1;2;A01
201200044914;0;7;0;0;2;4;1;B01
201200044915;0;7;0;0;2;1;17;A01
201200044915;0;7;0;0;2;8;15;B01
201200044916;0;33;0;0;0;3;1;A01
201200044916;0;1;0;0;0;0;1;B01
201200044917;0;33;0;0;2;1;14;A01
201200044917;0;7;0;0;2;6;20;B01
201200044918;0;7;0;0;2;3;22;A01
201200044918;0;1;0;1;0;1;1;B01
201200044919;0;2;0;0;2;1;2;A01
201200044919;0;7;0;0;2;4;1;B01
201200044920;0;7;0;0;1;1;1;A01
201200044921;0;7;0;0;2;3;11;A01
201200044921;0;32;0;0;2;2;17;B01
201200044922;0;7;0;0;1;2;1;A01
201200044923;0;7;0;14;2;3;1;B01
201200044923;0;7;0;1;2;2;1;A01
201200044924;0;37;1;0;1;2;1;A01
201200044925;0;7;0;0;2;3;2;A01
201200044925;0;7;0;0;2;5;1;B01
201200044926;0;34;0;0;0;1;17;A01
201200044926;0;7;0;0;0;3;15;B01
201200044927;0;32;0;0;2;1;5;B01
201200044927;0;7;0;0;2;1;23;A01
201200044928;0;7;0;0;1;2;2;A01
201200044928;0;34;0;0;2;7;17;B01
201200044929;0;7;0;0;1;2;1;A01
201200044930;0;32;0;0;1;1;1;A01
201200044931;0;7;0;0;2;2;1;A01
201200044931;0;30;0;0;2;3;1;B01
201200044932;0;7;0;0;2;7;1;A01
201200044932;0;7;0;0;2;1;1;B01
201200044933;0;7;0;0;1;2;1;A01
201200044934;0;3;0;0;0;1;1;A01
201200044934;0;3;0;0;0;3;1;B01
201200044935;0;32;0;0;2;1;1;A01
201200044935;0;7;0;0;2;8;1;B01
201200044936;0;7;0;0;1;2;1;A01
201200044937;0;30;0;0;2;1;1;A01
201200044937;0;7;0;0;2;3;1;B01
201200044938;0;7;0;0;2;5;4;A01
201200044938;0;30;0;0;2;1;1;B01
201200044939;0;7;0;1;0;4;0;A01
201200044940;0;7;0;0;2;4;1;A01
201200044940;0;7;0;0;2;1;2;B01
201200044941;0;7;0;0;2;1;15;A01
201200044941;0;2;0;0;2;1;1;B01
201200044942;0;7;0;0;1;3;15;A01
201200044943;0;1;0;0;2;1;2;B01
201200044943;0;7;0;0;9;3;2;A01
201200044944;0;3;0;0;2;2;1;B01
201200044944;0;7;0;0;2;3;1;A01
201200044945;0;33;0;0;1;1;12;A01
201200044946;0;7;0;0;2;1;1;A01
201200044946;0;30;0;0;2;1;0;B01
201200044947;0;7;0;0;2;6;15;A01
201200044947;0;33;0;0;2;1;1;B01
201200044948;0;7;0;0;2;1;0;A01
201200044948;0;7;0;0;1;8;1;B01
201200044949;0;7;0;0;1;6;15;A01
201200044950;0;99;0;0;1;4;4;A01
201200044951;0;7;0;0;1;2;1;A01
201200044952;0;7;0;0;2;1;1;A01
201200044952;0;7;0;0;2;3;1;B01
201200044953;0;7;0;0;0;2;0;A01
201200044953;0;30;0;0;0;1;0;B01
201200044954;0;7;0;0;1;4;4;A01
201200044955;0;32;0;0;2;2;1;A01
201200044955;0;10;0;0;2;1;1;B01
201200044956;0;33;0;0;2;1;0;B01
201200044956;2;7;0;0;0;3;10;A01
201200044957;0;7;0;0;1;2;0;A01
201200044958;0;2;0;0;2;2;3;A01
201200044959;0;30;0;0;0;7;19;B01
201200044959;0;10;0;0;2;2;19;A01
201200044960;0;7;0;0;0;7;2;A01
201200044960;0;30;0;0;0;1;2;B01
201200044961;0;7;0;1;5;3;21;A01
201200044962;0;10;0;0;0;7;0;A01
201200044962;0;37;1;0;2;3;2;B01
201200044963;0;10;0;0;0;0;0;B01
201200044963;0;7;0;0;2;6;2;A01
201200044964;0;7;0;0;1;3;15;A01
201200044965;0;7;0;0;1;1;2;A01
201200044966;0;7;0;0;2;2;1;A01
201200044966;0;30;0;0;2;1;2;B01
201200044967;0;7;0;0;1;1;7;A01
201200044968;0;7;0;0;2;2;9;A01
201200044968;0;31;0;0;2;1;2;B01
201200044969;0;7;0;0;2;0;1;B01
201200044969;0;1;0;0;0;4;1;D01
201200044969;0;7;0;0;2;1;1;A01
201200044969;0;7;0;0;2;0;1;C01
201200044970;0;7;0;0;2;7;5;A01
201200044970;0;2;0;0;2;1;0;B01
201200044971;0;7;0;12;0;2;0;A01
201200044972;2;1;0;0;1;2;1;B01
201200044973;0;7;0;0;1;4;4;A01
201200044974;0;7;0;0;2;0;15;A01
201200044974;0;2;0;0;2;1;17;B01
201200044975;0;2;0;0;2;1;17;A01
201200044975;0;10;0;0;2;3;15;B01
201200044976;0;7;0;0;1;2;2;A01
201200044977;0;38;2;0;1;0;2;A01
201200044978;0;10;0;0;1;0;2;A01
201200044979;0;7;0;0;9;5;17;A01
201200044979;0;1;0;0;2;8;13;B01
201200044980;0;32;0;0;2;1;1;B01
201200044980;0;7;0;6;2;2;19;A01
201200044981;1;31;0;0;1;1;0;A01
201200044982;1;7;0;0;1;1;1;A01
201200044983;0;30;0;0;2;2;2;B01
201200044983;0;7;0;0;2;3;10;A01
201200044984;2;7;0;0;1;3;1;A01
201200044985;0;10;0;9;0;2;0;A01
201200044986;0;7;0;0;2;7;15;A01
201200044986;0;31;0;0;2;1;1;B01
201200044987;1;10;0;1;1;0;1;A01
201200044988;0;7;0;0;9;3;24;A01
201200044988;0;1;0;0;0;0;1;C01
201200044989;0;10;0;0;2;3;13;A01
201200044989;0;33;0;0;2;1;0;B01
201200044990;0;2;0;0;2;1;2;B01
201200044990;0;7;0;0;2;3;9;A01
201200044991;0;13;0;1;0;4;0;A01
201200044991;0;30;0;0;2;1;2;B01
201200044992;0;7;0;0;1;1;0;A01
201200044993;0;34;0;0;2;1;2;B01
201200044993;0;7;0;0;2;2;19;A01
201200044994;0;7;0;0;0;2;1;A01
201200044995;0;7;0;0;1;2;17;A01
201200044996;0;7;0;0;1;3;15;A01
201200044997;0;7;0;0;0;1;15;A01
201200044997;0;32;0;0;0;3;2;B01
201200044998;0;31;0;0;1;0;14;A01
201200044999;0;7;0;0;2;2;10;A01
201200044999;0;33;0;0;2;1;1;B01
201200044999;0;32;0;0;2;1;1;C01
201200045000;0;10;0;0;0;0;13;A01
201200045000;0;32;0;0;2;0;13;B01
201200045001;0;7;0;0;2;3;15;A01
201200045001;0;32;0;0;2;2;1;B01
201200045002;0;7;0;0;1;4;2;A01
201200045003;0;7;0;0;2;3;1;A01
201200045003;0;7;0;0;2;8;9;B01
201200045004;0;7;0;0;0;7;0;A01
201200045005;0;7;0;0;0;9;2;B01
201200045005;0;7;0;0;2;3;2;A01
201200045006;0;7;0;0;0;1;0;A01
201200045006;0;7;0;0;0;6;0;B01
201200045007;0;7;0;0;1;3;2;A01
201200045008;0;30;0;0;2;1;2;A01
201200045008;0;7;0;0;0;4;2;B01
201200045009;0;7;0;0;0;1;2;A01
201200045009;0;7;0;0;2;4;2;B01
201200045009;0;7;0;0;0;4;0;C01
201200045010;0;15;0;0;2;4;4;A01
201200045010;0;2;0;0;2;1;0;B01
201200045011;0;32;0;0;2;8;1;B01
201200045011;0;7;0;0;2;2;1;A01
201200045012;0;7;0;0;1;0;15;A01
201200045013;0;7;0;14;1;1;17;A01
201200045014;0;10;0;0;2;7;1;A01
201200045014;0;7;0;0;2;1;2;B01
201200045014;0;7;0;0;2;3;2;C01
201200045015;0;32;0;0;0;7;1;A01
201200045016;0;7;0;0;2;4;2;B01
201200045016;0;34;0;0;2;1;2;A01
201200045017;0;1;0;0;0;0;1;Y01
201200045017;0;32;0;0;0;3;1;A01
201200045018;0;7;0;0;2;2;15;A01
201200045018;0;32;0;0;2;7;1;B01
201200045019;0;37;0;0;1;2;0;A01
201200045020;0;7;0;0;1;3;15;A01
201200045021;0;33;0;0;0;1;1;A01
201200045022;0;2;0;0;2;1;1;B01
201200045022;1;10;0;0;0;4;1;Z01
201200045023;0;7;0;0;2;2;15;A01
201200045023;0;2;0;0;2;1;1;B01
201200045024;0;31;0;0;0;1;0;B01
201200045024;0;7;0;0;0;3;0;A01
201200045025;0;2;0;0;1;1;1;A01
201200045026;0;2;0;0;0;1;1;B01
201200045026;0;7;0;0;2;3;1;A01
201200045027;0;10;0;0;9;8;22;A01
201200045027;0;1;0;0;2;1;2;B01
201200045028;1;7;0;0;2;0;0;A01
201200045028;0;7;0;0;1;6;0;B01
201200045029;0;10;0;0;1;2;1;A01
201200045030;0;7;0;0;1;3;1;A01
201200045031;0;7;0;1;1;1;13;A01
201200045032;0;7;0;0;2;1;1;A01
201200045032;0;7;0;0;0;4;1;B01
201200045033;0;7;0;12;2;1;15;A01
201200045033;0;30;0;0;2;8;1;B01
201200045033;0;7;0;0;2;1;1;C01
201200045034;0;10;0;0;1;3;1;A01
201200045035;0;10;0;0;2;2;16;A01
201200045035;0;37;9;0;2;3;7;B01
201200045036;0;10;0;0;2;2;9;A01
201200045036;0;1;0;0;2;2;1;B01
201200045037;0;7;0;0;2;6;1;B01
201200045037;0;7;0;0;2;6;1;A01
201200045038;0;7;0;1;0;1;1;A01
201200045039;0;7;0;0;1;4;4;A01
201200045040;0;7;0;0;1;2;1;A01
201200045041;0;7;0;0;1;6;4;A01
201200045042;0;7;0;0;1;2;17;A01
201200045043;0;7;0;0;2;2;15;A01
201200045043;0;7;0;8;2;6;1;B01
201200045044;0;7;0;0;0;6;15;B01
201200045044;0;31;0;0;2;7;17;A01
201200045045;0;14;0;0;2;1;2;A01
201200045045;0;7;0;0;2;4;1;B01
201200045046;0;31;0;0;2;8;17;A01
201200045046;0;7;0;0;0;8;1;C01
201200045046;0;7;0;0;0;8;1;B01
201200045047;0;30;0;0;2;7;1;B01
201200045047;0;7;0;0;2;1;1;A01
201200045048;0;7;0;1;0;2;2;A01
201200045049;0;7;0;0;1;7;1;A01
201200045050;0;7;0;0;2;2;1;B01
201200045050;1;7;0;0;2;2;5;Z01
201200045051;0;7;0;0;1;8;1;A01
201200045052;0;7;0;0;2;3;15;A01
201200045052;0;33;0;0;2;7;2;B01
201200045053;0;7;0;0;1;4;4;A01
201200045054;0;34;0;0;2;1;1;B01
201200045054;0;7;0;0;2;2;9;A01
201200045055;0;7;0;0;1;1;2;A01
201200045056;0;7;0;0;2;4;12;B01
201200045056;0;30;0;0;2;1;1;A01
201200045057;0;7;0;0;0;4;23;C01
201200045057;0;7;0;0;2;1;2;A01
201200045057;0;7;0;0;0;4;23;B01
201200045058;0;7;0;15;2;1;1;A01
201200045058;0;7;0;0;2;1;15;B01
201200045059;0;13;0;0;2;1;1;A01
201200045059;0;7;0;0;0;4;2;B01
201200045060;0;30;0;0;2;2;1;B01
201200045060;0;30;0;0;2;1;1;A01
201200045061;0;10;0;0;2;4;4;A01
201200045061;0;1;0;0;0;1;2;B01
201200045062;0;33;0;0;2;8;21;B01
201200045062;0;7;0;0;2;7;15;A01
201200045063;0;7;0;0;2;1;2;A01
201200045063;0;7;0;0;0;4;23;B01
201200045064;0;10;0;0;2;2;1;A01
201200045064;0;1;0;0;0;8;11;B01
201200045065;0;7;0;0;1;1;1;A01
201200045066;0;7;0;0;1;1;1;A01
201200045067;0;7;0;0;0;1;1;B01
201200045067;0;7;0;0;2;2;1;A01
201200045068;0;7;0;0;0;8;15;B01
201200045068;0;34;0;0;2;8;17;A01
201200045069;0;7;0;15;0;4;2;B01
201200045069;0;7;0;14;2;1;2;A01
201200045070;0;7;0;0;2;4;2;B01
201200045070;0;7;0;0;2;1;2;A01
201200045071;0;7;0;0;1;3;1;A01
201200045072;0;7;0;12;0;3;2;A01
201200045073;0;7;0;0;2;1;1;A01
201200045073;0;7;0;0;2;1;1;B01
201200045074;0;7;0;0;0;6;2;A01
201200045074;0;1;0;0;2;1;2;B01
201200045075;0;7;0;6;0;2;1;A01
201200045076;0;7;0;0;0;4;2;B01
201200045076;0;7;0;0;2;1;2;A01
201200045077;0;7;0;0;1;1;1;A01
201200045078;0;10;0;0;2;1;1;A01
201200045078;0;33;0;0;2;4;23;B01
201200045078;0;7;0;0;2;4;23;C01
201200045079;0;1;0;0;2;1;1;A01
201200045079;0;7;0;0;2;5;16;B01
201200045080;0;7;0;1;0;8;24;D01