num_acc;senc;catv;occutc;obs;obsm;choc;manv;num_veh
201200045459;0;10;0;0;0;0;1;C01
201200045460;1;7;0;0;1;1;0;A01
201200045461;0;7;0;0;1;1;1;A01
201200045462;0;7;0;0;2;3;24;B01
201200045462;0;7;0;0;2;1;1;A01
201200045462;0;7;0;0;2;1;1;C01
201200045463;0;7;0;0;2;1;1;B01
201200045463;0;7;0;0;2;1;1;A01
201200045464;0;32;0;0;2;1;1;A01
201200045464;1;7;0;0;0;0;1;B01
201200045465;0;7;0;0;2;1;2;A01
201200045465;0;15;0;0;2;6;1;B01
201200045466;0;10;0;0;2;1;2;A01
201200045466;0;7;0;0;2;4;1;B01
201200045467;0;7;0;0;2;8;10;A01
201200045467;0;31;0;0;2;7;2;B01
201200045468;1;30;0;0;1;1;1;A01
201200045469;0;40;1;0;1;1;1;A01
201200045470;0;1;0;0;2;1;19;A01
201200045470;0;7;0;0;9;1;2;B01
201200045471;0;7;0;0;2;3;2;A01
201200045471;0;1;0;0;2;1;3;B01
201200045472;2;7;0;1;2;1;1;A01
201200045472;0;7;0;1;2;7;11;B01
201200045472;0;7;0;1;2;1;1;C01
201200045473;0;10;0;8;2;2;1;A01
201200045473;0;7;0;0;2;1;1;B01
201200045474;0;7;0;0;1;2;1;A01
201200045475;0;7;0;0;1;1;1;A01
201200045476;0;33;0;0;2;3;1;B01
201200045476;0;7;0;0;2;1;9;A01
201200045477;0;7;0;0;2;1;2;A01
201200045477;0;1;0;0;2;4;1;B01
201200045478;0;10;0;0;2;3;15;B01
201200045478;0;10;0;0;2;3;1;A01
201200045479;0;7;0;0;2;1;1;B01
201200045479;0;10;0;0;2;7;15;A01
201200045480;0;13;0;0;2;8;10;A01
201200045480;0;33;0;0;2;1;2;B01
201200045481;0;7;0;0;0;2;1;A01
201200045482;0;33;0;0;2;7;1;B01
201200045482;0;7;0;0;2;1;15;A01
201200045483;0;10;0;0;1;1;16;A01
201200045484;1;7;0;0;0;0;0;Z01
201200045485;0;7;0;0;0;0;0;A01
201200045486;0;7;0;0;1;4;4;A01
201200045487;0;7;0;0;2;4;2;B01
201200045487;0;7;0;0;2;4;2;C01
201200045487;0;7;0;0;2;1;2;A01
201200045488;0;7;0;0;2;7;15;A01
201200045488;0;33;0;0;2;3;1;B01
201200045489;0;7;0;0;2;6;4;A01
201200045489;0;7;0;0;2;8;0;B01
201200045490;0;7;0;0;2;1;1;A01
201200045490;1;7;0;0;2;1;0;Z01
201200045491;0;13;0;0;0;0;10;C01
201200045491;0;7;0;0;2;1;2;A01
201200045491;0;32;0;0;2;4;1;B01
201200045492;1;7;0;0;1;1;1;A01
201200045493;0;7;0;0;2;3;15;A01
201200045493;0;32;0;0;2;1;1;B01
201200045494;0;7;0;0;1;1;2;A01
201200045495;0;7;0;9;0;1;21;A01
201200045496;0;7;0;4;0;1;1;A01
201200045497;0;7;0;0;2;3;0;A01
201200045497;0;7;0;0;2;1;0;B01
201200045498;0;34;0;0;2;1;2;B01
201200045498;0;7;0;0;2;7;15;A01
201200045499;0;30;0;8;0;2;1;A01
201200045500;0;7;0;0;0;4;2;C01
201200045500;0;99;0;0;0;1;2;A01
201200045500;0;7;0;0;0;9;2;B01
201200045501;0;7;0;0;0;7;1;A01
201200045502;0;10;0;0;0;4;2;A01
201200045502;0;10;0;0;2;1;2;B01
201200045503;0;7;0;0;0;0;0;B01
201200045503;0;7;0;0;0;0;0;C01
201200045503;0;7;0;0;0;0;0;D01
201200045503;0;7;0;0;9;1;0;A01
201200045504;0;7;0;0;0;8;15;A01
201200045504;0;33;0;0;2;2;1;B01
201200045505;0;34;0;0;2;1;5;A01
201200045505;0;7;0;0;0;3;9;B01
201200045506;0;7;0;0;0;3;2;B01
201200045506;0;2;0;0;0;1;1;Z01
201200045507;0;37;1;14;1;7;7;A01
201200045508;0;7;0;0;2;2;0;A01
201200045508;0;7;0;0;2;3;0;B01
201200045509;0;7;0;0;0;0;0;A01
201200045509;0;33;0;0;0;4;0;B01
201200045510;0;34;0;0;2;9;1;A01
201200045510;0;7;0;0;2;3;13;B01
201200045511;0;7;0;0;1;7;1;A01
201200045512;0;7;0;0;2;3;1;B01
201200045512;0;7;0;8;2;5;1;A01
201200045513;0;7;0;0;2;1;1;A01
201200045513;0;7;0;0;2;8;1;B01
201200045514;0;7;0;0;2;8;21;A01
201200045514;0;30;0;0;2;7;1;B01
201200045515;0;7;0;0;2;3;10;A01
201200045515;0;31;0;0;2;3;10;B01
201200045516;0;10;0;0;2;3;10;A01
201200045516;0;32;0;0;2;1;1;B01
201200045517;0;7;0;0;0;0;0;A01
201200045518;0;7;0;0;2;1;1;A01
201200045518;0;7;0;0;2;5;1;B01
201200045519;0;31;0;0;2;7;21;B01
201200045519;0;7;0;0;2;3;15;A01
201200045520;0;7;0;0;2;1;1;A01
201200045520;0;7;0;0;2;2;15;B01
201200045521;0;7;0;0;0;0;0;B01
201200045521;0;7;0;0;0;7;1;A01
201200045522;0;7;0;0;2;1;1;A01
201200045522;0;7;0;0;2;6;15;B01
201200045523;0;10;0;0;1;2;1;A01
201200045524;0;7;0;0;1;1;1;A01
201200045525;0;7;0;0;2;3;5;A01
201200045525;0;32;0;0;2;1;0;B01
201200045526;0;7;0;0;0;0;2;A01
201200045526;0;2;0;0;0;1;2;B01
201200045527;0;7;0;0;2;1;2;A01
201200045527;0;7;0;0;0;4;2;B01
201200045528;0;7;0;0;1;3;1;A01
201200045529;0;7;0;0;2;1;2;A01
201200045529;0;7;0;0;2;4;2;B01
201200045530;0;15;0;0;1;3;0;A01
201200045531;0;7;0;0;2;1;1;A01
201200045531;0;7;0;0;2;1;1;B01
201200045532;0;7;0;0;2;1;1;B01
201200045532;0;7;0;0;2;3;0;A01
201200045533;2;7;0;0;2;1;5;A01
201200045533;0;7;0;0;2;1;1;B01
201200045534;0;3;0;0;1;1;2;A01
201200045535;0;7;0;0;0;3;9;A01
201200045535;0;7;0;0;0;1;2;B01
201200045536;0;7;0;0;0;7;1;A01
201200045537;2;30;0;0;2;1;21;A01
201200045537;0;99;0;0;9;4;20;B01
201200045538;1;7;0;0;1;2;1;Z01
201200045539;0;7;0;0;2;3;10;A01
201200045539;0;30;0;0;2;0;1;B01
201200045540;0;7;0;0;1;1;1;A01
201200045541;0;7;0;0;0;0;0;A01
201200045541;0;30;0;0;0;0;0;B01
201200045542;0;7;0;0;1;1;16;A01
201200045543;0;7;0;0;2;1;2;A01
201200045543;0;7;0;0;2;5;2;B01
201200045544;0;30;0;0;2;8;1;B01
201200045544;0;7;0;0;2;1;15;A01
201200045545;0;7;0;0;1;1;0;A01
201200045546;0;7;0;8;2;1;1;A01
201200045546;0;99;0;0;2;3;15;B01
201200045547;1;13;0;0;2;4;2;Z01
201200045547;0;7;0;0;2;1;2;A01
201200045548;0;7;0;0;1;7;1;A01
201200045549;0;7;0;0;0;0;0;A01
201200045550;0;7;0;0;1;4;4;A01
201200045551;0;7;0;0;9;3;0;B01
201200045551;0;34;0;0;2;1;5;A01
201200045552;1;10;0;0;2;2;12;Z01
201200045552;0;30;0;0;2;3;1;A01
201200045553;0;7;0;0;0;0;0;B01
201200045553;0;10;0;0;2;3;9;A01
201200045554;0;7;0;0;2;1;0;A01
201200045554;0;7;0;0;0;1;0;B01
201200045555;0;7;0;0;2;4;2;C01
201200045555;0;7;0;0;2;1;2;A01
201200045555;0;7;0;0;2;4;2;B01
201200045556;0;7;0;0;0;0;0;A01
201200045556;1;99;0;0;0;0;0;Z01
201200045557;0;7;0;0;2;3;1;A01
201200045557;0;1;0;0;2;1;1;B01
201200045558;0;7;0;0;2;5;1;A01
201200045558;0;32;0;0;2;8;0;B01
201200045559;0;7;0;0;1;3;2;A01
201200045560;0;37;0;2;2;3;5;A01
201200045560;0;7;0;0;2;3;23;B01
201200045561;0;7;0;0;0;1;0;A01
201200045561;0;7;0;0;0;0;0;B01
201200045562;0;33;0;0;0;0;0;B01
201200045562;0;7;0;0;2;2;1;A01
201200045563;0;7;0;0;0;1;1;A01
201200045563;0;7;0;0;2;4;2;B01
201200045564;0;34;0;0;0;8;0;A01
201200045565;0;32;0;0;0;8;0;A01
201200045566;0;37;2;0;1;2;16;A01
201200045567;0;30;0;14;0;1;2;A01
201200045568;0;31;0;0;0;0;17;B01
201200045568;0;7;0;0;0;8;13;A01
201200045569;0;7;0;0;0;5;2;B01
201200045569;0;7;0;0;2;1;2;A01
201200045570;0;7;0;0;2;1;2;A01
201200045570;0;7;0;0;2;4;2;B01
201200045570;0;7;0;0;2;4;2;D01
201200045570;0;13;0;0;0;4;2;C01
201200045571;0;34;0;0;2;7;17;A01
201200045571;0;7;0;0;2;6;2;B01
201200045572;0;10;0;0;2;3;1;B01
201200045572;0;33;0;0;2;1;5;A01
201200045573;0;7;0;0;2;4;2;B01
201200045573;0;2;0;0;2;1;2;A01
201200045574;0;10;0;0;2;0;1;A01
201200045574;0;32;0;0;2;7;17;B01
201200045575;0;7;0;0;2;1;0;B01
201200045575;0;7;0;0;0;0;0;A01
201200045576;0;7;0;0;2;8;10;A01
201200045576;0;33;0;0;2;7;2;B01
201200045577;0;2;0;0;2;1;2;A01
201200045577;0;7;0;0;2;7;9;B01
201200045578;0;7;0;0;0;9;1;A01
201200045579;0;7;0;0;0;3;0;A01
201200045579;0;1;0;0;0;1;0;B01
201200045580;0;32;0;0;2;1;2;A01
201200045580;0;7;0;0;2;6;2;B01
201200045581;0;7;0;0;2;5;2;B01
201200045581;0;13;0;0;2;1;2;A01
201200045582;0;7;0;0;1;2;1;A01
201200045583;0;7;0;0;2;8;10;A01
201200045583;0;34;0;0;2;1;1;B01
201200045584;0;7;0;0;0;3;1;A01
201200045584;0;30;0;0;0;2;2;B01
201200045585;0;33;0;0;2;1;1;A01
201200045585;0;7;0;0;2;4;15;B01
201200045586;0;7;0;0;1;1;2;A01
201200045587;0;7;0;0;2;3;2;A01
201200045587;0;38;1;0;2;8;15;B01
201200045588;0;7;0;0;2;2;15;B01
201200045588;0;2;0;0;2;1;1;A01
201200045589;0;3;0;0;1;2;1;A01
201200045590;0;34;0;0;2;1;2;A01
201200045590;0;3;0;0;0;4;2;B01
201200045591;0;17;0;0;2;8;15;A01
201200045591;0;34;0;0;2;2;15;B01
201200045592;0;7;0;0;0;0;0;A01
201200045593;0;7;0;0;2;4;1;B01
201200045593;0;33;0;0;2;1;1;A01
201200045594;0;32;0;0;2;1;1;B01
201200045594;0;7;0;0;2;5;9;A01
201200045595;0;7;0;0;2;4;1;A01
201200045596;0;32;0;0;2;8;0;A01
201200045596;0;7;0;0;2;0;1;B01
201200045597;1;7;0;0;1;1;0;Z01
201200045598;0;30;0;0;0;0;0;B01
201200045598;0;7;0;0;0;5;11;A01
201200045599;0;7;0;0;2;1;1;A01
201200045599;0;10;0;0;2;6;0;B01
201200045600;0;7;0;0;2;1;1;B01
201200045600;0;7;0;0;0;8;10;A01
201200045601;0;30;0;0;1;1;1;A01
201200045602;0;7;0;1;1;2;1;A01
201200045603;0;7;0;0;2;0;2;A01
201200045603;0;7;0;0;0;4;2;B01
201200045604;1;30;0;0;1;0;0;Z01
201200045605;0;30;0;0;0;1;3;A01
201200045605;0;34;0;0;2;3;9;B01
201200045606;0;7;0;0;2;1;1;A01
201200045606;0;1;0;0;2;8;1;B01
201200045607;0;7;0;0;2;1;0;A01
201200045607;0;7;0;0;2;4;0;B01
201200045608;0;32;0;0;0;1;0;A01
201200045608;0;7;0;0;0;1;0;B01
201200045609;0;37;35;0;0;0;0;A01
201200045609;0;37;0;0;2;4;0;B01
201200045610;0;7;0;0;1;1;3;A01
201200045611;0;7;0;3;0;3;11;A01
201200045611;0;7;0;0;0;3;1;B01
201200045612;0;34;0;0;2;1;17;A01
201200045613;0;7;0;12;1;1;0;A01
201200045614;0;7;0;0;2;1;2;A01
201200045614;0;7;0;0;2;4;23;B01
201200045614;0;7;0;0;0;0;13;C01
201200045615;0;7;0;0;0;4;9;A01
201200045615;0;37;0;0;0;1;2;B01
201200045616;0;7;0;0;0;2;2;B01
201200045616;0;7;0;0;0;1;2;A01
201200045617;0;32;0;0;2;2;0;A01
201200045617;0;7;0;0;0;2;0;B01
201200045618;0;7;0;0;2;4;3;C01
201200045618;0;7;0;0;2;4;2;B01
201200045618;0;7;0;0;2;1;2;A01
201200045619;0;7;0;0;0;0;12;A01
201200045619;0;32;0;0;2;4;21;B01
201200045619;0;32;0;0;2;1;1;C01
201200045620;0;33;0;0;2;3;9;A01
201200045620;0;7;0;0;2;7;2;B01
201200045621;0;2;0;0;0;7;1;A01
201200045622;0;31;0;0;1;1;17;A01
201200045623;0;7;0;0;2;6;0;A01
201200045623;0;1;0;0;2;1;2;B01
201200045624;0;31;0;12;2;8;2;A01
201200045624;0;7;0;0;0;2;2;B01
201200045625;0;30;0;0;0;0;0;B01
201200045625;0;7;0;0;2;1;0;A01
201200045626;0;34;0;0;2;3;0;A01
201200045626;0;31;0;0;0;0;0;B01
201200045627;0;20;0;0;1;4;4;A01
201200045628;0;99;0;0;9;6;10;A01
201200045628;0;33;0;0;2;7;1;B01
201200045629;0;31;0;1;0;2;2;A01
201200045630;0;32;0;0;1;7;2;A01
201200045630;1;7;0;0;0;3;13;Z01
201200045631;0;7;0;0;0;9;1;A01
201200045632;1;7;0;0;2;0;1;Y01
201200045632;0;7;0;0;0;3;1;A01
201200045633;0;2;0;0;0;1;0;A01
201200045633;0;10;0;0;0;0;0;B01
201200045634;0;32;0;0;0;5;17;A01
201200045634;0;7;0;0;0;3;2;B01
201200045635;0;7;0;0;1;4;2;A01
201200045635;0;7;0;0;2;1;2;B01
201200045636;0;7;0;8;0;1;1;A01
201200045637;0;7;0;0;2;1;2;A01
201200045637;0;7;0;0;2;7;2;B01
201200045638;0;7;0;0;2;1;15;A01
201200045638;0;30;0;0;2;1;1;B01
201200045639;0;10;0;0;2;3;15;A01
201200045639;0;34;0;0;2;2;13;B01
201200045640;1;7;0;0;0;0;0;Z01
201200045640;0;33;0;0;2;0;3;B01
201200045640;0;7;0;0;0;3;0;C01
201200045641;0;33;0;0;2;1;1;B01
201200045641;0;7;0;0;2;2;15;A01
201200045642;0;7;0;0;0;1;13;A01
201200045642;0;10;0;0;0;1;2;B01
201200045643;0;34;0;0;2;2;17;A01
201200045643;0;7;0;0;2;3;9;B01
201200045644;0;30;0;0;2;3;2;B01
201200045644;1;7;0;0;2;0;1;Z01
201200045645;0;7;0;0;2;8;15;B01
201200045645;0;32;0;0;2;2;1;A01
201200045646;0;33;0;12;0;3;0;A01
201200045647;0;2;0;0;1;1;11;A01
201200045648;0;7;0;0;2;1;1;A01
201200045648;0;7;0;0;2;3;5;B01
201200045649;0;7;0;0;0;4;4;A01
201200045649;0;34;0;0;2;1;2;B01
201200045650;0;7;0;0;0;1;2;A01
201200045650;0;33;0;0;2;4;2;B01
201200045650;0;33;0;0;0;5;23;C01
201200045651;0;30;0;0;2;1;1;A01
201200045651;0;7;0;0;9;2;1;B01
201200045652;0;7;0;0;9;8;22;A01
201200045652;0;1;0;1;0;1;1;B01
201200045653;0;7;0;6;0;1;0;A01
201200045653;0;7;0;6;0;1;2;B01
201200045653;0;7;0;6;0;0;0;C01
201200045654;1;7;0;0;0;0;11;A01
201200045654;0;1;0;0;0;7;2;B01
201200045655;0;7;0;0;2;3;1;A01
201200045655;0;7;0;0;2;5;15;B01
201200045656;0;7;0;1;2;1;1;A01
201200045656;0;31;0;0;2;1;0;B01
201200045657;1;15;0;0;0;0;2;Z01
201200045657;0;1;0;0;0;7;2;B01
201200045658;0;7;0;0;0;4;0;B01
201200045658;0;7;0;0;0;1;2;A01
201200045659;0;7;0;0;2;8;10;A01
201200045659;0;7;0;0;2;1;1;B01
201200045660;0;7;0;0;1;6;4;A01
201200045661;0;7;0;0;2;8;1;A01
201200045661;0;7;0;0;2;1;10;B01
201200045662;0;7;0;0;2;1;0;A01
201200045662;0;7;0;0;2;5;0;B01
201200045663;0;7;0;0;0;2;16;A01
201200045663;0;1;0;0;0;0;0;B01
201200045664;0;99;0;0;2;2;14;B01
201200045664;0;37;0;0;2;3;13;A01
201200045665;0;7;0;0;2;3;10;A01
201200045665;0;34;0;0;2;1;0;B01
201200045666;0;7;0;0;0;0;0;A01
201200045667;0;7;0;0;1;1;0;A01
201200045668;0;7;0;0;1;1;1;A01
201200045669;0;7;0;0;1;7;1;A01
201200045670;0;10;0;0;1;4;4;A01
201200045671;2;7;0;4;1;2;5;Z01
201200045672;0;37;1;0;2;3;0;A01
201200045672;0;30;0;0;2;7;0;B01
201200045673;0;7;0;0;1;2;1;A01
201200045674;0;7;0;0;2;4;20;A01
201200045674;0;1;0;0;2;1;2;B01
201200045675;0;7;0;0;2;6;11;A01
201200045675;0;7;0;0;2;5;2;B01
201200045675;0;10;0;0;2;3;1;C01
201200045676;0;31;0;0;2;1;1;A01
201200045676;0;7;0;0;2;2;1;B01
201200045677;0;1;0;0;1;1;1;A01
201200045678;0;30;0;0;1;1;1;A01
201200045679;0;7;0;0;2;8;1;Z01
201200045679;0;30;0;0;2;2;1;B01
201200045680;0;2;0;0;2;2;17;A01
201200045680;0;3;0;0;2;3;15;B01
201200045681;0;7;0;0;2;4;1;B01
201200045681;0;7;0;0;2;1;2;A01
201200045682;0;33;0;0;2;1;1;A01
201200045682;0;7;0;0;2;5;20;B01
201200045683;0;7;0;0;2;1;17;A01
201200045683;0;1;0;0;2;8;15;B01
201200045684;1;7;0;0;1;1;1;Z01
201200045685;0;7;0;0;2;8;10;A01
201200045685;0;30;0;0;2;1;1;B01
201200045686;0;33;0;0;2;8;17;B01
201200045686;0;13;0;0;2;2;13;A01
201200045687;0;7;0;15;0;3;1;A01
201200045688;0;7;0;0;1;3;2;A01
201200045689;0;33;0;0;2;1;0;B01
201200045689;0;7;0;0;2;2;9;A01
201200045690;0;10;0;0;2;0;0;A01
201200045690;0;30;0;0;2;0;0;B01
201200045691;0;7;0;0;2;6;9;A01
201200045691;0;34;0;0;2;1;17;B01
201200045692;0;32;0;0;1;1;1;A01
201200045693;0;2;0;0;2;2;17;A01
201200045693;1;7;0;0;2;3;1;B01
201200045694;0;7;0;0;2;1;2;A01
201200045694;0;31;0;0;2;4;1;B01
201200045695;0;7;0;0;0;3;1;A01
201200045695;0;33;0;0;0;7;11;B01
201200045696;0;10;0;0;0;4;1;B01
201200045696;0;7;0;0;2;1;2;A01
201200045697;0;34;0;1;1;2;0;A01
201200045698;0;34;0;0;2;1;0;A01
201200045698;0;7;0;0;0;2;1;B01
201200045699;0;13;0;0;2;1;2;A01
201200045699;0;7;0;0;2;4;23;B01
201200045700;0;1;0;0;2;9;0;B01
201200045700;0;7;0;0;0;1;1;A01
201200045701;0;10;0;1;0;0;24;B01
201200045701;0;34;0;1;0;1;18;A01
201200045702;0;7;0;0;2;1;21;D01
201200045702;0;32;0;0;2;1;2;B01
201200045702;0;7;0;0;2;1;21;A01
201200045702;0;7;0;0;2;8;23;C01
201200045703;0;7;0;0;1;1;2;A01
201200045704;0;7;0;0;2;8;1;B01
201200045704;0;7;0;0;2;1;1;A01
201200045705;0;7;0;0;1;2;15;A01
201200045706;0;7;0;1;0;3;11;A01
201200045707;0;7;0;0;9;1;0;A01
201200045707;0;33;0;0;9;0;0;B01
201200045707;0;1;0;0;2;0;0;C01
201200045708;0;7;0;0;2;4;4;A01
201200045708;0;33;0;0;2;1;23;B01
201200045708;0;7;0;0;2;1;23;C01
201200045709;0;7;0;0;0;4;2;B01
201200045709;0;7;0;0;0;4;0;C01
201200045709;1;7;0;0;0;1;0;Z01
201200045710;0;2;0;0;1;3;2;A01
201200045711;0;7;0;0;0;2;15;A01
201200045711;0;2;0;0;2;2;1;B01
201200045712;0;7;0;0;1;3;1;A01
201200045713;0;30;0;0;2;1;17;B01
201200045713;0;7;0;0;2;6;10;A01
201200045714;0;33;0;0;0;2;2;A01
201200045715;0;30;0;1;2;1;5;A01
201200045715;0;7;0;0;2;8;11;B01
201200045716;0;30;0;0;2;7;0;B01
201200045716;0;7;0;0;2;8;1;A01
201200045717;0;7;0;1;0;6;10;A01
201200045717;0;30;0;1;0;1;1;B01
201200045718;0;7;0;0;2;2;0;B01
201200045718;0;7;0;0;2;1;0;A01
201200045719;0;36;0;1;0;6;0;A01
201200045720;0;7;0;0;2;1;10;A01
201200045720;0;7;0;0;2;1;1;B01
201200045721;0;33;0;0;2;0;0;B01
201200045721;0;7;0;0;2;8;10;A01
201200045722;0;7;0;0;2;3;23;C01
201200045722;0;7;0;0;2;6;2;B01
201200045722;0;10;0;0;2;1;15;A01
201200045723;0;32;0;0;2;1;17;B01
201200045723;0;7;0;0;2;6;15;A01
201200045724;0;32;0;0;2;1;1;B01
201200045724;0;7;0;0;2;3;1;C01
201200045724;0;7;0;0;0;6;10;A01
201200045725;0;7;0;1;2;1;1;B01
201200045725;0;7;0;1;2;7;0;A01
201200045726;0;7;0;0;2;8;16;B01
201200045726;0;10;0;0;2;1;17;A01
201200045727;0;7;0;0;2;2;15;A01
201200045727;0;33;0;0;2;1;0;B01
201200045728;0;7;0;0;1;1;1;A01
201200045729;0;32;0;0;2;7;2;A01
201200045729;0;37;4;0;2;3;2;B01
201200045730;0;7;0;0;1;2;0;A01
201200045731;0;7;0;0;1;2;2;A01
201200045732;0;7;0;0;2;2;19;A01
201200045732;0;32;0;0;2;1;16;B01
201200045733;0;7;0;0;0;4;23;A01
201200045733;1;30;0;0;2;1;2;Z01
201200045734;0;7;0;0;2;1;2;A01
201200045734;0;1;0;0;0;4;2;B01
201200045735;0;7;0;0;2;3;15;A01
201200045735;0;30;0;0;2;2;2;B01
201200045736;0;2;0;0;1;1;2;A01
201200045737;0;32;0;0;2;2;17;B01
201200045737;0;7;0;0;2;3;17;A01
201200045738;0;7;0;0;2;3;6;A01
201200045738;0;32;0;0;2;1;2;B01
201200045739;0;30;0;0;2;1;1;B01
201200045739;1;7;0;0;2;3;9;Z01
201200045740;0;2;0;15;0;3;2;A01
201200045741;0;32;0;0;2;7;1;B01
201200045741;1;7;0;0;2;3;10;Z01
201200045742;0;30;0;0;2;3;0;A01
201200045742;0;7;0;0;2;3;11;B01
201200045743;0;7;0;0;1;3;2;A01
201200045744;0;7;0;0;2;7;20;A01
201200045744;0;31;0;0;2;6;2;B01
201200045745;0;7;0;8;2;8;9;A01
201200045745;0;7;0;0;2;2;1;B01
201200045746;0;32;0;0;2;1;1;A01
201200045746;0;10;0;0;2;5;19;B01
201200045747;0;31;0;0;0;0;0;A01
201200045747;0;7;0;0;0;0;0;B01
201200045748;0;7;0;12;0;1;0;A01
201200045749;0;33;0;0;2;2;1;A01
201200045749;0;7;0;0;2;8;15;B01
201200045750;0;7;0;0;2;1;2;A01
201200045750;0;7;0;0;0;4;23;B01
201200045751;0;33;0;0;0;0;0;B01
201200045751;1;99;0;0;0;0;1;Z01
201200045752;0;2;0;0;2;1;1;B01
201200045752;0;7;0;0;0;0;0;A01
201200045753;0;30;0;0;1;0;1;A01
201200045754;1;7;0;0;0;0;0;B01
201200045754;0;30;0;0;2;1;0;A01
201200045755;0;30;0;0;1;1;1;A01
201200045756;0;34;0;0;1;2;1;A01
201200045757;0;10;0;0;9;8;10;A01
201200045757;0;33;0;0;2;1;2;B01
201200045758;0;30;0;0;2;8;1;B01
201200045758;1;99;0;0;2;0;0;Z01
201200045759;0;7;0;0;1;3;1;A01
201200045760;0;7;0;0;2;1;2;A01
201200045760;0;7;0;0;2;4;2;B01
201200045761;0;7;0;0;2;1;2;A01
201200045761;0;33;0;0;2;4;2;B01
201200045762;0;7;0;1;0;4;16;A01
201200045763;0;33;0;0;0;3;0;A01
201200045763;0;7;0;0;0;2;12;B01
201200045764;0;7;0;0;1;1;1;A01
201200045765;2;7;0;0;2;1;1;A01
201200045765;0;7;0;0;2;3;1;B01
201200045766;0;7;0;0;2;3;17;A01
201200045766;0;30;0;0;1;1;2;B01
201200045767;0;7;0;1;1;2;2;A01
201200045768;0;7;0;1;0;9;0;A01
201200045769;0;7;0;0;2;3;11;B01
201200045769;0;32;0;0;2;1;1;A01
201200045770;0;7;0;0;2;1;5;A01
201200045770;0;7;0;0;2;1;1;B01
201200045771;0;7;0;0;1;8;1;A01
201200045772;0;7;0;0;2;1;2;A01
201200045772;0;7;0;0;2;4;2;B01
201200045773;0;10;0;0;2;1;2;A01
201200045773;0;7;0;0;0;4;23;B01
201200045774;0;7;0;0;1;1;13;A01
201200045775;0;7;0;0;2;8;10;A01
201200045775;0;33;0;0;2;1;17;B01
201200045775;0;34;0;0;2;1;17;C01
201200045776;0;7;0;1;0;8;1;A01
201200045777;0;7;0;0;2;4;0;D01
201200045777;0;7;0;0;2;1;0;A01
201200045777;0;7;0;0;2;3;0;C01
201200045777;0;7;0;0;2;4;0;B01
201200045778;0;10;0;1;0;9;1;A01
201200045778;0;7;0;0;2;1;0;C01
201200045778;0;10;0;0;2;9;0;B01
201200045779;0;7;0;0;1;7;1;A01
201200045780;0;7;0;0;1;2;2;A01
201200045781;0;7;0;0;0;4;2;B01
201200045781;0;32;0;0;2;1;2;A01
201200045782;0;7;0;0;0;1;15;A01
201200045782;0;33;0;0;0;1;1;B01
201200045783;0;7;0;0;0;8;15;A01
201200045783;0;2;0;0;2;1;17;B01
201200045784;0;13;0;0;2;2;1;B01
201200045784;0;7;0;0;0;6;11;A01
201200045785;0;7;0;0;1;1;0;A01
201200045786;0;10;0;0;2;3;9;A01
201200045786;0;33;0;0;2;1;1;B01
201200045787;0;7;0;0;1;1;0;A01
201200045788;0;7;0;0;0;1;0;A01
201200045788;0;33;0;0;0;0;15;B01
201200045789;0;7;0;0;2;1;1;A01
201200045789;0;7;0;0;2;4;1;B01
201200045790;1;7;0;0;0;0;0;B01
201200045790;0;33;0;0;0;8;7;A01
201200045791;0;7;0;0;2;0;0;B01
201200045791;0;7;0;0;2;2;0;A01
201200045792;0;7;0;0;0;0;0;A01
201200045792;0;30;0;0;0;0;0;B01
201200045793;0;34;0;0;2;3;1;B01
201200045793;0;14;0;0;0;7;1;A01
201200045794;0;7;0;0;2;3;23;A01
201200045794;0;30;0;0;0;1;1;B01
201200045795;0;7;0;0;2;1;13;A01
201200045795;0;7;0;0;2;3;21;B01
201200045796;0;32;0;0;2;7;0;B01
201200045796;0;7;0;0;2;1;0;A01
201200045797;0;3;0;8;0;1;2;A01
201200045798;0;7;0;0;2;1;2;A01
201200045798;0;7;0;0;2;6;2;B01
201200045799;0;7;0;0;1;5;1;A01
201200045800;0;32;0;0;2;1;1;A01
201200045800;0;7;0;0;2;3;1;B01
201200045801;0;7;0;6;0;2;1;A01
201200045802;0;7;0;0;2;2;16;B01
201200045802;0;34;0;0;2;2;12;A01
201200045803;0;33;0;0;2;1;1;A01
201200045803;0;10;0;0;2;7;15;B01
201200045804;0;7;0;0;2;2;12;A01
201200045804;0;31;0;0;2;3;18;B01
201200045805;0;1;0;0;2;3;1;A01
201200045805;0;7;0;0;2;2;1;B01
201200045806;0;7;0;0;0;5;2;B01
201200045806;0;33;0;0;2;1;2;A01
201200045807;0;7;0;0;2;3;15;A01
201200045807;0;34;0;0;2;1;2;B01
201200045808;0;37;1;0;2;1;1;B01
201200045808;0;7;0;0;2;8;9;A01
201200045809;0;7;0;12;2;1;6;A01
201200045809;0;7;0;0;2;1;2;B01
201200045810;0;7;0;0;0;1;1;A01
201200045811;0;7;0;0;2;3;2;A01
201200045811;0;7;0;0;2;4;2;B01
201200045811;0;7;0;0;2;4;1;C01
201200045812;0;10;0;0;1;8;1;A01
201200045813;0;7;0;0;2;3;1;B01
201200045813;0;7;0;0;2;1;1;A01
201200045814;0;33;0;1;0;1;0;A01
201200045815;0;7;0;0;1;1;2;A01
201200045816;0;7;0;0;2;3;9;A01
201200045816;0;2;0;0;2;1;1;B01