num_acc;senc;catv;occutc;obs;obsm;choc;manv;num_veh
201200045817;0;7;0;0;2;1;13;A01
201200045817;0;7;0;0;2;1;1;B01
201200045818;0;7;0;0;1;1;1;A01
201200045819;0;7;0;0;1;2;12;A01
201200045820;0;7;0;0;2;2;1;A01
201200045820;0;7;0;0;2;7;15;B01
201200045821;0;7;0;0;0;0;0;A01
201200045822;0;2;0;0;2;1;1;B01
201200045822;0;7;0;0;2;7;1;A01
201200045823;0;7;0;0;1;2;1;A01
201200045824;0;7;0;0;2;6;1;A01
201200045824;0;33;0;0;2;2;16;B01
201200045825;2;7;0;15;0;5;0;A01
201200045826;0;7;0;0;2;3;9;A01
201200045826;0;7;0;0;2;7;2;B01
201200045827;0;2;0;0;0;0;0;A01
201200045827;0;7;0;0;0;0;0;B01
201200045828;0;7;0;2;0;1;1;A01
201200045829;0;7;0;0;1;4;4;A01
201200045830;0;31;0;0;0;0;2;A01
201200045831;0;10;0;0;2;4;2;C01
201200045831;0;10;0;0;2;1;2;A01
201200045831;0;7;0;0;2;4;2;B01
201200045832;1;7;0;0;0;0;0;Z01
201200045832;0;34;0;0;2;1;0;A01
201200045833;0;32;0;1;0;1;1;B01
201200045833;0;7;0;1;0;3;0;A01
201200045834;0;7;0;15;1;2;0;A01
201200045835;0;34;0;0;2;8;1;B01
201200045835;0;7;0;0;2;1;1;A01
201200045836;0;7;0;0;0;0;1;A01
201200045837;0;7;0;0;2;3;9;A01
201200045837;0;32;0;0;0;2;2;B01
201200045838;0;7;0;15;0;1;1;B01
201200045838;0;7;0;0;2;2;15;A01
201200045839;0;7;0;0;2;1;1;A01
201200045839;0;17;0;0;2;8;6;B01
201200045840;0;3;0;0;1;3;1;B01
201200045841;0;7;0;0;2;3;9;A01
201200045841;0;33;0;0;2;1;13;B01
201200045842;0;7;0;0;1;2;0;A01
201200045843;0;7;0;0;0;6;15;B01
201200045843;0;33;0;0;0;1;17;A01
201200045844;0;7;0;0;2;3;1;A01
201200045844;0;7;0;0;2;6;1;B01
201200045845;0;7;0;0;0;0;0;B01
201200045845;0;7;0;0;0;8;0;A01
201200045846;0;7;0;0;2;2;12;A01
201200045846;0;30;0;0;2;1;2;B01
201200045847;0;7;0;0;2;2;1;A01
201200045847;0;7;0;0;2;8;1;B01
201200045848;0;7;0;0;0;3;13;A01
201200045848;0;7;0;0;0;1;21;B01
201200045849;0;10;0;0;0;0;0;A01
201200045849;0;7;0;0;2;1;2;C01
201200045849;0;7;0;0;2;1;2;B01
201200045850;0;2;0;0;2;1;2;A01
201200045850;0;7;0;0;0;4;23;B01
201200045851;0;7;0;0;2;4;2;B01
201200045851;0;7;0;0;2;1;2;A01
201200045852;0;7;0;0;2;8;2;B01
201200045852;0;7;0;0;2;1;2;A01
201200045853;0;7;0;0;2;1;1;A01
201200045853;0;7;0;0;;4;1;B01
201200045854;0;7;0;0;1;3;1;A01
201200045855;2;7;0;15;0;1;0;A01
201200045856;0;7;0;0;2;1;2;A01
201200045856;0;7;0;0;0;4;2;B01
201200045857;0;7;0;0;1;2;1;A01
201200045858;0;7;0;0;2;3;1;A01
201200045858;0;2;0;0;2;1;0;B01
201200045859;0;7;0;0;2;8;3;B01
201200045859;0;7;0;0;2;8;3;A01
201200045860;0;30;0;0;2;1;1;A01
201200045860;0;7;0;0;2;2;15;B01
201200045861;0;33;0;0;2;1;0;A01
201200045861;0;7;0;0;2;2;0;B01
201200045862;0;7;0;0;0;7;1;B01
201200045862;0;7;0;0;2;1;1;A01
201200045863;0;7;0;0;0;7;0;B01
201200045863;0;7;0;0;0;1;0;A01
201200045864;0;7;0;0;1;3;1;A01
201200045865;0;7;0;0;2;4;2;B01
201200045865;0;7;0;0;2;1;2;A01
201200045866;0;7;0;0;2;3;15;B01
201200045866;1;2;0;0;2;1;17;A01
201200045867;0;7;0;0;0;1;1;A01
201200045868;0;7;0;8;0;1;2;A01
201200045868;0;7;0;0;0;0;19;B01
201200045869;0;33;0;12;2;3;9;A01
201200045869;0;7;0;0;0;8;0;B01
201200045870;0;7;0;12;0;1;1;A01
201200045871;0;7;0;9;0;1;16;A01
201200045872;0;7;0;0;2;2;2;A01
201200045872;0;7;0;0;0;6;2;B01
201200045873;0;3;0;0;2;1;1;A01
201200045873;0;3;0;0;0;4;1;B01
201200045874;0;7;0;0;0;4;1;A01
201200045874;0;7;0;0;0;1;2;B01
201200045875;0;10;0;0;2;1;1;A01
201200045875;0;7;0;0;0;4;2;B01
201200045876;0;7;0;15;0;2;14;A01
201200045877;0;36;0;2;0;1;0;A01
201200045878;0;7;0;0;0;8;9;A01
201200045878;0;7;0;0;0;7;1;B01
201200045879;0;7;0;0;0;3;9;A01
201200045879;0;31;0;0;0;1;1;B01
201200045880;0;33;0;0;2;8;0;A01
201200045880;1;7;0;0;0;0;0;B01
201200045881;0;7;0;0;1;3;1;A01
201200045882;0;2;0;0;2;1;1;A01
201200045882;0;7;0;0;2;5;15;B01
201200045883;0;7;0;0;2;4;2;A01
201200045883;0;7;0;0;2;4;2;B01
201200045884;0;7;0;0;1;3;15;A01
201200045885;0;7;0;0;1;1;2;A01
201200045886;0;7;0;0;1;2;5;A01
201200045887;0;10;0;0;0;1;10;A01
201200045887;0;10;0;0;0;8;1;B01
201200045888;0;7;0;6;0;0;0;A01
201200045889;0;7;0;0;2;1;0;A01
201200045889;0;7;0;0;2;2;24;D01
201200045889;0;7;0;0;2;2;24;C01
201200045889;0;7;0;0;0;1;23;B01
201200045890;0;7;0;0;0;1;1;A01
201200045890;0;7;0;0;0;4;1;B01
201200045891;2;7;0;0;2;1;0;A01
201200045891;0;7;0;0;2;4;0;B01
201200045891;0;7;0;0;2;4;0;C01
201200045892;0;7;0;0;2;2;0;B01
201200045892;0;7;0;0;0;0;0;A01
201200045893;0;7;0;0;2;3;15;A01
201200045893;0;7;0;0;2;3;1;B01
201200045894;0;30;0;0;2;1;2;A01
201200045894;0;7;0;0;2;7;1;B01
201200045895;0;7;0;0;1;3;1;A01
201200045896;1;7;0;0;1;8;1;Z01
201200045897;0;38;23;0;1;7;16;A01
201200045898;0;7;0;0;2;3;1;B01
201200045898;0;1;0;0;2;1;1;A01
201200045899;0;7;0;1;0;3;21;A01
201200045899;0;7;0;0;2;5;24;B01
201200045900;0;10;0;0;1;1;1;A01
201200045901;0;7;0;0;1;3;1;A01
201200045902;0;10;0;0;0;6;1;A01
201200045902;0;7;0;0;0;1;1;B01
201200045903;0;7;0;0;2;8;1;B01
201200045903;0;7;0;0;2;1;1;A01
201200045904;0;7;0;0;2;3;1;A01
201200045904;0;7;0;0;2;6;19;B01
201200045905;0;2;0;0;1;1;1;A01
201200045906;0;7;0;0;2;3;15;B01
201200045906;0;30;0;0;2;2;17;A01
201200045907;0;1;0;0;2;6;0;B01
201200045907;0;7;0;0;9;1;0;A01
201200045908;0;1;0;14;0;1;2;B01
201200045908;0;7;0;0;9;3;1;A01
201200045909;0;7;0;0;1;1;1;A01
201200045910;0;7;0;0;0;4;1;A01
201200045910;0;2;0;0;2;1;2;B01
201200045911;1;10;0;0;9;0;2;A01
201200045911;0;1;0;0;2;1;2;B01
201200045912;0;33;0;0;2;1;1;B01
201200045912;0;7;0;0;2;7;15;A01
201200045913;0;7;0;0;1;1;1;A01
201200045914;0;30;0;0;2;7;1;A01
201200045914;1;10;0;0;2;1;9;B01
201200045915;0;7;0;0;1;1;1;A01
201200045916;0;7;0;0;1;2;9;A01
201200045917;0;3;0;0;1;2;1;A01
201200045918;0;10;0;0;2;8;15;B01
201200045918;0;31;0;0;2;1;0;A01
201200045919;0;1;0;1;2;6;19;B01
201200045919;0;7;0;1;9;3;2;A01
201200045920;0;7;0;0;2;3;0;A01
201200045920;0;7;0;0;2;6;0;B01
201200045921;0;7;0;0;2;1;1;B01
201200045921;0;30;0;0;2;7;1;A01
201200045922;0;10;0;0;2;7;15;A01
201200045922;0;7;0;0;2;1;1;B01
201200045923;0;10;0;0;2;3;9;A01
201200045923;0;30;0;0;2;2;2;B01
201200045924;0;7;0;0;2;2;21;C01
201200045924;0;10;0;0;2;1;1;A01
201200045924;0;7;0;0;2;4;15;B01
201200045925;0;30;0;0;2;1;1;A01
201200045925;0;33;0;0;2;3;15;B01
201200045926;0;37;10;0;2;2;1;A01
201200045926;0;7;0;0;2;3;9;A02
201200045927;0;37;33;0;1;5;0;A01
201200045928;0;33;0;0;0;1;1;B01
201200045928;0;7;0;0;0;1;15;A01
201200045929;0;33;0;0;1;3;1;A01
201200045930;0;7;0;0;0;2;15;B01
201200045930;2;7;0;0;0;1;2;A01
201200045931;0;7;0;0;0;3;15;B01
201200045931;0;15;0;0;0;3;2;A01
201200045932;0;30;0;0;0;0;0;A01
201200045933;0;7;0;0;1;1;1;A01
201200045934;0;7;0;0;2;5;10;A01
201200045934;0;2;0;0;2;1;19;B01
201200045935;0;7;0;0;1;1;15;A01
201200045936;0;7;0;16;0;2;20;A01
201200045937;0;7;0;0;1;1;1;A01
201200045938;0;7;0;0;1;2;1;A01
201200045939;0;7;0;0;0;1;13;A01
201200045939;0;30;0;0;0;1;1;B01
201200045940;0;30;0;0;2;1;1;B01
201200045940;0;7;0;0;2;1;15;A01
201200045941;0;7;0;0;1;3;1;A01
201200045942;0;7;0;0;2;5;13;A01
201200045942;0;7;0;0;2;1;1;B01
201200045943;1;7;0;0;2;1;2;A01
201200045943;0;7;0;0;2;4;23;C01
201200045943;0;7;0;0;2;4;23;B01
201200045944;0;7;0;4;0;1;1;A01
201200045945;0;7;0;2;0;3;1;A01
201200045946;0;14;0;0;2;1;2;A01
201200045946;0;7;0;0;2;4;1;B01
201200045947;0;7;0;0;2;4;2;B01
201200045947;0;7;0;0;2;4;1;C01
201200045947;0;7;0;0;2;1;2;A01
201200045948;0;7;0;0;1;3;1;A01
201200045949;0;7;0;0;2;1;15;A01
201200045949;0;14;0;0;2;8;1;B01
201200045950;0;7;0;8;0;3;0;A01
201200045951;0;7;0;0;0;1;2;A01
201200045951;0;7;0;0;0;4;2;B01
201200045952;0;7;0;0;1;1;1;A01
201200045953;0;7;0;0;2;0;15;A01
201200045953;0;33;0;0;2;0;21;B01
201200045954;0;7;0;0;1;3;1;A01
201200045955;0;34;0;0;2;1;2;A01
201200045955;0;7;0;0;2;4;1;B01
201200045956;0;7;0;0;2;4;23;B01
201200045956;0;7;0;0;2;1;1;A01
201200045957;0;7;0;2;2;1;21;B01
201200045957;0;7;0;0;2;6;9;A01
201200045958;0;2;0;0;0;8;1;A01
201200045959;0;7;0;0;2;1;1;B01
201200045959;0;7;0;0;2;2;15;A01
201200045960;0;33;0;0;0;2;17;A01
201200045960;0;7;0;0;0;3;13;B01
201200045961;0;7;0;4;0;1;6;A01
201200045962;0;7;0;0;1;7;1;A01
201200045963;0;2;0;9;0;1;1;A01
201200045964;0;7;0;0;1;1;19;A01
201200045965;0;33;0;0;2;7;17;A01
201200045965;0;7;0;0;2;3;9;B01
201200045966;0;7;0;0;2;1;1;B01
201200045966;0;7;0;0;2;2;11;A01
201200045966;0;7;0;0;2;3;2;C01
201200045967;0;7;0;16;0;0;1;A01
201200045968;0;7;0;0;2;1;17;A01
201200045968;0;7;0;0;2;4;0;B01
201200045969;0;31;0;0;0;8;1;A01
201200045970;0;7;0;0;2;8;5;A01
201200045970;0;15;0;0;2;1;1;B01
201200045971;0;33;0;0;0;8;21;A01
201200045972;0;33;0;0;2;1;1;B01
201200045972;0;7;0;0;2;5;15;A01
201200045973;0;33;0;0;2;7;17;A01
201200045973;0;15;0;0;2;3;1;B01
201200045974;0;10;0;0;2;3;1;C01
201200045974;0;7;0;0;2;6;11;A01
201200045974;0;31;0;0;2;1;3;B01
201200045975;0;7;0;14;1;2;2;A01
201200045976;0;7;0;0;2;1;2;A01
201200045976;0;7;0;0;2;4;2;B01
201200045977;0;7;0;0;1;3;1;A01
201200045978;0;7;0;0;1;1;17;A01
201200045979;0;33;0;0;2;1;1;B01
201200045979;0;7;0;0;2;3;15;A01
201200045980;0;7;0;0;1;2;1;A01
201200045981;0;7;0;0;1;1;1;A01
201200045982;0;7;0;0;9;4;9;A01
201200045982;0;2;0;0;2;1;1;B01
201200045983;0;7;0;0;2;8;0;A01
201200045983;0;30;0;0;0;1;0;B01
201200045984;0;7;0;0;2;7;6;A01
201200045984;0;7;0;0;2;3;1;C01
201200045984;0;7;0;0;2;1;1;B01
201200045985;0;14;0;0;2;1;1;B01
201200045985;0;7;0;0;2;2;15;A01
201200045986;0;7;0;0;1;4;4;A01
201200045987;0;30;0;0;2;3;2;A01
201200045987;0;7;0;0;2;5;1;B01
201200045988;1;7;0;0;1;0;0;A01
201200045989;0;7;0;4;0;1;1;A01
201200045990;0;32;0;0;0;7;2;A01
201200045991;0;7;0;0;1;1;15;A01
201200045992;0;7;0;14;2;7;5;A01
201200045992;0;7;0;0;2;1;1;B01
201200045993;0;7;0;4;0;7;1;A01
201200045994;0;7;0;0;2;1;2;A01
201200045994;0;7;0;0;2;9;2;B01
201200045994;0;7;0;0;2;4;1;C01
201200045995;0;7;0;0;2;5;1;B01
201200045995;0;7;0;0;2;1;1;A01
201200045996;0;7;0;1;0;2;1;A01
201200045997;0;7;0;0;2;8;9;A01
201200045997;0;7;0;0;2;3;1;B01
201200045998;0;30;0;0;2;1;2;A01
201200045998;0;7;0;0;0;5;23;B01
201200045999;0;7;0;0;1;2;15;A01
201200046000;0;31;0;0;2;3;1;B01
201200046000;0;7;0;0;2;2;15;A01
201200046001;0;33;0;0;2;1;15;A01
201200046001;0;7;0;0;2;8;1;B01
201200046002;1;10;0;0;1;6;1;Z01
201200046003;0;31;0;0;0;3;1;A01
201200046004;0;33;0;0;2;1;1;B01
201200046004;0;7;0;0;2;2;15;A01
201200046005;0;10;0;0;2;1;1;B01
201200046005;0;7;0;0;2;8;15;A01
201200046006;0;32;0;0;6;3;1;A01
201200046007;0;7;0;0;2;7;16;A01
201200046007;0;31;0;0;2;1;1;B01
201200046008;0;37;1;0;2;7;1;A01
201200046008;0;2;0;0;2;1;0;B01
201200046009;0;10;0;0;1;3;1;A01
201200046010;0;7;0;0;1;2;1;A01
201200046011;0;37;1;0;1;2;1;A01
201200046012;0;7;0;0;1;1;16;A01
201200046013;0;33;0;0;2;2;17;B01
201200046013;0;31;0;0;2;8;15;A01
201200046014;0;33;0;0;2;1;2;A01
201200046014;0;7;0;0;2;4;2;B01
201200046015;0;7;0;13;0;1;1;A01
201200046016;0;7;0;0;1;2;15;A01
201200046017;0;7;0;0;2;7;15;A01
201200046017;0;33;0;0;2;1;1;B01
201200046018;0;7;0;0;2;4;23;B01
201200046018;0;7;0;0;2;1;1;A01
201200046019;0;34;0;0;2;1;16;B01
201200046019;0;10;0;0;2;2;15;A01
201200046020;0;10;0;0;1;1;19;A01
201200046021;0;7;0;0;1;3;1;A01
201200046022;0;7;0;0;2;1;1;C01
201200046022;0;7;0;0;2;1;1;B01
201200046022;0;7;0;0;2;1;13;A01
201200046023;0;7;0;0;2;2;1;A01
201200046023;0;1;0;0;2;8;19;B01
201200046024;1;7;0;0;2;3;9;B01
201200046024;0;33;0;0;2;2;2;A01
201200046025;0;7;0;0;2;3;1;B01
201200046025;0;7;0;0;2;3;17;A01
201200046026;0;33;0;10;2;3;3;B01
201200046026;0;7;0;0;2;2;12;A01
201200046027;0;7;0;0;2;1;1;A01
201200046027;0;37;1;0;2;3;1;B01
201200046028;0;7;0;0;1;7;1;A01
201200046029;0;7;0;0;2;5;15;A01
201200046029;0;33;0;0;2;2;1;B01
201200046030;0;31;0;0;2;1;2;B01
201200046030;0;7;0;0;2;5;0;A01
201200046031;0;2;0;0;2;1;2;A01
201200046031;0;14;0;0;0;6;2;B01
201200046032;0;7;0;0;0;0;0;B01
201200046032;0;33;0;8;0;3;21;A01
201200046033;0;7;0;0;1;3;1;A01
201200046034;0;7;0;0;2;4;23;A01
201200046034;0;7;0;1;0;1;2;B01
201200046035;0;2;0;0;2;7;17;B01
201200046035;0;7;0;0;2;1;15;A01
201200046036;0;7;0;0;2;1;2;A01
201200046036;0;7;0;0;2;4;1;B01
201200046037;0;7;0;0;2;1;1;B01
201200046037;0;33;0;0;2;1;13;A01
201200046038;0;7;0;0;2;1;9;A01
201200046038;0;7;0;0;2;5;1;B01
201200046039;0;7;0;0;1;0;1;A01
201200046040;0;7;0;0;2;1;1;C01
201200046040;0;7;0;0;2;1;15;B01
201200046040;0;14;0;0;2;1;1;A01
201200046041;0;7;0;0;2;1;1;B01
201200046041;0;34;0;0;2;1;13;A01
201200046042;0;7;0;15;0;1;1;A01
201200046043;0;7;0;0;2;4;1;C01
201200046043;0;7;0;0;2;1;1;B01
201200046043;0;7;0;0;2;1;1;A01
201200046044;0;34;0;0;2;1;17;A01
201200046044;0;7;0;0;2;3;9;B01
201200046045;0;7;0;0;1;1;1;A01
201200046046;0;7;0;14;2;1;2;A01
201200046046;0;7;0;0;2;4;23;C01
201200046046;0;7;0;14;2;4;23;B01
201200046047;0;32;0;0;0;0;1;A01
201200046048;0;33;0;0;2;1;1;B01
201200046048;0;7;0;0;2;3;9;A01
201200046049;0;2;0;0;2;2;1;B01
201200046049;0;7;0;0;2;6;15;A01
201200046050;0;7;0;0;2;3;15;B01
201200046050;0;10;0;0;2;1;0;A01
201200046050;0;7;0;0;2;3;16;C01
201200046051;0;7;0;13;0;1;0;A01
201200046052;0;2;0;0;2;1;2;A01
201200046052;0;7;0;0;2;4;2;B01
201200046053;0;7;0;0;2;1;16;B01
201200046053;0;33;0;0;2;8;15;A01
201200046054;0;2;0;0;0;0;2;A01
201200046055;0;7;0;0;2;1;11;A01
201200046055;0;14;0;0;2;3;1;B01
201200046056;0;7;0;0;2;3;15;B01
201200046056;0;30;0;0;2;1;17;A01
201200046057;0;7;0;0;2;3;15;B01
201200046057;0;33;0;0;2;1;1;A01
201200046058;0;7;0;0;1;1;1;B01
201200046059;0;10;0;0;2;0;15;A01
201200046059;0;33;0;0;0;0;1;B01
201200046060;0;7;0;2;0;1;13;A01
201200046061;0;7;0;0;0;6;9;A01
201200046061;0;37;0;0;2;2;1;B01
201200046062;0;10;0;0;2;1;1;A01
201200046062;0;33;0;0;2;8;1;B01
201200046063;0;31;0;14;2;1;2;A01
201200046063;0;14;0;0;2;3;2;B01
201200046064;0;37;5;0;1;7;16;A01
201200046065;0;2;0;0;2;8;11;A01
201200046065;0;7;0;0;2;2;2;B01
201200046066;0;7;0;0;2;1;2;A01
201200046066;0;7;0;0;0;4;0;B01
201200046067;0;31;0;0;2;3;1;A01
201200046067;0;37;0;0;2;8;1;B01
201200046068;0;30;0;0;1;1;1;A01
201200046069;0;30;0;0;1;1;1;A01
201200046070;0;33;0;0;1;2;17;A01
201200046071;0;10;0;0;1;3;1;A01
201200046072;0;13;0;0;2;1;2;A01
201200046072;0;7;0;0;2;4;1;B01
201200046073;0;7;0;0;1;4;4;A01
201200046074;0;7;0;1;0;1;1;A01
201200046074;0;7;0;7;2;2;24;B01
201200046075;0;7;0;0;2;3;1;B01
201200046075;0;7;0;0;2;2;15;A01
201200046076;0;10;0;0;2;4;24;A01
201200046076;2;7;0;0;2;1;1;B01
201200046077;0;30;0;0;2;8;17;B01
201200046077;0;7;0;0;2;3;15;A01
201200046078;0;7;0;0;1;1;1;A01
201200046079;0;7;0;0;1;1;17;A01
201200046080;0;10;0;0;1;1;1;A01
201200046081;0;7;0;0;2;1;13;A01
201200046081;0;7;0;0;2;1;1;B01
201200046082;0;10;0;0;2;1;1;B01
201200046082;0;7;0;0;2;7;1;A01
201200046083;0;2;0;0;2;1;2;A01
201200046083;0;10;0;0;2;4;1;B01
201200046084;0;7;0;0;2;1;1;A01
201200046084;0;7;0;0;2;8;1;B01
201200046085;0;34;0;0;2;1;1;B01
201200046085;0;7;0;0;2;2;15;A01
201200046086;0;7;0;0;1;4;4;A01
201200046087;0;7;0;0;1;4;4;A01
201200046088;0;7;0;0;2;3;1;B01
201200046088;0;7;0;0;2;1;1;A01
201200046089;0;7;0;0;2;2;1;A01
201200046089;0;7;0;0;2;8;1;B01
201200046090;0;7;0;0;2;7;15;A01
201200046090;0;33;0;0;2;1;1;B01
201200046091;0;7;0;0;2;3;15;A01
201200046091;0;2;0;0;2;1;17;B01
201200046092;0;7;0;0;2;1;2;A01
201200046092;0;7;0;0;2;4;1;C01
201200046092;0;7;0;0;2;1;2;B01
201200046093;0;7;0;0;1;1;15;A01
201200046094;0;7;0;0;2;1;2;A01
201200046094;0;7;0;0;2;4;1;B01
201200046095;0;33;0;0;2;1;2;B01
201200046095;0;7;0;0;2;4;1;A01
201200046096;1;30;0;0;1;1;1;A01
201200046097;0;7;0;0;2;3;20;A01
201200046097;0;30;0;0;2;7;1;B01
201200046098;0;7;0;0;2;1;1;A01
201200046098;0;7;0;0;2;7;1;B01
201200046099;0;7;0;0;1;1;10;A01
201200046100;0;7;0;0;1;1;1;A01
201200046101;0;7;0;0;1;1;1;A01
201200046102;0;33;0;0;2;2;1;A01
201200046102;0;7;0;0;2;4;1;B01
201200046103;1;7;0;0;2;3;15;A01
201200046103;0;30;0;0;2;1;1;B01
201200046104;0;7;0;0;2;3;1;A01
201200046104;0;32;0;0;2;1;1;B01
201200046105;0;7;0;1;0;1;0;A01
201200046106;0;7;0;0;2;3;1;A01
201200046106;0;7;0;0;2;3;1;B01
201200046107;0;30;0;0;2;1;1;B01
201200046107;1;7;0;0;2;0;10;A01
201200046108;0;33;0;0;2;8;1;B01
201200046108;0;7;0;0;2;3;1;A01
201200046109;0;7;0;0;1;4;20;A01
201200046110;0;7;0;0;2;3;1;B01
201200046110;0;30;0;0;2;2;1;A01
201200046111;0;31;0;0;2;1;2;B01
201200046111;0;7;0;0;2;2;2;A01
201200046112;0;7;0;0;0;4;2;C01
201200046112;0;7;0;0;2;4;2;B01
201200046112;0;15;0;0;2;1;2;A01
201200046113;0;7;0;0;0;4;23;B01
201200046113;0;7;0;0;2;1;23;A01
201200046114;0;7;0;0;2;3;9;A01
201200046114;0;7;0;8;2;2;1;B01
201200046115;0;33;0;8;0;1;1;A01
201200046116;0;7;0;0;2;3;1;A01
201200046116;0;13;0;0;2;6;1;B01
201200046116;0;7;0;0;2;2;1;C01
201200046117;0;14;0;0;2;5;2;A01
201200046117;0;2;0;0;2;8;2;B01
201200046118;0;33;0;0;2;3;17;A01
201200046118;0;7;0;0;2;3;15;B01
201200046119;0;7;0;0;1;2;1;A01
201200046120;0;7;0;0;2;2;14;A01
201200046120;0;2;0;0;2;1;1;B01
201200046121;0;7;0;0;1;2;1;A01
201200046122;0;7;0;0;2;2;1;A01
201200046122;0;34;0;0;2;6;1;B01
201200046123;0;7;0;0;1;3;1;A01
201200046124;0;7;0;0;2;1;1;B01
201200046124;0;7;0;0;2;1;1;A01
201200046124;0;7;0;0;2;4;1;C01
201200046125;0;30;0;0;2;1;1;A01
201200046125;0;1;0;0;2;1;1;B01
201200046126;0;30;0;0;2;0;1;B01
201200046126;0;7;0;0;2;5;15;A01
201200046127;0;7;0;0;0;5;16;A01
201200046127;0;33;0;0;2;1;2;B01
201200046128;0;7;0;0;2;6;15;A01
201200046128;0;32;0;0;2;1;0;B01
201200046129;0;7;0;0;2;2;10;A01
201200046129;0;34;0;0;2;2;1;B01
201200046130;0;7;0;0;1;3;1;A01
201200046131;0;7;0;0;1;0;1;A01
201200046132;0;34;0;0;1;1;1;A01
201200046133;0;7;0;2;0;1;17;A01
201200046134;0;2;0;0;2;0;1;B01
201200046135;0;7;0;0;2;2;17;A01
201200046136;0;7;0;0;2;1;2;A01
201200046136;0;7;0;0;2;4;2;B01
201200046136;0;7;0;0;2;4;2;C01
201200046137;0;7;0;0;1;1;2;A01
201200046138;0;7;0;0;2;3;2;A01
201200046138;0;33;0;0;2;7;2;B01
201200046139;0;30;0;0;2;1;1;B01
201200046139;0;14;0;0;0;8;4;A01
201200046140;0;33;0;1;2;1;1;B01
201200046140;0;7;0;0;2;3;0;A01
201200046141;0;7;0;0;2;1;1;B01
201200046141;0;7;0;0;2;2;10;A01
201200046142;0;7;0;0;1;2;2;A01
201200046143;0;7;0;0;1;1;0;A01
201200046144;0;7;0;0;2;1;1;A01
201200046144;0;2;0;0;0;0;0;B01
201200046145;0;7;0;0;1;0;20;A01
201200046146;0;7;0;0;1;2;1;A01
201200046147;0;7;0;0;0;1;10;A01
201200046147;0;7;0;0;0;0;0;B01
201200046148;0;7;0;0;2;3;5;A01
201200046148;0;7;0;0;2;3;0;B01
201200046149;0;7;0;0;2;6;0;B01
201200046149;1;7;0;0;2;1;0;A01
201200046150;1;10;0;0;1;2;0;A01
201200046151;0;10;0;0;1;4;4;A01
201200046152;1;7;0;0;2;7;4;Z01
201200046152;0;30;0;0;2;1;1;B01
201200046153;0;30;0;0;2;1;0;B01
201200046153;0;7;0;0;2;3;0;A01
201200046154;0;7;0;0;2;8;0;B01
201200046154;0;33;0;0;2;1;0;A01
201200046155;0;7;0;0;1;1;0;A01
201200046156;0;10;0;0;2;2;2;A01
201200046156;0;7;0;0;2;5;1;B01
201200046157;0;7;0;3;2;3;1;B01
201200046157;0;7;0;0;2;3;1;C01
201200046157;0;7;0;0;2;2;17;A01
201200046158;0;7;0;1;0;7;24;C01
201200046158;0;7;0;1;0;5;24;B01
201200046158;0;7;0;1;0;3;1;A01
201200046159;0;7;0;0;0;4;2;B01
201200046159;0;7;0;0;2;1;2;A01
201200046160;0;7;0;0;2;1;0;A01
201200046160;0;7;0;0;0;3;0;B01
201200046161;1;7;0;1;0;4;0;A01
201200046161;0;31;0;0;2;1;1;B01
201200046162;0;7;0;0;2;2;2;A01
201200046162;0;33;0;0;2;2;1;B01
201200046163;0;7;0;0;2;4;23;A01
201200046163;0;7;0;0;2;4;2;B01
201200046163;0;7;0;0;2;1;2;C01
201200046164;0;33;0;0;2;0;0;A01
201200046164;0;7;0;0;0;0;0;B01
201200046165;0;7;0;0;2;1;1;B01
201200046165;0;30;0;0;0;1;0;A01
201200046166;0;7;0;0;2;6;19;A01
201200046166;0;33;0;0;2;1;1;B01
201200046167;0;7;0;0;2;1;0;A01
201200046167;0;7;0;0;2;1;0;B01
201200046168;0;7;0;0;1;1;0;A01
201200046169;0;7;0;14;0;9;1;A01
201200046170;0;7;0;0;2;3;15;A01
201200046170;0;7;0;0;2;1;1;B01
201200046171;0;30;0;14;0;8;2;A01
201200046171;0;7;0;0;2;7;23;B01
201200046172;0;30;0;0;1;1;0;A01
201200046173;0;7;0;0;0;0;0;B01
201200046173;0;30;0;0;2;0;0;A01
201200046174;0;7;0;0;2;1;15;A01
201200046174;0;33;0;0;2;1;1;B01
201200046175;0;7;0;0;2;0;0;B01
201200046175;0;33;0;0;2;0;0;A01
201200046176;0;7;0;0;2;2;15;A01
201200046176;0;33;0;0;2;2;1;B01
201200046177;0;7;0;0;2;8;17;B01
201200046177;0;34;0;0;2;7;17;A01
201200046178;1;7;0;0;1;1;1;A01
201200046179;0;7;0;0;2;0;2;B01
201200046179;0;7;0;0;2;0;2;A01
201200046179;0;7;0;0;2;0;0;C01
201200046179;0;7;0;0;0;4;2;D01
201200046180;0;7;0;0;1;1;0;A01
201200046181;0;34;0;0;2;1;17;A01
201200046181;0;7;0;0;2;3;15;B01
201200046182;0;34;0;0;2;1;1;A01
201200046182;0;7;0;0;2;3;15;B01
201200046183;0;7;0;0;0;1;0;B01
201200046183;0;7;0;0;0;4;0;A01
201200046184;0;7;0;0;2;1;12;B01
201200046184;0;7;0;0;2;2;15;A01
201200046185;0;7;0;1;2;1;1;A01
201200046185;0;7;0;0;2;2;1;B01
201200046186;0;7;0;0;1;1;2;A01
201200046187;0;7;0;0;2;3;1;A01
201200046187;0;33;0;0;2;2;1;B01
201200046188;0;2;0;0;2;1;1;A01
201200046188;0;7;0;0;2;2;17;B01
201200046189;0;7;0;0;2;6;0;B01