num_acc;senc;catv;occutc;obs;obsm;choc;manv;num_veh
201200046189;0;7;0;0;2;2;0;A01
201200046190;0;7;0;0;2;8;1;B01
201200046190;0;30;0;0;2;1;1;A01
201200046191;0;7;0;0;2;0;0;A01
201200046191;0;33;0;0;2;0;0;B01
201200046192;0;7;0;0;2;3;10;A01
201200046192;0;31;0;0;2;2;1;B01
201200046193;0;30;0;0;2;1;0;A01
201200046193;0;7;0;0;2;6;0;B01
201200046194;0;30;0;0;2;1;0;A01
201200046194;0;7;0;0;2;6;0;B01
201200046195;0;13;0;0;2;3;2;B01
201200046195;0;7;0;14;0;3;5;A01
201200046196;2;7;0;0;0;4;0;B01
201200046196;0;7;0;0;2;1;0;A01
201200046197;0;33;0;0;2;2;1;B01
201200046197;0;7;0;0;2;2;10;A01
201200046198;0;30;0;0;2;1;0;A01
201200046198;0;7;0;0;2;3;0;B01
201200046199;1;7;0;0;2;0;1;A01
201200046199;0;30;0;0;2;3;16;B01
201200046200;0;7;0;0;2;3;15;B01
201200046200;0;30;0;0;2;1;1;A01
201200046201;0;7;0;0;1;1;0;A01
201200046202;0;34;0;0;1;1;2;A01
201200046203;1;7;0;0;1;1;0;Z01
201200046204;0;34;0;0;2;1;1;B01
201200046204;0;7;0;0;2;1;10;A01
201200046205;0;7;0;0;2;6;0;A01
201200046205;0;7;0;0;2;6;0;B01
201200046206;0;7;0;0;2;2;15;A01
201200046206;0;34;0;0;2;3;1;B01
201200046207;0;7;0;0;1;1;20;A01
201200046208;0;7;0;0;2;3;0;A01
201200046208;0;7;0;0;2;4;0;B01
201200046209;0;7;0;0;1;5;4;A01
201200046210;0;7;0;0;2;1;1;A01
201200046210;0;7;0;0;2;3;1;B01
201200046211;0;7;0;0;1;4;0;A01
201200046212;0;7;0;0;2;4;0;B01
201200046212;0;7;0;0;2;0;0;C01
201200046212;0;7;0;0;2;1;0;A01
201200046213;0;33;0;0;1;2;0;A01
201200046214;0;7;0;0;2;7;10;A01
201200046214;0;33;0;0;2;1;1;B01
201200046215;0;7;0;4;0;9;1;A01
201200046216;0;33;0;0;2;1;2;A01
201200046216;0;7;0;0;2;4;1;B01
201200046217;0;7;0;0;2;7;10;A01
201200046217;0;33;0;0;2;1;1;B01
201200046218;0;30;0;1;0;1;1;A01
201200046219;0;10;0;0;2;3;2;A01
201200046219;0;33;0;0;2;6;1;B01
201200046220;0;30;0;0;2;1;1;A01
201200046220;0;7;0;0;2;8;10;B01
201200046221;0;3;0;8;0;2;1;A01
201200046222;0;7;0;0;1;1;1;A01
201200046223;0;7;0;0;1;1;1;A01
201200046224;0;7;0;0;1;1;1;A01
201200046225;0;7;0;0;2;3;15;A01
201200046225;0;32;0;0;2;8;1;B01
201200046226;0;7;0;0;2;6;23;B01
201200046226;0;33;0;0;2;2;11;A01
201200046227;0;32;0;0;2;5;1;A01
201200046227;0;7;0;0;2;4;2;B01
201200046228;0;7;0;0;2;6;15;B01
201200046228;0;2;0;0;2;6;17;A01
201200046229;0;37;1;0;1;2;1;A01
201200046230;2;7;0;0;2;1;2;A01
201200046230;0;7;0;0;2;4;16;B01
201200046231;0;32;0;0;2;4;1;B01
201200046231;0;7;0;0;2;1;2;A01
201200046232;0;2;0;0;1;1;5;A01
201200046233;0;1;0;0;2;1;5;A01
201200046233;0;7;0;0;9;2;9;B01
201200046234;0;7;0;0;2;3;13;A01
201200046234;0;34;0;0;2;7;17;B01
201200046235;2;10;0;0;2;2;1;B01
201200046235;0;34;0;0;2;3;11;A01
201200046236;0;7;0;0;2;3;15;A01
201200046236;0;33;0;0;2;8;1;B02
201200046237;1;7;0;0;2;7;14;A01
201200046237;0;2;0;0;2;3;18;B01
201200046238;0;7;0;0;0;4;2;C01
201200046238;0;7;0;0;2;1;2;A01
201200046238;0;7;0;0;2;4;2;B01
201200046239;0;7;0;0;2;3;13;A01
201200046239;0;31;0;0;2;7;17;B01
201200046240;0;7;0;0;0;2;15;A01
201200046240;0;7;0;0;0;1;2;B01
201200046241;0;7;0;0;0;2;2;B01
201200046241;0;31;0;0;2;8;2;A01
201200046242;0;7;0;1;0;3;2;A01
201200046243;0;7;0;0;2;8;1;B01
201200046243;0;7;0;0;2;1;1;A01
201200046244;0;7;0;0;1;5;23;A01
201200046245;0;7;0;0;1;2;0;A01
201200046246;0;33;0;0;5;7;1;A01
201200046247;0;7;0;0;2;5;4;A01
201200046247;0;31;0;0;2;1;0;B01
201200046248;0;7;0;0;0;3;9;A01
201200046248;0;7;0;0;2;2;1;B01
201200046249;0;7;0;0;2;2;1;B01
201200046249;0;7;0;0;0;7;11;A01
201200046250;0;7;0;0;0;3;13;A01
201200046251;0;33;0;0;0;3;2;B01
201200046251;0;15;0;0;2;5;0;A01
201200046252;0;7;0;0;2;0;20;A01
201200046252;0;30;0;0;2;8;21;B01
201200046253;0;7;0;0;0;7;0;A01
201200046253;0;32;0;0;0;1;0;B01
201200046254;0;7;0;0;2;1;2;A01
201200046254;0;7;0;0;2;4;2;B01
201200046255;0;7;0;0;1;3;15;A01
201200046256;0;34;0;0;2;7;1;B02
201200046256;0;7;0;0;2;3;13;A01
201200046257;0;7;0;0;2;2;15;A01
201200046257;0;30;0;0;2;0;16;B01
201200046258;0;7;0;0;2;2;10;A01
201200046258;0;30;0;0;2;1;0;B01
201200046259;1;14;0;0;0;0;0;A01
201200046259;0;7;0;0;0;4;2;B01
201200046260;0;7;0;0;2;1;15;A01
201200046260;0;30;0;0;2;0;1;C01
201200046260;0;7;0;0;2;1;2;B01
201200046261;2;34;0;0;0;7;0;A01
201200046262;0;33;0;0;2;8;1;B01
201200046262;0;13;0;0;2;2;15;A01
201200046263;0;7;0;0;2;6;15;A01
201200046263;0;2;0;0;2;1;1;B01
201200046264;0;7;0;0;0;3;1;B01
201200046264;0;1;0;0;0;2;9;A01
201200046265;0;2;0;0;0;7;1;A01
201200046266;0;7;0;0;0;5;4;A01
201200046267;0;14;0;0;9;1;2;A01
201200046267;0;1;0;0;0;5;2;B01
201200046268;0;33;0;15;0;2;0;A01
201200046269;0;7;0;0;1;0;1;A01
201200046270;0;7;0;0;1;2;1;A01
201200046271;0;10;0;0;2;3;15;A01
201200046271;0;30;0;0;2;7;17;B01
201200046272;0;32;0;0;2;8;13;A01
201200046272;0;14;0;0;2;2;21;B01
201200046273;0;33;0;0;2;1;1;B01
201200046273;1;7;0;0;2;2;9;A01
201200046274;0;7;0;0;0;8;15;A01
201200046274;0;31;0;0;2;2;2;B01
201200046275;0;7;0;1;1;1;1;A01
201200046276;0;7;0;0;2;1;0;A01
201200046276;0;10;0;0;2;1;0;B01
201200046277;0;33;0;0;2;2;2;A01
201200046277;0;7;0;0;2;2;2;B01
201200046278;0;3;0;0;2;3;1;B01
201200046278;0;32;0;0;2;7;1;A01
201200046279;0;32;0;0;2;8;1;B01
201200046279;0;7;0;0;2;1;15;A01
201200046280;0;7;0;0;2;3;23;B01
201200046280;0;32;0;0;2;1;17;C01
201200046280;0;33;0;0;2;1;13;A01
201200046281;0;7;0;0;2;1;13;A01
201200046281;0;7;0;0;2;1;1;B01
201200046282;0;37;1;0;1;1;1;A01
201200046283;0;30;0;0;2;8;1;B01
201200046283;0;7;0;0;2;2;17;A01
201200046284;0;33;0;0;2;1;2;A01
201200046284;0;7;0;0;2;4;1;B01
201200046285;0;33;0;0;2;1;17;A01
201200046285;0;7;0;0;2;5;16;B01
201200046286;0;7;0;0;1;1;1;A01
201200046287;0;7;0;0;1;3;16;A01
201200046288;0;7;0;0;2;3;1;B01
201200046288;0;7;0;0;2;3;5;A01
201200046289;0;10;0;1;1;9;1;A01
201200046290;0;7;0;0;2;1;1;B01
201200046290;0;10;0;0;2;2;1;C01
201200046290;0;7;0;0;2;3;1;A01
201200046291;0;7;0;0;1;1;1;A01
201200046292;0;7;0;0;2;3;11;A01
201200046292;0;7;0;0;2;3;1;B01
201200046293;0;7;0;0;2;2;15;A01
201200046293;0;30;0;0;2;1;1;B01
201200046294;0;7;0;0;2;3;1;B01
201200046294;0;2;0;0;2;1;13;A01
201200046295;0;7;0;0;2;6;9;A01
201200046295;0;33;0;0;2;7;1;B01
201200046296;0;7;0;0;2;4;2;B01
201200046296;0;7;0;0;2;1;2;A01
201200046296;0;7;0;0;2;4;1;C01
201200046297;0;30;0;0;2;9;15;B01
201200046297;0;7;0;0;2;1;9;A01
201200046298;0;7;0;0;2;2;15;A01
201200046298;0;33;0;0;2;1;1;B01
201200046299;0;1;0;1;0;1;1;B01
201200046299;0;7;0;0;9;3;22;A01
201200046300;0;10;0;0;2;8;15;A01
201200046300;0;31;0;0;2;8;17;B01
201200046301;0;31;0;0;2;1;1;B01
201200046301;0;7;0;0;2;3;9;A01
201200046302;0;7;0;0;1;1;4;A01
201200046303;0;10;0;0;1;1;1;A01
201200046304;0;33;0;0;2;1;17;A01
201200046304;0;31;0;0;2;9;15;B01
201200046305;0;7;0;0;1;1;1;A01
201200046306;0;1;0;0;2;1;1;A01
201200046306;0;7;0;0;0;5;15;B01
201200046307;0;31;0;0;2;1;2;A01
201200046307;0;10;0;0;2;4;2;B01
201200046308;0;7;0;0;1;3;1;A01
201200046309;0;7;0;0;2;1;1;B01
201200046309;0;30;0;1;2;9;1;A01
201200046310;0;7;0;0;0;1;1;A01
201200046311;0;7;0;0;2;6;2;C01
201200046311;0;7;0;0;2;5;22;A01
201200046311;0;33;0;0;2;1;3;B01
201200046312;0;7;0;13;0;9;1;A01
201200046313;0;32;0;0;2;7;1;A01
201200046313;0;7;0;0;2;3;15;B01
201200046314;0;7;0;0;1;2;16;A01
201200046315;0;7;0;0;2;8;2;B01
201200046315;0;7;0;0;2;7;2;A01
201200046316;0;33;0;0;2;3;2;A01
201200046316;0;7;0;0;0;6;15;B01
201200046317;0;15;0;0;0;1;2;A01
201200046317;0;7;0;0;2;4;2;C01
201200046317;0;7;0;0;2;4;2;B01
201200046318;0;7;0;0;2;6;0;A01
201200046318;0;32;0;0;2;2;0;B01
201200046319;0;7;0;0;1;1;1;A01
201200046320;0;32;0;0;0;4;1;B01
201200046320;0;31;0;0;2;1;2;A01
201200046321;0;33;0;0;2;2;17;A01
201200046321;0;7;0;0;2;6;13;B01
201200046322;0;7;0;0;2;3;1;B01
201200046322;0;32;0;0;2;2;9;A01
201200046323;0;33;0;0;2;1;15;A01
201200046323;0;7;0;0;2;3;1;B01
201200046324;0;7;0;0;2;3;1;A01
201200046324;0;7;0;0;2;0;1;B01
201200046325;0;10;0;0;2;2;15;A01
201200046325;0;7;0;0;2;1;16;B01
201200046326;0;7;0;14;0;1;1;A01
201200046327;0;31;0;0;2;2;17;A01
201200046327;0;7;0;0;2;3;15;B01
201200046328;0;7;0;0;2;1;15;A01
201200046328;0;37;1;0;2;8;1;B01
201200046329;0;7;0;0;1;5;16;A01
201200046330;0;7;0;1;0;3;1;A01
201200046331;0;7;0;0;2;8;22;A01
201200046331;0;1;0;1;0;1;0;B01
201200046332;0;33;0;0;2;1;1;B01
201200046332;0;7;0;0;2;3;15;A01
201200046333;0;7;0;0;2;1;1;A01
201200046333;0;7;0;0;2;9;1;B01
201200046333;0;7;0;0;0;0;1;C01
201200046334;0;7;0;0;2;7;15;A01
201200046334;0;7;0;0;2;1;1;B01
201200046335;0;7;0;0;2;6;0;B01
201200046335;0;7;0;0;2;1;1;A01
201200046336;0;7;0;0;1;1;15;A01
201200046337;0;7;0;8;0;1;0;A01
201200046338;0;7;0;0;0;1;1;B01
201200046339;0;7;0;0;2;1;9;A01
201200046339;0;30;0;0;2;5;9;B01
201200046340;0;33;0;0;2;1;1;A01
201200046341;0;7;0;0;1;1;0;A01
201200046342;0;1;0;0;2;1;1;B01
201200046342;1;3;0;0;2;1;15;Y01
201200046343;0;7;0;0;2;1;0;A01
201200046343;0;7;0;0;2;1;0;B01
201200046344;0;7;0;0;2;1;2;A01
201200046344;0;7;0;0;2;4;2;B01
201200046344;0;7;0;0;2;4;16;C01
201200046345;0;7;0;0;2;3;9;A01
201200046345;0;33;0;0;2;7;1;B01
201200046346;0;7;0;0;1;3;1;A01
201200046347;0;30;0;0;1;1;1;A01
201200046348;0;10;0;0;1;1;0;A01
201200046349;1;7;0;0;0;7;1;B01
201200046349;0;7;0;0;2;1;1;A01
201200046350;0;7;0;0;2;3;15;A01
201200046350;0;33;0;0;2;1;1;B01
201200046351;0;7;0;0;1;1;1;A01
201200046352;0;7;0;0;2;1;1;A01
201200046352;0;7;0;0;2;6;1;B01
201200046353;0;7;0;0;2;3;15;B01
201200046353;0;33;0;0;2;1;17;A01
201200046354;1;10;0;0;2;1;1;A01
201200046354;0;31;0;0;2;4;1;B01
201200046355;0;2;0;0;1;1;1;A01
201200046356;0;2;0;0;2;1;1;A01
201200046356;0;7;0;0;2;1;15;B01
201200046357;0;10;0;0;2;1;1;A01
201200046357;0;7;0;0;2;4;1;B01
201200046358;0;14;0;0;2;3;1;A01
201200046358;0;7;0;0;0;4;1;B01
201200046359;0;7;0;0;2;3;0;B01
201200046359;0;7;0;0;2;3;0;A01
201200046360;0;1;0;0;2;1;1;B01
201200046360;0;7;0;0;2;3;16;A01
201200046361;0;30;0;0;1;1;17;A01
201200046362;0;7;0;0;1;2;15;A01
201200046363;0;31;0;0;2;1;0;A01
201200046363;0;7;0;0;2;6;0;B01
201200046364;0;7;0;0;0;0;1;B01
201200046364;0;7;0;0;0;3;1;A01
201200046365;0;34;0;0;2;1;1;B01
201200046365;0;7;0;0;2;3;16;A01
201200046366;0;7;0;0;1;1;1;A01
201200046367;0;7;0;0;2;1;2;A01
201200046367;0;7;0;0;2;4;2;B01
201200046368;0;7;0;0;2;1;15;A01
201200046368;0;30;0;0;2;1;1;B01
201200046368;0;7;0;0;2;3;23;C01
201200046369;0;7;0;9;0;2;0;A01
201200046370;0;33;0;14;0;1;17;A01
201200046370;0;7;0;0;9;8;1;B01
201200046371;0;13;0;0;2;1;1;A01
201200046371;0;7;0;0;2;0;1;B01
201200046372;0;33;0;0;0;1;2;A01
201200046372;0;10;0;0;0;8;11;B01
201200046373;0;7;0;0;2;1;2;A01
201200046373;0;33;0;0;2;4;2;B01
201200046374;0;7;0;0;1;2;1;A01
201200046375;0;7;0;0;1;3;15;A01
201200046376;0;37;1;0;1;5;1;A01
201200046377;0;30;0;0;2;8;1;B01
201200046377;0;7;0;0;2;1;1;A01
201200046378;1;7;0;0;2;0;0;Z01
201200046378;0;7;0;0;2;0;0;B01
201200046379;0;2;0;0;2;8;1;B01
201200046379;0;7;0;0;2;1;1;A01
201200046380;0;7;0;0;0;1;11;A01
201200046380;0;2;0;0;2;1;0;B01
201200046381;0;32;0;0;2;1;1;A01
201200046381;0;7;0;0;2;3;15;B01
201200046382;0;30;0;0;2;1;1;B01
201200046382;0;7;0;0;2;8;9;A01
201200046383;0;7;0;0;0;1;1;B01
201200046383;0;7;0;0;0;7;1;A01
201200046384;1;7;0;0;1;2;16;A01
201200046385;0;7;0;0;2;1;2;A01
201200046385;0;33;0;0;2;4;1;B01
201200046386;0;1;0;0;1;1;1;A01
201200046387;0;7;0;0;2;1;21;B01
201200046387;0;7;0;0;2;6;9;A01
201200046388;0;7;0;0;2;1;1;C01
201200046388;0;7;0;0;2;6;10;A01
201200046388;0;7;0;0;2;1;1;B01
201200046389;0;7;0;0;1;1;1;A01
201200046390;0;7;0;0;2;3;0;B01
201200046390;0;7;0;0;2;3;1;A01
201200046391;0;10;0;1;0;7;17;A01
201200046391;0;10;0;0;0;6;22;B01
201200046392;0;37;0;0;1;2;0;A01
201200046393;0;30;0;0;2;1;0;A01
201200046393;0;7;0;0;9;7;0;B01
201200046394;0;7;0;0;2;4;1;B01
201200046394;0;14;0;0;2;1;2;A01
201200046395;0;7;0;0;2;6;15;B01
201200046395;0;2;0;0;2;1;1;A01
201200046396;0;30;0;0;2;1;1;A01
201200046396;0;7;0;0;2;3;15;B01
201200046397;0;7;0;0;2;3;13;A01
201200046397;0;37;1;0;2;3;1;B01
201200046398;0;31;0;0;2;3;2;B01
201200046398;0;7;0;0;2;1;1;A01
201200046399;0;2;0;0;2;0;2;A01
201200046400;0;1;0;0;2;1;1;B01
201200046400;0;7;0;0;2;3;1;A01
201200046401;2;7;0;0;2;2;17;A01
201200046401;0;7;0;0;2;3;15;B01
201200046402;0;7;0;0;2;1;1;A01
201200046402;0;33;0;0;2;3;16;B01
201200046403;0;7;0;0;1;2;1;A01
201200046404;0;32;0;0;2;0;17;B01
201200046404;0;7;0;0;2;3;15;A01
201200046405;0;30;0;0;1;1;0;A01
201200046406;0;7;0;0;1;0;1;A01
201200046407;0;7;0;0;2;1;2;A01
201200046407;0;7;0;0;2;1;2;B01
201200046407;0;7;0;0;2;4;2;C01
201200046408;0;7;0;1;0;2;9;A01
201200046408;0;33;0;0;0;3;24;B01
201200046409;0;7;0;0;2;2;15;A01
201200046409;0;30;0;0;2;3;21;B01
201200046410;0;37;1;0;1;2;1;A01
201200046411;0;7;0;0;0;1;2;A01
201200046411;0;7;0;0;2;4;2;B01
201200046412;0;7;0;0;0;8;15;B01
201200046412;0;7;0;0;0;1;2;A01
201200046413;0;7;0;0;2;3;1;C01
201200046413;0;7;0;0;2;3;1;B01
201200046413;0;32;0;0;2;1;17;A01
201200046414;0;7;0;1;0;9;1;A01
201200046415;0;7;0;0;1;1;2;A01
201200046416;0;7;0;0;1;3;1;A01
201200046417;0;33;0;0;2;1;0;A01
201200046417;0;7;0;0;0;4;0;B01
201200046418;0;32;0;0;2;1;18;B01
201200046418;0;7;0;0;9;2;16;A01
201200046419;0;7;0;0;2;3;20;B01
201200046419;1;2;0;0;2;1;5;A01
201200046420;0;7;0;0;9;2;14;A01
201200046420;0;30;0;1;2;3;0;B01
201200046421;0;2;0;0;2;1;2;A01
201200046421;1;7;0;0;2;4;2;B01
201200046422;0;10;0;0;9;3;15;A01
201200046422;0;2;0;0;2;5;15;B01
201200046423;0;33;0;0;1;1;1;A01
201200046424;0;7;0;0;1;1;2;A01
201200046425;1;7;0;0;2;1;1;Z01
201200046425;0;33;0;0;2;2;1;B01
201200046426;0;7;0;0;2;3;2;B01
201200046426;0;7;0;0;2;1;2;A01
201200046427;0;10;0;0;0;1;2;A01
201200046427;0;7;0;0;0;4;1;B01
201200046428;0;31;0;0;0;8;1;B01
201200046428;0;7;0;0;2;2;15;A01
201200046429;0;10;0;0;1;2;2;A01
201200046430;0;33;0;0;2;1;1;B01
201200046430;0;7;0;0;2;5;15;A01
201200046431;0;7;0;0;1;1;0;A01
201200046432;0;7;0;0;2;2;19;A01
201200046432;0;7;0;0;2;2;2;B01
201200046433;0;33;0;0;1;1;19;A01
201200046434;0;7;0;0;0;3;2;A01
201200046434;0;7;0;0;0;4;2;B01
201200046435;0;7;0;0;2;1;11;A01
201200046435;0;33;0;0;2;7;1;B01
201200046436;0;33;0;0;2;1;1;B01
201200046436;0;7;0;0;2;8;10;A01
201200046437;0;7;0;0;2;5;1;B01
201200046437;0;33;0;15;2;1;6;A01
201200046438;1;7;0;0;1;0;1;A01
201200046439;0;34;0;0;1;1;1;A01
201200046440;0;7;0;0;2;1;2;A01
201200046440;0;10;0;0;2;4;23;B01
201200046441;0;7;0;16;2;2;0;A01
201200046442;0;7;0;0;0;7;1;B01
201200046442;0;33;0;0;0;3;16;A01
201200046443;0;7;0;0;2;2;0;B01
201200046443;0;7;0;0;2;1;0;A01
201200046444;0;7;0;0;2;3;1;B01
201200046444;0;7;0;0;2;1;1;A01
201200046445;0;7;0;0;0;1;0;B01
201200046445;0;7;0;0;0;4;13;A01
201200046446;1;7;0;0;2;7;1;A01
201200046446;0;2;0;0;2;8;1;B01
201200046447;0;7;0;0;2;1;2;A01
201200046447;0;7;0;0;0;4;23;B01
201200046448;0;7;0;0;1;3;1;A01
201200046449;0;33;0;0;2;3;2;B01
201200046449;0;10;0;0;2;3;16;A01
201200046450;0;7;0;0;2;7;15;B01
201200046450;0;7;0;0;2;1;2;A01
201200046451;0;7;0;0;2;1;2;A01
201200046451;0;7;0;0;0;4;2;C01
201200046451;0;7;0;0;2;4;2;B01
201200046452;0;7;0;0;1;7;1;A01
201200046453;0;7;0;8;0;1;1;A01
201200046454;0;34;0;0;2;0;2;A01
201200046454;0;7;0;0;9;8;11;B01
201200046455;1;7;0;0;1;8;0;A01
201200046456;0;7;0;0;1;2;2;A01
201200046457;0;7;0;0;2;2;20;A01
201200046457;0;31;0;0;2;1;13;B01
201200046458;0;7;0;0;2;3;1;B01
201200046458;0;37;10;0;2;3;15;A01
201200046459;0;7;0;0;2;2;2;A01
201200046459;0;1;0;0;2;4;2;B01
201200046460;0;14;0;0;2;1;2;A01
201200046460;0;13;0;0;2;5;2;B01
201200046461;0;7;0;0;1;1;15;A01
201200046462;0;7;0;0;0;5;15;A01
201200046462;0;32;0;0;2;1;1;B01
201200046463;2;7;0;0;2;1;1;B01
201200046463;0;7;0;0;2;4;1;A01
201200046464;0;7;0;0;2;1;2;B01
201200046464;0;7;0;0;2;3;15;A01
201200046465;0;7;0;6;0;1;15;A01
201200046466;0;7;0;0;1;1;1;A01
201200046467;0;1;0;0;2;4;15;B01
201200046467;0;33;0;0;2;1;2;A01
201200046468;0;7;0;14;0;1;1;A01
201200046469;0;7;0;0;2;3;14;B01
201200046469;0;13;0;0;2;3;1;A01
201200046470;0;7;0;0;1;1;1;A01
201200046471;0;7;0;0;2;1;5;A01
201200046471;0;33;0;0;2;1;1;B01
201200046472;0;37;2;0;2;1;11;A01
201200046472;0;7;0;0;2;8;10;B01
201200046473;0;10;0;0;2;1;2;A01
201200046473;0;7;0;0;2;4;1;B01
201200046474;0;7;0;0;2;1;1;A01
201200046474;0;10;0;0;2;2;1;Z01
201200046475;0;7;0;0;1;1;1;A01
201200046476;0;13;0;0;1;1;1;A01
201200046477;0;2;0;0;2;6;2;B01
201200046477;0;7;0;0;2;2;16;A01
201200046478;0;7;0;0;2;1;2;A01
201200046478;0;14;0;0;2;4;1;B01
201200046479;0;7;0;0;1;1;17;A01
201200046480;0;7;0;0;2;4;23;C01
201200046480;0;7;0;0;2;1;2;A01
201200046480;0;7;0;0;2;4;2;B01
201200046481;0;7;0;0;2;2;1;A01
201200046481;0;7;0;0;2;3;1;B01
201200046482;0;32;0;0;2;3;1;B01
201200046482;0;7;0;0;2;8;13;A01
201200046483;0;7;0;0;2;1;2;B01
201200046483;0;7;0;0;2;6;1;A01
201200046484;0;7;0;0;2;2;22;A01
201200046484;0;1;0;0;2;1;1;B01
201200046485;0;1;0;0;2;1;19;B01
201200046485;0;7;0;0;2;2;1;A01
201200046486;0;37;1;0;2;1;2;A01
201200046486;0;34;0;0;2;4;1;B01
201200046487;0;7;0;0;2;2;15;A01
201200046487;0;1;0;0;2;1;1;B01
201200046488;0;7;0;0;2;4;2;B01
201200046488;0;7;0;0;2;4;1;C01
201200046488;0;7;0;0;2;1;2;A01
201200046489;0;7;0;0;2;1;2;A01
201200046489;0;10;0;0;2;4;1;B01
201200046490;0;7;0;0;1;1;1;A01
201200046491;0;33;0;0;2;4;23;B01
201200046491;0;7;0;0;2;1;2;A01
201200046492;0;31;0;0;0;1;1;A01
201200046493;0;7;0;0;2;1;2;A01
201200046493;0;33;0;0;2;4;1;B01
201200046494;0;10;0;0;1;2;15;A01
201200046495;0;33;0;0;0;0;0;A01
201200046496;0;10;0;0;2;1;2;A01
201200046496;0;7;0;0;2;4;1;B01
201200046497;0;7;0;0;2;1;1;A01
201200046497;0;7;0;0;2;7;1;B01
201200046498;0;7;0;0;2;1;15;A01
201200046498;0;30;0;0;2;1;1;B01
201200046499;0;10;0;0;2;3;1;A01
201200046499;0;1;0;0;2;1;17;B01
201200046500;0;1;0;0;2;4;9;A01
201200046500;0;7;0;0;2;1;1;B01
201200046501;0;10;0;0;2;1;2;A01
201200046501;0;10;0;0;2;4;1;B01
201200046502;0;7;0;0;2;1;16;B01
201200046502;1;33;0;0;2;1;1;Z01
201200046503;0;7;0;0;1;1;17;A01
201200046504;0;10;0;0;2;1;2;A01
201200046504;0;7;0;0;2;4;1;B01
201200046505;0;7;0;4;0;7;1;A01
201200046506;0;7;0;0;2;1;1;A01
201200046506;0;20;0;0;2;1;24;B01
201200046507;0;7;0;0;1;3;1;A01
201200046508;0;7;0;0;2;4;1;B01
201200046508;0;7;0;0;2;1;1;A01
201200046509;0;7;0;0;2;1;9;B01
201200046509;0;7;0;0;2;7;1;A01
201200046510;1;7;0;0;2;8;2;Z01
201200046510;0;32;0;0;0;7;0;A01
201200046511;1;14;0;0;2;4;24;B01
201200046511;0;2;0;1;0;8;1;A01
201200046512;0;99;0;0;2;9;1;A01
201200046512;0;7;0;0;2;6;1;B01
201200046513;0;7;0;0;2;3;1;A01
201200046513;0;1;0;0;2;1;1;B01
201200046514;0;7;0;1;1;1;0;A01
201200046515;0;7;0;0;2;2;13;A01
201200046515;0;2;0;0;2;1;1;B01
201200046516;0;7;0;0;1;4;4;A01
201200046517;0;7;0;0;2;4;1;C01
201200046517;0;7;0;0;2;1;2;A01
201200046517;0;7;0;0;2;4;2;B01
201200046518;1;7;0;0;1;0;1;Z01
201200046519;0;7;0;0;2;7;11;A01
201200046519;0;33;0;0;2;8;2;B01
201200046520;0;10;0;0;2;2;1;B01
201200046520;0;7;0;0;2;6;23;A01
201200046521;0;7;0;14;0;1;1;A01
201200046522;0;7;0;0;2;3;13;A01
201200046522;0;2;0;0;2;8;1;B01
201200046523;0;99;0;6;0;1;1;A01
201200046524;0;7;0;0;2;2;1;A01
201200046524;0;7;0;0;2;1;9;B01
201200046525;0;33;0;0;2;7;1;B01
201200046525;0;7;0;0;2;2;12;A01
201200046526;0;37;0;0;1;2;0;A01
201200046527;0;7;0;0;2;2;12;A01
201200046527;0;7;0;0;2;6;1;B02
201200046528;0;7;0;0;0;0;2;A01
201200046528;0;7;0;0;0;0;0;B01
201200046529;0;7;0;0;2;8;13;B01
201200046529;0;7;0;0;2;3;15;A01
201200046530;0;7;0;4;0;1;1;A01
201200046531;0;7;0;0;1;1;1;A01
201200046532;0;33;0;0;2;4;1;B01
201200046532;0;7;0;0;2;1;1;A01
201200046533;0;7;0;0;1;7;1;A01
201200046534;0;7;0;16;0;9;9;A01
201200046535;0;7;0;0;1;1;1;A01
201200046536;0;7;0;0;0;2;0;B01
201200046536;0;7;0;0;2;8;0;A01
201200046537;0;7;0;0;2;3;9;B01
201200046537;0;2;0;0;2;1;9;A01
201200046538;0;7;0;0;1;2;2;A01
201200046539;0;7;0;9;0;1;2;A01
201200046540;0;33;0;0;2;1;2;A01
201200046540;0;7;0;0;2;6;2;B01
201200046541;0;33;0;0;0;3;1;A01
201200046542;0;30;0;0;2;1;9;A01
201200046542;0;7;0;0;2;1;1;B01
201200046543;0;7;0;0;1;4;4;A01
201200046544;0;7;0;0;2;3;1;A01
201200046544;1;7;0;0;2;7;12;Z02
201200046545;0;7;0;0;2;1;2;B01
201200046545;0;30;0;0;2;8;1;A01
201200046546;0;10;0;0;9;3;9;A01
201200046546;0;1;0;0;2;7;0;B01
201200046547;0;33;0;0;2;1;0;A01
201200046547;0;7;0;0;0;6;0;B01
201200046548;0;7;0;0;2;6;15;B01
201200046548;0;2;0;0;2;1;1;A01
201200046549;0;31;0;0;2;1;9;A01
201200046549;0;7;0;0;2;7;19;B01
201200046550;0;7;0;0;0;4;23;C01
201200046550;0;7;0;0;0;4;1;B01
201200046550;0;7;0;0;2;2;1;A01
201200046551;0;32;0;0;2;3;15;A01
201200046551;0;13;0;0;2;8;16;B01
201200046552;0;7;0;0;2;1;1;A01
201200046552;0;7;0;0;2;1;16;B01
201200046553;0;7;0;0;2;3;1;A01
201200046553;0;7;0;0;2;8;1;B01
201200046554;0;7;0;0;2;2;2;A01
201200046554;0;7;0;0;2;3;0;B01