num_acc;senc;catv;occutc;obs;obsm;choc;manv;num_veh
201200046555;0;7;0;0;2;2;1;B01
201200046555;0;7;0;0;2;3;10;A01
201200046556;0;7;0;0;2;2;9;A01
201200046556;0;33;0;0;2;2;1;B01
201200046557;0;2;0;0;2;2;15;A01
201200046557;0;33;0;0;2;8;1;B01
201200046558;0;33;0;0;2;6;1;B01
201200046558;0;7;0;0;2;1;15;A01
201200046559;0;10;0;2;0;1;0;A01
201200046560;0;10;0;3;0;1;0;A01
201200046561;0;10;0;0;2;2;0;A01
201200046561;0;7;0;0;2;3;0;B01
201200046562;0;7;0;0;2;4;2;B01
201200046562;0;7;0;0;2;1;2;A01
201200046563;0;7;0;0;1;4;4;A01
201200046564;0;7;0;11;0;4;1;A01
201200046565;0;7;0;0;2;4;1;C01
201200046565;0;7;0;0;2;1;1;E01
201200046565;0;7;0;0;2;4;1;B01
201200046565;0;7;0;0;2;1;1;A01
201200046565;0;7;0;0;2;4;1;D01
201200046566;1;7;0;0;1;1;1;Z01
201200046567;0;7;0;0;2;1;0;B01
201200046567;0;7;0;0;0;1;0;A01
201200046568;0;7;0;0;2;3;1;B01
201200046568;0;30;0;0;2;1;1;A01
201200046569;0;7;0;0;2;7;1;A01
201200046569;0;7;0;0;2;1;1;B01
201200046570;0;33;0;0;2;4;1;B01
201200046570;0;7;0;0;2;1;1;A01
201200046571;0;7;0;0;2;2;1;A01
201200046571;0;7;0;0;2;5;0;B01
201200046572;0;7;0;0;2;1;1;A01
201200046572;0;7;0;0;2;4;23;B01
201200046573;0;10;0;0;1;3;1;A01
201200046574;0;3;0;0;2;3;2;A01
201200046574;0;14;0;0;2;2;1;B01
201200046575;0;7;0;0;2;1;1;B01
201200046575;0;7;0;0;2;1;5;A01
201200046576;0;37;1;0;2;1;1;B01
201200046576;0;7;0;0;2;7;1;A01
201200046577;0;7;0;0;2;1;1;A01
201200046577;0;7;0;0;2;4;1;B01
201200046578;0;33;0;0;0;7;0;A01
201200046579;0;7;0;0;2;1;0;A01
201200046579;0;7;0;0;2;1;0;B01
201200046580;0;31;0;0;2;1;2;A01
201200046580;0;33;0;0;2;4;23;B01
201200046581;0;7;0;0;1;2;9;A01
201200046582;0;7;0;0;2;1;9;A01
201200046582;0;7;0;0;2;8;9;B01
201200046583;0;7;0;0;2;1;0;A01
201200046583;0;1;0;0;2;1;0;B01
201200046584;0;7;0;0;1;0;1;A01
201200046585;1;7;0;0;1;1;2;Z01
201200046586;0;7;0;0;2;3;1;B01
201200046586;0;32;0;0;2;5;9;A01
201200046587;0;7;0;3;0;5;9;B01
201200046587;0;7;0;0;2;1;9;A01
201200046588;0;30;0;0;0;0;0;B01
201200046588;0;13;0;0;0;0;0;A01
201200046589;0;1;0;0;0;4;2;B01
201200046589;0;7;0;0;9;0;1;A01
201200046590;0;1;0;0;2;0;1;A01
201200046590;0;7;0;0;9;2;23;B01
201200046591;0;33;0;0;2;4;2;A01
201200046591;0;7;0;0;2;1;11;B01
201200046592;0;7;0;0;1;3;17;A01
201200046593;0;1;0;0;0;0;0;B01
201200046593;0;7;0;0;0;1;0;A01
201200046594;0;2;0;0;0;7;0;B01
201200046594;0;7;0;0;0;2;0;A01
201200046595;0;7;0;0;0;2;0;A01
201200046595;0;30;0;0;0;7;0;B01
201200046596;0;7;0;0;0;4;0;B01
201200046596;0;7;0;0;0;1;2;A01
201200046597;0;7;0;0;2;2;15;A01
201200046597;0;37;1;0;2;3;1;B01
201200046598;0;2;0;0;2;8;11;A01
201200046598;0;7;0;0;2;2;1;B01
201200046599;0;7;0;0;0;4;1;B01
201200046599;0;7;0;0;2;1;1;A01
201200046600;0;7;0;0;0;1;0;B01
201200046600;0;7;0;0;0;6;0;A01
201200046601;0;7;0;0;1;7;0;A01
201200046602;0;37;1;0;1;2;0;A01
201200046603;0;7;0;0;2;4;2;B01
201200046603;0;7;0;0;2;1;2;A01
201200046604;0;7;0;0;2;1;1;D01
201200046604;0;7;0;0;2;1;1;B01
201200046604;0;7;0;0;2;1;0;C01
201200046604;0;7;0;0;2;4;1;E01
201200046604;0;7;0;0;2;1;1;A01
201200046605;0;10;0;0;2;1;2;A01
201200046605;0;10;0;0;2;4;2;B01
201200046606;0;33;0;0;1;1;0;A01
201200046607;0;7;0;0;2;1;1;A01
201200046607;0;7;0;0;2;1;1;B01
201200046608;0;7;0;0;2;1;1;A01
201200046608;0;7;0;0;2;1;9;B01
201200046609;0;14;0;0;2;1;2;A01
201200046609;0;7;0;0;2;4;23;B01
201200046610;0;2;0;1;0;7;0;A01
201200046611;0;10;0;4;0;8;2;A01
201200046612;0;7;0;0;0;0;0;A01
201200046613;0;7;0;0;2;1;2;B01
201200046613;0;7;0;0;0;4;2;C01
201200046613;0;7;0;0;2;1;2;A01
201200046614;0;7;0;0;1;2;17;A01
201200046615;0;7;0;0;2;1;2;A01
201200046615;0;7;0;0;0;7;2;B01
201200046616;0;33;0;0;1;8;0;A01
201200046617;0;33;0;0;2;8;3;B01
201200046617;0;7;0;0;2;2;18;A01
201200046618;0;7;0;0;2;1;17;A01
201200046618;0;2;0;0;2;1;1;B01
201200046619;0;33;0;0;2;2;2;A01
201200046619;0;7;0;0;2;2;15;B01
201200046620;0;37;1;0;2;1;2;A01
201200046620;0;2;0;0;0;7;15;B01
201200046621;0;7;0;0;2;7;14;A01
201200046621;0;7;0;0;0;8;2;B01
201200046622;0;30;0;0;2;2;1;B01
201200046622;0;7;0;0;2;3;1;A01
201200046623;0;7;0;0;2;1;1;C01
201200046623;0;3;0;0;2;4;2;A01
201200046623;0;7;0;0;2;9;1;B01
201200046624;0;7;0;0;2;1;1;B01
201200046624;1;30;0;0;2;1;1;Z01
201200046625;0;7;0;0;2;7;16;A01
201200046625;0;37;4;0;2;3;1;B01
201200046626;0;7;0;0;1;0;1;A01
201200046627;0;7;0;0;2;4;2;B01
201200046627;0;7;0;0;2;1;2;A01
201200046628;0;7;0;0;2;8;15;B01
201200046628;0;30;0;0;2;1;1;A01
201200046629;0;7;0;15;0;7;0;A01
201200046630;0;7;0;0;1;1;0;A01
201200046631;0;7;0;0;2;1;2;A01
201200046631;0;7;0;0;0;4;2;B01
201200046632;0;7;0;0;2;1;0;A01
201200046632;0;2;0;0;2;1;0;B01
201200046633;0;7;0;0;1;1;0;A01
201200046634;0;37;4;0;2;8;11;A01
201200046634;0;14;0;0;2;2;1;B01
201200046635;0;7;0;0;2;9;2;C01
201200046635;0;7;0;0;2;9;2;B01
201200046635;0;7;0;0;2;4;1;D01
201200046635;0;10;0;0;2;1;2;A01
201200046636;0;14;0;0;2;3;2;B01
201200046636;0;7;0;0;2;1;17;A01
201200046637;0;7;0;0;1;1;1;A01
201200046638;0;3;0;3;0;2;1;A01
201200046639;0;3;0;0;2;4;4;A01
201200046639;0;1;0;0;2;8;1;B01
201200046640;1;7;0;0;1;0;0;Z01
201200046641;0;7;0;0;0;2;2;B01
201200046641;0;7;0;0;0;6;2;A01
201200046642;0;7;0;0;0;0;0;A01
201200046642;0;7;0;0;0;0;0;B01
201200046643;0;2;0;0;2;1;2;A01
201200046643;0;7;0;0;2;4;2;B01
201200046644;1;7;0;0;0;0;0;Z01
201200046644;0;30;0;0;2;0;0;A01
201200046645;0;7;0;0;1;2;2;A01
201200046646;0;7;0;4;0;3;1;A01
201200046647;0;7;0;0;2;1;1;B01
201200046647;0;7;0;0;2;2;1;A01
201200046648;0;7;0;0;2;4;23;C01
201200046648;0;7;0;0;2;1;1;A01
201200046648;0;7;0;0;2;4;23;B01
201200046649;0;33;0;0;1;1;1;A01
201200046650;0;30;0;0;2;2;1;A01
201200046650;0;7;0;0;2;2;15;B01
201200046651;0;10;0;0;2;6;1;B01
201200046651;0;2;0;0;2;1;2;A01
201200046652;0;30;0;0;2;1;17;A01
201200046652;0;7;0;0;2;3;15;B01
201200046653;0;7;0;0;1;1;1;A01
201200046654;0;7;0;0;2;3;10;A01
201200046654;0;33;0;0;2;2;1;B01
201200046655;0;10;0;0;1;4;4;A01
201200046656;0;7;0;0;2;1;1;B01
201200046656;0;30;0;0;2;1;15;A01
201200046657;0;31;0;7;2;1;1;A01
201200046657;0;10;0;0;2;4;16;B01
201200046658;0;10;0;0;2;3;15;A01
201200046658;0;34;0;0;2;1;1;B01
201200046659;0;7;0;1;1;8;17;A01
201200046660;0;7;0;0;2;1;1;B01
201200046660;0;2;0;0;2;1;17;A01
201200046661;0;7;0;0;2;4;1;A01
201200046661;0;7;0;0;2;1;2;B01
201200046662;0;7;0;1;0;7;1;A01
201200046663;0;34;0;0;1;5;1;A01
201200046664;0;33;0;0;2;6;15;B01
201200046664;0;7;0;0;2;5;1;A01
201200046665;0;33;0;0;2;7;17;B01
201200046665;0;7;0;0;0;8;15;A01
201200046666;0;10;0;0;2;2;1;A01
201200046666;0;7;0;0;2;6;1;B01
201200046667;0;2;0;0;2;1;1;B01
201200046667;0;7;0;0;2;5;0;A01
201200046668;0;7;0;1;0;2;2;A01
201200046669;0;2;0;1;0;1;2;A01
201200046670;0;7;0;0;1;8;15;A01
201200046671;0;30;0;8;2;3;0;B01
201200046671;1;7;0;0;0;0;0;Z01
201200046672;0;7;0;0;1;3;1;A01
201200046673;0;2;0;1;0;8;1;A01
201200046673;0;7;0;0;0;2;23;B01
201200046674;0;7;0;0;0;0;1;B01
201200046674;0;7;0;0;2;3;1;A01
201200046675;0;7;0;1;1;2;1;A01
201200046676;0;7;0;1;1;3;2;A01
201200046677;0;7;0;0;2;1;9;A01
201200046677;0;34;0;0;2;1;1;C01
201200046678;0;7;0;0;0;4;0;B01
201200046678;0;33;0;0;2;1;21;A01
201200046679;0;10;0;0;2;2;1;A01
201200046679;0;33;0;0;2;6;1;B01
201200046680;0;7;0;0;2;6;15;A01
201200046680;0;33;0;0;2;1;1;B01
201200046681;0;7;0;0;2;8;0;A01
201200046681;0;2;0;0;2;7;17;B01
201200046682;0;7;0;0;1;1;2;A01
201200046683;0;7;0;0;2;2;15;B01
201200046683;0;1;0;0;2;1;1;A01
201200046684;0;7;0;0;2;1;2;A01
201200046684;0;7;0;0;2;4;23;C01
201200046684;0;7;0;0;2;4;23;B01
201200046685;0;7;0;0;2;1;1;B01
201200046685;0;7;0;0;2;3;1;A01
201200046686;0;7;0;1;0;1;14;A01
201200046687;0;33;0;0;2;7;1;B01
201200046687;0;7;0;0;2;3;15;A01
201200046688;0;7;0;0;2;3;1;A01
201200046688;0;30;0;0;2;1;17;B01
201200046689;0;7;0;0;2;1;2;A01
201200046689;0;7;0;0;2;4;2;B01
201200046690;0;33;0;0;2;1;1;A01
201200046690;0;7;0;0;0;5;15;B01
201200046691;0;33;0;0;2;1;1;A01
201200046691;0;10;0;0;2;1;4;B01
201200046692;1;7;0;0;2;1;15;A01
201200046692;0;33;0;0;2;8;1;B01
201200046693;0;2;0;0;2;3;1;B01
201200046693;0;7;0;0;2;0;16;A01
201200046694;0;13;0;0;1;2;1;A01
201200046695;0;7;0;8;0;2;2;A01
201200046695;0;7;0;8;2;1;23;B01
201200046696;0;7;0;0;1;1;17;A01
201200046697;0;7;0;1;0;2;1;A01
201200046698;0;34;0;0;2;1;0;B01
201200046698;0;7;0;0;0;3;5;A01
201200046699;0;7;0;0;2;7;15;A01
201200046699;0;33;0;0;2;1;1;B01
201200046700;1;7;0;0;1;1;1;Z01
201200046701;0;30;0;0;2;0;17;A01
201200046701;0;7;0;0;2;1;19;B01
201200046702;0;33;0;8;0;1;1;A01
201200046703;0;30;0;0;2;1;1;B01
201200046703;0;7;0;0;2;2;15;A01
201200046704;0;7;0;0;1;1;15;A01
201200046705;0;32;0;0;2;2;1;B01
201200046705;0;7;0;0;2;3;9;A01
201200046706;0;32;0;0;2;1;1;B01
201200046706;0;7;0;0;2;8;15;A01
201200046707;0;34;0;0;2;1;1;A01
201200046707;1;7;0;0;0;3;10;Z01
201200046708;0;34;0;0;2;2;1;B01
201200046708;0;1;0;0;2;8;1;A01
201200046709;0;7;0;0;1;1;16;A01
201200046710;0;7;0;0;2;4;16;B01
201200046710;0;7;0;0;2;2;2;A01
201200046711;1;7;0;0;2;1;1;Z01
201200046711;0;7;0;1;2;8;1;B01
201200046712;0;7;0;0;2;2;1;B01
201200046712;0;30;0;0;2;3;1;A01
201200046713;0;33;0;0;2;1;2;A01
201200046713;0;7;0;0;2;4;1;B01
201200046714;0;10;0;0;1;4;4;A01
201200046715;0;30;0;0;2;1;5;A01
201200046715;0;7;0;0;2;3;1;B01
201200046716;0;31;0;0;1;2;17;A01
201200046717;0;33;0;0;2;3;1;B01
201200046717;0;7;0;0;2;3;15;A01
201200046718;0;7;0;0;2;6;2;B01
201200046718;0;34;0;0;2;1;2;A01
201200046719;0;33;0;0;2;2;1;A01
201200046719;0;7;0;0;2;3;1;B01
201200046720;0;7;0;0;2;1;2;A01
201200046720;0;7;0;0;2;4;1;C01
201200046720;0;7;0;0;2;4;2;B01
201200046721;0;7;0;0;0;0;10;A01
201200046721;0;31;0;0;0;8;21;B01
201200046722;0;7;0;0;2;3;9;B01
201200046722;0;32;0;0;2;1;17;A01
201200046723;0;7;0;0;1;2;1;A01
201200046724;0;2;0;0;2;1;1;B01
201200046724;0;7;0;0;2;3;15;A01
201200046725;0;7;0;0;1;1;1;A01
201200046726;0;2;0;11;0;2;1;A01
201200046727;0;33;0;0;2;3;1;A01
201200046727;0;7;0;0;2;3;15;B01
201200046728;0;7;0;8;0;1;1;A01
201200046729;1;7;0;0;2;4;1;A01
201200046729;0;7;0;0;2;1;2;B01
201200046730;0;7;0;0;1;2;1;A01
201200046731;0;7;0;0;1;2;1;A01
201200046732;0;7;0;0;2;1;1;B01
201200046732;0;2;0;0;2;1;1;A01
201200046733;0;7;0;0;2;1;2;A01
201200046733;0;7;0;0;2;4;1;B01
201200046734;0;30;0;0;1;1;1;A01
201200046735;0;32;0;0;2;7;1;B01
201200046735;0;7;0;0;2;3;11;A01
201200046736;0;7;0;14;1;3;1;A01
201200046736;0;7;0;1;2;3;1;B01
201200046737;0;10;0;0;2;3;15;A01
201200046737;0;33;0;0;2;2;1;B01
201200046738;0;7;0;0;1;1;1;A01
201200046739;0;2;0;0;0;1;1;A01
201200046740;0;7;0;0;2;3;15;A01
201200046740;0;33;0;0;2;1;1;B01
201200046741;0;7;0;0;2;1;15;A01
201200046741;0;7;0;0;2;3;1;B01
201200046742;0;7;0;0;2;2;9;A01
201200046742;0;7;0;0;2;6;2;B01
201200046743;0;10;0;15;1;7;1;A01
201200046744;0;7;0;0;2;2;15;B01
201200046744;0;31;0;0;2;1;1;A01
201200046745;0;31;0;5;2;8;1;A01
201200046745;1;10;0;0;2;7;1;Z01
201200046746;0;33;0;9;9;1;2;A01
201200046747;0;37;1;0;2;2;16;A01
201200046748;0;33;0;0;0;1;17;B01
201200046748;0;7;0;0;0;8;15;A01
201200046749;0;10;0;0;1;7;1;A01
201200046750;0;7;0;9;0;1;21;A01
201200046751;0;7;0;0;2;3;0;A01
201200046751;0;30;0;0;2;3;0;B01
201200046752;0;7;0;0;2;3;5;A01
201200046752;0;30;0;0;2;1;2;B01
201200046753;0;7;0;0;0;0;1;A01
201200046753;0;33;0;0;0;7;15;B01
201200046754;0;10;0;0;9;2;24;B01
201200046754;0;1;0;1;0;1;18;A01
201200046755;0;33;0;0;2;1;2;A01
201200046755;0;7;0;0;2;2;16;B01
201200046756;0;2;0;0;0;5;0;A01
201200046757;0;13;0;0;1;2;1;A01
201200046758;0;34;0;0;2;2;2;A01
201200046758;0;7;0;0;2;3;15;B01
201200046759;0;7;0;0;1;2;1;A01
201200046760;0;7;0;0;2;1;1;B01
201200046760;1;7;0;0;2;1;18;Z01
201200046761;1;7;0;0;2;2;16;A01
201200046761;0;32;0;0;2;6;1;B01
201200046762;0;2;0;12;0;1;0;A01
201200046763;0;13;0;0;2;2;15;A01
201200046763;0;37;0;0;2;2;1;B01
201200046764;0;7;0;0;2;1;2;B01
201200046764;0;7;0;15;2;5;15;A01
201200046765;0;7;0;0;2;1;2;A01
201200046765;0;7;0;0;2;4;2;B01
201200046766;0;7;0;0;2;1;1;A01
201200046767;0;1;0;0;2;7;1;A01
201200046767;0;7;0;0;2;1;1;B01
201200046768;0;7;0;0;0;4;2;B01
201200046768;0;7;0;0;2;1;1;A01
201200046769;0;7;0;0;1;3;1;A01
201200046770;0;33;0;9;0;1;0;A01
201200046771;0;7;0;0;2;1;15;A01
201200046771;0;34;0;0;2;1;2;B01
201200046772;2;1;0;0;1;4;1;A01
201200046773;0;10;0;0;2;2;15;A01
201200046773;0;33;0;8;2;3;1;B01
201200046774;0;1;0;0;2;0;5;B01
201200046774;0;7;0;0;2;2;1;A01
201200046775;0;7;0;0;2;1;2;A01
201200046775;0;14;0;0;2;4;23;B01
201200046776;0;30;0;0;0;0;1;A01
201200046777;0;7;0;0;1;1;1;A01
201200046778;0;31;0;0;2;1;1;A01
201200046778;0;31;0;0;0;8;11;B01
201200046779;0;34;0;0;2;1;2;B01
201200046779;0;7;0;0;2;3;2;A01
201200046780;0;30;0;2;0;2;0;A01
201200046781;0;30;0;8;2;3;0;B01
201200046781;0;7;0;0;2;5;12;A01
201200046782;0;30;0;12;0;7;2;A01
201200046783;0;7;0;0;0;1;1;B01
201200046783;0;7;0;0;0;8;19;A01
201200046784;0;7;0;0;2;3;15;B01
201200046784;0;33;0;0;2;1;17;A01
201200046785;0;7;0;0;2;5;1;E01
201200046785;0;7;0;0;2;8;1;C01
201200046785;0;7;0;0;2;6;1;D01
201200046785;0;7;0;0;2;4;2;B01
201200046785;0;7;0;0;2;1;2;A01
201200046786;0;7;0;0;2;3;1;B01
201200046786;0;2;0;0;2;1;1;A01
201200046787;0;7;0;0;9;7;22;B01
201200046787;0;1;0;1;0;1;18;A01
201200046788;0;2;0;0;2;8;2;B01
201200046788;0;7;0;0;2;1;19;A01
201200046789;0;7;0;0;0;3;15;A01
201200046789;0;34;0;0;0;1;1;B01
201200046790;0;7;0;0;0;0;1;B01
201200046790;1;10;0;0;0;1;0;A01
201200046791;0;32;0;0;2;8;0;A01
201200046791;0;7;0;0;2;2;15;B01
201200046792;0;7;0;4;0;1;0;A01
201200046793;0;7;0;0;1;1;1;A01
201200046794;0;30;0;0;0;1;0;B01
201200046794;0;7;0;0;0;3;0;A01
201200046795;1;7;0;0;1;2;1;Z01
201200046796;0;30;0;0;5;0;0;A01
201200046797;0;7;0;0;2;1;1;A01
201200046797;0;30;0;0;0;4;15;B01
201200046798;0;33;0;15;2;3;2;B01
201200046798;0;7;0;15;2;1;1;A01
201200046799;0;2;0;0;2;1;1;A01
201200046799;0;7;0;0;2;8;15;B01
201200046800;0;7;0;0;2;1;9;B01
201200046800;0;32;0;0;2;7;1;A01
201200046801;0;7;0;1;2;1;0;B01
201200046801;0;7;0;0;2;7;0;A01
201200046802;0;7;0;0;1;1;1;A01
201200046803;0;33;0;0;2;1;2;A01
201200046803;1;10;0;0;2;1;5;B01
201200046804;0;7;0;6;0;2;1;A01
201200046805;0;30;0;0;2;4;2;B01
201200046805;0;7;0;0;2;1;2;A01
201200046806;0;34;0;0;0;2;0;B01
201200046806;0;7;0;0;0;3;11;A01
201200046807;0;7;0;0;2;1;11;B01
201200046807;0;32;0;0;2;1;0;A01
201200046808;1;30;0;0;1;1;0;A01
201200046809;0;7;0;0;2;1;0;B01
201200046809;0;2;0;0;2;7;0;A01
201200046810;0;7;0;0;2;1;2;A01
201200046810;0;7;0;0;2;4;1;C01
201200046810;0;7;0;0;2;4;1;B01
201200046811;0;30;0;0;0;1;0;A01
201200046812;0;7;0;0;9;3;9;A01
201200046812;0;1;0;0;2;1;1;B01
201200046813;0;7;0;0;2;6;2;B01
201200046813;0;33;0;0;2;8;3;A01
201200046813;0;7;0;0;2;1;2;C01
201200046814;0;1;0;0;1;1;0;A01
201200046815;0;7;0;0;2;1;2;B01
201200046815;0;7;0;0;0;4;2;C01
201200046815;0;7;0;0;2;1;2;A01
201200046816;0;31;0;0;2;1;1;A01
201200046816;0;10;0;0;2;3;15;B01
201200046817;0;7;0;0;1;3;1;A01
201200046818;0;7;0;0;2;3;0;B01
201200046818;0;7;0;0;2;3;0;A01
201200046819;0;7;0;0;2;0;10;A01
201200046819;0;33;0;0;2;1;17;B01
201200046820;0;14;0;0;2;0;1;B01
201200046820;0;10;0;11;0;3;11;A01
201200046821;0;7;0;0;0;9;0;A01
201200046822;0;7;0;0;2;1;2;B01
201200046822;0;7;0;2;2;8;15;A01
201200046823;0;7;0;0;1;4;4;A01
201200046824;0;7;0;0;2;1;0;A01
201200046824;0;30;0;0;2;1;0;B01
201200046825;0;7;0;0;2;7;9;A01
201200046825;0;30;0;0;2;1;1;B01
201200046826;0;7;0;0;1;8;0;A01
201200046827;0;7;0;9;0;1;2;A01
201200046828;0;7;0;0;0;6;2;B01
201200046828;0;7;0;0;0;2;2;A01
201200046829;1;7;0;0;1;1;16;A01
201200046830;0;7;0;12;0;0;0;A01
201200046831;0;34;0;1;2;1;2;A01
201200046831;0;7;0;0;0;6;2;B01
201200046832;0;7;0;0;0;1;15;A01
201200046833;0;2;0;0;2;1;0;A01
201200046833;0;7;0;0;0;4;0;B01
201200046834;0;7;0;0;1;1;1;A01
201200046835;0;32;0;0;0;0;0;A01
201200046836;0;7;0;0;2;9;1;B01
201200046836;0;7;0;0;2;4;15;C01
201200046836;0;7;0;0;2;1;1;A01
201200046837;0;7;0;0;2;4;2;C01
201200046837;0;7;0;0;2;1;2;A01
201200046837;0;7;0;0;2;4;2;B01
201200046838;0;31;0;0;2;6;18;A01
201200046838;0;37;0;0;9;5;1;B01
201200046839;0;20;0;0;1;1;0;A01
201200046840;0;7;0;12;0;3;0;A01
201200046841;0;33;0;0;0;0;2;A01
201200046842;0;7;0;0;1;3;1;A01
201200046843;1;7;0;0;1;1;0;A01
201200046844;0;7;0;0;2;8;15;A01
201200046844;0;31;0;0;2;0;17;B01
201200046845;0;7;0;0;2;8;15;B01
201200046845;0;32;0;0;2;1;17;A01
201200046846;0;2;0;1;2;1;1;A01
201200046847;0;7;0;0;1;3;1;A01
201200046848;0;7;0;0;2;4;2;A01
201200046848;0;7;0;0;2;1;2;B01
201200046849;0;7;0;0;1;1;0;A01
201200046850;0;33;0;0;2;6;16;B01
201200046850;0;7;0;0;2;7;16;A01
201200046851;0;33;0;0;0;7;2;A01
201200046852;1;7;0;0;1;0;1;Z01
201200046853;0;7;0;0;1;2;1;A01
201200046854;0;7;0;0;2;7;19;A01
201200046854;0;7;0;0;2;1;1;B01
201200046855;0;2;0;0;0;2;2;A01
201200046856;0;1;0;0;2;1;0;B01
201200046856;0;7;0;0;2;5;16;A01
201200046857;0;1;0;0;1;1;5;A01
201200046858;1;7;0;0;1;1;1;A01
201200046859;0;7;0;0;2;1;19;A01
201200046859;0;33;0;0;2;7;0;B01
201200046860;0;1;0;0;2;1;0;B01
201200046860;0;7;0;0;9;0;0;A01
201200046861;0;10;0;0;1;1;0;A01
201200046862;0;7;0;0;1;3;2;A01
201200046863;0;7;0;0;9;3;9;A01
201200046863;0;1;0;0;0;7;15;B01
201200046864;0;30;0;0;2;8;1;B01
201200046864;0;7;0;0;2;3;16;A01
201200046865;0;1;0;1;0;2;1;B01
201200046865;0;7;0;0;2;3;0;A01
201200046866;0;7;0;0;2;3;15;A01
201200046866;0;31;0;0;2;1;17;B01
201200046867;0;14;0;0;0;2;0;A01
201200046868;0;7;0;0;2;4;0;B01
201200046868;0;10;0;0;2;1;0;A01
201200046869;0;7;0;0;2;4;2;B01
201200046869;0;30;0;0;2;1;2;A01
201200046870;0;99;0;0;1;1;0;A01
201200046871;0;3;0;15;0;3;2;A01
201200046872;0;30;0;15;0;2;0;A01
201200046873;0;2;0;0;2;1;0;B01
201200046873;0;7;0;0;2;1;20;A01
201200046874;0;32;0;0;0;7;21;A01
201200046874;0;10;0;0;0;0;12;B01
201200046875;0;2;0;0;2;1;2;B01
201200046875;0;7;0;0;2;2;15;A01
201200046876;1;7;0;0;0;3;11;Z01
201200046876;0;32;0;0;0;4;1;B01
201200046877;0;7;0;0;1;1;1;A01
201200046878;0;7;0;0;0;1;0;A01
201200046879;0;30;0;0;2;0;21;B01
201200046879;0;7;0;0;0;7;20;A01
201200046880;0;7;0;0;2;4;23;B01
201200046880;0;7;0;0;2;1;2;A01
201200046881;0;7;0;0;2;5;0;B01
201200046881;0;7;0;0;2;1;0;A01
201200046882;0;7;0;0;1;8;1;A01
201200046883;0;33;0;0;2;8;2;B01
201200046883;0;7;0;0;2;3;15;A01
201200046884;0;7;0;0;2;2;2;B01
201200046884;0;32;0;0;2;8;2;A01
201200046885;0;7;0;0;2;1;2;A01
201200046885;0;7;0;0;2;4;1;B01
201200046886;0;2;0;0;0;8;1;A01
201200046887;0;7;0;0;2;5;1;B01
201200046887;0;30;0;0;2;3;2;A01
201200046888;0;7;0;0;1;1;1;A01
201200046889;0;2;0;3;0;1;1;A01
201200046890;0;15;0;0;2;7;23;B01
201200046890;0;14;0;1;0;1;1;A01
201200046891;0;15;0;0;2;1;2;A01
201200046891;0;10;0;0;0;4;1;B01
201200046892;0;30;0;12;0;2;1;A01
201200046893;0;32;0;3;0;1;1;A01
201200046894;0;14;0;0;0;2;2;A01
201200046894;0;7;0;0;0;4;2;B01
201200046895;0;10;0;0;2;2;11;A01
201200046895;0;7;0;0;0;4;1;B01
201200046896;0;33;0;0;5;1;0;A01
201200046897;1;30;0;0;0;0;0;A01
201200046898;0;7;0;0;0;2;9;A01
201200046898;0;32;0;0;0;7;2;B01
201200046899;0;1;0;0;2;4;1;B01
201200046899;0;31;0;0;2;1;1;A01
201200046900;0;7;0;0;2;6;16;B01
201200046900;0;7;0;0;2;2;2;A01
201200046901;0;7;0;0;2;3;9;B01
201200046901;0;33;0;0;2;1;21;A01
201200046902;0;7;0;0;2;1;2;A01
201200046902;2;7;0;0;0;4;1;B01
201200046903;0;33;0;15;0;7;18;A01
201200046904;0;7;0;0;0;4;1;B01
201200046904;0;2;0;0;2;1;2;A01
201200046905;0;34;0;12;0;1;16;A01
201200046906;0;7;0;0;2;7;15;A01
201200046906;0;7;0;0;2;1;1;B01
201200046907;0;7;0;0;2;3;2;C01
201200046907;0;33;0;0;2;1;2;B01
201200046907;0;7;0;0;2;3;2;D01
201200046907;0;7;0;0;2;1;15;A01
201200046908;0;30;0;0;0;7;15;A01
201200046908;0;7;0;0;0;8;15;B01
201200046909;0;7;0;0;1;1;2;A01
201200046910;0;10;0;10;0;1;1;A01
201200046911;0;10;0;0;2;8;2;B01
201200046911;0;15;0;0;2;3;15;A01
201200046912;0;33;0;0;2;1;1;A01
201200046912;0;7;0;0;2;7;15;B01
201200046913;0;7;0;0;1;2;1;A01
201200046914;0;7;0;0;2;1;1;B01
201200046914;0;2;0;0;2;3;5;A01
201200046915;0;7;0;0;2;1;13;A01
201200046915;0;7;0;0;2;1;1;B01
201200046916;0;7;0;2;1;1;1;A01
201200046917;0;7;0;0;2;2;21;A01
201200046917;0;7;0;2;2;6;21;B01
201200046918;0;7;0;12;0;2;1;A01
201200046919;0;7;0;0;2;0;1;B01
201200046919;0;7;0;0;0;4;1;C01
201200046919;0;13;0;0;2;1;1;A01
201200046920;0;7;0;4;0;1;0;A01
201200046921;0;7;0;0;1;1;1;A01
201200046922;0;33;0;0;2;6;1;B01
201200046922;0;7;0;0;2;2;2;A01
201200046923;2;7;0;0;2;7;15;A01
201200046923;0;10;0;0;2;1;2;B01
201200046924;0;7;0;0;0;0;20;A01
201200046924;0;7;0;0;0;0;1;B01
201200046925;0;37;1;0;2;7;21;B01
201200046925;0;1;0;0;2;3;19;A01
201200046926;0;14;0;0;2;1;15;A01
201200046926;0;2;0;0;2;8;1;B01
201200046927;0;7;0;0;9;1;1;B01
201200046927;0;1;0;0;2;1;1;A01