num_acc;senc;catv;occutc;obs;obsm;choc;manv;num_veh
201200046928;0;7;0;0;1;7;1;B01
201200046929;0;7;0;0;2;1;14;A01
201200046929;0;7;0;0;2;4;1;B01
201200046930;0;7;0;0;2;3;1;A01
201200046930;0;14;0;0;2;1;15;B01
201200046931;0;1;0;0;2;1;1;B01
201200046931;1;7;0;0;0;0;1;Z01
201200046931;0;7;0;7;2;1;1;A01
201200046932;0;33;0;0;1;3;1;A01
201200046933;0;7;0;0;2;1;2;A01
201200046933;0;7;0;0;2;4;23;B01
201200046934;0;7;0;0;2;1;2;A01
201200046934;0;7;0;0;2;4;22;B01
201200046935;0;13;0;0;1;5;0;A01
201200046936;0;7;0;8;2;6;0;B01
201200046936;2;33;0;0;2;1;1;A01
201200046937;0;7;0;0;2;1;2;A01
201200046937;0;7;0;0;2;4;23;B01
201200046938;0;10;0;0;1;4;4;A01
201200046939;0;37;10;0;2;5;15;B01
201200046939;0;37;8;0;2;2;15;A01
201200046940;0;10;0;0;2;3;1;B01
201200046940;0;7;0;0;2;2;1;A01
201200046941;0;33;0;0;0;7;1;A01
201200046942;0;37;0;0;2;1;2;A01
201200046942;0;7;0;0;0;4;2;B01
201200046943;0;7;0;0;2;1;2;B01
201200046944;0;30;0;1;2;7;1;A01
201200046944;0;7;0;0;2;1;1;B01
201200046945;0;16;0;0;2;3;1;B01
201200046945;0;17;0;0;2;7;20;A01
201200046946;1;7;0;0;1;3;15;Z01
201200046947;0;2;0;0;2;3;9;A01
201200046947;0;7;0;0;2;5;1;B01
201200046948;0;7;0;0;9;5;9;A01
201200046948;0;1;0;0;2;1;1;B01
201200046949;0;7;0;0;1;1;1;A01
201200046950;0;17;0;15;0;4;4;A01
201200046951;0;7;0;0;1;2;1;A01
201200046952;0;14;0;0;2;4;1;B01
201200046952;0;17;0;0;2;1;2;A01
201200046953;0;37;1;0;2;2;0;B01
201200046953;0;30;0;0;9;3;0;A01
201200046954;0;7;0;0;2;1;2;A01
201200046954;0;7;0;0;2;4;1;B01
201200046955;0;7;0;14;0;1;1;A01
201200046956;0;7;0;0;1;4;4;A01
201200046957;0;7;0;2;0;2;2;A01
201200046958;0;33;0;0;2;8;1;A01
201200046958;0;7;0;0;2;6;1;B01
201200046959;0;7;0;0;2;3;13;A01
201200046959;0;7;0;11;2;2;1;B01
201200046960;0;33;0;0;2;2;2;B01
201200046960;0;7;0;0;2;6;11;A01
201200046961;0;7;0;0;2;3;2;A01
201200046961;0;7;0;0;0;4;23;D01
201200046961;0;7;0;0;2;4;23;C01
201200046961;0;7;0;0;2;4;23;B01
201200046962;0;7;0;0;2;3;21;B01
201200046962;0;13;0;0;2;2;21;A01
201200046963;0;7;0;0;1;4;23;C01
201200046963;0;7;0;0;2;1;2;A01
201200046963;0;7;0;0;2;4;23;B01
201200046964;0;7;0;0;1;3;1;A01
201200046965;0;34;0;0;0;9;1;A01
201200046966;0;7;0;4;2;4;1;C01
201200046966;0;7;0;1;2;1;1;A01
201200046967;0;10;0;0;0;2;1;B01
201200046967;0;7;0;0;2;1;1;A01
201200046968;0;31;0;0;0;8;1;A01
201200046969;0;2;0;0;0;1;5;A01
201200046969;0;7;0;0;0;1;0;B01
201200046970;0;34;0;0;2;1;1;A01
201200046970;0;7;0;0;2;4;23;B01
201200046971;0;31;0;0;1;2;1;A01
201200046972;0;7;0;0;1;2;2;A01
201200046973;0;7;0;0;2;6;1;C01
201200046973;0;7;0;0;2;2;12;A01
201200046973;0;34;0;0;2;8;3;B01
201200046974;0;2;0;0;2;1;3;A01
201200046974;0;7;0;0;2;6;11;B01
201200046975;0;34;0;0;0;0;21;A01
201200046976;0;7;0;0;2;1;6;A01
201200046976;0;7;0;0;2;6;1;B01
201200046977;0;7;0;0;1;1;1;A01
201200046978;0;7;0;0;1;2;7;A01
201200046979;0;3;0;0;2;1;18;A01
201200046979;0;7;0;0;2;2;1;B01
201200046980;1;7;0;0;2;4;1;Z01
201200046980;0;37;0;0;2;2;1;A01
201200046981;0;34;0;1;0;1;1;A01
201200046982;0;37;0;0;1;1;1;A01
201200046983;0;30;0;0;2;1;1;A01
201200046983;1;32;0;0;2;1;1;Z01
201200046984;0;34;0;0;2;1;17;B01
201200046984;0;7;0;0;2;8;10;A01
201200046985;0;7;0;0;2;8;1;A01
201200046985;0;33;0;0;2;1;1;B01
201200046986;0;34;0;0;2;1;2;A01
201200046986;0;7;0;0;2;4;1;B01
201200046987;0;7;0;0;2;1;2;A01
201200046987;0;7;0;0;2;4;1;B01
201200046988;0;33;0;0;2;1;5;B01
201200046988;0;10;0;0;2;3;15;A01
201200046989;0;7;0;0;2;1;2;A01
201200046989;0;10;0;0;2;4;1;B01
201200046990;0;7;0;0;2;3;15;A01
201200046990;0;34;0;0;2;3;1;B01
201200046991;0;34;0;0;2;2;12;A01
201200046991;0;7;0;0;2;6;1;B01
201200046992;0;7;0;0;2;1;2;A01
201200046992;0;7;0;0;2;4;1;B01
201200046993;0;7;0;0;2;1;2;A01
201200046993;0;20;0;0;2;3;9;B01
201200046994;0;33;0;0;2;1;1;B01
201200046994;0;7;0;0;2;4;9;A01
201200046995;0;7;0;0;2;4;1;A01
201200046995;0;7;0;0;2;1;2;B01
201200046996;0;7;0;0;2;2;1;B01
201200046996;0;13;0;0;2;1;1;A01
201200046997;0;7;0;0;1;7;1;A01
201200046998;0;33;0;1;0;1;1;A01
201200046999;0;7;0;0;2;2;21;A01
201200046999;0;7;0;0;0;4;23;C01
201200046999;0;7;0;0;2;1;23;B01
201200047000;0;33;0;0;0;8;14;A01
201200047001;0;7;0;0;2;2;19;A01
201200047001;0;7;0;0;2;5;0;B01
201200047002;0;7;0;0;1;2;16;A01
201200047003;0;7;0;0;1;3;2;A01
201200047004;0;7;0;13;0;9;1;A01
201200047005;0;7;0;4;0;3;1;A01
201200047006;0;7;0;0;9;7;1;A01
201200047006;0;37;30;0;2;1;1;B01
201200047007;0;7;0;0;2;4;2;B01
201200047007;0;10;0;0;2;1;2;A01
201200047008;0;7;0;0;1;0;20;A01
201200047009;0;33;0;0;2;7;1;A01
201200047009;0;7;0;0;2;8;15;B01
201200047010;0;30;0;0;0;6;0;A01
201200047011;0;7;0;4;2;9;9;A01
201200047011;0;17;0;0;2;7;1;B01
201200047012;0;3;0;0;2;3;22;A01
201200047012;0;2;0;0;2;1;17;B01
201200047013;0;33;0;0;0;7;2;A01
201200047014;1;2;0;0;0;0;0;A01
201200047015;0;7;0;0;2;3;1;B01
201200047015;0;7;0;0;2;1;15;A01
201200047016;0;2;0;0;2;1;1;B01
201200047016;0;7;0;0;2;2;15;A01
201200047017;0;31;0;1;0;1;0;A01
201200047017;0;7;0;0;0;0;0;B01
201200047018;0;7;0;0;0;1;15;A01
201200047018;0;7;0;0;0;3;1;B01
201200047019;0;33;0;0;2;1;2;A01
201200047019;0;7;0;0;0;4;2;B01
201200047020;0;30;0;0;0;0;2;A01
201200047021;0;7;0;0;2;1;1;B01
201200047021;0;7;0;0;2;1;5;A01
201200047022;0;30;0;0;2;2;17;B01
201200047022;0;7;0;0;2;3;15;A01
201200047023;0;17;0;0;0;6;1;B01
201200047023;0;7;0;0;2;1;15;A01
201200047024;0;7;0;0;0;7;1;A01
201200047024;0;37;0;0;0;1;1;B01
201200047025;0;7;0;0;0;0;0;D01
201200047025;0;7;0;0;0;2;9;A01
201200047025;0;33;0;1;0;0;1;B01
201200047025;0;33;0;0;0;0;1;C01
201200047026;0;15;0;0;2;3;11;A01
201200047026;0;7;0;0;2;2;2;B01
201200047027;0;7;0;15;0;1;12;A01
201200047028;0;7;0;0;0;0;0;A01
201200047029;0;7;0;0;2;3;1;B01
201200047029;0;7;0;0;2;3;15;A01
201200047030;0;7;0;0;2;1;0;A01
201200047030;0;7;0;0;2;1;0;B01
201200047031;0;31;0;0;2;8;1;B01
201200047031;1;7;0;0;0;0;16;A01
201200047032;0;7;0;1;0;9;1;A01
201200047033;0;7;0;0;2;5;1;A01
201200047033;0;7;0;0;2;2;15;B01
201200047034;0;7;0;0;2;3;15;A01
201200047034;0;37;0;0;2;2;7;B01
201200047035;0;7;0;0;0;4;2;B01
201200047035;0;7;0;0;2;1;2;A01
201200047036;0;7;0;4;0;3;1;A01
201200047037;1;7;0;0;0;4;2;D01
201200047037;1;7;0;0;2;1;2;C01
201200047037;0;10;0;0;2;1;2;A01
201200047037;0;7;0;0;2;4;2;B01
201200047038;0;7;0;0;2;4;0;B01
201200047038;0;7;0;0;0;7;15;C01
201200047038;0;7;0;0;2;1;2;A01
201200047039;0;7;0;0;2;1;2;A01
201200047039;0;7;0;0;2;4;1;B01
201200047040;0;7;0;11;0;8;2;A01
201200047041;0;7;0;0;1;1;1;A01
201200047042;0;7;0;0;2;4;2;D01
201200047042;0;7;0;0;2;1;2;A01
201200047042;0;7;0;0;2;4;2;B01
201200047042;0;7;0;0;2;4;2;C01
201200047043;0;7;0;15;0;1;1;A01
201200047044;0;7;0;0;2;3;1;B01
201200047044;0;14;0;0;2;8;5;A01
201200047045;0;7;0;0;1;2;1;A01
201200047046;0;10;0;0;1;1;1;A01
201200047047;0;7;0;1;2;2;21;B01
201200047047;1;7;0;0;2;3;9;A01
201200047048;0;14;0;4;0;3;1;A01
201200047049;0;7;0;0;1;3;0;A01
201200047050;0;7;0;0;2;1;19;A01
201200047050;0;7;0;0;2;8;1;B01
201200047051;0;2;0;0;0;0;17;A01
201200047051;0;7;0;0;0;8;15;B01
201200047052;0;1;0;0;0;4;0;B01
201200047052;0;7;0;0;2;1;9;A01
201200047053;0;7;0;0;2;1;0;A01
201200047053;0;10;0;0;0;3;9;B01
201200047054;0;33;0;0;1;1;0;A01
201200047055;0;7;0;0;2;1;1;A01
201200047055;0;10;0;0;2;3;1;B01
201200047056;0;33;0;0;0;0;1;A01
201200047057;0;30;0;0;0;1;1;B01
201200047057;0;7;0;0;0;8;15;C01
201200047057;0;7;0;0;2;2;15;A01
201200047058;0;2;0;0;0;0;0;A01
201200047059;0;7;0;0;1;2;11;A01
201200047060;0;15;0;0;2;2;2;A01
201200047060;0;7;0;0;2;8;2;B01
201200047061;0;7;0;14;9;1;0;A01
201200047062;0;10;0;0;2;2;11;A01
201200047062;0;7;0;0;2;1;2;B01
201200047063;0;34;0;0;0;8;2;A01
201200047064;0;1;0;0;2;1;2;B01
201200047064;0;7;0;0;2;3;15;A01
201200047065;0;7;0;0;1;2;15;A01
201200047066;0;7;0;0;2;1;0;A01
201200047066;0;7;0;0;2;3;0;B01
201200047067;0;7;0;0;2;2;1;A01
201200047067;0;33;0;0;2;6;2;B01
201200047068;0;33;0;0;0;0;0;A01
201200047069;0;33;0;0;2;2;15;A01
201200047069;0;7;0;0;2;1;1;B01
201200047070;0;33;0;0;2;1;2;B01
201200047070;0;10;0;0;2;3;9;A01
201200047071;0;7;0;0;0;1;2;A01
201200047071;0;7;0;0;0;4;2;B01
201200047072;0;7;0;0;1;1;1;A01
201200047073;0;7;0;0;2;4;2;B01
201200047073;0;7;0;0;2;1;2;A01
201200047074;0;7;0;0;1;8;1;A01
201200047075;0;32;0;0;2;3;18;B01
201200047075;0;7;0;0;2;5;14;A01
201200047076;0;7;0;0;2;8;10;B01
201200047076;0;32;0;0;2;7;17;A01
201200047077;0;7;0;0;2;3;9;A01
201200047077;0;2;0;0;2;1;1;B01
201200047078;1;7;0;0;2;8;18;A01
201200047078;0;34;0;0;2;7;1;B01
201200047079;0;7;0;0;1;2;15;A01
201200047080;0;7;0;0;1;3;15;A01
201200047081;0;7;0;0;2;5;2;B01
201200047081;0;7;0;0;2;4;1;C01
201200047081;0;7;0;0;2;3;11;A01
201200047082;0;7;0;0;1;1;16;A01
201200047083;0;7;0;0;2;2;1;C01
201200047083;0;7;0;0;2;3;1;B01
201200047083;0;7;0;0;2;7;15;A01
201200047084;0;7;0;0;2;3;15;A01
201200047084;0;31;0;14;2;1;1;B01
201200047085;0;7;0;0;1;2;1;A01
201200047086;0;7;0;0;2;7;15;A01
201200047086;0;33;0;0;2;1;21;B01
201200047087;1;7;0;0;1;1;5;A01
201200047088;0;2;0;14;0;1;14;A01
201200047089;0;7;0;0;1;2;1;A01
201200047090;0;7;0;0;2;1;15;A01
201200047090;0;1;0;0;2;8;1;B01
201200047091;0;7;0;0;2;8;10;A01
201200047091;0;33;0;0;2;1;1;B01
201200047092;0;2;0;0;2;3;18;B01
201200047092;0;10;0;0;2;7;12;A01
201200047093;0;2;0;0;9;7;1;A01
201200047094;0;33;0;0;2;1;1;B01
201200047094;0;7;0;0;2;3;15;A01
201200047095;0;34;0;12;0;2;18;A01
201200047096;0;37;1;0;1;2;9;A01
201200047097;0;33;0;0;2;1;1;B01
201200047097;0;7;0;0;2;8;10;A01
201200047098;0;32;0;0;1;1;1;A01
201200047099;0;1;0;0;2;1;1;B01
201200047099;0;7;0;0;2;7;23;A01
201200047100;0;7;0;0;1;1;1;A01
201200047101;0;10;0;0;1;3;1;A01
201200047102;0;2;0;1;0;6;0;A01
201200047103;1;7;0;16;2;2;14;A01
201200047103;0;35;0;1;2;7;18;B01
201200047104;0;7;0;0;9;3;11;A01
201200047104;0;33;0;0;0;1;1;C01
201200047104;0;33;0;0;2;1;1;B01
201200047105;0;7;0;0;0;6;2;B01
201200047105;1;7;0;0;0;3;2;Z01
201200047106;0;37;1;0;1;1;7;A01
201200047107;0;13;0;0;2;6;15;A01
201200047107;0;32;0;0;2;7;17;B01
201200047108;2;2;0;0;1;1;1;A01
201200047109;0;31;0;0;0;7;17;B01
201200047109;0;7;0;0;2;8;15;A01
201200047110;0;7;0;0;1;1;1;A01
201200047111;0;14;0;0;2;5;15;B01
201200047111;0;2;0;0;2;1;1;A01
201200047112;0;33;0;0;1;1;1;A01
201200047113;0;33;0;0;2;3;18;B01
201200047113;1;7;0;0;2;7;14;Z01
201200047114;0;1;0;0;2;1;2;A01
201200047114;0;37;1;0;0;4;23;B01
201200047115;0;7;0;0;2;1;2;A01
201200047115;0;7;0;0;2;4;15;B01
201200047116;0;10;0;0;2;6;21;A01
201200047116;0;32;0;0;2;1;2;B01
201200047117;0;7;0;0;2;3;15;B01
201200047117;0;33;0;0;2;7;17;A01
201200047118;0;37;12;0;2;5;1;B01
201200047118;0;10;0;0;2;5;4;A01
201200047119;0;7;0;0;2;8;20;B01
201200047119;0;30;0;0;2;0;17;A01
201200047120;0;32;0;0;0;0;1;A01
201200047121;0;7;0;0;1;3;2;A01
201200047122;0;33;0;12;0;2;6;A01
201200047123;0;1;0;15;0;1;0;A01
201200047124;0;7;0;9;0;3;0;A01
201200047125;0;7;0;0;2;7;12;A01
201200047125;0;33;0;0;2;3;1;B01
201200047126;0;7;0;0;2;8;0;B01
201200047126;0;7;0;0;2;1;0;A01
201200047127;0;7;0;0;2;4;2;B01
201200047127;0;7;0;0;2;1;2;A01
201200047128;0;7;0;0;2;7;15;A01
201200047128;0;30;0;0;2;1;1;B01
201200047129;0;7;0;0;1;3;2;A01
201200047130;0;33;0;0;1;1;2;A01
201200047131;0;7;0;0;2;2;15;B01
201200047131;0;33;0;0;2;1;9;A01
201200047132;0;13;0;0;0;4;23;B01
201200047132;0;32;0;1;0;1;18;A01
201200047133;0;2;0;0;2;1;5;B01
201200047133;0;7;0;0;2;2;9;A01
201200047134;0;7;0;0;2;4;23;B01
201200047134;0;7;0;0;2;1;1;A01
201200047135;0;36;0;1;0;2;0;A01
201200047136;0;7;0;0;1;2;1;A01
201200047137;0;30;0;14;0;5;2;A01
201200047138;1;7;0;0;0;1;2;A01
201200047138;0;30;0;0;0;6;2;B01
201200047139;0;7;0;0;0;6;23;B01
201200047139;0;7;0;0;2;2;21;A01
201200047140;0;33;0;0;0;0;18;A01
201200047141;0;33;0;0;0;8;1;A01
201200047142;0;2;0;0;2;1;7;A01
201200047142;0;7;0;0;9;3;15;B01
201200047143;0;7;0;0;2;3;15;B01
201200047143;0;7;0;9;2;1;18;A01
201200047144;0;2;0;0;1;1;1;A01
201200047145;0;7;0;0;2;3;15;B01
201200047145;0;2;0;0;2;1;17;A01
201200047146;0;7;0;0;1;1;1;A01
201200047147;0;7;0;9;1;1;14;A01
201200047148;0;34;0;0;2;1;1;B01
201200047148;0;7;0;0;2;6;19;A01
201200047149;0;7;0;0;2;6;13;B01
201200047149;0;33;0;0;2;2;17;A01
201200047150;0;7;0;0;2;3;1;B01
201200047150;0;7;0;0;2;2;10;A01
201200047151;0;1;0;0;2;1;1;B01
201200047151;0;7;0;0;9;2;1;A01
201200047152;0;7;0;0;2;2;1;B01
201200047152;0;7;0;0;2;8;15;A01
201200047153;1;10;0;0;1;7;1;A01
201200047154;0;7;0;0;1;3;15;A01
201200047155;0;1;0;1;0;7;0;A01
201200047156;0;10;0;0;2;6;18;B01
201200047156;0;14;0;0;2;2;1;A01
201200047157;0;7;0;0;2;6;23;B01
201200047157;0;7;0;0;2;2;17;A01
201200047158;0;33;0;0;2;3;15;B01
201200047158;0;2;0;0;2;2;17;A01
201200047159;0;7;0;0;2;4;2;B01
201200047159;1;7;0;0;2;1;2;A01
201200047160;0;7;0;0;1;2;1;A01
201200047161;0;7;0;15;0;2;0;B01
201200047162;0;2;0;0;9;3;0;A01
201200047162;0;1;0;0;2;1;15;B01
201200047163;0;7;0;1;0;3;1;A01
201200047164;0;7;0;0;1;2;16;A01
201200047165;0;7;0;0;2;2;12;A01
201200047165;0;32;0;0;2;8;1;B01
201200047166;0;32;0;0;2;6;0;B01
201200047166;0;10;0;0;9;1;0;A01
201200047167;0;7;0;0;1;2;15;A01
201200047168;0;7;0;0;1;2;9;A01
201200047169;0;10;0;0;1;4;4;A01
201200047170;1;7;0;0;2;1;5;A01
201200047170;0;30;0;0;2;7;2;B01
201200047171;0;34;0;0;0;0;21;A01
201200047172;0;7;0;0;1;1;15;A01
201200047173;0;30;0;0;0;0;2;A01
201200047174;0;1;0;0;0;0;0;A01
201200047175;1;7;0;0;1;2;0;A01
201200047176;0;7;0;0;2;7;15;A01
201200047176;0;33;0;0;2;1;1;B01
201200047177;0;7;0;0;1;7;0;A01
201200047178;0;7;0;6;0;1;1;A01
201200047179;0;10;0;0;2;3;13;B01
201200047179;0;10;0;0;2;3;13;A01
201200047180;0;1;0;0;1;1;2;A01
201200047181;0;7;0;3;0;3;0;A01
201200047182;0;2;0;0;2;1;15;A01
201200047182;0;2;0;0;0;8;15;B01
201200047183;0;7;0;0;1;2;0;A01
201200047184;0;7;0;1;0;2;14;A01
201200047185;0;33;0;8;0;2;2;A01
201200047186;0;30;0;0;0;7;1;A01
201200047187;0;7;0;0;2;1;1;A01
201200047187;0;7;0;0;2;8;1;B01
201200047188;0;7;0;0;0;6;10;A01
201200047188;0;32;0;0;0;3;2;B01
201200047189;0;7;0;1;0;4;0;B01
201200047189;0;7;0;0;0;0;24;A01
201200047189;0;31;0;0;2;1;1;C01
201200047190;0;7;0;8;0;8;1;B01
201200047190;0;7;0;6;2;1;1;A01
201200047191;0;2;0;0;1;3;2;A01
201200047192;0;34;0;1;2;1;1;B01
201200047192;0;7;0;0;2;2;15;A01
201200047193;0;7;0;1;0;6;2;A01
201200047194;0;7;0;0;0;4;1;C01
201200047194;0;7;0;0;0;1;1;A01
201200047194;0;7;0;0;0;9;1;B01
201200047195;0;30;0;0;2;7;12;B01
201200047195;0;31;0;0;2;8;18;A01
201200047196;0;33;0;0;2;3;1;B01
201200047196;0;7;0;0;2;2;15;A01
201200047197;0;30;0;0;2;8;1;B01
201200047197;0;10;0;0;2;1;15;A01
201200047198;1;7;0;0;2;1;9;Z01
201200047198;0;30;0;0;2;2;1;A01
201200047199;0;7;0;0;1;2;1;A01
201200047200;0;7;0;0;1;1;9;A01
201200047201;0;7;0;0;2;8;1;B01
201200047201;0;7;0;0;2;1;1;A01
201200047202;0;33;0;0;1;7;17;A01
201200047203;0;99;0;9;0;1;1;A01
201200047204;0;7;0;0;2;1;1;B01
201200047204;0;7;0;0;2;2;15;A01
201200047205;0;1;0;0;2;1;2;A01
201200047205;0;10;0;0;2;5;1;B01
201200047206;0;7;0;0;2;2;15;A01
201200047206;0;32;0;0;2;1;1;B01
201200047207;0;7;0;0;2;7;12;A01
201200047207;0;30;0;0;2;8;1;B01
201200047208;0;7;0;0;2;2;15;A01
201200047208;0;7;0;0;2;1;1;B01
201200047209;0;1;0;0;1;1;1;A01
201200047210;0;34;0;0;1;1;1;A01
201200047211;0;7;0;0;1;2;1;A01
201200047212;0;7;0;1;2;1;19;B01
201200047212;0;34;0;1;2;1;1;A01
201200047213;0;33;0;0;2;1;1;B01
201200047213;0;7;0;0;0;3;19;A01
201200047214;0;1;0;0;2;1;1;A01
201200047214;0;7;0;0;2;6;1;B01
201200047215;0;1;0;0;2;0;2;B01
201200047215;0;7;0;0;9;0;17;A01
201200047216;0;37;10;0;2;1;15;B01
201200047216;1;7;0;0;9;1;9;Z01
201200047217;0;10;0;0;1;1;1;A01
201200047218;1;10;0;0;1;1;1;Z01
201200047219;0;10;0;0;2;6;1;B01
201200047219;0;10;0;1;2;1;1;A01
201200047220;0;33;0;0;1;1;17;A01
201200047221;0;7;0;0;1;1;1;A01
201200047222;0;34;0;0;2;8;1;B01
201200047222;0;7;0;0;2;2;14;A01
201200047223;0;7;0;0;1;1;15;A01
201200047224;0;31;0;1;0;9;2;A01
201200047225;1;10;0;0;2;0;10;Z01
201200047225;0;31;0;0;2;1;1;A01
201200047226;0;32;0;0;1;8;1;A01
201200047227;1;99;0;1;0;1;1;Z01
201200047228;0;7;0;0;1;1;1;A01
201200047229;0;7;0;0;2;2;15;A01
201200047229;0;32;0;0;2;1;1;B01
201200047230;0;32;0;11;0;1;1;A01
201200047231;0;7;0;0;1;1;1;A01
201200047232;0;7;0;0;2;2;1;A01
201200047232;0;7;0;1;2;8;9;C01
201200047232;0;7;0;0;2;2;1;B01
201200047233;0;7;0;0;9;3;15;A01
201200047233;0;37;1;0;2;3;16;B01
201200047234;0;7;0;0;1;3;1;A01
201200047235;1;7;0;0;1;0;0;Z01
201200047236;0;32;0;0;2;1;1;B01
201200047236;0;7;0;0;2;4;12;A01
201200047237;0;30;0;1;0;1;1;A01
201200047238;0;10;0;0;2;1;1;A01
201200047238;0;7;0;0;2;4;1;B01
201200047239;0;7;0;0;2;5;15;A01
201200047239;0;30;0;0;2;1;1;B01
201200047240;0;10;0;0;2;2;2;C01
201200047240;0;7;0;0;2;6;23;A01
201200047240;0;10;0;0;2;9;1;B01
201200047241;0;30;0;0;2;1;1;B01
201200047241;0;7;0;0;2;3;9;A01
201200047242;0;7;0;0;1;3;15;A01
201200047243;0;7;0;0;1;3;15;A01
201200047244;0;32;0;0;2;1;1;B01
201200047244;0;7;0;0;2;2;15;A01
201200047245;0;7;0;0;1;3;1;A01
201200047246;0;32;0;0;1;1;3;A01
201200047247;0;30;0;0;2;9;1;B01
201200047247;0;7;0;0;2;5;10;A01
201200047248;0;10;0;0;2;5;15;A01
201200047248;0;2;0;0;2;1;1;B01
201200047249;0;10;0;0;0;4;4;A01
201200047249;0;1;0;0;2;1;23;B01
201200047250;0;33;0;0;2;7;1;B01
201200047250;0;7;0;0;2;1;19;A01
201200047251;0;7;0;0;1;1;1;A01
201200047252;0;7;0;0;2;2;10;A01
201200047252;0;34;0;0;2;9;1;B01
201200047253;0;7;0;0;2;7;15;A01
201200047253;0;2;0;0;2;1;1;B01
201200047254;0;33;0;0;2;1;1;B01
201200047254;0;7;0;0;2;4;15;A01
201200047255;0;33;0;0;2;1;1;B01
201200047255;0;7;0;0;2;1;15;A01
201200047256;0;7;0;0;2;2;9;A01
201200047256;0;30;0;0;2;7;1;B01
201200047257;0;30;0;0;1;1;1;A01
201200047258;0;34;0;0;1;1;1;A01
201200047259;0;2;0;0;0;0;15;A01
201200047260;0;30;0;0;2;1;1;A01
201200047260;0;7;0;0;2;3;1;B01
201200047261;0;7;0;0;2;4;1;B01
201200047261;0;2;0;0;2;8;1;A01
201200047262;1;7;0;0;1;1;1;A01
201200047263;0;32;0;0;2;7;17;B01
201200047263;0;7;0;0;2;3;13;A01
201200047264;0;10;0;0;2;1;15;A01
201200047264;0;30;0;0;2;8;1;B01
201200047265;0;32;0;0;2;1;2;A01
201200047265;0;7;0;0;2;6;1;B01
201200047266;0;7;0;0;2;3;16;B01
201200047266;0;30;0;0;2;8;5;A01
201200047267;0;33;0;0;2;1;1;B01
201200047267;0;7;0;0;2;1;15;A01
201200047268;0;7;0;0;1;3;1;A01
201200047269;0;7;0;0;2;1;1;B01
201200047269;0;7;0;0;2;3;15;A01
201200047270;0;7;0;0;2;4;1;B01
201200047270;0;7;0;0;2;1;2;A01
201200047271;0;7;0;0;2;1;2;A01
201200047271;0;7;0;0;2;4;23;B01
201200047271;0;7;0;0;2;4;23;C01
201200047272;0;7;0;0;1;1;1;A01
201200047273;0;7;0;0;1;1;1;A01
201200047274;0;30;0;0;2;1;2;A01
201200047274;0;30;0;0;2;4;1;B01
201200047275;0;7;0;14;2;1;2;A01
201200047275;0;7;0;0;2;4;1;B01
201200047276;0;7;0;0;2;3;15;A01
201200047276;0;32;0;0;2;8;1;B01
201200047277;0;7;0;0;1;1;1;A01
201200047278;0;7;0;0;1;3;1;A01
201200047279;1;7;0;0;1;1;1;A01
201200047280;0;33;0;1;2;3;1;A01
201200047280;0;7;0;0;2;3;15;B01
201200047281;0;7;0;0;2;7;10;A01
201200047281;0;34;0;0;2;1;1;B01
201200047282;0;34;0;0;2;1;1;B01
201200047282;0;7;0;0;2;1;5;A01
201200047283;0;7;0;0;1;2;16;A01
201200047284;0;7;0;0;2;6;12;A01
201200047284;0;33;0;0;2;8;1;B01
201200047285;0;33;0;0;2;1;2;A01
201200047285;0;10;0;0;2;4;1;B01
201200047286;0;34;0;0;2;3;1;B01
201200047286;0;7;0;0;2;2;14;A01
201200047287;0;31;0;0;2;1;17;A01
201200047287;0;7;0;0;2;3;15;B01
201200047288;0;7;0;0;2;3;15;B01
201200047288;0;7;0;0;2;1;1;A01
201200047289;0;32;0;0;2;4;1;B01
201200047289;0;7;0;0;2;1;2;A01
201200047290;0;7;0;0;2;1;15;A01
201200047290;0;33;0;0;2;1;1;B01
201200047291;0;7;0;0;2;1;2;A01
201200047291;0;7;0;0;2;4;1;B01
201200047292;0;7;0;0;2;5;23;B01
201200047292;0;30;0;0;2;1;3;A01
201200047293;0;30;0;0;1;1;1;A01
201200047294;0;33;0;0;2;1;13;A01
201200047294;0;7;0;0;2;2;0;B01
201200047295;0;10;0;0;0;5;15;B01
201200047295;0;34;0;0;0;1;17;A01
201200047296;0;2;0;0;2;1;1;A01
201200047296;0;7;0;0;2;3;0;B01
201200047297;0;7;0;1;0;1;1;A01
201200047298;0;7;0;0;1;1;1;A01
201200047299;1;7;0;0;0;0;0;A01
201200047300;0;7;0;1;0;1;1;A01
201200047301;0;7;0;0;2;8;2;A01
201200047301;0;32;0;0;2;1;0;B01
201200047302;0;7;0;0;0;0;15;A01
201200047302;0;33;0;0;2;0;1;B01
201200047303;0;10;0;0;2;3;0;A01
201200047303;0;7;0;0;2;1;1;B01
201200047304;0;7;0;0;2;8;2;B01
201200047304;0;7;0;0;2;7;2;C01
201200047304;0;30;0;1;2;1;3;A01
201200047305;0;7;0;0;0;4;2;A01
201200047305;0;2;0;0;2;1;2;B01
201200047306;0;1;0;0;2;1;1;B01
201200047306;0;1;0;0;2;1;1;A01
201200047307;0;33;0;0;2;2;17;B01
201200047307;0;7;0;0;2;3;15;A01
201200047308;0;7;0;0;2;3;0;A01
201200047308;0;33;0;1;0;1;1;B01
201200047309;0;2;0;0;2;1;1;A01
201200047309;0;7;0;0;2;2;9;B01
201200047310;0;7;0;0;2;7;12;A01