num_acc;senc;catv;occutc;obs;obsm;choc;manv;num_veh
201200047671;1;30;0;0;1;1;3;Z01
201200047672;0;33;0;0;9;8;1;A01
201200047673;0;7;0;0;2;5;11;A01
201200047673;0;33;0;0;2;3;1;B01
201200047674;0;7;0;0;2;1;2;A01
201200047674;0;7;0;0;0;5;2;B01
201200047675;0;3;0;0;2;4;1;B01
201200047675;0;7;0;0;2;1;2;A01
201200047676;0;7;0;0;2;4;2;B01
201200047676;0;7;0;0;2;1;2;A01
201200047677;0;7;0;0;2;1;2;A01
201200047677;0;7;0;0;2;4;2;B01
201200047678;0;7;0;0;0;3;1;A01
201200047678;1;7;0;0;2;3;5;Z01
201200047679;0;7;0;0;2;7;15;B01
201200047679;0;2;0;0;2;1;1;A01
201200047680;0;7;0;0;1;3;1;A01
201200047681;0;31;0;0;1;1;1;A01
201200047682;0;7;0;1;0;2;1;A01
201200047683;0;7;0;0;1;7;1;A01
201200047684;0;7;0;0;2;3;15;A01
201200047684;0;31;0;0;2;3;1;B01
201200047685;0;31;0;0;1;1;1;A01
201200047686;0;7;0;0;1;3;1;A01
201200047687;0;37;1;0;1;2;1;A01
201200047688;0;7;0;0;2;1;15;A01
201200047688;0;2;0;0;2;6;1;B01
201200047689;0;7;0;0;1;4;4;A01
201200047690;0;7;0;0;2;7;22;A01
201200047690;0;1;0;1;0;1;17;B01
201200047691;0;7;0;0;2;5;15;A01
201200047691;0;34;0;0;2;2;1;B01
201200047692;0;7;0;1;0;7;1;A01
201200047693;0;32;0;0;1;1;1;A01
201200047694;1;7;0;0;1;0;0;A01
201200047695;0;7;0;0;1;2;1;A01
201200047696;0;37;1;0;1;0;9;A01
201200047697;1;7;0;0;1;1;0;Z01
201200047698;0;7;0;0;1;1;1;A01
201200047699;0;32;0;0;2;7;1;A01
201200047699;0;7;0;0;0;6;1;B01
201200047700;0;7;0;0;2;2;15;B01
201200047700;0;33;0;0;2;1;1;A01
201200047701;0;34;0;0;2;1;1;A01
201200047701;0;7;0;0;2;3;9;B01
201200047702;0;15;0;0;0;4;0;A01
201200047702;0;7;0;0;2;3;0;B01
201200047703;0;7;0;0;2;3;15;B01
201200047703;0;30;0;0;2;2;1;A01
201200047704;0;30;0;0;1;1;1;A01
201200047705;0;7;0;0;1;3;1;A01
201200047706;0;7;0;0;1;1;16;A01
201200047707;0;1;0;0;1;1;1;A01
201200047708;0;7;0;0;9;3;0;A01
201200047708;0;1;0;1;0;1;0;B01
201200047709;0;1;0;1;0;0;0;B01
201200047709;0;7;0;1;0;6;24;A01
201200047710;0;32;0;0;2;1;1;A01
201200047710;0;7;0;0;2;5;15;B01
201200047711;0;31;0;0;2;1;1;B01
201200047711;0;7;0;0;2;1;15;A01
201200047712;0;10;0;0;1;3;1;A01
201200047713;0;7;0;0;0;2;0;A01
201200047713;0;1;0;0;0;1;0;B01
201200047714;0;32;0;0;2;3;15;B01
201200047714;0;7;0;0;2;2;1;A01
201200047715;0;31;0;0;2;0;2;B01
201200047715;0;7;0;0;0;8;15;A01
201200047716;0;7;0;15;0;1;1;A01
201200047717;0;33;0;0;1;3;1;A01
201200047718;0;30;0;0;1;1;0;A01
201200047719;0;7;0;0;2;1;1;A01
201200047719;0;30;0;0;2;8;15;B01
201200047720;0;33;0;0;1;1;1;A01
201200047721;0;1;0;1;0;1;21;B01
201200047721;0;7;0;0;9;3;22;A01
201200047722;0;7;0;0;2;7;16;A01
201200047722;0;32;0;0;2;8;18;B01
201200047723;0;10;0;0;2;3;1;A01
201200047723;0;7;0;0;2;6;15;B01
201200047724;0;7;0;0;2;3;15;A01
201200047724;0;32;0;0;2;7;0;B01
201200047725;0;7;0;0;2;7;1;A01
201200047725;0;7;0;0;2;2;1;B01
201200047726;0;1;0;0;2;5;12;B01
201200047726;0;31;0;1;2;3;1;A01
201200047727;0;7;0;0;2;2;1;A01
201200047727;0;2;0;0;0;1;1;B01
201200047728;0;1;0;0;1;1;0;A01
201200047729;0;33;0;8;0;1;1;A01
201200047730;0;10;0;0;1;4;4;A01
201200047731;0;7;0;0;1;1;15;A01
201200047732;0;7;0;0;1;1;0;A01
201200047733;0;10;0;0;1;3;14;A01
201200047734;0;33;0;0;2;1;1;B01
201200047734;0;7;0;0;2;3;15;A01
201200047735;0;34;0;0;2;4;2;B01
201200047735;0;7;0;0;2;1;2;A01
201200047736;0;7;0;0;2;3;15;A01
201200047736;0;32;0;0;2;7;1;B01
201200047737;0;33;0;0;0;8;1;B01
201200047737;0;20;0;0;0;0;0;A01
201200047738;0;33;0;0;2;1;1;B01
201200047738;0;7;0;0;2;3;10;A01
201200047739;0;7;0;0;1;1;15;A01
201200047740;0;34;0;0;2;1;1;B01
201200047740;0;7;0;0;2;7;15;A01
201200047741;0;34;0;0;2;2;1;A01
201200047741;0;7;0;0;2;2;11;B01
201200047742;0;7;0;0;1;1;1;A01
201200047743;0;30;0;0;2;8;18;B01
201200047743;0;7;0;0;2;2;16;A01
201200047744;0;30;0;0;1;1;0;A01
201200047745;0;7;0;0;2;2;15;A01
201200047745;0;7;0;0;2;1;1;B01
201200047746;0;7;0;0;2;1;0;A01
201200047746;0;7;0;0;2;6;0;B01
201200047747;0;7;0;0;2;2;1;B01
201200047747;0;33;0;0;2;1;1;A01
201200047748;0;7;0;0;1;8;11;A01
201200047749;0;7;0;1;2;2;1;B01
201200047749;2;7;0;1;2;3;1;A01
201200047750;0;7;0;15;2;3;1;B01
201200047750;0;7;0;0;2;1;1;A01
201200047751;0;37;1;0;1;2;21;A01
201200047752;0;7;0;0;2;2;1;A01
201200047752;0;7;0;0;2;1;15;B01
201200047753;0;7;0;0;2;4;1;B01
201200047753;0;7;0;0;2;1;2;A01
201200047754;0;10;0;0;2;7;16;B01
201200047754;0;31;0;0;2;3;18;A01
201200047755;0;7;0;0;1;5;4;A01
201200047756;0;7;0;0;2;5;1;A01
201200047756;1;7;0;0;2;1;2;B01
201200047757;0;7;0;0;2;4;23;B01
201200047757;0;7;0;0;2;1;9;A01
201200047758;0;33;0;0;2;1;1;B01
201200047758;0;7;0;0;2;6;9;A01
201200047759;0;7;0;0;2;3;1;B01
201200047759;0;7;0;0;2;2;1;A01
201200047760;0;10;0;0;1;4;4;A01
201200047761;0;7;0;0;1;2;9;A01
201200047762;0;7;0;0;1;3;1;A01
201200047763;0;7;0;0;1;2;16;A01
201200047764;0;7;0;0;0;9;1;A01
201200047765;0;10;0;0;2;1;2;A01
201200047765;0;7;0;0;2;4;23;B01
201200047766;0;7;0;0;2;1;1;A01
201200047766;0;33;0;0;0;8;1;B01
201200047767;0;99;0;0;2;1;1;A01
201200047767;0;10;0;0;2;3;1;B01
201200047768;0;7;0;0;2;1;2;A01
201200047768;0;7;0;0;2;4;23;B01
201200047769;0;2;0;0;2;2;17;A01
201200047769;0;7;0;8;2;3;15;B01
201200047770;0;7;0;0;1;1;1;A01
201200047771;1;7;0;0;1;3;1;Z01
201200047772;0;7;0;0;1;1;1;A01
201200047773;0;7;0;0;1;3;1;A01
201200047774;0;7;0;0;2;4;2;B01
201200047774;0;7;0;0;2;4;1;C01
201200047775;0;7;0;1;2;4;23;B01
201200047775;0;7;0;1;2;2;2;A01
201200047776;0;32;0;9;0;1;1;A01
201200047777;0;30;0;0;0;7;5;A01
201200047778;0;7;0;0;1;2;1;A01
201200047779;0;10;0;0;1;2;1;A01
201200047780;0;32;0;0;2;7;2;A01
201200047780;0;7;0;0;2;3;2;B01
201200047781;0;7;0;0;0;1;1;A01
201200047782;0;7;0;0;2;1;2;A01
201200047782;0;7;0;0;2;6;1;B01
201200047783;0;30;0;0;2;1;2;A01
201200047783;0;10;0;0;2;4;0;B01
201200047784;0;7;0;0;1;1;1;A01
201200047785;0;7;0;0;2;1;1;A01
201200047785;0;7;0;0;2;8;19;B01
201200047786;1;2;0;0;0;0;0;Z01
201200047787;0;7;0;0;2;3;15;A01
201200047787;0;7;0;0;2;1;7;B01
201200047788;0;7;0;0;2;1;2;A01
201200047788;0;7;0;0;2;4;1;D02
201200047788;0;7;0;0;2;9;2;B02
201200047788;0;7;0;0;2;9;2;C02
201200047789;0;30;0;0;2;2;13;B01
201200047789;0;7;0;0;2;3;9;A01
201200047790;1;34;0;0;0;0;0;A01
201200047790;0;7;0;0;0;0;23;B01
201200047791;0;7;0;1;2;6;0;C01
201200047791;0;7;0;1;2;2;1;B01
201200047791;0;7;0;0;2;3;11;A01
201200047792;0;7;0;9;0;1;6;A01
201200047793;0;7;0;0;0;8;15;B01
201200047793;0;2;0;0;0;7;17;A01
201200047794;0;13;0;0;2;6;13;A01
201200047794;0;33;0;0;2;2;14;B01
201200047795;0;7;0;0;1;1;1;A01
201200047796;0;38;50;0;1;2;1;A01
201200047797;0;7;0;0;2;1;2;A01
201200047797;0;7;0;0;2;4;2;B01
201200047798;0;7;0;0;2;7;1;B01
201200047798;0;7;0;0;2;8;15;A01
201200047799;0;7;0;0;1;1;16;A01
201200047800;0;7;0;0;1;3;2;A01
201200047801;0;7;0;1;2;1;1;B01
201200047801;0;7;0;9;2;2;0;A01
201200047802;0;7;0;0;1;1;2;A01
201200047803;0;10;0;0;0;4;2;B01
201200047803;0;7;0;0;2;1;2;A01
201200047804;0;7;0;0;2;3;1;B01
201200047804;0;2;0;0;2;1;1;A01
201200047805;0;7;0;0;2;3;9;A01
201200047805;0;7;0;0;2;1;1;B01
201200047806;0;7;0;0;1;0;0;A01
201200047807;0;7;0;0;1;2;1;A01
201200047808;0;34;0;0;2;1;1;B01
201200047808;0;7;0;0;2;3;15;A01
201200047809;0;7;0;0;0;0;0;A01
201200047810;0;30;0;0;2;1;1;B01
201200047810;0;7;0;0;2;6;2;A01
201200047811;0;2;0;0;0;1;17;A01
201200047811;0;7;0;0;0;6;15;B01
201200047812;0;7;0;0;2;1;19;A01
201200047812;0;7;0;0;2;1;2;B01
201200047813;0;7;0;0;1;1;15;A01
201200047814;0;34;0;0;2;1;1;B01
201200047814;0;7;0;0;2;2;0;A01
201200047815;0;7;0;0;1;1;2;A01
201200047816;0;1;0;0;0;0;11;B01
201200047816;0;7;0;0;0;3;11;A01
201200047817;0;10;0;0;1;1;1;A01
201200047818;0;32;0;0;2;7;1;B01
201200047818;0;7;0;0;2;4;4;A01
201200047819;0;7;0;0;0;1;1;A01
201200047819;0;7;0;0;0;4;1;B01
201200047820;0;37;0;0;2;2;1;B01
201200047820;0;7;0;0;2;8;15;A01
201200047821;0;7;0;0;2;3;1;A01
201200047821;0;7;0;0;2;6;15;B01
201200047822;0;7;0;0;1;2;15;A01
201200047823;0;34;0;0;1;1;2;A01
201200047824;0;7;0;0;1;2;2;A01
201200047825;0;7;0;0;2;7;16;A01
201200047825;0;30;0;0;2;1;0;B01
201200047826;0;7;0;8;0;7;0;A01
201200047827;0;7;0;0;2;3;1;A01
201200047827;0;34;0;0;2;5;2;B01
201200047828;0;7;0;0;0;4;2;B01
201200047828;0;7;0;0;2;1;2;A01
201200047829;0;7;0;0;2;1;2;A01
201200047829;0;7;0;0;0;4;2;B01
201200047830;0;34;0;0;2;1;2;A01
201200047830;0;3;0;0;2;7;1;B01
201200047831;0;7;0;11;0;1;1;A01
201200047832;0;7;0;0;1;0;4;A01
201200047833;0;7;0;0;2;7;15;A01
201200047833;0;33;0;0;2;1;1;B01
201200047834;1;34;0;0;2;0;0;A01
201200047834;0;1;0;0;2;0;10;B01
201200047835;0;7;0;0;2;1;1;A01
201200047835;0;7;0;0;2;0;0;B01
201200047836;0;7;0;0;2;1;0;A01
201200047836;0;7;0;1;2;9;0;B01
201200047836;0;10;0;0;2;1;0;C01
201200047837;0;7;0;0;0;2;1;B01
201200047837;0;30;0;0;2;7;2;A01
201200047838;0;7;0;0;2;7;9;A01
201200047838;0;7;0;0;2;1;2;B01
201200047838;0;34;0;0;2;3;2;C01
201200047839;0;7;0;0;1;2;1;A01
201200047840;0;2;0;0;2;0;0;A01
201200047840;0;10;0;0;2;0;0;B01
201200047841;0;14;0;0;2;3;9;A01
201200047841;0;7;0;0;2;1;1;B01
201200047842;0;7;0;0;0;3;0;B01
201200047842;0;1;0;0;2;1;0;A01
201200047843;0;7;0;0;2;1;1;A01
201200047844;0;7;0;0;1;2;15;A01
201200047845;0;30;0;0;1;0;17;A01
201200047846;0;7;0;0;2;2;16;B01
201200047846;0;7;0;0;0;1;13;A01
201200047847;0;7;0;0;2;3;16;A01
201200047847;0;7;0;0;2;1;1;B01
201200047848;0;7;0;0;2;1;19;B01
201200047848;0;7;0;0;2;7;19;A01
201200047849;0;7;0;0;1;2;0;A01
201200047850;0;7;0;0;1;1;0;A01
201200047851;0;7;0;0;0;4;20;A01
201200047852;0;7;0;15;0;1;15;A01
201200047853;0;7;0;0;2;1;23;A01
201200047853;0;7;0;0;2;4;23;B01
201200047854;0;7;0;0;1;1;2;A01
201200047855;0;30;0;0;2;1;19;A01
201200047855;0;7;0;0;2;2;1;B01
201200047856;0;32;0;0;2;1;17;A01
201200047856;0;7;0;0;2;3;15;B01
201200047857;0;7;0;0;1;3;2;A01
201200047858;0;37;20;0;0;0;0;A01
201200047859;0;32;0;0;2;2;2;B01
201200047859;0;10;0;0;2;3;10;A01
201200047860;0;7;0;0;0;0;0;B01
201200047860;0;7;0;0;0;0;0;A01
201200047861;0;2;0;0;2;9;2;A01
201200047861;0;7;0;0;2;4;23;B01
201200047862;0;7;0;0;2;8;15;A01
201200047862;0;31;0;0;2;7;17;B01
201200047863;0;15;0;0;2;1;0;A01
201200047863;0;7;0;0;2;4;2;B01
201200047864;0;32;0;0;2;1;5;B01
201200047864;0;10;0;0;2;3;10;A01
201200047865;0;7;0;0;0;1;17;A01
201200047865;0;13;0;0;2;6;0;B01
201200047866;0;7;0;0;2;3;0;A01
201200047866;0;30;0;0;2;1;1;B01
201200047867;0;7;0;0;2;0;0;A01
201200047867;0;7;0;0;2;0;0;B01
201200047868;0;14;0;0;1;8;16;A01
201200047869;0;14;0;0;2;3;1;A01
201200047869;0;32;0;0;2;1;2;B01
201200047870;1;7;0;0;1;1;1;A01
201200047871;0;7;0;0;1;2;2;A01
201200047872;0;7;0;1;0;1;1;A01
201200047873;0;7;0;0;1;3;1;A01
201200047874;0;7;0;0;2;3;4;A01
201200047874;0;33;0;0;2;1;1;B01
201200047875;0;2;0;0;2;8;1;A01
201200047875;0;7;0;0;2;1;1;B01
201200047876;0;7;0;0;2;9;2;B01
201200047876;0;7;0;0;2;4;2;C01
201200047876;0;10;0;0;2;1;1;A01
201200047877;0;7;0;0;2;5;16;A01
201200047877;0;37;9;0;2;3;1;B01
201200047878;0;34;0;0;2;1;17;A01
201200047878;0;7;0;0;2;3;17;B01
201200047879;0;7;0;0;1;1;15;A01
201200047880;0;7;0;0;2;1;15;B01
201200047880;0;2;0;0;2;1;18;A01
201200047881;0;7;0;0;2;9;2;B01
201200047881;0;10;0;0;2;4;2;C01
201200047881;0;7;0;0;2;1;1;A01
201200047882;0;7;0;0;1;4;4;A01
201200047883;0;7;0;15;0;3;6;A01
201200047884;0;7;0;0;2;1;15;A01
201200047884;0;33;0;0;2;8;1;B01
201200047885;0;7;0;0;1;3;1;A01
201200047886;0;7;0;0;2;1;2;A01
201200047886;0;10;0;0;2;6;2;B01
201200047887;0;7;0;0;1;1;24;A01
201200047887;0;7;0;0;2;3;24;C01
201200047887;0;7;0;0;4;9;24;B01
201200047888;0;33;0;16;0;3;1;A01
201200047889;0;7;0;8;0;1;1;A01
201200047890;0;7;0;0;2;3;9;A01
201200047890;0;2;0;0;2;1;1;B01
201200047891;0;10;0;0;1;1;1;A01
201200047892;0;7;0;0;1;3;1;A01
201200047893;0;7;0;0;2;3;19;A01
201200047893;0;30;0;0;2;1;17;B01
201200047894;0;2;0;16;0;0;1;A01
201200047895;0;7;0;1;0;1;1;A01
201200047896;0;33;0;0;2;0;18;A01
201200047896;0;7;0;0;2;7;14;B01
201200047897;0;7;0;0;2;3;16;A01
201200047897;0;7;0;0;2;3;23;C01
201200047897;0;7;0;0;2;1;1;B01
201200047898;0;32;0;0;2;1;1;B01
201200047898;0;7;0;0;2;1;1;A01
201200047899;0;2;0;0;2;2;1;A01
201200047899;0;7;0;0;2;3;1;B01
201200047900;0;7;0;0;2;1;1;A01
201200047900;0;7;0;0;2;4;2;C01
201200047900;0;7;0;0;2;4;2;B01
201200047901;0;7;0;0;1;2;1;A01
201200047902;0;33;0;0;2;1;1;A01
201200047902;0;7;0;0;2;8;11;B01
201200047903;0;7;0;1;0;3;1;A01
201200047904;0;30;0;0;2;1;17;A01
201200047904;0;7;0;0;2;3;15;B01
201200047905;0;7;0;0;2;3;1;A01
201200047905;0;1;0;0;2;4;2;B01
201200047906;0;7;0;0;2;5;23;B01
201200047906;0;7;0;14;2;2;1;A01
201200047907;0;33;0;0;2;7;17;A01
201200047907;0;7;0;0;2;3;15;B01
201200047908;0;7;0;0;2;4;2;B01
201200047908;0;7;0;0;2;1;1;A01
201200047909;0;7;0;0;1;3;1;A01
201200047910;0;7;0;1;1;2;1;A01
201200047911;0;7;0;1;0;1;1;A01
201200047912;0;30;0;16;0;8;1;A01
201200047913;0;7;0;0;1;2;1;A01
201200047914;0;7;0;0;2;1;1;B01
201200047914;0;7;0;0;2;6;1;A01
201200047915;0;7;0;0;1;1;15;A01
201200047916;0;7;0;0;2;3;15;A01
201200047916;0;30;0;0;2;1;17;B01
201200047917;0;37;1;0;2;7;1;B01
201200047917;0;7;0;0;2;1;15;A01
201200047918;0;33;0;0;2;4;2;B01
201200047918;0;10;0;0;2;3;1;A01
201200047919;0;33;0;3;2;1;21;C01
201200047919;0;7;0;3;2;1;21;B01
201200047919;0;7;0;3;0;9;14;A01
201200047920;0;7;0;0;1;1;1;A01
201200047921;0;1;0;0;1;1;1;A01
201200047922;0;7;0;0;2;1;12;A01
201200047922;0;7;0;0;2;4;12;B01
201200047923;0;7;0;0;2;3;9;A01
201200047923;0;31;0;0;2;1;1;B01
201200047924;0;7;0;0;2;5;1;B01
201200047924;0;7;0;0;2;1;1;A01
201200047925;0;7;0;8;0;2;14;A01
201200047926;0;7;0;0;1;1;19;A01
201200047927;0;13;0;0;2;4;2;B01
201200047927;0;13;0;0;2;1;1;A01
201200047928;0;7;0;0;1;2;17;A01
201200047929;0;33;0;0;2;3;1;B01
201200047929;0;7;0;0;2;7;9;A01
201200047930;0;7;0;0;1;2;1;A01
201200047931;0;7;0;0;2;1;1;A01
201200047931;0;37;6;0;2;8;1;B01
201200047932;2;7;0;12;0;2;1;A01
201200047933;0;32;0;0;2;7;1;A01
201200047933;0;10;0;0;2;1;9;B01
201200047934;0;33;0;0;2;1;1;A01
201200047934;0;7;0;0;2;4;2;B01
201200047935;0;7;0;1;0;2;14;A01
201200047936;0;7;0;0;2;4;2;B01
201200047936;0;15;0;0;2;2;1;A01
201200047937;0;2;0;16;0;8;1;A01
201200047938;0;7;0;0;2;6;2;A01
201200047938;1;7;0;0;2;1;1;Z01
201200047939;0;32;0;0;2;1;1;A01
201200047939;0;7;0;0;2;8;13;B01
201200047940;0;30;0;12;0;7;14;A01
201200047941;0;2;0;16;0;7;2;A01
201200047942;0;10;0;0;2;1;1;A01
201200047942;0;7;0;0;2;4;2;B01
201200047943;0;30;0;14;0;1;1;A01
201200047943;1;7;0;0;0;0;0;Z01
201200047944;0;7;0;0;1;1;1;A01
201200047945;0;10;0;0;1;2;1;A01
201200047946;0;7;0;0;1;3;13;A01
201200047947;0;32;0;0;2;1;17;A01
201200047947;0;10;0;0;2;8;15;B01
201200047948;0;10;0;14;0;1;1;A01
201200047949;0;2;0;0;2;1;1;A01
201200047949;0;7;0;0;2;1;1;B01
201200047950;0;2;0;0;2;8;15;B01
201200047950;0;7;0;0;2;2;13;A01
201200047951;0;7;0;0;2;3;1;C01
201200047951;0;2;0;0;2;1;1;A01
201200047951;0;7;0;0;2;3;15;B01
201200047952;0;10;0;0;2;4;23;B01
201200047952;0;7;0;15;2;1;1;A01
201200047953;0;10;0;0;1;2;1;A01
201200047954;0;31;0;0;2;1;1;A01
201200047954;0;7;0;0;2;4;1;C01
201200047954;0;7;0;0;2;9;1;B01
201200047955;0;7;0;0;1;1;1;A01
201200047956;0;34;0;0;2;1;1;B01
201200047956;0;7;0;0;2;7;1;A01
201200047957;0;7;0;0;2;6;15;A01
201200047957;0;31;0;0;2;1;17;B01
201200047958;0;7;0;0;1;1;1;A01
201200047959;0;14;0;0;1;4;4;A01
201200047960;0;99;0;0;2;0;4;A01
201200047960;0;7;0;0;2;2;1;B01
201200047961;0;7;0;1;0;2;1;A01
201200047962;0;34;0;12;0;1;16;A01
201200047963;0;33;0;16;0;1;1;A01
201200047964;0;7;0;0;2;6;15;B01
201200047964;0;7;0;9;2;1;1;A01
201200047965;0;32;0;0;2;1;17;A01
201200047965;0;7;0;0;2;6;15;B01
201200047966;0;33;0;0;2;4;2;B01
201200047966;0;7;0;0;2;8;1;A01
201200047967;0;7;0;0;1;1;1;A01
201200047968;0;2;0;0;2;8;1;B01
201200047968;0;7;0;0;2;2;1;A01
201200047969;0;33;0;0;2;8;1;A01
201200047969;1;7;0;0;2;1;15;Z01
201200047970;0;37;6;0;2;3;1;A01
201200047970;0;7;0;0;2;3;1;C01
201200047970;0;7;0;0;2;9;15;B01
201200047971;0;32;0;0;2;2;1;A01
201200047971;0;7;0;0;2;3;1;B01
201200047972;0;7;0;0;2;7;15;A01
201200047972;0;37;2;0;2;1;1;B01
201200047973;0;7;0;0;2;3;1;B01
201200047973;0;7;0;0;2;2;15;A01
201200047974;0;7;0;0;2;3;1;A01
201200047974;0;7;0;0;2;8;15;B01
201200047974;0;33;0;0;2;8;15;C01
201200047975;0;30;0;16;0;8;1;A01
201200047976;0;7;0;0;1;1;1;A01
201200047977;0;7;0;0;9;3;11;A01
201200047977;0;1;0;0;2;8;1;B01
201200047978;0;7;0;0;1;1;1;A01
201200047979;0;7;0;0;1;3;1;A01
201200047980;0;33;0;0;2;7;2;B01
201200047980;0;99;0;0;4;1;1;A01
201200047981;0;7;0;0;2;1;1;A01
201200047981;0;7;0;0;2;6;2;B01
201200047982;0;33;0;1;0;1;6;A01
201200047983;1;10;0;0;0;0;0;Z01
201200047984;0;34;0;0;6;2;21;A01
201200047985;0;30;0;0;2;8;1;B01
201200047985;0;10;0;0;2;3;9;A01
201200047986;0;32;0;0;2;8;1;A01
201200047986;0;7;0;0;2;1;15;B01
201200047987;0;1;0;0;2;3;1;B01
201200047987;1;38;2;0;2;8;13;Z01
201200047988;0;1;0;16;;9;1;A01
201200047989;0;7;0;0;1;2;21;A01
201200047990;0;33;0;0;2;1;1;B01
201200047990;0;7;0;0;2;8;1;A01
201200047991;0;7;0;0;2;4;2;B01
201200047991;0;1;0;0;2;1;2;A01
201200047992;0;7;0;0;2;1;1;A01
201200047992;0;7;0;0;2;4;23;B01
201200047993;0;7;0;0;1;1;1;A01
201200047994;0;7;0;0;2;3;1;B01
201200047994;0;2;0;0;2;5;2;A01
201200047995;0;7;0;0;1;3;15;A01
201200047996;0;30;0;0;2;2;17;B01
201200047996;0;7;0;0;2;8;2;A01
201200047997;0;1;0;0;2;1;1;A01
201200047997;0;7;0;0;2;1;2;B01
201200047998;0;7;0;0;2;3;15;B01
201200047998;0;33;0;0;2;7;17;A01
201200047999;0;7;0;0;1;1;1;A01
201200048000;0;3;0;0;2;1;13;A01
201200048000;0;3;0;0;2;8;15;B01
201200048001;0;7;0;0;2;1;1;A01
201200048001;0;7;0;0;2;4;2;B01
201200048002;0;7;0;0;2;4;2;B01
201200048002;0;33;0;0;2;1;1;A01
201200048003;0;7;0;0;0;3;1;B01
201200048003;0;34;0;0;2;1;13;A01
201200048004;0;2;0;0;2;1;1;B01
201200048004;0;7;0;0;2;3;19;A01
201200048005;0;2;0;0;2;8;17;A01
201200048005;0;7;0;0;2;3;1;B01
201200048006;0;7;0;0;2;1;1;A01
201200048006;0;1;0;0;2;7;2;B01
201200048007;0;7;0;0;2;3;23;A01
201200048007;0;33;0;0;2;1;1;B01
201200048008;0;2;0;0;1;1;1;A01
201200048009;0;32;0;0;2;1;1;B01
201200048009;0;7;0;0;2;8;10;A01
201200048010;0;1;0;0;2;6;2;B01
201200048010;1;7;0;0;2;;1;Z01
201200048011;0;7;0;0;1;1;1;A01
201200048012;0;7;0;0;2;1;1;B01
201200048012;0;34;0;0;2;1;1;A01
201200048013;0;7;0;0;2;1;1;B01
201200048013;0;7;0;0;2;3;15;A01
201200048014;0;2;0;0;2;1;17;A01
201200048014;0;1;0;0;2;8;19;B01
201200048015;0;7;0;0;2;1;1;B01
201200048015;0;2;0;0;2;7;15;A01
201200048016;0;37;11;12;0;3;13;A01
201200048017;0;7;0;0;1;3;1;A01
201200048018;0;10;0;0;2;5;2;A01
201200048018;0;33;0;0;2;1;2;B01
201200048019;0;33;0;16;0;2;21;A01
201200048020;0;7;0;0;2;4;4;A01
201200048020;0;7;0;0;2;7;16;B01
201200048021;0;10;0;0;2;3;1;B01
201200048021;0;3;0;0;2;1;1;A01
201200048022;0;10;0;0;2;8;22;A01
201200048022;0;1;0;1;0;7;1;B01
201200048023;0;32;0;0;2;3;1;B01
201200048023;0;7;0;0;2;7;15;A01
201200048024;0;2;0;0;2;1;1;A01
201200048024;0;7;0;0;2;3;9;B01
201200048025;0;30;0;0;2;1;17;A01
201200048025;0;7;0;0;2;3;15;B01
201200048026;0;7;0;0;1;1;15;A01
201200048027;1;2;0;0;1;1;1;Z01
201200048028;0;30;0;11;0;1;1;A01
201200048029;0;7;0;0;1;1;9;A01
201200048030;0;10;0;0;2;4;2;A01
201200048030;0;7;0;0;2;1;2;C01
201200048030;0;7;0;0;2;9;2;B01
201200048031;0;10;0;0;1;4;4;A01
201200048032;0;7;0;0;2;1;1;A01
201200048032;0;7;0;0;2;8;1;B01
201200048033;0;33;0;0;2;1;1;A01
201200048033;1;7;0;0;2;7;11;Z01
201200048034;0;7;0;1;0;1;24;A01
201200048034;0;14;0;0;1;1;1;B01
201200048035;0;7;0;0;2;1;9;A01
201200048035;0;31;0;0;2;8;2;B01
201200048036;0;2;0;16;0;3;9;A01
201200048037;0;7;0;0;2;1;1;A01
201200048037;0;7;0;0;2;4;2;B01
201200048038;0;7;0;0;2;1;1;A01
201200048038;0;7;0;0;2;9;1;B01
201200048038;0;10;0;0;2;4;1;C01
201200048039;0;7;0;0;2;3;1;B01
201200048039;0;2;0;4;2;1;1;A01
201200048040;0;7;0;0;1;1;1;A01
201200048041;0;33;0;16;0;8;1;A01
201200048042;0;10;0;0;1;1;15;A01
201200048043;0;7;0;0;2;1;13;A01
201200048043;0;7;0;0;2;3;0;B01
201200048044;0;10;0;0;2;4;2;A01
201200048044;0;7;0;0;2;1;1;B01
201200048045;0;7;0;8;2;1;5;A01
201200048045;0;7;0;1;2;1;1;B01
201200048046;0;7;0;0;1;1;12;A01
201200048047;0;33;0;0;2;1;17;A01
201200048047;0;7;0;0;2;8;15;B01
201200048048;0;2;0;0;2;2;9;A01
201200048048;0;7;0;0;2;3;2;B01
201200048049;0;7;0;0;2;1;1;B01
201200048049;0;7;0;0;2;8;9;A01
201200048050;0;10;0;0;1;1;1;A01
201200048051;0;7;0;0;2;2;1;A01
201200048051;0;30;0;0;2;1;1;B01
201200048052;0;2;0;0;2;1;17;A01
201200048052;0;7;0;0;2;7;15;B01
201200048053;0;2;0;16;0;2;1;A01
201200048054;0;33;0;11;2;1;6;A01
201200048055;0;7;0;0;2;4;2;B01
201200048055;0;7;0;0;2;4;1;A01
201200048055;1;7;0;0;2;0;0;Z01
201200048055;0;7;0;0;2;4;2;C01
201200048056;0;7;0;0;2;4;23;B01
201200048056;0;7;0;0;2;1;1;A01
201200048057;0;7;0;0;2;3;15;B01
201200048057;0;2;0;0;2;2;17;A01