num_acc;senc;catv;occutc;obs;obsm;choc;manv;num_veh
201200048058;0;34;0;0;2;1;1;B01
201200048058;0;7;0;0;2;7;15;A01
201200048059;0;30;0;13;9;1;1;A01
201200048060;0;7;0;0;1;8;1;A01
201200048061;0;2;0;;2;3;13;A01
201200048061;0;7;0;0;2;3;5;B01
201200048062;0;7;0;12;0;1;1;A01
201200048063;0;33;0;0;2;1;1;B01
201200048063;0;10;0;0;2;1;15;A01
201200048064;0;30;0;0;2;1;1;B01
201200048064;0;7;0;0;2;2;15;A01
201200048065;0;31;0;0;2;6;17;A01
201200048065;1;7;0;0;2;2;17;Z01
201200048066;0;7;0;0;2;2;1;B01
201200048066;0;7;0;0;2;1;19;A01
201200048067;0;15;0;0;1;7;1;A01
201200048068;0;30;0;0;1;1;1;A01
201200048068;0;7;0;0;2;1;2;C01
201200048068;0;7;0;0;2;3;1;B01
201200048069;0;33;0;1;0;5;21;B01
201200048070;0;2;0;0;2;1;17;B01
201200048070;0;7;0;0;2;3;11;A01
201200048071;2;7;0;0;2;1;1;A01
201200048071;0;7;0;0;2;2;15;B01
201200048072;0;7;0;0;2;1;9;B01
201200048072;0;33;0;0;2;1;1;A01
201200048073;0;33;0;0;2;1;17;A01
201200048073;0;7;0;0;2;3;1;B01
201200048074;0;33;0;0;2;2;2;B01
201200048074;0;7;0;0;2;3;17;A01
201200048075;0;1;0;0;2;1;1;B01
201200048075;1;32;0;0;9;0;0;Z01
201200048076;0;33;0;0;2;7;2;B01
201200048076;0;37;2;0;2;6;1;A01
201200048077;0;34;0;0;1;1;1;A01
201200048078;1;7;0;0;1;;;Z01
201200048079;0;33;0;0;2;7;1;B01
201200048079;0;7;0;0;2;1;1;A01
201200048080;0;7;0;0;1;1;1;A01
201200048081;0;7;0;0;2;2;15;A01
201200048081;0;30;0;0;2;1;1;B01
201200048082;0;32;0;0;0;8;2;B01
201200048082;1;99;0;0;0;0;17;Z01
201200048083;0;2;0;0;2;1;5;A01
201200048083;0;7;0;0;2;3;1;B01
201200048084;0;7;0;0;1;2;1;A01
201200048085;0;7;0;0;2;4;2;A01
201200048085;0;17;0;0;2;1;1;B01
201200048086;0;2;0;0;2;1;13;A01
201200048086;0;7;0;0;2;3;1;B01
201200048087;0;7;0;0;1;1;1;A01
201200048088;1;7;0;0;1;1;1;Z01
201200048089;0;7;0;4;0;1;1;A01
201200048090;0;7;0;0;1;1;1;A01
201200048091;0;3;0;0;1;3;1;A01
201200048092;0;7;0;0;2;3;9;A01
201200048092;0;7;0;0;2;2;1;B01
201200048093;0;10;0;0;2;4;24;B01
201200048093;0;14;0;0;2;1;1;A01
201200048094;0;33;0;0;2;1;1;B01
201200048094;0;7;0;0;2;8;15;A01
201200048095;1;7;0;0;1;1;1;Z01
201200048096;0;7;0;0;2;1;2;D01
201200048096;0;7;0;0;2;1;2;E01
201200048096;0;7;0;0;2;1;11;B01
201200048096;0;10;0;0;2;1;2;C01
201200048096;0;7;0;0;2;1;5;A01
201200048097;0;7;0;0;2;3;1;A01
201200048097;1;7;0;0;2;3;17;Z01
201200048098;0;7;0;0;2;7;15;A01
201200048098;0;7;0;0;0;1;1;B01
201200048099;0;30;0;0;2;1;1;B01
201200048099;0;7;0;0;2;2;15;A01
201200048100;1;7;0;0;1;0;0;Z01
201200048100;0;7;0;0;2;3;1;B01
201200048101;0;14;0;0;1;7;1;A01
201200048102;0;7;0;0;1;1;1;A01
201200048103;0;7;0;0;1;1;1;A01
201200048104;0;33;0;0;2;1;1;B01
201200048104;0;7;0;0;2;7;10;A01
201200048105;0;7;0;0;2;2;15;B01
201200048105;0;7;0;0;2;3;1;A01
201200048106;0;10;0;0;1;4;4;A01
201200048107;0;7;0;0;2;2;1;A01
201200048107;0;33;0;0;0;4;2;B01
201200048108;0;7;0;0;1;3;15;A01
201200048109;0;7;0;0;2;1;1;A01
201200048109;0;7;0;3;2;3;1;B01
201200048110;0;7;0;0;1;3;1;A01
201200048111;0;37;5;0;1;5;1;A01
201200048112;0;7;0;0;1;1;1;A01
201200048113;0;33;0;0;2;1;1;B01
201200048113;0;7;0;0;2;2;15;A01
201200048114;0;7;0;0;1;3;1;A01
201200048115;0;33;0;0;2;9;3;A01
201200048115;0;10;0;0;2;9;2;D01
201200048115;0;7;0;0;2;9;2;F01
201200048115;0;7;0;0;2;9;2;C01
201200048115;0;7;0;0;2;4;2;E02
201200048115;0;7;0;0;2;9;2;B01
201200048116;0;7;0;0;2;3;15;A01
201200048117;0;7;0;0;2;1;15;A01
201200048117;0;99;0;0;2;1;1;B01
201200048118;0;33;0;12;0;1;1;A01
201200048119;0;1;0;0;1;1;1;A01
201200048120;0;7;0;0;1;1;17;A01
201200048121;0;1;0;0;2;7;1;A01
201200048121;0;37;2;0;2;8;1;B01
201200048121;0;7;0;12;0;0;21;C01
201200048122;0;30;0;16;0;1;14;A01
201200048123;0;7;0;0;2;2;1;B01
201200048123;0;7;0;0;2;1;1;A01
201200048124;0;7;0;0;2;2;16;B01
201200048124;0;34;0;0;2;3;1;A01
201200048125;0;7;0;0;2;5;2;B01
201200048125;0;7;0;0;2;2;1;A01
201200048126;0;7;0;0;2;4;24;A01
201200048126;0;31;0;0;0;1;1;B01
201200048127;0;7;0;0;1;1;20;A01
201200048128;0;7;0;0;2;2;1;A01
201200048128;0;7;0;0;2;4;2;B01
201200048128;0;7;0;0;2;4;2;C01
201200048129;0;14;0;0;1;1;1;A01
201200048130;0;7;0;0;2;1;15;A01
201200048130;0;2;0;0;2;1;1;B01
201200048131;0;30;0;1;2;3;1;B01
201200048131;0;7;0;0;2;2;15;A01
201200048132;0;7;0;0;1;1;1;A01
201200048133;0;1;0;1;0;1;1;A01
201200048134;0;7;0;0;1;1;20;A01
201200048135;0;7;0;0;2;2;15;A01
201200048135;0;7;0;0;2;3;1;B01
201200048136;0;7;0;0;1;3;1;A01
201200048137;0;7;0;0;1;3;15;A01
201200048138;0;33;0;16;0;9;1;A01
201200048139;0;7;0;0;2;2;1;A01
201200048139;0;7;0;0;2;1;15;B01
201200048140;0;30;0;16;0;6;1;A01
201200048141;0;7;0;8;0;1;20;A01
201200048142;0;30;0;1;0;1;1;A01
201200048143;0;7;0;0;2;6;1;A01
201200048143;0;1;0;0;2;1;1;B01
201200048144;0;7;0;0;1;4;4;A01
201200048145;0;1;0;0;1;1;19;A01
201200048146;0;7;0;1;2;4;16;B01
201200048146;0;7;0;0;2;1;1;A01
201200048147;0;7;0;0;1;1;1;A01
201200048148;0;7;0;0;2;4;2;B01
201200048148;0;7;0;0;2;4;2;C01
201200048148;0;7;0;0;2;1;1;A01
201200048149;0;7;0;0;2;1;1;A01
201200048149;0;7;0;0;2;4;2;B01
201200048149;0;7;0;0;2;4;2;C01
201200048150;0;7;0;16;0;1;1;A01
201200048151;0;34;0;0;2;3;1;B01
201200048151;0;7;0;0;2;2;15;A01
201200048152;0;30;0;0;2;1;1;B01
201200048152;0;7;0;0;2;3;9;A01
201200048153;0;7;0;0;1;1;1;A01
201200048154;0;7;0;0;2;2;16;B01
201200048154;0;30;0;0;2;1;18;A01
201200048155;0;1;0;0;2;1;1;B01
201200048155;0;7;0;0;2;1;15;A01
201200048156;0;7;0;0;2;1;1;A01
201200048156;0;7;0;0;2;4;2;B01
201200048157;0;2;0;0;2;1;1;A01
201200048157;0;7;0;0;2;4;23;B01
201200048158;0;7;0;0;2;8;15;B01
201200048158;0;2;0;0;2;1;17;A01
201200048159;0;7;0;8;0;1;13;A01
201200048160;0;7;0;0;2;5;4;A01
201200048160;0;1;0;0;2;6;1;B01
201200048161;0;33;0;16;;1;1;A01
201200048162;0;7;0;0;2;4;2;B01
201200048162;0;30;0;0;2;1;1;A01
201200048163;0;31;0;0;2;1;17;A01
201200048163;0;7;0;0;2;8;15;B01
201200048164;0;7;0;0;2;3;13;A01
201200048164;0;33;0;0;2;1;17;B01
201200048165;0;1;0;0;2;8;15;B01
201200048165;0;7;0;0;2;1;17;A01
201200048166;0;33;0;0;2;1;1;A01
201200048166;0;7;0;0;2;4;2;B01
201200048167;0;32;0;2;0;1;1;A01
201200048168;0;7;0;0;2;2;9;A01
201200048168;0;33;0;0;2;1;1;B01
201200048169;0;7;0;0;2;3;1;A01
201200048169;0;33;0;0;2;2;17;B01
201200048170;0;7;0;0;1;1;1;A01
201200048171;0;7;0;0;1;1;16;A01
201200048172;0;7;0;0;2;2;17;A01
201200048172;0;1;0;0;2;8;15;B01
201200048173;0;30;0;0;2;9;1;B01
201200048173;0;7;0;0;2;2;15;A01
201200048174;0;7;0;1;0;9;20;A01
201200048175;0;7;0;0;2;4;2;C01
201200048175;0;10;0;0;2;9;2;B01
201200048175;0;7;0;0;2;1;1;A01
201200048176;2;7;0;0;1;1;1;Z01
201200048177;0;7;0;0;2;3;15;A01
201200048177;0;30;0;0;2;8;1;B01
201200048178;0;7;0;0;1;1;16;A01
201200048179;0;2;0;0;2;9;1;B01
201200048179;0;7;0;0;2;3;15;A01
201200048180;0;7;0;0;2;1;13;A01
201200048180;0;7;0;0;2;1;1;B01
201200048181;0;2;0;0;2;1;1;A01
201200048181;0;7;0;0;2;1;15;B01
201200048182;0;1;0;0;2;8;19;B01
201200048182;0;10;0;0;2;1;1;A01
201200048183;0;7;0;0;1;1;1;A01
201200048184;0;7;0;0;2;2;15;A01
201200048184;0;7;0;0;2;3;1;B01
201200048185;0;7;0;1;0;1;1;A01
201200048186;0;7;0;0;2;1;1;A01
201200048186;0;7;0;0;2;9;2;B01
201200048186;0;7;0;0;2;4;2;C01
201200048187;0;7;0;0;2;3;9;A01
201200048187;0;1;0;0;2;1;1;B01
201200048188;0;33;0;0;2;8;18;B01
201200048188;0;33;0;0;2;7;16;A01
201200048189;0;7;0;1;0;9;1;A01
201200048190;0;1;0;0;2;4;1;B01
201200048190;0;7;0;0;2;3;9;A01
201200048191;0;7;0;0;2;3;9;B01
201200048191;0;7;0;1;2;9;9;A01
201200048192;0;7;0;0;1;1;1;A01
201200048193;0;7;0;0;1;1;1;A01
201200048194;0;10;0;0;2;4;2;B01
201200048194;0;10;0;0;2;1;1;A01
201200048195;0;7;0;0;2;4;2;C01
201200048195;0;7;0;0;2;4;2;D01
201200048195;0;7;0;0;2;4;2;B01
201200048195;0;7;0;0;2;1;1;A01
201200048196;0;7;0;0;2;7;1;B01
201200048196;2;30;0;0;2;1;2;A01
201200048197;0;7;0;0;2;2;15;A01
201200048197;0;7;0;0;2;3;1;B01
201200048198;0;2;0;0;1;1;1;A01
201200048199;0;33;0;16;0;1;1;A01
201200048200;1;7;0;0;1;2;1;Z01
201200048201;0;7;0;9;0;1;15;A01
201200048202;0;7;0;0;2;8;2;B01
201200048202;0;7;0;0;2;3;15;A01
201200048203;0;7;0;0;1;2;1;A01
201200048204;0;7;0;0;2;4;2;B01
201200048204;0;7;0;0;2;1;1;A01
201200048205;2;7;0;0;1;8;1;A01
201200048206;0;7;0;0;2;4;2;B01
201200048206;0;7;0;0;2;1;1;A01
201200048207;0;7;0;0;1;2;16;A01
201200048208;0;7;0;15;0;1;1;A01
201200048209;0;7;0;0;1;1;16;A01
201200048210;0;7;0;0;1;2;1;A01
201200048211;0;7;0;0;2;3;9;A01
201200048211;0;7;0;0;2;2;1;B01
201200048212;0;3;0;6;0;1;1;A01
201200048213;0;7;0;0;1;1;1;A01
201200048214;0;34;0;0;2;3;1;B01
201200048214;0;7;0;0;2;1;9;A01
201200048215;0;7;0;12;0;1;1;A01
201200048216;0;7;0;1;0;9;1;A01
201200048217;0;1;0;0;2;4;23;B01
201200048217;1;7;0;0;2;0;0;Z01
201200048218;0;30;0;0;2;1;5;A01
201200048218;0;7;0;0;2;1;1;B01
201200048219;0;3;0;1;0;2;14;A01
201200048220;0;7;0;0;1;1;11;A01
201200048221;0;7;0;0;2;1;1;A01
201200048221;0;1;0;0;2;8;19;B01
201200048222;0;7;0;0;1;1;1;A01
201200048223;0;7;0;0;2;1;1;B01
201200048223;0;2;0;0;2;8;15;A01
201200048224;0;7;0;0;2;2;15;A01
201200048224;0;33;0;0;2;1;1;B01
201200048225;0;30;0;0;2;9;1;B01
201200048225;1;7;0;0;2;1;15;Z01
201200048226;0;33;0;0;2;1;1;A01
201200048226;0;7;0;0;2;4;16;B01
201200048227;0;7;0;0;2;2;1;A01
201200048227;0;30;0;0;2;2;1;B01
201200048228;0;7;0;0;2;1;11;A01
201200048228;0;7;0;7;2;3;12;B01
201200048229;0;7;0;15;;1;1;A01
201200048230;0;7;0;0;2;2;9;A01
201200048230;0;7;0;0;2;1;1;B01
201200048230;0;7;0;0;2;1;5;C01
201200048231;0;7;0;0;1;1;11;A01
201200048232;0;7;0;0;2;5;23;A01
201200048232;0;7;0;9;0;1;23;B01
201200048232;0;7;0;0;2;1;1;C01
201200048233;0;31;0;0;2;3;1;B01
201200048233;0;7;0;0;2;3;1;A01
201200048234;0;7;0;0;1;0;4;A01
201200048235;0;33;0;16;0;8;1;M01
201200048236;0;7;0;0;0;6;15;A01
201200048236;0;32;0;0;2;1;15;B01
201200048237;0;33;0;0;2;1;2;B01
201200048237;0;7;0;0;0;7;10;A01
201200048237;0;33;0;0;2;1;2;C01
201200048238;0;34;0;0;1;1;1;A01
201200048239;0;7;0;0;2;3;15;A01
201200048239;0;30;0;15;0;1;21;B01
201200048240;0;7;0;0;1;7;9;A01
201200048241;0;7;0;0;1;2;1;A01
201200048242;0;10;0;0;1;2;21;A01
201200048243;0;7;0;0;2;2;15;A01
201200048243;0;33;0;0;2;1;1;B01
201200048244;0;30;0;16;0;9;9;A01
201200048244;0;7;0;0;0;0;1;B01
201200048245;1;7;0;0;2;1;1;Z01
201200048245;0;7;0;0;2;9;2;D01
201200048245;0;7;0;0;2;9;2;C01
201200048245;0;7;0;0;2;1;1;B01
201200048246;0;34;0;0;0;8;1;B01
201200048246;0;7;0;0;2;7;15;A01
201200048247;0;7;0;12;5;3;21;A01
201200048248;0;7;0;0;1;1;1;A01
201200048249;0;7;0;0;0;1;15;B01
201200048249;0;7;0;0;2;1;1;A01
201200048250;0;7;0;0;1;1;1;A01
201200048251;0;7;0;0;1;7;1;A01
201200048252;0;7;0;0;2;1;1;A01
201200048252;0;7;0;0;2;4;2;C01
201200048252;0;7;0;0;2;4;2;B01
201200048253;0;7;0;0;2;1;17;B01
201200048253;0;7;0;0;2;8;10;A01
201200048254;0;7;0;0;2;2;15;B01
201200048254;0;7;0;0;2;1;1;A01
201200048255;0;99;0;0;2;1;13;B01
201200048255;0;7;0;0;2;1;1;A01
201200048256;1;7;0;0;0;0;15;Z01
201200048256;0;34;0;0;2;8;1;B01
201200048257;0;7;0;0;2;1;1;B01
201200048257;0;10;0;0;2;4;24;A01
201200048258;0;7;0;0;2;3;1;A01
201200048258;0;34;0;0;2;7;1;B01
201200048259;0;3;0;0;1;2;1;A01
201200048260;0;33;0;0;2;3;11;B01
201200048260;0;7;0;0;2;6;6;A01
201200048261;0;7;0;0;2;2;21;B01
201200048261;0;7;0;0;2;8;1;A01
201200048262;0;7;0;16;0;9;1;A01
201200048263;0;7;0;0;2;2;1;A01
201200048263;0;7;0;0;2;4;2;B01
201200048264;0;1;0;0;2;7;1;A01
201200048264;0;7;0;0;2;1;1;B01
201200048265;0;7;0;8;0;1;1;A01
201200048266;0;7;0;0;2;4;2;A01
201200048266;0;7;0;0;2;1;1;B01
201200048267;0;30;0;1;;1;5;A01
201200048268;0;7;0;0;1;1;11;A01
201200048269;0;33;0;0;2;2;9;B01
201200048269;0;7;0;0;2;1;1;A01
201200048270;0;7;0;16;0;9;1;A01
201200048271;0;7;0;0;1;1;1;A01
201200048272;0;7;0;0;2;1;2;C01
201200048272;0;7;0;0;2;1;21;A01
201200048272;0;7;0;0;2;8;5;B01
201200048273;0;1;0;0;2;8;1;B01
201200048273;0;7;0;0;2;8;2;A01
201200048274;0;7;0;0;2;2;15;B01
201200048274;0;7;0;0;2;1;1;A01
201200048275;0;7;0;0;2;3;2;B01
201200048275;0;7;0;0;2;2;1;A01
201200048276;0;7;0;0;1;1;16;A01
201200048277;0;31;0;0;2;7;2;B01
201200048277;0;7;0;0;2;4;2;A01
201200048278;0;7;0;0;1;1;1;A01
201200048279;0;7;0;7;2;9;17;A01
201200048279;0;7;0;0;2;3;15;B01
201200048280;0;7;0;0;1;1;1;A01
201200048281;0;7;0;0;2;8;15;A01
201200048281;0;7;0;0;2;7;1;B01
201200048282;0;7;0;0;1;1;1;A01
201200048283;0;7;0;0;2;1;17;B01
201200048283;0;7;0;0;2;1;1;A01
201200048284;0;34;0;0;2;1;1;B01
201200048284;0;7;0;0;2;4;10;A01
201200048285;0;1;0;16;0;4;1;A01
201200048286;0;7;0;0;1;2;1;A01
201200048287;0;7;0;;2;3;1;B01
201200048287;0;99;0;0;2;7;1;A01
201200048288;0;7;0;0;2;2;1;A01
201200048288;0;30;0;0;2;2;1;B01
201200048289;0;33;0;0;2;1;5;A01
201200048289;0;33;0;0;2;1;5;B01
201200048290;0;33;0;16;0;7;1;A01
201200048291;0;7;0;0;1;1;1;A01
201200048292;0;7;0;0;2;8;1;A01
201200048292;1;7;0;0;0;0;0;Z01
201200048293;0;7;0;0;1;3;15;A01
201200048294;0;7;0;0;2;7;1;A01
201200048294;0;32;0;0;2;3;18;B01
201200048295;0;7;0;16;0;9;0;A01
201200048296;0;7;0;0;1;1;1;A01
201200048297;0;7;0;0;1;7;21;A01
201200048298;0;7;0;0;1;7;1;A01
201200048299;1;7;0;0;1;1;1;Z01
201200048300;0;7;0;0;2;6;1;A01
201200048300;0;15;0;0;2;2;12;B01
201200048301;0;7;0;0;2;4;2;A01
201200048301;0;7;0;0;2;1;2;D01
201200048301;0;7;0;0;2;2;1;B01
201200048301;0;33;0;0;2;9;1;C01
201200048302;0;7;0;0;2;5;2;A01
201200048302;0;34;0;0;2;1;1;B01
201200048303;0;32;0;0;1;1;1;A01
201200048304;0;7;0;0;2;4;2;A01
201200048304;0;7;0;0;2;1;1;B01
201200048305;0;7;0;0;2;4;15;A01
201200048305;0;32;0;0;2;1;1;B01
201200048306;0;7;0;0;1;1;1;A01
201200048307;0;15;0;0;1;1;1;A01
201200048308;0;7;0;0;1;1;1;A01
201200048309;0;7;0;0;2;2;1;A01
201200048309;0;36;0;0;2;1;1;B01
201200048310;0;10;0;0;1;1;1;A01
201200048311;0;7;0;2;0;7;6;A01
201200048312;1;30;0;0;1;1;1;A01
201200048313;0;7;0;0;1;1;1;A01
201200048314;0;33;0;0;1;1;1;A01
201200048315;1;31;0;0;1;0;0;Z01
201200048316;0;7;0;0;2;4;4;A01
201200048316;0;34;0;0;2;7;2;B01
201200048317;0;7;0;0;1;5;1;A01
201200048318;0;7;0;0;1;2;1;A01
201200048319;0;7;0;0;1;2;17;A01
201200048320;0;7;0;0;1;1;1;A01
201200048321;0;7;0;0;1;1;1;A01
201200048322;0;7;0;0;2;1;1;B01
201200048322;0;7;0;0;2;1;5;A01
201200048323;0;7;0;0;1;3;1;A01
201200048324;0;30;0;0;1;2;1;A01
201200048325;0;34;0;0;2;1;1;C01
201200048325;0;10;0;0;2;8;1;B01
201200048325;0;7;0;0;2;3;17;A01
201200048326;0;7;0;0;1;4;4;A01
201200048327;0;7;0;1;1;3;1;A01
201200048327;0;7;0;0;0;2;24;B01
201200048328;0;7;0;0;1;1;1;A01
201200048329;0;7;0;0;2;4;2;C01
201200048329;0;7;0;0;2;4;2;B01
201200048329;0;7;0;0;2;1;1;A01
201200048330;0;7;0;0;1;3;1;A01
201200048331;0;7;0;0;1;3;1;A01
201200048332;0;30;0;0;2;1;1;A01
201200048332;0;7;0;0;2;4;2;B01
201200048333;0;30;0;0;2;1;1;A01
201200048333;0;7;0;0;2;3;15;B01
201200048334;0;7;0;0;2;3;1;B01
201200048334;1;30;0;0;2;1;5;A01
201200048335;0;7;0;0;1;1;1;A01
201200048336;0;7;0;0;2;1;1;B01
201200048336;0;1;0;0;0;8;1;A01
201200048337;0;7;0;0;2;2;1;A01
201200048337;0;7;0;0;2;1;1;B01
201200048338;0;30;0;0;2;7;1;A01
201200048338;0;7;0;0;2;3;1;B01
201200048339;0;7;0;0;2;3;15;A01
201200048339;0;33;0;0;2;1;1;B01
201200048340;0;7;0;0;2;4;2;B01
201200048340;0;7;0;0;2;1;1;A01
201200048341;0;7;0;0;2;3;15;A01
201200048341;0;33;0;0;2;7;1;B01
201200048342;0;2;0;0;2;2;13;B01
201200048342;0;7;0;0;2;3;11;A01
201200048343;0;7;0;0;2;5;23;C01
201200048343;0;34;0;0;2;1;1;A01
201200048343;0;7;0;0;2;5;23;B01
201200048344;0;33;0;0;2;1;17;A01
201200048344;0;7;0;0;2;6;15;B01
201200048345;0;7;0;0;2;3;10;B01
201200048345;0;10;0;0;2;2;1;A01
201200048346;0;7;0;0;2;1;1;A01
201200048346;0;7;0;0;2;1;1;B01
201200048347;0;7;0;0;1;2;1;A01
201200048348;0;2;0;0;1;1;1;A01
201200048349;0;7;0;0;2;2;15;A01
201200048349;0;32;0;0;2;7;1;B01
201200048350;0;7;0;0;1;1;1;A01
201200048351;0;7;0;0;2;3;1;A01
201200048351;0;7;0;0;0;8;1;B01
201200048352;0;7;0;0;1;1;17;A01
201200048353;0;7;0;0;1;1;1;A01
201200048354;0;7;0;0;2;5;15;A01
201200048354;0;32;0;0;2;1;1;B01
201200048355;0;7;0;0;1;1;1;A01
201200048356;1;7;0;0;1;0;0;Z01
201200048357;0;31;0;15;0;1;1;A01
201200048358;0;14;0;0;2;6;1;B01
201200048358;0;7;0;0;2;1;1;C01
201200048358;0;7;0;12;2;9;13;A01
201200048359;1;7;0;0;1;1;1;Z01
201200048360;0;7;0;0;1;2;1;A01
201200048361;0;7;0;0;0;3;9;A01
201200048361;0;7;0;0;2;2;1;B01
201200048362;0;7;0;0;2;1;1;A01
201200048362;0;7;0;0;2;4;2;B01
201200048363;0;7;0;0;1;3;1;A01
201200048364;0;13;0;0;2;1;1;B01
201200048364;0;7;0;0;2;7;14;A01
201200048365;0;33;0;0;2;7;9;A01
201200048365;0;7;0;0;2;2;1;B01
201200048366;0;7;0;0;1;2;1;A01
201200048367;0;33;0;0;2;1;17;B01
201200048367;0;10;0;0;2;8;10;A01
201200048368;0;7;0;2;0;1;1;A01
201200048369;0;7;0;0;2;3;1;B01
201200048369;0;7;0;0;2;2;1;A01
201200048370;0;7;0;0;2;4;2;B01
201200048370;0;7;0;0;2;4;2;C01
201200048370;0;7;0;0;2;1;1;A01
201200048371;0;33;0;0;2;1;13;A01
201200048371;0;7;0;0;2;1;1;B01
201200048372;0;7;0;0;2;1;19;A01
201200048372;0;34;0;0;2;1;1;B01
201200048373;0;7;0;0;1;1;1;A01
201200048374;0;2;0;0;2;6;1;B01
201200048374;1;7;0;0;2;2;15;Z01
201200048375;0;7;0;0;2;1;1;A01
201200048375;0;33;0;0;2;4;14;B01
201200048376;0;7;0;0;2;2;17;A01
201200048376;0;7;0;0;2;6;1;B01
201200048377;0;7;0;0;2;1;1;B01
201200048377;0;7;0;0;2;1;16;A01
201200048378;0;34;0;16;0;8;17;A01
201200048379;0;34;0;14;0;1;1;A01
201200048380;0;7;0;0;1;1;15;A01
201200048381;0;7;0;0;2;5;1;B01
201200048381;0;33;0;0;2;1;12;A01
201200048382;0;7;0;0;2;2;17;A01
201200048382;0;1;0;0;2;4;1;B01
201200048383;0;7;0;0;0;4;4;A01
201200048384;0;7;0;6;0;1;1;A01
201200048385;0;7;0;0;1;1;1;A01
201200048386;0;3;0;15;0;3;1;A01
201200048387;0;30;0;12;0;7;1;A01
201200048388;0;31;0;0;2;6;1;B01
201200048388;0;7;0;0;2;2;6;A01
201200048389;0;7;0;13;0;9;1;A01
201200048390;0;7;0;0;1;2;15;A01
201200048391;0;7;0;0;0;1;1;A01
201200048392;0;7;0;0;1;3;1;A01
201200048393;0;7;0;0;2;5;6;A01
201200048393;0;2;0;0;2;1;1;B01
201200048394;0;7;0;0;2;1;1;B01
201200048394;0;7;0;0;2;7;6;A01
201200048395;0;99;0;0;2;1;13;A01
201200048395;0;7;0;0;2;1;23;B01
201200048396;0;10;0;0;0;1;1;A01
201200048396;0;1;0;0;2;4;15;B01
201200048397;0;7;0;0;1;1;1;A01
201200048398;0;7;0;0;2;4;2;C01
201200048398;0;15;0;0;2;1;1;B01
201200048398;0;14;0;0;2;6;2;A01
201200048399;0;33;0;16;0;9;1;A01
201200048400;0;7;0;0;2;5;14;A01
201200048400;0;33;0;0;2;1;1;B01
201200048401;0;7;0;0;1;3;1;V01
201200048402;0;7;0;0;2;1;0;A01
201200048402;0;7;0;0;2;1;0;B01
201200048403;0;30;0;0;2;1;0;B01
201200048403;2;7;0;0;9;8;12;A01
201200048404;0;33;0;0;2;1;1;B01
201200048404;0;7;0;0;2;2;11;A01
201200048405;1;99;0;0;0;0;0;Z01
201200048406;0;7;0;0;2;1;1;B01
201200048406;0;7;0;0;2;7;16;A01
201200048407;0;7;0;0;1;2;1;A01
201200048408;0;7;0;0;2;1;1;A01
201200048408;0;7;0;0;2;2;15;B01
201200048409;0;7;0;0;1;4;4;A01
201200048410;0;7;0;0;1;1;18;A01
201200048411;0;7;0;0;1;4;4;A01
201200048412;0;7;0;0;1;1;1;A01
201200048413;0;7;0;0;1;1;1;A01
201200048414;0;7;0;0;1;3;1;A01
201200048415;0;7;0;0;1;3;1;A01
201200048416;0;7;0;0;2;2;17;A01
201200048416;0;7;0;0;2;3;1;B01
201200048417;0;7;0;0;2;2;1;A01
201200048417;0;7;0;0;2;4;2;B01
201200048417;0;7;0;0;2;9;2;C01
201200048417;0;7;0;0;2;4;2;D01
201200048418;0;7;0;0;2;1;1;A01
201200048418;0;7;0;0;2;4;2;B01
201200048419;0;7;0;0;2;1;1;B01
201200048419;0;7;0;0;2;7;9;A01
201200048420;0;7;0;0;1;2;1;A01
201200048421;0;7;0;0;1;1;1;A01
201200048422;1;7;0;0;1;0;0;Z01
201200048423;0;33;0;0;2;1;1;B01
201200048423;0;7;0;0;2;8;1;A01
201200048424;1;7;0;0;1;1;1;Z01
201200048425;0;7;0;0;2;1;15;A01
201200048425;0;33;0;0;2;1;1;B01
201200048426;0;30;0;0;2;1;1;B01
201200048426;0;7;0;0;2;2;1;A01
201200048427;0;7;0;0;1;7;1;A01
201200048428;0;7;0;0;2;1;15;A01
201200048428;0;33;0;0;2;8;1;B01
201200048429;0;7;0;0;2;3;1;A01
201200048429;0;33;0;0;2;7;1;B01
201200048430;0;7;0;0;2;1;1;A01
201200048430;0;7;0;0;2;4;2;B01
201200048430;0;7;0;0;2;4;2;C01
201200048431;0;7;0;0;1;3;1;A01
201200048432;0;7;0;0;0;4;23;C01
201200048432;0;7;0;0;2;1;1;A01
201200048432;0;7;0;0;2;4;23;B01
201200048433;0;33;0;1;2;1;21;B01
201200048433;0;7;0;0;2;4;24;C01
201200048433;1;7;0;0;0;0;0;A01
201200048434;0;7;0;0;2;8;10;A01
201200048434;0;7;0;0;2;1;9;B01
201200048435;0;7;0;0;1;1;1;A01
201200048436;1;7;0;0;1;1;0;A01
201200048437;1;7;0;0;2;1;1;Z01
201200048437;0;7;0;0;2;4;23;A01
201200048438;0;10;0;0;2;1;1;A01
201200048438;0;7;0;0;2;4;2;B01
201200048439;0;7;0;0;1;3;16;A01
201200048440;0;7;0;0;1;2;1;A01
201200048441;1;7;0;0;1;1;1;Z01
201200048442;0;7;0;0;1;4;4;A01
201200048443;0;7;0;0;2;1;15;A01
201200048443;0;7;0;0;2;3;1;B01
201200048444;0;10;0;4;2;2;1;C01
201200048444;0;7;0;0;2;2;18;A01
201200048445;0;33;0;0;0;8;1;B01
201200048445;0;7;0;0;2;3;17;A01
201200048446;0;40;2;0;1;4;1;A01
201200048447;0;7;0;0;1;2;21;A01
201200048448;0;2;0;0;2;1;1;B01