num_acc;senc;catv;occutc;obs;obsm;choc;manv;num_veh
201200048448;0;2;0;0;2;4;2;C01
201200048448;0;3;0;0;2;8;1;A01
201200048449;0;7;0;0;1;1;1;A01
201200048450;0;33;0;0;2;1;1;A01
201200048450;0;7;0;0;2;8;1;B01
201200048451;0;33;0;0;2;1;17;B01
201200048451;0;7;0;0;2;8;15;A01
201200048452;0;7;0;0;2;3;1;B01
201200048452;0;7;0;0;2;3;17;A01
201200048452;0;7;0;0;2;4;2;C01
201200048453;0;10;0;0;1;1;1;A01
201200048454;0;7;0;0;2;1;1;A01
201200048454;0;7;0;0;2;8;9;B01
201200048455;0;7;0;0;1;2;1;A01
201200048456;0;2;0;0;2;1;17;A01
201200048456;0;7;0;0;2;3;15;B01
201200048457;0;7;0;0;1;1;1;A01
201200048458;0;7;0;0;2;3;10;A01
201200048458;0;2;0;0;2;1;1;B01
201200048459;0;7;0;0;1;2;1;A01
201200048460;0;7;0;0;1;7;1;A01
201200048461;0;10;0;0;1;6;15;A01
201200048462;0;2;0;0;2;1;1;A01
201200048462;0;10;0;0;2;4;2;B01
201200048463;0;2;0;1;0;1;1;A01
201200048464;0;7;0;0;1;1;1;A01
201200048465;0;10;0;0;2;1;13;A01
201200048465;0;7;0;0;2;1;1;B01
201200048466;0;3;0;13;0;1;1;A01
201200048467;1;7;0;0;1;0;0;Z01
201200048468;0;31;0;0;2;1;17;A01
201200048468;0;7;0;0;2;3;15;B01
201200048469;0;7;0;0;1;7;1;A01
201200048470;0;7;0;0;2;2;1;A01
201200048470;0;1;0;0;2;2;1;B01
201200048471;0;7;0;0;2;3;1;A01
201200048471;0;7;0;0;2;3;1;B01
201200048472;0;7;0;1;0;7;1;A01
201200048473;0;30;0;0;2;1;1;A01
201200048473;0;7;0;0;2;4;2;B01
201200048474;0;7;0;0;1;7;1;A01
201200048475;0;7;0;16;0;9;1;A01
201200048476;0;1;0;0;2;1;19;B01
201200048476;0;7;0;0;2;2;16;A01
201200048477;1;7;0;0;1;2;1;Z01
201200048478;0;7;0;0;2;2;1;A01
201200048478;0;1;0;0;2;8;19;B01
201200048479;0;7;0;2;0;1;1;A01
201200048480;0;30;0;0;2;1;1;A01
201200048480;0;7;0;0;2;3;15;B01
201200048481;0;7;0;0;2;1;1;B01
201200048481;0;7;0;0;2;1;1;A01
201200048482;0;7;0;0;2;1;1;B01
201200048482;0;7;0;0;2;1;1;A01
201200048483;0;7;0;0;2;4;2;B01
201200048483;0;7;0;0;2;1;1;A01
201200048484;0;1;0;0;2;1;1;B01
201200048484;0;7;0;0;2;3;9;A01
201200048485;0;2;0;0;2;1;1;A01
201200048485;0;7;0;0;0;4;2;B01
201200048486;0;7;0;0;2;1;1;B01
201200048486;0;20;0;0;2;8;1;A01
201200048487;0;7;0;0;1;1;1;A01
201200048488;0;37;1;0;1;7;1;A01
201200048489;0;33;0;0;2;1;1;B01
201200048489;1;7;0;0;0;0;1;Z01
201200048490;0;33;0;0;2;1;1;B01
201200048490;0;7;0;0;2;3;15;A01
201200048491;0;7;0;0;1;1;1;A01
201200048492;0;7;0;0;1;4;4;A01
201200048493;0;7;0;1;0;1;0;A01
201200048494;0;7;0;0;1;1;1;A01
201200048495;0;7;0;0;2;2;23;B01
201200048495;0;7;0;3;2;1;21;A01
201200048496;0;7;0;0;2;1;1;A01
201200048496;0;7;0;1;2;1;9;B01
201200048497;0;7;0;0;1;3;15;A01
201200048498;0;7;0;0;2;4;23;B01
201200048498;0;7;0;0;2;4;23;C01
201200048498;0;7;0;0;2;1;1;A01
201200048499;0;2;0;0;2;1;17;B01
201200048499;0;7;0;0;2;8;22;A01
201200048500;0;31;0;0;2;1;9;A01
201200048500;0;7;0;0;2;8;1;B01
201200048501;0;7;0;12;0;7;2;A01
201200048502;0;7;0;0;2;4;2;B01
201200048502;0;2;0;0;2;1;1;A01
201200048502;0;7;0;0;2;3;2;C01
201200048503;0;37;1;0;2;5;15;A01
201200048503;0;2;0;0;2;1;1;B01
201200048504;0;7;0;0;1;5;1;A01
201200048505;0;7;0;0;1;0;0;A01
201200048506;0;30;0;0;2;3;1;B01
201200048506;0;7;0;0;2;3;12;A01
201200048507;0;7;0;6;0;2;1;A01
201200048508;0;7;0;0;2;3;15;A01
201200048508;0;2;0;0;2;1;17;B01
201200048509;0;7;0;0;2;3;9;A01
201200048509;0;2;0;0;2;1;1;B01
201200048510;0;7;0;3;2;1;1;A01
201200048510;0;7;0;0;2;1;1;B01
201200048511;0;7;0;0;2;8;15;A01
201200048511;0;31;0;0;2;1;1;B01
201200048512;0;2;0;1;0;1;0;A01
201200048513;0;33;0;0;2;1;2;A01
201200048513;0;7;0;0;2;6;1;B01
201200048514;0;31;0;0;2;1;1;B01
201200048514;0;7;0;0;2;2;15;A01
201200048515;0;2;0;0;1;1;17;A01
201200048516;0;7;0;0;2;8;23;A01
201200048516;0;31;0;0;2;1;1;B01
201200048517;0;31;0;0;2;2;17;B01
201200048517;0;7;0;0;2;8;15;A01
201200048518;0;7;0;0;1;0;1;A01
201200048519;0;7;0;1;0;1;1;A01
201200048520;0;10;0;6;0;3;1;A01
201200048521;0;7;0;0;2;4;1;B01
201200048521;0;32;0;0;2;1;1;A01
201200048522;0;7;0;0;1;1;1;A01
201200048523;0;30;0;0;2;5;0;B01
201200048523;0;2;0;0;2;3;1;A01
201200048524;0;7;0;0;2;5;23;B01
201200048524;0;7;0;0;2;1;2;A01
201200048525;0;7;0;0;2;8;11;A01
201200048525;0;31;0;0;2;7;1;B01
201200048526;0;2;0;8;0;7;1;A01
201200048527;0;32;0;0;1;1;1;A01
201200048528;0;20;0;0;2;7;19;A01
201200048528;0;7;0;0;2;8;1;B01
201200048529;0;7;0;0;2;8;22;A01
201200048529;0;33;0;1;0;1;1;B01
201200048530;0;10;0;0;2;3;1;B01
201200048530;0;30;0;0;2;3;15;A01
201200048531;0;33;0;0;2;1;1;B01
201200048531;0;7;0;0;2;6;15;A01
201200048532;0;7;0;1;0;1;1;A01
201200048533;0;7;0;0;2;2;1;B01
201200048533;0;7;0;0;2;3;1;A01
201200048534;0;7;0;12;0;7;9;A01
201200048535;0;7;0;0;2;2;15;A01
201200048535;0;33;0;0;2;1;1;B01
201200048536;0;7;0;0;2;6;1;B01
201200048536;0;30;0;0;2;1;13;A01
201200048537;0;30;0;0;2;1;9;A01
201200048537;0;10;0;0;2;2;1;B01
201200048538;0;2;0;0;1;1;1;A01
201200048539;0;7;0;13;0;2;1;A01
201200048540;0;7;0;12;0;1;1;A01
201200048541;0;7;0;1;0;1;21;A01
201200048542;0;2;0;0;2;1;17;B01
201200048542;0;7;0;0;2;8;15;A01
201200048543;0;7;0;0;2;7;1;A01
201200048543;0;7;0;0;2;3;1;B01
201200048544;0;33;0;0;2;8;1;B01
201200048544;0;7;0;0;2;1;15;A01
201200048545;0;7;0;8;0;1;1;A01
201200048546;0;33;0;0;1;1;1;A01
201200048547;0;10;0;0;2;1;1;B01
201200048547;0;7;0;0;2;2;5;A01
201200048548;0;7;0;0;2;6;23;A01
201200048548;1;33;0;0;1;1;1;Z01
201200048549;0;33;0;0;6;1;1;A01
201200048550;0;31;0;0;0;0;0;A01
201200048551;0;31;0;0;1;1;1;A01
201200048552;0;15;0;0;1;1;1;A01
201200048553;0;31;0;0;0;1;1;A01
201200048553;0;7;0;0;0;2;23;B01
201200048554;0;2;0;0;1;1;3;A01
201200048555;0;32;0;0;0;0;1;A01
201200048555;0;7;0;0;0;0;9;B01
201200048556;1;32;0;0;1;1;0;Z01
201200048557;0;31;0;9;2;7;1;A01
201200048557;0;7;0;0;2;2;16;B01
201200048558;0;7;0;0;2;1;15;A01
201200048558;0;2;0;0;2;1;1;B01
201200048559;0;31;0;0;1;1;1;A01
201200048560;0;30;0;14;0;1;1;A01
201200048561;0;7;0;0;2;3;15;A01
201200048561;0;31;0;0;2;2;17;B01
201200048562;0;7;0;0;2;1;1;A01
201200048562;0;7;0;0;2;8;9;B01
201200048563;0;10;0;8;0;1;1;A01
201200048564;0;34;0;0;2;1;0;A01
201200048564;0;7;0;0;2;4;0;B01
201200048565;0;7;0;0;2;1;2;A01
201200048565;0;7;0;0;2;4;1;B01
201200048566;0;7;0;0;2;8;15;A01
201200048566;0;33;0;0;2;8;1;B01
201200048567;0;30;0;8;0;1;1;A01
201200048568;0;33;0;0;2;1;1;B01
201200048568;0;31;0;0;2;1;5;A01
201200048569;0;7;0;0;2;5;2;B01
201200048569;0;7;0;0;2;3;2;A01
201200048570;0;7;0;0;2;9;5;A01
201200048570;0;7;0;0;2;8;1;B01
201200048571;0;7;0;0;2;1;1;A01
201200048571;1;7;0;0;2;0;0;Z01
201200048572;0;7;0;0;2;4;23;B01
201200048572;0;7;0;0;2;1;2;A01
201200048573;0;2;0;1;2;1;17;A01
201200048573;0;7;0;0;2;3;15;B01
201200048574;0;7;0;0;2;2;15;A01
201200048574;0;33;0;0;2;1;1;B01
201200048575;1;7;0;0;2;1;2;A01
201200048575;0;7;0;0;2;4;2;B01
201200048575;0;7;0;0;2;4;2;C01
201200048575;0;7;0;0;0;4;2;D01
201200048576;0;7;0;0;1;6;4;A01
201200048577;0;7;0;0;2;2;15;A01
201200048577;0;31;0;0;2;1;1;B01
201200048578;0;7;0;0;1;1;15;A01
201200048579;0;7;0;0;2;0;0;A01
201200048579;0;33;0;0;2;0;0;B01
201200048580;0;7;0;0;2;3;1;A01
201200048580;0;1;0;0;2;0;0;B01
201200048581;0;7;0;0;1;2;1;A01
201200048582;0;7;0;0;2;3;15;A01
201200048582;0;31;0;0;2;1;1;B01
201200048583;0;7;0;0;2;1;2;A01
201200048583;0;7;0;0;2;4;2;B01
201200048583;0;7;0;0;2;4;2;C01
201200048584;0;7;0;0;1;8;23;A01
201200048585;0;1;0;0;2;4;2;A01
201200048585;1;31;0;0;2;1;2;Z01
201200048586;0;7;0;15;0;1;13;A01
201200048587;0;33;0;0;2;8;1;A01
201200048588;0;31;0;0;2;1;1;A01
201200048588;1;7;0;0;2;5;0;Z01
201200048589;0;7;0;0;9;3;1;A01
201200048590;0;7;0;1;0;1;1;A01
201200048591;0;33;0;0;2;5;2;A01
201200048591;1;7;0;0;2;3;11;Z01
201200048592;0;7;0;0;1;8;1;A01
201200048593;0;7;0;0;2;2;10;A01
201200048593;0;33;0;0;2;2;1;B01
201200048594;0;7;0;0;2;1;1;A01
201200048594;0;7;0;0;2;2;1;B01
201200048595;0;30;0;0;2;1;1;A01
201200048595;0;30;0;0;2;1;1;B01
201200048596;0;30;0;0;2;2;17;A01
201200048596;0;7;0;0;2;3;15;B01
201200048597;0;7;0;0;2;3;5;A01
201200048597;0;31;0;0;2;1;1;B01
201200048598;0;31;0;0;2;2;1;A01
201200048598;0;7;0;0;2;2;15;B01
201200048599;0;32;0;0;2;1;1;A01
201200048599;0;7;0;0;2;3;1;B01
201200048600;0;7;0;1;1;3;21;A01
201200048601;0;33;0;0;2;2;1;B01
201200048601;0;7;0;0;2;1;1;C01
201200048601;0;7;0;0;2;6;11;A01
201200048602;0;7;0;4;0;1;1;A01
201200048603;0;7;0;0;0;8;4;A01
201200048603;1;99;0;0;2;2;21;Z01
201200048604;0;7;0;0;2;6;1;A01
201200048604;1;7;0;0;2;2;12;Z01
201200048605;0;7;0;0;2;1;11;A01
201200048605;0;7;0;0;2;4;1;B01
201200048606;0;7;0;4;2;1;21;A01
201200048607;0;7;0;5;2;1;1;A01
201200048608;0;31;0;0;0;7;1;A01
201200048609;0;7;0;0;2;7;12;B01
201200048609;0;33;0;0;2;8;3;A01
201200048610;0;7;0;0;2;1;0;A01
201200048610;0;7;0;0;2;4;0;B01
201200048610;0;10;0;0;2;7;0;C01
201200048611;0;10;0;14;2;1;1;A01
201200048611;0;7;0;0;0;4;23;B01
201200048612;0;10;0;0;2;4;2;A01
201200048612;0;10;0;0;2;1;2;B01
201200048613;0;7;0;0;0;4;1;A01
201200048614;0;10;0;0;0;4;1;A01
201200048614;0;7;0;0;2;1;2;B01
201200048615;0;7;0;0;2;9;0;A01
201200048615;0;13;0;0;2;7;0;B01
201200048616;0;7;0;0;1;1;1;A01
201200048617;0;7;0;0;0;4;1;A01
201200048617;0;7;0;0;2;1;14;B01
201200048618;0;7;0;0;2;4;1;A01
201200048618;0;7;0;0;2;0;12;B01
201200048619;0;7;0;0;2;8;0;A01
201200048619;0;7;0;3;2;2;0;B01
201200048620;0;10;0;0;0;1;0;C01
201200048620;0;7;0;3;0;1;17;A01
201200048620;0;7;0;0;9;1;0;B01
201200048621;0;7;0;6;0;1;1;A01
201200048622;0;10;0;0;2;5;1;C01
201200048622;0;7;0;0;2;1;12;A01
201200048622;0;13;0;0;2;6;1;B01
201200048623;0;33;0;3;0;3;1;A01
201200048624;0;10;0;0;2;7;4;A01
201200048624;0;33;0;0;2;1;2;B01
201200048625;0;10;0;0;2;4;23;B01
201200048625;0;7;0;0;2;1;1;A01
201200048626;0;7;0;4;0;1;0;A01
201200048626;0;10;0;0;2;1;1;B01
201200048627;0;7;0;4;0;1;1;A01
201200048628;0;7;0;0;2;8;11;A01
201200048628;0;7;0;0;2;7;1;B01
201200048629;0;7;0;3;0;1;9;A01
201200048630;0;31;0;0;2;7;3;B01
201200048630;0;7;0;0;2;6;2;C01
201200048630;0;7;0;0;2;2;12;A01
201200048631;0;31;0;12;0;8;0;A01
201200048632;0;33;0;0;2;7;1;B01
201200048632;0;7;0;0;2;8;1;A01
201200048633;0;7;0;0;2;6;11;A01
201200048633;0;32;0;0;2;2;3;B01
201200048634;0;33;0;0;0;7;1;A01
201200048635;0;33;0;0;0;7;1;A01
201200048636;0;7;0;0;2;3;11;A01
201200048636;0;7;0;0;2;7;1;B01
201200048637;0;7;0;0;2;1;1;A01
201200048637;0;7;0;0;0;4;1;B01
201200048637;0;7;0;0;0;4;1;C01
201200048638;0;7;0;0;2;4;1;A01
201200048638;0;7;0;0;2;4;1;B01
201200048638;0;7;0;0;2;1;2;C01
201200048639;0;32;0;0;0;8;20;A01
201200048640;0;7;0;4;0;1;1;A01
201200048641;0;7;0;4;0;1;0;A01
201200048642;0;7;0;4;2;8;11;A01
201200048642;0;7;0;0;2;2;1;B01
201200048643;0;7;0;0;0;0;12;A01
201200048643;0;7;0;0;2;3;2;B01
201200048643;0;10;0;0;2;8;2;C01
201200048644;0;10;0;0;2;4;2;A01
201200048644;0;10;0;0;2;5;1;B01
201200048644;0;7;0;0;2;1;21;C01
201200048645;0;7;0;0;2;4;2;C01
201200048645;0;7;0;0;2;4;2;B01
201200048645;0;10;0;0;2;1;2;A01
201200048646;0;7;0;0;2;7;12;A01
201200048646;0;33;0;0;2;0;1;B01
201200048647;0;15;0;0;2;2;12;A01
201200048647;0;7;0;0;2;6;1;B01
201200048648;0;7;0;0;0;0;2;A01
201200048649;1;7;0;0;2;2;11;Z01
201200048649;0;7;0;0;0;7;1;A01
201200048650;0;10;0;0;2;1;2;C01
201200048650;0;10;0;0;2;4;23;B01
201200048650;0;10;0;0;2;4;23;A01
201200048651;0;7;0;0;0;4;2;A01
201200048651;0;10;0;0;2;1;2;B01
201200048652;0;7;0;0;2;1;2;B01
201200048652;0;7;0;0;2;4;1;A01
201200048653;0;10;0;0;0;4;1;A01
201200048653;0;7;0;0;2;1;2;B01
201200048654;0;32;0;0;0;1;1;B01
201200048654;0;7;0;0;0;5;12;A01
201200048655;0;10;0;0;2;6;2;A01
201200048655;0;33;0;0;2;1;2;B01
201200048656;0;15;0;4;0;7;1;A01
201200048657;0;7;0;0;0;6;1;A01
201200048657;1;7;0;;2;;;B02
201200048658;0;7;0;3;0;3;1;A01
201200048659;0;7;0;0;2;5;14;A01
201200048659;0;14;0;0;0;3;2;B01
201200048660;0;10;0;0;2;5;21;B01
201200048660;0;7;0;4;2;3;1;A01
201200048661;0;31;0;0;2;1;3;C01
201200048661;0;7;0;0;2;7;14;B01
201200048661;0;10;0;0;2;5;1;A01
201200048662;0;32;0;0;2;2;3;A01
201200048662;1;7;0;0;2;6;11;Z01
201200048663;0;7;0;0;2;1;2;A01
201200048663;0;7;0;0;0;4;2;B01
201200048664;0;31;0;0;2;4;1;A01
201200048664;0;7;0;0;2;1;11;B01
201200048665;0;7;0;4;0;2;1;A01
201200048666;0;7;0;0;2;1;1;A01
201200048666;0;7;0;0;2;4;1;B01
201200048667;0;7;0;0;2;7;1;A01
201200048667;0;7;0;0;2;6;11;B01
201200048668;1;7;0;;;;12;B01
201200048668;0;33;0;0;2;8;21;A01
201200048669;0;33;0;0;2;1;3;B01
201200048669;0;7;0;0;2;5;17;C01
201200048669;0;7;0;0;2;8;11;A01
201200048670;0;7;0;0;0;1;11;A01
201200048670;0;7;0;0;0;3;21;B01
201200048670;1;13;0;;;;13;C02
201200048671;0;10;0;0;2;8;21;A01
201200048671;0;33;0;0;2;2;1;B01
201200048671;0;32;0;0;2;2;1;C01
201200048672;0;32;0;0;0;1;3;A01
201200048672;0;7;0;0;0;4;12;B01
201200048673;0;7;0;4;0;9;1;A01
201200048674;0;10;0;4;0;3;1;A01
201200048675;0;7;0;0;2;6;9;A01
201200048675;1;15;0;0;2;2;1;Z01
201200048676;0;10;0;0;2;7;2;C01
201200048676;0;32;0;0;2;7;2;B01
201200048676;0;10;0;0;2;8;2;D01
201200048676;0;31;0;0;2;1;2;A01
201200048677;0;33;0;0;2;1;1;B01
201200048677;0;7;0;0;2;6;1;A01
201200048678;0;17;0;7;0;8;1;A01
201200048678;0;7;0;0;0;7;1;B01
201200048678;0;7;0;0;0;1;0;C01
201200048679;0;7;0;0;2;5;1;C01
201200048679;0;7;0;0;2;6;1;B01
201200048679;0;33;0;0;2;1;1;A01
201200048680;0;7;0;0;2;4;23;B01
201200048680;0;10;0;0;2;1;2;C01
201200048680;0;7;0;0;2;4;23;A01
201200048681;0;7;0;0;2;6;2;A01
201200048681;0;7;0;0;2;1;2;B01
201200048682;0;33;0;0;0;6;1;A01
201200048683;0;7;0;0;2;5;12;A01
201200048683;0;33;0;0;2;1;3;B01
201200048684;0;7;0;4;0;1;1;A01
201200048685;0;33;0;0;2;1;3;A01
201200048685;0;7;0;3;0;6;13;B01
201200048686;0;7;0;0;2;6;11;B01
201200048686;0;15;0;0;2;2;1;A01
201200048687;0;7;0;0;2;4;1;A01
201200048687;0;33;0;0;2;9;1;B01
201200048688;0;7;0;0;0;4;1;A01
201200048688;0;7;0;0;2;1;1;B01
201200048689;0;10;0;0;2;1;3;E01
201200048689;0;7;0;0;2;6;1;F02
201200048689;0;7;0;0;2;3;1;A01
201200048689;0;7;0;0;2;8;1;B01
201200048689;0;7;0;0;2;7;1;D01
201200048689;0;7;0;0;2;7;1;C01
201200048690;0;10;0;0;2;7;14;A01
201200048690;0;7;0;0;2;8;1;B01
201200048690;0;7;0;0;2;5;1;C01
201200048690;0;7;0;0;2;4;1;D01
201200048690;0;10;0;0;2;1;1;E01
201200048691;0;7;0;0;2;6;11;A01
201200048691;0;33;0;0;2;1;1;B01
201200048692;0;7;0;0;2;6;11;A01
201200048692;0;33;0;0;0;2;1;B01
201200048693;0;7;0;0;2;5;1;A01
201200048693;0;15;0;0;2;8;11;B01
201200048694;0;7;0;3;0;1;9;A01
201200048695;0;7;0;0;2;8;11;A01
201200048695;0;34;0;0;2;7;3;B01
201200048696;0;33;0;0;2;1;1;A01
201200048696;0;7;0;0;0;4;1;B01
201200048697;0;7;0;0;0;4;23;A01
201200048697;0;7;0;0;2;1;2;B01
201200048698;0;7;0;4;0;1;13;A01
201200048699;0;33;0;0;2;7;1;A01
201200048699;0;7;0;0;2;8;11;B01
201200048700;0;34;0;0;2;7;3;A01
201200048700;0;7;0;0;2;8;9;B01
201200048701;0;33;0;0;2;1;3;C01
201200048701;0;7;0;0;2;8;1;B01
201200048701;0;7;0;0;2;5;1;A01
201200048701;0;7;0;0;2;5;14;D01
201200048702;0;33;0;0;2;4;2;C01
201200048702;0;7;0;0;2;1;12;A01
201200048702;0;33;0;0;2;4;2;B01
201200048703;0;33;0;0;2;2;3;A01
201200048703;0;7;0;0;2;2;1;B01
201200048704;0;7;0;0;2;5;1;A01
201200048704;0;99;0;0;2;1;3;B01
201200048705;0;7;0;0;2;6;1;A01
201200048705;0;7;0;0;2;7;14;B01
201200048706;0;7;0;0;2;7;12;A01
201200048706;0;34;0;0;2;4;3;C01
201200048706;0;33;0;0;2;8;3;B01
201200048707;0;33;0;4;0;1;14;A01
201200048708;0;10;0;0;2;4;2;A01
201200048708;0;7;0;0;2;1;2;B01
201200048709;0;33;0;0;2;1;1;A01
201200048709;0;7;0;0;2;8;11;B01
201200048710;0;7;0;0;0;4;1;C01
201200048710;0;7;0;0;0;2;12;A01
201200048710;0;34;0;0;2;9;3;B01
201200048711;0;33;0;4;0;7;1;A01
201200048712;0;33;0;3;0;8;0;A01
201200048713;0;14;0;0;2;4;1;A01
201200048713;0;13;0;0;2;4;2;B01
201200048713;0;10;0;0;2;4;2;C01
201200048713;0;10;0;0;2;1;2;D01
201200048714;0;7;0;0;2;4;1;A01
201200048714;0;7;0;0;2;3;11;C01
201200048714;0;33;0;0;2;1;3;B01
201200048715;0;7;0;0;2;4;23;A01
201200048715;0;7;0;0;2;4;2;B01
201200048715;0;10;0;0;2;1;2;C01
201200048716;0;7;0;4;2;4;1;A01
201200048716;0;7;0;0;2;1;2;B01
201200048717;0;33;0;0;0;8;1;A01
201200048718;0;7;0;6;0;2;14;A01
201200048719;0;10;0;0;2;4;1;A01
201200048719;0;7;0;0;2;2;14;B01
201200048720;0;7;0;3;0;1;0;A01
201200048721;0;7;0;3;0;0;2;A01
201200048721;0;7;0;0;2;1;2;B01
201200048722;0;7;0;3;0;0;0;A01
201200048723;0;7;0;15;0;4;1;A01
201200048724;0;10;0;3;2;1;2;A01
201200048724;0;10;0;0;2;4;2;B01
201200048724;0;7;0;0;2;4;2;C01
201200048725;0;32;0;16;0;8;1;A01
201200048726;0;7;0;0;2;3;11;B01
201200048726;0;34;0;0;2;2;3;C01
201200048726;0;7;0;0;2;5;1;A01
201200048727;0;33;0;0;2;1;12;B01
201200048727;0;7;0;0;2;4;1;A01
201200048728;0;10;0;0;2;4;1;A01
201200048728;0;33;0;0;2;1;3;B01
201200048729;0;33;0;0;2;8;23;A01
201200048729;0;7;0;0;2;4;23;B01
201200048729;0;7;0;0;2;1;1;C01
201200048730;0;33;0;4;0;8;13;A01
201200048731;0;7;0;0;2;1;2;A01
201200048731;0;10;0;0;0;4;23;B01
201200048732;0;10;0;0;2;4;12;A01
201200048732;0;33;0;0;2;1;3;B01
201200048733;0;7;0;0;0;4;1;A01
201200048733;0;15;0;0;2;1;2;B01
201200048734;0;7;0;0;0;4;2;B01
201200048734;0;10;0;0;0;4;2;A01
201200048734;0;10;0;0;2;1;2;C01
201200048735;0;17;0;0;2;6;1;C01
201200048735;0;32;0;0;2;7;3;B01
201200048735;0;7;0;0;2;5;1;A01
201200048736;0;7;0;0;2;5;21;A01
201200048736;0;33;0;0;2;3;1;B01
201200048737;0;7;0;3;0;1;21;A01
201200048737;0;17;0;0;0;0;12;B01
201200048738;0;15;0;0;2;2;14;A01
201200048738;0;7;0;0;2;8;13;B01
201200048739;0;34;0;0;0;7;1;A01
201200048740;0;7;0;0;2;1;19;A01
201200048740;0;7;0;0;0;7;2;B01
201200048741;0;31;0;0;0;8;1;A01
201200048742;0;33;0;0;0;8;1;A01
201200048743;0;7;0;0;2;1;2;A01
201200048743;0;7;0;0;2;4;1;B01
201200048744;0;7;0;0;2;5;1;A01
201200048744;0;33;0;0;2;1;2;B01
201200048745;0;7;0;6;0;1;0;A01
201200048746;0;34;0;0;0;8;3;A01
201200048747;0;7;0;4;0;1;1;A01
201200048748;0;7;0;0;2;1;2;B01
201200048748;0;7;0;0;2;4;1;A01
201200048749;0;33;0;4;0;8;0;A01
201200048750;0;7;0;3;0;8;13;A01
201200048751;0;7;0;0;2;4;1;A01
201200048751;0;7;0;0;2;1;2;B01
201200048752;0;7;0;0;2;7;9;A01
201200048752;0;7;0;0;2;1;1;B01
201200048752;0;7;0;0;2;5;1;C01
201200048753;0;34;0;0;0;7;1;A01
201200048753;0;7;0;0;2;8;11;Z01
201200048754;0;7;0;3;0;2;14;A01
201200048755;0;32;0;0;2;8;3;B01
201200048755;0;7;0;0;2;2;12;A01
201200048756;0;7;0;0;2;8;11;A01
201200048756;0;33;0;0;2;1;3;B01
201200048757;0;7;0;0;2;5;12;A01
201200048757;0;33;0;0;2;1;3;B01
201200048758;0;7;0;0;2;7;12;A01
201200048758;0;33;0;0;2;8;3;B01
201200048759;0;7;0;14;0;1;1;A01
201200048759;0;7;0;0;2;6;1;B01
201200048760;0;17;0;0;2;8;11;A01
201200048760;0;7;0;0;2;7;1;B01
201200048761;0;7;0;0;2;1;1;B01
201200048761;0;7;0;6;0;8;1;A01
201200048761;0;7;0;0;2;1;5;C01
201200048762;1;7;0;0;2;6;11;Z02
201200048762;0;31;0;0;2;2;1;A01
201200048763;0;7;0;0;2;6;1;A01
201200048763;1;7;0;0;0;0;0;Z01
201200048764;0;7;0;0;2;5;2;A01
201200048764;0;33;0;0;2;1;21;B01
201200048765;0;10;0;0;2;1;2;B01
201200048765;0;7;0;0;0;4;11;A01
201200048766;0;7;0;0;2;2;1;A01
201200048766;0;15;0;0;2;3;13;B01
201200048767;0;7;0;3;2;4;2;A01
201200048767;0;7;0;0;2;1;2;B01
201200048768;0;7;0;0;0;0;2;A01
201200048768;0;7;0;0;0;0;1;B01
201200048768;0;7;0;0;0;0;1;C01
201200048769;0;7;0;0;2;4;2;A01
201200048769;0;10;0;0;2;1;2;B01
201200048770;0;7;0;0;2;4;2;B01
201200048770;0;7;0;0;2;4;1;A01
201200048770;0;7;0;0;2;1;2;C01
201200048771;0;7;0;0;2;7;12;A01
201200048771;0;33;0;0;2;8;1;B01
201200048772;0;10;0;0;2;7;12;A01
201200048772;0;33;0;0;2;8;3;B02
201200048773;0;7;0;0;0;1;1;A01
201200048774;0;34;0;0;2;8;3;A01
201200048774;0;7;0;0;2;7;12;B01
201200048775;0;33;0;0;0;6;1;A01
201200048776;0;7;0;4;0;1;12;A01
201200048777;0;33;0;4;0;7;16;A01
201200048778;0;10;0;0;2;4;2;A01
201200048778;0;10;0;0;2;1;2;B01
201200048779;0;30;0;0;2;1;13;A01
201200048779;0;37;0;0;2;4;1;B01
201200048780;0;17;0;0;2;2;1;A01
201200048780;0;7;0;0;2;8;9;B01
201200048780;0;7;0;0;2;1;1;C01
201200048781;0;7;0;0;2;2;14;B01
201200048781;0;7;0;3;2;8;1;A01
201200048782;0;7;0;5;0;1;21;A01
201200048783;0;7;0;0;2;1;2;A01
201200048783;0;31;0;0;2;4;2;B01
201200048784;1;7;0;0;2;1;2;Z02
201200048784;0;7;0;0;2;4;1;A01
201200048785;0;7;0;0;2;6;1;A01
201200048785;0;7;0;0;2;1;14;B01
201200048786;0;31;0;0;2;7;1;B01
201200048786;0;7;0;0;2;3;11;A01
201200048787;0;7;0;0;2;8;11;A01
201200048787;0;33;0;0;2;7;3;B02
201200048788;0;7;0;0;2;3;11;A01
201200048788;0;33;0;0;2;2;3;B02
201200048789;0;7;0;3;2;7;1;A01
201200048789;0;7;0;0;2;8;1;B01
201200048790;0;7;0;0;2;4;2;A01
201200048790;0;32;0;0;2;1;2;B01
201200048791;0;7;0;0;2;4;1;A01
201200048791;0;7;0;0;2;1;2;C01
201200048791;0;7;0;0;2;4;1;B01
201200048792;0;7;0;0;2;1;1;B01
201200048792;0;7;0;0;2;8;10;A01
201200048793;0;7;0;0;2;5;11;C01
201200048793;0;7;0;0;2;8;1;A01
201200048793;0;33;0;0;2;8;3;B01
201200048794;0;7;0;0;2;5;11;A01
201200048794;0;31;0;0;2;1;3;B01