num_acc;senc;catv;occutc;obs;obsm;choc;manv;num_veh
201200049116;0;7;0;0;2;8;1;B01
201200049117;0;7;0;0;2;1;2;A01
201200049117;0;7;0;0;2;4;2;B01
201200049117;0;7;0;0;2;4;1;C01
201200049118;0;7;0;4;0;1;1;A01
201200049119;0;10;0;3;0;1;18;A01
201200049120;0;7;0;3;0;9;1;A01
201200049121;0;31;0;0;2;1;2;A01
201200049121;0;7;0;0;2;4;1;B01
201200049122;0;7;0;0;2;1;1;A01
201200049122;0;33;0;0;2;7;2;B01
201200049123;0;15;0;0;2;4;1;C01
201200049123;0;14;0;0;2;2;1;B01
201200049123;0;7;0;0;2;8;0;A01
201200049124;0;7;0;4;0;1;1;A01
201200049125;0;7;0;0;2;8;11;A01
201200049125;0;32;0;0;2;1;3;B01
201200049126;0;7;0;0;2;3;0;A01
201200049126;0;7;0;4;2;2;0;B01
201200049126;0;7;0;4;2;1;0;C01
201200049127;0;31;0;0;0;2;1;A01
201200049128;0;33;0;16;0;9;1;A01
201200049129;0;10;0;0;0;7;1;A01
201200049129;0;14;0;0;2;3;1;B01
201200049129;0;15;0;0;2;3;1;C01
201200049130;0;10;0;4;0;1;1;A01
201200049131;0;33;0;16;0;9;1;A01
201200049132;1;99;0;0;2;2;0;Z01
201200049132;0;7;0;0;2;4;1;A01
201200049133;0;10;0;16;0;2;1;A01
201200049134;0;7;0;0;2;6;11;A01
201200049134;0;33;0;0;2;1;1;B01
201200049135;0;7;0;;2;4;1;C01
201200049135;0;7;0;0;2;4;1;A01
201200049135;0;14;0;;2;3;12;B01
201200049136;0;32;0;0;0;0;1;A01
201200049137;0;7;0;;2;1;2;D01
201200049137;0;7;0;0;2;4;1;A01
201200049137;0;7;0;;2;4;2;B01
201200049137;0;10;0;;2;4;2;C01
201200049138;0;33;0;4;0;2;1;A01
201200049139;0;7;0;3;0;3;1;A01
201200049140;0;7;0;16;0;9;1;A01
201200049141;0;33;0;0;2;7;3;A01
201200049141;0;13;0;0;2;8;1;B01
201200049142;0;32;0;0;2;7;3;A01
201200049142;0;14;0;0;2;6;23;B01
201200049143;0;15;0;0;2;6;1;A01
201200049143;0;7;0;0;2;1;21;B01
201200049144;0;7;0;0;2;4;2;B01
201200049144;0;7;0;0;2;1;1;A01
201200049145;0;7;0;3;0;1;0;A01
201200049146;0;7;0;0;2;1;2;B01
201200049146;0;7;0;0;2;1;2;C01
201200049146;0;14;0;0;2;4;2;A01
201200049147;0;7;0;0;2;3;2;A01
201200049147;1;99;0;0;2;2;0;Z01
201200049147;0;7;0;0;0;7;2;B01
201200049148;0;7;0;0;2;4;2;B01
201200049148;0;7;0;0;2;4;2;C01
201200049148;0;7;0;0;2;1;1;A01
201200049149;0;33;0;0;0;0;2;A01
201200049150;0;7;0;4;0;1;1;A01
201200049151;0;33;0;0;2;3;11;A01
201200049151;0;7;0;0;2;7;1;B01
201200049151;0;33;0;0;2;7;3;C01
201200049152;0;7;0;0;2;7;12;A01
201200049152;0;33;0;0;2;3;3;B01
201200049153;0;15;0;0;2;8;2;C01
201200049153;0;7;0;0;2;7;12;A01
201200049153;0;15;0;0;2;3;0;B01
201200049154;0;7;0;0;2;9;1;B01
201200049154;0;7;0;0;2;8;1;A01
201200049155;0;7;0;0;2;4;2;B01
201200049155;0;7;0;0;2;1;1;A01
201200049156;0;7;0;0;2;4;0;B01
201200049156;1;7;0;0;2;1;21;Z01
201200049157;0;7;0;3;0;1;0;A01
201200049158;0;7;0;4;;4;1;A01
201200049159;0;33;0;0;2;8;3;B01
201200049159;0;7;0;0;2;7;1;A01
201200049160;0;7;0;0;2;4;2;B01
201200049160;0;7;0;0;2;1;2;A01
201200049161;0;14;0;0;2;1;1;B01
201200049161;0;7;0;4;0;8;1;A01
201200049161;0;7;0;3;2;3;21;C01
201200049162;0;7;0;4;0;3;13;A01
201200049163;0;7;0;0;0;4;23;B01
201200049163;0;10;0;1;;1;1;A01
201200049164;0;15;0;0;2;2;0;B01
201200049164;0;7;0;0;2;3;0;A01
201200049165;0;7;0;0;2;5;1;B01
201200049165;0;13;0;0;2;7;1;A01
201200049166;0;7;0;4;2;8;9;A01
201200049166;0;10;0;0;2;7;1;B01
201200049167;0;7;0;0;2;4;1;B01
201200049167;0;7;0;0;2;1;1;A01
201200049168;0;7;0;0;2;1;1;B01
201200049168;0;7;0;0;2;1;1;C01
201200049168;0;7;0;0;0;4;0;A01
201200049169;1;7;0;0;2;2;0;Z01
201200049169;0;10;0;0;9;5;0;B01
201200049169;0;7;0;0;2;1;11;A01
201200049170;0;7;0;0;2;1;21;B01
201200049170;0;7;0;4;0;3;0;A01
201200049170;0;7;0;0;2;1;21;C01
201200049170;0;7;0;0;2;1;1;D01
201200049171;0;7;0;0;2;8;1;A01
201200049171;0;15;0;0;2;7;12;B01
201200049172;0;7;0;13;0;2;1;A01
201200049173;0;13;0;16;0;8;1;A01
201200049174;0;7;0;4;0;1;1;A01
201200049175;0;7;0;0;2;2;12;A01
201200049175;0;33;0;0;2;8;1;B01
201200049176;0;7;0;0;2;1;1;B01
201200049176;0;10;0;4;0;4;2;A01
201200049177;0;7;0;4;0;2;1;A01
201200049178;0;7;0;0;2;1;2;C01
201200049178;0;7;0;0;2;5;2;D01
201200049178;0;7;0;0;2;4;2;B01
201200049178;0;7;0;0;2;1;2;E01
201200049178;0;15;0;3;2;3;21;A01
201200049179;0;7;0;3;0;1;0;A01
201200049180;0;7;0;0;2;6;12;B01
201200049180;0;10;0;0;2;2;12;A01
201200049181;0;7;0;16;0;9;1;A01
201200049182;0;7;0;14;0;3;2;B01
201200049182;0;7;0;0;2;1;1;A01
201200049183;0;7;0;0;2;4;12;B01
201200049183;0;33;0;0;2;1;1;A01
201200049184;0;10;0;0;2;5;1;A01
201200049184;0;7;0;0;2;3;2;B01
201200049185;0;7;0;4;0;9;1;A01
201200049186;0;7;0;0;2;1;2;B01
201200049186;0;7;0;4;2;1;1;A01
201200049187;0;7;0;0;2;8;11;A01
201200049187;0;33;0;0;0;1;1;B01
201200049188;0;7;0;0;2;1;2;B01
201200049188;0;7;0;4;0;1;1;A01
201200049188;0;7;0;0;2;9;2;C01
201200049189;0;7;0;0;9;8;11;B01
201200049189;0;33;0;4;2;7;1;A01
201200049190;0;7;0;3;0;1;2;B01
201200049190;0;7;0;0;2;3;12;A01
201200049191;0;7;0;0;2;3;11;A01
201200049191;0;34;0;0;2;2;0;B01
201200049192;0;7;0;0;9;2;2;A01
201200049192;0;33;0;0;0;4;0;B01
201200049193;0;7;0;4;0;3;1;A01
201200049194;0;7;0;0;0;0;1;A01
201200049195;0;7;0;4;0;3;1;A01
201200049196;0;7;0;13;0;2;1;A01
201200049197;0;7;0;4;0;3;6;A01
201200049198;0;7;0;0;2;4;0;B01
201200049198;2;7;0;0;2;1;0;Z01
201200049199;0;7;0;0;2;7;12;A01
201200049199;0;33;0;0;2;8;3;B01
201200049200;0;7;0;0;2;4;1;B01
201200049200;0;10;0;0;2;1;2;A01
201200049201;0;7;0;6;0;8;0;A01
201200049202;0;7;0;4;0;1;0;A01
201200049203;0;15;0;0;2;2;0;B01
201200049203;0;7;0;0;2;8;0;A01
201200049204;0;7;0;0;2;6;0;A01
201200049204;0;7;0;0;2;1;0;B01
201200049205;0;34;0;4;0;0;2;A01
201200049205;0;7;0;0;0;0;2;B01
201200049206;0;7;0;0;0;4;11;A01
201200049206;0;33;0;0;2;1;1;B01
201200049207;0;7;0;4;0;1;14;A01
201200049208;0;7;0;0;2;6;13;A01
201200049208;0;7;0;0;2;2;1;B01
201200049208;0;7;0;0;2;5;1;C01
201200049209;0;33;0;0;0;8;1;A01
201200049210;1;7;0;0;2;2;0;Z01
201200049210;0;7;0;0;2;0;0;A01
201200049210;0;7;0;0;2;0;0;B01
201200049211;0;7;0;4;0;2;0;A01
201200049212;0;7;0;4;0;2;14;A01
201200049213;0;7;0;0;2;5;2;D01
201200049213;0;7;0;0;2;6;2;E01
201200049213;0;7;0;0;2;5;2;F01
201200049213;0;7;0;0;2;5;2;B01
201200049213;0;7;0;0;2;1;1;A01
201200049213;0;7;0;0;2;8;2;C01
201200049214;0;7;0;0;2;1;2;C01
201200049214;0;7;0;0;2;1;1;A01
201200049214;0;7;0;0;2;4;2;B01
201200049215;0;7;0;0;2;1;1;C01
201200049215;0;7;0;0;2;4;2;A01
201200049215;0;7;0;0;2;9;2;B01
201200049216;0;7;0;0;2;4;2;B01
201200049216;0;7;0;0;2;1;1;A01
201200049217;0;7;0;0;2;1;1;B01
201200049217;0;7;0;0;2;4;2;A01
201200049218;0;7;0;4;0;0;0;A01
201200049219;0;15;0;0;2;2;2;B01
201200049219;0;7;0;0;2;3;2;A01
201200049220;0;7;0;4;0;3;2;A01
201200049221;0;7;0;0;0;3;1;A01
201200049221;0;33;0;0;2;3;3;B01
201200049222;1;7;0;0;2;1;1;Z01
201200049222;0;7;0;0;2;4;1;A01
201200049223;0;7;0;4;0;3;0;A01
201200049224;0;10;0;16;0;6;1;A01
201200049225;0;7;0;0;0;5;1;B01
201200049225;0;15;0;0;2;3;0;A01
201200049226;0;7;0;0;2;1;1;A01
201200049226;0;7;0;0;2;4;1;B01
201200049227;0;7;0;0;2;4;2;C01
201200049227;0;7;0;0;2;4;2;B01
201200049227;0;7;0;0;2;1;1;A01
201200049228;0;33;0;0;0;0;2;A01
201200049229;0;7;0;0;2;5;0;C01
201200049229;0;34;0;0;2;5;0;B01
201200049229;0;33;0;0;2;1;0;A01
201200049230;0;31;0;4;0;2;1;A01
201200049231;0;7;0;0;2;4;2;E01
201200049231;0;7;0;0;2;8;1;B01
201200049231;0;7;0;0;2;9;2;D01
201200049231;0;33;0;0;2;1;17;A01
201200049231;0;7;0;0;2;4;2;C01
201200049232;0;7;0;0;2;1;2;A01
201200049232;0;7;0;0;2;4;2;B01
201200049233;0;7;0;16;0;1;1;A01
201200049234;0;33;0;0;2;1;1;A01
201200049234;0;7;0;0;0;4;1;B01
201200049235;0;13;0;0;2;1;1;A01
201200049235;0;13;0;0;2;4;2;B01
201200049236;0;33;0;16;0;9;1;A01
201200049237;0;15;0;0;2;3;0;A01
201200049237;0;7;0;0;0;4;2;B01
201200049238;0;33;0;0;0;8;2;B01
201200049238;0;7;0;0;2;2;12;A01
201200049239;0;7;0;0;2;1;1;A01
201200049239;0;7;0;0;2;4;2;B01
201200049239;0;7;0;0;2;3;2;C01
201200049240;0;10;0;0;0;4;2;B01
201200049240;0;14;0;0;2;1;2;A01
201200049241;0;31;0;0;2;0;0;B01
201200049241;0;10;0;0;2;0;11;A01
201200049242;0;33;0;16;0;9;9;A01
201200049243;0;7;0;0;2;1;1;B01
201200049243;0;7;0;0;2;7;14;A01
201200049244;0;7;0;3;0;2;14;A01
201200049245;0;7;0;0;2;4;0;A01
201200049245;0;7;0;0;2;1;0;B01
201200049246;0;7;0;0;2;4;2;A01
201200049246;0;33;0;0;2;1;1;B01
201200049247;0;33;0;0;2;6;3;A01
201200049247;0;7;0;0;2;4;1;B01
201200049248;0;31;0;0;2;1;2;A01
201200049248;0;7;0;0;2;5;2;B01
201200049249;0;7;0;4;1;1;21;A01
201200049250;0;7;0;0;0;2;2;B01
201200049250;0;33;0;0;2;2;3;A01
201200049251;0;7;0;0;2;1;1;B01
201200049251;0;33;0;0;2;1;1;A01
201200049252;0;7;0;0;2;8;9;A01
201200049252;0;14;0;0;2;7;1;B01
201200049253;0;17;0;0;2;3;0;B01
201200049253;0;7;0;0;2;6;1;C01
201200049253;0;7;0;0;2;1;0;A01
201200049254;0;7;0;16;0;3;1;A01
201200049255;0;30;0;0;0;0;0;A01
201200049256;0;33;0;0;9;9;1;A01
201200049257;0;7;0;0;2;1;2;A01
201200049257;0;7;0;0;0;4;2;B01
201200049258;0;33;0;0;2;1;0;A01
201200049258;0;7;0;0;2;8;11;B01
201200049259;0;7;0;3;0;1;0;A01
201200049260;0;7;0;0;2;3;1;A01
201200049260;0;13;0;0;2;2;12;B01
201200049261;0;33;0;0;2;1;3;A01
201200049261;0;7;0;0;0;8;1;C01
201200049261;0;7;0;0;2;5;1;B01
201200049262;0;7;0;0;0;9;0;A01
201200049263;0;7;0;1;0;9;2;A01
201200049263;0;7;0;1;2;8;0;B01
201200049263;0;7;0;0;0;9;1;C01
201200049263;0;7;0;1;2;9;21;D01
201200049264;0;7;0;4;0;3;0;A01
201200049265;0;7;0;0;2;0;0;A01
201200049265;0;15;0;0;2;0;0;B01
201200049266;0;7;0;0;2;7;0;B01
201200049266;0;33;0;0;2;8;3;A01
201200049267;0;33;0;0;2;0;0;B01
201200049267;0;7;0;0;2;8;0;A01
201200049268;0;31;0;16;0;3;21;A01
201200049269;0;7;0;0;2;1;19;C01
201200049269;0;7;0;0;2;7;0;A01
201200049269;0;33;0;0;2;1;21;B01
201200049270;0;7;0;0;2;8;11;A01
201200049270;0;33;0;0;2;7;3;B01
201200049271;0;7;0;0;2;5;0;A01
201200049271;0;7;0;0;2;6;1;B01
201200049272;0;7;0;0;2;4;2;B01
201200049272;0;10;0;0;2;1;1;A01
201200049272;0;7;0;0;2;4;2;C01
201200049273;0;14;0;0;2;5;0;A01
201200049273;0;33;0;0;2;8;0;B01
201200049274;0;7;0;0;2;1;0;B01
201200049274;0;7;0;0;0;4;0;A01
201200049275;0;7;0;0;2;5;1;C01
201200049275;0;10;0;0;2;5;1;B01
201200049275;0;33;0;0;2;3;3;A01
201200049276;0;7;0;0;2;8;0;A01
201200049276;0;33;0;0;2;2;0;B01
201200049277;0;34;0;0;2;1;0;A01
201200049277;0;7;0;0;2;2;0;B01
201200049278;0;17;0;0;2;1;12;A01
201200049278;0;7;0;0;0;8;2;B01
201200049279;0;31;0;0;2;2;1;A01
201200049279;0;7;0;0;0;7;1;B01
201200049280;0;7;0;0;2;1;11;A01
201200049280;0;7;0;0;2;8;1;B01
201200049281;0;7;0;3;2;0;0;B01
201200049281;0;7;0;0;2;0;0;A01
201200049282;0;7;0;0;0;4;23;A01
201200049282;0;10;0;1;0;1;2;B01
201200049282;0;7;0;1;0;1;2;C01
201200049283;0;7;0;4;2;9;1;A01
201200049283;0;10;0;0;2;4;2;B01
201200049284;0;7;0;4;0;1;2;A01
201200049285;0;10;0;0;2;1;2;A01
201200049285;0;7;0;0;2;4;2;B01
201200049286;0;33;0;0;0;8;1;A01
201200049287;0;34;0;0;2;1;3;A01
201200049287;0;7;0;0;2;8;11;B01
201200049288;0;7;0;0;2;5;1;A01
201200049288;0;17;0;0;2;7;12;B01
201200049289;0;7;0;5;0;1;1;A01
201200049290;0;7;0;1;0;1;2;A01
201200049290;0;7;0;0;0;0;0;B01
201200049290;0;7;0;1;2;0;0;C01
201200049291;0;7;0;0;2;1;1;A01
201200049291;0;15;0;0;2;4;2;B01
201200049291;0;15;0;0;2;4;2;C01
201200049292;0;7;0;0;2;8;1;A01
201200049292;0;13;0;0;2;2;12;B01
201200049293;0;7;0;4;0;1;1;A01
201200049294;0;15;0;0;2;8;1;A01
201200049294;0;7;0;0;2;4;2;B01
201200049294;0;10;0;0;2;1;2;C01
201200049295;0;7;0;4;0;4;1;A01
201200049296;0;7;0;0;2;1;1;A01
201200049296;0;7;0;4;2;4;2;B01
201200049297;0;7;0;0;2;4;2;A01
201200049297;0;33;0;0;2;1;2;B01
201200049298;0;14;0;0;2;3;12;B01
201200049298;0;7;0;0;0;8;2;A01
201200049299;0;7;0;0;2;1;1;A01
201200049299;0;7;0;0;2;5;2;B01
201200049300;0;7;0;0;0;3;2;B01
201200049300;0;14;0;0;0;2;2;A01
201200049301;0;7;0;0;0;6;2;A01
201200049302;0;10;0;0;2;6;1;A01
201200049302;0;15;0;0;2;2;12;B01
201200049303;0;7;0;0;2;7;0;A01
201200049304;0;7;0;0;2;5;2;B01
201200049304;0;7;0;0;2;2;21;A01
201200049305;0;15;0;0;2;2;1;A01
201200049305;0;7;0;0;2;6;13;B01
201200049306;0;7;0;3;0;1;0;A01
201200049307;0;7;0;0;2;8;0;A01
201200049307;0;14;0;0;2;2;0;B01
201200049308;0;10;0;0;2;1;0;A01
201200049308;0;15;0;0;2;5;0;B01
201200049309;0;7;0;0;2;9;2;C01
201200049309;0;7;0;0;2;1;1;A01
201200049309;0;7;0;0;2;1;11;B01
201200049310;0;7;0;0;2;4;0;C01
201200049310;0;7;0;0;2;4;0;D01
201200049310;0;7;0;0;2;4;0;B01
201200049310;0;7;0;0;2;1;0;A01
201200049311;0;7;0;0;0;0;0;C01
201200049312;0;7;0;0;2;4;2;A01
201200049312;0;7;0;0;2;1;2;B01
201200049313;0;7;0;3;0;0;0;A01
201200049314;0;7;0;0;2;4;2;B01
201200049314;1;14;0;0;0;4;2;Z01
201200049314;0;7;0;1;0;2;1;A01
201200049315;0;7;0;0;2;2;14;A01
201200049315;0;10;0;0;2;1;21;B01
201200049315;0;7;0;0;2;1;2;C01
201200049316;0;7;0;4;0;1;9;A01
201200049317;0;7;0;4;0;1;1;A01
201200049318;0;31;0;0;2;1;3;B01
201200049318;0;7;0;0;0;5;12;A01
201200049319;0;7;0;0;2;4;3;B01
201200049319;0;7;0;0;2;1;1;A01
201200049320;0;7;0;4;0;4;0;A01
201200049321;0;7;0;0;2;5;2;A01
201200049321;0;33;0;0;2;1;1;B01
201200049322;0;7;0;4;0;9;1;A01
201200049323;0;7;0;4;0;1;1;A01
201200049324;0;7;0;4;0;2;1;A01
201200049325;0;7;0;0;2;6;2;A01
201200049325;0;10;0;0;2;2;1;B01
201200049326;0;10;0;3;0;3;1;A01
201200049327;0;7;0;0;2;5;1;C01
201200049327;0;13;0;0;2;0;11;A01
201200049327;0;34;0;0;2;7;0;B01
201200049328;0;7;0;4;0;3;13;A01
201200049329;0;7;0;0;2;4;2;B01
201200049329;0;7;0;0;2;1;1;A01
201200049330;0;7;0;0;1;1;1;A01
201200049331;0;7;0;0;2;4;0;B01
201200049331;0;7;0;3;2;1;0;A01
201200049332;0;7;0;0;2;0;0;A01
201200049332;0;7;0;0;2;1;0;B01
201200049333;0;7;0;4;0;9;0;A01
201200049334;0;7;0;3;0;1;1;A01
201200049335;0;10;0;4;0;1;1;A01
201200049336;0;7;0;4;0;2;14;A01
201200049337;0;7;0;4;0;1;0;A01
201200049338;0;32;0;0;2;3;3;A01
201200049338;0;7;0;0;2;7;1;B01
201200049339;0;7;0;4;0;5;1;A01
201200049340;0;7;0;4;0;3;0;A01
201200049341;0;7;0;9;2;1;0;A01
201200049341;0;7;0;0;2;4;1;B01
201200049342;0;7;0;0;2;1;2;A01
201200049342;0;7;0;0;0;4;2;B01
201200049343;0;7;0;0;2;4;0;A01
201200049344;0;7;0;0;2;3;21;B01
201200049344;1;7;0;4;0;2;2;A01
201200049344;0;7;0;0;2;3;21;C01
201200049345;0;31;0;1;0;2;0;B01
201200049345;0;7;0;0;2;6;0;A01
201200049346;0;7;0;4;0;1;0;A01
201200049347;0;7;0;0;2;1;1;B01
201200049347;0;7;0;0;2;9;17;A01
201200049348;0;7;0;4;0;1;0;A01
201200049349;0;14;0;0;0;6;1;B01
201200049349;0;32;0;0;2;1;3;A01
201200049350;0;14;0;0;2;1;1;A01
201200049350;0;10;0;0;2;4;9;B01
201200049351;0;7;0;3;0;1;1;A01
201200049352;0;7;0;0;2;6;12;B01
201200049352;0;33;0;0;2;1;1;A01
201200049353;0;7;0;0;2;1;2;A01
201200049353;0;7;0;0;2;8;2;B01
201200049353;0;10;0;0;0;2;2;C01
201200049354;0;31;0;0;0;3;1;B01
201200049354;0;7;0;0;0;5;12;A01
201200049355;0;33;0;0;2;4;11;B01
201200049355;0;7;0;0;0;1;0;A01
201200049356;0;7;0;0;2;6;23;B01
201200049356;0;14;0;1;0;2;0;A01
201200049357;0;7;0;0;2;6;2;B01
201200049357;0;14;0;0;2;2;12;A01
201200049358;0;32;0;0;2;1;2;B01
201200049358;0;7;0;0;0;4;0;A01
201200049359;0;10;0;0;0;6;2;A01
201200049359;0;32;0;0;2;1;2;B01
201200049359;0;15;0;0;0;1;2;C01
201200049360;0;15;0;0;2;2;21;B01
201200049360;0;7;0;8;2;7;9;A01
201200049361;0;7;0;0;0;6;11;A01
201200049361;0;32;0;0;2;2;3;B01
201200049362;0;7;0;0;2;1;2;A01
201200049362;0;34;0;0;0;0;2;C01
201200049362;0;7;0;0;2;4;2;B01
201200049363;0;32;0;3;0;7;14;A01
201200049364;0;7;0;0;2;3;2;A01
201200049364;0;7;0;0;2;3;2;B01
201200049364;0;7;0;0;2;1;2;C01
201200049365;0;7;0;3;0;1;1;A01
201200049366;0;7;0;3;0;1;1;A01
201200049367;0;7;0;4;0;1;2;A01
201200049368;0;7;0;3;0;2;1;A01
201200049369;0;10;0;0;2;1;2;A01
201200049369;0;7;0;0;2;1;2;B01
201200049369;0;7;0;0;2;4;2;C01
201200049370;0;7;0;4;0;1;1;A01
201200049371;0;7;0;0;2;8;11;A01
201200049371;0;32;0;0;2;7;1;B01
201200049372;0;7;0;0;2;8;11;A01
201200049372;0;32;0;0;2;7;1;B01
201200049373;0;7;0;0;2;8;11;A01
201200049373;0;32;0;0;2;7;1;B01
201200049374;0;32;0;0;2;4;1;B01
201200049374;0;33;0;0;2;1;12;A01
201200049375;0;34;0;0;2;2;0;B01
201200049375;0;7;0;0;2;3;0;A01
201200049376;0;31;0;0;0;1;0;A01
201200049377;0;31;0;0;0;4;0;A01
201200049377;0;33;0;0;2;1;0;B01
201200049378;0;7;0;5;0;3;1;A01
201200049379;0;15;0;5;0;2;1;A01
201200049380;0;7;0;0;2;3;0;D01
201200049380;0;7;0;0;2;3;0;B01
201200049380;0;7;0;0;2;5;0;A01
201200049380;0;7;0;0;2;6;0;C01
201200049381;0;15;0;0;2;2;12;A01
201200049381;0;7;0;0;2;8;2;B01
201200049382;0;7;0;0;2;3;11;B01
201200049382;0;33;0;0;2;1;3;A01
201200049383;0;33;0;0;2;0;1;A01
201200049383;0;33;0;0;2;0;1;C01
201200049383;0;7;0;0;2;3;1;B01
201200049384;0;7;0;0;0;5;1;B01
201200049384;0;33;0;0;2;1;2;A01
201200049385;0;15;0;0;2;2;1;B01
201200049385;0;7;0;0;2;2;1;C01
201200049385;0;7;0;0;2;9;11;A01
201200049386;0;32;0;0;2;8;3;B01
201200049386;0;7;0;0;2;2;12;A01
201200049387;0;7;0;0;2;4;2;E01
201200049387;0;7;0;0;2;4;2;C01
201200049387;0;7;0;0;2;4;2;D01
201200049387;0;7;0;0;2;4;2;B01
201200049387;0;10;0;0;2;1;1;A01
201200049388;0;7;0;0;2;4;2;B01
201200049388;0;7;0;0;2;4;2;C01
201200049388;0;7;0;0;2;1;2;A01
201200049389;0;2;0;0;2;1;5;B01
201200049389;0;10;0;0;2;3;1;A01
201200049390;0;7;0;0;0;8;11;B01
201200049390;0;33;0;0;2;7;1;A01
201200049391;0;33;0;0;0;2;1;A01
201200049392;0;32;0;0;2;3;2;B01
201200049392;0;7;0;0;2;7;2;A01
201200049393;0;34;0;0;2;8;3;A01
201200049393;1;7;0;0;2;2;;Z01
201200049394;0;7;0;0;2;7;17;A01
201200049394;0;10;0;0;2;8;2;B01
201200049395;0;33;0;0;0;0;0;A01
201200049396;0;33;0;0;2;3;3;B01
201200049396;0;7;0;0;2;3;3;A01
201200049397;0;7;0;0;2;2;2;B01
201200049397;0;7;0;0;2;3;17;A01
201200049398;0;7;0;3;0;3;13;A01
201200049399;0;7;0;0;2;1;1;A01
201200049399;0;7;0;0;2;4;2;B01
201200049400;0;7;0;0;0;4;1;A01
201200049400;0;7;0;0;2;1;2;B01
201200049401;0;34;0;0;2;1;0;B01
201200049401;0;7;0;0;2;8;0;A01
201200049402;0;7;0;3;0;1;14;A01
201200049403;0;7;0;0;2;4;1;B01
201200049403;0;17;0;0;2;1;1;A01
201200049404;0;7;0;0;2;4;2;B01
201200049404;0;7;0;0;2;1;2;A01
201200049405;0;33;0;0;2;1;1;A01
201200049405;0;7;0;0;2;4;2;B01
201200049406;0;33;0;0;0;3;0;B01
201200049406;0;99;0;0;0;4;2;A01
201200049407;0;32;0;0;2;1;0;A01
201200049407;0;7;0;0;2;7;1;B01
201200049407;1;7;0;0;2;0;0;Z01
201200049408;0;7;0;0;0;1;0;B01
201200049408;0;7;0;0;2;1;0;A01
201200049408;0;7;0;0;2;4;0;C01
201200049409;0;34;0;0;2;3;3;A01
201200049409;0;7;0;0;2;2;12;B01
201200049410;0;7;0;4;0;1;1;A01
201200049411;0;7;0;0;4;1;1;B01
201200049411;0;7;0;0;2;4;2;A01
201200049412;0;7;0;12;0;2;1;A01
201200049413;0;7;0;0;0;4;9;A01
201200049413;0;15;0;0;2;1;2;B01
201200049414;0;7;0;0;2;0;0;A01
201200049414;0;33;0;0;2;0;0;B01
201200049415;0;33;0;4;0;9;16;A01
201200049416;0;7;0;3;0;1;1;A01
201200049417;0;7;0;0;2;1;2;A01
201200049417;0;7;0;0;0;4;2;B01
201200049418;0;33;0;0;2;8;1;A01
201200049418;0;7;0;0;2;7;12;B01
201200049419;0;32;0;1;2;1;0;B01
201200049419;0;7;0;0;2;7;0;A01
201200049420;0;7;0;4;0;1;1;A01
201200049421;0;7;0;4;0;1;0;A01
201200049422;0;13;0;0;2;8;2;B01
201200049422;0;7;0;0;2;1;12;A01
201200049423;0;34;0;0;0;7;0;A01
201200049424;0;7;0;0;2;1;0;A01
201200049424;0;7;0;0;2;4;0;B01
201200049425;0;7;0;0;0;0;0;A01
201200049425;0;7;0;0;0;0;0;B01
201200049426;0;14;0;0;2;1;1;B01
201200049426;0;7;0;0;2;9;14;A01
201200049427;0;7;0;4;0;5;1;A01
201200049428;0;33;0;16;0;9;1;A01
201200049429;0;7;0;0;2;2;12;A01
201200049429;0;15;0;0;0;0;2;C01
201200049429;0;33;0;0;2;8;2;B01
201200049430;0;33;0;0;0;0;2;A01
201200049431;0;7;0;0;2;7;1;A01
201200049431;0;7;0;0;2;7;2;B01
201200049431;0;13;0;0;2;1;1;C01
201200049432;0;7;0;4;0;1;1;A01
201200049433;0;7;0;3;0;1;2;A01
201200049434;0;7;0;0;2;1;1;A01
201200049435;0;7;0;0;0;9;0;A01
201200049436;0;31;0;16;0;1;1;A01
201200049437;0;7;0;0;2;1;0;B01
201200049437;0;7;0;0;2;4;0;A01
201200049438;0;33;0;0;2;2;2;A01
201200049438;0;7;0;0;0;5;1;B01
201200049439;0;33;0;0;2;1;1;A01
201200049439;0;10;0;0;2;6;2;B01
201200049439;0;7;0;0;0;6;2;C01
201200049440;0;7;0;0;2;4;0;B01
201200049440;0;7;0;0;2;4;23;C01
201200049440;0;10;0;0;2;1;2;A01
201200049441;0;7;0;0;2;1;2;A01
201200049441;0;7;0;0;2;4;2;B01
201200049442;0;10;0;0;0;4;2;B01
201200049442;0;7;0;0;0;1;1;A01
201200049442;0;13;0;0;2;6;2;C01
201200049443;0;10;0;16;0;1;1;A01
201200049444;0;7;0;0;0;3;1;A01
201200049444;0;15;0;0;0;2;12;B01
201200049445;0;34;0;0;0;2;3;B01
201200049445;0;7;0;0;0;5;1;C01
201200049445;0;7;0;0;2;3;11;A01
201200049446;0;14;0;0;2;1;1;A01
201200049446;0;7;0;0;2;9;2;C01
201200049446;0;7;0;0;2;9;2;E01
201200049446;0;7;0;0;2;4;2;D01
201200049446;0;7;0;3;2;5;2;B01
201200049447;0;7;0;0;2;2;11;A01
201200049447;0;34;0;0;2;6;3;B01
201200049448;0;32;0;0;2;0;0;A01
201200049448;0;7;0;0;2;6;11;B01
201200049449;0;34;0;0;2;1;3;A01
201200049449;1;7;0;0;2;0;0;B01
201200049450;0;33;0;0;0;1;0;A01
201200049451;0;7;0;0;0;1;0;A01
201200049452;0;7;0;4;0;1;1;A01
201200049453;0;7;0;0;2;2;1;B01
201200049453;0;7;0;4;2;6;11;A01
201200049454;0;7;0;0;2;2;1;A01