num_acc;senc;catv;occutc;obs;obsm;choc;manv;num_veh
201200049454;0;34;0;0;2;8;1;B01
201200049455;0;33;0;0;0;0;0;A01
201200049456;0;32;0;0;2;7;3;A01
201200049456;0;7;0;0;2;8;11;B01
201200049457;0;7;0;0;2;6;11;B01
201200049457;0;33;0;0;2;1;3;A01
201200049458;0;33;0;16;0;7;1;A01
201200049459;0;7;0;0;2;8;2;B01
201200049459;0;31;0;0;2;7;2;A01
201200049460;0;34;0;0;2;7;0;B01
201200049460;0;7;0;0;2;8;0;A01
201200049461;0;7;0;0;2;8;0;A01
201200049461;0;14;0;0;2;1;0;B01
201200049462;0;7;0;0;2;4;23;A01
201200049462;0;15;0;0;2;1;2;B01
201200049463;0;7;0;4;0;6;9;A01
201200049463;0;7;0;0;2;2;2;B01
201200049464;0;7;0;4;0;1;1;A01
201200049465;0;7;0;0;2;3;12;A01
201200049465;0;7;0;0;2;1;1;B01
201200049466;0;7;0;0;2;3;1;B01
201200049467;0;33;0;16;0;9;1;A01
201200049468;0;33;0;0;2;1;1;B01
201200049468;0;7;0;0;2;6;2;A01
201200049469;0;7;0;0;2;1;1;C01
201200049469;0;15;0;0;2;6;11;A01
201200049469;0;7;0;0;2;6;11;B01
201200049470;0;7;0;4;0;1;1;A01
201200049471;0;7;0;4;0;1;21;A01
201200049472;0;7;0;0;2;4;2;A01
201200049472;0;33;0;0;2;2;1;B01
201200049473;0;7;0;0;2;3;11;A01
201200049473;0;33;0;0;2;2;1;B01
201200049474;0;7;0;0;2;4;2;D01
201200049474;0;7;0;0;2;4;2;C01
201200049474;0;7;0;0;2;4;2;B01
201200049474;0;7;0;0;2;1;1;A01
201200049475;0;7;0;0;2;1;1;A01
201200049475;0;7;0;0;0;4;2;B01
201200049476;0;7;0;0;2;4;11;A01
201200049476;0;32;0;0;2;1;1;B01
201200049477;0;7;0;0;2;7;2;B01
201200049477;0;14;0;0;2;8;18;A01
201200049478;0;10;0;0;2;9;2;C01
201200049478;0;7;0;0;2;9;2;D01
201200049478;0;7;0;0;0;4;2;A01
201200049478;0;17;0;0;2;1;2;E01
201200049478;0;7;0;0;0;4;2;B01
201200049479;0;15;0;0;0;0;0;B01
201200049479;0;7;0;0;0;0;0;A01
201200049480;0;7;0;0;2;8;11;A01
201200049480;0;33;0;0;2;7;1;B01
201200049481;0;33;0;0;2;1;3;B01
201200049481;0;7;0;0;2;6;11;A01
201200049482;0;15;0;4;0;3;1;A01
201200049483;0;7;0;4;0;1;1;A01
201200049484;0;7;0;0;2;4;1;B01
201200049484;0;32;0;0;2;2;1;A01
201200049485;0;7;0;4;0;1;9;A01
201200049486;0;7;0;0;2;2;2;A01
201200049486;0;7;0;0;2;1;2;B01
201200049487;0;7;0;0;0;4;2;B01
201200049487;0;7;0;0;0;4;2;C01
201200049487;0;10;0;0;2;1;2;A01
201200049488;0;34;0;0;2;1;2;A01
201200049488;0;7;0;0;0;6;2;B01
201200049489;0;33;0;16;0;7;1;A01
201200049490;0;7;0;16;0;1;1;A01
201200049491;0;7;0;0;2;7;2;A01
201200049491;0;7;0;0;2;8;2;B01
201200049491;0;33;0;0;2;1;3;C01
201200049492;0;15;0;0;2;3;1;A01
201200049492;0;7;0;0;2;3;2;B01
201200049492;0;7;0;0;2;8;1;C01
201200049493;0;33;0;0;2;3;2;B01
201200049493;0;7;0;0;9;2;2;A01
201200049494;0;34;0;0;2;7;3;B01
201200049494;0;7;0;0;2;8;11;A01
201200049495;0;33;0;0;2;7;0;A01
201200049496;0;7;0;0;2;7;1;A01
201200049496;0;7;0;3;2;7;18;B01
201200049497;1;7;0;0;0;0;0;Z01
201200049497;0;7;0;0;2;8;0;B01
201200049497;0;7;0;0;2;5;12;A01
201200049498;0;31;0;0;0;0;2;A01
201200049499;0;7;0;0;2;4;1;A01
201200049499;0;7;0;0;2;1;2;C01
201200049499;0;17;0;0;2;4;2;B01
201200049500;0;7;0;5;0;3;1;A01
201200049501;0;33;0;0;2;1;1;A01
201200049501;0;7;0;0;2;4;2;B01
201200049502;0;7;0;0;2;5;0;D01
201200049502;0;33;0;0;2;9;0;C01
201200049502;0;33;0;0;2;0;0;B01
201200049502;0;14;0;0;2;0;11;A01
201200049503;0;7;0;0;0;4;23;A01
201200049503;0;15;0;0;2;1;1;B01
201200049504;0;7;0;0;2;4;2;D01
201200049504;0;13;0;0;2;6;2;B01
201200049504;0;14;0;3;2;2;1;A01
201200049504;0;7;0;3;2;4;2;C01
201200049505;0;13;0;0;2;2;0;A01
201200049505;0;7;0;0;2;0;0;B01
201200049506;0;7;0;4;0;3;1;A01
201200049507;0;32;0;0;2;2;3;A01
201200049507;0;10;0;0;2;3;1;B01
201200049508;1;7;0;0;0;0;20;Z01
201200049508;0;7;0;0;0;0;0;A01
201200049509;0;7;0;14;0;3;2;A01
201200049509;0;7;0;0;0;4;2;B01
201200049509;0;7;0;0;0;0;2;C01
201200049510;0;7;0;0;0;0;0;A01
201200049510;0;33;0;0;0;0;0;B01
201200049511;0;7;0;4;0;1;2;A01
201200049512;0;7;0;3;0;1;1;A01
201200049513;0;7;0;4;0;1;1;A01
201200049514;0;7;0;4;0;3;1;A01
201200049515;0;7;0;3;0;3;1;A01
201200049516;0;14;0;0;2;1;2;B01
201200049516;0;7;0;0;0;4;2;A01
201200049517;0;7;0;0;2;5;11;A01
201200049517;0;31;0;0;2;7;3;B01
201200049518;0;7;0;0;0;4;0;B01
201200049518;0;33;0;0;0;1;0;A01
201200049519;0;7;0;0;0;4;0;B01
201200049519;0;7;0;0;2;1;2;A01
201200049519;0;7;0;0;2;9;0;C01
201200049520;0;7;0;0;0;5;1;B01
201200049520;0;33;0;0;2;3;2;A01
201200049521;0;34;0;0;2;0;1;B01
201200049521;0;7;0;0;0;0;1;A01
201200049522;0;7;0;4;0;3;0;A01
201200049523;0;33;0;0;2;1;1;A01
201200049523;0;10;0;0;2;4;2;C01
201200049523;0;33;0;0;2;4;1;B01
201200049524;0;7;0;0;0;4;2;B01
201200049524;0;33;0;0;2;1;12;A01
201200049525;0;33;0;0;2;3;1;B01
201200049525;0;7;0;0;2;5;12;A01
201200049526;0;7;0;4;0;2;12;A01
201200049527;0;7;0;4;0;3;2;A01
201200049528;0;33;0;0;2;4;1;A01
201200049528;0;7;0;0;2;1;1;B01
201200049529;0;7;0;3;0;2;1;A01
201200049530;0;7;0;0;2;5;11;B01
201200049530;0;13;0;0;2;6;2;A01
201200049531;0;33;0;0;0;8;15;A01
201200049532;0;14;0;0;0;0;0;A01
201200049532;0;32;0;0;2;1;14;B01
201200049533;0;10;0;0;2;1;1;A01
201200049533;0;10;0;0;2;4;2;B01
201200049534;0;7;0;4;0;1;1;A01
201200049535;0;7;0;4;2;2;2;B01
201200049535;0;99;0;0;0;0;0;C01
201200049535;0;7;0;4;2;2;0;A01
201200049536;0;33;0;0;2;7;3;B01
201200049536;0;7;0;0;2;8;2;A01
201200049537;0;7;0;3;0;1;2;A01
201200049538;0;7;0;0;2;4;2;A01
201200049538;0;7;0;0;0;5;2;C01
201200049538;0;7;0;0;2;1;2;B01
201200049539;0;31;0;16;0;7;14;A01
201200049540;0;7;0;0;2;8;1;A01
201200049540;0;7;0;0;2;4;1;B01
201200049541;0;7;0;0;0;0;0;A01
201200049541;0;33;0;0;0;8;0;B01
201200049542;0;15;0;0;2;6;0;B01
201200049542;0;10;0;0;2;7;0;A01
201200049543;0;7;0;0;2;1;2;C01
201200049543;0;7;0;0;2;4;2;A01
201200049543;0;7;0;0;2;1;2;B01
201200049544;0;7;0;0;0;0;0;A01
201200049545;0;14;0;0;2;6;20;A01
201200049545;0;33;0;0;2;1;2;B01
201200049545;0;10;0;0;2;0;23;C01
201200049546;0;7;0;0;0;5;1;A01
201200049546;0;7;0;0;0;4;1;B01
201200049546;0;33;0;0;2;1;3;C01
201200049547;0;7;0;0;2;5;2;B01
201200049547;0;7;0;0;2;1;0;A01
201200049548;0;7;0;0;2;4;2;B01
201200049548;0;7;0;0;2;1;2;A01
201200049548;0;7;0;0;2;1;2;C01
201200049549;0;7;0;0;2;1;1;A01
201200049549;0;7;0;0;2;4;2;B01
201200049550;0;10;0;16;0;9;0;A01
201200049551;0;7;0;0;2;3;0;A01
201200049551;0;33;0;0;2;1;0;B01
201200049552;0;7;0;0;2;1;1;A01
201200049552;0;7;0;0;2;4;1;B01
201200049553;0;7;0;0;2;6;1;B01
201200049553;0;7;0;0;2;5;0;A01
201200049554;0;10;0;4;6;1;21;A01
201200049555;0;33;0;4;2;7;17;B01
201200049555;0;10;0;0;2;8;1;A01
201200049556;0;10;0;0;2;2;2;B01
201200049556;0;10;0;0;2;6;11;A01
201200049557;0;34;0;0;0;7;2;A01
201200049558;0;7;0;0;2;4;0;D01
201200049558;0;7;0;0;2;4;2;B01
201200049558;0;7;0;0;2;4;0;C01
201200049558;0;7;0;0;2;3;2;A01
201200049558;0;7;0;0;2;4;0;E01
201200049559;0;7;0;0;2;2;11;A01
201200049559;0;7;0;0;0;6;2;B01
201200049560;0;32;0;0;2;8;1;A01
201200049560;0;16;0;0;2;7;12;B01
201200049561;0;34;0;3;0;1;2;A01
201200049562;0;32;0;1;0;1;14;B01
201200049562;0;14;0;0;0;6;24;A01
201200049563;0;34;0;4;0;1;0;A01
201200049564;0;7;0;0;2;4;2;A01
201200049564;0;7;0;0;2;1;1;B01
201200049565;0;7;0;4;9;5;2;A01
201200049566;0;7;0;4;2;3;13;A01
201200049566;0;7;0;0;2;2;1;B01
201200049567;0;7;0;0;2;2;18;B01
201200049567;0;7;0;0;2;4;2;A01
201200049568;0;7;0;0;2;2;12;A01
201200049568;0;33;0;0;2;3;3;B01
201200049569;0;7;0;4;0;1;1;A01
201200049569;0;7;0;0;2;4;1;B01
201200049569;0;33;0;14;0;1;1;C01
201200049570;0;33;0;0;0;6;0;A01
201200049571;0;10;0;4;0;9;1;A01
201200049572;0;33;0;1;0;1;2;C01
201200049572;0;7;0;0;0;5;2;A01
201200049572;0;14;0;0;2;3;11;B01
201200049573;0;33;0;0;2;1;1;A01
201200049573;0;7;0;0;0;4;23;B01
201200049574;0;7;0;3;0;1;3;A01
201200049575;0;33;0;0;0;7;1;A01
201200049576;0;10;0;0;2;4;2;B01
201200049576;0;7;0;0;0;4;1;C01
201200049576;0;15;0;0;2;1;2;A01
201200049577;0;33;0;0;0;7;1;A01
201200049578;0;7;0;0;2;4;2;B01
201200049578;0;7;0;0;2;1;1;C01
201200049578;0;7;0;0;2;9;2;A01
201200049579;0;7;0;0;2;4;2;C01
201200049579;0;7;0;0;2;4;2;A01
201200049579;0;7;0;0;2;1;1;D01
201200049579;0;7;0;0;2;4;2;B01
201200049580;0;33;0;3;0;1;1;A01
201200049581;0;32;0;0;2;3;1;A01
201200049581;0;7;0;0;2;5;12;B01
201200049582;0;7;0;0;2;1;1;A01
201200049582;0;7;0;0;2;9;2;C01
201200049582;0;7;0;0;0;4;2;E01
201200049582;0;7;0;0;2;9;2;B01
201200049582;0;7;0;0;2;9;2;D01
201200049583;0;33;0;0;2;1;3;B01
201200049583;0;7;0;0;2;1;11;A01
201200049584;0;33;0;16;0;8;1;A01
201200049585;0;15;0;0;2;1;1;A01
201200049585;0;7;0;0;2;6;2;B01
201200049586;0;7;0;0;2;7;21;A01
201200049586;0;33;0;0;2;1;21;B01
201200049587;0;10;0;0;0;4;2;A01
201200049587;0;7;0;0;2;1;1;B01
201200049588;0;31;0;0;0;0;2;A01
201200049589;0;7;0;0;0;4;1;B01
201200049589;0;33;0;0;2;1;3;A01
201200049590;0;7;0;4;2;4;2;A01
201200049590;0;7;0;0;2;1;1;B01
201200049591;0;7;0;0;2;1;1;A01
201200049591;0;7;0;4;2;6;2;B01
201200049592;0;7;0;0;2;6;1;A01
201200049592;0;34;0;0;2;1;1;B01
201200049593;0;33;0;16;0;7;1;A01
201200049594;0;7;0;0;0;6;11;A01
201200049594;0;33;0;0;0;7;3;B01
201200049595;0;33;0;16;0;9;21;A01
201200049596;0;33;0;0;0;0;0;A01
201200049597;0;7;0;0;2;4;2;B01
201200049597;0;7;0;0;2;1;1;A01
201200049598;0;17;0;0;0;0;0;C01
201200049598;0;7;0;0;2;1;0;B01
201200049598;0;7;0;0;2;4;0;A01
201200049599;0;7;0;0;2;1;2;C01
201200049599;0;7;0;0;2;5;2;A01
201200049599;0;7;0;0;2;4;2;B01
201200049600;0;7;0;0;2;1;0;A01
201200049600;0;7;0;0;0;4;0;B01
201200049601;0;32;0;0;0;0;2;A01
201200049602;0;7;0;0;0;9;12;A01
201200049603;0;7;0;4;0;3;1;A01
201200049604;0;7;0;3;2;1;1;A01
201200049604;1;7;0;0;0;0;0;Z01
201200049605;0;33;0;0;2;1;3;A01
201200049605;1;99;0;0;2;2;0;Z01
201200049606;0;7;0;0;2;4;2;B01
201200049606;0;7;0;0;2;1;1;A01
201200049607;1;10;0;0;2;7;12;Z01
201200049607;0;33;0;0;0;0;0;A01
201200049608;0;33;0;0;2;1;0;B01
201200049608;0;7;0;0;2;2;12;A01
201200049609;0;15;0;0;2;4;2;B01
201200049609;0;15;0;0;2;1;1;A01
201200049610;0;7;0;4;0;3;13;A01
201200049611;0;17;0;0;0;6;20;A01
201200049611;0;14;0;0;2;2;1;B01
201200049612;0;33;0;16;0;0;1;A01
201200049613;0;7;0;0;0;5;2;A01
201200049613;1;32;0;0;2;1;14;Z01
201200049614;0;7;0;3;0;1;0;A01
201200049615;0;33;0;4;0;1;0;A01
201200049616;0;32;0;0;2;1;1;A01
201200049617;0;7;0;0;2;1;0;A01
201200049617;0;7;0;0;0;4;0;B01
201200049618;0;7;0;4;2;3;1;A01
201200049618;1;15;0;4;2;5;17;Z01
201200049618;0;15;0;4;2;1;21;B01
201200049619;0;7;0;0;0;7;1;C01
201200049619;0;33;0;0;2;1;3;A01
201200049619;0;33;0;0;2;4;3;B01
201200049620;0;33;0;0;2;3;1;B01
201200049620;0;7;0;0;2;2;1;A01
201200049621;0;7;0;0;0;8;0;A01
201200049622;0;15;0;0;2;7;2;B01
201200049622;0;10;0;0;2;9;0;A01
201200049623;0;7;0;4;0;3;11;A01
201200049624;0;7;0;0;2;4;0;C01
201200049624;0;7;0;0;2;1;0;A01
201200049624;0;7;0;0;2;4;0;B01
201200049625;0;7;0;0;2;7;12;A01
201200049625;0;7;0;0;0;5;1;C01
201200049625;0;32;0;0;2;8;3;B01
201200049626;0;33;0;0;0;0;0;A01
201200049627;0;7;0;3;0;2;1;A01
201200049628;0;7;0;4;0;1;1;A01
201200049629;0;33;0;16;0;6;1;A01
201200049630;0;7;0;0;0;5;1;B01
201200049630;0;7;0;0;2;1;1;C01
201200049630;0;33;0;0;2;1;2;A01
201200049631;0;10;0;4;0;2;1;A01
201200049632;0;7;0;0;2;6;2;B01
201200049632;0;10;0;1;2;9;1;A01
201200049632;0;15;0;0;2;4;24;C01
201200049633;0;7;0;4;0;2;17;A01
201200049634;0;32;0;16;0;7;1;A01
201200049635;0;7;0;4;0;3;15;A01
201200049636;0;33;0;0;0;0;0;A01
201200049636;0;17;0;0;0;0;0;B01
201200049637;0;10;0;0;2;4;2;A01
201200049637;0;7;0;0;2;1;2;B01
201200049638;0;7;0;4;0;1;1;A01
201200049639;0;7;0;0;2;3;3;C01
201200049639;0;7;0;0;0;4;2;A01
201200049639;0;14;0;0;2;1;2;B01
201200049639;0;7;0;0;2;0;2;D01
201200049640;0;7;0;4;0;9;1;A01
201200049641;0;7;0;4;0;1;2;A01
201200049642;0;34;0;0;0;8;0;A01
201200049643;0;7;0;0;0;5;1;B01
201200049643;0;13;0;0;0;0;0;A01
201200049644;0;7;0;0;2;4;2;B01
201200049644;0;7;0;0;0;4;1;A01
201200049645;0;7;0;4;0;3;1;A01
201200049646;0;7;0;4;0;7;1;A01
201200049647;0;13;0;0;2;1;0;A01
201200049647;0;7;0;0;2;4;0;B01
201200049647;0;7;0;0;2;4;0;C01
201200049647;0;7;0;0;2;4;0;D01
201200049648;0;15;0;0;2;2;0;B01
201200049648;0;7;0;0;2;6;0;A01
201200049649;0;33;0;0;2;3;3;A01
201200049649;0;7;0;0;2;2;2;C01
201200049649;0;7;0;0;2;5;2;D01
201200049649;0;7;0;0;2;3;2;B01
201200049650;0;7;0;0;2;6;2;A01
201200049650;0;17;0;0;2;2;1;B01
201200049651;0;33;0;0;2;1;3;A01
201200049651;0;7;0;0;0;7;1;B01
201200049652;0;7;0;0;2;6;2;C01
201200049652;0;7;0;0;2;4;1;B01
201200049652;2;10;0;0;2;1;1;Z01
201200049653;0;7;0;4;0;1;21;A01
201200049654;0;7;0;0;2;4;0;B01
201200049654;0;7;0;0;2;1;14;A01
201200049654;0;7;0;0;2;6;0;C01
201200049655;0;7;0;12;0;1;1;A01
201200049656;0;7;0;4;0;4;1;A01
201200049657;0;7;0;4;0;1;2;A01
201200049658;1;7;0;0;2;5;12;Z01
201200049658;0;33;0;0;0;3;1;A01
201200049659;0;7;0;4;0;3;0;A01
201200049660;0;7;0;3;2;4;1;A01
201200049660;0;7;0;4;2;1;1;B01
201200049661;0;7;0;0;0;1;0;A01
201200049661;0;7;0;4;2;8;0;B01
201200049662;0;7;0;4;0;1;0;A01
201200049663;0;7;0;0;2;4;2;B01
201200049663;0;7;0;4;0;2;1;A01
201200049664;0;7;0;0;2;1;0;C01
201200049664;0;7;0;0;2;0;0;B01
201200049664;0;7;0;3;2;0;0;A01
201200049665;0;7;0;3;0;6;1;A01
201200049665;0;7;0;0;2;3;1;B01
201200049666;0;7;0;4;0;1;1;A01
201200049667;0;7;0;0;2;3;2;B01
201200049667;0;33;0;0;2;2;2;A01
201200049668;0;7;0;0;2;2;12;B01
201200049668;0;34;0;0;2;3;3;A01
201200049669;0;7;0;3;0;1;1;A01
201200049670;0;7;0;0;2;6;11;A01
201200049670;0;33;0;0;2;0;3;B01
201200049671;0;7;0;0;0;6;0;A01
201200049671;0;14;0;0;0;8;0;B01
201200049672;0;33;0;0;0;0;0;A01
201200049673;0;32;0;0;2;3;3;A01
201200049673;0;14;0;0;2;2;1;B01
201200049673;0;10;0;0;2;5;1;C01
201200049673;0;7;0;0;2;3;2;D01
201200049674;0;7;0;0;0;4;2;C01
201200049674;0;7;0;0;2;3;2;A01
201200049674;0;7;0;0;2;5;2;B01
201200049675;0;33;0;3;0;8;13;A01
201200049676;0;7;0;16;0;9;1;A01
201200049677;0;7;0;0;2;4;2;B01
201200049677;0;33;0;0;2;1;1;A01
201200049678;0;7;0;0;2;4;2;B01
201200049678;0;13;0;0;2;1;2;A01
201200049678;0;13;0;0;2;4;2;C01
201200049679;0;7;0;4;0;3;17;A01
201200049680;0;7;0;4;0;1;21;A01
201200049681;0;7;0;0;2;6;2;B01
201200049681;0;33;0;0;2;1;2;A01
201200049682;0;7;0;0;2;4;2;B01
201200049682;0;7;0;0;2;6;2;A01
201200049682;0;7;0;0;2;4;2;C01
201200049682;0;7;0;0;2;1;1;D01
201200049683;0;7;0;0;0;4;12;A01
201200049683;0;33;0;0;2;1;3;B01
201200049684;0;7;0;0;2;4;2;B01
201200049684;0;7;0;0;2;1;1;A01
201200049685;0;7;0;4;2;4;0;A01
201200049685;0;7;0;0;2;2;1;B01
201200049686;0;7;0;3;0;1;0;A01
201200049687;0;7;0;6;0;1;2;A01
201200049688;0;7;0;3;0;1;0;A01
201200049689;0;7;0;4;0;1;13;A01
201200049690;0;7;0;4;0;1;0;A01
201200049691;0;7;0;4;0;1;1;A01
201200049692;0;7;0;4;0;1;14;A01
201200049693;0;7;0;3;0;8;2;A01
201200049694;0;7;0;0;2;4;0;B01
201200049694;0;34;0;1;0;3;0;A01
201200049695;0;7;0;0;2;6;2;A01
201200049695;0;7;0;0;2;2;9;B01
201200049696;0;7;0;3;0;8;1;A01
201200049697;0;33;0;3;0;3;1;A01
201200049698;0;7;0;0;0;4;1;B01
201200049698;0;7;0;0;2;1;1;A01
201200049699;0;7;0;4;0;2;0;A01
201200049700;0;31;0;4;0;1;1;A01
201200049701;0;34;0;16;0;9;1;A01
201200049702;0;14;0;0;2;2;1;B01
201200049702;0;7;0;0;2;6;2;A01
201200049703;0;10;0;0;2;6;2;A01
201200049703;0;7;0;0;2;1;1;D01
201200049703;0;7;0;0;2;4;2;C01
201200049703;0;7;0;0;2;6;2;B01
201200049704;0;7;0;4;0;1;1;A01
201200049705;0;33;0;4;0;8;1;A01
201200049705;0;7;0;0;0;0;11;B01
201200049706;0;33;0;0;0;1;2;A01
201200049706;0;33;0;0;0;4;2;B01
201200049707;0;15;0;0;2;2;15;A01
201200049707;0;7;0;0;2;6;15;B01
201200049708;0;7;0;0;2;1;2;A01
201200049708;0;7;0;0;0;4;2;B01
201200049709;0;7;0;3;0;1;0;A01
201200049710;0;7;0;0;2;5;9;A01
201200049710;0;7;0;0;2;3;1;C01
201200049710;0;7;0;0;2;5;0;B01
201200049711;0;7;0;0;2;3;1;B01
201200049711;0;17;0;0;2;5;1;C01
201200049711;0;7;0;0;2;7;12;A01
201200049712;0;7;0;3;0;1;1;A01
201200049713;0;10;0;3;0;1;0;A01
201200049714;0;7;0;4;0;3;2;A01
201200049715;0;7;0;4;0;1;1;A01
201200049716;0;7;0;4;0;2;14;A01
201200049717;0;7;0;0;0;6;1;A01
201200049717;1;7;0;0;2;2;0;Z01
201200049718;0;7;0;4;0;1;1;A01
201200049719;0;7;0;4;0;1;12;A01
201200049720;0;7;0;6;0;1;0;A01
201200049721;0;7;0;3;0;4;2;A01
201200049722;1;7;0;0;2;0;1;Z01
201200049722;0;33;0;0;2;8;1;A01
201200049723;0;33;0;0;0;8;0;A01
201200049724;0;7;0;0;2;8;2;C01
201200049724;0;7;0;0;2;6;0;D01
201200049724;0;7;0;0;2;2;0;B01
201200049724;0;13;0;0;2;2;0;A01
201200049725;0;33;0;0;2;1;0;B01
201200049725;0;7;0;0;2;4;2;C01
201200049725;0;7;0;0;2;2;0;A01
201200049726;0;7;0;3;2;1;1;A01
201200049726;0;7;0;0;2;6;2;B01
201200049727;0;15;0;0;2;1;1;C01
201200049727;0;7;0;4;6;1;1;A01
201200049727;0;7;0;0;2;9;2;B01
201200049728;0;7;0;0;0;9;0;A01
201200049729;0;33;0;0;0;3;1;A01
201200049730;0;33;0;0;2;2;0;B01
201200049730;0;7;0;0;2;6;11;A01
201200049731;0;7;0;4;2;6;2;A01
201200049731;1;7;0;0;2;1;0;B01
201200049732;0;7;0;3;0;1;1;A01
201200049733;0;7;0;0;2;1;0;A01
201200049733;0;7;0;0;2;4;0;C01
201200049733;0;7;0;0;2;4;0;B01
201200049734;0;7;0;4;0;1;1;A01
201200049735;0;7;0;0;2;2;1;D01
201200049735;0;15;0;0;2;8;1;B01
201200049735;0;33;0;0;2;7;1;C01
201200049735;0;7;0;0;2;2;1;A01
201200049736;1;7;0;0;0;0;0;Z01
201200049736;0;7;0;0;1;1;2;B01
201200049737;0;7;0;0;2;1;2;D01
201200049737;0;7;0;0;2;4;2;B01
201200049737;0;7;0;0;2;4;2;C01
201200049737;0;7;0;0;0;4;2;A01
201200049738;0;33;0;0;2;1;1;B01
201200049738;0;7;0;0;2;8;11;A01
201200049739;0;7;0;3;0;2;2;A01
201200049740;0;7;0;4;0;1;13;A01
201200049741;0;7;0;0;2;5;2;A01
201200049741;0;7;0;3;2;1;11;B01
201200049742;0;7;0;4;0;3;1;A01
201200049743;0;7;0;16;0;9;1;A01
201200049744;0;7;0;0;0;6;1;A01
201200049744;1;7;0;0;0;;;Z01
201200049745;0;7;0;0;0;5;1;A01
201200049745;0;15;0;0;0;0;12;B01
201200049746;0;7;0;16;0;1;1;A01
201200049747;0;34;0;0;0;0;0;A01
201200049748;0;7;0;0;2;2;1;A01
201200049748;0;7;0;0;2;3;2;B01
201200049749;0;7;0;16;0;2;1;A01
201200049750;0;7;0;16;0;2;21;A01
201200049751;0;7;0;16;0;7;1;A01
201200049752;0;7;0;0;2;4;2;A01
201200049752;0;7;0;0;2;1;2;B01
201200049753;0;7;0;0;2;4;2;A01
201200049753;0;7;0;0;2;1;1;B01
201200049753;0;7;0;0;2;1;2;C01
201200049754;0;7;0;0;2;3;1;A01
201200049754;0;15;0;0;2;7;12;B01
201200049755;0;15;0;0;0;0;0;A01
201200049755;0;7;0;0;9;1;1;B01
201200049755;0;7;0;0;0;0;0;C01
201200049756;0;14;0;0;2;7;0;A01
201200049756;0;7;0;0;2;8;0;B01
201200049757;0;7;0;5;0;1;1;A01
201200049758;0;33;0;0;2;1;0;A01
201200049758;0;7;0;0;0;4;11;B01
201200049759;0;7;0;0;2;4;0;A01
201200049759;0;7;0;0;2;1;0;B01
201200049760;0;7;0;0;2;8;11;A01
201200049760;0;33;0;0;2;7;0;B01
201200049761;0;34;0;0;9;8;0;A01
201200049762;0;7;0;0;2;2;1;B01
201200049762;0;7;0;0;2;6;11;A01
201200049763;0;7;0;4;0;3;1;A01
201200049764;0;7;0;0;0;9;21;A01
201200049765;0;7;0;0;0;5;14;B01
201200049765;0;7;0;0;2;3;0;A01
201200049766;0;7;0;0;0;1;21;A01
201200049767;0;7;0;3;0;2;1;A01
201200049768;0;7;0;0;1;2;1;A01
201200049769;0;7;0;0;0;6;11;A01
201200049769;0;7;0;0;2;0;0;C01
201200049769;0;7;0;0;2;0;0;D01
201200049769;0;7;0;0;2;2;1;B01
201200049770;0;7;0;0;0;2;2;B01
201200049770;0;13;0;0;0;3;2;A01
201200049771;0;7;0;0;2;4;2;B01
201200049771;0;7;0;0;2;1;1;A01
201200049771;0;7;0;0;2;5;2;C01
201200049772;0;7;0;0;2;1;1;A01
201200049772;0;7;0;0;2;1;2;B01
201200049772;0;7;0;0;2;4;2;C01
201200049773;0;34;0;0;2;1;0;C01
201200049773;0;7;0;0;2;4;0;B01
201200049773;0;33;0;0;2;1;0;A01
201200049774;0;7;0;0;2;7;12;B01
201200049774;0;33;0;0;2;1;3;A01
201200049775;0;10;0;0;2;1;2;B01
201200049775;0;10;0;0;0;4;23;A01
201200049776;0;7;0;1;;1;2;D01
201200049776;0;7;0;0;2;5;2;A01
201200049776;0;7;0;0;2;4;2;B01
201200049776;0;7;0;1;0;1;2;C01
201200049777;0;7;0;0;2;1;1;B01
201200049777;0;33;0;0;2;1;9;A01
201200049778;0;7;0;3;0;3;1;A01
201200049779;0;7;0;0;0;0;0;A01
201200049780;0;7;0;3;0;3;1;A01
201200049781;0;7;0;0;2;1;2;A01
201200049781;0;7;0;0;2;6;2;D01
201200049781;0;34;0;0;2;4;2;C01
201200049781;0;7;0;0;2;8;2;B01
201200049782;0;7;0;3;0;1;2;A01
201200049783;0;7;0;4;0;7;14;A01
201200049784;0;7;0;0;2;3;1;B01
201200049784;0;7;0;0;2;6;6;A01
201200049785;0;7;0;0;2;1;2;C01
201200049785;0;7;0;4;0;3;1;A01
201200049785;0;7;0;0;2;1;2;B01
201200049786;0;31;0;0;2;2;2;B01
201200049786;0;7;0;0;2;8;1;A01
201200049787;0;31;0;4;2;2;3;A01
201200049787;0;7;0;0;2;8;1;B01
201200049788;0;7;0;0;2;3;11;A01
201200049788;0;33;0;0;2;2;1;B01
201200049789;0;7;0;0;2;1;2;B01
201200049789;0;10;0;0;0;4;2;C01
201200049789;0;10;0;0;2;4;2;A01
201200049790;0;31;0;0;2;0;2;A01
201200049791;0;7;0;4;0;3;1;A01
201200049792;0;10;0;0;2;5;12;B01
201200049792;0;33;0;0;2;8;1;A01
201200049793;0;33;0;0;2;7;1;B01
201200049793;0;7;0;0;2;6;1;A01
201200049794;0;7;0;3;0;1;1;A01
201200049795;0;7;0;4;0;1;0;A01
201200049796;0;7;0;0;2;2;1;A01
201200049796;0;33;0;0;2;3;1;B01
201200049797;0;15;0;0;1;2;1;A01
201200049798;0;7;0;0;0;9;1;A01
201200049799;0;7;0;0;2;9;1;A01
201200049799;0;7;0;0;2;1;1;B01