num_acc;senc;catv;occutc;obs;obsm;choc;manv;num_veh
201200049800;0;33;0;4;0;9;1;A01
201200049801;0;33;0;0;0;1;0;B01
201200049801;0;7;0;0;0;3;0;A01
201200049802;0;7;0;0;2;1;1;A01
201200049802;0;7;0;0;2;4;2;B01
201200049803;0;7;0;0;2;1;0;A01
201200049803;0;7;0;0;2;4;0;D01
201200049803;0;7;0;0;2;4;0;B01
201200049803;0;7;0;0;2;4;0;C01
201200049804;0;7;0;0;0;3;1;A01
201200049804;0;33;0;0;2;1;3;B01
201200049805;0;30;0;0;0;1;1;A01
201200049805;0;7;0;0;0;6;11;B01
201200049806;0;10;0;0;2;6;10;A01
201200049806;0;7;0;0;2;1;1;B01
201200049807;0;7;0;0;0;3;0;A01
201200049807;0;31;0;0;2;1;3;B01
201200049808;0;31;0;0;0;2;3;A01
201200049808;0;7;0;0;2;3;0;B01
201200049809;0;7;0;4;0;8;13;A01
201200049810;0;7;0;3;2;2;2;A01
201200049810;0;15;0;0;2;6;11;B01
201200049811;0;33;0;0;2;2;3;A01
201200049811;0;10;0;0;2;3;11;B01
201200049812;0;10;0;0;2;3;11;B01
201200049812;0;33;0;0;2;2;0;A01
201200049813;0;7;0;0;0;0;0;C01
201200049813;0;7;0;0;0;0;0;A01
201200049813;0;10;0;0;0;0;0;B01
201200049814;0;33;0;0;0;0;0;A01
201200049815;0;7;0;0;2;4;2;C01
201200049815;0;10;0;0;2;1;2;A01
201200049815;0;7;0;0;2;4;2;B01
201200049816;0;7;0;0;0;0;0;A01
201200049816;0;34;0;0;2;1;0;B01
201200049817;0;7;0;0;2;8;11;B01
201200049817;0;32;0;0;2;1;0;A01
201200049818;0;7;0;16;0;0;1;A01
201200049819;0;7;0;0;6;1;1;A01
201200049820;0;7;0;4;0;3;1;A01
201200049821;0;33;0;0;2;3;1;B01
201200049821;0;7;0;0;2;5;12;A01
201200049822;0;7;0;0;2;8;1;B01
201200049822;1;99;0;0;2;2;0;Z01
201200049822;0;7;0;3;2;3;1;A01
201200049823;0;7;0;0;0;1;1;A01
201200049824;0;7;0;4;2;7;14;A01
201200049824;0;7;0;4;2;8;1;B01
201200049825;0;7;0;4;0;1;13;A01
201200049826;0;7;0;4;0;3;1;A01
201200049826;0;7;0;0;2;1;1;B01
201200049827;0;7;0;4;0;1;1;A01
201200049828;0;7;0;0;2;1;1;A01
201200049828;0;7;0;0;2;4;1;B01
201200049829;0;7;0;0;0;4;2;A01
201200049829;0;7;0;0;2;1;2;B01
201200049830;0;7;0;4;0;8;0;A01
201200049831;0;7;0;16;0;1;16;A01
201200049832;0;7;0;0;2;6;1;A01
201200049832;0;10;0;0;2;5;1;B01
201200049833;0;7;0;0;2;1;1;A01
201200049833;0;7;0;0;2;4;2;B01
201200049834;0;7;0;0;2;1;2;A01
201200049834;0;10;0;0;0;4;2;B01
201200049835;0;32;0;16;0;7;12;A01
201200049836;0;7;0;0;0;4;2;B01
201200049836;0;33;0;0;2;1;2;A01
201200049837;0;33;0;16;0;7;21;A01
201200049838;0;33;0;16;0;9;1;A01
201200049839;0;31;0;0;2;1;2;B01
201200049839;0;10;0;0;0;4;4;A01
201200049840;0;33;0;16;0;8;1;A01
201200049841;0;7;0;0;2;3;11;B01
201200049841;0;34;0;0;2;2;1;A01
201200049842;0;33;0;16;0;1;1;A01
201200049843;0;15;0;0;2;1;2;A01
201200049843;0;10;0;0;0;4;1;B01
201200049844;0;7;0;0;2;1;0;B01
201200049844;0;7;0;0;2;4;0;A01
201200049845;0;33;0;16;0;7;1;A01
201200049846;0;7;0;0;2;6;1;A01
201200049846;0;31;0;0;2;2;3;B01
201200049847;0;7;0;4;0;3;1;A01
201200049848;0;7;0;0;0;4;2;A01
201200049848;0;10;0;0;2;1;2;B01
201200049849;0;7;0;4;0;3;0;A01
201200049850;0;7;0;3;0;1;16;A01
201200049851;0;7;0;3;0;1;1;A01
201200049852;0;7;0;0;2;4;1;A01
201200049853;0;7;0;0;2;4;2;C01
201200049853;0;7;0;0;2;4;2;B01
201200049853;0;7;0;0;2;1;1;A01
201200049854;0;7;0;4;0;4;14;A01
201200049855;0;34;0;4;0;7;1;A01
201200049856;0;7;0;0;2;7;1;A01
201200049856;0;10;0;0;2;6;11;B01
201200049857;0;14;0;0;2;9;2;B01
201200049857;0;13;0;0;2;1;2;C01
201200049857;0;7;0;0;0;4;2;A01
201200049858;0;7;0;0;2;2;0;B01
201200049858;0;7;0;0;2;3;0;A01
201200049859;0;7;0;0;2;1;2;A01
201200049859;0;7;0;0;0;4;2;C01
201200049859;0;7;0;0;2;1;2;B01
201200049860;0;7;0;0;0;8;1;B01
201200049860;0;7;0;0;0;2;14;A01
201200049861;0;32;0;0;0;7;1;A01
201200049861;0;7;0;0;0;6;11;B01
201200049862;0;7;0;0;0;1;0;B01
201200049862;0;7;0;0;2;2;1;A01
201200049863;0;7;0;0;2;3;11;A01
201200049863;0;33;0;0;2;2;2;B01
201200049864;0;14;0;0;0;4;1;B01
201200049864;0;99;0;0;2;1;1;A01
201200049865;0;10;0;4;0;3;13;A01
201200049866;0;32;0;0;2;1;21;A01
201200049867;0;15;0;0;0;8;1;B01
201200049867;0;7;0;0;2;8;0;A01
201200049868;0;15;0;4;0;3;13;A01
201200049869;0;7;0;0;2;3;2;C01
201200049869;0;7;0;0;2;9;2;A01
201200049869;0;7;0;0;2;1;2;B01
201200049870;0;7;0;0;2;1;1;A01
201200049870;0;7;0;0;2;9;2;B01
201200049870;0;7;0;0;2;4;1;C01
201200049871;0;7;0;4;0;8;21;A01
201200049872;0;7;0;0;0;1;1;A01
201200049873;0;7;0;4;0;4;1;A01
201200049874;0;7;0;4;0;2;1;A01
201200049875;0;10;0;0;2;1;2;C01
201200049875;0;7;0;0;2;2;2;A01
201200049875;0;7;0;4;2;6;2;B01
201200049876;0;7;0;0;2;4;2;B01
201200049876;0;7;0;4;2;2;1;A01
201200049877;0;33;0;4;0;1;13;A01
201200049878;0;7;0;0;2;1;0;B01
201200049878;0;7;0;0;2;1;0;A01
201200049879;0;15;0;0;2;6;0;A01
201200049879;0;7;0;0;2;1;0;B01
201200049880;0;7;0;0;2;1;1;A01
201200049880;0;7;0;0;2;4;2;C01
201200049880;0;7;0;0;2;4;2;B01
201200049881;1;10;0;0;2;3;0;Z01
201200049881;0;33;0;0;2;5;3;A01
201200049882;0;7;0;0;2;1;1;B01
201200049882;0;7;0;0;2;4;2;A01
201200049883;0;7;0;0;2;1;1;C01
201200049883;0;7;0;0;2;4;2;A01
201200049883;0;7;0;0;2;9;2;B01
201200049884;0;7;0;0;0;0;0;A01
201200049885;0;7;0;0;0;8;1;B01
201200049885;0;7;0;0;0;7;17;A01
201200049886;0;33;0;16;0;9;3;A01
201200049887;0;7;0;0;2;2;1;A01
201200049887;0;7;0;0;2;3;1;B01
201200049888;0;33;0;0;2;4;2;B01
201200049888;0;7;0;0;2;1;1;A01
201200049889;0;7;0;13;0;9;14;A01
201200049890;0;7;0;4;0;8;1;A01
201200049891;0;7;0;4;0;1;2;A01
201200049892;0;7;0;4;0;3;1;A01
201200049893;0;7;0;0;0;1;2;A01
201200049893;0;7;0;0;0;4;2;B01
201200049894;0;7;0;0;2;2;17;B01
201200049894;0;10;0;3;2;3;1;A01
201200049895;0;7;0;4;0;1;13;A01
201200049896;0;7;0;4;0;1;13;A01
201200049897;0;7;0;4;0;1;13;A01
201200049898;0;33;0;0;0;5;1;B01
201200049898;0;31;0;0;2;3;21;A01
201200049899;0;7;0;4;0;2;2;A01
201200049900;0;7;0;3;0;2;1;A01
201200049901;0;10;0;4;0;1;1;A01
201200049902;0;7;0;0;2;1;1;A01
201200049902;0;7;0;0;2;7;2;C01
201200049902;0;7;0;0;2;9;2;B01
201200049903;0;7;0;0;2;3;1;B01
201200049903;0;7;0;4;2;1;1;A01
201200049904;0;7;0;0;2;8;9;B01
201200049904;0;7;0;0;2;7;9;A01
201200049905;0;7;0;4;0;1;12;A01
201200049906;0;7;0;0;0;8;0;B01
201200049906;0;7;0;0;0;7;0;A01
201200049907;0;7;0;0;2;8;1;B01
201200049907;0;7;0;0;2;2;1;A01
201200049908;0;7;0;4;0;1;13;A01
201200049909;0;33;0;4;0;1;1;A01
201200049910;0;3;0;0;0;0;0;A01
201200049911;0;7;0;3;0;9;0;A01
201200049912;0;7;0;4;0;1;21;A01
201200049913;0;7;0;4;0;1;2;A01
201200049913;0;7;0;1;0;1;2;B01
201200049914;0;7;0;0;2;4;2;C01
201200049914;0;7;0;0;2;4;2;B01
201200049914;0;7;0;0;2;1;2;A01
201200049915;0;7;0;15;0;3;1;A01
201200049916;0;7;0;0;0;4;2;C01
201200049916;0;7;0;0;2;1;2;A01
201200049916;0;10;0;0;2;4;2;B01
201200049917;0;33;0;4;0;3;0;A01
201200049918;0;7;0;0;2;1;2;A01
201200049918;0;7;0;0;2;1;2;C01
201200049918;0;10;0;0;0;4;2;D01
201200049918;0;32;0;0;2;1;0;B01
201200049919;0;33;0;0;2;8;1;A01
201200049919;0;7;0;0;2;7;12;B01
201200049920;0;7;0;0;2;4;11;B01
201200049920;0;33;0;0;2;1;3;A01
201200049921;0;7;0;4;0;2;1;A01
201200049922;0;7;0;0;2;4;2;B01
201200049922;0;7;0;0;2;4;2;D01
201200049922;1;7;0;0;2;1;0;A01
201200049922;0;7;0;0;0;4;2;E01
201200049922;0;7;0;0;2;4;2;C01
201200049923;0;7;0;3;0;2;1;A01
201200049924;0;7;0;0;2;1;1;A01
201200049924;0;7;0;0;2;5;2;C01
201200049924;0;7;0;0;2;4;2;B01
201200049924;0;7;0;0;2;7;2;D01
201200049925;0;7;0;7;2;2;14;A01
201200049925;0;10;0;0;2;1;1;B01
201200049926;0;7;0;3;0;3;1;A01
201200049927;0;7;0;0;2;1;2;A01
201200049927;0;7;0;0;2;6;2;C01
201200049927;0;7;0;0;2;4;2;B01
201200049928;0;7;0;4;0;1;1;A01
201200049929;0;7;0;0;2;2;21;B01
201200049929;0;7;0;0;2;3;21;A01
201200049930;0;7;0;0;2;4;2;B01
201200049930;0;38;1;0;2;1;1;A01
201200049931;0;7;0;0;2;1;1;A01
201200049931;1;7;0;0;2;4;11;B02
201200049932;0;7;0;0;2;6;11;B01
201200049932;0;7;0;4;2;2;1;A01
201200049933;0;33;0;3;0;3;1;A01
201200049934;0;7;0;0;2;5;2;E01
201200049934;0;7;0;0;2;3;2;D01
201200049934;0;7;0;0;2;4;2;C01
201200049935;0;7;0;0;2;1;2;A01
201200049935;0;7;0;0;2;4;2;B01
201200049935;0;7;0;0;2;4;2;G02
201200049935;0;7;0;0;2;4;2;E01
201200049935;0;7;0;0;2;4;2;D01
201200049935;0;10;0;0;2;4;2;C01
201200049935;0;7;0;0;2;4;2;F02
201200049936;0;7;0;0;2;1;1;B01
201200049936;0;7;0;4;2;8;11;A01
201200049937;0;7;0;0;2;4;2;B01
201200049937;0;7;0;0;2;1;1;A01
201200049938;0;33;0;0;2;3;1;B01
201200049938;0;7;0;0;2;2;12;A01
201200049939;0;7;0;0;2;5;12;A01
201200049939;0;33;0;0;2;3;0;B01
201200049940;0;7;0;0;2;4;2;B01
201200049940;0;7;0;0;2;1;2;A01
201200049941;0;7;0;4;2;5;21;A01
201200049941;0;7;0;0;2;3;2;B01
201200049942;0;10;0;0;2;1;2;A01
201200049942;0;10;0;0;2;4;2;B01
201200049943;0;7;0;0;2;2;11;A01
201200049943;0;7;0;0;2;6;1;B01
201200049944;0;10;0;3;0;7;1;A01
201200049945;0;7;0;0;9;3;1;D01
201200049945;0;33;0;0;2;0;3;B01
201200049945;0;10;0;0;2;0;9;A01
201200049945;0;7;0;0;2;0;1;C01
201200049946;0;33;0;0;2;1;21;A01
201200049946;0;7;0;0;2;2;12;B01
201200049947;0;7;0;4;0;1;0;A01
201200049948;0;7;0;0;2;2;11;A01
201200049948;0;7;0;0;2;6;1;B01
201200049949;0;10;0;3;2;5;18;A01
201200049949;0;7;0;0;2;2;1;B01
201200049949;0;7;0;0;2;8;1;C01
201200049950;0;7;0;0;2;4;2;B01
201200049950;0;7;0;0;2;4;2;C01
201200049950;0;7;0;0;2;1;2;A01
201200049950;0;7;0;0;2;4;2;D01
201200049951;0;7;0;0;2;4;2;B01
201200049951;0;7;0;0;2;1;2;A01
201200049952;0;7;0;4;0;1;15;A01
201200049952;0;7;0;4;2;1;21;B01
201200049953;0;33;0;0;2;1;21;A01
201200049953;0;7;0;0;0;4;1;B01
201200049954;0;7;0;0;2;1;21;A01
201200049954;0;7;0;0;2;5;1;C01
201200049954;1;15;0;0;2;8;23;B01
201200049954;0;7;0;0;2;4;1;D01
201200049955;0;7;0;0;2;1;0;A01
201200049955;0;10;0;0;2;6;0;D01
201200049955;0;7;0;0;2;6;0;C01
201200049955;0;10;0;0;2;2;0;E01
201200049955;0;7;0;0;2;0;0;B01
201200049956;0;7;0;4;2;6;2;B01
201200049956;0;7;0;0;2;2;2;A01
201200049957;0;32;0;0;0;7;0;A01
201200049957;1;7;0;;;;;B01
201200049958;0;7;0;0;0;0;1;B01
201200049958;0;7;0;0;2;1;0;A01
201200049958;0;7;0;0;2;1;0;C01
201200049959;0;31;0;0;2;3;3;A01
201200049959;0;7;0;0;2;6;2;C01
201200049959;0;7;0;0;2;2;12;B01
201200049960;0;10;0;0;2;3;11;A01
201200049960;0;32;0;4;2;4;1;B01
201200049961;0;10;0;0;2;1;1;B01
201200049961;0;10;0;0;2;1;1;A01
201200049962;0;32;0;0;2;1;12;A01
201200049962;0;7;0;0;2;5;12;B01
201200049963;0;7;0;0;2;5;12;A01
201200049963;0;17;0;0;2;8;1;C01
201200049963;0;33;0;0;2;3;3;B01
201200049964;0;33;0;0;2;1;3;A01
201200049964;0;7;0;0;2;6;1;B01
201200049965;0;7;0;0;0;9;21;A01
201200049966;0;7;0;0;2;4;2;B01
201200049966;0;7;0;0;2;1;2;A01
201200049966;0;7;0;0;2;4;2;C01
201200049967;0;7;0;0;2;1;11;A01
201200049967;0;7;0;0;2;4;1;B01
201200049968;0;7;0;13;0;9;21;A01
201200049969;0;7;0;4;0;1;1;A01
201200049970;0;10;0;0;2;1;2;A01
201200049970;0;7;0;0;2;4;2;B01
201200049971;0;7;0;4;0;1;1;A01
201200049972;0;7;0;0;2;5;12;A01
201200049972;0;7;0;0;2;3;1;B01
201200049973;0;33;0;0;0;0;0;A01
201200049974;0;14;0;0;2;6;24;B01
201200049974;0;7;0;1;0;1;14;A01
201200049975;0;7;0;0;2;2;21;A01
201200049975;0;10;0;0;2;6;23;B01
201200049976;0;7;0;4;0;3;1;A01
201200049977;0;15;0;3;0;2;1;A01
201200049978;0;7;0;3;0;1;1;A01
201200049979;0;7;0;4;0;0;1;A01
201200049979;0;7;0;0;2;1;21;C01
201200049979;0;14;0;14;0;0;1;B01
201200049979;0;7;0;0;2;0;21;D01
201200049980;0;34;0;0;2;1;3;A01
201200049980;0;7;0;0;2;5;2;B01
201200049980;0;7;0;0;2;4;1;C01
201200049981;1;7;0;0;2;2;0;Z01
201200049981;0;7;0;4;0;3;1;D01
201200049981;0;7;0;0;0;2;1;C01
201200049981;0;7;0;0;2;0;0;B01
201200049982;0;7;0;0;2;1;2;A01
201200049982;0;7;0;0;2;4;1;B01
201200049983;0;7;0;6;0;1;21;A01
201200049983;0;7;0;0;2;3;9;B01
201200049983;0;7;0;0;2;7;21;C01
201200049984;0;33;0;0;2;3;3;A01
201200049984;0;7;0;0;2;5;1;B01
201200049985;0;7;0;3;0;1;0;A01
201200049986;0;33;0;0;2;2;3;A01
201200049986;0;7;0;0;2;8;11;B01
201200049987;0;34;0;0;0;2;2;A01
201200049988;0;7;0;0;2;1;2;A01
201200049988;0;7;0;0;2;4;1;B01
201200049989;0;7;0;0;2;7;1;B01
201200049989;0;7;0;0;2;8;13;A01
201200049990;0;33;0;0;0;7;11;A01
201200049991;0;31;0;0;2;1;21;A01
201200049992;0;7;0;4;0;2;21;A01
201200049993;0;7;0;4;2;0;9;A01
201200049993;0;7;0;4;2;7;1;B01
201200049993;0;7;0;0;2;7;1;C01
201200049994;0;7;0;0;2;4;1;C01
201200049994;0;7;0;0;2;3;1;A01
201200049994;0;7;0;0;2;1;1;B01
201200049995;0;7;0;0;2;1;0;A01
201200049995;0;7;0;0;2;6;1;B01
201200049996;0;7;0;11;2;2;1;A01
201200049996;0;7;0;0;2;7;1;B01
201200049997;0;7;0;0;2;4;1;B01
201200049997;0;7;0;0;2;1;1;A01
201200049998;0;7;0;4;2;1;1;A01
201200049998;0;7;0;4;2;4;1;B01
201200049998;0;7;0;4;2;4;1;C01
201200049999;0;7;0;3;0;3;13;A01
201200050000;0;33;0;0;2;2;1;B01
201200050000;0;10;0;0;2;3;11;A01
201200050001;0;7;0;0;2;1;2;A01
201200050001;0;7;0;0;2;1;2;B01
201200050001;0;7;0;0;0;4;23;C01
201200050002;0;7;0;3;0;2;21;A01
201200050003;0;10;0;0;2;1;2;A01
201200050003;0;7;0;0;2;6;1;B01
201200050004;0;7;0;0;2;6;1;B01
201200050004;0;33;0;0;2;1;1;A01
201200050005;0;7;0;0;2;3;1;A01
201200050005;0;7;0;0;2;5;1;B01
201200050006;0;7;0;0;2;4;2;B01
201200050006;0;7;0;0;2;1;2;A01
201200050007;0;33;0;0;2;8;3;A01
201200050007;0;7;0;0;2;7;12;B01
201200050008;0;10;0;0;2;2;11;A01
201200050008;0;7;0;0;2;6;1;B01
201200050009;0;7;0;0;2;4;2;B01
201200050009;0;7;0;0;2;1;2;A01
201200050010;0;7;0;3;2;8;1;B01
201200050010;0;7;0;4;2;3;13;A01
201200050011;0;7;0;0;2;2;1;A01
201200050011;0;7;0;4;2;4;11;B01
201200050012;0;7;0;0;2;8;11;B01
201200050012;0;33;0;4;2;2;3;A01
201200050013;0;7;0;4;2;1;19;A01
201200050013;0;15;0;4;2;8;1;B01
201200050013;0;7;0;0;9;8;1;C01
201200050014;0;7;0;4;0;7;14;A01
201200050015;0;7;0;4;0;9;14;A01
201200050016;0;34;0;0;2;2;1;A01
201200050016;0;7;0;0;0;6;13;B01
201200050017;0;7;0;0;2;6;11;A01
201200050017;0;33;0;0;2;7;17;B01
201200050018;0;32;0;0;0;7;2;A01
201200050019;0;7;0;3;2;4;1;B01
201200050019;0;33;0;3;2;1;3;A01
201200050020;0;7;0;0;2;2;12;A01
201200050020;0;7;0;0;2;6;1;B01
201200050021;0;7;0;0;0;1;0;A01
201200050022;0;7;0;14;0;1;1;A01
201200050023;0;10;0;14;0;2;1;A01
201200050023;0;7;0;0;2;6;23;B01
201200050024;0;7;0;4;0;2;1;A01
201200050025;0;7;0;0;0;4;2;C01
201200050025;0;33;0;0;2;1;1;A01
201200050025;0;7;0;0;2;8;11;B01
201200050026;0;31;0;0;2;1;1;A01
201200050026;0;10;0;0;0;5;1;B01
201200050027;0;7;0;0;2;2;12;A01
201200050027;0;32;0;0;2;3;0;B01
201200050028;0;32;0;0;2;1;1;A01
201200050028;0;7;0;0;0;5;1;B01
201200050029;0;33;0;0;2;3;3;A01
201200050029;0;7;0;0;2;5;12;B01
201200050030;0;7;0;0;0;6;11;B01
201200050030;0;32;0;0;2;1;3;A01
201200050031;0;32;0;0;2;0;0;A01
201200050031;0;10;0;0;2;4;2;B01
201200050032;0;7;0;4;2;3;1;A01
201200050032;0;14;0;0;0;3;2;B01
201200050033;0;7;0;3;0;3;1;A01
201200050034;0;7;0;11;0;3;0;A01
201200050035;0;7;0;0;2;4;23;B01
201200050035;0;7;0;0;2;1;1;A01
201200050036;0;7;0;0;0;4;2;B01
201200050036;0;7;0;0;0;1;2;A01
201200050036;0;7;0;0;0;4;2;C01
201200050037;1;7;0;0;2;4;0;Z01
201200050037;0;7;0;0;2;4;0;A01
201200050038;0;7;0;3;2;6;9;A01
201200050038;0;13;0;0;2;2;0;B01
201200050039;0;10;0;0;2;5;12;B01
201200050039;0;33;0;0;2;3;3;A01
201200050040;0;7;0;4;2;4;11;A01
201200050040;0;7;0;4;2;4;1;C01
201200050040;0;14;0;4;2;1;1;B01
201200050041;0;7;0;0;2;5;12;B01
201200050041;0;33;0;0;2;3;3;A01
201200050042;0;7;0;0;2;2;2;B01
201200050042;0;7;0;0;2;1;2;A01
201200050042;0;7;0;0;2;6;23;C01
201200050043;0;7;0;0;2;1;2;A01
201200050043;0;7;0;0;2;4;2;B01
201200050044;0;7;0;0;0;4;1;B01
201200050044;0;34;0;0;2;4;0;A01
201200050045;0;7;0;0;2;1;2;A01
201200050045;0;7;0;0;2;4;2;B01
201200050046;0;7;0;0;2;4;2;B01
201200050046;0;7;0;0;2;1;2;A01
201200050047;0;7;0;0;2;6;2;B01
201200050047;0;7;0;0;2;2;2;A01
201200050048;0;7;0;0;0;4;23;C01
201200050048;0;7;0;0;2;4;23;B01
201200050048;0;7;0;0;2;1;2;A01
201200050049;0;7;0;0;2;5;2;B01
201200050049;0;33;0;0;2;3;3;A01
201200050050;0;7;0;0;2;3;21;A01
201200050050;0;7;0;0;2;5;1;B01
201200050050;0;7;0;0;2;4;1;C01
201200050051;0;7;0;0;2;8;11;A01
201200050051;0;33;0;4;2;7;2;B01
201200050052;0;7;0;0;0;4;2;B01
201200050052;0;7;0;0;2;1;2;A01
201200050053;0;7;0;0;2;3;11;B01
201200050053;0;33;0;0;2;7;1;A01
201200050054;0;7;0;0;2;4;2;B01
201200050054;0;15;0;0;2;1;2;A01
201200050054;0;10;0;0;2;4;2;C01
201200050055;0;7;0;0;2;4;2;B01
201200050055;0;33;0;0;2;1;2;A01
201200050056;0;7;0;0;2;8;21;B01
201200050056;0;7;0;4;2;7;21;A01
201200050056;0;7;0;4;2;6;9;C01
201200050057;0;7;0;0;2;4;2;E01
201200050057;0;7;0;0;2;4;2;D01
201200050057;0;7;0;0;2;4;2;B01
201200050057;0;14;0;0;2;1;1;A01
201200050057;0;7;0;0;2;4;2;C01
201200050057;0;7;0;0;0;4;2;F02
201200050058;0;10;0;0;2;7;12;B01
201200050058;0;33;0;0;2;8;3;A01
201200050059;0;31;0;0;0;7;21;A01
201200050060;0;7;0;4;0;3;21;A01
201200050061;0;7;0;0;9;1;17;B01
201200050061;0;14;0;0;0;0;1;A01
201200050062;0;7;0;0;2;7;12;B01
201200050062;0;7;0;0;0;6;1;D01
201200050062;0;31;0;0;2;1;3;A01
201200050062;0;7;0;0;0;5;1;C01
201200050063;0;7;0;0;2;4;2;B01
201200050063;0;7;0;0;2;1;2;A01
201200050064;0;7;0;4;2;2;18;A01
201200050064;0;7;0;0;2;3;2;B01
201200050065;0;7;0;0;2;2;1;B01
201200050065;0;7;0;3;2;3;9;A01
201200050066;0;7;0;3;0;1;11;A01
201200050067;0;31;0;3;2;7;3;A01
201200050067;0;7;0;3;2;8;13;B01
201200050068;0;7;0;0;0;6;11;B01
201200050068;0;34;0;0;2;3;1;A01
201200050069;0;7;0;0;2;1;1;B01
201200050069;0;10;0;3;0;1;1;A01
201200050070;1;13;0;;;;;A02
201200050070;0;7;0;6;2;4;1;A01
201200050071;0;7;0;4;0;3;11;A01
201200050072;0;7;0;0;2;4;1;C01
201200050072;0;7;0;0;2;3;11;B01
201200050072;0;33;0;0;2;2;3;A01
201200050073;0;7;0;0;2;4;1;B01
201200050073;0;7;0;0;2;1;1;A01
201200050073;0;7;0;0;2;4;1;C01
201200050074;0;7;0;6;0;1;2;A01
201200050075;0;7;0;6;0;1;14;A01
201200050076;0;7;0;0;2;1;2;A01
201200050076;0;7;0;0;2;4;2;B01
201200050077;0;33;0;0;0;7;1;A01
201200050078;0;10;0;0;0;9;12;A01
201200050079;0;7;0;0;2;0;11;A01
201200050079;0;7;0;4;2;9;21;B01
201200050080;0;7;0;10;0;3;2;A01
201200050081;0;7;0;3;2;1;0;A01
201200050082;0;31;0;0;2;3;2;B01
201200050082;0;7;0;0;2;2;12;A01
201200050083;0;7;0;0;2;1;2;E01
201200050083;0;17;0;0;0;1;2;B01
201200050083;0;7;0;0;2;4;2;D01
201200050083;0;7;0;0;2;1;2;C01
201200050083;0;14;0;0;2;4;2;A01
201200050084;0;7;0;0;2;1;2;A01
201200050084;0;7;0;0;0;4;2;B01
201200050085;0;7;0;0;2;1;2;A01
201200050085;0;7;0;0;0;4;2;B01
201200050086;0;7;0;4;0;1;16;A01
201200050087;0;17;0;3;0;8;13;A01
201200050088;0;7;0;0;0;9;1;A01
201200050089;0;7;0;13;0;1;21;A01
201200050090;0;33;0;4;0;1;1;A01
201200050091;0;7;0;13;0;2;21;A01
201200050092;0;17;0;0;0;4;2;B01
201200050092;0;33;0;0;2;1;2;A01
201200050093;0;7;0;0;2;4;2;C01
201200050093;0;7;0;0;2;1;2;A01
201200050093;0;7;0;0;2;1;2;B01
201200050094;0;7;0;4;0;0;1;A01
201200050095;0;34;0;4;0;3;0;A01
201200050096;1;7;0;;;;;A02
201200050096;0;7;0;3;2;3;1;A01
201200050097;0;33;0;0;2;1;3;A01
201200050097;0;10;0;0;0;4;2;B01
201200050098;0;7;0;0;0;6;11;A01
201200050098;0;32;0;0;2;2;3;B01
201200050099;0;33;0;0;2;2;3;A01
201200050099;0;14;0;0;2;6;2;B01
201200050100;0;7;0;0;0;4;2;B01
201200050100;0;7;0;0;0;1;2;A01
201200050101;0;7;0;4;0;1;21;B01
201200050101;0;10;0;0;0;0;11;A01
201200050102;0;7;0;4;0;1;0;A01
201200050103;0;7;0;2;0;3;2;A01
201200050104;0;33;0;0;2;3;2;A01
201200050104;0;7;0;0;2;2;2;B01
201200050105;0;7;0;14;0;1;19;A01
201200050105;0;7;0;0;2;1;1;B01
201200050106;0;7;0;0;2;2;1;B01
201200050106;0;7;0;4;2;2;21;A01
201200050107;0;7;0;3;2;4;12;A01
201200050107;0;7;0;3;2;1;21;B01
201200050108;0;7;0;0;2;4;1;C01
201200050108;0;7;0;0;2;4;1;B01
201200050108;0;7;0;0;2;1;2;A01
201200050109;0;15;0;0;2;1;1;A01
201200050109;0;10;0;0;0;4;23;B01
201200050110;0;7;0;0;2;5;1;C01
201200050110;0;7;0;0;2;3;1;A01
201200050110;0;7;0;0;2;5;1;B01
201200050111;0;7;0;0;2;4;1;B01
201200050111;2;7;0;0;2;1;0;A01
201200050112;0;7;0;0;2;5;2;B01
201200050112;0;7;0;0;2;3;2;A01
201200050112;0;7;0;0;0;4;2;C01
201200050113;0;33;0;6;2;1;0;A01
201200050113;0;7;0;6;2;4;1;B01
201200050114;0;7;0;0;2;5;23;B01
201200050114;0;34;0;0;2;8;18;A01
201200050115;0;7;0;0;0;6;23;B01
201200050115;0;37;6;0;2;2;14;A01
201200050116;0;7;0;0;2;1;2;A01
201200050116;0;7;0;0;2;4;2;B01
201200050117;0;7;0;0;2;3;1;A01
201200050117;0;7;0;0;2;4;12;B01
201200050118;0;7;0;0;2;1;2;A01
201200050118;0;10;0;0;2;4;2;B01
201200050118;0;10;0;0;2;1;2;C01
201200050119;0;7;0;4;0;3;1;A01
201200050120;0;33;0;0;2;2;3;B01
201200050120;0;7;0;0;2;8;11;A01
201200050121;0;7;0;6;0;1;0;A01
201200050121;0;7;0;0;2;1;0;B01
201200050122;0;31;0;4;2;1;3;A01
201200050122;0;7;0;0;2;4;12;B01
201200050123;0;33;0;0;2;3;3;A01
201200050123;0;7;0;0;2;2;12;B01
201200050124;0;7;0;0;2;4;1;B01
201200050124;0;10;0;3;2;2;21;A01
201200050125;0;7;0;0;2;2;12;B01
201200050125;0;33;0;0;2;3;3;A01
201200050125;0;7;0;0;2;6;1;C01
201200050126;0;32;0;3;0;1;1;A01
201200050127;0;7;0;0;2;4;2;B01
201200050127;0;7;0;0;2;1;2;A01
201200050128;0;14;0;0;2;7;12;A01
201200050128;0;7;0;0;2;3;1;B01
201200050129;0;7;0;2;0;2;1;A01
201200050130;0;7;0;0;2;4;1;C01