num_acc;senc;catv;occutc;obs;obsm;choc;manv;num_veh
201200050130;0;7;0;0;2;1;1;A01
201200050130;0;7;0;0;2;4;1;B01
201200050131;0;7;0;0;2;4;1;C01
201200050131;0;7;0;0;2;4;1;B01
201200050131;0;14;0;0;2;1;1;A01
201200050132;0;33;0;0;0;8;1;A01
201200050133;0;33;0;0;2;3;3;A01
201200050133;0;7;0;0;2;5;23;B01
201200050134;0;7;0;4;0;3;21;A01
201200050135;0;7;0;3;2;4;1;B01
201200050135;0;7;0;0;2;1;1;A01
201200050136;0;7;0;3;0;2;11;A01
201200050137;0;32;0;0;0;7;14;A01
201200050138;0;33;0;4;0;8;0;A01
201200050139;0;7;0;0;2;4;23;B01
201200050139;0;10;0;0;2;1;1;A01
201200050139;0;7;0;0;0;4;23;C01
201200050140;0;7;0;0;2;4;1;B01
201200050140;0;7;0;0;2;1;1;A01
201200050141;0;33;0;0;2;1;2;A01
201200050141;0;7;0;0;2;5;2;B01
201200050142;0;7;0;0;1;2;17;B01
201200050143;0;7;0;0;2;1;1;A01
201200050143;0;7;0;0;2;4;23;B01
201200050143;0;7;0;0;2;4;23;D01
201200050143;0;7;0;0;2;4;23;C01
201200050144;0;33;0;4;0;4;13;A01
201200050145;0;7;0;0;2;4;2;B01
201200050145;0;7;0;0;2;4;2;A01
201200050145;0;7;0;4;2;4;2;C01
201200050145;0;7;0;4;2;1;2;D01
201200050146;0;7;0;0;0;4;2;B01
201200050146;0;7;0;0;2;1;2;A01
201200050147;0;7;0;0;6;0;1;A01
201200050148;0;33;0;0;0;8;21;A01
201200050149;0;7;0;0;0;0;0;A01
201200050150;0;7;0;4;0;0;1;A01
201200050151;0;7;0;1;0;3;1;B01
201200050151;0;10;0;6;0;3;1;A01
201200050152;0;7;0;4;0;3;13;A01
201200050153;0;7;0;0;2;1;2;A01
201200050153;0;7;0;0;0;4;2;B01
201200050154;0;31;0;0;2;2;3;A01
201200050154;0;10;0;0;2;5;1;B01
201200050155;0;7;0;0;2;1;2;A01
201200050155;0;7;0;0;2;4;23;B01
201200050156;0;7;0;0;2;6;1;B01
201200050156;0;33;0;0;2;1;12;A01
201200050157;0;33;0;0;2;1;2;A01
201200050157;0;7;0;0;2;4;2;B01
201200050158;0;13;0;0;0;5;0;A01
201200050159;0;33;0;0;2;7;0;B01
201200050159;0;7;0;0;2;0;0;A01
201200050160;0;10;0;0;2;4;2;C01
201200050160;0;14;0;0;2;1;2;A01
201200050160;0;7;0;0;2;4;0;B01
201200050161;0;33;0;0;0;1;0;A01
201200050162;0;33;0;0;2;1;2;A01
201200050162;0;7;0;0;2;4;2;B01
201200050163;0;7;0;0;2;1;2;A01
201200050163;0;7;0;0;2;4;23;B01
201200050164;0;7;0;15;0;8;1;A01
201200050165;0;7;0;13;0;0;2;A01
201200050166;0;7;0;4;0;1;1;A01
201200050167;0;7;0;0;2;4;2;B01
201200050167;0;31;0;0;2;1;3;A01
201200050168;0;7;0;0;2;4;2;B01
201200050168;0;7;0;0;2;1;2;A01
201200050169;0;10;0;0;2;1;14;A01
201200050169;0;7;0;0;2;3;1;D01
201200050169;0;7;0;0;2;4;2;B01
201200050169;0;7;0;0;2;2;1;C01
201200050170;0;7;0;0;2;6;1;B01
201200050170;0;33;0;0;2;1;18;A01
201200050171;0;33;0;0;0;0;0;A01
201200050172;0;7;0;0;2;6;1;B01
201200050172;0;33;0;0;2;1;3;A01
201200050173;1;7;0;0;2;2;11;Z01
201200050173;0;7;0;4;2;3;21;A01
201200050173;0;10;0;0;2;2;1;B01
201200050174;0;7;0;4;0;1;21;A01
201200050174;1;7;0;;;;;A02
201200050175;0;33;0;0;0;0;0;A01
201200050176;0;7;0;0;2;2;12;A01
201200050176;0;7;0;0;2;6;1;B01
201200050177;0;7;0;0;2;1;1;A01
201200050177;0;7;0;0;2;4;1;B01
201200050177;0;7;0;0;2;4;1;C01
201200050178;0;7;0;0;2;8;11;A01
201200050178;0;31;0;0;2;7;1;B01
201200050179;0;7;0;0;2;7;2;B01
201200050179;0;7;0;3;2;5;9;A01
201200050180;0;34;0;0;0;7;1;A01
201200050181;0;7;0;6;0;1;1;A01
201200050182;0;10;0;3;0;1;1;A01
201200050183;0;33;0;0;2;7;2;B01
201200050183;0;10;0;0;2;8;11;A01
201200050184;0;7;0;0;2;1;1;A01
201200050184;0;7;0;0;2;4;2;B01
201200050185;0;10;0;1;0;2;14;A01
201200050185;0;7;0;0;2;6;23;B01
201200050185;0;14;0;0;2;6;23;C01
201200050186;0;7;0;3;2;1;17;A01
201200050186;0;7;0;3;2;3;1;B01
201200050187;0;7;0;0;0;5;12;B01
201200050187;0;34;0;0;2;3;3;A01
201200050188;1;10;0;0;2;2;0;Z01
201200050188;0;32;0;0;2;7;2;B01
201200050189;0;7;0;0;2;5;12;A01
201200050189;0;33;0;0;2;3;3;B01
201200050190;0;7;0;4;2;1;0;A01
201200050191;2;7;0;4;0;1;1;A01
201200050192;0;7;0;0;2;6;1;C01
201200050192;0;34;0;0;2;1;3;A01
201200050192;0;10;0;0;2;2;1;B01
201200050193;0;7;0;0;2;4;23;C01
201200050193;0;7;0;0;2;4;1;D01
201200050193;0;34;0;0;2;4;21;B01
201200050193;0;7;0;0;0;0;12;A01
201200050194;2;7;0;0;2;3;18;A01
201200050194;0;7;0;0;2;2;1;B01
201200050195;0;33;0;0;0;0;3;A01
201200050196;0;10;0;0;2;1;2;A01
201200050196;0;10;0;0;2;4;2;B01
201200050197;0;7;0;3;0;2;1;A01
201200050198;0;15;0;0;0;6;1;B01
201200050198;0;33;0;0;2;1;2;A01
201200050199;0;7;0;0;2;1;11;A01
201200050199;0;7;0;0;2;4;2;B01
201200050200;0;7;0;0;2;6;11;A01
201200050200;0;33;0;0;2;1;0;B01
201200050201;0;7;0;0;2;8;13;A01
201200050201;0;7;0;4;0;7;1;B01
201200050202;0;7;0;4;0;2;1;A01
201200050203;0;10;0;0;0;0;0;A01
201200050203;0;7;0;0;9;1;0;B01
201200050204;0;7;0;3;0;2;0;A01
201200050205;0;7;0;0;2;4;1;B01
201200050205;0;32;0;0;2;1;1;A01
201200050206;0;7;0;0;2;4;2;B01
201200050206;0;7;0;0;2;1;2;A01
201200050207;0;33;0;0;2;3;3;A01
201200050207;0;7;0;0;2;5;12;B01
201200050208;0;31;0;0;2;1;2;A01
201200050208;0;7;0;0;2;4;23;B01
201200050209;0;7;0;0;2;4;2;C01
201200050209;0;7;0;0;2;1;2;A01
201200050209;0;7;0;0;2;4;2;B01
201200050210;0;7;0;0;2;3;2;A01
201200050210;0;7;0;0;2;4;2;B01
201200050211;0;33;0;0;2;1;3;A01
201200050211;0;7;0;0;0;5;12;B01
201200050212;0;7;0;0;2;2;1;B01
201200050212;0;7;0;0;2;6;13;A01
201200050213;0;7;0;0;2;1;0;A01
201200050213;0;7;0;0;0;4;0;B01
201200050214;0;31;0;0;2;2;9;A01
201200050214;0;7;0;0;2;6;1;B01
201200050215;0;7;0;4;0;3;0;A01
201200050216;0;7;0;4;0;3;0;A01
201200050216;1;7;0;0;0;0;11;Z01
201200050217;0;7;0;4;0;3;21;A01
201200050218;0;10;0;0;2;1;1;A01
201200050218;0;7;0;0;2;4;23;B01
201200050219;0;7;0;1;0;1;2;A01
201200050219;0;7;0;0;2;4;23;B01
201200050220;0;7;0;3;2;4;23;B01
201200050220;0;7;0;1;0;1;14;A01
201200050221;0;33;0;6;0;8;0;A01
201200050222;0;33;0;0;2;2;14;B01
201200050222;0;33;0;0;2;3;1;A01
201200050223;0;31;0;0;0;0;3;A01
201200050224;0;33;0;6;0;2;0;A01
201200050225;0;10;0;3;0;2;1;A01
201200050226;0;7;0;0;2;1;2;A01
201200050226;0;7;0;0;0;4;2;B01
201200050227;0;7;0;4;0;1;2;A01
201200050228;1;7;0;0;2;2;2;A01
201200050228;0;7;0;0;2;6;2;B01
201200050229;0;34;0;0;0;0;0;A01
201200050230;0;7;0;4;0;0;14;A01
201200050231;0;7;0;4;2;6;1;B01
201200050231;0;7;0;3;2;2;14;A01
201200050232;0;7;0;0;2;3;13;A01
201200050232;0;15;0;0;2;2;14;B01
201200050233;0;7;0;0;2;3;1;C01
201200050233;0;7;0;4;2;3;1;A01
201200050233;0;7;0;0;2;1;1;B01
201200050234;0;33;0;4;0;2;1;A01
201200050235;0;7;0;0;2;5;1;B01
201200050235;0;31;0;0;2;0;3;A01
201200050236;0;33;0;3;2;2;21;B01
201200050236;0;10;0;4;2;2;1;A01
201200050237;0;14;0;0;2;6;1;B01
201200050237;0;33;0;0;2;0;3;A01
201200050238;0;17;0;0;2;6;13;A01
201200050238;0;7;0;4;2;5;1;B01
201200050239;0;7;0;0;2;5;1;B01
201200050239;0;31;0;0;2;1;3;A01
201200050240;0;33;0;0;0;3;3;A01
201200050241;0;15;0;0;2;8;13;A01
201200050241;0;7;0;0;2;7;1;B01
201200050242;0;7;0;0;2;4;2;C01
201200050242;0;7;0;0;2;1;2;A01
201200050242;0;7;0;0;2;4;2;B01
201200050243;0;17;0;6;0;1;1;A01
201200050244;0;7;0;4;0;2;0;A01
201200050245;0;7;0;0;2;6;2;C01
201200050245;0;7;0;0;2;6;3;A01
201200050245;0;33;0;0;2;1;17;B01
201200050246;0;7;0;4;0;1;1;A01
201200050247;0;7;0;0;2;1;2;A01
201200050247;0;7;0;0;2;4;2;B01
201200050247;0;7;0;0;2;4;2;C01
201200050248;0;7;0;4;0;1;17;A01
201200050249;0;33;0;0;2;3;0;A01
201200050250;0;7;0;4;0;3;1;A01
201200050251;0;10;0;0;2;5;12;A01
201200050251;0;33;0;0;2;1;18;B01
201200050252;0;7;0;0;2;3;11;B01
201200050252;0;34;0;0;2;2;3;A01
201200050253;0;33;0;0;2;2;0;A01
201200050253;0;7;0;0;0;6;11;B01
201200050254;0;31;0;0;2;5;19;A01
201200050254;0;33;0;0;2;1;18;B01
201200050255;0;7;0;0;2;9;1;A01
201200050255;0;17;0;0;2;4;12;B01
201200050256;0;33;0;0;0;0;0;A01
201200050257;0;7;0;6;2;4;2;B01
201200050257;0;7;0;0;2;7;2;A01
201200050258;0;7;0;4;0;9;0;A01
201200050259;0;14;0;0;0;6;1;B01
201200050259;0;33;0;0;2;1;3;A01
201200050260;0;7;0;14;0;1;12;A01
201200050261;0;13;0;0;2;6;23;B01
201200050261;0;15;0;1;0;2;14;A01
201200050262;0;7;0;4;0;2;1;A01
201200050263;0;7;0;0;2;8;1;C01
201200050263;0;33;0;0;2;1;9;A01
201200050263;0;7;0;0;2;5;1;B01
201200050264;0;33;0;0;0;0;0;A01
201200050265;0;7;0;4;0;3;1;A01
201200050266;0;7;0;4;0;0;13;A01
201200050267;0;14;0;0;2;4;1;A01
201200050267;0;38;1;0;2;1;1;B01
201200050268;0;7;0;0;2;0;0;B01
201200050268;0;7;0;0;2;1;14;C01
201200050268;0;33;0;0;2;0;3;A01
201200050269;0;7;0;0;2;2;3;A01
201200050269;0;7;0;0;0;6;1;C01
201200050269;0;33;0;0;0;8;1;B01
201200050270;0;7;0;6;0;1;1;A01
201200050271;0;7;0;4;0;1;1;A01
201200050272;0;31;0;0;0;7;0;A01
201200050273;0;33;0;6;0;3;1;A01
201200050274;0;7;0;4;0;6;21;A01
201200050275;0;7;0;4;0;0;14;A01
201200050275;0;7;0;1;0;1;1;B01
201200050276;0;7;0;4;0;3;1;A01
201200050277;0;7;0;4;0;3;1;A01
201200050278;0;15;0;0;2;2;12;B01
201200050278;0;7;0;0;2;8;11;A01
201200050279;0;10;0;0;2;5;23;B01
201200050279;0;33;0;0;2;1;3;A01
201200050280;0;7;0;4;0;1;1;A01
201200050281;0;31;0;0;0;0;0;A01
201200050281;0;7;0;0;0;0;0;B01
201200050282;0;33;0;0;0;3;17;A01
201200050283;0;7;0;0;2;1;0;B01
201200050283;0;32;0;0;2;4;0;A01
201200050284;0;7;0;4;2;1;2;A01
201200050284;0;7;0;0;0;6;2;B01
201200050285;0;7;0;0;2;2;2;C01
201200050285;0;7;0;4;0;4;2;B01
201200050285;0;7;0;0;2;1;2;A01
201200050286;0;14;0;0;2;1;1;A01
201200050286;0;7;0;0;2;4;2;C01
201200050286;0;7;0;0;2;4;2;B01
201200050287;0;7;0;0;2;2;11;A01
201200050287;0;7;0;0;2;1;12;B01
201200050288;0;3;0;0;2;1;2;A01
201200050288;0;17;0;0;2;6;2;B01
201200050289;0;33;0;0;0;8;1;A01
201200050290;0;7;0;4;0;1;2;A01
201200050291;0;33;0;0;2;1;2;B01
201200050291;0;7;0;0;2;3;11;A01
201200050292;0;7;0;0;2;8;14;A01
201200050292;0;7;0;0;2;1;1;B01
201200050293;0;31;0;0;2;2;2;B01
201200050293;0;7;0;0;2;4;23;A01
201200050294;0;10;0;0;2;1;2;A01
201200050294;0;7;0;0;2;4;2;B01
201200050295;0;7;0;0;2;1;2;A01
201200050295;0;7;0;0;2;4;2;B01
201200050296;0;7;0;0;2;1;1;A01
201200050296;0;7;0;0;2;4;1;B01
201200050296;0;7;0;0;2;4;1;C01
201200050296;0;7;0;0;2;4;1;D01
201200050297;0;7;0;0;2;4;23;B01
201200050297;0;7;0;0;2;4;23;C01
201200050297;0;7;0;0;2;1;1;A01
201200050298;0;34;0;0;2;6;3;B01
201200050298;0;7;0;0;2;7;12;A01
201200050299;0;7;0;4;0;1;1;A01
201200050300;0;33;0;0;2;3;3;A01
201200050300;0;7;0;0;2;5;14;B01
201200050301;0;7;0;4;2;1;5;A01
201200050301;0;7;0;0;2;1;1;B01
201200050302;0;7;0;14;0;1;1;A01
201200050303;0;7;0;0;0;4;1;B01
201200050303;0;7;0;0;2;1;2;A01
201200050304;0;14;0;0;2;3;2;A01
201200050304;0;10;0;0;0;4;2;B01
201200050305;0;32;0;0;0;1;1;A01
201200050306;0;2;0;0;0;8;1;A01
201200050307;0;7;0;0;2;1;2;O03
201200050307;0;10;0;0;2;4;2;M03
201200050307;0;7;0;0;2;1;2;F02
201200050307;0;7;0;0;2;2;2;K03
201200050307;0;38;5;0;2;1;2;J02
201200050307;0;10;0;0;2;4;2;D01
201200050307;0;7;0;0;2;1;2;G02
201200050307;0;7;0;0;2;1;2;H02
201200050307;0;33;0;0;2;3;3;A01
201200050307;0;7;0;0;2;4;2;N03
201200050307;0;7;0;0;2;1;2;L03
201200050307;0;10;0;0;2;4;2;E01
201200050307;0;7;0;0;2;4;2;C01
201200050307;0;17;0;0;2;4;2;I02
201200050307;0;10;0;0;2;5;2;B01
201200050308;0;33;0;0;2;8;3;A01
201200050308;0;10;0;0;2;7;12;B01
201200050309;0;7;0;0;2;5;12;A01
201200050309;0;34;0;0;2;3;1;B01
201200050310;0;7;0;0;2;7;12;B01
201200050310;0;33;0;0;2;3;0;A01
201200050310;0;7;0;0;2;5;0;C01
201200050311;0;7;0;2;0;1;14;A01
201200050312;0;7;0;0;0;0;3;B01
201200050312;0;32;0;0;2;2;2;A01
201200050313;0;7;0;0;0;4;2;B01
201200050313;0;33;0;0;0;8;2;D01
201200050313;0;7;0;0;2;1;2;A01
201200050313;0;32;0;0;2;1;2;C01
201200050314;0;7;0;3;0;0;17;A01
201200050315;0;7;0;4;0;3;1;A01
201200050316;0;10;0;0;2;5;0;B01
201200050316;0;33;0;0;2;3;0;A01
201200050317;0;7;0;0;0;5;1;B01
201200050317;0;7;0;0;2;3;1;A01
201200050318;0;7;0;0;2;1;1;A01
201200050318;0;7;0;0;2;3;1;D01
201200050318;0;7;0;0;2;4;1;B01
201200050318;0;7;0;0;2;5;1;C01
201200050319;0;7;0;4;0;1;1;A01
201200050320;0;10;0;0;0;5;2;B01
201200050320;0;33;0;0;2;1;3;A01
201200050321;0;32;0;3;2;4;1;A01
201200050321;1;7;0;0;2;1;2;Z01
201200050322;0;7;0;0;0;4;1;B01
201200050322;0;7;0;0;2;1;12;A01
201200050323;0;7;0;0;0;0;1;C01
201200050323;0;7;0;1;0;3;1;B01
201200050323;0;7;0;0;0;1;1;A01
201200050324;0;7;0;0;0;4;0;B01
201200050324;2;7;0;0;0;0;0;A01
201200050325;0;7;0;4;0;3;1;A01
201200050326;0;32;0;0;0;8;11;A01
201200050327;0;33;0;0;0;8;3;A01
201200050328;0;31;0;0;2;1;0;A01
201200050328;0;13;0;0;0;0;0;B01
201200050329;0;7;0;0;2;2;2;A01
201200050329;0;7;0;0;0;4;2;B01
201200050330;0;7;0;0;0;6;1;B01
201200050330;0;34;0;0;2;1;2;A01
201200050331;0;34;0;0;0;0;0;A01
201200050332;0;33;0;0;2;7;3;B01
201200050332;0;10;0;0;2;6;11;A01
201200050333;0;7;0;4;0;0;1;A01
201200050334;1;10;0;0;2;2;0;Z01
201200050334;1;33;0;0;0;0;0;A01
201200050335;0;32;0;6;0;3;0;A01
201200050336;0;34;0;0;2;1;12;A01
201200050336;0;7;0;0;2;5;12;B01
201200050337;0;7;0;0;2;3;12;B01
201200050337;0;10;0;0;2;5;1;A01
201200050338;0;7;0;0;0;4;23;B01
201200050338;0;7;0;0;2;1;2;A01
201200050339;0;33;0;0;2;6;3;A01
201200050339;1;7;0;0;2;2;12;Z01
201200050340;0;33;0;0;2;1;3;A01
201200050340;0;7;0;0;2;5;12;B01
201200050341;0;7;0;0;0;5;14;B01
201200050341;0;7;0;0;2;3;2;A01
201200050342;0;33;0;0;2;1;1;A01
201200050342;0;7;0;0;2;6;11;B01
201200050343;0;32;0;0;2;7;1;B01
201200050343;0;10;0;0;2;3;11;A01
201200050344;0;7;0;1;0;2;11;A01
201200050345;0;33;0;0;2;5;1;B01
201200050345;0;7;0;0;0;8;11;A01
201200050346;0;7;0;0;2;1;0;A01
201200050346;0;37;1;0;2;2;1;B01
201200050347;0;33;0;0;2;1;0;A01
201200050347;0;7;0;0;0;6;0;B01
201200050348;0;33;0;0;0;8;2;A01
201200050349;0;7;0;0;0;4;2;B01
201200050349;0;7;0;0;2;1;2;A01
201200050350;0;10;0;0;2;5;24;C01
201200050350;0;7;0;0;2;7;1;A01
201200050350;0;10;0;1;2;8;9;B01
201200050351;0;7;0;0;2;4;2;E01
201200050351;0;10;0;0;2;1;2;A01
201200050351;0;7;0;0;2;4;2;B01
201200050351;0;10;0;0;2;4;2;C01
201200050351;0;7;0;0;2;4;2;D01
201200050352;0;7;0;3;0;1;1;A01
201200050353;0;33;0;0;2;1;0;A01
201200050353;0;7;0;0;0;4;0;B01
201200050354;0;7;0;0;2;5;12;B01
201200050354;0;33;0;0;2;3;3;A01
201200050355;0;7;0;0;0;4;1;B01
201200050355;0;15;0;3;0;8;1;C01
201200050355;0;7;0;0;2;1;1;A01
201200050356;0;7;0;4;0;7;1;A01
201200050357;0;7;0;0;2;1;1;B01
201200050357;0;7;0;3;0;1;0;A01
201200050358;0;7;0;3;0;1;17;A01
201200050359;0;7;0;4;0;1;1;A01
201200050360;0;7;0;4;0;2;1;A01
201200050361;0;33;0;0;0;3;3;C01
201200050361;0;7;0;0;2;5;21;B01
201200050361;0;7;0;4;2;0;9;A01
201200050362;0;31;0;0;0;0;0;A01
201200050363;0;7;0;0;2;1;2;B01
201200050363;0;33;0;0;0;2;1;A01
201200050364;0;17;0;4;0;2;13;A01
201200050365;0;10;0;3;2;2;6;A01
201200050365;0;10;0;0;0;1;1;B01
201200050366;0;15;0;0;0;0;12;B01
201200050366;0;7;0;0;2;1;1;A01
201200050367;0;7;0;0;2;2;2;A01
201200050367;0;7;0;0;0;6;2;B01
201200050368;0;7;0;4;0;3;17;A01
201200050369;0;7;0;3;0;2;1;A01
201200050370;0;7;0;0;0;5;2;B01
201200050370;0;33;0;0;2;3;3;A01
201200050371;0;7;0;3;2;6;0;B01
201200050371;0;10;0;0;2;2;14;A01
201200050372;0;33;0;4;0;3;17;A01
201200050373;0;7;0;0;2;1;1;A01
201200050373;0;7;0;0;2;4;1;B01
201200050374;0;7;0;4;0;1;1;A01
201200050375;0;7;0;4;0;3;1;A01
201200050376;0;37;0;0;2;0;0;B01
201200050376;0;32;0;0;2;8;3;A01
201200050377;0;33;0;0;2;2;0;A01
201200050377;0;7;0;0;2;6;0;B01
201200050378;0;7;0;0;0;4;1;C01
201200050378;0;7;0;0;2;7;12;A01
201200050378;0;33;0;0;0;3;3;B01
201200050379;0;7;0;0;2;5;0;A01
201200050379;0;7;0;0;2;1;0;B01
201200050380;0;15;0;0;2;2;12;A01
201200050380;0;7;0;0;2;8;1;B01
201200050381;0;33;0;0;2;0;0;A01
201200050381;0;7;0;0;0;4;1;C01
201200050381;0;32;0;0;0;4;1;B01
201200050382;0;7;0;0;2;1;1;A01
201200050382;0;7;0;0;2;4;23;B01
201200050383;0;33;0;0;6;1;1;A01
201200050384;0;33;0;0;2;3;2;A01
201200050384;0;7;0;0;2;5;12;B01
201200050384;0;7;0;0;0;6;2;C01
201200050385;0;10;0;4;0;2;2;A01
201200050386;0;7;0;0;2;1;14;A01
201200050386;0;7;0;4;2;4;2;B01
201200050387;0;7;0;0;2;1;2;A01
201200050387;0;7;0;0;2;4;2;B01
201200050388;0;33;0;0;2;1;3;A01
201200050388;0;7;0;0;0;6;2;B01
201200050389;0;7;0;3;2;3;1;B01
201200050389;2;7;0;0;2;7;0;Z01
201200050390;0;33;0;0;0;0;1;A01
201200050391;0;7;0;0;0;4;23;C01
201200050391;0;33;0;0;2;1;3;A01
201200050391;0;7;0;0;2;5;12;B01
201200050392;0;7;0;0;2;1;2;A01
201200050392;0;13;0;0;0;4;2;B01
201200050393;0;7;0;4;0;1;1;A01
201200050394;0;10;0;4;0;1;0;A01
201200050395;0;7;0;14;0;3;1;A01
201200050396;0;7;0;4;6;3;13;A01
201200050397;0;7;0;0;2;4;2;C01
201200050397;0;7;0;0;2;4;0;D01
201200050397;0;7;0;0;2;1;2;A01
201200050397;0;7;0;0;2;4;2;B01
201200050398;0;7;0;0;2;5;12;B01
201200050398;0;33;0;0;2;3;0;A01
201200050399;0;31;0;0;0;0;1;A01
201200050399;0;7;0;0;0;0;11;B01
201200050400;0;7;0;0;0;3;0;A01
201200050401;0;7;0;0;2;7;12;B01
201200050401;0;7;0;0;2;4;1;C01
201200050401;0;33;0;0;2;3;3;A01
201200050402;0;7;0;0;0;4;2;B01
201200050402;0;30;0;0;2;1;3;A01
201200050403;0;32;0;0;0;7;1;A01
201200050404;0;34;0;0;2;0;3;A01
201200050404;0;7;0;0;0;4;0;B01
201200050405;0;7;0;0;2;8;11;B01
201200050405;0;33;0;0;2;2;3;A01
201200050406;0;33;0;0;2;3;0;A01
201200050406;0;7;0;0;2;5;2;B01
201200050406;0;7;0;0;2;3;2;C01
201200050407;0;7;0;0;2;2;12;A01
201200050407;0;7;0;0;2;3;1;B01
201200050407;0;7;0;1;0;2;1;C01
201200050408;0;7;0;3;0;4;0;B01
201200050408;1;7;0;0;2;2;0;Z01
201200050409;0;7;0;0;2;2;9;A01
201200050409;0;7;0;0;2;2;1;B01
201200050410;0;33;0;0;;2;1;A01
201200050411;0;7;0;0;2;6;23;B01
201200050411;0;10;0;0;2;4;2;C01
201200050411;0;7;0;0;2;3;2;A01
201200050412;0;34;0;0;0;8;0;A01
201200050413;0;15;0;1;0;1;2;A01
201200050413;0;10;0;0;0;4;23;B01
201200050413;0;13;0;0;0;5;23;C01
201200050414;0;7;0;0;0;3;0;C01
201200050414;0;7;0;0;0;2;0;B01
201200050414;0;7;0;0;0;4;0;A01
201200050415;0;7;0;0;0;4;2;B01
201200050415;0;31;0;0;2;7;2;A01
201200050416;0;7;0;0;0;0;0;B01
201200050416;0;32;0;0;2;3;3;A01
201200050417;0;7;0;4;0;2;1;A01
201200050418;0;7;0;0;2;2;12;B01
201200050418;0;31;0;0;2;2;2;A01
201200050419;0;7;0;0;2;4;2;D01
201200050419;0;7;0;0;2;4;2;C01
201200050419;0;10;0;0;2;1;12;A01
201200050419;0;10;0;0;2;4;2;B01
201200050420;0;14;0;0;2;1;1;B01
201200050420;0;7;0;0;2;4;1;A01
201200050421;0;33;0;0;2;2;1;A01
201200050421;0;7;0;0;0;8;9;B01
201200050422;0;33;0;0;2;3;3;A01
201200050422;0;7;0;0;2;7;12;B01
201200050423;0;31;0;0;2;5;3;A01
201200050423;0;14;0;0;2;2;1;B01
201200050424;0;7;0;0;2;5;2;C01
201200050424;0;33;0;0;2;3;3;A01
201200050424;0;7;0;0;2;5;12;B01
201200050425;0;7;0;0;0;6;2;B01
201200050425;0;7;0;0;2;2;2;A01
201200050426;0;7;0;4;0;3;0;A01
201200050427;0;7;0;0;2;5;2;B01
201200050427;0;7;0;0;2;1;2;A01
201200050428;0;7;0;0;2;3;12;A01
201200050428;0;7;0;0;0;6;23;C01
201200050428;0;7;0;0;0;5;1;B01
201200050429;0;10;0;0;0;4;2;B01
201200050429;0;33;0;0;2;1;2;A01
201200050430;0;33;0;0;0;7;0;A01
201200050431;0;7;0;0;2;6;11;B01
201200050431;0;33;0;0;2;1;3;A01
201200050432;0;7;0;0;0;0;12;A01
201200050432;0;31;0;0;2;0;2;B01
201200050433;0;34;0;0;0;2;3;A01
201200050434;0;33;0;0;0;2;3;A01
201200050435;0;7;0;0;0;4;23;B01
201200050435;0;7;0;0;2;1;2;A01
201200050436;0;7;0;3;0;3;1;A01
201200050437;0;7;0;0;2;5;0;B01
201200050437;0;7;0;0;2;3;0;A01
201200050438;0;7;0;0;2;4;0;C01
201200050438;0;7;0;0;2;4;0;E01
201200050438;0;7;0;0;2;4;0;B01
201200050438;0;7;0;0;2;4;0;D01
201200050438;0;7;0;0;2;1;2;A01
201200050439;0;7;0;0;0;2;0;A01
201200050440;0;7;0;0;2;3;1;D01
201200050440;0;7;0;0;2;4;2;B01
201200050440;0;7;0;0;2;2;2;C01
201200050440;0;7;0;0;2;1;2;A01
201200050441;0;7;0;0;2;3;11;B01
201200050441;0;34;0;0;2;3;3;A01
201200050442;0;31;0;0;2;3;1;B01
201200050442;0;7;0;0;2;2;12;A01
201200050443;0;10;0;0;2;4;2;C01
201200050443;0;7;0;0;2;1;2;A01
201200050443;0;7;0;0;2;4;2;B01
201200050444;0;7;0;0;2;6;2;B01
201200050444;0;7;0;0;0;4;2;C01
201200050444;0;7;0;0;2;1;2;A01
201200050445;0;7;0;0;2;1;2;A01
201200050445;0;7;0;0;2;4;23;B01
201200050446;0;33;0;0;0;8;12;A01
201200050447;0;33;0;0;0;0;0;A01
201200050448;0;7;0;4;0;1;0;A01
201200050449;0;7;0;3;0;3;1;A01
201200050450;0;7;0;4;0;2;2;A01
201200050451;0;7;0;0;2;3;11;A01
201200050451;0;33;0;0;2;2;3;B01
201200050452;0;7;0;0;0;0;12;B01
201200050452;0;33;0;0;0;7;3;A01
201200050453;0;10;0;6;0;1;0;A01
201200050454;0;7;0;0;2;1;0;A01
201200050454;0;7;0;0;0;4;0;B01
201200050455;0;7;0;0;2;1;2;A01
201200050455;0;7;0;0;0;4;0;B01
201200050456;0;7;0;4;0;3;1;A01
201200050457;0;30;0;0;0;0;1;A01
201200050458;0;7;0;4;0;1;1;A01
201200050459;0;33;0;0;0;7;0;A01
201200050460;0;13;0;0;2;4;2;C01
201200050460;0;7;0;4;0;3;21;D01
201200050460;0;15;0;0;2;6;2;B01
201200050460;0;7;0;0;2;2;21;A01
201200050461;0;34;0;0;2;1;1;A01
201200050461;0;10;0;0;2;6;11;B01
201200050462;0;7;0;0;0;5;1;B01
201200050462;0;33;0;0;2;3;21;A01
201200050463;0;33;0;0;2;0;3;A01
201200050463;1;7;0;0;0;0;11;Z01
201200050464;0;7;0;3;0;8;14;A01
201200050465;0;10;0;0;2;1;2;A01
201200050465;0;7;0;0;2;4;2;B01
201200050465;0;10;0;0;2;5;2;C01
201200050466;0;31;0;12;0;2;21;A01
201200050467;0;7;0;0;0;0;0;C01
201200050467;0;7;0;0;0;0;0;B01
201200050467;0;13;0;0;0;4;2;A01