num_acc;senc;catv;occutc;obs;obsm;choc;manv;num_veh
201200050468;0;7;0;0;2;3;11;B01
201200050468;0;33;0;0;2;3;3;A01
201200050469;0;7;0;0;2;7;11;B01
201200050469;0;31;0;0;2;8;2;A01
201200050470;0;7;0;0;2;4;0;C01
201200050470;0;7;0;0;2;1;0;A01
201200050470;0;7;0;0;2;4;0;B01
201200050471;0;7;0;0;2;1;2;A01
201200050471;0;7;0;0;2;4;2;C01
201200050471;0;7;0;0;2;4;2;B01
201200050472;0;7;0;4;0;3;2;A01
201200050473;0;7;0;0;2;2;1;B01
201200050473;0;7;0;5;2;1;9;A01
201200050474;0;7;0;0;0;8;0;B01
201200050474;0;7;0;0;2;3;0;A01
201200050475;0;7;0;4;0;1;1;A01
201200050476;0;7;0;4;0;1;1;A01
201200050477;0;7;0;0;2;1;2;A01
201200050477;0;7;0;0;2;4;2;E01
201200050477;0;7;0;0;2;1;2;D01
201200050477;0;7;0;0;2;4;2;C01
201200050477;0;7;0;0;2;4;2;B01
201200050478;0;7;0;3;0;3;1;A01
201200050478;0;7;0;3;0;3;1;B01
201200050479;0;32;0;3;0;2;2;A01
201200050480;0;7;0;3;0;3;1;A01
201200050481;0;7;0;0;2;1;1;B01
201200050481;0;7;0;13;2;1;1;A01
201200050482;0;7;0;0;2;4;23;A01
201200050482;0;10;0;1;0;1;21;B01
201200050483;0;15;0;0;2;2;12;B01
201200050483;0;7;0;4;2;3;2;A01
201200050484;0;7;0;0;2;0;1;B01
201200050484;0;7;0;0;2;0;1;A01
201200050485;0;7;0;4;0;1;0;A01
201200050486;0;7;0;4;0;1;1;A01
201200050487;0;7;0;4;0;3;14;A01
201200050488;0;7;0;4;0;1;1;A01
201200050489;0;7;0;4;0;1;1;A01
201200050490;0;7;0;0;2;1;1;A01
201200050490;0;7;0;0;2;4;2;B01
201200050491;0;7;0;0;2;2;1;B01
201200050491;0;31;0;0;2;6;1;A01
201200050492;0;7;0;0;2;1;2;A01
201200050492;0;7;0;0;0;4;2;B01
201200050493;0;33;0;0;2;2;17;A01
201200050493;1;10;0;0;2;6;13;Z01
201200050494;0;7;0;4;0;3;21;A01
201200050495;0;7;0;0;0;9;0;A01
201200050496;0;33;0;0;2;7;3;A01
201200050496;0;7;0;0;2;8;11;B01
201200050497;0;10;0;0;2;4;2;C01
201200050497;0;14;0;0;2;1;2;A01
201200050497;0;7;0;0;2;4;1;B01
201200050498;0;7;0;3;0;1;1;A01
201200050499;0;10;0;0;2;1;2;C01
201200050499;0;10;0;0;2;4;2;B01
201200050499;0;7;0;0;2;4;1;A01
201200050500;0;7;0;0;2;4;2;C01
201200050500;0;7;0;0;2;1;2;A01
201200050500;0;7;0;0;2;4;2;B01
201200050501;0;7;0;13;2;6;1;A01
201200050501;1;7;0;0;2;2;13;Z01
201200050501;1;7;0;0;0;0;0;T01
201200050502;0;7;0;0;2;1;1;A01
201200050502;1;7;0;0;0;0;0;Z01
201200050503;0;38;38;0;2;1;1;B01
201200050503;0;7;0;0;2;1;5;A01
201200050504;0;7;0;16;0;1;21;A01
201200050505;0;33;0;0;2;5;3;B01
201200050505;0;7;0;0;2;7;17;A01
201200050505;0;7;0;0;2;4;1;C01
201200050505;0;7;0;0;2;1;2;D01
201200050506;0;7;0;13;2;9;12;A01
201200050506;0;7;0;13;2;9;1;B01
201200050507;1;7;0;0;0;0;0;Z01
201200050507;0;33;0;0;2;7;3;A01
201200050508;0;33;0;0;0;0;0;B01
201200050508;0;7;0;0;0;4;1;A01
201200050509;1;15;0;0;0;0;0;Z01
201200050509;0;7;0;0;2;8;1;A01
201200050510;0;7;0;13;0;9;13;A01
201200050511;0;7;0;0;0;5;23;A01
201200050511;0;7;0;0;2;3;13;B01
201200050511;0;7;0;0;2;2;1;C01
201200050512;0;7;0;0;2;6;11;A01
201200050512;0;14;0;0;2;2;2;B01
201200050513;0;33;0;0;2;1;2;A01
201200050513;0;7;0;0;2;4;2;B01
201200050514;0;7;0;0;2;4;1;A01
201200050514;0;7;0;0;2;1;2;B01
201200050515;0;7;0;0;2;4;1;A01
201200050515;0;33;0;0;2;1;3;C01
201200050515;0;7;0;0;2;8;11;B01
201200050516;0;7;0;0;2;4;2;B01
201200050516;0;7;0;0;2;1;2;A01
201200050517;0;34;0;0;2;7;3;A01
201200050517;0;7;0;0;2;8;11;B01
201200050518;0;7;0;0;2;2;12;B01
201200050518;0;32;0;0;2;1;1;A01
201200050519;0;32;0;0;0;1;0;A01
201200050520;0;7;0;0;2;2;1;A01
201200050520;0;15;0;0;2;8;1;B01
201200050520;0;7;0;0;2;8;9;C01
201200050521;0;7;0;0;2;4;2;A01
201200050521;0;7;0;0;2;4;2;B01
201200050521;0;7;0;0;2;1;2;C01
201200050522;0;7;0;0;0;2;1;A01
201200050523;0;30;0;0;0;2;1;A01
201200050524;0;7;0;0;2;4;1;B01
201200050524;0;10;0;0;2;1;2;C01
201200050524;0;7;0;0;2;1;1;A01
201200050525;0;7;0;4;0;1;1;A01
201200050526;0;7;0;0;2;1;1;B01
201200050526;0;7;0;0;2;4;1;A01
201200050527;0;7;0;0;2;1;0;A01
201200050527;0;7;0;0;0;4;0;B01
201200050528;0;7;0;0;2;4;2;B01
201200050528;0;7;0;0;2;1;1;A01
201200050529;0;7;0;0;2;1;2;B01
201200050529;0;7;0;0;2;1;2;C01
201200050529;0;7;0;0;2;4;1;A01
201200050530;0;15;0;0;2;1;1;B01
201200050530;0;7;0;0;2;2;1;A01
201200050531;0;7;0;0;2;4;2;F01
201200050531;0;7;0;0;2;1;1;A01
201200050531;0;7;0;0;2;4;2;D01
201200050531;0;7;0;0;2;4;2;E01
201200050531;0;7;0;0;2;4;2;C02
201200050531;0;7;0;0;2;4;2;B01
201200050532;0;7;0;0;2;4;1;A01
201200050532;0;7;0;0;2;4;2;B01
201200050533;0;31;0;0;0;7;1;A01
201200050534;0;7;0;0;2;4;2;B01
201200050534;0;7;0;0;2;1;1;A01
201200050535;0;7;0;0;0;4;1;A01
201200050535;0;7;0;0;2;3;2;B01
201200050536;0;7;0;0;2;1;2;B01
201200050536;0;7;0;0;2;4;13;A01
201200050537;0;7;0;0;2;1;1;A01
201200050537;0;7;0;0;2;3;18;B01
201200050537;0;15;0;0;2;7;2;C01
201200050538;0;7;0;4;0;1;1;A01
201200050539;0;7;0;0;2;7;12;A01
201200050539;0;7;0;0;2;3;1;B01
201200050540;0;15;0;3;0;9;13;A01
201200050541;0;7;0;4;0;3;1;A01
201200050542;0;7;0;0;2;4;2;C01
201200050542;0;7;0;0;2;7;2;D01
201200050542;0;7;0;0;2;1;1;A01
201200050542;0;7;0;0;2;6;2;B01
201200050543;0;34;0;0;0;7;1;A01
201200050544;0;10;0;0;2;4;2;C01
201200050544;0;14;0;0;2;1;1;A01
201200050544;0;7;0;0;2;4;2;B01
201200050545;0;7;0;0;0;9;1;A01
201200050546;0;15;0;0;2;2;0;B01
201200050546;0;7;0;0;2;3;9;A01
201200050547;0;7;0;0;2;5;1;A01
201200050547;0;33;0;0;2;1;1;B01
201200050548;0;10;0;0;2;1;1;A01
201200050548;0;34;0;0;2;9;1;B01
201200050548;0;7;0;0;2;7;1;C01
201200050549;0;7;0;0;2;4;2;B01
201200050549;0;7;0;0;2;4;1;A01
201200050549;0;7;0;0;2;1;2;C01
201200050550;0;7;0;3;0;8;13;A01
201200050551;0;7;0;0;2;4;2;B01
201200050551;0;7;0;0;2;1;1;A01
201200050552;0;7;0;4;0;1;1;A01
201200050553;0;7;0;0;2;4;2;B01
201200050553;0;7;0;0;2;4;2;C01
201200050553;0;7;0;0;2;1;2;D01
201200050553;0;7;0;0;2;4;2;A01
201200050554;0;7;0;0;2;4;1;A01
201200050554;0;7;0;0;2;4;2;B01
201200050554;0;7;0;0;2;1;2;C01
201200050555;0;7;0;0;2;1;1;A01
201200050555;0;7;0;0;2;4;2;B01
201200050556;0;7;0;0;2;9;1;A01
201200050556;1;7;0;0;2;7;1;Z01
201200050557;0;33;0;0;0;1;1;A01
201200050558;0;33;0;0;2;7;3;C01
201200050558;0;7;0;0;2;5;1;A01
201200050558;0;7;0;0;2;3;11;B01
201200050559;0;7;0;5;9;1;1;A01
201200050560;0;7;0;0;2;8;11;A01
201200050560;0;33;0;0;2;7;3;B01
201200050561;0;7;0;0;2;9;1;A01
201200050561;0;7;0;0;2;9;12;B01
201200050562;0;7;0;0;2;2;12;A01
201200050562;0;7;0;0;2;3;2;B01
201200050562;0;33;0;0;2;1;21;C01
201200050563;0;34;0;0;0;1;1;A01
201200050564;0;7;0;0;0;3;1;A01
201200050565;0;33;0;0;2;1;3;A01
201200050565;0;7;0;0;2;5;2;B01
201200050566;0;7;0;0;2;4;2;A01
201200050566;0;7;0;0;2;1;2;C01
201200050566;0;7;0;0;2;4;2;B01
201200050567;0;31;0;0;2;8;3;A01
201200050567;0;7;0;0;2;7;12;B01
201200050567;0;33;0;0;2;8;2;C01
201200050568;0;7;0;3;0;3;1;A01
201200050569;0;33;0;4;0;1;1;A01
201200050570;0;15;0;0;2;3;1;B01
201200050570;0;7;0;0;2;5;12;A01
201200050571;0;7;0;3;0;2;1;A01
201200050572;0;7;0;4;0;9;2;A01
201200050573;0;7;0;0;2;4;1;A01
201200050573;0;7;0;0;2;4;2;C01
201200050573;0;34;0;0;2;5;3;B01
201200050574;0;7;0;0;0;9;1;A01
201200050575;0;7;0;0;0;1;1;A01
201200050576;0;7;0;0;2;4;2;B01
201200050576;0;7;0;0;2;4;1;A01
201200050576;0;7;0;0;2;1;2;C01
201200050577;0;7;0;0;0;3;2;E01
201200050577;0;7;0;0;2;6;2;D01
201200050577;0;7;0;0;2;4;2;B01
201200050577;0;7;0;0;2;1;2;F02
201200050577;0;7;0;0;2;4;2;H02
201200050577;0;7;0;0;2;4;2;G02
201200050577;0;7;0;0;2;4;1;A01
201200050577;0;7;0;0;2;1;2;C01
201200050578;0;7;0;0;2;1;2;B01
201200050578;0;33;0;0;2;4;1;A01
201200050579;0;7;0;0;2;3;11;A01
201200050579;0;33;0;0;2;2;3;B01
201200050580;0;7;0;0;2;4;2;C01
201200050580;0;7;0;0;2;1;2;A01
201200050580;0;7;0;0;2;9;2;B01
201200050581;0;33;0;0;2;1;2;B01
201200050581;0;7;0;0;0;5;2;A01
201200050582;0;7;0;0;0;7;0;A01
201200050583;0;33;0;0;0;7;1;A01
201200050584;0;7;0;0;2;1;2;B01
201200050584;0;10;0;0;2;4;1;A01
201200050585;0;7;0;0;2;1;2;A01
201200050585;0;15;0;0;0;4;2;B01
201200050586;0;7;0;0;2;1;2;A01
201200050586;0;7;0;0;2;4;2;B01
201200050587;0;33;0;0;2;9;3;A01
201200050587;0;7;0;0;2;8;22;B01
201200050588;1;15;0;0;2;5;1;A01
201200050588;0;15;0;0;2;7;1;C01
201200050588;0;7;0;0;2;9;9;B01
201200050589;0;7;0;0;0;8;1;A01
201200050590;0;7;0;16;0;2;0;A01
201200050591;0;15;0;0;2;2;2;A01
201200050591;0;7;0;0;2;8;13;B01
201200050592;0;7;0;0;2;4;2;B01
201200050592;0;7;0;0;2;1;1;A01
201200050593;0;33;0;0;2;1;21;A01
201200050593;0;7;0;0;2;5;2;B01
201200050594;0;34;0;0;2;2;3;B01
201200050594;0;7;0;0;2;8;11;A01
201200050595;0;7;0;4;0;8;1;A01
201200050596;0;7;0;4;0;3;2;A01
201200050597;0;7;0;0;2;1;2;A01
201200050597;0;7;0;0;2;4;2;C01
201200050597;0;7;0;0;2;4;2;B01
201200050598;0;7;0;0;2;4;1;A01
201200050598;0;7;0;0;2;1;2;B01
201200050599;0;7;0;0;2;5;2;B01
201200050599;0;14;0;0;2;3;9;A01
201200050600;0;15;0;0;0;8;1;A01
201200050601;0;15;0;0;2;1;2;B01
201200050601;0;7;0;0;2;7;2;C01
201200050601;0;7;0;0;2;3;11;A01
201200050602;0;7;0;0;2;7;12;A01
201200050602;0;33;0;0;2;7;1;B01
201200050603;0;7;0;0;2;8;2;C01
201200050603;0;7;0;0;2;7;2;E02
201200050603;0;7;0;0;2;5;1;A01
201200050603;0;33;0;0;2;1;3;F01
201200050603;0;7;0;0;2;7;1;B01
201200050603;0;7;0;0;2;7;2;D01
201200050604;0;7;0;0;2;4;2;A01
201200050604;0;7;0;0;2;1;2;B01
201200050605;0;7;0;0;2;5;12;A01
201200050605;0;7;0;0;2;3;2;B01
201200050606;0;7;0;0;2;5;12;A01
201200050606;0;7;0;0;2;3;2;B01
201200050607;0;33;0;0;0;9;1;A01
201200050608;0;33;0;0;2;7;3;B01
201200050608;0;7;0;0;2;8;11;A01
201200050609;0;7;0;0;2;8;11;A01
201200050609;0;33;0;0;2;2;1;B01
201200050610;0;10;0;3;0;2;21;C01
201200050610;2;7;0;0;2;3;11;D01
201200050610;0;7;0;0;2;1;1;A01
201200050610;2;7;0;4;2;1;2;B01
201200050611;0;7;0;0;2;4;2;B01
201200050611;0;7;0;0;2;1;1;A01
201200050612;0;7;0;0;2;1;1;A01
201200050612;0;7;0;0;2;4;2;B01
201200050613;0;32;0;0;2;1;2;A01
201200050613;0;32;0;0;2;4;1;B02
201200050614;0;7;0;0;2;1;1;C01
201200050614;0;7;0;0;2;4;1;A01
201200050614;0;7;0;0;2;9;12;B01
201200050615;0;7;0;0;0;4;2;B01
201200050615;0;7;0;0;2;9;1;A01
201200050616;0;7;0;0;0;3;1;A01
201200050617;0;7;0;0;2;5;1;A01
201200050617;0;33;0;0;2;8;11;B01
201200050618;0;7;0;0;2;4;2;B01
201200050618;0;7;0;0;2;1;1;A01
201200050619;0;7;0;0;2;1;1;A01
201200050619;0;7;0;0;2;4;2;B01
201200050620;0;7;0;0;2;6;11;B01
201200050620;0;15;0;0;2;2;1;A01
201200050621;0;7;0;0;2;6;2;B01
201200050621;0;7;0;0;2;2;1;A01
201200050622;0;7;0;0;2;4;2;C01
201200050622;0;7;0;0;2;4;2;B01
201200050622;0;10;0;0;2;1;1;A01
201200050623;0;7;0;0;0;4;1;A01
201200050623;0;7;0;0;2;1;2;B01
201200050624;0;7;0;0;0;1;0;A01
201200050624;0;7;0;0;2;1;1;B01
201200050625;0;34;0;0;0;7;1;A01
201200050626;0;15;0;0;0;4;0;A01
201200050626;0;15;0;0;0;1;0;B01
201200050627;0;7;0;0;2;4;1;B01
201200050627;0;7;0;0;2;1;1;C01
201200050627;0;10;0;0;2;4;1;A01
201200050628;0;7;0;0;2;1;1;A01
201200050628;0;7;0;0;2;4;2;B01
201200050629;0;7;0;0;2;1;1;A01
201200050629;0;7;0;0;2;8;2;C01
201200050629;0;7;0;0;2;4;2;B01
201200050630;0;7;0;16;0;0;1;A01
201200050631;0;7;0;3;0;3;13;A01
201200050632;0;7;0;4;0;2;1;A01
201200050633;0;7;0;4;0;3;1;A01
201200050634;0;15;0;0;2;4;24;A01
201200050634;0;7;0;1;0;1;1;B01
201200050635;0;7;0;0;2;1;2;B01
201200050635;0;7;0;0;2;4;1;A01
201200050636;0;7;0;0;2;6;2;B01
201200050636;0;15;0;0;2;2;12;A01
201200050637;0;7;0;0;2;2;1;A01
201200050637;0;7;0;0;2;8;1;B01
201200050638;0;7;0;14;0;9;1;A01
201200050639;0;7;0;0;0;1;0;A01
201200050640;0;7;0;0;2;1;2;C01
201200050640;0;7;0;0;2;4;2;B01
201200050640;0;7;0;0;2;4;1;A01
201200050641;0;7;0;0;2;4;1;A01
201200050641;0;10;0;0;2;1;2;B02
201200050642;0;7;0;0;2;9;1;A01
201200050642;0;7;0;0;2;1;13;B01
201200050643;0;7;0;4;0;9;1;A01
201200050644;0;32;0;16;0;7;16;A01
201200050645;0;7;0;0;2;3;13;B01
201200050645;0;7;0;0;2;2;1;A01
201200050646;0;33;0;0;2;1;12;A01
201200050646;0;7;0;0;2;4;2;B01
201200050647;0;7;0;0;2;1;2;C01
201200050647;0;7;0;0;2;6;11;B01
201200050647;0;7;0;0;2;8;1;A01
201200050648;0;33;0;0;2;1;2;B01
201200050648;0;7;0;0;2;5;1;A01
201200050649;0;7;0;0;2;2;2;B01
201200050649;0;34;0;0;2;1;3;A01
201200050649;1;15;0;0;2;1;1;Z01
201200050650;0;33;0;4;0;8;1;A01
201200050651;0;7;0;0;2;5;12;A01
201200050651;0;34;0;0;2;1;3;B01
201200050652;0;33;0;0;2;8;1;B01
201200050652;0;7;0;0;2;2;12;A01
201200050653;0;7;0;0;2;8;11;A01
201200050653;0;34;0;0;2;7;1;B01
201200050654;0;7;0;0;2;4;2;C01
201200050654;0;7;0;0;2;4;2;B01
201200050654;0;7;0;0;2;1;1;A01
201200050655;0;7;0;0;2;4;1;A01
201200050655;0;7;0;0;2;1;2;B02
201200050656;0;7;0;0;2;1;1;C01
201200050656;0;7;0;0;2;4;2;A01
201200050656;0;7;0;0;2;4;2;B01
201200050657;0;31;0;0;2;8;18;C01
201200050657;0;7;0;0;2;7;1;A01
201200050657;0;15;0;0;2;2;1;B01
201200050658;0;33;0;0;2;1;2;A01
201200050658;0;7;0;0;2;4;1;B01
201200050659;0;33;0;0;2;1;2;A01
201200050659;0;7;0;0;2;4;1;B01
201200050659;0;7;0;0;2;6;1;C01
201200050660;0;7;0;0;2;4;1;A01
201200050660;0;7;0;0;2;1;2;B01
201200050661;0;33;0;0;0;8;1;A01
201200050662;0;33;0;0;2;4;1;A01
201200050662;0;7;0;0;2;1;2;B01
201200050663;0;7;0;0;0;0;1;A01
201200050664;0;7;0;0;2;4;1;A01
201200050664;1;7;0;0;0;0;0;Z01
201200050665;0;33;0;0;2;7;1;B01
201200050665;0;7;0;0;2;6;11;A01
201200050666;0;10;0;0;2;3;1;A01
201200050666;0;7;0;0;2;9;12;B01
201200050667;0;7;0;0;2;8;2;B01
201200050667;0;7;0;0;2;2;14;A01
201200050668;0;7;0;0;2;4;2;B01
201200050668;0;7;0;0;2;4;1;A01
201200050668;0;7;0;0;2;1;2;C01
201200050669;0;7;0;0;2;5;14;A01
201200050669;0;7;0;0;2;6;2;B01
201200050670;0;7;0;0;2;4;2;C01
201200050670;0;7;0;0;2;1;2;B01
201200050670;0;7;0;0;2;1;1;A01
201200050671;0;7;0;0;2;1;2;C01
201200050671;0;7;0;0;2;4;1;A01
201200050671;0;7;0;0;2;1;2;E01
201200050671;0;7;0;0;2;4;1;D01
201200050671;0;7;0;0;2;9;2;B01
201200050672;0;33;0;0;2;7;1;A01
201200050672;0;7;0;0;2;8;12;B01
201200050673;0;34;0;0;2;8;3;B01
201200050673;0;7;0;0;2;2;12;A01
201200050674;0;33;0;0;0;0;1;A01
201200050675;0;33;0;0;2;1;1;A01
201200050675;0;7;0;0;2;4;2;B01
201200050676;0;7;0;0;2;4;2;B01
201200050676;0;7;0;0;2;4;2;C01
201200050676;0;7;0;0;2;1;2;A01
201200050677;0;33;0;0;2;8;1;A01
201200050677;0;7;0;0;2;2;12;B01
201200050678;0;15;0;0;2;4;2;B01
201200050678;0;7;0;0;2;1;1;A01
201200050679;0;7;0;0;2;1;1;A01
201200050679;0;7;0;0;2;1;2;B01
201200050680;0;7;0;0;2;6;2;B01
201200050680;0;33;0;0;2;1;1;A01
201200050681;0;7;0;0;2;3;11;B01
201200050681;0;33;0;0;2;7;3;A01
201200050682;1;10;0;0;2;2;17;Z01
201200050682;0;7;0;0;2;6;1;A01
201200050683;0;7;0;4;2;2;1;A01
201200050683;0;7;0;0;2;8;1;B01
201200050684;0;33;0;3;6;2;21;A01
201200050685;0;7;0;0;0;0;1;A01
201200050686;0;34;0;0;2;8;3;B01
201200050686;0;7;0;0;2;2;12;A01
201200050687;0;7;0;4;2;2;1;D01
201200050687;0;7;0;0;2;2;1;E01
201200050687;0;7;0;4;2;4;1;B01
201200050687;0;7;0;0;2;4;1;C01
201200050687;0;13;0;0;2;1;2;A01
201200050688;0;7;0;0;2;1;2;C01
201200050688;0;7;0;0;2;4;1;D01
201200050688;0;32;0;0;2;8;1;A01
201200050688;0;7;0;0;2;1;21;B01
201200050689;0;7;0;0;2;1;2;B01
201200050689;0;7;0;0;2;4;1;A01
201200050689;0;7;0;0;2;1;2;C01
201200050690;0;7;0;4;0;9;0;A01
201200050691;0;7;0;4;0;9;1;A01
201200050692;0;7;0;0;2;2;2;B01
201200050692;0;7;0;0;2;3;18;A01
201200050693;0;7;0;4;0;1;2;A01
201200050694;0;7;0;0;2;3;1;A01
201200050694;0;7;0;0;2;4;2;C01
201200050694;0;7;0;0;2;5;2;B01
201200050695;0;32;0;0;0;8;1;A01
201200050696;0;7;0;0;0;0;1;A01
201200050697;0;7;0;0;0;0;13;A01
201200050698;0;7;0;0;2;6;2;C01
201200050698;0;33;0;0;2;7;3;B01
201200050698;0;33;0;0;2;2;3;A01
201200050698;0;7;0;0;2;2;1;D01
201200050699;0;33;0;0;2;2;3;A01
201200050699;0;7;0;0;2;3;11;B01
201200050700;0;7;0;4;0;1;1;A01
201200050701;0;7;0;4;2;4;1;B01
201200050701;0;33;0;4;2;1;1;A01
201200050702;0;7;0;0;2;8;11;A01
201200050702;0;33;0;0;2;2;3;B01
201200050703;0;34;0;0;0;1;3;A01
201200050704;0;34;0;0;0;8;3;A01
201200050705;0;7;0;0;0;1;1;A01
201200050706;0;7;0;0;2;9;12;A01
201200050706;0;7;0;0;2;6;1;B01
201200050707;0;33;0;0;2;9;3;A01
201200050707;0;7;0;0;0;5;12;B01
201200050708;0;7;0;0;2;7;1;B01
201200050708;0;7;0;0;2;6;1;C01
201200050708;0;33;0;0;2;9;3;A01
201200050709;0;33;0;0;2;1;2;B01
201200050709;0;7;0;0;2;2;1;A01
201200050710;0;7;0;0;2;9;1;A01
201200050710;0;7;0;0;2;4;1;C01
201200050710;0;7;0;0;2;8;1;B01
201200050711;0;7;0;0;2;4;2;C01
201200050711;0;7;0;0;2;9;1;B01
201200050711;0;7;0;0;2;1;2;A01
201200050712;0;33;0;0;2;4;17;A01
201200050712;0;38;1;0;2;4;15;B01
201200050713;0;33;0;0;2;1;1;A01
201200050713;0;7;0;0;2;4;23;B01
201200050714;0;33;0;0;0;2;0;A01
201200050715;0;33;0;0;2;1;1;C01
201200050715;0;15;0;0;2;7;12;A01
201200050715;0;7;0;0;2;6;1;B01
201200050716;0;33;0;0;2;1;1;A01
201200050716;0;33;0;0;2;4;1;B01
201200050717;0;7;0;0;2;6;2;C01
201200050717;0;33;0;0;2;1;3;A01
201200050717;0;7;0;0;2;6;2;B01
201200050718;0;7;0;0;2;8;11;C01
201200050718;0;33;0;0;2;1;3;B01
201200050718;0;7;0;0;2;4;1;A01
201200050719;0;7;0;13;0;1;1;A01
201200050720;0;33;0;0;2;1;2;B01
201200050720;0;7;0;0;2;5;2;C01
201200050720;0;7;0;0;2;6;1;A01
201200050721;0;7;0;0;2;8;1;B01
201200050721;0;7;0;0;2;1;1;A01
201200050722;0;7;0;0;0;0;0;A01
201200050723;0;7;0;0;2;5;10;A01
201200050723;0;33;0;0;2;1;2;B01
201200050724;0;7;0;4;2;6;1;A01
201200050724;0;7;0;0;2;2;11;B01
201200050725;0;7;0;5;2;1;2;B01
201200050725;0;7;0;5;2;3;1;A01
201200050726;0;33;0;0;2;7;17;B01
201200050726;0;7;0;0;2;2;1;A01
201200050727;0;7;0;0;2;8;11;B01
201200050727;0;31;0;0;2;8;3;A01
201200050728;0;7;0;0;2;4;1;A01
201200050728;0;7;0;0;2;1;2;C01
201200050728;0;7;0;0;2;9;2;B01
201200050729;0;34;0;0;0;1;1;A01
201200050730;0;33;0;0;2;8;1;B01
201200050730;0;7;0;0;2;7;17;A01
201200050731;0;7;0;3;0;2;1;A01
201200050732;1;7;0;0;0;1;1;Z01
201200050732;0;30;0;0;2;7;1;B01
201200050733;0;7;0;4;0;2;1;A01
201200050734;0;7;0;4;0;3;1;A01
201200050735;0;7;0;4;0;9;1;A01
201200050736;0;10;0;0;2;4;1;A01
201200050736;0;7;0;0;2;1;2;B01
201200050737;0;7;0;0;2;4;1;A01
201200050737;0;10;0;0;2;1;2;B01
201200050738;0;7;0;0;2;3;11;B01
201200050738;0;13;0;0;2;5;1;A01
201200050738;0;7;0;0;2;2;1;C01
201200050739;0;7;0;0;2;4;2;A01
201200050740;0;7;0;4;0;3;1;A01
201200050741;0;7;0;0;2;2;1;A01
201200050741;0;7;0;0;2;4;2;C01
201200050741;0;33;0;0;2;8;3;D01
201200050741;0;7;0;0;2;6;2;B01
201200050742;0;33;0;0;2;8;18;A01
201200050742;0;15;0;0;2;7;1;B01
201200050743;0;15;0;0;2;3;1;A01
201200050743;0;7;0;0;2;4;1;B01
201200050744;0;7;0;0;2;8;1;B01
201200050744;0;7;0;0;2;7;14;A01
201200050745;0;34;0;0;2;7;3;B01
201200050745;0;7;0;0;2;3;11;A01
201200050746;0;34;0;0;2;1;3;A01
201200050746;0;7;0;0;2;4;1;B01
201200050747;0;7;0;0;2;4;12;B01
201200050747;0;15;0;0;2;6;2;C01
201200050747;0;7;0;0;2;1;1;A01
201200050748;0;33;0;0;0;1;1;A01
201200050749;0;7;0;0;2;1;2;B01
201200050749;0;7;0;0;2;1;13;A01
201200050750;0;7;0;0;2;1;1;A01
201200050750;0;7;0;0;2;4;2;B01
201200050751;0;7;0;0;2;4;1;B01
201200050751;2;7;0;0;2;1;14;Z01
201200050751;0;10;0;0;2;4;2;C01
201200050752;0;7;0;0;2;2;1;A01
201200050752;0;7;0;0;2;6;1;B01
201200050753;0;7;0;0;2;1;2;B01
201200050753;0;7;0;0;2;4;1;A01
201200050754;0;34;0;0;2;2;17;B01
201200050754;0;7;0;0;2;8;13;A01
201200050755;0;7;0;0;2;6;11;A01
201200050755;0;32;0;0;2;7;3;B01
201200050756;0;7;0;0;2;4;2;A01
201200050756;0;7;0;0;2;1;2;B01
201200050757;0;33;0;13;0;1;1;A01
201200050758;0;33;0;0;2;4;1;A01
201200050758;0;7;0;0;2;1;2;B01
201200050759;0;33;0;0;2;1;2;C01
201200050759;0;7;0;0;2;4;2;B01
201200050759;0;7;0;0;2;4;1;A01
201200050760;0;33;0;0;0;7;14;A01
201200050761;0;33;0;0;2;7;3;A01
201200050761;0;7;0;0;2;8;1;B01
201200050762;0;15;0;0;2;1;2;B01
201200050762;0;7;0;0;2;4;1;A01
201200050763;0;7;0;0;0;5;0;A01
201200050763;0;33;0;0;0;9;0;B01
201200050764;0;7;0;0;2;8;1;C01
201200050764;0;10;0;0;2;3;1;B01
201200050764;0;33;0;0;2;3;3;A01
201200050764;0;7;0;0;2;3;2;D01
201200050764;0;7;0;0;2;2;2;E01
201200050765;0;34;0;0;2;9;1;A01
201200050765;0;7;0;0;2;2;12;B01
201200050766;0;33;0;0;2;3;9;A01
201200050766;0;17;0;0;2;2;2;B01
201200050767;0;7;0;0;2;1;1;A01
201200050767;0;7;0;0;2;4;2;B01
201200050768;0;7;0;0;2;1;2;A01
201200050768;0;7;0;0;2;4;1;B01
201200050769;0;7;0;0;0;1;1;A01
201200050770;0;33;0;0;0;3;1;A01
201200050771;0;7;0;0;2;1;2;A01
201200050771;0;7;0;0;2;4;2;B01
201200050771;0;7;0;0;2;4;1;C01
201200050772;0;7;0;0;2;9;2;B01
201200050772;0;7;0;0;2;4;2;C01
201200050772;0;7;0;0;2;4;2;A01
201200050772;0;15;0;0;2;1;2;D01
201200050773;0;7;0;0;2;4;1;B01
201200050773;0;10;0;0;2;1;1;A01
201200050774;0;7;0;0;2;1;1;A01
201200050774;0;7;0;0;2;4;2;C01
201200050774;0;7;0;0;2;4;2;B01
201200050774;0;10;0;0;2;4;2;D01
201200050775;0;7;0;0;2;4;1;B01
201200050775;0;7;0;0;2;1;1;A01
201200050775;0;7;0;0;2;4;2;C01
201200050776;1;15;0;0;2;4;9;Z01
201200050776;0;32;0;0;2;2;1;A01
201200050777;1;7;0;0;2;0;0;Z01
201200050777;0;33;0;0;0;0;1;A01
201200050778;0;7;0;0;2;5;14;A01
201200050778;0;7;0;0;2;3;1;B01