num_acc;senc;catv;occutc;obs;obsm;choc;manv;num_veh
201200050779;0;7;0;0;2;8;10;A01
201200050779;0;33;0;0;2;1;2;B01
201200050780;0;14;0;4;0;8;1;A01
201200050781;0;7;0;0;2;4;1;A01
201200050781;0;7;0;0;2;1;2;B01
201200050781;0;7;0;0;2;1;1;C01
201200050782;0;7;0;4;0;3;1;A01
201200050783;0;7;0;4;0;3;1;A01
201200050784;0;7;0;4;0;3;1;A01
201200050785;0;7;0;0;2;1;2;C01
201200050785;0;7;0;0;2;1;2;B01
201200050785;0;7;0;0;2;4;1;A01
201200050786;0;33;0;0;0;9;1;A01
201200050787;0;15;0;0;2;2;21;A01
201200050787;0;7;0;0;2;3;1;B01
201200050787;0;33;0;0;2;3;1;C01
201200050788;0;7;0;0;2;4;1;A01
201200050788;0;7;0;0;2;1;2;B01
201200050789;0;7;0;0;2;4;2;B01
201200050789;0;7;0;0;2;1;1;A01
201200050790;0;15;0;0;2;2;1;B01
201200050790;0;7;0;0;2;3;1;A01
201200050791;0;7;0;0;2;4;9;B01
201200050791;0;7;0;0;2;4;1;A01
201200050792;0;7;0;0;2;5;2;B01
201200050792;0;7;0;0;2;1;1;A01
201200050793;0;15;0;0;2;2;1;B01
201200050793;0;7;0;0;2;3;13;A01
201200050794;0;7;0;0;0;0;1;A01
201200050795;0;33;0;4;0;2;1;A01
201200050796;0;7;0;0;2;1;2;B01
201200050796;0;7;0;0;2;4;1;A01
201200050797;0;14;0;3;0;3;1;A01
201200050798;0;7;0;0;2;4;1;A01
201200050798;0;7;0;0;2;1;2;B01
201200050799;0;7;0;13;0;1;1;A01
201200050800;0;7;0;0;2;1;2;A01
201200050800;0;7;0;0;2;4;1;B01
201200050801;0;7;0;0;2;1;2;A01
201200050801;0;7;0;0;2;3;11;C01
201200050801;0;15;0;0;2;2;2;B01
201200050802;0;7;0;4;0;1;1;A01
201200050803;0;7;0;0;2;4;1;A01
201200050803;0;7;0;0;2;1;2;B01
201200050804;0;7;0;0;2;8;1;A01
201200050804;0;15;0;0;2;2;12;B01
201200050805;0;7;0;4;0;1;1;A01
201200050806;0;7;0;0;2;4;1;A01
201200050806;0;33;0;0;2;1;1;B01
201200050807;0;7;0;0;2;5;1;C01
201200050807;0;7;0;0;2;1;1;A01
201200050807;0;7;0;0;2;8;1;B01
201200050808;0;7;0;0;0;0;0;A01
201200050809;0;10;0;0;2;2;1;B01
201200050809;0;7;0;0;2;3;13;A01
201200050810;0;7;0;0;0;9;1;A01
201200050811;0;10;0;0;2;4;1;A01
201200050811;0;7;0;0;2;4;1;B01
201200050811;0;7;0;0;2;1;2;D01
201200050811;0;7;0;0;2;4;1;C01
201200050812;0;7;0;0;0;9;0;A01
201200050812;0;7;0;0;0;9;0;B01
201200050813;0;7;0;0;2;2;12;A01
201200050813;0;33;0;0;2;8;3;B01
201200050814;0;33;0;0;0;1;1;A01
201200050815;0;7;0;0;2;1;2;A01
201200050815;0;7;0;0;2;4;1;B01
201200050816;0;7;0;0;2;2;17;A01
201200050816;0;33;0;0;2;1;3;B01
201200050816;0;7;0;0;2;4;1;C01
201200050817;0;7;0;0;2;4;2;C01
201200050817;0;7;0;0;2;4;2;B01
201200050817;0;7;0;0;2;1;1;A01
201200050818;0;7;0;4;0;7;1;A01
201200050819;0;15;0;0;2;7;12;A01
201200050819;0;7;0;0;2;6;1;B01
201200050820;0;7;0;4;0;1;1;A01
201200050821;0;33;0;0;2;1;1;A01
201200050821;0;7;0;0;2;4;2;B01
201200050822;0;7;0;0;0;9;0;A01
201200050823;0;7;0;0;0;8;1;A01
201200050824;0;10;0;0;2;4;1;B01
201200050824;0;7;0;0;2;1;1;A01
201200050825;0;7;0;0;2;5;12;B01
201200050825;0;33;0;0;2;8;1;A01
201200050826;0;7;0;0;2;4;2;C01
201200050826;0;7;0;5;0;6;2;A01
201200050826;0;7;0;4;2;2;12;B01
201200050827;0;33;0;16;0;1;1;A01
201200050828;0;10;0;16;0;9;1;A01
201200050829;0;7;0;0;2;1;1;A01
201200050829;0;7;0;0;2;4;2;B01
201200050830;0;15;0;0;2;4;1;A01
201200050830;0;15;0;0;2;1;2;B01
201200050831;0;33;0;0;2;2;2;A01
201200050831;0;7;0;0;2;4;1;B01
201200050832;0;7;0;0;2;6;1;A01
201200050832;0;33;0;0;2;1;2;B01
201200050833;0;7;0;0;2;4;1;B01
201200050833;0;7;0;0;2;1;2;C01
201200050833;0;7;0;0;2;4;1;A01
201200050834;0;33;0;0;2;9;3;A01
201200050834;0;7;0;0;2;7;12;B01
201200050835;0;7;0;0;0;4;2;B01
201200050835;0;7;0;0;2;1;1;A01
201200050836;0;33;0;0;0;7;1;A01
201200050837;0;33;0;0;2;8;1;B01
201200050837;0;7;0;0;2;7;12;A01
201200050838;0;7;0;0;2;4;1;A01
201200050838;0;7;0;0;2;1;1;B01
201200050839;0;10;0;0;2;4;2;B01
201200050839;0;7;0;0;2;1;1;A01
201200050839;0;7;0;0;2;4;2;C01
201200050840;0;7;0;0;2;6;11;A01
201200050840;0;33;0;0;2;1;3;B01
201200050841;0;7;0;0;2;4;1;A01
201200050841;0;15;0;0;2;2;12;B01
201200050842;0;7;0;0;2;1;14;A01
201200050842;0;7;0;0;0;4;1;B01
201200050843;0;7;0;0;2;8;13;A01
201200050843;0;33;0;0;2;1;1;B01
201200050844;0;10;0;0;0;6;1;A01
201200050844;0;7;0;0;0;2;14;B01
201200050845;0;7;0;0;2;0;0;B01
201200050845;0;33;0;0;2;8;0;A01
201200050846;0;33;0;0;2;7;3;B01
201200050846;0;7;0;0;2;8;1;A01
201200050847;0;17;0;0;2;5;1;A01
201200050847;0;33;0;0;2;6;3;B01
201200050848;0;7;0;0;2;1;21;B01
201200050848;0;7;0;3;2;6;1;A01
201200050849;0;7;0;0;2;2;12;B01
201200050849;0;33;0;0;2;3;3;A01
201200050850;0;7;0;0;0;1;1;A01
201200050851;0;7;0;4;0;9;1;A01
201200050852;0;7;0;0;2;4;2;B01
201200050852;0;7;0;0;2;1;1;A01
201200050853;0;33;0;16;0;0;1;A01
201200050854;0;17;0;0;2;4;1;A01
201200050854;0;10;0;0;2;1;2;B01
201200050855;0;7;0;0;2;4;1;A01
201200050855;0;7;0;0;2;1;1;B01
201200050856;0;32;0;0;2;1;3;B01
201200050856;0;7;0;0;2;2;22;A01
201200050856;0;7;0;0;2;2;2;C01
201200050857;0;7;0;0;2;5;1;A01
201200050857;0;32;0;0;2;3;3;B01
201200050858;0;7;0;0;0;0;1;A01
201200050859;0;33;0;10;0;1;1;A01
201200050860;0;7;0;0;0;0;1;A01
201200050861;0;7;0;0;2;1;2;B01
201200050861;0;7;0;0;2;4;1;A01
201200050862;0;33;0;0;2;4;1;A01
201200050862;0;33;0;0;2;1;1;B01
201200050863;0;33;0;0;2;8;3;A01
201200050863;1;7;0;0;2;7;12;Z01
201200050864;0;15;0;0;2;3;11;A01
201200050864;0;7;0;0;2;2;2;B01
201200050865;0;7;0;0;2;4;2;B01
201200050865;0;33;0;0;2;1;1;A01
201200050866;0;33;0;0;2;2;1;B01
201200050866;0;7;0;0;2;8;10;A01
201200050867;0;33;0;0;2;7;3;B01
201200050867;0;7;0;0;2;8;17;A01
201200050868;0;7;0;0;2;6;11;A01
201200050868;0;33;0;0;2;7;1;B01
201200050869;0;7;0;0;2;1;2;B01
201200050869;0;31;0;0;2;7;1;A01
201200050870;0;31;0;0;2;1;3;A01
201200050870;0;7;0;0;2;4;1;B01
201200050871;0;10;0;0;2;4;1;A01
201200050871;0;7;0;0;2;1;2;B01
201200050871;0;10;0;0;2;4;2;C01
201200050871;0;10;0;0;2;1;2;D01
201200050872;0;7;0;0;2;8;11;A01
201200050872;0;32;0;0;2;7;3;B01
201200050873;0;32;0;0;2;8;1;A01
201200050873;0;7;0;0;2;4;11;B01
201200050874;0;7;0;13;0;1;11;A01
201200050875;0;33;0;3;0;3;1;A01
201200050876;0;33;0;16;0;1;1;A01
201200050877;0;7;0;0;2;6;11;B01
201200050877;0;32;0;0;2;2;1;A01
201200050878;0;7;0;2;0;1;1;A01
201200050879;0;7;0;0;2;1;2;A01
201200050879;0;7;0;0;2;4;1;B01
201200050880;0;7;0;0;2;5;2;C01
201200050880;0;33;0;0;2;2;3;D01
201200050880;0;7;0;0;2;6;2;B01
201200050880;0;7;0;0;2;8;2;A01
201200050881;0;7;0;0;2;6;11;B01
201200050881;0;33;0;0;2;2;1;A01
201200050882;0;37;1;0;2;1;1;A01
201200050882;0;7;0;0;2;4;2;B01
201200050883;0;33;0;0;2;2;11;B01
201200050883;0;7;0;0;2;8;11;A01
201200050884;0;7;0;0;0;3;1;A01
201200050885;0;7;0;0;2;8;11;B01
201200050885;0;7;0;0;2;7;1;A01
201200050885;0;33;0;0;2;7;3;C01
201200050886;0;7;0;0;2;4;2;C01
201200050886;0;7;0;0;2;4;2;B01
201200050886;0;7;0;0;2;1;1;A01
201200050887;0;7;0;0;2;6;11;A01
201200050887;0;33;0;0;2;2;3;B01
201200050888;0;7;0;0;2;7;12;B01
201200050888;0;31;0;0;2;8;3;A01
201200050889;0;34;0;0;0;7;0;A01
201200050890;0;33;0;0;0;8;17;B01
201200050890;0;10;0;0;2;7;1;A01
201200050891;0;31;0;0;2;8;3;B01
201200050891;0;99;0;4;2;2;12;A01
201200050892;0;32;0;0;2;2;12;A01
201200050892;0;7;0;0;2;8;1;B01
201200050893;0;7;0;0;2;4;1;B01
201200050893;0;7;0;0;2;4;2;D01
201200050893;0;14;0;0;2;2;1;A01
201200050893;0;7;0;0;2;4;2;C01
201200050894;0;7;0;0;2;8;11;B01
201200050894;0;34;0;0;2;1;3;A01
201200050895;0;15;0;13;0;2;1;A01
201200050896;0;7;0;0;2;4;2;B01
201200050896;0;7;0;0;2;1;1;A01
201200050897;0;7;0;0;2;3;1;B01
201200050897;0;7;0;0;2;2;19;A01
201200050898;0;33;0;0;2;7;3;B01
201200050898;0;7;0;0;2;8;11;A01
201200050899;0;7;0;0;0;9;1;A01
201200050900;0;7;0;0;2;6;11;A01
201200050900;0;32;0;0;2;7;3;B01
201200050901;0;31;0;0;0;8;1;A01
201200050902;0;32;0;0;0;1;1;A01
201200050903;0;7;0;4;0;1;2;A01
201200050904;0;7;0;0;2;1;2;B01
201200050904;0;7;0;0;2;4;1;A01
201200050905;0;7;0;0;2;4;2;B01
201200050905;0;7;0;0;2;1;1;A01
201200050906;0;33;0;0;2;9;1;E01
201200050906;0;7;0;0;2;2;1;D01
201200050906;0;7;0;0;2;4;1;A01
201200050906;0;7;0;0;2;1;2;C01
201200050906;0;7;0;0;2;9;1;B01
201200050907;0;7;0;0;0;4;2;B01
201200050907;0;7;0;0;0;1;2;A01
201200050908;0;7;0;4;0;3;1;A01
201200050909;0;7;0;0;0;0;1;A01
201200050910;0;7;0;0;0;0;1;A01
201200050911;0;7;0;0;2;4;1;A01
201200050911;0;7;0;0;2;4;2;B01
201200050912;0;7;0;0;2;2;14;A01
201200050912;0;7;0;0;2;4;2;B01
201200050913;0;7;0;0;0;2;1;A01
201200050914;0;7;0;0;0;1;1;A01
201200050915;0;7;0;0;2;1;2;B01
201200050915;0;15;0;0;2;1;2;C01
201200050915;0;7;0;0;2;4;1;A01
201200050916;0;31;0;0;0;0;3;A01
201200050917;0;7;0;0;2;4;11;B01
201200050917;0;31;0;0;2;1;1;A01
201200050918;0;34;0;0;2;2;2;B01
201200050918;0;7;0;0;2;5;12;A01
201200050919;0;7;0;4;0;2;1;A01
201200050920;0;34;0;0;0;0;3;A01
201200050921;0;7;0;0;2;8;1;A01
201200050921;0;15;0;0;2;2;12;B01
201200050922;0;15;0;0;2;6;24;B01
201200050922;0;7;0;0;2;2;14;A01
201200050923;0;7;0;0;2;2;1;A01
201200050923;0;33;0;0;2;4;2;B01
201200050924;0;31;0;0;0;7;1;A01
201200050925;0;7;0;0;0;9;0;A01
201200050926;0;7;0;2;0;6;4;A01
201200050927;0;7;0;4;0;1;1;A01
201200050928;0;7;0;0;0;1;1;A01
201200050929;0;7;0;0;2;4;2;D01
201200050929;0;7;0;0;2;4;2;C01
201200050929;0;7;0;0;2;4;2;B01
201200050929;0;7;0;0;2;1;1;A01
201200050930;0;33;0;0;2;1;2;B01
201200050930;0;7;0;0;2;4;1;A01
201200050931;0;33;0;0;2;1;1;A01
201200050931;0;7;0;0;2;5;9;B01
201200050932;0;33;0;0;2;7;1;B01
201200050932;0;7;0;0;2;8;13;A01
201200050933;0;7;0;0;2;4;11;B01
201200050933;0;34;0;0;2;1;3;A01
201200050934;0;7;0;0;2;7;12;A01
201200050934;0;33;0;0;2;8;3;B01
201200050935;0;10;0;0;2;4;1;A01
201200050935;0;7;0;0;2;1;2;B01
201200050936;0;7;0;0;2;7;14;B01
201200050936;0;10;0;0;2;8;1;A01
201200050937;0;7;0;0;2;1;2;B01
201200050937;0;7;0;0;2;4;1;A01
201200050938;1;7;0;0;2;2;11;Z01
201200050938;0;33;0;0;2;2;1;A01
201200050938;0;7;0;0;2;6;1;B01
201200050939;0;33;0;0;2;1;2;B01
201200050939;0;7;0;0;2;4;1;A01
201200050940;1;15;0;0;2;7;12;Z01
201200050940;0;34;0;0;2;8;1;A01
201200050941;0;15;0;0;2;4;2;B01
201200050941;0;7;0;0;2;1;1;A01
201200050942;0;7;0;0;0;0;0;A01
201200050943;0;7;0;0;2;1;2;C01
201200050943;0;7;0;0;2;4;1;A01
201200050943;0;7;0;0;2;4;2;B01
201200050944;0;7;0;0;2;8;1;A01
201200050944;0;33;0;0;2;7;1;C01
201200050944;0;33;0;0;2;7;1;B01
201200050945;0;7;0;0;0;1;1;A01
201200050945;0;15;0;0;0;4;2;C01
201200050945;0;7;0;0;0;9;2;B01
201200050946;0;7;0;0;2;1;11;A01
201200050946;0;7;0;0;2;1;1;B01
201200050947;0;10;0;0;2;1;2;A01
201200050947;0;15;0;0;2;4;1;B01
201200050948;0;34;0;4;0;3;1;A01
201200050949;0;7;0;0;0;1;1;A01
201200050950;0;7;0;0;0;9;0;A01
201200050951;0;7;0;0;2;1;1;A01
201200050951;0;7;0;0;2;4;2;B01
201200050951;0;7;0;0;2;4;2;C01
201200050952;0;33;0;0;2;1;1;A01
201200050952;0;7;0;0;2;4;2;B01
201200050953;0;7;0;0;0;1;1;A01
201200050954;0;10;0;4;0;9;1;A01
201200050955;0;7;0;0;0;9;0;A01
201200050956;0;33;0;0;0;8;1;A01
201200050957;0;7;0;0;0;1;1;A01
201200050958;0;7;0;0;2;1;2;C01
201200050958;0;7;0;0;2;1;2;B01
201200050958;0;7;0;0;2;4;1;A01
201200050958;0;7;0;0;2;1;2;D01
201200050959;0;10;0;0;0;9;1;A01
201200050960;0;7;0;0;2;6;11;B01
201200050960;0;33;0;0;2;1;2;A01
201200050961;0;15;0;0;2;2;2;B01
201200050961;0;7;0;0;2;6;1;A01
201200050962;0;15;0;0;0;0;1;A01
201200050963;0;7;0;0;2;1;1;A01
201200050963;0;33;0;0;0;0;0;B01
201200050964;0;33;0;0;2;1;2;B01
201200050964;0;7;0;0;2;6;1;A01
201200050965;0;33;0;0;2;8;3;A01
201200050965;1;7;0;0;2;0;12;Z01
201200050966;0;7;0;0;2;1;2;B01
201200050966;0;7;0;0;2;4;1;A01
201200050967;0;7;0;0;2;4;1;A01
201200050967;0;34;0;0;2;1;2;B01
201200050968;0;7;0;0;2;1;2;B01
201200050968;0;7;0;0;2;4;1;A01
201200050969;0;7;0;0;2;2;12;B01
201200050969;0;34;0;0;2;8;11;A01
201200050970;0;7;0;0;2;3;1;A01
201200050970;0;7;0;0;2;1;0;B01
201200050971;0;7;0;0;2;1;2;B01
201200050971;0;7;0;0;2;1;1;A01
201200050971;0;7;0;0;2;4;2;C01
201200050972;0;7;0;0;2;1;1;A01
201200050972;0;7;0;0;2;4;2;C01
201200050972;0;7;0;0;2;4;2;B01
201200050973;0;7;0;0;2;1;2;C01
201200050973;0;7;0;0;2;8;13;B01
201200050973;0;15;0;0;2;2;1;A01
201200050974;0;7;0;0;2;1;5;B01
201200050974;0;15;0;0;2;0;0;A01
201200050975;0;7;0;0;2;1;1;A01
201200050975;0;10;0;0;2;4;2;B01
201200050976;1;7;0;0;2;4;11;Z01
201200050976;0;34;0;0;2;1;11;A01
201200050977;0;3;0;0;2;2;12;B01
201200050977;0;33;0;0;2;3;3;A01
201200050978;0;7;0;0;2;4;2;B01
201200050978;0;7;0;0;2;1;1;A01
201200050979;0;7;0;0;2;8;1;B01
201200050979;0;7;0;0;2;2;14;A01
201200050980;0;15;0;0;2;1;2;B01
201200050980;0;33;0;0;2;4;11;A01
201200050981;0;33;0;0;2;4;3;B01
201200050981;0;33;0;0;2;1;3;A01
201200050982;0;33;0;0;2;1;2;B01
201200050982;0;7;0;0;2;4;1;A01
201200050983;0;7;0;0;2;4;1;A01
201200050983;0;7;0;0;2;4;2;B01
201200050983;0;7;0;0;2;1;2;C01
201200050983;0;7;0;0;2;4;2;D01
201200050983;0;7;0;0;2;4;2;E01
201200050983;0;7;0;0;2;4;2;F01
201200050983;0;7;0;0;2;1;2;G01
201200050984;0;33;0;0;0;0;3;A01
201200050985;0;33;0;0;2;2;3;A01
201200050985;0;7;0;0;2;8;11;B01
201200050986;0;32;0;0;2;3;3;B01
201200050986;0;7;0;0;2;4;2;C01
201200050986;0;7;0;0;2;2;12;A01
201200050987;0;7;0;0;2;3;1;A01
201200050987;0;7;0;0;2;6;2;B01
201200050987;0;32;0;0;2;1;3;C01
201200050988;0;33;0;0;2;2;3;A01
201200050988;0;15;0;0;2;6;0;C01
201200050988;0;7;0;0;2;2;2;B01
201200050989;0;33;0;0;2;2;1;B01
201200050989;0;7;0;0;2;8;11;A01
201200050990;0;7;0;0;2;4;12;A01
201200050990;0;33;0;0;2;1;1;B01
201200050991;0;7;0;0;2;1;2;C01
201200050991;0;7;0;0;2;4;1;A01
201200050991;0;7;0;0;2;4;2;B01
201200050992;0;7;0;0;2;1;19;B01
201200050992;0;7;0;0;2;1;1;A01
201200050993;0;7;0;0;2;1;2;B01
201200050993;0;7;0;0;2;4;1;A01
201200050994;0;7;0;0;2;3;11;A01
201200050994;0;7;0;0;2;4;12;B01
201200050995;0;7;0;4;0;1;14;A01
201200050996;0;33;0;0;2;1;2;B01
201200050996;0;7;0;0;2;6;1;A01
201200050997;0;7;0;0;2;5;11;B01
201200050997;0;33;0;0;2;2;11;A01
201200050998;0;7;0;0;2;3;2;B01
201200050998;0;15;0;0;2;7;15;A01
201200050999;0;33;0;0;2;2;1;A01
201200050999;0;7;0;0;2;6;11;B01
201200051000;0;7;0;0;2;3;2;B01
201200051000;0;7;0;0;2;4;2;C01
201200051000;0;7;0;0;2;9;13;A01
201200051001;0;7;0;0;2;6;11;A01
201200051001;0;34;0;0;2;2;3;B01
201200051002;0;7;0;0;2;1;2;B01
201200051002;0;7;0;0;2;4;1;A01
201200051003;0;34;0;0;0;7;1;A01
201200051004;0;7;0;0;2;6;11;B01
201200051004;0;15;0;0;2;2;1;A01
201200051005;0;33;0;0;0;0;1;A01
201200051006;0;7;0;0;2;1;1;A01
201200051006;0;7;0;0;2;4;2;B01
201200051007;0;7;0;0;2;4;2;B01
201200051007;0;7;0;0;2;1;12;A01
201200051008;0;7;0;0;2;1;2;C01
201200051008;0;7;0;0;2;4;2;B01
201200051008;0;7;0;0;2;4;1;A01
201200051009;0;7;0;3;0;1;1;A01
201200051010;0;7;0;0;2;1;1;A01
201200051010;0;7;0;0;2;4;2;B01
201200051011;0;7;0;0;2;1;14;B01
201200051011;0;13;0;0;2;4;1;A01
201200051012;0;7;0;4;0;1;1;A01
201200051013;0;7;0;0;2;4;1;C01
201200051013;0;7;0;0;2;4;2;B01
201200051013;0;7;0;0;2;1;2;A01
201200051014;0;7;0;3;0;3;1;A01
201200051015;0;10;0;14;2;2;1;C01
201200051015;0;7;0;0;2;4;1;E01
201200051015;0;7;0;0;2;4;23;B01
201200051015;0;7;0;0;2;6;1;D01
201200051015;0;15;0;0;2;2;1;A01
201200051016;0;33;0;0;0;1;3;A01
201200051017;0;7;0;0;2;4;2;D01
201200051017;0;7;0;0;2;1;1;A01
201200051017;0;7;0;0;2;4;2;B01
201200051017;0;7;0;0;2;4;2;C01
201200051018;0;15;0;0;2;3;2;A01
201200051018;0;7;0;0;2;2;12;B01
201200051019;0;33;0;0;0;1;1;A01
201200051020;0;10;0;0;2;2;12;A01
201200051020;0;33;0;0;2;8;1;B01
201200051021;0;15;0;0;2;1;2;B01
201200051021;0;7;0;0;2;6;12;A01
201200051022;0;7;0;0;2;1;2;B01
201200051022;0;7;0;0;2;8;9;A01
201200051022;0;15;0;0;2;2;2;C01
201200051023;0;7;0;0;0;8;13;A01
201200051024;0;33;0;0;2;1;1;B01
201200051024;0;7;0;0;2;6;11;A01
201200051025;0;7;0;0;2;4;2;B01
201200051025;0;33;0;0;2;1;1;A01
201200051026;0;7;0;0;2;3;11;A01
201200051026;0;33;0;0;2;2;1;B01
201200051027;0;7;0;0;2;4;12;A01
201200051027;0;31;0;0;2;1;3;B01
201200051028;0;7;0;0;2;8;11;B01
201200051028;0;7;0;0;2;8;1;C01
201200051028;0;33;0;0;2;8;3;A01
201200051029;0;7;0;0;2;4;1;A01
201200051029;0;7;0;0;2;9;2;B01
201200051029;0;7;0;0;2;1;2;C01
201200051030;0;7;0;4;0;3;1;A01
201200051031;0;31;0;0;2;2;3;B01
201200051031;0;7;0;0;2;8;11;A01
201200051032;0;33;0;0;0;2;1;A01
201200051033;0;7;0;0;2;1;2;C01
201200051033;0;15;0;0;2;1;2;B01
201200051033;0;7;0;0;2;9;1;A01
201200051034;0;7;0;0;0;0;1;A01
201200051035;0;7;0;0;0;5;1;A01
201200051036;0;7;0;4;0;1;1;A01
201200051037;0;7;0;0;2;5;1;A01
201200051037;0;33;0;0;2;3;2;B01
201200051038;0;15;0;0;0;8;1;A01
201200051039;0;7;0;0;2;1;2;A01
201200051039;0;7;0;0;2;4;1;B01
201200051040;0;7;0;0;2;8;9;B01
201200051040;0;7;0;0;2;8;1;A01
201200051041;0;33;0;0;2;9;1;A01
201200051041;0;7;0;0;2;6;1;C01
201200051041;0;33;0;0;2;9;2;B01
201200051042;0;33;0;0;0;8;1;A01
201200051043;0;33;0;0;0;8;1;A01
201200051044;1;7;0;0;0;0;0;Z01
201200051044;0;33;0;0;2;8;1;A01
201200051045;1;7;0;0;0;0;0;Z01
201200051045;0;33;0;0;2;8;1;A01
201200051046;0;15;0;0;2;3;2;B01
201200051046;0;7;0;0;2;7;12;A01
201200051047;0;7;0;0;2;4;2;B01
201200051047;0;7;0;0;2;1;1;A01
201200051048;0;34;0;0;0;1;1;A01
201200051049;0;7;0;0;2;1;1;A01
201200051049;0;7;0;0;2;4;2;C01
201200051049;0;7;0;0;2;4;2;B01
201200051050;0;7;0;0;2;9;2;B01
201200051050;0;7;0;0;2;4;1;A01
201200051050;0;7;0;0;2;1;2;C01
201200051051;0;7;0;0;2;4;1;A01
201200051051;0;33;0;0;2;1;1;B01
201200051052;0;33;0;0;2;7;1;A01
201200051052;0;7;0;0;2;3;11;B01
201200051053;0;10;0;0;2;4;1;A01
201200051053;0;7;0;0;2;5;1;C01
201200051053;0;33;0;0;2;8;3;B01
201200051054;0;33;0;0;2;7;1;B01
201200051054;0;33;0;0;2;7;1;A01
201200051055;1;7;0;0;2;1;2;Z01
201200051055;0;7;0;4;2;5;1;A01
201200051056;0;7;0;0;2;4;2;B01
201200051056;0;10;0;0;2;1;2;C01
201200051056;0;7;0;0;2;4;1;A01
201200051057;0;7;0;0;0;0;1;A01
201200051058;0;7;0;0;0;9;1;A01
201200051059;0;7;0;16;0;2;14;A01
201200051060;0;10;0;0;2;1;2;B01
201200051060;0;10;0;0;2;4;1;A01
201200051061;0;7;0;0;0;9;1;A01
201200051062;0;7;0;0;2;9;2;B01
201200051062;0;7;0;0;2;1;1;A01
201200051062;0;7;0;0;2;4;2;C01
201200051063;0;7;0;0;0;9;1;A01
201200051064;0;7;0;0;0;9;1;A01
201200051065;0;7;0;4;0;3;1;A01
201200051066;0;10;0;0;0;9;0;A01
201200051067;0;15;0;0;2;3;1;A01
201200051067;0;7;0;0;2;4;2;B01
201200051068;0;7;0;0;0;9;0;A01
201200051068;0;15;0;0;0;7;0;B01
201200051069;0;7;0;0;1;4;4;A01
201200051070;0;7;0;0;2;1;1;A01
201200051070;0;7;0;0;2;1;1;B01
201200051071;0;7;0;0;1;1;1;A01
201200051072;0;7;0;0;2;1;1;B01
201200051072;0;33;0;0;2;1;1;A01
201200051073;0;7;0;0;1;1;2;A01
201200051074;0;7;0;0;1;1;1;A01
201200051075;0;7;0;0;1;8;1;A01
201200051076;0;7;0;0;2;8;9;A01
201200051076;0;7;0;0;2;3;1;B01
201200051077;0;7;0;0;2;4;1;B01
201200051077;0;7;0;0;2;1;2;A01
201200051078;0;7;0;0;0;9;0;A01
201200051079;0;7;0;0;2;7;1;A01
201200051079;0;15;0;0;2;8;1;B01
201200051080;0;7;0;0;2;3;0;A01
201200051080;0;7;0;0;2;9;0;B01
201200051081;0;7;0;0;0;2;1;A01
201200051081;0;7;0;0;2;4;1;B01
201200051082;0;7;0;0;2;6;9;A01
201200051082;0;33;0;0;2;1;2;B01
201200051083;0;7;0;0;2;1;1;B01
201200051083;0;7;0;0;2;9;13;A01
201200051084;0;7;0;0;2;1;1;B01
201200051084;0;7;0;0;2;8;9;A01
201200051085;0;7;0;8;0;9;1;A01
201200051086;0;7;0;0;2;8;9;A01
201200051086;0;7;0;0;2;1;1;B01
201200051087;0;32;0;0;2;9;0;A01
201200051088;1;7;0;8;2;9;1;B01
201200051089;0;7;0;0;2;4;2;B01
201200051089;0;7;0;0;2;1;2;A01
201200051090;0;7;0;0;2;4;1;C01
201200051090;0;7;0;0;2;1;1;A01
201200051090;0;7;0;0;2;4;1;B01
201200051091;1;2;0;0;2;0;0;A01
201200051092;0;33;0;0;2;1;1;B01
201200051092;0;7;0;0;2;7;15;A01
201200051093;0;7;0;0;2;1;1;A01
201200051093;0;34;0;0;2;1;1;B01
201200051094;0;7;0;0;0;0;1;A01
201200051095;0;7;0;0;2;4;2;C01
201200051095;0;7;0;0;2;1;2;A01
201200051095;0;7;0;0;2;1;2;B01
201200051096;0;33;0;0;2;6;0;A01
201200051096;0;7;0;0;2;2;0;B01
201200051097;0;7;0;0;2;1;1;A01
201200051097;0;7;0;0;2;7;1;B01
201200051098;0;7;0;0;2;3;2;B01
201200051098;0;7;0;0;2;5;12;A01
201200051099;0;7;0;0;2;4;2;B01
201200051099;0;7;0;0;2;1;2;A01
201200051100;0;7;0;0;2;4;0;B01
201200051100;0;2;0;0;2;1;0;A01
201200051101;0;2;0;0;2;1;1;B01
201200051101;0;7;0;0;2;8;11;A01
201200051102;0;7;0;0;2;3;9;A01
201200051102;0;16;0;1;2;7;23;B01
201200051103;0;7;0;0;2;9;1;B01
201200051103;2;7;0;0;2;1;5;A01
201200051104;0;7;0;0;0;6;1;B01
201200051104;0;2;0;0;2;1;1;A01
201200051105;0;7;0;0;2;1;2;A01
201200051105;0;7;0;0;0;4;2;B01
201200051106;0;7;0;1;2;4;1;B01
201200051106;0;7;0;0;2;1;1;A01
201200051106;0;10;0;0;0;4;20;C01
201200051107;0;7;0;1;0;1;1;A01
201200051108;1;33;0;4;0;1;1;A01
201200051109;0;7;0;0;2;1;1;B01
201200051109;0;7;0;0;2;1;13;A01
201200051110;1;7;0;0;2;8;2;B01
201200051110;0;33;0;0;2;2;14;A01
201200051111;0;7;0;0;2;8;9;A01
201200051111;0;7;0;0;2;1;1;B01
201200051112;0;34;0;0;2;2;17;A01
201200051112;0;7;0;0;2;8;11;B01
201200051113;0;34;0;0;2;1;1;B01
201200051113;0;32;0;0;2;1;1;A01
201200051114;0;7;0;0;0;4;2;C01
201200051114;0;7;0;0;2;4;1;B01