num_acc;senc;catv;occutc;obs;obsm;choc;manv;num_veh
201200051114;0;7;0;0;2;1;1;A01
201200051115;0;7;0;0;2;1;2;A01
201200051115;0;10;0;0;2;1;2;B01
201200051115;0;7;0;0;0;4;2;C01
201200051116;0;7;0;0;2;8;20;A01
201200051116;0;7;0;0;2;1;10;B01
201200051117;0;2;0;3;0;1;1;A01
201200051118;0;31;0;0;2;1;1;A01
201200051118;0;7;0;0;2;7;1;B01
201200051119;0;7;0;0;2;2;1;A01
201200051119;0;7;0;0;2;3;15;B01
201200051120;0;7;0;0;2;3;13;A01
201200051120;0;7;0;0;2;3;1;B01
201200051121;0;7;0;0;2;1;0;A01
201200051121;0;7;0;0;2;4;20;B01
201200051122;0;2;0;0;2;1;1;A01
201200051122;0;2;0;0;2;1;15;B01
201200051123;0;7;0;0;2;1;0;B01
201200051123;0;7;0;0;2;1;1;A01
201200051124;0;34;0;0;2;1;1;B01
201200051124;0;7;0;0;2;2;15;A01
201200051125;0;7;0;4;0;1;1;A01
201200051126;0;7;0;0;2;1;1;A01
201200051126;0;7;0;0;2;4;1;B01
201200051127;0;33;0;0;2;1;1;B01
201200051127;0;7;0;0;2;3;15;A01
201200051128;0;15;0;0;1;3;0;A01
201200051129;0;7;0;0;2;1;15;A01
201200051129;0;30;0;0;2;1;1;B01
201200051130;0;7;0;14;0;1;1;A01
201200051131;0;36;0;0;2;1;6;A01
201200051131;0;7;0;0;2;7;1;B01
201200051132;0;33;0;0;0;8;1;A01
201200051133;0;10;0;0;1;0;4;A01
201200051134;0;31;0;0;0;7;1;A01
201200051135;1;7;0;0;2;1;1;B01
201200051135;0;7;0;0;2;1;13;A01
201200051136;0;10;0;0;2;1;1;A01
201200051136;0;7;0;0;2;4;1;B01
201200051137;0;7;0;1;2;1;1;A01
201200051137;0;7;0;0;2;4;1;B01
201200051137;0;7;0;0;2;4;1;C01
201200051137;0;7;0;0;2;4;12;D01
201200051138;0;2;0;16;0;1;1;A01
201200051139;0;7;0;0;1;1;1;A01
201200051140;0;7;0;0;1;1;1;A01
201200051141;0;7;0;0;2;5;1;A01
201200051141;0;7;0;0;2;3;1;B01
201200051142;0;7;0;6;0;1;1;A01
201200051143;0;7;0;0;2;1;13;A01
201200051143;0;7;0;0;2;1;1;B01
201200051144;0;7;0;0;2;4;1;B01
201200051144;0;7;0;0;2;1;1;A01
201200051145;0;7;0;0;2;5;12;B01
201200051145;0;7;0;1;2;2;1;A01
201200051146;0;1;0;0;2;1;17;A01
201200051146;0;7;0;0;2;3;1;B01
201200051147;0;33;0;0;2;1;2;A01
201200051147;0;7;0;0;2;4;12;B01
201200051148;0;33;0;0;2;1;1;A01
201200051148;0;7;0;0;2;4;1;B01
201200051149;0;7;0;0;2;3;11;A01
201200051149;0;34;0;0;2;1;17;B01
201200051150;1;7;0;12;0;1;1;A01
201200051151;0;7;0;15;0;1;1;A01
201200051152;0;7;0;0;2;6;1;A01
201200051152;0;33;0;0;2;1;2;B01
201200051153;0;7;0;8;0;1;1;A01
201200051154;2;7;0;0;2;1;1;D01
201200051154;0;7;0;0;2;9;1;B01
201200051154;0;7;0;0;2;1;1;A01
201200051154;0;7;0;0;2;1;2;C01
201200051155;0;7;0;0;1;1;1;A01
201200051156;0;2;0;7;0;1;1;A01
201200051157;0;1;0;0;2;1;1;A01
201200051157;1;7;0;0;2;1;1;B01
201200051158;0;7;0;0;1;1;1;A01
201200051159;0;7;0;0;2;1;1;A01
201200051159;0;7;0;0;2;4;1;B01
201200051160;0;7;0;0;2;2;2;A01
201200051160;0;33;0;0;2;1;1;B01
201200051161;0;7;0;0;2;8;1;C01
201200051161;0;7;0;1;2;7;17;B01
201200051161;0;17;0;0;2;6;13;A01
201200051162;0;7;0;0;1;4;20;A01
201200051163;0;7;0;4;0;2;1;A01
201200051164;0;7;0;0;2;4;9;A01
201200051164;0;7;0;0;2;1;1;B01
201200051165;0;7;0;0;2;4;1;D01
201200051165;0;7;0;0;2;4;1;C01
201200051165;0;7;0;0;2;1;1;A01
201200051165;0;7;0;0;2;4;1;B01
201200051166;0;7;0;0;2;4;1;B01
201200051166;0;7;0;0;2;1;1;A01
201200051166;0;7;0;0;2;4;1;C01
201200051167;0;7;0;0;2;1;1;A01
201200051167;0;7;0;0;2;1;1;B01
201200051168;0;7;0;0;2;8;13;B01
201200051168;0;33;0;0;2;2;17;A01
201200051169;0;7;0;0;2;3;13;A01
201200051169;0;33;0;0;2;2;17;B01
201200051170;0;7;0;0;4;4;15;B01
201200051170;0;33;0;0;2;1;1;A01
201200051171;0;7;0;0;2;6;15;B01
201200051171;0;7;0;0;2;2;16;A01
201200051172;0;33;0;0;2;1;17;A01
201200051172;0;7;0;0;2;6;15;B01
201200051173;0;7;0;0;2;1;15;A01
201200051173;0;7;0;0;2;2;1;B01
201200051174;0;7;0;0;2;1;1;A01
201200051174;0;7;0;0;2;4;1;B01
201200051175;0;31;0;0;2;1;1;A01
201200051175;0;7;0;0;2;6;1;B01
201200051176;0;2;0;0;1;1;1;A01
201200051177;0;7;0;0;2;1;1;A01
201200051177;0;7;0;0;2;4;1;B01
201200051177;0;7;0;0;2;4;1;C01
201200051178;0;33;0;14;0;8;1;A01
201200051179;0;7;0;0;2;1;1;A01
201200051179;0;7;0;0;2;4;1;C01
201200051179;0;7;0;0;2;4;1;B01
201200051180;0;7;0;0;2;5;1;B01
201200051180;0;7;0;0;2;1;1;D01
201200051180;0;30;0;0;2;1;1;C01
201200051180;1;33;0;0;2;1;13;A01
201200051180;0;7;0;0;2;4;1;E01
201200051181;0;7;0;0;4;4;5;B01
201200051181;0;13;0;1;0;1;5;A01
201200051182;0;7;0;1;0;2;14;A01
201200051183;0;7;0;0;2;6;9;A01
201200051183;0;2;0;0;2;1;1;B01
201200051184;0;7;0;0;2;7;16;B01
201200051184;0;32;0;0;2;1;18;A01
201200051185;0;33;0;0;2;1;1;B01
201200051185;0;7;0;0;2;8;11;A01
201200051186;0;7;0;0;2;1;1;A01
201200051186;0;7;0;0;2;4;1;B01
201200051187;0;7;0;0;2;1;13;A01
201200051187;0;7;0;0;2;1;1;B01
201200051188;0;7;0;0;2;4;13;A01
201200051188;0;32;0;0;2;2;17;B01
201200051189;0;32;0;12;0;1;2;A01
201200051190;0;7;0;0;2;1;1;A01
201200051190;0;7;0;0;2;4;1;B01
201200051191;0;7;0;0;2;1;1;A01
201200051191;0;7;0;0;2;4;1;B01
201200051191;0;7;0;0;2;4;1;D01
201200051191;0;7;0;0;2;4;1;C01
201200051192;0;7;0;0;1;2;1;A01
201200051193;0;7;0;6;1;1;1;A01
201200051194;0;2;0;0;2;1;13;A01
201200051194;0;34;0;0;2;1;1;B01
201200051195;0;2;0;0;2;1;17;A01
201200051195;0;7;0;0;2;3;15;B01
201200051196;0;33;0;0;2;1;1;A01
201200051196;0;34;0;0;2;1;2;B01
201200051197;0;7;0;0;2;1;1;A01
201200051197;2;7;0;0;2;6;1;B01
201200051198;0;7;0;0;2;1;1;B01
201200051198;0;7;0;0;2;1;13;A01
201200051199;0;7;0;0;2;1;1;A01
201200051199;0;7;0;0;0;4;1;B01
201200051200;0;7;0;0;2;8;1;A01
201200051201;0;32;0;6;0;1;1;A01
201200051201;0;14;0;6;0;1;1;B01
201200051202;0;7;0;0;2;1;1;A01
201200051202;0;7;0;0;2;4;1;B01
201200051203;0;7;0;0;2;1;1;B01
201200051203;0;33;0;0;2;1;13;A01
201200051204;0;7;0;0;2;2;11;A01
201200051204;0;32;0;0;2;1;1;B01
201200051205;0;7;0;0;1;4;20;A01
201200051206;0;31;0;0;0;1;1;B01
201200051206;0;7;0;0;0;0;1;A01
201200051207;0;7;0;0;2;1;1;B01
201200051207;0;7;0;0;2;6;15;A01
201200051208;0;7;0;0;2;3;15;A01
201200051208;0;33;0;0;2;1;1;B01
201200051209;0;33;0;0;2;8;1;B01
201200051209;0;7;0;0;2;2;15;A01
201200051210;0;33;0;0;2;5;1;A01
201200051210;0;7;0;0;2;2;15;B01
201200051211;0;7;0;0;2;5;4;A01
201200051211;0;7;0;0;2;2;1;B01
201200051212;2;7;0;0;2;2;1;Z01
201200051212;0;7;0;0;2;6;15;B01
201200051213;0;7;0;4;0;9;1;A01
201200051214;0;7;0;0;2;4;1;B01
201200051214;0;7;0;0;2;1;1;A01
201200051215;0;33;0;0;2;1;1;A01
201200051215;0;7;0;0;2;4;1;B01
201200051216;0;7;0;0;0;0;15;B01
201200051216;0;33;0;0;0;8;1;A01
201200051217;0;7;0;0;2;3;1;A01
201200051217;0;7;0;0;2;7;15;B01
201200051218;0;7;0;0;2;6;13;A01
201200051218;0;34;0;0;2;7;17;B01
201200051219;0;7;0;0;2;6;9;B01
201200051219;0;7;0;0;2;3;1;A01
201200051220;0;33;0;4;0;1;2;A01
201200051221;0;7;0;0;1;3;1;A01
201200051222;0;7;0;13;0;0;1;A01
201200051223;0;7;0;0;2;1;1;A01
201200051223;0;7;0;0;2;4;1;B01
201200051224;0;7;0;0;2;4;1;B01
201200051224;0;7;0;0;0;1;1;A01
201200051225;0;7;0;0;2;4;1;B01
201200051225;0;7;0;0;2;1;1;A01
201200051226;0;7;0;0;2;4;1;B01
201200051226;0;33;0;0;2;1;1;A01
201200051227;0;7;0;0;2;8;1;B01
201200051227;0;31;0;0;2;1;1;A01
201200051228;0;7;0;0;2;1;1;B01
201200051228;0;33;0;0;2;7;1;A01
201200051229;0;7;0;0;1;3;1;A01
201200051230;0;1;0;0;2;1;1;A01
201200051230;0;7;0;0;2;2;1;B01
201200051231;0;10;0;0;2;4;1;B01
201200051231;0;7;0;0;2;1;1;A01
201200051232;0;7;0;6;0;1;1;A01
201200051233;0;7;0;16;0;1;1;A01
201200051234;0;7;0;0;2;1;1;A01
201200051234;0;7;0;0;2;4;1;B01
201200051234;0;7;0;0;2;4;1;C01
201200051235;0;7;0;0;2;1;1;A01
201200051235;0;7;0;0;2;4;1;D01
201200051235;0;7;0;0;2;4;1;B01
201200051235;0;7;0;0;2;4;1;C01
201200051236;0;7;0;0;2;4;1;B01
201200051236;1;7;0;0;2;1;1;Z01
201200051237;0;7;0;0;1;1;1;A01
201200051238;0;7;0;0;2;1;1;A01
201200051238;0;7;0;0;2;4;1;C01
201200051238;0;7;0;0;2;4;1;B01
201200051239;0;7;0;13;0;7;1;A01
201200051240;0;7;0;0;1;8;1;A01
201200051241;0;7;0;0;1;1;1;A01
201200051242;0;7;0;9;0;1;14;A01
201200051243;0;7;0;0;1;1;1;A01
201200051244;0;7;0;0;2;4;1;C01
201200051244;0;7;0;0;2;4;1;B01
201200051244;0;7;0;0;2;1;1;A01
201200051245;0;7;0;0;2;1;1;B01
201200051245;0;7;0;8;2;1;1;A01
201200051246;0;7;0;0;2;4;1;B01
201200051246;0;7;0;0;2;4;1;C01
201200051246;0;10;0;0;2;1;1;A01
201200051247;0;7;0;0;2;2;1;A01
201200051247;0;7;0;0;2;4;1;B01
201200051247;0;7;0;0;2;4;1;C01
201200051248;0;7;0;6;0;1;1;A01
201200051249;0;7;0;0;2;4;1;C01
201200051249;0;7;0;0;2;4;1;B01
201200051249;0;7;0;0;2;1;1;A01
201200051249;0;7;0;0;2;4;1;D01
201200051250;0;2;0;0;2;8;1;B01
201200051250;0;7;0;0;2;7;12;A01
201200051251;0;7;0;0;2;1;1;B01
201200051251;0;7;0;8;2;7;1;A01
201200051252;0;7;0;0;1;5;20;A01
201200051253;0;7;0;0;2;8;11;A01
201200051253;0;7;0;8;2;1;2;B01
201200051254;0;30;0;15;0;3;14;A01
201200051255;0;7;0;0;1;2;1;A01
201200051256;0;31;0;0;2;1;1;B01
201200051256;0;7;0;0;2;2;16;A01
201200051257;0;7;0;0;2;7;15;A01
201200051257;0;30;0;0;2;1;1;B01
201200051258;0;30;0;0;9;1;1;A01
201200051259;0;7;0;0;1;2;16;A01
201200051260;0;7;0;3;0;3;2;A01
201200051260;1;7;0;0;0;0;11;Z01
201200051261;0;33;0;0;2;1;19;A01
201200051261;0;7;0;0;2;7;1;B01
201200051262;0;7;0;1;0;2;14;A01
201200051263;0;7;0;0;0;0;12;A01
201200051263;0;33;0;0;2;0;1;B01
201200051264;0;20;0;0;2;6;13;B01
201200051264;0;10;0;0;2;3;2;A01
201200051265;0;33;0;0;2;1;1;A01
201200051265;0;7;0;0;2;8;0;B01
201200051266;0;33;0;0;2;8;2;A01
201200051266;0;7;0;0;2;2;1;B01
201200051267;0;30;0;0;2;0;1;A01
201200051267;1;7;0;0;2;0;1;Z01
201200051268;0;2;0;0;2;1;2;A01
201200051268;0;7;0;0;2;5;2;B01
201200051269;0;2;0;0;0;0;21;A01
201200051269;0;1;0;0;0;0;2;B01
201200051270;0;7;0;0;2;8;1;B01
201200051270;0;7;0;0;2;1;1;A01
201200051271;0;7;0;0;1;2;1;A01
201200051272;0;7;0;8;2;3;13;A01
201200051272;0;33;0;0;2;1;1;B01
201200051273;0;33;0;1;0;7;14;A01
201200051274;0;7;0;0;2;7;16;A01
201200051274;0;37;10;0;2;3;7;B01
201200051275;0;7;0;0;2;1;1;A01
201200051275;0;7;0;0;2;4;2;B01
201200051276;0;7;0;0;1;1;1;A01
201200051277;0;7;0;0;2;2;17;A01
201200051277;0;7;0;0;2;6;0;B01
201200051278;0;37;1;0;1;6;15;A01
201200051279;0;30;0;0;2;1;1;A01
201200051279;0;7;0;0;2;2;1;B01
201200051280;0;7;0;0;2;1;1;A01
201200051280;0;1;0;0;2;4;13;B01
201200051281;0;7;0;8;0;1;1;A01
201200051282;0;1;0;0;2;1;5;A01
201200051282;0;7;0;0;2;1;1;B01
201200051283;1;7;0;0;1;0;0;Z01
201200051284;0;33;0;0;2;8;1;A01
201200051284;0;7;0;0;2;7;14;B01
201200051285;0;10;0;0;2;7;23;B01
201200051285;0;1;0;0;0;1;18;A01
201200051286;0;30;0;0;1;1;21;A01
201200051287;0;33;0;10;0;2;1;A01
201200051288;0;33;0;0;2;8;11;A01
201200051288;0;7;0;0;2;2;1;B01
201200051289;0;31;0;0;1;1;1;A01
201200051290;0;31;0;0;2;1;1;B01
201200051290;0;7;0;0;2;3;1;A01
201200051291;0;7;0;0;2;2;15;A01
201200051291;0;7;0;0;2;3;1;B01
201200051292;1;30;0;0;1;1;1;Z01
201200051293;0;33;0;0;2;8;1;A01
201200051293;0;7;0;0;2;5;14;B01
201200051294;0;32;0;0;2;7;1;A01
201200051294;0;1;0;0;2;8;11;B01
201200051295;1;2;0;0;2;0;5;A01
201200051295;0;7;0;0;2;7;1;B01
201200051296;0;1;0;0;2;7;5;A01
201200051296;0;7;0;0;2;1;1;B01
201200051297;1;7;0;0;2;0;0;Z01
201200051297;0;30;0;0;2;0;23;B01
201200051298;0;7;0;0;2;2;0;B01
201200051298;0;1;0;0;2;3;0;A01
201200051299;0;30;0;14;2;0;3;A01
201200051299;1;37;8;0;2;8;1;B01
201200051300;0;31;0;0;2;1;1;A01
201200051300;0;7;0;0;2;6;2;B01
201200051301;0;7;0;0;2;4;2;A01
201200051301;0;7;0;0;2;1;2;D01
201200051301;0;10;0;0;2;4;2;C01
201200051301;0;7;0;0;2;4;2;B01
201200051302;1;7;0;0;2;0;0;Z01
201200051303;0;30;0;0;2;1;1;A01
201200051303;0;1;0;0;2;7;2;B01
201200051304;0;7;0;8;0;1;16;A01
201200051304;0;7;0;0;2;3;24;B01
201200051305;0;7;0;0;0;4;0;B01
201200051305;0;33;0;0;2;1;2;A01
201200051306;0;2;0;0;1;1;1;A01
201200051307;0;7;0;0;1;2;1;A01
201200051308;0;2;0;1;0;7;7;A01
201200051309;0;2;0;0;2;1;2;A01
201200051309;0;7;0;0;2;5;2;B01
201200051310;0;7;0;0;2;2;15;A01
201200051310;0;30;0;0;2;1;16;B01
201200051311;0;31;0;0;2;1;1;B01
201200051311;0;7;0;0;2;3;1;A01
201200051312;0;31;0;0;1;1;1;A01
201200051313;0;2;0;0;2;1;9;A01
201200051313;0;7;0;0;2;4;1;B01
201200051314;0;7;0;1;1;2;1;A01
201200051315;0;7;0;0;1;1;1;A01
201200051316;0;7;0;0;1;1;2;A01
201200051317;0;1;0;0;1;1;0;A01
201200051318;0;37;10;0;9;3;13;A01
201200051318;0;99;0;0;2;2;5;B01
201200051319;0;7;0;0;2;4;2;B01
201200051319;1;99;0;0;2;1;2;Z01
201200051319;0;7;0;0;2;4;23;C01
201200051320;0;7;0;0;4;6;15;A01
201200051320;0;40;50;0;2;2;1;B01
201200051321;0;7;0;0;2;4;2;B01
201200051322;0;32;0;0;1;7;2;A01
201200051323;0;7;0;0;2;2;1;A01
201200051323;0;2;0;0;2;8;1;B01
201200051324;0;33;0;0;2;7;15;A01
201200051324;0;7;0;0;2;8;15;B01
201200051325;0;10;0;0;1;2;19;A01
201200051326;0;33;0;0;2;1;9;A01
201200051326;0;7;0;0;2;2;0;B01
201200051327;0;7;0;3;2;2;2;B01
201200051327;0;7;0;0;0;0;2;C01
201200051327;0;17;0;3;2;7;2;A01
201200051328;0;7;0;0;0;6;23;B01
201200051328;0;15;0;1;0;2;14;A01
201200051329;0;17;0;3;0;2;14;A01
201200051330;0;7;0;0;0;6;2;B01
201200051330;0;33;0;0;2;1;2;A01
201200051331;0;33;0;0;2;4;2;B01
201200051331;1;7;0;0;2;1;2;Z01
201200051332;0;7;0;0;2;0;0;B01
201200051332;0;7;0;0;2;0;0;E01
201200051332;0;7;0;0;2;0;0;C01
201200051332;0;7;0;0;2;0;0;D01
201200051332;0;7;0;4;0;3;2;A01
201200051333;0;7;0;0;2;7;17;A01
201200051333;0;7;0;0;2;8;2;B01
201200051334;0;7;0;3;2;1;13;A01
201200051334;0;7;0;4;2;4;1;B01
201200051335;0;7;0;0;2;8;1;B01
201200051335;1;15;0;0;2;7;12;Z01
201200051336;0;7;0;1;2;1;1;B01
201200051336;0;7;0;0;2;1;5;A01
201200051337;0;33;0;3;0;8;1;A01
201200051338;0;7;0;7;2;1;17;A01
201200051338;0;15;0;0;2;6;1;B01
201200051339;0;10;0;0;2;7;14;A01
201200051339;0;10;0;0;2;8;1;B01
201200051340;0;7;0;0;2;4;2;B01
201200051340;0;10;0;0;2;1;2;A01
201200051341;0;10;0;0;0;6;24;B01
201200051341;0;7;0;1;0;4;0;A01
201200051342;0;7;0;0;1;5;20;A01
201200051343;0;33;0;0;2;1;3;A01
201200051343;0;7;0;0;0;5;9;B01
201200051344;0;7;0;0;2;6;2;B01
201200051345;0;7;0;0;2;2;14;A01
201200051345;0;7;0;0;2;8;2;B01
201200051346;0;7;0;0;2;8;11;B01
201200051346;1;15;0;0;2;2;0;Z01
201200051347;2;7;0;3;2;3;11;A01
201200051347;0;38;1;0;0;6;1;B01
201200051348;0;33;0;0;2;1;1;B01
201200051348;0;7;0;0;2;5;3;A01
201200051349;0;7;0;0;2;4;2;C01
201200051349;0;15;0;0;2;1;2;A01
201200051349;0;7;0;0;2;4;2;B01
201200051350;0;7;0;13;0;2;14;A01
201200051351;0;17;0;0;2;1;1;A01
201200051351;0;7;0;3;0;4;2;B01
201200051351;0;7;0;0;9;2;2;C01
201200051351;0;7;0;0;9;1;2;D01
201200051352;0;10;0;0;2;6;1;B01
201200051352;0;7;0;4;2;2;3;A01
201200051353;0;7;0;0;0;0;0;A01
201200051354;0;7;0;0;2;1;5;A01
201200051354;0;7;0;0;2;1;2;B01
201200051355;0;7;0;8;0;3;14;A01
201200051356;0;15;0;0;2;1;2;A01
201200051356;0;14;0;0;0;4;2;B01
201200051357;0;7;0;0;0;4;23;C01
201200051357;0;7;0;4;0;1;0;A01
201200051357;0;7;0;0;9;4;23;B01
201200051358;0;7;0;0;2;5;12;A01
201200051358;0;14;0;0;2;2;21;B01
201200051359;0;7;0;4;0;8;1;C01
201200051359;0;7;0;0;2;6;11;A01
201200051359;0;7;0;0;2;2;1;B01
201200051360;0;7;0;3;2;3;1;B01
201200051360;0;7;0;6;2;1;17;A01
201200051361;0;7;0;5;2;3;1;B01
201200051361;0;7;0;5;2;2;12;A01
201200051362;0;7;0;3;2;3;1;B01
201200051362;1;7;0;0;2;2;14;Z01
201200051363;0;7;0;0;2;1;21;A01
201200051363;0;7;0;0;0;4;2;B01
201200051363;0;7;0;0;0;4;2;C01
201200051364;0;14;0;0;0;4;24;C01
201200051364;0;15;0;1;0;7;14;A01
201200051364;0;15;0;0;0;8;24;B01
201200051365;0;7;0;3;0;7;14;A01
201200051366;0;7;0;0;2;7;12;A01
201200051366;0;15;0;0;2;8;2;B01
201200051367;0;7;0;0;9;7;21;A01
201200051367;0;33;0;0;0;7;1;B01
201200051368;0;15;0;0;2;2;1;B01
201200051368;0;15;0;0;0;6;1;C01
201200051368;0;33;0;4;2;3;11;A01
201200051369;0;7;0;0;2;8;11;A01
201200051369;0;33;0;0;2;7;1;B01
201200051370;0;7;0;0;2;3;1;A01
201200051370;0;7;0;0;0;4;1;C01
201200051370;0;33;0;0;0;4;1;B01
201200051371;0;10;0;0;2;4;23;B01
201200051371;0;33;0;0;2;1;9;A01
201200051372;0;7;0;1;0;1;2;A01
201200051373;0;33;0;4;0;8;9;A01
201200051374;0;33;0;0;2;1;2;A01
201200051374;0;15;0;0;2;4;2;B01
201200051375;0;7;0;4;0;2;16;A01
201200051376;0;17;0;0;0;4;23;B01
201200051376;0;7;0;1;0;1;2;A01
201200051377;0;33;0;0;9;8;9;A01
201200051377;0;1;0;0;2;7;14;B01
201200051378;0;7;0;4;2;3;0;A01
201200051378;1;7;0;;0;0;;Z01
201200051379;0;7;0;0;2;2;12;A01
201200051379;0;7;0;0;0;6;1;B01
201200051380;1;7;0;0;2;2;0;Z01
201200051380;0;7;0;15;2;0;0;B01
201200051381;0;7;0;4;0;1;1;A01
201200051382;0;33;0;0;2;1;2;A01
201200051382;0;7;0;0;2;4;2;B01
201200051383;0;17;0;0;0;8;1;C01
201200051383;0;10;0;0;2;1;1;A01
201200051383;0;7;0;0;2;4;1;B01
201200051384;0;15;0;0;0;6;2;B01
201200051384;0;17;0;1;0;2;2;A01
201200051385;0;33;0;3;0;8;13;A01
201200051386;0;7;0;0;0;0;0;B01
201200051386;0;7;0;0;2;7;0;A01
201200051386;0;7;0;0;2;0;0;C01
201200051387;0;7;0;4;0;2;1;A01
201200051388;0;38;1;0;0;0;0;A01
201200051389;0;32;0;3;0;2;15;A01
201200051390;0;7;0;0;2;7;14;A01
201200051390;0;7;0;0;2;8;1;B01
201200051391;0;7;0;0;2;8;17;A01
201200051391;0;15;0;0;0;7;0;B01
201200051392;0;7;0;4;0;3;2;A01
201200051393;0;17;0;0;2;1;2;A01
201200051393;0;7;0;4;0;4;2;B01
201200051394;0;7;0;0;2;1;2;A01
201200051394;0;33;0;0;0;4;2;B01
201200051395;0;33;0;0;2;1;2;A01
201200051395;0;7;0;0;2;4;2;B01
201200051396;0;7;0;4;0;3;0;A01
201200051397;0;15;0;0;2;1;2;A01
201200051397;0;7;0;0;2;4;2;B01
201200051398;0;7;0;0;2;1;2;A01
201200051398;0;15;0;0;2;4;2;B01
201200051399;0;7;0;0;2;1;2;A01
201200051399;0;7;0;0;2;4;2;B01
201200051400;0;33;0;4;0;1;0;A01
201200051401;0;7;0;0;2;4;2;B01
201200051401;0;7;0;0;2;1;2;A01
201200051402;0;7;0;3;0;1;14;A01
201200051403;0;33;0;0;2;3;3;A01
201200051403;0;7;0;0;2;5;12;B01
201200051404;0;7;0;0;2;6;1;B01
201200051404;2;7;0;0;2;2;2;Z01
201200051404;1;7;0;0;2;2;14;A01
201200051405;0;7;0;3;0;6;1;B01
201200051405;0;7;0;0;2;2;0;A01
201200051406;0;33;0;0;0;7;0;A01
201200051407;0;33;0;3;0;8;16;A01
201200051408;0;10;0;0;2;5;24;B01
201200051408;0;7;0;1;0;2;14;A01
201200051409;0;33;0;0;0;7;15;A01
201200051410;1;7;0;0;2;4;4;A01
201200051410;0;7;0;0;2;1;23;B01
201200051411;0;7;0;0;0;9;2;A01
201200051412;0;7;0;0;2;4;2;B01
201200051412;0;33;0;0;2;1;2;A01
201200051413;0;7;0;0;2;4;2;B01
201200051413;0;7;0;0;2;1;2;A01
201200051414;0;7;0;1;0;1;1;A01
201200051414;0;7;0;0;0;1;1;B01
201200051415;0;7;0;0;2;6;1;B01
201200051416;0;33;0;0;2;8;3;B01
201200051416;0;7;0;0;2;7;12;A01
201200051417;0;7;0;0;2;2;0;A01
201200051417;0;7;0;0;2;1;2;B01
201200051418;0;14;0;0;2;1;1;A01
201200051418;0;14;0;0;0;4;14;B01
201200051419;0;33;0;3;0;2;0;A01
201200051420;0;33;0;0;0;7;15;A01
201200051421;0;7;0;0;2;4;2;A01
201200051421;0;17;0;0;0;4;2;B01
201200051422;0;33;0;0;2;3;3;A01
201200051422;0;7;0;0;0;5;1;D01
201200051422;0;7;0;0;0;5;1;E01
201200051422;0;7;0;0;0;2;1;B01
201200051422;0;15;0;0;0;8;1;C01
201200051423;0;7;0;0;2;1;1;A01
201200051423;0;7;0;0;2;4;2;D01
201200051423;0;7;0;0;2;4;2;C01
201200051423;0;7;0;0;2;4;2;B01
201200051424;0;7;0;7;0;1;14;A01
201200051425;0;7;0;4;0;3;13;A01
201200051426;0;7;0;0;2;3;1;B01
201200051426;0;7;0;5;2;2;12;A01
201200051427;0;33;0;4;0;8;0;A01
201200051428;0;7;0;0;2;9;1;B01
201200051428;0;7;0;0;2;9;1;C01
201200051428;0;10;0;0;2;1;1;A01
201200051428;0;7;0;0;2;4;1;D01
201200051429;0;7;0;0;2;1;2;A01
201200051429;0;7;0;0;2;4;2;B01
201200051429;0;7;0;0;2;4;2;C01
201200051430;0;10;0;0;0;6;1;B01
201200051430;0;7;0;0;2;1;1;A01
201200051431;0;7;0;4;0;7;14;A01
201200051432;0;17;0;0;2;1;1;A01
201200051432;0;7;0;4;0;8;1;C01
201200051432;0;7;0;0;2;4;1;B01
201200051433;0;7;0;0;2;1;5;A01
201200051433;0;7;0;0;2;1;5;B01
201200051434;0;7;0;0;2;3;1;B01
201200051434;1;7;0;0;2;5;14;A01
201200051435;0;7;0;3;0;7;14;A01
201200051436;0;7;0;0;1;2;1;A01
201200051437;0;7;0;0;2;3;1;A01
201200051437;0;32;0;0;2;1;2;B01
201200051438;0;30;0;0;2;1;1;A01
201200051438;0;7;0;0;2;8;1;B01
201200051439;0;32;0;0;2;6;7;A01
201200051439;0;7;0;0;0;6;11;B01
201200051440;1;7;0;0;2;0;2;A01
201200051440;0;7;0;0;2;4;2;B01
201200051441;0;7;0;0;1;2;14;A01
201200051442;0;7;0;0;1;2;1;A01
201200051443;0;7;0;0;1;1;1;A01
201200051444;0;7;0;0;1;5;4;A01
201200051445;0;7;0;1;2;8;0;A01
201200051446;0;10;0;8;2;1;2;A01
201200051446;0;7;0;0;2;8;2;B01
201200051447;0;7;0;0;2;3;9;A01
201200051447;0;1;0;0;2;2;1;B01
201200051448;0;30;0;0;2;2;1;A01
201200051448;0;7;0;0;2;3;1;B01
201200051449;0;7;0;0;2;1;2;A01
201200051449;0;14;0;0;2;5;23;B01
201200051450;0;7;0;0;2;1;2;A01
201200051450;0;7;0;0;0;4;23;B01
201200051451;0;7;0;1;0;1;1;A01
201200051452;0;7;0;1;2;3;16;A01
201200051452;0;7;0;0;2;2;1;B01
201200051453;0;7;0;7;0;2;14;A01
201200051454;0;37;1;0;1;0;2;A01
201200051455;0;7;0;0;2;3;15;B01
201200051455;0;1;0;0;2;7;5;A01
201200051456;1;7;0;0;1;0;0;A01
201200051457;0;10;0;0;2;2;1;A01
201200051457;0;31;0;0;2;9;1;B01
201200051458;0;7;0;0;9;3;15;A01
201200051458;0;1;0;0;2;7;0;B01
201200051459;0;7;0;0;2;8;15;A01
201200051459;0;32;0;0;2;2;2;B01
201200051460;0;7;0;0;1;1;2;A01
201200051461;0;7;0;0;1;3;1;A01