num_acc;senc;catv;occutc;obs;obsm;choc;manv;num_veh
201200051462;0;7;0;0;2;1;1;A01
201200051462;0;7;0;0;2;1;1;B01
201200051463;0;33;0;0;2;1;1;A01
201200051463;0;7;0;0;9;8;15;B01
201200051464;0;7;0;1;1;2;13;A01
201200051464;0;10;0;0;2;0;24;B01
201200051465;0;30;0;0;2;6;13;A01
201200051465;0;30;0;0;2;3;1;B01
201200051466;0;10;0;6;0;1;0;A01
201200051467;0;7;0;0;2;1;1;A01
201200051467;0;30;0;0;2;7;1;B01
201200051468;0;33;0;0;2;5;15;B01
201200051468;0;7;0;0;2;8;15;A01
201200051469;0;7;0;0;2;1;1;A01
201200051469;0;2;0;0;2;7;1;B01
201200051470;0;7;0;0;9;1;1;A01
201200051471;0;7;0;1;2;6;4;A01
201200051471;0;7;0;0;2;1;1;B01
201200051472;0;7;0;0;2;1;15;B01
201200051472;0;30;0;0;2;1;1;A01
201200051473;0;7;0;0;2;1;1;A01
201200051473;0;3;0;0;2;7;1;B01
201200051474;0;7;0;0;1;3;1;A01
201200051475;0;7;0;0;1;2;1;A01
201200051476;0;7;0;0;9;1;15;A01
201200051476;0;1;0;0;2;1;0;B01
201200051477;0;30;0;0;2;8;1;A01
201200051477;0;7;0;0;2;7;2;B01
201200051477;0;7;0;0;2;0;2;C01
201200051478;0;7;0;0;2;7;1;B01
201200051478;0;7;0;0;2;1;1;A01
201200051479;0;7;0;0;1;1;15;A01
201200051480;0;7;0;0;2;2;1;B01
201200051480;0;7;0;0;2;3;1;A01
201200051481;0;7;0;0;2;1;1;A01
201200051481;0;7;0;0;2;9;1;B01
201200051482;0;30;0;0;2;1;1;A01
201200051482;0;10;0;0;2;4;23;B01
201200051483;0;7;0;0;2;1;1;A01
201200051483;0;7;0;0;2;4;1;B01
201200051484;0;20;0;0;2;8;1;A01
201200051484;0;7;0;0;2;1;1;B01
201200051485;0;7;0;0;2;3;10;A01
201200051485;0;30;0;0;2;2;1;B01
201200051486;0;31;0;0;2;7;1;B01
201200051486;0;7;0;0;2;8;1;C01
201200051486;1;7;0;0;0;0;0;Z01
201200051487;0;7;0;0;2;1;1;A01
201200051487;0;7;0;0;2;1;1;B01
201200051488;0;7;0;0;1;3;1;A01
201200051489;0;7;0;0;2;3;15;A01
201200051489;0;7;0;0;2;3;1;B01
201200051490;0;7;0;0;2;7;1;B01
201200051490;0;7;0;0;2;1;1;A01
201200051491;0;7;0;8;2;9;1;B01
201200051491;0;7;0;0;2;1;1;A01
201200051492;0;7;0;0;2;5;1;B01
201200051492;0;7;0;0;2;3;1;C01
201200051492;0;10;0;0;2;1;1;A01
201200051493;0;7;0;1;2;7;1;B01
201200051493;0;7;0;1;2;3;1;A01
201200051494;0;7;0;9;2;7;15;A01
201200051494;0;7;0;0;2;2;1;B01
201200051495;0;7;0;0;2;3;15;A01
201200051495;0;7;0;1;0;1;24;C01
201200051495;0;7;0;0;0;4;24;D01
201200051495;0;33;0;0;2;1;0;B01
201200051496;0;30;0;0;2;1;19;A01
201200051496;0;7;0;0;2;8;1;B01
201200051497;0;7;0;0;2;7;16;A01
201200051497;0;31;0;0;2;8;1;B01
201200051498;0;33;0;0;2;6;1;A01
201200051498;0;10;0;0;2;1;1;B01
201200051499;0;1;0;0;2;8;18;A01
201200051499;0;14;0;0;2;5;16;B01
201200051500;0;7;0;0;2;1;1;A01
201200051500;0;7;0;0;2;4;1;B01
201200051501;0;7;0;0;2;1;0;A01
201200051501;0;7;0;0;2;4;0;B01
201200051501;0;7;0;0;0;4;0;C01
201200051502;0;7;0;0;2;1;2;A01
201200051502;0;7;0;0;2;4;23;B01
201200051503;0;7;0;0;2;8;1;A01
201200051503;0;7;0;0;2;1;1;B01
201200051504;0;10;0;0;2;2;1;A01
201200051504;0;30;0;0;2;3;1;B01
201200051505;0;7;0;0;2;2;16;A01
201200051505;0;30;0;8;2;1;1;B01
201200051506;0;2;0;0;1;7;1;A01
201200051507;0;37;1;0;1;5;1;A01
201200051508;0;7;0;0;2;2;12;A01
201200051508;0;7;0;1;2;8;20;B01
201200051508;0;10;0;0;0;0;20;D01
201200051509;0;7;0;0;2;3;1;A01
201200051509;0;32;0;0;2;1;1;B01
201200051510;0;7;0;0;1;4;4;A01
201200051511;0;10;0;0;1;4;4;A01
201200051512;0;7;0;0;1;3;15;A01
201200051513;0;7;0;0;1;1;1;A01
201200051514;1;7;0;0;2;1;1;Z01
201200051514;0;7;0;1;2;7;1;B01
201200051515;0;7;0;0;2;7;16;A01
201200051515;0;33;0;8;2;1;1;B01
201200051516;0;33;0;0;1;1;1;A01
201200051517;0;37;1;0;2;3;1;B01
201200051517;0;37;1;0;9;1;8;A01
201200051518;0;30;0;0;2;1;2;A01
201200051518;0;7;0;0;2;6;15;B01
201200051519;0;30;0;0;2;2;7;A01
201200051519;0;7;0;0;2;8;15;B01
201200051520;0;38;1;0;1;1;1;A01
201200051521;0;7;0;0;2;8;1;B01
201200051521;0;33;0;0;2;1;1;A01
201200051522;0;7;0;0;2;1;2;A01
201200051522;0;7;0;0;2;4;2;B01
201200051523;0;7;0;0;9;1;2;B01
201200051523;0;1;0;0;2;1;1;A01
201200051524;0;7;0;0;2;1;2;A01
201200051524;0;7;0;0;2;4;23;B01
201200051524;0;7;0;0;2;4;23;C01
201200051525;0;30;0;0;2;7;5;A01
201200051525;0;7;0;0;2;1;9;B01
201200051526;0;1;0;8;2;7;1;A01
201200051526;0;7;0;0;2;1;2;B01
201200051527;0;7;0;0;2;4;2;B01
201200051527;0;7;0;0;2;4;2;C01
201200051527;0;7;0;0;2;1;1;A01
201200051528;0;7;0;0;1;1;1;A01
201200051529;0;1;0;0;2;4;13;B01
201200051529;0;7;0;0;2;1;2;A01
201200051530;0;7;0;0;1;5;4;A01
201200051531;0;7;0;0;2;1;1;A01
201200051531;0;7;0;1;2;8;1;B01
201200051532;0;30;0;0;1;3;1;A01
201200051533;0;1;0;0;2;1;19;A01
201200051533;0;7;0;0;2;5;1;B01
201200051534;0;2;0;0;2;8;18;A01
201200051534;0;7;0;0;2;2;16;B01
201200051535;0;7;0;0;2;3;9;A01
201200051535;0;1;0;0;2;1;8;B01
201200051536;0;7;0;0;9;7;1;A01
201200051536;0;1;0;0;2;1;1;B01
201200051537;0;7;0;0;2;3;1;B01
201200051537;0;7;0;0;2;3;1;A01
201200051538;0;1;0;0;1;3;5;A01
201200051539;0;7;0;0;2;6;24;A01
201200051539;0;1;0;0;2;1;1;B01
201200051540;0;7;0;11;0;1;1;A01
201200051541;0;32;0;0;2;1;1;A01
201200051541;0;7;0;0;2;2;15;B01
201200051542;0;7;0;0;2;1;1;A01
201200051542;0;7;0;0;2;4;2;B01
201200051542;0;7;0;0;2;4;2;C01
201200051543;0;7;0;0;2;7;1;B01
201200051543;0;7;0;0;2;1;1;A01
201200051544;0;2;0;0;2;1;1;B01
201200051544;0;7;0;0;2;3;19;A01
201200051545;0;7;0;0;2;2;16;B01
201200051545;0;30;0;0;2;1;3;A01
201200051546;0;7;0;0;1;2;1;A01
201200051547;0;7;0;0;2;7;15;A01
201200051547;0;33;0;0;2;1;1;B01
201200051548;0;7;0;0;9;4;1;B01
201200051548;0;30;0;0;2;3;1;A01
201200051549;0;7;0;0;2;5;23;B01
201200051549;0;32;0;0;2;3;2;A01
201200051550;0;7;0;0;1;2;1;A01
201200051551;0;10;0;0;2;1;1;A01
201200051551;0;10;0;0;2;1;1;B01
201200051552;0;1;0;0;2;7;1;B01
201200051552;0;7;0;0;2;7;17;A01
201200051553;0;3;0;1;0;1;1;A01
201200051554;0;7;0;0;2;2;1;A01
201200051554;0;32;0;0;2;1;1;B01
201200051555;0;7;0;0;2;1;1;B01
201200051555;0;7;0;0;0;8;1;A01
201200051556;0;33;0;0;2;2;1;A01
201200051556;0;7;0;0;2;6;13;B01
201200051557;0;7;0;0;2;1;1;B01
201200051557;0;1;0;0;2;7;5;A01
201200051558;0;7;0;0;2;5;1;A01
201200051558;0;33;0;0;2;1;1;B01
201200051559;0;32;0;0;2;8;15;A01
201200051559;0;33;0;0;2;1;1;B01
201200051560;0;1;0;1;0;1;1;A01
201200051561;0;30;0;0;2;1;1;A01
201200051561;0;7;0;0;2;7;1;B01
201200051562;0;7;0;0;2;1;2;A01
201200051562;0;7;0;0;2;4;23;B01
201200051562;0;7;0;0;2;4;23;C01
201200051563;0;34;0;0;2;4;1;A01
201200051563;0;7;0;0;2;4;1;B01
201200051564;0;7;0;0;2;1;2;A01
201200051564;0;7;0;0;2;4;1;B01
201200051565;0;7;0;0;1;1;1;A01
201200051566;0;1;0;0;0;0;0;B01
201200051566;2;7;0;0;0;0;0;Z01
201200051567;0;1;0;0;2;7;1;B01
201200051567;0;7;0;0;2;1;1;A01
201200051568;0;7;0;8;0;1;1;A01
201200051569;0;7;0;0;2;2;2;A01
201200051569;0;7;0;0;2;3;2;B01
201200051570;0;7;0;0;2;1;1;A01
201200051570;0;7;0;0;2;3;1;B01
201200051571;0;99;0;0;2;4;9;A01
201200051571;0;7;0;0;2;1;1;B01
201200051572;0;7;0;0;9;5;16;A01
201200051572;0;1;0;0;2;9;1;B01
201200051573;0;7;0;0;1;0;0;A01
201200051574;0;7;0;0;2;1;1;A01
201200051574;0;7;0;0;2;4;23;B01
201200051575;0;7;0;0;1;1;1;A01
201200051576;0;7;0;0;2;2;16;A01
201200051576;0;30;0;0;2;1;1;B01
201200051577;0;37;1;0;2;7;17;A01
201200051577;0;1;0;0;2;8;1;B01
201200051578;0;1;0;0;2;7;1;B01
201200051578;0;7;0;0;2;3;5;A01
201200051579;0;7;0;0;2;1;2;A01
201200051579;0;7;0;0;2;4;1;B01
201200051579;0;7;0;0;2;4;1;C01
201200051580;0;7;0;0;2;1;1;A01
201200051580;0;7;0;0;2;7;1;B01
201200051581;0;7;0;0;2;1;2;A01
201200051581;0;7;0;0;2;4;1;B01
201200051581;0;7;0;0;2;4;23;C01
201200051582;0;7;0;0;2;6;15;B01
201200051582;0;30;0;0;2;1;17;A01
201200051583;0;33;0;0;2;8;24;A01
201200051583;0;7;0;0;2;3;9;B01
201200051583;0;7;0;0;2;2;24;C01
201200051584;0;1;0;0;2;0;0;A01
201200051584;0;7;0;0;2;5;1;B01
201200051585;0;7;0;0;2;6;13;B01
201200051585;0;7;0;0;2;1;11;A01
201200051586;0;7;0;0;2;2;1;A01
201200051586;0;7;0;0;2;4;16;B01
201200051587;0;32;0;0;2;1;1;A01
201200051587;0;7;0;0;2;6;15;B01
201200051588;0;1;0;0;1;1;1;A01
201200051589;0;7;0;0;9;4;1;B01
201200051589;0;33;0;0;2;1;1;A01
201200051590;0;7;0;0;2;2;1;A01
201200051590;0;33;0;0;2;1;1;B01
201200051591;0;7;0;0;2;1;15;A01
201200051591;0;7;0;0;2;4;15;B01
201200051592;0;7;0;0;2;1;1;A01
201200051592;0;7;0;0;2;8;1;B01
201200051592;0;1;0;0;2;8;1;C01
201200051593;0;7;0;0;0;8;2;B01
201200051593;0;7;0;0;0;1;2;A01
201200051594;0;1;0;0;2;6;2;B01
201200051594;1;7;0;0;2;1;0;Z01
201200051595;0;10;0;0;1;4;20;A01
201200051596;0;7;0;0;2;2;19;A01
201200051596;0;7;0;0;2;8;1;B01
201200051597;0;99;0;0;2;6;1;B01
201200051597;0;32;0;0;2;7;2;A01
201200051598;0;30;0;0;2;0;1;B01
201200051598;0;7;0;0;2;0;10;A01
201200051599;0;7;0;0;4;6;15;A01
201200051599;0;40;10;0;2;1;1;B01
201200051600;0;34;0;0;1;1;1;A01
201200051601;0;7;0;0;1;3;0;A01
201200051602;0;30;0;0;2;1;1;A01
201200051602;0;7;0;0;2;1;1;B01
201200051603;1;7;0;0;2;1;1;A01
201200051603;0;32;0;0;2;7;1;B01
201200051604;0;30;0;0;2;8;1;A01
201200051604;0;31;0;0;2;1;15;B01
201200051605;0;1;0;0;4;7;1;A01
201200051605;0;40;1;0;2;1;1;B01
201200051606;0;7;0;0;2;1;1;A01
201200051606;0;7;0;0;2;4;1;B01
201200051606;0;7;0;0;2;4;1;C01
201200051606;0;7;0;0;2;4;1;D01
201200051607;0;31;0;0;0;8;2;A01
201200051608;0;7;0;0;2;7;1;B01
201200051608;1;7;0;0;2;1;1;A01
201200051609;0;7;0;15;0;1;14;A01
201200051609;0;7;0;0;2;7;0;B01
201200051609;0;7;0;0;2;4;0;C01
201200051610;0;7;0;0;0;7;1;B01
201200051610;0;1;0;0;0;1;1;A01
201200051611;0;32;0;0;1;5;13;A01
201200051612;0;7;0;0;1;4;4;A01
201200051613;0;7;0;0;2;3;15;A01
201200051613;0;31;0;0;2;7;1;B01
201200051614;0;7;0;0;1;2;1;A01
201200051615;0;7;0;0;1;1;1;A01
201200051616;0;40;1;0;1;0;0;A01
201200051617;0;7;0;0;2;7;10;A01
201200051617;0;33;0;0;2;5;1;B01
201200051618;0;33;0;0;2;1;1;B01
201200051618;0;7;0;0;0;2;15;A01
201200051619;0;7;0;0;1;3;15;A01
201200051620;0;7;0;0;2;3;2;A01
201200051620;0;1;0;0;2;4;2;B01
201200051621;0;1;0;0;2;1;1;B01
201200051621;0;7;0;0;2;3;1;A01
201200051622;0;7;0;0;2;3;5;A01
201200051622;0;33;0;0;2;8;1;B01
201200051623;0;2;0;0;1;1;2;A01
201200051624;0;33;0;0;2;0;1;B01
201200051624;0;7;0;0;2;0;12;A01
201200051625;0;7;0;0;1;4;4;A01
201200051626;0;7;0;0;1;1;15;A01
201200051627;0;7;0;0;2;1;1;A01
201200051627;0;7;0;0;2;7;1;B01
201200051628;0;7;0;0;2;2;16;A01
201200051628;0;37;1;0;2;3;1;B01
201200051629;0;7;0;0;2;1;1;B01
201200051629;0;7;0;0;2;2;1;A01
201200051630;0;1;0;0;2;1;1;A01
201200051630;0;7;0;0;9;1;1;B01
201200051631;0;3;0;0;1;0;0;A01
201200051632;0;33;0;0;2;1;1;A01
201200051632;0;7;0;0;2;5;23;B01
201200051633;0;7;0;0;0;0;16;A01
201200051633;0;1;0;0;0;0;21;B01
201200051634;0;30;0;0;2;3;1;A01
201200051634;0;7;0;0;2;5;16;B01
201200051635;0;37;40;0;2;1;1;B01
201200051635;0;10;0;0;2;6;1;A01
201200051636;0;32;0;0;2;1;11;A01
201200051636;0;10;0;0;2;2;1;B01
201200051637;0;7;0;0;1;6;4;A01
201200051638;0;7;0;0;2;2;16;A01
201200051638;0;30;0;0;2;3;1;B01
201200051639;0;1;0;0;2;1;1;A01
201200051639;0;32;0;0;2;1;1;B01
201200051640;0;38;1;0;1;2;1;A01
201200051641;0;1;0;0;2;3;13;A01
201200051641;0;7;0;0;2;2;1;B01
201200051642;0;7;0;0;2;2;1;A01
201200051642;0;7;0;0;2;1;1;B01
201200051643;0;30;0;0;2;2;0;A01
201200051643;0;7;0;0;2;3;13;B01
201200051644;0;1;0;0;2;8;1;A01
201200051644;0;37;30;0;2;5;17;B01
201200051645;0;1;0;0;2;1;0;A01
201200051645;0;7;0;0;2;7;0;B01
201200051646;0;7;0;0;2;3;1;A01
201200051646;0;7;0;0;2;1;1;B01
201200051647;0;7;0;0;0;7;20;A01
201200051647;0;33;0;0;2;1;2;B01
201200051648;0;37;35;0;1;2;1;A01
201200051649;0;7;0;0;9;0;24;A01
201200051649;0;1;0;0;0;0;21;B01
201200051650;0;7;0;0;2;8;15;A01
201200051650;0;33;0;0;2;1;1;B01
201200051651;0;7;0;0;1;1;1;A01
201200051652;0;30;0;0;2;1;2;A01
201200051652;0;7;0;0;2;4;2;B01
201200051653;0;7;0;0;2;2;1;A01
201200051653;0;7;0;0;2;3;1;B01
201200051654;0;30;0;0;2;1;1;B01
201200051654;0;7;0;0;2;3;1;A01
201200051655;0;1;0;0;0;9;1;A01
201200051655;0;7;0;0;0;2;1;B01
201200051656;0;31;0;0;2;7;1;A01
201200051656;0;7;0;0;2;1;1;B01
201200051657;0;7;0;0;2;1;1;A01
201200051657;0;7;0;0;2;5;1;B01
201200051658;0;1;0;0;2;8;19;A01
201200051658;0;7;0;0;9;1;19;B01
201200051659;0;33;0;0;2;1;1;A01
201200051659;0;7;0;0;2;6;1;B01
201200051660;0;1;0;0;2;6;19;A01
201200051660;0;7;0;0;2;3;1;B01
201200051661;0;7;0;0;2;7;16;A01
201200051661;0;99;0;0;2;1;1;B01
201200051662;0;7;0;0;9;7;17;A01
201200051662;0;33;0;0;2;1;1;B01
201200051663;0;7;0;0;2;2;1;B01
201200051663;0;7;0;0;2;8;1;A01
201200051664;0;17;0;0;2;7;16;A01
201200051664;0;7;0;0;2;8;2;B01
201200051665;0;7;0;0;2;1;10;A01
201200051665;0;7;0;1;2;3;1;B01
201200051666;0;32;0;0;2;1;2;A01
201200051666;0;7;0;0;2;4;2;B01
201200051666;1;99;0;0;2;0;2;C01
201200051667;0;7;0;0;2;2;1;A01
201200051667;0;1;0;0;2;1;1;B01
201200051668;0;37;20;0;1;7;1;A01
201200051669;0;7;0;0;2;4;1;B01
201200051669;0;7;0;0;2;1;11;A01
201200051670;0;7;0;0;1;1;15;A01
201200051671;0;30;0;0;1;1;1;A01
201200051672;0;7;0;0;1;3;2;A01
201200051673;0;7;0;0;2;7;16;A01
201200051673;0;1;0;0;2;1;1;B01
201200051674;0;7;0;0;1;0;20;A01
201200051675;0;37;10;0;1;2;1;A01
201200051676;0;2;0;0;2;1;1;B01
201200051676;0;7;0;0;2;2;1;A01
201200051677;0;7;0;6;9;3;1;B01
201200051677;0;1;0;0;2;4;19;A01
201200051678;0;7;0;0;2;1;5;A01
201200051678;0;7;0;0;2;3;23;B01
201200051678;0;7;0;0;2;1;23;C01
201200051679;0;7;0;0;2;7;23;B01
201200051679;0;32;0;1;0;1;18;A01
201200051680;0;7;0;0;1;3;15;A01
201200051681;0;7;0;0;1;0;2;A01
201200051682;0;7;0;0;2;1;21;A01
201200051682;0;7;0;0;2;7;1;B01
201200051683;0;7;0;0;1;1;15;A01
201200051684;0;7;0;0;2;4;1;B01
201200051684;1;7;0;0;2;1;0;Z01
201200051685;0;7;0;0;2;3;1;B01
201200051685;0;7;0;0;2;5;0;A01
201200051686;0;7;0;0;1;2;1;A01
201200051687;0;7;0;0;2;3;2;B01
201200051687;0;1;0;0;2;1;0;A01
201200051688;0;7;0;8;0;3;0;A01
201200051689;0;40;25;0;2;1;1;B01
201200051689;0;7;0;0;4;7;1;A01
201200051690;0;1;0;0;2;0;7;B01
201200051690;0;37;45;0;2;7;7;A01
201200051691;0;32;0;0;1;3;1;A01
201200051692;0;30;0;0;2;1;1;B01
201200051692;0;7;0;0;2;6;15;A01
201200051693;0;7;0;0;1;1;1;A01
201200051694;0;7;0;0;2;2;2;A01
201200051694;0;2;0;0;0;0;1;B01
201200051695;0;7;0;0;2;4;2;B01
201200051695;0;7;0;0;2;1;2;A01
201200051696;0;33;0;0;2;1;1;B01
201200051696;0;7;0;0;2;2;15;A01
201200051697;0;2;0;0;2;2;17;A01
201200051697;0;10;0;0;2;8;15;B01
201200051698;0;7;0;0;1;2;0;A01
201200051699;0;7;0;0;1;8;2;A01
201200051700;0;33;0;0;1;1;1;A01
201200051700;0;7;0;0;2;4;0;B01
201200051701;0;7;0;0;2;6;2;A01
201200051701;0;37;1;0;0;4;23;B01
201200051701;1;7;0;0;2;1;2;Z01
201200051702;0;37;15;0;1;0;0;A01
201200051703;0;7;0;0;1;3;1;A01
201200051704;0;7;0;0;2;3;1;B01
201200051704;0;2;0;0;2;1;1;A01
201200051705;0;7;0;0;1;7;16;A01
201200051706;0;7;0;15;2;2;17;A01
201200051706;0;7;0;0;2;3;15;B01
201200051707;0;1;0;0;1;2;1;A01
201200051708;0;7;0;0;1;2;1;A01
201200051709;0;7;0;0;2;3;1;B01
201200051709;0;33;0;0;2;7;17;A01
201200051710;0;7;0;0;2;8;13;A01
201200051710;0;33;0;15;2;7;17;B01
201200051711;0;33;0;0;1;1;1;A01
201200051712;0;7;0;0;2;2;1;A01
201200051712;0;2;0;0;2;0;9;B01
201200051713;0;13;0;0;1;4;20;A01
201200051714;0;31;0;0;2;1;1;A01
201200051714;0;7;0;0;2;2;15;B01
201200051715;0;7;0;0;2;3;10;A01
201200051715;0;33;0;0;2;1;1;B01
201200051716;0;7;0;0;2;4;1;G02
201200051716;0;7;0;0;2;8;0;C01
201200051716;0;7;0;0;2;4;2;D01
201200051716;0;7;0;0;2;4;1;F02
201200051716;0;7;0;0;2;7;0;A01
201200051716;0;7;0;0;2;3;0;B01
201200051716;0;7;0;0;2;6;1;E01
201200051717;0;7;0;0;2;1;2;A01
201200051717;0;7;0;0;2;4;2;C01
201200051717;0;7;0;0;2;4;2;B01
201200051718;0;1;0;0;2;1;1;B01
201200051718;0;10;0;0;2;1;15;A01
201200051719;0;7;0;0;1;1;16;A01
201200051720;0;7;0;0;1;1;1;A01
201200051721;0;33;0;0;2;3;1;B01
201200051721;0;7;0;0;2;3;15;A01
201200051722;0;7;0;6;0;2;15;A01
201200051723;0;7;0;0;2;3;15;B01
201200051723;0;1;0;0;2;6;1;A01
201200051724;0;32;0;0;2;2;17;B01
201200051724;0;10;0;0;2;3;13;A01
201200051725;0;7;0;0;2;2;2;A01
201200051725;0;1;0;0;2;0;1;B01
201200051726;0;7;0;0;1;2;1;A01
201200051727;0;7;0;0;1;3;13;A01
201200051728;1;7;0;0;1;3;1;Z01
201200051729;0;7;0;1;0;2;20;A01
201200051730;0;7;0;0;2;6;2;B01
201200051730;0;32;0;0;2;1;2;A01
201200051731;0;14;0;0;2;1;2;A01
201200051731;0;7;0;0;0;4;2;B01
201200051732;0;14;0;0;0;4;23;B01
201200051732;0;10;0;0;2;1;2;A01
201200051733;0;7;0;4;2;6;12;A01
201200051733;0;7;0;0;0;7;2;B01
201200051734;0;15;0;0;0;6;2;B01
201200051734;0;7;0;4;2;3;2;A01
201200051735;0;7;0;0;2;8;1;A01
201200051735;0;33;0;0;2;2;3;B01
201200051736;0;7;0;0;0;4;2;B01
201200051736;0;10;0;0;2;1;2;A01
201200051737;0;7;0;3;0;1;2;A01
201200051738;0;7;0;0;0;4;2;B01
201200051738;0;7;0;0;2;1;2;A01
201200051739;0;7;0;0;0;0;2;A01
201200051739;0;7;0;0;0;4;2;B01
201200051739;0;7;0;0;2;1;2;C01
201200051739;0;7;0;0;2;1;2;D01
201200051739;0;7;0;0;2;1;2;E01
201200051740;0;7;0;0;0;4;1;C01
201200051740;0;33;0;0;2;1;1;B01
201200051740;0;10;0;0;0;0;11;A01
201200051741;0;10;0;0;0;4;2;B01
201200051741;0;7;0;0;2;1;2;A01
201200051742;1;7;0;0;1;2;14;A01
201200051743;0;7;0;0;0;4;2;B01
201200051743;0;7;0;0;2;1;2;A01
201200051744;0;7;0;4;0;1;2;A01
201200051745;0;10;0;14;0;1;2;A01
201200051746;0;7;0;0;0;6;1;B01
201200051746;0;15;0;0;2;2;12;A01
201200051747;0;7;0;0;0;4;2;B01
201200051747;0;17;0;0;2;1;2;A01
201200051748;0;7;0;0;0;4;2;C01
201200051748;0;7;0;0;2;4;2;B01
201200051748;0;7;0;0;2;1;2;A01
201200051749;0;7;0;0;0;8;1;B01
201200051749;0;15;0;0;2;2;12;A01
201200051750;0;33;0;0;0;6;2;B01
201200051750;0;7;0;0;0;0;2;A01
201200051751;0;33;0;0;0;7;0;A01
201200051752;0;7;0;0;0;0;0;A01
201200051753;0;14;0;0;2;1;2;A01
201200051753;0;17;0;0;0;4;2;B01
201200051754;0;7;0;0;2;2;1;B01
201200051754;0;7;0;3;2;1;11;A01
201200051755;0;10;0;4;0;3;2;A01
201200051756;0;7;0;0;0;4;2;B01
201200051756;0;7;0;0;2;1;2;A01
201200051757;0;7;0;13;0;4;2;B01
201200051757;0;7;0;0;2;1;2;A01
201200051758;0;7;0;3;0;2;17;A01
201200051759;0;7;0;0;0;5;1;B01
201200051759;0;7;0;0;2;1;2;A01
201200051760;0;7;0;4;0;2;2;A01
201200051761;0;10;0;0;2;2;1;B01
201200051761;0;7;0;0;2;3;11;A01
201200051762;0;7;0;4;0;2;1;A01
201200051763;0;7;0;16;0;9;2;A01
201200051764;0;7;0;0;2;1;2;A01
201200051764;0;7;0;0;0;4;1;B01
201200051765;0;7;0;0;2;3;1;B01
201200051765;0;15;0;0;2;2;12;A01
201200051766;0;7;0;0;0;8;2;A01
201200051766;0;7;0;0;2;2;14;Z01
201200051767;0;33;0;0;2;3;3;A01
201200051767;0;7;0;0;0;5;1;B01
201200051767;0;17;0;0;0;8;1;C01
201200051768;0;7;0;0;2;4;2;D01
201200051768;0;7;0;0;2;4;2;B01
201200051768;0;7;0;0;2;4;2;C01
201200051768;0;7;0;0;2;1;2;A01
201200051769;0;7;0;0;0;4;2;C01
201200051769;0;7;0;0;2;1;2;A01
201200051769;0;7;0;0;2;5;2;B01
201200051770;0;7;0;0;2;1;2;A01
201200051770;0;7;0;0;0;4;2;B01
201200051771;0;7;0;0;2;1;1;A01
201200051771;0;7;0;0;0;4;23;D01
201200051771;0;7;0;0;2;4;23;C01
201200051771;0;7;0;0;2;4;23;B01
201200051772;0;99;0;0;2;8;1;C01
201200051772;0;7;0;0;2;3;21;B01
201200051772;0;7;0;0;0;0;5;A01
201200051773;0;10;0;0;0;4;1;B01
201200051773;0;7;0;3;2;2;17;A01
201200051774;0;7;0;4;0;1;2;A01
201200051775;0;17;0;0;2;2;12;A01
201200051775;0;7;0;0;2;1;1;C01
201200051775;0;7;0;0;0;6;1;B01
201200051776;0;32;0;0;2;2;0;B01
201200051776;0;10;0;0;2;3;11;A01
201200051777;0;7;0;0;2;1;2;A01
201200051777;0;7;0;0;0;4;2;B01
201200051778;0;17;0;0;2;2;12;A01
201200051778;0;7;0;0;2;1;1;C01
201200051778;0;7;0;0;0;3;1;B01
201200051779;0;7;0;4;0;3;1;A01
201200051780;0;7;0;15;0;1;1;A01
201200051781;0;7;0;0;2;6;12;A01
201200051781;0;15;0;0;2;3;1;C01
201200051781;0;15;0;0;2;7;1;B01
201200051782;0;17;0;0;2;2;12;A01
201200051782;0;7;0;0;0;6;1;B01
201200051782;0;10;0;0;2;2;2;C01
201200051783;0;7;0;0;0;9;2;A01
201200051784;0;7;0;11;0;1;1;A01
201200051785;0;33;0;0;0;8;1;A01
201200051785;0;7;0;0;0;0;11;B01
201200051786;0;7;0;0;9;1;1;B01
201200051786;0;7;0;3;0;1;1;A01
201200051787;0;17;0;0;2;4;2;B01
201200051787;0;15;0;0;2;4;2;C01
201200051787;0;15;0;0;0;4;2;D01
201200051787;0;10;0;0;2;1;2;A01
201200051788;0;7;0;0;0;4;2;D01
201200051788;0;10;0;0;0;0;2;A01
201200051788;0;7;0;0;2;4;2;C01
201200051788;0;10;0;0;2;1;2;B01
201200051789;0;7;0;0;0;4;2;B01
201200051789;0;7;0;0;2;1;2;A01
201200051790;0;14;0;0;0;4;2;B01
201200051790;0;7;0;0;2;3;2;A01
201200051791;0;10;0;13;0;1;0;A01
201200051792;0;7;0;3;0;4;2;B01
201200051792;0;7;0;0;2;3;2;A01
201200051793;0;17;0;0;2;1;2;D01
201200051793;0;10;0;0;2;1;1;A01
201200051793;0;14;0;0;2;0;2;B01
201200051793;0;17;0;0;0;4;2;C01
201200051794;0;7;0;0;0;4;2;D01
201200051794;0;7;0;0;2;4;2;C01
201200051794;0;7;0;0;2;1;2;A01
201200051794;0;7;0;0;2;4;2;B01
201200051795;0;15;0;3;0;3;6;A01
201200051796;0;7;0;0;2;1;2;A01
201200051796;0;17;0;0;0;4;2;C01
201200051796;0;7;0;0;2;4;2;B01
201200051797;0;7;0;3;0;2;2;A01
201200051798;0;7;0;4;0;3;1;A01
201200051799;0;7;0;4;0;3;1;A01
201200051800;0;7;0;4;0;1;2;A01
201200051801;0;7;0;0;0;4;1;B01
201200051801;0;7;0;0;2;1;2;A01
201200051802;0;7;0;0;2;2;12;A01