num_acc;senc;catv;occutc;obs;obsm;choc;manv;num_veh
201200051802;0;33;0;0;2;8;3;B01
201200051802;0;7;0;0;0;5;23;C01
201200051803;0;7;0;0;2;2;2;A01
201200051803;0;10;0;0;0;4;2;B01
201200051804;0;10;0;0;0;6;2;B01
201200051804;0;33;0;0;2;1;11;A01
201200051805;0;7;0;0;2;8;11;B01
201200051805;0;33;0;0;2;1;0;A01
201200051806;0;7;0;0;2;1;2;A01
201200051806;0;7;0;0;0;4;2;B01
201200051807;0;7;0;0;0;6;1;B01
201200051807;0;17;0;0;2;2;12;A01
201200051808;0;7;0;0;2;6;1;A01
201200051808;0;17;0;0;2;2;1;B01
201200051809;0;10;0;0;2;4;2;C01
201200051809;0;17;0;0;2;1;2;A01
201200051809;0;7;0;0;0;4;2;D01
201200051809;0;7;0;0;2;4;2;B01
201200051810;0;7;0;0;0;4;1;B01
201200051810;0;17;0;0;2;1;1;A01
201200051811;0;15;0;0;0;1;0;A01
201200051811;0;7;0;0;2;8;1;C01
201200051811;0;7;0;0;2;1;0;B01
201200051811;0;7;0;0;0;4;0;D01
201200051812;0;7;0;3;0;3;1;A01
201200051813;0;34;0;0;0;3;3;A01
201200051814;0;7;0;3;0;7;1;B01
201200051814;0;7;0;0;2;9;11;A01
201200051815;1;17;0;0;2;2;0;Z01
201200051815;0;7;0;0;2;0;0;B01
201200051815;0;7;0;4;2;6;0;A01
201200051815;0;10;0;0;2;1;0;C01
201200051816;0;7;0;0;2;2;12;A01
201200051816;0;33;0;0;0;8;1;B01
201200051817;0;7;0;0;0;4;9;A01
201200051817;0;33;0;0;2;1;2;B01
201200051818;0;7;0;0;0;6;1;B01
201200051818;0;17;0;0;2;2;12;A01
201200051819;0;15;0;1;0;3;0;A01
201200051819;0;15;0;0;0;7;24;B01
201200051820;0;33;0;4;0;3;0;A01
201200051821;0;7;0;4;0;2;1;A01
201200051822;0;7;0;0;2;1;2;A01
201200051822;0;10;0;0;0;4;2;B01
201200051823;0;32;0;0;0;7;0;A01
201200051824;0;10;0;0;2;2;0;B01
201200051824;0;7;0;4;2;1;21;A01
201200051825;0;10;0;0;2;4;1;B01
201200051825;0;10;0;0;2;4;2;C01
201200051825;0;7;0;0;0;3;2;E01
201200051825;0;15;0;0;2;1;2;A01
201200051825;0;10;0;0;2;4;2;D01
201200051826;0;7;0;3;0;0;1;A01
201200051827;0;33;0;0;0;8;1;A01
201200051828;0;7;0;4;0;1;1;A01
201200051829;0;7;0;4;2;5;1;A01
201200051829;0;7;0;0;2;7;1;B01
201200051829;0;10;0;0;2;7;1;C01
201200051830;0;33;0;3;0;8;3;A01
201200051831;0;10;0;0;2;1;1;A01
201200051831;0;10;0;0;0;4;1;B01
201200051832;0;7;0;4;2;7;1;B01
201200051832;0;7;0;0;2;1;0;A01
201200051832;0;7;0;0;0;4;9;C01
201200051833;0;10;0;0;2;3;1;B01
201200051833;0;7;0;0;2;1;17;A01
201200051834;0;10;0;0;0;4;11;B01
201200051834;0;33;0;0;2;1;1;A01
201200051835;0;15;0;3;0;8;1;A01
201200051836;0;7;0;0;0;4;1;B01
201200051836;1;7;0;0;2;2;0;Z01
201200051837;0;33;0;0;0;8;1;A01
201200051838;0;10;0;0;0;4;2;F01
201200051838;0;15;0;0;2;4;2;B01
201200051838;0;7;0;0;2;4;2;D01
201200051838;0;7;0;0;2;4;2;C01
201200051838;0;15;0;0;2;1;1;A02
201200051838;0;7;0;0;2;4;2;E01
201200051839;0;7;0;4;0;1;0;A01
201200051840;0;7;0;3;0;1;2;A01
201200051841;0;17;0;4;0;8;2;A01
201200051842;0;7;0;4;0;2;2;A01
201200051843;0;7;0;3;0;2;2;A01
201200051844;0;17;0;0;2;7;12;A01
201200051844;0;10;0;0;0;8;1;B01
201200051845;0;33;0;0;0;2;2;A01
201200051846;0;7;0;0;2;1;1;A01
201200051846;0;7;0;0;0;5;1;B01
201200051847;0;7;0;4;2;6;2;A01
201200051847;0;7;0;0;2;1;2;B01
201200051848;0;7;0;0;2;1;2;A01
201200051848;0;7;0;0;0;4;2;B01
201200051849;0;7;0;0;2;1;1;D01
201200051849;0;17;0;0;2;1;1;C01
201200051849;0;17;0;0;2;1;1;B01
201200051849;0;10;0;0;2;1;1;A01
201200051849;0;7;0;0;2;4;1;E01
201200051850;0;15;0;1;1;2;14;A01
201200051851;0;7;0;0;2;1;1;A01
201200051851;0;7;0;0;0;5;1;B01
201200051852;0;7;0;4;0;1;12;A01
201200051853;0;7;0;4;0;3;1;A01
201200051854;0;33;0;0;2;8;1;B01
201200051854;0;15;0;0;2;6;1;C01
201200051854;0;7;0;0;2;2;12;A01
201200051855;0;7;0;0;2;2;12;A01
201200051855;0;33;0;0;2;8;3;B01
201200051856;0;10;0;0;0;6;2;B01
201200051856;0;7;0;0;2;2;2;A01
201200051857;0;7;0;0;2;1;1;A01
201200051857;0;7;0;0;0;5;1;D01
201200051857;0;7;0;0;2;4;1;B01
201200051857;0;7;0;0;0;5;1;C01
201200051858;0;7;0;4;2;5;1;B01
201200051858;0;17;0;0;2;3;11;A01
201200051859;0;7;0;0;2;1;2;B01
201200051859;0;7;0;0;2;1;5;A01
201200051860;0;33;0;0;0;0;3;B01
201200051860;0;10;0;0;2;7;12;A01
201200051860;0;33;0;0;2;1;2;C01
201200051861;0;10;0;0;0;4;2;B01
201200051861;0;7;0;0;2;1;2;A01
201200051862;0;7;0;0;2;1;1;B01
201200051862;0;7;0;0;2;1;1;D01
201200051862;0;7;0;0;0;4;1;A02
201200051862;1;99;0;0;2;0;2;Z01
201200051862;0;10;0;0;2;4;1;C01
201200051862;0;7;0;0;0;4;1;E01
201200051863;0;7;0;0;2;1;1;A01
201200051863;0;33;0;0;2;6;1;B01
201200051864;0;10;0;0;2;7;0;B01
201200051864;0;7;0;0;2;1;1;A01
201200051865;0;7;0;0;2;3;2;A01
201200051865;0;7;0;0;0;4;2;B01
201200051866;0;14;0;0;2;3;11;A01
201200051866;0;7;0;0;0;5;2;B01
201200051867;0;7;0;0;2;2;12;A01
201200051867;0;33;0;0;0;8;1;B01
201200051868;0;10;0;0;2;3;2;B01
201200051868;0;7;0;0;2;4;2;C01
201200051868;0;7;0;0;2;4;2;D01
201200051868;0;15;0;0;2;1;2;A01
201200051869;0;7;0;0;2;1;1;A01
201200051869;0;10;0;0;0;4;2;C01
201200051869;0;7;0;0;2;4;1;B01
201200051870;0;7;0;0;0;0;11;B01
201200051870;0;33;0;0;0;8;1;A01
201200051871;0;17;0;0;2;1;2;A01
201200051871;0;7;0;0;0;4;2;C01
201200051871;0;7;0;0;2;4;2;B01
201200051872;0;7;0;3;0;1;1;A01
201200051873;0;7;0;0;2;1;1;A01
201200051873;0;7;0;0;2;4;1;B01
201200051874;0;7;0;0;2;8;11;A01
201200051874;0;33;0;0;2;0;0;B01
201200051874;0;7;0;0;0;4;1;C01
201200051875;0;7;0;0;2;5;2;B01
201200051875;0;33;0;0;2;1;0;A01
201200051876;0;33;0;0;0;0;2;A01
201200051877;0;33;0;7;0;1;1;A01
201200051878;0;7;0;3;0;3;2;A01
201200051879;0;7;0;0;2;8;15;A01
201200051879;0;7;0;0;0;6;23;B01
201200051880;0;7;0;0;0;8;1;B01
201200051880;0;15;0;0;2;2;12;A01
201200051881;0;7;0;3;2;2;2;A01
201200051881;0;7;0;0;2;1;2;B01
201200051882;0;7;0;0;2;1;1;A01
201200051882;0;7;0;0;0;4;1;C01
201200051882;0;10;0;0;2;4;1;B01
201200051883;0;7;0;3;0;1;1;A01
201200051884;0;7;0;0;0;8;1;C01
201200051884;0;7;0;0;0;5;1;B01
201200051884;0;33;0;0;2;1;3;A01
201200051885;0;32;0;4;0;2;1;A01
201200051886;0;33;0;3;0;8;2;A01
201200051887;0;7;0;0;0;4;2;C01
201200051887;0;7;0;0;2;4;2;B01
201200051887;0;7;0;0;2;1;1;A01
201200051888;0;7;0;0;2;4;2;C01
201200051888;0;10;0;0;2;1;2;A01
201200051888;0;7;0;0;0;4;2;D01
201200051888;0;7;0;0;2;4;2;B01
201200051889;0;7;0;0;0;2;2;B01
201200051889;0;7;0;0;2;2;9;A01
201200051890;0;7;0;0;0;1;1;A01
201200051891;0;15;0;0;2;2;17;A01
201200051891;0;10;0;4;2;3;1;B01
201200051892;0;10;0;0;0;4;2;B01
201200051892;0;31;0;0;2;1;2;A01
201200051893;0;7;0;0;0;0;11;A01
201200051893;0;33;0;0;0;0;2;B01
201200051894;0;7;0;0;0;1;1;C01
201200051894;0;17;0;0;2;2;12;A01
201200051894;0;7;0;0;2;8;1;B01
201200051895;0;7;0;0;2;1;1;A01
201200051895;0;7;0;0;0;4;2;B01
201200051895;0;7;0;0;0;0;0;C01
201200051896;0;17;0;0;2;2;1;B01
201200051896;0;7;0;3;2;7;1;A01
201200051897;0;7;0;0;0;4;2;B01
201200051897;0;33;0;0;2;1;14;A01
201200051898;0;7;0;0;2;5;9;A01
201200051898;0;15;0;0;2;3;1;B01
201200051899;0;14;0;0;2;2;12;A01
201200051899;0;7;0;0;2;6;1;B01
201200051899;0;7;0;4;0;7;1;C01
201200051900;0;15;0;0;2;4;2;C01
201200051900;0;99;0;0;2;0;2;E01
201200051900;0;15;0;0;2;4;2;D01
201200051900;0;15;0;0;2;4;2;B01
201200051900;0;15;0;0;2;1;2;A01
201200051901;0;17;0;0;2;6;1;B01
201200051901;0;7;0;3;2;2;21;A01
201200051902;0;7;0;0;2;1;2;A01
201200051902;0;15;0;0;0;4;2;B01
201200051903;0;33;0;0;2;1;3;A01
201200051903;0;7;0;0;0;4;1;B01
201200051904;0;7;0;0;2;2;1;B01
201200051904;0;7;0;0;2;6;9;A01
201200051905;0;7;0;0;2;1;2;A01
201200051905;0;7;0;0;2;4;2;B01
201200051905;0;7;0;13;0;2;1;C01
201200051906;0;7;0;0;0;6;0;B01
201200051906;0;7;0;0;2;2;1;A01
201200051907;0;7;0;3;0;6;2;A01
201200051908;0;33;0;0;2;3;2;B01
201200051908;0;7;0;0;2;2;12;A01
201200051909;0;7;0;0;0;4;2;B01
201200051909;0;7;0;0;2;1;2;A01
201200051910;0;7;0;0;2;1;12;B01
201200051910;0;33;0;0;2;9;3;A01
201200051911;0;7;0;0;0;4;2;B01
201200051911;0;7;0;0;2;1;2;A01
201200051912;0;7;0;0;2;1;2;A01
201200051912;0;7;0;0;0;4;2;B01
201200051913;0;7;0;0;0;6;12;B01
201200051913;0;33;0;0;2;1;3;A01
201200051914;0;17;0;0;0;6;0;C01
201200051914;0;7;0;0;2;4;0;B01
201200051914;0;10;0;0;2;1;0;A01
201200051915;0;7;0;0;2;2;2;A01
201200051915;0;15;0;0;0;4;2;C01
201200051915;0;15;0;0;0;6;2;B01
201200051916;0;7;0;0;2;8;11;A01
201200051916;0;17;0;0;0;2;1;B01
201200051917;0;7;0;4;0;8;21;A01
201200051917;1;7;0;0;0;0;11;Z01
201200051918;0;7;0;0;2;2;11;A01
201200051918;0;7;0;4;0;2;1;C01
201200051918;0;7;0;0;0;6;1;B01
201200051919;0;7;0;4;0;3;2;A01
201200051920;0;7;0;0;0;3;1;B01
201200051920;0;7;0;0;2;8;9;A01
201200051921;0;7;0;0;2;4;2;C01
201200051921;0;7;0;0;2;4;2;B01
201200051921;0;7;0;0;2;1;2;A01
201200051922;0;7;0;4;0;1;1;A01
201200051923;0;33;0;2;0;0;0;A01
201200051924;0;10;0;0;0;5;23;B01
201200051924;0;33;0;0;2;3;3;A01
201200051925;0;33;0;7;0;1;0;A01
201200051926;0;33;0;0;0;7;1;A01
201200051927;0;7;0;13;0;1;1;A01
201200051928;0;17;0;0;0;4;1;B01
201200051928;0;7;0;4;2;1;12;A01
201200051929;0;33;0;0;2;5;2;A01
201200051929;0;10;0;0;2;6;11;B01
201200051930;0;10;0;0;2;1;2;A01
201200051930;0;7;0;0;0;4;2;C01
201200051930;0;10;0;0;2;4;2;B01
201200051931;1;7;0;0;2;0;0;Z01
201200051931;0;7;0;4;0;8;0;A01
201200051932;0;7;0;0;0;3;9;B01
201200051932;0;7;0;0;2;2;2;A01
201200051933;0;7;0;0;2;1;1;A01
201200051933;0;10;0;0;0;4;2;B01
201200051934;0;7;0;3;0;3;2;A01
201200051935;0;33;0;0;0;8;3;A01
201200051936;0;31;0;0;0;0;17;A01
201200051937;0;7;0;4;0;1;2;A01
201200051938;0;10;0;0;2;1;2;A01
201200051938;0;7;0;0;0;4;2;D01
201200051938;0;7;0;0;2;4;2;C01
201200051938;0;7;0;0;2;4;2;B01
201200051939;0;7;0;0;2;4;1;B01
201200051939;0;7;0;0;2;1;2;C01
201200051939;0;7;0;0;2;1;0;A01
201200051940;0;7;0;0;2;3;2;B01
201200051940;0;7;0;0;2;8;19;A01
201200051941;0;7;0;0;2;1;1;A01
201200051941;0;33;0;0;0;4;2;B01
201200051942;0;7;0;4;0;1;9;A01
201200051943;0;7;0;0;2;3;9;A01
201200051943;0;7;0;0;0;7;1;B01
201200051944;0;7;0;3;0;2;2;A01
201200051944;0;7;0;0;2;1;2;B01
201200051945;0;7;0;0;0;4;1;B01
201200051945;0;7;0;0;2;0;1;A01
201200051946;0;7;0;0;0;1;23;B01
201200051946;0;7;0;0;0;1;2;A01
201200051947;0;7;0;0;2;3;0;C01
201200051947;0;2;0;0;2;2;0;B01
201200051947;0;7;0;0;2;4;4;A01
201200051948;0;30;0;0;0;7;0;A01
201200051949;0;30;0;0;2;1;1;B01
201200051949;1;7;0;0;2;3;15;A01
201200051950;1;7;0;0;2;3;15;Z01
201200051950;1;30;0;0;2;1;1;B01
201200051951;0;7;0;0;2;1;11;A01
201200051951;0;2;0;0;2;8;1;B01
201200051952;0;7;0;0;2;3;2;A01
201200051952;0;7;0;5;0;5;23;B01
201200051953;0;31;0;0;1;3;1;A01
201200051954;0;7;0;0;1;2;2;A01
201200051955;0;7;0;0;2;3;1;B01
201200051955;2;7;0;0;2;2;19;A01
201200051956;0;7;0;0;2;8;15;A01
201200051956;0;38;1;0;2;2;7;B01
201200051957;0;7;0;0;1;2;1;A01
201200051958;0;10;0;0;2;5;12;A01
201200051958;0;30;0;0;2;3;1;B01
201200051959;0;31;0;12;0;0;1;A01
201200051960;0;7;0;0;1;3;19;A01
201200051961;1;7;0;0;1;0;0;Z01
201200051962;0;30;0;1;0;1;9;A01
201200051962;0;7;0;1;0;2;1;B01
201200051963;0;7;0;0;1;1;16;A01
201200051964;0;7;0;0;2;2;15;A01
201200051964;0;7;0;0;2;2;21;B01
201200051965;0;30;0;0;1;1;1;A01
201200051965;0;7;0;0;2;6;20;B01
201200051966;0;1;0;0;2;1;3;A01
201200051966;0;34;0;0;2;5;14;B01
201200051966;0;7;0;0;2;3;1;C01
201200051967;0;33;0;0;2;1;1;A01
201200051967;0;7;0;0;2;8;15;B01
201200051968;0;7;0;0;2;1;2;A01
201200051968;0;7;0;0;2;4;2;B01
201200051969;0;37;1;0;1;2;16;A01
201200051970;0;2;0;9;0;9;0;A01
201200051971;0;1;0;0;0;1;16;A01
201200051972;0;7;0;0;1;1;17;A01
201200051973;0;7;0;0;1;3;1;A01
201200051974;0;7;0;0;2;0;2;A01
201200051974;0;7;0;0;2;4;2;B01
201200051975;0;1;0;0;2;3;1;B01
201200051975;0;10;0;0;2;3;1;A01
201200051976;0;20;0;11;0;1;1;A01
201200051977;0;7;0;0;1;2;15;A01
201200051978;0;7;0;0;2;3;2;A01
201200051978;0;7;0;0;0;5;23;B01
201200051979;0;1;0;0;0;0;16;A01
201200051980;0;1;0;0;2;1;5;A01
201200051980;0;7;0;0;2;1;1;B01
201200051981;0;2;0;0;2;4;15;A01
201200051981;0;7;0;0;2;3;1;B01
201200051981;1;7;0;0;2;0;1;Z01
201200051982;0;2;0;0;0;1;1;A01
201200051983;0;2;0;0;1;0;1;A01
201200051984;0;7;0;1;0;1;1;A01
201200051984;0;7;0;0;2;6;23;B01
201200051985;0;7;0;0;1;2;1;A01
201200051986;0;7;0;14;0;1;1;A01
201200051987;0;7;0;0;2;2;13;A01
201200051987;0;1;0;0;2;2;5;B01
201200051988;0;32;0;0;2;2;21;A01
201200051988;0;7;0;0;2;6;13;B01
201200051989;0;7;0;4;0;2;0;A01
201200051990;0;7;0;0;2;4;2;B01
201200051990;0;7;0;0;2;4;2;C01
201200051990;0;7;0;0;2;1;2;A01
201200051991;0;7;0;0;2;2;1;B01
201200051991;0;7;0;0;2;1;19;A01
201200051992;0;2;0;0;2;1;5;A01
201200051992;0;7;0;0;2;3;15;B01
201200051993;0;7;0;2;2;1;15;A01
201200051993;0;7;0;0;2;3;1;B01
201200051994;0;7;0;0;2;7;17;A01
201200051994;0;1;0;0;2;8;1;B01
201200051995;0;7;0;0;1;1;1;A01
201200051996;1;1;0;0;2;1;14;Z01
201200051996;0;1;0;0;2;1;1;A01
201200051997;0;7;0;0;1;1;1;A01
201200051998;0;7;0;0;2;1;1;A01
201200051998;0;7;0;0;2;4;15;B01
201200051999;0;7;0;0;1;1;15;A01
201200052000;0;7;0;0;2;1;1;B01
201200052000;0;7;0;0;2;1;5;A01
201200052001;0;1;0;12;0;0;13;A01
201200052002;0;7;0;0;1;1;1;A01
201200052002;0;7;0;0;1;3;1;B01
201200052003;1;7;0;0;2;1;9;B01
201200052003;0;7;0;0;0;2;1;A01
201200052004;0;15;0;0;2;1;2;B01
201200052004;0;7;0;0;0;4;2;A01
201200052005;0;17;0;0;0;2;1;A01
201200052005;0;7;0;0;2;3;11;B01
201200052006;0;7;0;0;0;6;9;A01
201200052006;0;7;0;3;2;3;1;C01
201200052006;0;17;0;0;2;2;1;B01
201200052007;0;7;0;0;0;6;2;A01
201200052007;0;7;0;0;0;6;1;B01
201200052007;0;7;0;0;2;2;12;C01
201200052008;0;33;0;0;2;1;2;B01
201200052008;0;7;0;0;0;5;1;A01
201200052009;0;33;0;0;2;8;18;B01
201200052009;0;7;0;0;2;7;12;A01
201200052010;0;17;0;0;0;4;2;A01
201200052010;0;13;0;0;2;1;2;B01
201200052011;0;7;0;0;2;1;1;C01
201200052011;0;7;0;0;0;4;1;A01
201200052011;0;7;0;0;2;1;1;B01
201200052012;0;17;0;0;2;1;2;B01
201200052012;0;7;0;0;2;4;2;A01
201200052013;0;10;0;0;0;5;12;A01
201200052013;0;31;0;0;2;1;21;B01
201200052014;0;7;0;4;0;3;0;A01
201200052015;0;7;0;0;2;6;1;A01
201200052015;0;7;0;3;2;1;11;B01
201200052016;0;10;0;0;0;3;1;A01
201200052016;0;7;0;0;2;1;13;B01
201200052016;0;14;0;0;2;1;1;C01
201200052017;0;17;0;0;2;6;12;A01
201200052017;0;7;0;0;2;6;1;B01
201200052018;0;7;0;6;0;9;13;A01
201200052019;0;7;0;4;0;3;1;A01
201200052020;2;7;0;3;2;2;14;B01
201200052020;0;7;0;3;0;4;2;A01
201200052021;0;7;0;7;0;1;2;A01
201200052022;0;10;0;0;2;7;2;A01
201200052022;0;7;0;3;1;2;23;B01
201200052023;0;7;0;0;2;2;1;C01
201200052023;0;7;0;0;2;8;13;A01
201200052023;0;7;0;3;2;5;17;B01
201200052024;0;7;0;1;0;3;1;A01
201200052025;0;7;0;4;2;3;17;A01
201200052025;0;17;0;0;2;3;17;B01
201200052026;0;7;0;0;2;4;2;B01
201200052026;0;7;0;0;2;1;2;A01
201200052026;0;7;0;0;0;4;2;C01
201200052027;0;7;0;15;0;9;2;A01
201200052028;0;33;0;0;0;1;1;A01
201200052029;0;7;0;15;0;1;0;A01
201200052030;0;7;0;3;0;1;9;A01
201200052030;0;7;0;1;0;1;1;C01
201200052030;0;7;0;1;0;3;2;B01
201200052031;0;7;0;0;2;1;2;A01
201200052031;0;15;0;0;0;4;2;B01
201200052031;0;7;0;0;9;1;2;C01
201200052032;0;10;0;0;2;3;1;B01
201200052032;0;14;0;3;0;8;13;A01
201200052033;0;33;0;0;2;2;2;A01
201200052033;0;10;0;0;2;6;2;B01
201200052034;0;99;0;0;2;1;2;A01
201200052034;0;7;0;0;2;4;2;B01
201200052035;0;7;0;3;0;9;2;A01
201200052036;0;7;0;0;2;2;12;A01
201200052036;0;7;0;3;2;6;1;B01
201200052037;0;7;0;0;2;6;17;A01
201200052037;0;7;0;0;2;2;1;B01
201200052038;0;15;0;0;2;8;13;A01
201200052038;0;15;0;3;2;2;13;B01
201200052039;0;7;0;0;2;1;12;A01
201200052039;0;7;0;0;2;4;0;B01
201200052040;0;31;0;0;0;1;2;A01
201200052041;0;7;0;0;1;3;1;A01
201200052042;0;17;0;0;2;8;1;B01
201200052042;0;7;0;0;2;2;21;A01
201200052043;0;14;0;0;2;2;12;A01
201200052043;0;10;0;3;2;8;1;B01
201200052043;0;10;0;0;2;7;1;C01
201200052044;0;15;0;0;2;2;12;A01
201200052044;0;7;0;0;0;3;1;B01
201200052045;0;7;0;0;1;3;0;A01
201200052046;0;7;0;3;0;1;12;A01
201200052047;0;7;0;3;2;7;12;A01
201200052047;0;99;0;0;2;1;1;B01
201200052048;0;15;0;4;0;3;1;A01
201200052049;0;7;0;7;0;8;1;A01
201200052050;0;7;0;4;0;6;1;A01
201200052050;1;7;0;0;2;1;2;Z01
201200052051;0;7;0;4;0;3;13;A01
201200052052;0;15;0;0;2;1;2;B01
201200052052;0;15;0;0;2;1;2;A01
201200052052;0;15;0;0;0;4;2;C01
201200052053;0;10;0;0;2;6;11;A01
201200052053;0;7;0;0;0;2;1;B01
201200052054;0;7;0;0;0;4;2;B01
201200052054;0;7;0;0;2;1;2;A01
201200052055;0;7;0;0;2;2;12;A01
201200052055;0;15;0;0;0;6;2;B01
201200052056;0;7;0;4;2;8;11;A01
201200052056;0;7;0;0;0;7;1;B01
201200052057;0;10;0;0;2;2;1;B01
201200052057;0;10;0;0;2;3;13;A01
201200052058;0;7;0;14;0;4;23;C01
201200052058;0;7;0;0;0;4;1;D01
201200052058;0;7;0;14;0;1;2;A01
201200052058;0;7;0;14;0;4;23;B01
201200052059;0;7;0;4;0;3;9;A01
201200052059;0;7;0;0;2;3;21;B01
201200052060;0;7;0;13;0;9;0;A01
201200052061;0;7;0;3;0;5;13;B01
201200052061;0;7;0;14;0;3;2;A01
201200052062;0;15;0;0;2;2;2;A01
201200052062;0;14;0;13;0;6;2;B01
201200052063;0;7;0;13;9;3;0;A01
201200052064;0;31;0;0;0;0;0;A01
201200052065;0;7;0;14;0;1;2;B01
201200052065;0;7;0;4;0;0;2;A01
201200052066;0;7;0;0;1;2;1;A01
201200052067;0;7;0;13;0;0;14;A01
201200052068;0;15;0;0;0;5;2;B01
201200052068;0;7;0;14;0;3;2;A01
201200052069;0;7;0;0;2;1;2;A01
201200052069;0;7;0;0;0;4;2;B01
201200052070;0;7;0;14;0;1;2;A01
201200052070;0;7;0;15;0;4;2;B01
201200052070;0;7;0;14;0;4;2;C01
201200052070;0;7;0;0;0;4;2;D01
201200052071;0;7;0;14;0;4;14;B01
201200052071;0;7;0;3;0;0;0;C01
201200052071;0;7;0;3;0;0;0;D01
201200052071;1;7;0;3;2;8;13;A01
201200052072;0;7;0;0;1;3;21;A01
201200052073;0;7;0;0;2;3;1;B01
201200052073;0;7;0;0;2;3;5;A01
201200052073;0;15;0;0;0;8;1;C01
201200052074;0;7;0;0;1;1;1;A01
201200052075;0;30;0;0;2;1;1;A01
201200052075;0;7;0;0;2;6;15;B01
201200052076;0;7;0;0;2;8;15;A01
201200052076;0;33;0;1;2;1;17;B01
201200052077;0;7;0;0;2;1;1;B01
201200052077;0;7;0;0;2;7;1;A01
201200052078;0;7;0;0;2;7;15;A01
201200052078;0;32;0;0;2;1;1;B01
201200052079;1;7;0;0;1;0;0;A01
201200052080;0;33;0;0;2;8;17;A01
201200052080;0;7;0;0;2;6;15;B01
201200052081;0;7;0;0;1;1;1;A01
201200052082;0;31;0;0;1;1;18;A01
201200052083;0;7;0;0;2;2;1;A01
201200052083;0;7;0;0;2;1;1;B01
201200052084;0;7;0;2;0;8;1;A01
201200052085;0;7;0;15;2;9;9;A01
201200052085;0;7;0;15;2;9;1;B01
201200052086;0;7;0;0;1;1;15;A01
201200052087;0;7;0;0;1;4;7;A01
201200052088;0;7;0;15;0;1;1;A01
201200052089;0;31;0;1;1;1;1;A01
201200052090;0;7;0;0;2;1;2;A01
201200052090;0;10;0;0;2;4;2;B01
201200052091;0;7;0;16;0;9;1;A01
201200052092;0;7;0;0;2;6;9;A01
201200052092;0;7;0;0;2;1;1;B01
201200052093;0;7;0;0;2;3;11;A01
201200052093;0;2;0;0;2;1;1;B01
201200052094;0;30;0;0;2;1;1;B01
201200052094;0;10;0;0;2;7;1;A01
201200052095;0;7;0;0;2;7;1;A01
201200052095;0;7;0;0;2;1;1;B01
201200052096;0;30;0;0;2;1;8;A01
201200052096;0;7;0;0;2;2;15;B01
201200052097;0;37;0;0;1;2;16;A01
201200052098;0;7;0;0;2;1;1;A01
201200052098;0;7;0;0;2;8;1;B01
201200052099;0;7;0;0;1;1;15;A01
201200052100;0;7;0;0;2;2;1;A01
201200052100;0;32;0;0;2;1;15;B01
201200052101;0;7;0;0;2;8;2;B01
201200052101;0;7;0;0;2;1;2;A01
201200052102;0;7;0;0;1;2;15;A01
201200052103;0;7;0;0;1;2;1;A01
201200052104;0;7;0;0;2;1;1;A01
201200052104;0;7;0;0;2;8;1;B01
201200052105;0;30;0;0;1;1;1;A01
201200052106;0;7;0;0;1;1;1;A01
201200052107;0;33;0;0;2;1;1;B01
201200052107;0;7;0;0;2;2;15;A01
201200052108;0;7;0;0;9;2;1;A01
201200052108;0;1;0;0;2;0;1;B01
201200052109;0;10;0;0;2;1;1;B01
201200052109;0;30;0;0;2;3;0;A01
201200052110;1;13;0;0;0;0;11;A01
201200052110;0;7;0;0;2;8;1;B01
201200052111;0;7;0;0;2;3;13;A01
201200052111;0;31;0;0;2;7;17;B01
201200052112;0;7;0;0;2;3;1;A01
201200052112;0;7;0;0;0;2;1;B01
201200052113;0;7;0;0;2;7;15;A01
201200052113;0;2;0;0;2;1;1;B01
201200052114;0;7;0;0;1;1;1;A01
201200052115;1;1;0;0;1;1;0;Z01
201200052116;0;7;0;0;2;1;1;A01
201200052116;0;7;0;0;2;4;1;B01
201200052117;0;32;0;0;2;1;1;A01
201200052117;0;7;0;0;9;6;0;B01
201200052118;0;17;0;0;2;1;1;A01
201200052118;0;7;0;0;9;4;1;B01
201200052119;0;7;0;0;2;1;15;A01
201200052119;0;7;0;0;2;1;15;B01
201200052120;0;7;0;0;2;8;1;B01
201200052120;0;7;0;0;2;3;1;A01
201200052121;0;7;0;0;2;1;15;A01
201200052121;0;7;0;0;2;1;1;B01
201200052122;0;7;0;0;2;1;1;A01
201200052122;0;7;0;11;2;7;7;B01
201200052123;0;7;0;0;1;1;1;A01
201200052124;0;33;0;1;0;6;14;A01
201200052124;0;7;0;0;2;3;23;B01
201200052125;0;7;0;0;2;1;15;B01
201200052125;0;32;0;0;2;1;1;A01
201200052126;0;7;0;0;2;1;1;A01
201200052126;0;7;0;0;0;4;1;B01
201200052127;0;7;0;0;1;1;8;A01
201200052128;0;7;0;0;2;2;1;A01
201200052128;0;7;0;0;2;3;1;B01
201200052129;0;7;0;0;2;1;2;A01
201200052129;0;7;0;0;2;4;2;B01
201200052130;0;7;0;0;2;6;11;A01
201200052130;0;32;0;0;2;8;2;B01
201200052131;0;7;0;0;1;2;21;A01
201200052132;0;7;0;0;1;2;1;A01
201200052133;0;32;0;1;1;8;13;A01
201200052134;0;7;0;0;2;1;2;A01
201200052134;0;7;0;0;2;4;2;B01
201200052134;0;7;0;0;2;4;2;C01
201200052135;0;7;0;0;1;2;15;A01
201200052136;0;7;0;0;2;3;15;A01
201200052136;0;32;0;0;2;9;1;B01
201200052137;0;7;0;0;2;8;1;B01
201200052137;0;7;0;0;2;1;1;A01