num_acc;senc;catv;occutc;obs;obsm;choc;manv;num_veh
201200052138;0;30;0;0;1;1;1;A01
201200052139;0;7;0;0;2;7;1;A01
201200052139;0;7;0;0;2;1;1;B01
201200052140;0;7;0;1;0;3;0;A01
201200052141;0;34;0;0;2;1;2;A01
201200052141;0;7;0;0;2;4;23;B01
201200052142;0;7;0;0;2;1;1;A01
201200052142;0;7;0;0;2;4;1;B01
201200052143;0;14;0;0;9;2;1;A01
201200052143;0;1;0;0;2;8;1;B01
201200052144;0;7;0;0;1;1;1;A01
201200052145;0;7;0;0;2;1;2;A01
201200052145;0;7;0;0;2;9;2;B01
201200052145;0;7;0;0;2;9;2;C01
201200052146;0;10;0;0;2;1;1;A01
201200052146;0;7;0;0;2;4;23;B01
201200052146;0;7;0;0;2;4;0;C01
201200052147;0;7;0;0;1;2;1;A01
201200052148;0;7;0;0;2;1;1;A01
201200052148;0;7;0;0;2;7;1;B01
201200052149;0;32;0;0;2;1;8;A01
201200052149;0;7;0;0;2;5;15;B01
201200052150;0;2;0;0;0;0;0;A01
201200052151;0;32;0;0;2;7;1;A01
201200052151;0;7;0;0;2;1;1;B01
201200052152;0;7;0;0;2;8;20;A01
201200052152;0;2;0;0;2;7;17;B01
201200052153;0;30;0;0;2;1;13;A01
201200052153;0;2;0;0;2;7;17;B01
201200052154;0;7;0;0;2;3;4;A01
201200052154;0;1;0;0;2;1;1;B01
201200052155;0;32;0;0;2;8;1;A01
201200052155;0;7;0;0;2;1;15;B01
201200052156;0;32;0;0;2;3;1;B01
201200052156;0;7;0;0;2;5;10;A01
201200052157;0;1;0;1;2;8;19;C01
201200052157;0;7;0;0;2;3;15;A01
201200052158;0;7;0;11;0;1;6;A01
201200052159;0;32;0;0;2;8;2;A01
201200052159;0;32;0;0;2;7;2;B01
201200052160;0;7;0;0;2;5;1;A01
201200052160;0;7;0;0;2;1;1;B01
201200052161;0;7;0;0;2;1;1;B01
201200052161;0;30;0;0;2;8;1;A01
201200052162;0;14;0;0;2;2;1;B01
201200052162;0;1;0;0;2;6;13;A01
201200052163;0;7;0;0;2;1;1;A01
201200052163;0;7;0;15;2;8;1;B01
201200052164;0;7;0;0;2;3;1;B01
201200052164;0;7;0;0;2;2;1;A01
201200052165;0;7;0;0;2;3;15;A01
201200052165;0;1;0;0;2;3;1;B01
201200052166;0;10;0;0;2;5;0;B01
201200052166;0;2;0;0;2;1;0;A01
201200052167;0;7;0;0;2;1;1;B01
201200052167;0;7;0;0;2;4;1;C01
201200052167;0;7;0;0;2;7;0;A01
201200052168;1;7;0;0;1;1;1;A01
201200052169;0;7;0;0;1;1;15;A01
201200052170;0;32;0;1;2;8;1;A01
201200052170;0;7;0;0;2;1;1;B01
201200052171;0;7;0;0;2;1;15;A01
201200052171;0;30;0;0;2;8;1;B01
201200052172;0;30;0;0;2;1;2;A01
201200052172;0;17;0;0;0;4;1;B01
201200052173;0;7;0;0;1;8;1;A01
201200052174;0;10;0;0;1;1;1;A01
201200052175;0;7;0;0;2;7;1;B01
201200052175;0;33;0;0;2;7;1;A01
201200052176;0;7;0;0;2;8;24;B01
201200052176;0;7;0;1;0;1;16;A01
201200052177;0;7;0;0;1;1;1;A01
201200052178;0;7;0;0;1;1;16;A01
201200052179;0;7;0;0;2;1;2;A01
201200052179;0;7;0;0;2;1;1;B01
201200052179;0;7;0;0;2;4;15;C01
201200052180;0;30;0;0;2;1;2;A01
201200052180;0;7;0;0;2;5;2;B01
201200052181;0;7;0;0;2;3;1;A01
201200052181;0;2;0;0;2;1;1;B01
201200052182;0;30;0;0;1;1;2;A01
201200052183;0;1;0;0;2;2;1;A01
201200052183;0;7;0;0;2;3;1;B01
201200052184;0;7;0;0;2;7;1;A01
201200052184;0;7;0;0;2;1;1;B01
201200052185;0;7;0;0;1;1;14;A01
201200052186;0;37;20;0;0;0;1;A01
201200052187;1;7;0;0;1;7;1;Z01
201200052188;0;1;0;0;2;8;1;A01
201200052188;0;7;0;0;9;2;1;B01
201200052189;0;7;0;1;0;1;1;A01
201200052189;0;7;0;0;2;7;24;B01
201200052189;0;20;0;0;2;0;24;C01
201200052190;0;1;0;0;2;7;17;A01
201200052190;0;7;0;0;2;2;1;B01
201200052191;0;7;0;0;2;1;9;A01
201200052191;0;33;0;0;2;1;1;B01
201200052192;0;7;0;0;1;1;15;A01
201200052193;0;7;0;0;2;6;1;A01
201200052193;0;7;0;0;2;1;1;B01
201200052194;0;7;0;0;1;2;1;A01
201200052195;0;40;40;0;1;1;1;A01
201200052196;0;7;0;0;1;8;1;A01
201200052197;0;7;0;0;1;3;1;A01
201200052198;0;7;0;0;2;1;2;A01
201200052198;0;7;0;0;2;4;23;B01
201200052198;0;7;0;0;2;4;23;C01
201200052199;0;7;0;0;2;5;1;B01
201200052199;0;1;0;0;2;1;1;A01
201200052200;0;7;0;0;1;6;4;A01
201200052201;0;7;0;0;1;1;1;A01
201200052202;0;33;0;0;1;7;21;A01
201200052203;0;7;0;0;2;5;15;A01
201200052203;0;7;0;0;2;1;1;B01
201200052204;0;7;0;0;9;1;1;A01
201200052204;0;1;0;0;2;8;1;B01
201200052205;0;7;0;0;2;7;1;A01
201200052205;0;30;0;0;2;1;1;B01
201200052206;0;33;0;0;2;1;1;B01
201200052206;1;7;0;0;0;0;0;Z01
201200052207;0;34;0;0;1;1;1;A01
201200052208;0;7;0;0;1;1;1;A01
201200052209;0;7;0;11;9;0;10;A01
201200052209;0;33;0;2;0;0;0;B01
201200052210;0;7;0;0;2;1;1;A01
201200052210;0;1;0;0;2;8;19;B01
201200052211;0;30;0;0;0;0;0;A01
201200052211;0;7;0;0;0;0;0;B01
201200052212;0;7;0;0;1;1;1;A01
201200052213;0;3;0;1;0;2;1;A01
201200052214;0;7;0;0;2;4;1;B01
201200052214;0;7;0;0;2;4;0;D01
201200052214;0;7;0;0;2;4;1;C01
201200052214;0;7;0;0;2;1;1;A01
201200052215;0;7;0;0;9;2;1;B01
201200052216;0;7;0;0;1;5;1;A01
201200052217;0;7;0;0;0;4;2;C01
201200052217;0;7;0;0;0;1;1;A01
201200052217;0;7;0;0;0;1;2;B01
201200052218;0;7;0;0;1;3;1;A01
201200052219;0;7;0;0;1;8;15;A01
201200052220;0;30;0;0;1;2;1;A01
201200052221;1;7;0;0;0;0;13;Z01
201200052221;0;7;0;0;0;9;1;A01
201200052222;0;7;0;0;2;3;1;A01
201200052222;0;7;0;0;2;4;1;B01
201200052223;0;7;0;0;1;4;20;A01
201200052224;0;7;0;0;2;4;1;B01
201200052224;0;7;0;0;2;4;1;C01
201200052224;0;10;0;0;2;1;1;A01
201200052225;1;7;0;0;1;2;0;Z01
201200052226;0;7;0;0;1;3;1;A01
201200052227;0;7;0;8;2;2;2;B01
201200052227;0;7;0;0;2;3;2;A01
201200052228;0;1;0;0;1;1;1;A01
201200052229;0;7;0;0;2;3;17;A01
201200052229;0;31;0;0;2;9;1;B01
201200052230;0;7;0;0;2;3;0;A01
201200052230;0;7;0;0;2;2;0;B01
201200052231;0;7;0;0;2;9;1;A01
201200052231;0;7;0;0;2;6;20;B01
201200052231;0;7;0;0;2;0;24;C01
201200052232;0;7;0;12;2;9;2;A01
201200052232;0;7;0;0;2;6;12;B01
201200052233;0;7;0;0;2;1;1;A01
201200052233;0;7;0;0;2;3;1;B01
201200052234;1;7;0;0;1;0;16;Z01
201200052235;0;7;0;0;2;2;1;B01
201200052235;0;7;0;0;2;1;1;A01
201200052236;0;7;0;0;2;2;20;A01
201200052236;0;32;0;0;2;1;2;B01
201200052237;0;7;0;0;1;1;1;A01
201200052238;0;7;0;0;2;1;6;A01
201200052238;0;7;0;0;0;6;24;B01
201200052238;0;7;0;0;2;5;1;C01
201200052238;0;7;0;0;0;9;1;D01
201200052239;0;7;0;0;2;2;15;A01
201200052239;0;32;0;0;2;1;2;B01
201200052240;0;30;0;0;2;7;1;A01
201200052240;0;7;0;0;2;1;1;B01
201200052241;0;30;0;0;2;1;18;A01
201200052241;0;7;0;0;2;1;15;B01
201200052242;0;99;0;0;2;1;1;B01
201200052242;0;7;0;0;2;2;1;A01
201200052243;0;1;0;0;2;8;10;A01
201200052243;0;37;1;0;2;2;1;B01
201200052244;0;7;0;0;1;1;1;A01
201200052245;0;37;1;0;1;2;1;A01
201200052246;1;7;0;0;1;1;1;Z01
201200052247;0;7;0;0;2;5;11;A01
201200052247;0;33;0;0;2;3;1;B01
201200052248;0;33;0;0;2;8;18;A01
201200052248;0;7;0;0;2;7;16;B01
201200052249;0;33;0;0;2;5;17;A01
201200052249;0;7;0;0;2;3;15;B01
201200052250;0;33;0;0;1;1;15;A01
201200052251;0;7;0;0;1;1;1;A01
201200052252;0;7;0;0;2;5;15;A01
201200052252;0;7;0;0;2;1;1;B01
201200052253;0;7;0;0;1;1;1;A01
201200052254;0;30;0;0;2;1;1;A01
201200052254;0;7;0;0;2;5;1;B01
201200052255;0;7;0;0;2;6;15;A01
201200052255;0;33;0;0;2;2;1;B01
201200052256;0;7;0;0;2;1;2;A01
201200052256;0;7;0;0;2;4;2;B01
201200052256;0;7;0;0;2;4;2;C01
201200052257;0;30;0;0;2;8;7;A01
201200052257;0;7;0;0;2;2;16;B01
201200052258;0;7;0;0;2;3;2;B01
201200052258;0;7;0;11;2;1;2;A01
201200052259;0;32;0;0;1;0;1;A01
201200052260;0;33;0;0;2;0;9;A01
201200052260;0;7;0;0;2;1;1;B01
201200052261;0;7;0;0;2;1;2;A01
201200052261;0;7;0;0;0;4;23;B01
201200052262;0;7;0;0;9;3;1;A01
201200052262;0;31;0;0;2;3;1;B01
201200052263;0;37;3;0;2;1;1;A01
201200052263;0;7;0;0;0;4;23;B01
201200052264;0;34;0;0;2;2;1;B01
201200052264;0;7;0;0;2;3;1;A01
201200052265;0;7;0;0;1;7;1;A01
201200052266;0;7;0;0;9;1;1;B01
201200052266;0;1;0;0;2;8;19;A01
201200052267;0;7;0;0;1;3;1;A01
201200052268;0;2;0;0;1;1;1;A01
201200052269;0;7;0;0;2;2;1;A01
201200052269;0;1;0;0;2;1;1;B01
201200052270;0;7;0;0;9;3;1;A01
201200052270;0;34;0;0;2;2;11;B01
201200052271;0;7;0;0;4;5;16;A01
201200052271;0;40;1;0;2;1;1;B01
201200052272;0;33;0;0;2;9;1;A01
201200052272;0;7;0;0;2;8;20;B01
201200052273;0;7;0;0;2;5;16;A01
201200052273;0;1;0;0;2;8;1;B01
201200052274;0;7;0;0;2;3;1;A01
201200052274;0;33;0;0;2;2;1;B01
201200052275;0;2;0;0;2;1;5;A01
201200052275;0;7;0;0;2;3;16;B01
201200052276;0;7;0;9;2;8;1;B01
201200052276;0;7;0;0;2;1;1;C01
201200052276;0;7;0;0;2;1;1;A01
201200052277;0;7;0;0;2;1;1;A01
201200052277;0;7;0;0;0;4;1;B01
201200052278;0;7;0;0;2;3;1;A01
201200052278;0;30;0;0;2;2;1;B01
201200052279;0;31;0;0;2;1;1;A01
201200052279;0;7;0;0;9;1;0;B01
201200052280;0;32;0;0;9;1;1;A01
201200052280;0;7;0;0;2;1;1;B01
201200052281;0;40;1;0;1;1;1;A01
201200052282;0;7;0;0;2;1;2;A01
201200052282;0;7;0;0;2;4;21;B01
201200052283;0;2;0;0;2;6;18;A01
201200052283;0;7;0;0;2;7;16;B01
201200052284;0;7;0;0;2;1;1;A01
201200052284;0;33;0;0;2;4;1;B01
201200052285;0;37;1;0;2;1;2;A01
201200052285;0;3;0;0;2;4;2;B01
201200052286;0;7;0;0;2;3;15;A01
201200052286;0;7;0;0;2;2;1;B01
201200052287;0;7;0;0;2;1;1;A01
201200052287;0;7;0;0;2;9;1;B01
201200052288;0;7;0;0;1;3;1;A01
201200052289;0;33;0;0;2;2;15;A01
201200052289;0;30;0;0;2;1;1;B01
201200052290;0;7;0;0;2;2;1;A01
201200052290;0;1;0;0;2;2;1;B01
201200052291;0;30;0;0;2;2;1;A01
201200052291;0;7;0;0;2;2;1;B01
201200052292;0;7;0;0;2;3;1;A01
201200052292;1;7;0;0;2;0;0;Z01
201200052293;0;7;0;0;1;2;16;A01
201200052294;0;13;0;0;2;1;2;A01
201200052294;0;7;0;0;2;4;23;B01
201200052294;0;7;0;0;2;4;2;C01
201200052295;0;7;0;0;2;7;1;A01
201200052295;0;7;0;0;2;1;1;B01
201200052296;0;33;0;0;2;1;8;A01
201200052296;0;7;0;0;2;9;1;B01
201200052297;0;40;20;0;2;1;1;A01
201200052297;0;7;0;0;4;3;14;B01
201200052298;0;7;0;0;2;3;1;B01
201200052298;0;7;0;0;2;1;15;A01
201200052299;0;7;0;0;2;4;23;B01
201200052299;0;7;0;0;2;1;2;A01
201200052300;0;7;0;0;2;3;1;A01
201200052300;0;7;0;0;2;5;1;B01
201200052301;0;7;0;0;1;2;21;A01
201200052302;0;30;0;0;2;7;19;A01
201200052302;0;10;0;0;2;3;1;B01
201200052303;1;36;0;0;1;1;0;Z01
201200052304;0;7;0;0;1;2;0;A01
201200052305;0;1;0;0;2;1;1;A01
201200052305;0;7;0;0;2;3;1;B01
201200052306;1;7;0;0;2;1;8;Z01
201200052306;0;33;0;0;2;7;1;B01
201200052307;0;7;0;0;1;2;1;A01
201200052308;0;7;0;0;1;1;15;A01
201200052309;0;37;1;0;0;0;0;A01
201200052310;0;7;0;0;2;4;2;B01
201200052310;1;7;0;0;2;1;2;Z01
201200052311;0;7;0;0;2;9;1;A01
201200052311;0;7;0;0;2;4;1;B01
201200052312;0;7;0;0;2;7;15;A01
201200052312;0;33;0;0;2;1;1;B01
201200052313;0;13;0;0;2;4;15;A01
201200052313;0;31;0;0;2;7;1;B01
201200052314;0;7;0;0;0;3;15;A01
201200052314;0;30;0;0;2;1;1;B01
201200052315;0;7;0;0;2;4;2;B01
201200052315;0;7;0;0;2;1;2;A01
201200052316;0;7;0;0;2;1;15;A01
201200052316;0;33;0;0;2;3;1;B01
201200052317;0;7;0;0;2;6;15;B01
201200052317;0;33;0;0;2;1;2;A01
201200052318;0;13;0;0;1;4;20;A01
201200052319;0;7;0;0;2;5;16;A01
201200052319;0;32;0;0;2;1;1;B01
201200052320;0;7;0;0;1;2;16;A01
201200052321;0;7;0;0;1;2;1;A01
201200052322;0;20;0;0;1;2;14;A01
201200052323;0;37;7;0;1;2;8;A01
201200052324;0;7;0;0;2;1;15;A01
201200052324;0;7;0;0;2;7;0;B01
201200052325;0;10;0;0;1;1;1;A01
201200052326;0;30;0;0;2;7;1;A01
201200052326;1;7;0;0;2;1;9;Z01
201200052327;0;7;0;0;2;3;1;A01
201200052327;0;7;0;0;2;2;1;B01
201200052328;0;33;0;15;0;3;21;A01
201200052329;0;40;35;0;1;7;1;A01
201200052330;0;30;0;1;2;7;1;A01
201200052330;0;7;0;0;9;8;15;B01
201200052331;0;7;0;0;2;2;19;B01
201200052331;0;7;0;0;2;3;19;A01
201200052332;0;10;0;0;2;3;0;A01
201200052332;0;33;0;0;0;8;0;B01
201200052333;0;1;0;0;1;1;1;A01
201200052334;0;7;0;0;2;1;1;A01
201200052334;0;7;0;0;2;6;0;B01
201200052335;0;7;0;0;2;8;20;A01
201200052335;0;30;0;0;2;9;1;B01
201200052336;0;7;0;0;2;9;16;A01
201200052336;0;7;0;0;2;5;1;B01
201200052337;0;33;0;0;2;1;2;A01
201200052337;0;7;0;0;0;5;16;B01
201200052338;0;7;0;0;2;2;15;A01
201200052338;0;1;0;0;2;1;1;B01
201200052339;0;30;0;0;2;0;1;B01
201200052339;0;7;0;0;2;0;16;A01
201200052340;0;7;0;0;2;1;9;A01
201200052340;0;1;0;0;2;7;1;B01
201200052341;1;7;0;0;2;0;1;A01
201200052341;0;37;1;0;0;0;0;B01
201200052342;0;7;0;0;1;6;20;A01
201200052343;0;31;0;0;2;0;1;B01
201200052343;0;7;0;0;0;1;15;A01
201200052344;0;7;0;0;2;4;16;B01
201200052344;0;1;0;0;2;1;2;A01
201200052345;0;10;0;0;2;2;15;A01
201200052345;0;37;1;0;2;1;1;B01
201200052346;0;7;0;0;2;1;1;A01
201200052346;0;7;0;0;2;3;1;B01
201200052347;0;7;0;0;0;0;0;A01
201200052347;0;7;0;0;0;0;0;B01
201200052348;1;7;0;0;2;5;1;A01
201200052348;0;7;0;0;2;1;1;B01
201200052349;0;33;0;0;1;1;1;A01
201200052350;0;7;0;0;1;2;15;A01
201200052351;0;7;0;0;2;1;2;A01
201200052351;0;7;0;0;2;4;12;B01
201200052352;0;33;0;0;0;0;1;B01
201200052352;0;7;0;0;2;2;1;A01
201200052353;0;7;0;0;1;1;1;A01
201200052354;0;7;0;0;1;1;15;A01
201200052355;0;30;0;0;0;0;1;A01
201200052356;0;10;0;0;1;2;1;A01
201200052357;0;40;0;0;1;1;1;A01
201200052358;0;7;0;0;1;1;1;A01
201200052359;0;7;0;6;2;6;1;B01
201200052359;0;7;0;6;2;2;1;A01
201200052360;0;7;0;13;0;1;9;A01
201200052361;0;7;0;3;2;3;9;A01
201200052361;0;7;0;0;2;3;1;B01
201200052362;0;7;0;4;2;3;23;A01
201200052362;0;7;0;1;2;3;2;B01
201200052362;0;7;0;0;2;3;2;C01
201200052363;0;7;0;1;1;2;1;A01
201200052364;0;7;0;0;2;6;21;B01
201200052364;0;7;0;0;0;0;0;A01
201200052364;0;7;0;0;0;2;1;C01
201200052365;0;10;0;4;0;3;11;A01
201200052366;0;7;0;0;0;4;2;B01
201200052366;0;7;0;0;2;1;2;A01
201200052367;0;7;0;0;2;3;1;A01
201200052367;0;15;0;0;0;5;1;B01
201200052368;0;7;0;3;0;2;1;A01
201200052369;0;10;0;4;0;1;1;A01
201200052370;0;7;0;6;0;1;1;A01
201200052371;0;7;0;3;0;6;1;A01
201200052372;0;7;0;0;2;8;1;B01
201200052372;0;15;0;0;2;7;12;A01
201200052373;0;14;0;0;2;1;1;C01
201200052373;0;7;0;0;0;6;1;B01
201200052373;0;7;0;3;2;1;1;A01
201200052374;0;7;0;0;2;6;2;B01
201200052374;0;7;0;0;2;2;2;A01
201200052374;0;7;0;0;2;1;2;C01
201200052375;0;7;0;0;0;4;2;D01
201200052375;0;7;0;0;2;4;2;B01
201200052375;0;7;0;0;2;4;2;C01
201200052375;0;7;0;0;2;1;2;A01
201200052376;0;7;0;0;6;2;1;A01
201200052377;0;7;0;0;2;3;1;B01
201200052377;0;7;0;0;2;3;13;A01
201200052378;0;7;0;0;2;1;2;A01
201200052378;0;7;0;0;0;4;2;B01
201200052379;0;7;0;0;2;2;14;A01
201200052379;0;7;0;13;2;8;1;B01
201200052380;0;7;0;0;2;1;1;A01
201200052380;0;7;0;0;0;4;1;B01
201200052381;0;7;0;0;2;1;2;A01
201200052381;0;7;0;0;0;4;2;B01
201200052382;0;7;0;14;0;1;1;A01
201200052383;0;7;0;0;2;1;5;A01
201200052383;0;7;0;0;2;1;1;B01
201200052384;0;7;0;0;2;1;2;A01
201200052384;0;7;0;0;2;4;2;B01
201200052384;0;10;0;0;2;7;2;C01
201200052385;0;17;0;0;2;2;14;A01
201200052385;0;7;0;6;2;6;1;B01
201200052386;0;31;0;0;2;1;14;A01
201200052386;0;7;0;0;0;6;14;B01
201200052387;0;7;0;4;0;3;2;A01
201200052388;0;7;0;0;0;9;0;A01
201200052389;0;7;0;15;0;1;1;A01
201200052390;0;7;0;7;0;2;1;A01
201200052391;0;7;0;13;0;0;0;A01
201200052392;0;10;0;0;2;8;9;A01
201200052392;0;17;0;0;2;4;21;B01
201200052392;0;17;0;0;2;4;2;C01
201200052393;0;7;0;0;0;6;23;B01
201200052393;0;7;0;0;2;2;21;A01
201200052394;0;7;0;4;0;1;2;A01
201200052395;0;7;0;0;2;4;2;B01
201200052395;0;7;0;0;0;4;2;C01
201200052395;0;7;0;0;2;1;2;A01
201200052396;0;7;0;0;2;4;2;B01
201200052396;0;14;0;0;2;1;2;A01
201200052397;0;7;0;0;0;6;23;C01
201200052397;0;7;0;0;2;2;21;A01
201200052397;0;7;0;0;2;1;1;B01
201200052398;0;7;0;4;0;2;1;A01
201200052399;0;7;0;4;0;1;1;A01
201200052400;0;7;0;3;0;9;11;A01
201200052401;1;7;0;0;2;8;18;A01
201200052401;0;7;0;12;2;2;14;B01
201200052402;1;7;0;0;0;0;0;Z01
201200052402;0;7;0;0;2;6;1;A01
201200052403;0;7;0;4;2;2;17;A01
201200052403;0;7;0;4;0;8;1;B01
201200052404;0;7;0;4;0;1;1;A01
201200052405;0;7;0;0;2;1;2;A01
201200052405;0;7;0;0;2;4;2;B01
201200052405;0;7;0;0;0;4;2;C01
201200052406;0;10;0;0;2;1;2;A01
201200052406;0;7;0;0;0;4;1;B01
201200052407;0;7;0;4;0;2;1;A01
201200052408;0;7;0;4;2;0;1;B01
201200052408;0;7;0;4;2;0;1;A01
201200052409;0;7;0;4;0;1;1;A01
201200052410;0;7;0;0;2;1;2;A01
201200052410;0;7;0;0;0;4;2;B01
201200052411;0;7;0;0;0;4;2;B01
201200052411;0;7;0;0;2;1;2;A01
201200052412;0;15;0;0;2;1;2;A01
201200052412;0;10;0;0;2;6;11;B01
201200052413;0;7;0;0;2;3;0;A01
201200052413;0;7;0;0;2;2;1;B01
201200052414;0;7;0;4;0;2;1;A01
201200052415;0;7;0;4;0;1;1;A01
201200052416;0;7;0;0;0;4;1;B01
201200052416;0;7;0;0;2;1;1;A01
201200052417;0;7;0;0;1;2;21;A01
201200052418;0;7;0;3;0;2;14;A01
201200052419;0;7;0;4;0;2;1;A01
201200052420;0;7;0;0;2;1;1;A01
201200052420;0;7;0;4;0;6;0;B01
201200052421;2;7;0;0;2;1;2;A01
201200052421;0;7;0;0;2;4;2;B01
201200052421;0;7;0;0;0;4;2;C01
201200052422;1;7;0;0;0;;;Z01
201200052422;0;7;0;4;2;3;0;A01
201200052423;0;7;0;4;0;3;11;A01
201200052424;0;7;0;0;2;2;0;A01
201200052424;0;7;0;0;2;6;1;B01
201200052425;0;7;0;4;0;4;1;A01
201200052426;0;10;0;4;0;1;0;A01
201200052427;0;31;0;0;2;1;2;A01
201200052427;0;7;0;0;2;6;2;B01
201200052428;0;7;0;4;2;6;2;B01
201200052428;0;15;0;0;2;2;12;A01
201200052429;0;7;0;0;2;8;1;B01
201200052429;0;14;0;0;2;2;12;A01
201200052430;0;10;0;0;0;2;14;A01
201200052430;0;7;0;4;0;8;1;B01
201200052431;0;7;0;4;0;1;1;A01
201200052432;0;7;0;0;0;7;1;B01
201200052432;0;7;0;0;2;3;15;A01
201200052433;0;7;0;0;0;8;23;B01
201200052433;0;7;0;0;0;3;1;D01
201200052433;0;7;0;0;2;8;21;A01
201200052433;0;7;0;0;2;6;23;C01
201200052434;0;7;0;4;0;1;1;A01
201200052435;0;10;0;0;0;4;2;B01
201200052435;0;7;0;0;2;1;2;A01
201200052436;0;7;0;4;0;3;0;A01
201200052437;0;7;0;0;2;1;2;A01
201200052437;0;7;0;0;2;4;2;B01
201200052438;0;7;0;0;2;4;2;B01
201200052438;0;7;0;0;2;1;2;A01
201200052439;0;7;0;0;2;4;2;C01
201200052439;0;7;0;0;2;4;2;B01
201200052439;0;7;0;0;2;1;2;A01
201200052440;0;7;0;4;0;1;1;A01
201200052441;0;7;0;0;2;8;1;B01
201200052441;0;7;0;4;2;2;16;A01
201200052442;0;10;0;0;2;1;2;A01
201200052442;0;10;0;0;0;4;2;B01
201200052443;0;7;0;4;0;5;1;A01
201200052444;0;7;0;4;0;2;0;A01
201200052445;0;7;0;4;0;1;0;A01
201200052446;0;7;0;3;0;3;13;A01
201200052446;0;7;0;3;2;1;13;D01
201200052446;0;7;0;0;2;3;13;C01
201200052446;0;7;0;0;2;1;1;B01
201200052447;0;7;0;0;0;1;14;A01
201200052448;0;7;0;0;0;1;2;A01
201200052448;0;7;0;0;0;4;2;B01
201200052449;0;10;0;0;2;1;2;A01
201200052449;0;7;0;0;0;4;23;B01
201200052450;0;7;0;4;0;3;17;A01
201200052451;0;15;0;0;0;4;2;B01
201200052451;0;10;0;0;2;1;2;A01
201200052452;0;7;0;4;0;3;21;A01
201200052453;0;7;0;0;0;9;0;A01
201200052454;0;7;0;0;0;4;2;B01
201200052454;0;7;0;0;2;1;2;A01
201200052455;0;7;0;0;2;1;1;A01
201200052455;0;7;0;0;0;4;1;C01
201200052455;0;7;0;0;2;4;1;B01
201200052456;0;7;0;0;2;1;2;A01
201200052456;0;7;0;0;2;4;2;B01
201200052456;0;7;0;0;2;4;2;C01
201200052456;0;10;0;0;2;4;2;D01
201200052456;0;7;0;0;0;4;2;E01
201200052457;0;7;0;0;2;1;2;A01
201200052457;0;7;0;0;2;4;2;B01
201200052457;0;7;0;0;2;4;2;C01
201200052458;0;7;0;0;0;4;2;C01
201200052458;0;7;0;0;2;1;2;A01
201200052458;0;7;0;0;2;1;2;B01
201200052459;0;7;0;4;0;1;18;A01
201200052460;0;7;0;0;0;4;23;D01
201200052460;0;7;0;0;2;4;23;C01
201200052460;0;10;0;0;2;1;2;A01
201200052460;0;7;0;0;2;4;23;B01
201200052461;0;15;0;0;2;7;12;A01
201200052461;0;7;0;0;0;8;1;B01
201200052462;0;7;0;0;2;1;2;A01
201200052462;0;7;0;0;0;4;1;B01
201200052463;0;7;0;0;2;2;1;A01
201200052463;0;7;0;0;2;6;2;B01
201200052464;0;7;0;4;2;2;2;B01
201200052464;0;7;0;4;2;6;2;A01
201200052465;0;7;0;;;4;;B02
201200052465;0;7;0;;2;1;;A01
201200052466;0;15;0;0;2;2;12;A01
201200052466;0;7;0;3;2;8;2;B01
201200052467;0;7;0;0;0;6;2;A01
201200052467;0;10;0;0;2;2;1;B01
201200052468;0;7;0;0;2;4;2;B01
201200052468;0;7;0;0;2;1;0;C01
201200052468;0;7;0;0;2;1;1;A01
201200052469;0;15;0;0;0;6;2;B01
201200052469;0;7;0;14;0;1;2;A01
201200052470;0;7;0;0;2;4;2;D01
201200052470;1;7;0;0;2;1;2;A01
201200052470;0;7;0;0;2;4;2;C01
201200052470;0;7;0;0;2;4;2;B01
201200052471;0;7;0;4;0;3;1;A01
201200052472;0;7;0;0;2;2;2;A01
201200052472;0;7;0;0;0;4;2;C01
201200052472;0;7;0;0;2;4;2;B01
201200052473;0;7;0;0;2;1;12;A01
201200052473;0;10;0;0;2;4;1;B01
201200052473;0;7;0;0;2;4;2;C01
201200052473;0;7;0;0;2;4;1;D01
201200052473;0;7;0;0;2;4;1;E01
201200052474;0;7;0;4;0;3;0;A01
201200052475;0;7;0;0;2;2;17;B01
201200052475;0;7;0;0;2;2;1;A01
201200052476;0;10;0;0;2;1;2;A01
201200052476;0;7;0;0;0;8;0;B01
201200052477;0;7;0;15;0;1;0;A01
201200052478;0;7;0;0;0;4;2;B01
201200052478;0;7;0;0;2;1;2;A01
201200052479;0;7;0;0;2;4;2;B01
201200052479;0;33;0;0;2;1;2;A01
201200052480;0;7;0;0;2;1;2;A01
201200052480;0;7;0;0;2;4;2;B01
201200052480;0;17;0;0;0;4;2;C01
201200052481;2;7;0;3;;;13;A01
201200052481;0;7;0;;2;2;;B02
201200052482;0;7;0;4;0;3;11;A01
201200052483;0;17;0;0;2;1;2;A01
201200052483;0;7;0;0;2;4;2;B01
201200052484;0;7;0;4;0;3;2;A01
201200052485;0;33;0;0;0;6;16;A01
201200052486;0;17;0;0;2;5;12;A01
201200052486;0;7;0;0;2;1;2;C01
201200052486;0;7;0;0;2;1;2;D01
201200052486;0;7;0;4;2;6;2;B01
201200052487;0;38;59;0;2;1;2;A01
201200052487;0;7;0;0;2;4;23;B01
201200052487;0;7;0;0;2;4;23;C01
201200052487;0;7;0;0;2;4;23;D01
201200052487;0;7;0;0;2;6;23;E01
201200052487;0;7;0;0;2;4;23;F02
201200052488;0;7;0;0;0;4;23;C01
201200052488;0;7;0;0;2;1;11;A01
201200052488;0;7;0;0;2;4;23;B01
201200052489;0;7;0;0;2;1;2;A01
201200052489;0;10;0;0;2;4;2;B01