num_acc;senc;catv;occutc;obs;obsm;choc;manv;num_veh
201200052489;0;7;0;0;2;4;2;C01
201200052490;0;17;0;0;2;2;1;B01
201200052490;0;10;0;4;2;1;17;C01
201200052490;0;7;0;3;2;8;1;A01
201200052491;0;10;0;0;2;4;23;C01
201200052491;0;10;0;0;2;4;2;B01
201200052491;0;10;0;0;2;1;2;A01
201200052492;0;7;0;0;2;1;2;A01
201200052492;0;7;0;0;0;4;2;C01
201200052492;0;7;0;0;2;4;2;B01
201200052493;0;7;0;0;2;2;14;A01
201200052493;0;7;0;0;2;3;1;B01
201200052494;0;33;0;5;0;8;1;A01
201200052495;0;7;0;0;2;1;1;A01
201200052495;0;7;0;0;2;0;0;B01
201200052496;0;7;0;0;2;3;1;A01
201200052496;0;7;0;4;2;5;0;B01
201200052497;0;7;0;0;2;1;12;A01
201200052497;0;7;0;0;2;4;23;B01
201200052497;0;7;0;0;2;4;23;C01
201200052497;0;7;0;0;0;4;23;D01
201200052498;0;15;0;3;0;1;1;A01
201200052499;0;7;0;0;0;0;9;A01
201200052499;0;7;0;3;0;3;21;B01
201200052500;0;7;0;13;0;5;1;B01
201200052500;0;10;0;0;0;0;11;A01
201200052501;0;7;0;0;2;1;2;A01
201200052501;0;7;0;0;2;4;2;B01
201200052501;0;7;0;0;2;4;2;C01
201200052502;0;33;0;3;0;7;0;A01
201200052503;0;10;0;4;2;8;21;A01
201200052503;0;7;0;0;0;4;1;B01
201200052504;0;7;0;0;2;1;2;A01
201200052504;0;38;1;0;2;5;2;B01
201200052505;1;7;0;0;2;1;9;A01
201200052505;0;7;0;0;2;4;9;B01
201200052506;0;99;0;0;2;2;11;A01
201200052506;0;10;0;4;2;7;12;B01
201200052507;0;17;0;0;2;1;2;A01
201200052507;0;7;0;0;2;4;2;B01
201200052507;0;7;0;0;2;4;2;C01
201200052507;0;7;0;0;2;7;1;D01
201200052507;0;7;0;0;2;1;1;E01
201200052507;0;7;0;0;2;4;2;F02
201200052507;0;7;0;0;2;4;2;G02
201200052507;0;7;0;0;0;4;2;H02
201200052508;0;7;0;0;2;2;14;A01
201200052508;0;33;0;0;2;8;1;B01
201200052509;0;7;0;0;2;5;12;A01
201200052509;0;33;0;0;2;8;1;B01
201200052510;0;7;0;0;2;4;2;B01
201200052510;0;7;0;0;2;1;2;A01
201200052511;0;7;0;13;0;9;14;A01
201200052512;0;7;0;0;2;1;1;A01
201200052512;0;7;0;0;2;4;1;B01
201200052512;0;7;0;0;0;4;1;C01
201200052512;0;17;0;0;0;4;1;D01
201200052513;0;7;0;0;2;1;2;A01
201200052513;0;7;0;0;2;1;2;B01
201200052513;0;7;0;0;2;1;2;C01
201200052514;0;7;0;0;2;1;2;A01
201200052514;0;7;0;0;2;4;2;B01
201200052514;0;7;0;0;0;4;2;C01
201200052514;0;7;0;0;2;1;2;D01
201200052515;0;7;0;3;0;9;0;A01
201200052516;0;33;0;0;2;1;2;A01
201200052516;0;7;0;0;2;4;2;B01
201200052517;0;33;0;0;2;1;2;A01
201200052517;0;7;0;0;0;6;2;B01
201200052518;0;7;0;3;0;7;2;A01
201200052519;1;17;0;0;2;5;1;Z01
201200052519;0;33;0;0;2;8;21;A01
201200052520;0;7;0;4;2;3;2;A01
201200052520;0;7;0;0;0;4;2;B01
201200052521;0;33;0;0;2;1;2;A01
201200052521;0;7;0;0;0;6;2;B01
201200052522;0;7;0;0;2;1;2;A01
201200052522;0;10;0;0;2;4;2;B01
201200052522;0;10;0;0;0;4;2;C01
201200052523;0;7;0;0;2;1;2;A01
201200052523;0;7;0;0;2;4;2;B01
201200052523;0;7;0;0;0;4;2;C01
201200052524;0;7;0;3;2;1;1;B01
201200052524;0;7;0;3;0;1;1;A01
201200052525;0;7;0;15;0;2;19;A01
201200052526;0;7;0;4;0;2;1;A01
201200052527;0;7;0;0;2;3;2;A01
201200052527;0;7;0;0;0;5;2;B01
201200052527;0;7;0;0;0;4;2;C01
201200052528;0;10;0;0;2;3;2;A01
201200052529;0;13;0;0;2;1;2;A01
201200052529;0;7;0;0;2;4;2;B01
201200052530;0;7;0;13;0;1;21;A01
201200052531;0;7;0;4;2;2;12;A01
201200052531;0;7;0;4;2;6;1;B01
201200052532;0;7;0;3;0;4;0;A01
201200052533;0;33;0;12;0;1;1;A01
201200052534;0;7;0;0;0;4;1;C01
201200052534;0;7;0;0;2;1;11;A01
201200052534;0;7;0;0;2;4;1;B01
201200052535;0;7;0;0;0;4;2;B01
201200052535;0;7;0;0;2;1;2;A01
201200052536;0;7;0;0;2;2;12;A01
201200052536;0;7;0;4;0;6;2;B01
201200052537;0;7;0;0;0;1;1;A01
201200052538;0;7;0;3;0;9;19;A01
201200052539;0;7;0;4;2;3;11;A01
201200052539;0;15;0;0;2;3;1;B01
201200052540;0;7;0;0;2;2;1;B02
201200052540;0;7;0;0;2;1;1;C02
201200052540;2;7;0;3;0;1;;A01
201200052541;0;7;0;0;2;5;2;A01
201200052541;0;7;0;0;2;9;2;B01
201200052542;0;7;0;0;2;6;18;A01
201200052542;0;17;0;0;2;2;2;B01
201200052543;0;7;0;4;0;3;1;A01
201200052544;0;7;0;0;2;1;2;A01
201200052544;0;33;0;0;0;4;2;B01
201200052545;0;7;0;0;0;0;24;T01
201200052545;1;7;0;0;1;2;3;Z01
201200052546;0;7;0;0;0;5;1;B01
201200052546;0;7;0;0;2;2;14;A01
201200052547;0;7;0;4;0;3;17;A01
201200052548;0;7;0;0;2;3;2;A01
201200052548;0;7;0;0;2;4;2;C01
201200052548;0;7;0;0;2;5;2;B01
201200052548;0;7;0;0;0;4;2;D01
201200052549;0;33;0;0;2;1;2;A01
201200052549;0;7;0;0;0;6;2;B01
201200052550;0;7;0;0;2;1;2;A01
201200052550;0;7;0;0;2;4;23;B01
201200052550;0;7;0;0;2;4;23;C01
201200052550;0;7;0;0;2;4;23;D01
201200052550;0;10;0;0;0;4;23;E01
201200052551;0;10;0;0;2;1;2;A01
201200052551;0;7;0;0;0;4;2;B01
201200052552;0;10;0;13;0;1;2;A01
201200052553;0;17;0;0;2;3;2;A01
201200052553;0;10;0;4;2;5;2;B01
201200052554;0;7;0;3;0;8;11;A01
201200052555;0;7;0;0;2;1;1;A01
201200052555;0;38;47;0;0;4;1;B01
201200052556;0;7;0;0;1;7;21;A01
201200052557;0;7;0;7;0;1;0;A01
201200052558;0;7;0;0;2;4;2;B01
201200052558;0;7;0;0;2;1;2;A01
201200052559;0;7;0;0;2;1;2;A01
201200052559;0;7;0;0;0;4;2;B01
201200052560;0;10;0;0;2;1;2;A01
201200052560;0;7;0;0;0;4;2;B01
201200052561;0;7;0;0;2;1;2;A01
201200052561;0;7;0;0;0;4;2;B01
201200052561;0;7;0;0;2;1;2;C01
201200052562;0;7;0;4;2;1;13;A01
201200052562;0;10;0;0;2;6;2;B01
201200052563;0;10;0;0;2;1;2;A01
201200052563;0;7;0;0;2;4;2;B01
201200052563;0;7;0;0;2;4;2;C01
201200052563;0;15;0;0;0;4;2;D01
201200052564;0;10;0;0;0;9;1;A01
201200052565;0;7;0;4;0;0;1;A01
201200052566;0;10;0;13;0;7;21;A01
201200052567;1;10;0;0;2;7;12;Z01
201200052567;0;33;0;0;2;8;1;A01
201200052568;0;10;0;0;2;7;12;A01
201200052568;0;33;0;0;2;3;12;B01
201200052569;0;7;0;0;2;2;17;A01
201200052569;0;7;0;0;0;6;2;B01
201200052570;0;7;0;0;0;8;13;A01
201200052571;0;7;0;0;0;9;6;A01
201200052572;0;99;0;;2;3;;A01
201200052572;0;7;0;;2;5;;B02
201200052573;0;7;0;0;2;2;2;A01
201200052573;0;7;0;0;2;4;2;B01
201200052573;0;7;0;0;2;4;0;C01
201200052573;0;7;0;0;2;6;0;D01
201200052574;0;7;0;0;2;6;13;A01
201200052574;0;7;0;0;2;2;2;B01
201200052575;0;17;0;0;2;1;1;A01
201200052575;0;7;0;0;2;8;9;B01
201200052576;0;7;0;0;2;1;2;A01
201200052576;0;7;0;0;0;4;2;B01
201200052577;0;7;0;0;2;1;2;A01
201200052577;0;7;0;0;0;4;2;B01
201200052578;0;33;0;0;2;3;1;B01
201200052578;0;7;0;0;9;7;10;A01
201200052579;0;7;0;0;0;1;6;A01
201200052579;0;7;0;0;0;8;1;B01
201200052580;0;7;0;0;2;1;12;A01
201200052580;0;7;0;0;2;3;2;B01
201200052580;0;7;0;0;0;8;2;C01
201200052581;0;7;0;4;0;8;0;A01
201200052582;0;7;0;4;0;3;17;A01
201200052583;0;15;0;0;2;3;2;A01
201200052583;0;33;0;0;0;4;2;B01
201200052583;0;7;0;0;0;4;2;C01
201200052584;0;14;0;4;0;7;1;A01
201200052585;0;7;0;0;2;1;2;A01
201200052585;0;7;0;0;0;4;2;B01
201200052585;1;14;0;0;0;4;2;Z01
201200052586;0;7;0;0;0;5;15;A01
201200052586;0;33;0;0;2;1;2;B01
201200052587;0;31;0;0;2;1;2;A01
201200052587;0;7;0;0;2;6;2;B01
201200052588;0;7;0;3;;1;;A01
201200052589;0;7;0;0;2;7;11;A01
201200052589;0;17;0;4;0;8;1;B01
201200052590;0;17;0;0;2;2;12;A01
201200052590;0;14;0;0;2;4;23;B01
201200052590;0;17;0;0;2;4;23;C01
201200052591;0;20;0;0;0;0;0;A01
201200052592;0;17;0;4;0;8;9;A01
201200052593;0;7;0;0;2;2;0;A01
201200052593;0;32;0;0;2;5;3;B01
201200052594;0;15;0;0;2;2;12;A01
201200052594;0;7;0;0;0;6;2;B01
201200052595;0;33;0;0;2;1;2;A01
201200052595;0;7;0;0;2;4;2;B01
201200052596;0;7;0;1;0;1;19;A01
201200052596;0;7;0;0;0;4;23;B01
201200052597;0;7;0;0;2;1;2;A01
201200052597;0;7;0;0;0;4;2;B01
201200052598;0;7;0;3;0;9;11;A01
201200052599;0;7;0;0;2;1;2;A01
201200052599;0;7;0;0;0;4;2;B01
201200052600;0;7;0;14;0;2;16;A01
201200052601;0;7;0;4;0;8;12;A01
201200052602;0;7;0;4;0;3;13;A01
201200052603;0;7;0;4;0;3;1;A01
201200052604;0;7;0;4;0;1;1;A01
201200052605;0;7;0;0;2;3;9;A01
201200052605;0;7;0;0;0;6;1;B01
201200052606;0;7;0;0;2;1;21;A01
201200052606;0;7;0;0;0;4;0;B01
201200052607;0;7;0;0;2;6;1;A01
201200052607;0;7;0;0;0;5;1;B01
201200052608;0;33;0;7;2;2;3;A01
201200052608;0;10;0;0;2;5;2;B01
201200052609;0;7;0;0;2;1;2;A01
201200052609;0;7;0;0;2;4;2;B01
201200052609;0;7;0;0;0;4;2;C01
201200052610;0;7;0;0;2;1;2;A01
201200052610;0;7;0;0;2;4;2;B01
201200052610;0;7;0;0;2;4;2;C01
201200052611;0;15;0;0;2;1;2;A01
201200052611;0;7;0;0;2;3;1;B01
201200052612;0;7;0;0;0;4;2;B01
201200052612;0;7;0;0;2;1;2;A01
201200052613;0;7;0;6;0;7;11;A01
201200052614;0;7;0;0;2;1;2;A01
201200052614;0;7;0;0;0;4;2;D01
201200052614;0;7;0;0;2;9;2;B02
201200052614;0;7;0;0;2;9;0;C02
201200052615;0;7;0;0;2;1;2;A01
201200052615;0;7;0;0;2;4;2;B01
201200052615;0;7;0;0;2;4;2;C01
201200052616;0;7;0;0;2;9;13;A01
201200052616;1;7;0;0;0;;;Z01
201200052617;0;7;0;4;;9;1;A01
201200052618;0;33;0;0;2;7;9;A01
201200052618;0;7;0;0;2;3;13;B01
201200052619;0;7;0;4;2;3;11;A01
201200052619;0;7;0;3;2;8;1;B01
201200052620;0;7;0;0;2;1;1;A01
201200052620;0;33;0;0;0;4;3;B01
201200052620;0;7;0;0;0;6;2;C01
201200052621;0;7;0;3;2;1;17;A01
201200052621;0;7;0;0;2;4;2;B01
201200052621;0;7;0;0;2;4;2;C01
201200052622;0;7;0;0;2;8;13;A01
201200052622;0;33;0;0;2;7;17;B01
201200052623;0;7;0;0;2;4;2;B01
201200052623;0;7;0;0;2;1;2;A01
201200052624;0;7;0;4;0;2;1;A01
201200052625;0;7;0;0;2;2;14;A01
201200052625;0;7;0;4;0;9;0;B01
201200052626;0;33;0;0;0;7;21;A01
201200052627;0;7;0;0;0;9;0;A01
201200052628;0;10;0;4;0;1;1;A01
201200052629;0;10;0;0;0;4;2;B01
201200052629;0;7;0;0;2;1;2;A01
201200052629;0;7;0;0;0;6;23;C01
201200052630;0;7;0;1;0;1;1;A01
201200052630;0;7;0;0;0;4;1;B01
201200052631;0;7;0;4;0;6;1;A01
201200052631;1;7;0;0;2;0;0;Z01
201200052632;0;33;0;0;0;8;1;A01
201200052633;0;7;0;0;2;1;14;A01
201200052633;0;7;0;0;2;6;1;B01
201200052634;0;10;0;0;2;1;2;A01
201200052634;0;13;0;0;2;4;2;B01
201200052634;0;10;0;0;0;4;2;C01
201200052635;0;33;0;0;2;7;17;A01
201200052635;0;10;0;0;2;8;13;B01
201200052636;0;7;0;6;0;7;1;A01
201200052637;0;7;0;4;2;7;3;A01
201200052637;0;7;0;0;2;8;21;B01
201200052638;0;7;0;0;2;1;2;A01
201200052638;0;7;0;0;0;4;1;B01
201200052639;0;7;0;0;2;3;11;A01
201200052639;0;33;0;0;2;7;2;B01
201200052640;0;7;0;0;2;6;0;A01
201200052640;0;17;0;0;2;2;0;B01
201200052641;0;10;0;0;2;1;2;A01
201200052641;0;7;0;0;2;4;2;B01
201200052641;0;7;0;0;2;4;2;C01
201200052641;0;7;0;0;2;1;2;D01
201200052642;0;15;0;0;2;7;12;A01
201200052642;0;7;0;4;2;8;1;B01
201200052643;0;7;0;0;9;3;1;A01
201200052644;0;7;0;0;2;8;10;A01
201200052644;0;7;0;0;2;1;1;B01
201200052645;0;7;0;0;2;6;2;A01
201200052645;0;31;0;0;2;2;0;B01
201200052646;0;7;0;4;0;1;0;A01
201200052647;0;7;0;0;2;1;2;A01
201200052647;0;7;0;0;0;4;2;B01
201200052648;0;10;0;4;2;8;11;A01
201200052648;0;7;0;0;2;2;1;B01
201200052649;0;32;0;0;0;0;1;A01
201200052650;0;7;0;0;2;1;2;A01
201200052650;0;10;0;0;0;4;2;B01
201200052651;0;17;0;0;2;1;12;A01
201200052651;0;7;0;0;2;4;9;B01
201200052652;0;15;0;0;2;2;21;A01
201200052652;0;7;0;0;0;4;2;B01
201200052653;0;33;0;0;2;1;2;A01
201200052653;0;7;0;0;0;6;2;B01
201200052654;0;7;0;4;0;8;11;A01
201200052655;0;7;0;4;0;3;1;A01
201200052656;0;7;0;0;0;9;1;A01
201200052656;0;7;0;0;2;7;1;B01
201200052657;0;7;0;0;2;6;1;B01
201200052657;0;7;0;3;0;2;14;A01
201200052658;0;7;0;4;0;8;1;A01
201200052659;0;7;0;3;2;7;14;A01
201200052659;0;7;0;0;2;8;1;B01
201200052659;0;7;0;0;2;1;1;C01
201200052660;2;7;0;0;2;1;2;A01
201200052660;0;10;0;0;0;6;2;B01
201200052661;0;7;0;3;0;8;1;A01
201200052662;0;7;0;0;0;4;1;B01
201200052662;0;33;0;0;2;1;9;A01
201200052663;0;10;0;6;0;3;13;A01
201200052664;0;7;0;0;2;5;14;A01
201200052664;0;10;0;0;2;7;1;B01
201200052665;0;33;0;0;2;0;2;A01
201200052666;0;7;0;0;2;2;12;A01
201200052666;0;7;0;0;2;6;2;B01
201200052666;0;10;0;0;2;4;2;C01
201200052667;0;7;0;4;;;;A01
201200052668;1;7;0;0;2;2;9;A01
201200052668;0;99;0;0;0;4;1;B01
201200052669;0;10;0;0;2;1;2;A01
201200052669;0;7;0;0;2;4;2;B01
201200052669;0;10;0;0;2;4;23;C01
201200052670;0;7;0;0;2;5;1;B01
201200052670;0;7;0;4;2;1;1;A01
201200052671;0;7;0;7;0;1;1;A01
201200052672;0;31;0;0;0;9;21;A01
201200052673;0;7;0;4;0;3;1;A01
201200052674;0;7;0;0;0;5;12;A01
201200052674;0;7;0;0;2;3;1;B01
201200052675;0;33;0;3;0;3;1;A01
201200052676;0;7;0;0;2;1;2;A01
201200052676;0;7;0;0;2;4;2;B01
201200052676;0;7;0;0;2;4;2;C01
201200052677;0;7;0;4;0;3;13;A01
201200052677;0;10;0;0;0;0;1;B01
201200052678;0;33;0;0;0;7;1;A01
201200052679;0;7;0;4;2;3;2;A01
201200052679;0;7;0;4;2;7;2;B01
201200052680;0;7;0;0;0;3;1;B01
201200052680;0;15;0;0;2;2;12;A01
201200052681;0;7;0;0;2;5;12;A01
201200052681;0;14;0;0;2;3;1;B01
201200052682;0;7;0;0;2;2;14;A01
201200052682;0;33;0;0;0;4;1;B01
201200052683;0;10;0;0;2;1;2;A01
201200052683;0;7;0;0;2;4;2;B01
201200052683;0;7;0;0;0;4;2;C01
201200052684;0;7;0;0;2;5;21;A01
201200052684;0;7;0;0;2;6;2;B01
201200052685;0;7;0;4;0;3;2;A01
201200052686;0;7;0;4;0;1;0;A01
201200052687;0;7;0;12;0;3;0;A01
201200052688;0;10;0;3;2;5;12;A01
201200052688;0;7;0;3;2;2;13;B01
201200052689;0;7;0;0;0;3;1;A01
201200052689;0;14;0;0;0;3;1;B01
201200052689;0;7;0;0;0;7;1;C01
201200052690;0;33;0;0;2;8;21;A01
201200052691;0;7;0;0;2;1;2;A01
201200052691;0;7;0;0;2;4;2;B01
201200052691;0;7;0;0;2;4;2;C01
201200052692;0;7;0;0;2;1;2;A01
201200052692;0;7;0;0;0;4;2;B01
201200052693;0;7;0;0;2;1;2;A01
201200052693;0;10;0;0;0;4;2;B01
201200052694;0;33;0;0;0;8;0;A01
201200052695;0;7;0;0;9;4;23;A01
201200052695;1;7;0;0;0;;;Z01
201200052696;0;10;0;0;2;1;2;A01
201200052696;0;7;0;0;2;4;0;B01
201200052696;0;7;0;0;2;4;0;C01
201200052697;0;33;0;0;2;0;3;A01
201200052697;0;14;0;0;0;0;12;B01
201200052698;0;15;0;0;2;7;12;A01
201200052698;0;7;0;0;2;8;1;B01
201200052699;0;10;0;0;2;1;2;B01
201200052699;0;10;0;0;0;6;2;C01
201200052699;0;33;0;0;2;1;2;A01
201200052700;0;14;0;0;2;2;2;A01
201200052700;0;7;0;3;0;1;0;C01
201200052700;0;15;0;0;2;6;2;B01
201200052701;0;7;0;4;0;2;1;A01
201200052702;0;7;0;0;2;3;23;B01
201200052702;0;7;0;0;2;2;2;A01
201200052703;0;7;0;0;2;1;2;A01
201200052703;0;7;0;3;0;4;2;B01
201200052704;0;7;0;0;2;2;12;A01
201200052704;0;7;0;0;0;4;1;B01
201200052705;0;7;0;0;2;1;2;A01
201200052705;0;7;0;0;2;1;2;B01
201200052705;0;7;0;0;2;4;2;C01
201200052705;0;7;0;0;2;4;2;D01
201200052706;0;7;0;4;0;3;12;A01
201200052707;0;7;0;4;2;7;17;A01
201200052708;0;7;0;4;2;1;11;A01
201200052708;0;7;0;0;2;1;1;B01
201200052709;0;33;0;0;0;7;0;A01
201200052710;0;7;0;4;0;3;13;A01
201200052711;0;7;0;4;0;3;1;A01
201200052712;0;7;0;0;2;4;2;C01
201200052712;0;7;0;0;2;1;2;A01
201200052712;0;7;0;0;2;4;2;B01
201200052713;0;7;0;13;0;9;1;A01
201200052714;0;7;0;3;0;2;0;A01
201200052715;0;7;0;0;2;1;2;A01
201200052715;0;7;0;0;2;4;1;B01
201200052716;0;7;0;0;0;1;0;A01
201200052717;0;7;0;4;0;4;2;A01
201200052718;0;7;0;4;0;3;0;A01
201200052719;0;7;0;0;2;1;2;A01
201200052719;0;7;0;0;2;1;2;B01
201200052719;0;7;0;0;2;4;2;C01
201200052720;0;7;0;0;6;3;1;A01
201200052721;0;7;0;0;2;1;2;A01
201200052721;0;17;0;0;0;4;2;B01
201200052722;0;7;0;0;0;5;11;A01
201200052722;0;7;0;0;2;1;1;B01
201200052722;0;7;0;0;0;4;2;C01
201200052723;0;7;0;0;2;2;2;A01
201200052723;0;7;0;0;2;4;2;B01
201200052724;0;7;0;0;0;3;1;B01
201200052724;0;7;0;0;2;7;12;A01
201200052725;0;7;0;0;2;1;1;A01
201200052725;0;7;0;0;2;4;2;B01
201200052725;0;7;0;0;2;6;1;C01
201200052726;0;7;0;3;0;1;1;A01
201200052727;0;10;0;0;0;6;1;A01
201200052727;0;15;0;0;0;2;1;B01
201200052728;0;7;0;4;0;1;12;A01
201200052729;0;7;0;1;0;3;2;A01
201200052730;1;7;0;4;0;3;21;A01
201200052730;1;7;0;0;0;;;Z01
201200052731;0;7;0;3;0;1;21;A01
201200052732;0;7;0;0;2;2;17;A01
201200052732;0;7;0;0;2;6;1;B02
201200052733;0;7;0;4;2;7;12;A01
201200052733;0;17;0;0;2;8;1;B01
201200052734;0;7;0;0;9;3;0;A01
201200052735;0;7;0;0;2;7;17;A01
201200052735;0;7;0;4;2;3;1;B01
201200052736;0;7;0;0;2;4;2;C01
201200052736;0;7;0;0;2;4;2;D01
201200052736;0;7;0;0;2;4;2;B01
201200052736;0;7;0;0;2;1;1;A01
201200052737;1;7;0;0;2;3;18;Z01
201200052737;0;7;0;4;2;5;0;A01
201200052738;0;10;0;0;0;7;12;A01
201200052738;0;10;0;0;0;8;1;B01
201200052739;0;7;0;3;0;2;1;A01
201200052740;0;7;0;4;0;1;0;A01
201200052741;0;17;0;4;0;3;16;A01
201200052742;0;7;0;0;2;1;1;A01
201200052742;0;7;0;0;2;4;11;B01
201200052743;0;7;0;0;2;1;2;A01
201200052743;0;7;0;0;2;4;2;B01
201200052744;0;7;0;4;2;2;17;A01
201200052744;0;7;0;0;2;6;11;B01
201200052745;0;7;0;10;0;1;14;A01
201200052746;0;33;0;0;0;0;1;A01
201200052747;0;7;0;0;2;6;10;A01
201200052747;0;7;0;0;2;1;1;B01
201200052748;0;7;0;0;2;8;13;A01
201200052748;0;7;0;0;2;3;21;B01
201200052749;0;7;0;0;2;1;0;A01
201200052749;0;7;0;0;2;8;0;B01
201200052750;0;7;0;3;0;3;1;B01
201200052750;0;7;0;4;2;7;1;A01
201200052751;0;7;0;0;2;1;12;A01
201200052751;0;7;0;4;0;5;12;B01
201200052752;0;7;0;0;2;2;2;A01
201200052752;0;33;0;0;0;6;2;B01
201200052753;0;7;0;0;2;2;17;A01
201200052753;0;7;0;0;2;6;1;B01
201200052754;0;14;0;0;2;7;12;A01
201200052754;0;7;0;0;2;8;1;B01
201200052755;0;7;0;4;0;3;0;A01
201200052756;0;7;0;4;2;1;9;A01
201200052756;0;7;0;0;0;1;1;B01
201200052757;0;7;0;4;0;2;1;A01
201200052758;0;7;0;4;0;3;0;A01
201200052759;0;7;0;4;2;6;1;B01
201200052759;1;7;0;4;2;1;18;A01
201200052760;0;10;0;0;2;3;1;A01
201200052760;0;14;0;0;2;2;12;B01
201200052761;0;7;0;4;0;3;1;A01
201200052762;0;7;0;4;0;1;1;A01
201200052763;0;7;0;4;0;6;1;A01
201200052764;0;7;0;3;0;1;0;A01
201200052764;0;7;0;0;0;0;0;T01
201200052765;0;7;0;0;0;6;1;B01
201200052765;0;7;0;0;0;2;14;A01
201200052766;0;7;0;0;2;6;1;B01
201200052766;0;7;0;0;2;2;14;A01
201200052767;0;7;0;16;0;9;1;A01
201200052768;0;7;0;4;0;8;13;A01
201200052769;0;7;0;4;0;5;1;A01
201200052770;0;7;0;0;2;7;1;A01
201200052770;0;7;0;0;0;7;1;B01
201200052771;0;17;0;0;1;8;21;A01
201200052772;0;10;0;0;0;4;2;C01
201200052772;0;7;0;0;0;6;11;A01
201200052772;0;10;0;0;2;2;2;B01
201200052773;0;33;0;0;0;8;3;A01
201200052774;0;7;0;0;2;2;11;A01
201200052774;0;7;0;0;2;6;1;B01
201200052775;0;33;0;0;2;1;2;A01
201200052775;0;7;0;0;2;4;2;B01
201200052776;0;7;0;0;2;6;2;A01
201200052776;1;7;0;0;0;;;Z01
201200052777;0;7;0;0;2;1;2;A01
201200052777;0;7;0;0;0;4;2;B01
201200052778;0;7;0;0;2;3;5;A01
201200052778;0;7;0;0;2;3;1;B01
201200052778;0;7;0;0;2;1;1;C01
201200052778;0;7;0;0;9;1;1;D01
201200052778;0;7;0;0;9;1;1;E01
201200052779;0;10;0;1;0;1;1;A01
201200052779;0;7;0;0;0;4;0;B01
201200052780;0;7;0;0;2;1;2;A01
201200052780;0;7;0;0;0;4;2;B01
201200052781;0;7;0;0;2;2;1;B01
201200052781;0;7;0;0;2;6;11;A01
201200052782;0;7;0;0;0;7;1;B01
201200052782;0;7;0;0;2;0;1;A01
201200052782;0;7;0;14;0;4;23;D01
201200052782;0;7;0;14;0;1;21;E01
201200052782;0;7;0;14;0;3;21;C01
201200052783;0;7;0;4;0;2;14;A01
201200052784;0;31;0;0;0;2;0;A01
201200052785;0;7;0;0;0;4;2;B01
201200052785;0;7;0;0;2;1;2;A01
201200052786;0;7;0;0;2;1;2;A01
201200052786;0;7;0;0;2;4;2;B01
201200052787;0;15;0;4;0;3;2;A01
201200052788;0;7;0;14;0;4;2;B01
201200052788;0;7;0;14;0;1;2;A01
201200052788;0;10;0;0;0;4;2;C01
201200052789;0;15;0;0;2;2;12;A01
201200052789;0;7;0;0;2;5;2;B01
201200052790;0;15;0;0;2;1;2;A01
201200052790;0;10;0;0;2;4;2;B01
201200052790;0;7;0;0;0;4;2;C01
201200052791;0;7;0;4;0;1;2;A01
201200052792;0;7;0;0;2;1;2;A01
201200052792;0;7;0;0;2;1;2;B01
201200052792;0;7;0;0;2;4;2;C01
201200052793;0;7;0;4;0;2;2;A01
201200052794;0;7;0;0;2;1;2;A01
201200052794;0;99;0;0;2;4;2;B01
201200052795;0;7;0;13;0;7;17;A01
201200052796;0;10;0;0;2;1;2;A01
201200052796;0;7;0;0;2;4;2;B01
201200052797;0;7;0;0;9;3;13;A01
201200052797;0;31;0;0;2;7;1;B01
201200052798;0;7;0;0;0;5;2;B01
201200052798;0;33;0;0;2;1;2;A01
201200052799;0;7;0;0;2;4;23;B01
201200052799;0;14;0;0;2;1;2;A01
201200052800;0;7;0;0;0;4;2;D01
201200052800;0;17;0;0;2;4;2;B01
201200052800;0;7;0;0;2;4;2;C01
201200052800;0;17;0;0;2;1;1;A01
201200052801;0;15;0;0;2;2;11;A01
201200052801;0;14;0;0;0;6;1;B01
201200052802;0;17;0;0;2;4;2;B01
201200052802;0;10;0;0;2;1;2;A01
201200052803;0;15;0;0;2;2;12;A01
201200052803;0;7;0;4;2;6;2;B01
201200052804;0;7;0;4;0;2;1;A01
201200052805;0;7;0;0;2;2;12;A01
201200052805;0;7;0;4;2;6;1;B01
201200052806;0;7;0;3;2;2;2;A01
201200052806;0;7;0;0;0;3;2;B01
201200052806;0;10;0;0;0;4;2;C01
201200052807;0;7;0;6;0;1;0;A01
201200052808;0;7;0;0;2;1;2;A01
201200052808;0;7;0;0;2;4;2;B01
201200052808;0;7;0;0;2;4;2;C01
201200052808;0;7;0;0;2;4;2;D01
201200052809;0;7;0;4;2;2;14;A01
201200052809;0;7;0;0;0;6;1;B01
201200052810;0;7;0;0;0;4;17;A01
201200052810;0;7;0;0;2;1;0;B01
201200052810;0;7;0;0;2;1;0;C01
201200052811;0;7;0;0;2;4;2;B01
201200052811;1;7;0;0;2;1;2;A01
201200052812;0;15;0;0;2;2;12;A01
201200052812;0;7;0;0;0;8;1;B01
201200052813;0;7;0;0;2;1;1;A01
201200052813;0;7;0;0;0;4;1;B01
201200052814;0;7;0;0;2;4;1;B01
201200052814;0;7;0;11;2;0;9;A01
201200052815;0;7;0;3;2;1;1;A01
201200052815;0;7;0;0;2;8;1;B01
201200052816;0;7;0;0;2;1;2;A01
201200052816;0;7;0;0;2;4;2;B01
201200052817;0;7;0;0;0;7;1;B01
201200052817;0;7;0;4;2;8;11;A01
201200052818;0;7;0;0;0;4;2;B01
201200052818;0;7;0;0;2;1;2;A01
201200052819;0;7;0;0;0;4;2;B01
201200052819;0;7;0;0;0;4;2;C01
201200052819;0;7;0;0;0;1;2;A01