num_acc;senc;catv;occutc;obs;obsm;choc;manv;num_veh
201200052820;0;7;0;4;0;3;0;A01
201200052821;0;17;0;0;0;4;23;B01
201200052821;0;7;0;0;2;1;23;A01
201200052822;0;7;0;0;2;4;0;B01
201200052822;0;7;0;0;2;1;2;A01
201200052823;0;7;0;4;0;9;0;A01
201200052824;0;7;0;0;2;2;14;A01
201200052824;0;7;0;0;2;6;1;B01
201200052825;0;7;0;0;2;6;11;A01
201200052825;0;7;0;0;2;1;2;B01
201200052826;0;10;0;5;0;1;1;A01
201200052827;0;7;0;4;0;3;1;A01
201200052828;0;7;0;0;2;1;0;A01
201200052828;0;7;0;0;0;4;1;B01
201200052829;0;7;0;4;0;3;21;A01
201200052830;0;7;0;0;2;4;2;C01
201200052830;0;7;0;0;2;4;2;E01
201200052830;0;7;0;0;2;1;2;A01
201200052830;0;7;0;0;2;4;2;B01
201200052830;0;7;0;0;2;4;2;D01
201200052831;0;7;0;4;0;9;1;A01
201200052832;0;14;0;0;2;2;12;A01
201200052832;0;7;0;0;2;8;0;B01
201200052833;0;7;0;0;2;2;1;B01
201200052833;0;7;0;0;2;3;0;A01
201200052834;0;7;0;0;2;2;2;A01
201200052834;0;7;0;0;2;6;2;B01
201200052835;0;7;0;0;2;2;12;A01
201200052835;0;7;0;0;2;6;1;B01
201200052836;0;7;0;0;2;5;2;B01
201200052836;0;33;0;0;2;1;2;A01
201200052837;0;7;0;0;2;8;24;A01
201200052837;0;14;0;1;0;7;1;B01
201200052838;0;7;0;0;1;3;1;A01
201200052839;0;7;0;0;2;8;15;A01
201200052839;0;7;0;0;2;7;1;B01
201200052840;0;7;0;0;2;1;1;B01
201200052840;0;7;0;0;2;8;1;A01
201200052841;0;7;0;0;2;4;0;B01
201200052841;0;7;0;0;2;1;1;A01
201200052842;0;7;0;0;2;1;1;B01
201200052842;0;7;0;0;2;7;15;A01
201200052843;0;7;0;0;2;4;1;B01
201200052843;0;7;0;0;2;1;1;A01
201200052844;0;30;0;0;2;1;1;B01
201200052844;0;7;0;0;0;3;10;A01
201200052845;0;7;0;1;1;2;0;A01
201200052845;0;7;0;0;2;3;0;B01
201200052846;0;7;0;0;2;0;23;A01
201200052846;0;1;0;0;2;1;1;B01
201200052847;0;10;0;0;1;2;1;A01
201200052848;0;33;0;0;2;1;13;A01
201200052848;0;7;0;0;2;8;15;B01
201200052849;0;7;0;0;2;3;11;A01
201200052849;0;1;0;0;2;1;1;B01
201200052850;0;10;0;0;2;1;1;A01
201200052850;0;32;0;0;2;1;1;B01
201200052851;0;1;0;0;2;2;1;A01
201200052852;0;7;0;0;2;1;1;B01
201200052852;0;7;0;9;2;3;15;A01
201200052853;0;7;0;0;2;3;13;A01
201200052853;0;33;0;1;2;1;17;B01
201200052854;0;10;0;0;1;4;20;A01
201200052855;0;7;0;0;2;1;2;A01
201200052855;0;7;0;0;2;4;2;B01
201200052855;0;7;0;0;0;4;2;C01
201200052856;0;33;0;8;0;2;2;A01
201200052857;0;7;0;0;1;7;1;A01
201200052858;0;7;0;0;1;3;1;A01
201200052859;0;33;0;0;2;1;0;A01
201200052859;0;7;0;0;2;3;0;B01
201200052860;0;10;0;0;2;3;15;A01
201200052860;0;7;0;0;2;3;1;B01
201200052861;0;2;0;0;2;7;13;A01
201200052861;0;7;0;0;2;5;15;B01
201200052862;0;10;0;0;2;0;10;A01
201200052862;0;33;0;0;2;8;2;B01
201200052863;0;10;0;0;2;0;0;A01
201200052863;1;31;0;0;2;0;0;Z01
201200052864;0;7;0;0;1;3;1;A01
201200052865;0;7;0;0;2;3;15;A01
201200052865;0;30;0;0;2;1;1;B01
201200052866;0;7;0;0;2;1;2;A01
201200052866;0;7;0;0;0;4;1;B01
201200052867;0;7;0;0;2;7;16;A01
201200052867;0;33;0;0;2;1;1;B01
201200052868;0;7;0;0;1;6;4;A01
201200052869;0;7;0;0;2;3;15;A01
201200052869;0;30;0;0;2;1;2;B01
201200052870;0;7;0;0;1;2;17;A01
201200052871;0;7;0;0;2;3;15;A01
201200052871;0;7;0;0;2;8;1;B01
201200052871;0;7;0;0;2;3;1;C01
201200052872;1;30;0;0;1;0;0;Z01
201200052873;0;7;0;7;0;1;1;A01
201200052874;0;7;0;0;2;1;15;A01
201200052874;0;33;0;0;2;1;1;B01
201200052875;0;7;0;0;1;7;1;A01
201200052876;0;37;20;0;2;1;1;B01
201200052876;0;7;0;0;2;1;15;A01
201200052877;0;7;0;0;2;7;1;A01
201200052877;0;7;0;0;2;1;1;B01
201200052878;0;7;0;8;0;7;1;A01
201200052879;0;7;0;0;2;2;1;A01
201200052879;0;7;0;0;2;3;15;B01
201200052880;0;7;0;0;1;1;1;A01
201200052881;0;7;0;0;1;2;1;A01
201200052882;0;1;0;0;2;1;1;A01
201200052882;0;7;0;0;2;8;1;B01
201200052883;0;7;0;8;0;1;0;A01
201200052884;0;7;0;0;2;2;2;A01
201200052884;0;7;0;0;2;6;2;B01
201200052885;0;7;0;0;2;2;13;A01
201200052885;0;7;0;0;2;8;15;B01
201200052886;0;7;0;0;1;8;1;A01
201200052887;0;10;0;8;0;1;13;A01
201200052888;0;7;0;0;2;7;15;A01
201200052888;0;32;0;0;2;1;1;B01
201200052889;0;37;15;0;1;3;1;A01
201200052890;0;2;0;0;2;1;2;A01
201200052890;0;7;0;0;2;4;23;B01
201200052891;0;10;0;0;2;1;15;A01
201200052891;0;33;0;0;2;2;21;B01
201200052892;0;7;0;13;0;9;1;A01
201200052893;0;7;0;0;2;1;2;A01
201200052893;0;7;0;0;2;4;2;B01
201200052894;0;7;0;0;1;7;16;A01
201200052895;0;7;0;0;2;1;2;A01
201200052895;0;7;0;0;2;2;2;B01
201200052895;0;7;0;0;2;4;2;C01
201200052895;0;7;0;0;2;4;2;D01
201200052896;0;7;0;0;1;2;16;A01
201200052897;0;7;0;0;0;0;0;A01
201200052898;0;33;0;0;2;8;1;A01
201200052898;1;7;0;0;2;0;9;Z01
201200052899;0;7;0;0;2;3;24;A01
201200052899;0;1;0;15;0;1;1;B01
201200052900;0;7;0;0;1;1;1;A01
201200052901;0;7;0;1;0;1;13;A01
201200052901;0;7;0;0;2;3;23;B01
201200052902;0;7;0;0;2;5;15;A01
201200052902;0;31;0;0;2;2;1;B01
201200052903;0;7;0;0;2;3;13;A01
201200052903;0;33;0;0;2;2;1;B01
201200052904;0;33;0;0;2;1;2;A01
201200052904;0;7;0;0;2;6;2;B01
201200052905;0;2;0;0;2;1;1;A01
201200052905;0;7;0;0;2;8;15;B01
201200052906;0;7;0;0;2;4;2;C01
201200052906;0;7;0;0;2;4;2;B01
201200052906;0;7;0;0;2;1;2;A01
201200052907;0;7;0;8;0;1;1;A01
201200052908;0;32;0;0;1;7;1;A01
201200052909;0;7;0;4;0;1;1;A01
201200052910;0;7;0;0;2;1;5;A01
201200052910;0;7;0;0;2;0;0;B01
201200052911;0;7;0;1;0;2;14;A01
201200052912;0;7;0;0;1;2;2;A01
201200052913;0;30;0;0;0;0;1;A01
201200052914;0;1;0;0;2;4;1;B01
201200052914;0;31;0;0;2;3;21;A01
201200052915;0;7;0;0;2;1;19;A01
201200052915;0;7;0;0;2;1;1;B01
201200052916;0;7;0;0;1;2;2;A01
201200052917;0;7;0;1;0;1;0;A01
201200052918;0;31;0;0;2;3;2;A01
201200052918;0;7;0;0;0;4;2;B01
201200052919;0;7;0;0;2;5;15;A01
201200052919;0;30;0;0;2;1;1;B01
201200052920;0;10;0;0;0;0;11;A01
201200052920;0;31;0;0;0;0;1;B01
201200052921;0;1;0;0;2;1;1;B01
201200052921;1;7;0;0;2;1;0;Z01
201200052922;0;7;0;0;2;7;15;A01
201200052922;0;7;0;0;2;2;1;B01
201200052923;0;7;0;0;0;6;2;B01
201200052923;0;33;0;0;2;1;2;A01
201200052924;0;7;0;0;1;6;15;A01
201200052925;0;32;0;0;2;7;1;B01
201200052925;0;7;0;0;2;3;15;A01
201200052926;0;7;0;0;2;3;15;A01
201200052926;0;31;0;0;2;1;1;B01
201200052927;0;7;0;0;1;2;1;A01
201200052928;0;2;0;0;2;1;17;A01
201200052928;0;7;0;0;0;6;20;B01
201200052929;0;1;0;16;0;8;15;A01
201200052930;0;7;0;0;2;3;10;A01
201200052930;0;2;0;0;2;1;1;B01
201200052931;0;7;0;1;0;3;1;A01
201200052932;0;7;0;0;2;1;2;A01
201200052932;0;7;0;0;2;4;2;B01
201200052932;0;7;0;0;2;8;15;C01
201200052933;0;7;0;0;2;9;13;A01
201200052933;0;7;0;0;2;1;1;B01
201200052934;0;7;0;0;1;3;2;A01
201200052935;0;7;0;6;0;1;1;A01
201200052936;0;7;0;0;1;3;1;A01
201200052937;0;7;0;0;2;2;2;A01
201200052937;0;1;0;0;2;1;18;B01
201200052938;0;7;0;0;1;2;1;A01
201200052939;0;7;0;0;2;5;15;B01
201200052939;0;2;0;0;2;1;0;A01
201200052940;0;7;0;0;2;1;13;A01
201200052940;0;31;0;0;2;1;1;B01
201200052941;0;7;0;0;2;4;2;B01
201200052941;0;2;0;0;2;1;2;A01
201200052942;0;7;0;0;2;7;1;B01
201200052942;0;7;0;0;2;2;15;A01
201200052943;0;30;0;0;2;1;19;B01
201200052943;0;7;0;0;2;3;2;A01
201200052944;0;7;0;0;2;4;2;A01
201200052944;1;7;0;0;2;1;2;Z01
201200052945;0;33;0;0;2;2;3;B01
201200052945;0;7;0;0;2;8;13;A01
201200052946;0;7;0;0;1;1;0;A01
201200052947;0;7;0;0;2;4;2;B01
201200052947;0;7;0;0;2;1;2;A01
201200052948;0;7;0;0;0;4;23;B01
201200052948;0;7;0;0;2;1;2;A01
201200052949;0;10;0;0;2;4;2;B01
201200052949;0;7;0;0;2;4;2;A01
201200052950;0;7;0;0;2;1;1;A01
201200052950;0;7;0;0;0;4;23;B01
201200052951;0;7;0;0;0;6;23;B01
201200052951;0;7;0;0;2;2;1;A01
201200052952;0;7;0;0;2;4;23;B01
201200052952;0;7;0;0;2;4;23;C01
201200052952;0;7;0;0;2;4;23;D01
201200052952;0;7;0;0;2;1;2;A01
201200052953;0;7;0;3;0;1;2;A01
201200052954;0;7;0;3;0;7;21;A01
201200052954;1;7;0;0;0;0;14;B01
201200052955;0;10;0;0;2;8;2;A01
201200052955;0;33;0;0;2;2;2;B01
201200052955;0;15;0;0;0;0;11;C01
201200052956;0;10;0;0;2;3;2;A01
201200052956;0;10;0;0;2;6;2;B01
201200052957;0;7;0;0;2;1;2;A01
201200052957;0;7;0;0;0;4;2;B01
201200052958;0;7;0;0;2;7;12;A01
201200052958;0;33;0;0;0;8;1;B01
201200052959;0;7;0;0;2;1;2;B01
201200052959;0;7;0;14;0;3;2;A01
201200052959;0;7;0;0;2;1;2;C01
201200052960;0;7;0;0;2;1;2;A01
201200052960;0;10;0;0;0;4;2;B01
201200052961;0;15;0;0;0;6;1;B01
201200052961;0;7;0;0;2;2;14;A01
201200052962;2;10;0;0;2;1;2;A01
201200052962;0;10;0;0;2;4;2;B01
201200052963;0;10;0;3;0;3;2;A01
201200052964;0;7;0;0;2;1;2;A01
201200052964;0;7;0;0;0;4;23;C01
201200052964;0;7;0;0;2;4;23;B01
201200052965;0;10;0;15;0;1;14;A01
201200052966;0;7;0;4;2;3;0;A01
201200052967;0;7;0;0;0;3;11;A01
201200052967;0;34;0;0;0;1;1;B01
201200052968;0;33;0;0;0;0;2;A01
201200052969;0;99;0;3;0;8;14;B01
201200052969;0;7;0;0;2;3;5;A01
201200052970;0;7;0;4;0;8;13;A01
201200052971;0;10;0;0;0;4;2;B01
201200052971;0;10;0;0;2;1;2;A01
201200052972;0;7;0;0;2;1;1;A01
201200052972;0;33;0;0;2;4;2;B01
201200052972;0;7;0;0;2;5;2;C01
201200052973;2;7;0;0;2;1;2;A01
201200052973;0;7;0;4;0;2;2;D01
201200052973;0;7;0;0;0;6;2;C01
201200052973;2;7;0;3;0;9;2;B01
201200052974;0;33;0;15;0;1;12;A01
201200052975;0;7;0;0;2;1;1;A01
201200052975;0;7;0;0;2;4;1;B01
201200052976;0;10;0;0;2;4;2;B01
201200052976;0;7;0;0;2;4;2;D01
201200052976;0;7;0;0;0;4;2;E01
201200052976;0;10;0;0;0;4;2;C01
201200052976;0;10;0;0;2;1;1;A01
201200052977;0;7;0;0;2;1;2;A01
201200052977;0;7;0;0;2;4;2;C01
201200052977;0;7;0;0;2;4;2;B01
201200052978;0;7;0;0;0;3;13;A01
201200052979;0;32;0;4;0;7;21;B01
201200052979;0;7;0;0;0;0;14;A01
201200052980;0;7;0;8;0;2;1;A01
201200052981;0;34;0;12;0;8;2;A01
201200052982;0;7;0;1;0;1;11;B01
201200052982;2;7;0;3;0;1;17;A01
201200052983;0;7;0;0;0;8;2;A01
201200052983;1;7;0;0;2;0;11;Z01
201200052984;0;33;0;0;2;1;3;A01
201200052984;0;7;0;0;0;7;12;B01
201200052985;0;7;0;4;0;3;0;A01
201200052986;0;7;0;0;2;3;18;B01
201200052986;0;10;0;0;0;2;14;A01
201200052986;0;7;0;0;2;5;0;C01
201200052987;0;7;0;0;2;1;2;C01
201200052987;0;7;0;0;0;4;2;B01
201200052987;0;7;0;0;0;4;23;A01
201200052988;0;33;0;0;0;4;23;B01
201200052988;0;7;0;0;2;3;2;A01
201200052989;0;7;0;0;2;4;2;B01
201200052989;0;33;0;0;2;1;0;A01
201200052990;0;7;0;0;2;3;11;A01
201200052990;0;7;0;0;0;2;1;B01
201200052991;0;33;0;0;2;1;2;A01
201200052991;0;7;0;0;0;6;1;B01
201200052991;0;7;0;14;0;1;1;C01
201200052992;0;32;0;3;0;1;14;A01
201200052993;0;32;0;0;0;3;23;A01
201200052993;0;7;0;0;2;2;1;B01
201200052994;0;34;0;0;0;7;1;A01
201200052995;0;7;0;0;2;1;14;A01
201200052995;0;7;0;0;0;4;1;B01
201200052996;0;99;0;0;2;1;2;A01
201200052996;0;7;0;0;2;4;2;B01
201200052996;0;10;0;0;0;4;2;C01
201200052997;2;33;0;0;2;1;9;A01
201200052997;0;10;0;0;0;6;17;B01
201200052998;0;7;0;0;2;4;2;A01
201200052998;0;7;0;0;2;1;2;B01
201200052999;0;7;0;0;2;4;2;B01
201200052999;0;7;0;0;2;1;2;A01
201200052999;0;7;0;0;0;4;2;C01
201200053000;0;7;0;0;2;3;21;B01
201200053000;0;7;0;4;0;5;12;A01
201200053001;2;7;0;4;2;1;2;A01
201200053001;0;7;0;0;0;4;1;B01
201200053001;0;7;0;1;0;1;1;C01
201200053002;0;10;0;0;2;5;12;A01
201200053002;0;32;0;0;0;3;3;B01
201200053003;0;33;0;0;0;7;0;A01
201200053004;0;7;0;0;2;2;12;A01
201200053004;0;33;0;0;0;8;1;B01
201200053004;0;34;0;0;2;1;1;C01
201200053005;0;10;0;3;2;2;0;A01
201200053005;0;10;0;0;2;3;2;B01
201200053006;0;7;0;0;0;4;1;B01
201200053006;0;7;0;0;2;1;1;A01
201200053007;0;7;0;0;2;1;12;A01
201200053007;0;7;0;0;0;4;2;B01
201200053008;1;10;0;0;2;1;2;Z01
201200053008;0;10;0;0;2;1;2;B01
201200053009;0;33;0;0;2;6;1;A01
201200053009;0;7;0;0;0;6;1;B01
201200053010;0;10;0;0;0;5;1;B01
201200053010;0;33;0;0;2;5;1;A01
201200053011;0;33;0;0;0;4;2;B01
201200053011;0;7;0;0;2;1;2;A01
201200053012;0;10;0;0;0;4;1;B01
201200053012;0;7;0;0;2;1;1;A01
201200053013;0;7;0;0;0;8;1;B01
201200053013;0;7;0;0;2;7;11;A01
201200053014;0;7;0;0;0;6;0;B01
201200053014;0;32;0;0;2;1;2;A01
201200053015;0;10;0;0;2;1;2;A01
201200053015;0;10;0;0;0;4;23;C01
201200053015;0;33;0;0;2;1;2;D01
201200053015;0;7;0;0;2;4;23;B01
201200053015;0;34;0;0;2;8;21;F01
201200053015;0;10;0;0;0;1;2;E02
201200053016;0;33;0;0;2;8;1;B01
201200053016;0;7;0;0;2;7;12;A01
201200053017;0;7;0;5;0;7;21;A01
201200053018;0;33;0;0;0;7;3;A01
201200053019;0;7;0;0;0;4;23;C01
201200053019;0;7;0;0;0;5;23;B01
201200053019;0;34;0;0;2;1;3;A01
201200053020;0;7;0;3;2;3;2;A01
201200053020;0;7;0;0;0;4;23;B01
201200053020;0;7;0;0;0;4;23;C01
201200053020;0;7;0;0;0;5;23;D01
201200053020;0;7;0;0;2;5;23;E01
201200053020;0;7;0;0;2;4;23;F02
201200053020;0;7;0;0;0;4;23;G02
201200053021;0;33;0;0;2;1;3;A01
201200053021;0;7;0;0;0;4;11;B01
201200053022;0;31;0;0;0;8;0;A01
201200053023;0;7;0;0;2;1;2;B01
201200053023;0;7;0;0;2;4;2;A01
201200053024;0;32;0;0;2;7;1;A01
201200053024;0;7;0;0;2;6;15;B01
201200053025;0;7;0;0;2;1;0;B01
201200053025;0;7;0;0;0;4;0;A01
201200053026;1;99;0;0;2;2;0;Z01
201200053026;0;7;0;3;2;7;0;A01
201200053026;0;7;0;0;2;7;0;B01
201200053027;0;7;0;0;2;1;2;C01
201200053027;0;7;0;0;2;4;2;B01
201200053027;0;7;0;0;2;4;1;A01
201200053028;0;7;0;0;2;2;12;A01
201200053028;0;33;0;0;2;3;3;B01
201200053029;0;7;0;0;2;1;2;C01
201200053029;0;7;0;0;2;8;2;A01
201200053029;0;7;0;0;2;8;2;B01
201200053030;0;7;0;0;2;4;2;A01
201200053030;0;7;0;0;2;1;2;D01
201200053030;0;7;0;0;2;4;2;B01
201200053030;0;7;0;0;2;4;2;C01
201200053031;0;7;0;0;2;7;12;A01
201200053031;0;33;0;0;2;8;1;B01
201200053032;1;7;0;0;2;3;3;Z01
201200053032;0;7;0;3;2;5;1;A01
201200053033;0;7;0;0;0;4;1;A01
201200053033;0;7;0;0;2;1;1;C01
201200053033;0;7;0;0;2;4;1;B01
201200053034;0;7;0;0;2;4;2;B01
201200053034;0;7;0;0;2;1;2;C01
201200053034;0;14;0;0;2;4;2;A01
201200053035;0;7;0;4;0;3;17;A01
201200053036;0;7;0;3;0;1;11;A01
201200053037;0;15;0;0;2;3;1;B01
201200053037;0;7;0;0;2;7;12;A01
201200053038;0;7;0;0;2;1;2;B01
201200053038;0;7;0;0;2;4;2;A01
201200053039;0;7;0;13;0;4;1;A01
201200053040;0;7;0;0;2;6;1;A01
201200053041;0;7;0;0;0;9;21;A01
201200053042;0;10;0;0;2;4;2;B01
201200053042;0;7;0;0;2;4;2;C01
201200053042;0;7;0;0;2;1;2;D01
201200053042;0;7;0;0;2;4;2;A01
201200053043;0;7;0;0;2;1;1;B01
201200053043;0;7;0;0;0;4;1;A01
201200053043;0;7;0;0;2;1;1;D01
201200053043;0;10;0;0;2;1;1;E01
201200053043;0;7;0;0;2;1;1;F02
201200053043;0;7;0;0;2;1;1;C01
201200053044;0;10;0;0;2;4;2;A01
201200053044;0;33;0;0;2;1;2;B01
201200053045;0;32;0;0;0;0;2;A01
201200053046;0;10;0;3;0;9;2;A01
201200053047;0;7;0;3;0;1;2;A01
201200053048;0;33;0;0;6;0;1;A01
201200053049;0;7;0;15;0;1;1;A01
201200053050;0;34;0;0;0;8;2;A01
201200053051;0;7;0;0;0;4;23;A01
201200053051;0;7;0;0;2;1;2;B01
201200053052;0;32;0;0;2;8;1;A01
201200053052;0;7;0;0;2;7;14;B01
201200053053;0;7;0;0;0;4;2;A01
201200053053;0;7;0;14;0;4;2;B01
201200053053;0;7;0;14;0;1;2;C01
201200053054;0;33;0;0;0;0;1;A01
201200053055;0;7;0;0;0;4;2;A01
201200053055;0;7;0;0;2;4;2;B01
201200053055;0;7;0;0;2;1;2;C01
201200053055;0;7;0;0;2;1;2;D01
201200053056;0;7;0;0;0;4;23;A01
201200053056;0;7;0;0;2;1;2;B01
201200053057;0;7;0;0;2;1;2;C01
201200053057;0;7;0;0;2;3;2;B01
201200053057;0;7;0;0;0;1;2;A01
201200053058;0;7;0;0;2;1;1;B01
201200053058;0;7;0;0;2;4;1;C01
201200053058;0;7;0;0;2;1;1;D01
201200053058;0;7;0;1;2;4;1;A01
201200053059;0;7;0;0;2;4;2;A01
201200053059;0;7;0;0;2;1;2;B01
201200053060;0;7;0;4;0;4;13;A01
201200053060;0;7;0;0;2;1;1;B01
201200053061;0;10;0;0;2;6;1;A01
201200053061;0;10;0;0;2;2;21;B01
201200053062;0;7;0;3;0;1;0;A01
201200053063;0;7;0;4;0;1;17;A01
201200053064;0;7;0;4;0;4;13;A01
201200053065;0;7;0;3;0;1;1;A01
201200053066;0;7;0;0;0;0;2;A01
201200053067;0;7;0;0;0;4;1;A01
201200053067;0;7;0;0;2;1;2;B01
201200053068;0;7;0;4;0;3;11;A01
201200053069;0;7;0;5;0;1;1;A01
201200053070;0;7;0;3;0;1;1;A01
201200053071;0;7;0;0;2;2;2;B01
201200053071;0;7;0;0;2;1;2;A01
201200053072;0;7;0;0;0;4;2;A01
201200053072;0;7;0;0;2;1;2;B01
201200053073;0;7;0;0;0;4;0;A01
201200053073;0;7;0;0;2;1;2;B01
201200053074;0;15;0;0;2;2;1;B01
201200053074;0;7;0;0;2;8;1;A01
201200053075;0;10;0;0;2;1;2;C01
201200053075;0;7;0;0;2;1;2;B01
201200053075;0;10;0;0;2;4;1;A01
201200053076;0;7;0;4;0;3;13;A01
201200053077;0;14;0;16;0;7;1;A01
201200053078;0;7;0;0;0;9;2;A01
201200053079;0;14;0;0;2;3;2;B01
201200053079;0;7;0;0;2;5;2;A01
201200053080;0;7;0;3;0;7;0;A01
201200053081;0;33;0;4;0;3;1;A01
201200053082;0;7;0;0;0;9;0;A01
201200053083;0;7;0;0;0;5;1;A01
201200053083;0;7;0;0;2;3;0;B01
201200053084;0;14;0;0;2;4;1;A01
201200053084;0;10;0;0;2;1;2;B01
201200053085;0;7;0;0;2;1;2;C01
201200053085;0;7;0;0;2;4;2;B01
201200053085;0;7;0;0;0;4;2;A01
201200053086;0;31;0;0;0;8;1;B01
201200053086;0;7;0;0;2;2;12;A01
201200053087;0;7;0;0;2;4;23;B01
201200053087;0;7;0;0;2;1;1;C01
201200053087;0;7;0;0;0;9;21;A01
201200053088;0;7;0;0;2;1;2;D01
201200053088;0;7;0;0;2;4;2;A01
201200053088;0;7;0;0;2;4;2;C01
201200053088;0;7;0;0;2;4;2;B01
201200053089;0;17;0;13;2;2;12;A01
201200053089;0;32;0;0;2;8;1;B01
201200053090;0;7;0;3;0;1;2;A01
201200053091;0;33;0;0;0;8;0;A01
201200053091;0;7;0;0;0;0;0;T01
201200053092;0;7;0;0;2;4;2;A01
201200053092;0;7;0;0;2;1;2;B01
201200053093;0;7;0;0;2;1;2;B01
201200053093;0;7;0;0;0;4;2;A01
201200053094;0;7;0;6;2;8;1;A01
201200053094;0;14;0;0;2;7;12;B01
201200053095;0;15;0;0;2;5;9;B01
201200053095;0;33;0;0;2;5;2;A01
201200053096;0;7;0;0;0;4;1;A01
201200053096;0;7;0;0;2;1;2;C01
201200053096;0;7;0;0;2;1;2;D01
201200053096;0;10;0;0;2;4;2;B01
201200053097;0;7;0;0;2;1;2;E01
201200053097;0;7;0;0;0;4;2;C01
201200053097;0;7;0;0;2;2;2;B01
201200053097;0;7;0;0;2;4;2;D01
201200053097;0;7;0;0;2;8;2;A01
201200053098;0;33;0;0;0;1;2;A01
201200053099;0;7;0;4;0;3;1;A01
201200053100;0;7;0;0;0;3;0;A01
201200053101;0;7;0;0;2;1;2;C01
201200053101;0;7;0;0;0;4;2;A01
201200053101;0;7;0;0;2;4;2;B01
201200053102;0;10;0;0;0;4;1;A01
201200053102;0;7;0;0;2;1;2;B01
201200053103;0;7;0;0;0;0;0;A01
201200053104;0;7;0;0;2;1;2;C01
201200053104;0;7;0;0;0;4;23;A01
201200053104;0;7;0;0;2;4;23;B01
201200053105;0;10;0;3;2;6;2;A01
201200053105;0;10;0;0;2;2;2;B01
201200053106;0;10;0;0;2;1;1;B01
201200053106;0;10;0;3;0;1;13;A01
201200053107;0;7;0;10;0;8;0;A01
201200053108;1;7;0;0;2;2;0;Z01
201200053108;0;7;0;0;0;2;1;A01
201200053108;0;7;0;0;2;2;1;B01
201200053109;0;32;0;16;0;7;16;A01
201200053110;0;7;0;0;2;4;2;B01
201200053110;0;7;0;0;2;4;2;A01
201200053110;0;7;0;0;2;1;2;C01
201200053110;0;7;0;0;2;1;2;D01
201200053111;0;34;0;16;0;7;1;A01
201200053112;0;7;0;0;2;4;2;A01
201200053112;0;7;0;1;0;1;2;C01
201200053112;0;7;0;0;2;4;2;B01
201200053113;0;7;0;0;9;0;0;A01
201200053114;0;7;0;0;2;4;1;A01
201200053114;0;7;0;0;2;4;1;B01
201200053114;0;7;0;0;2;1;1;C01
201200053115;0;17;0;0;2;2;12;A01
201200053115;0;7;0;0;9;8;1;B01
201200053116;0;7;0;0;2;1;2;B01
201200053116;0;7;0;0;0;4;1;A01
201200053117;0;7;0;0;2;1;2;B01
201200053117;0;7;0;0;2;4;2;A01
201200053118;0;7;0;4;0;1;2;A01
201200053119;0;10;0;0;2;1;2;C01
201200053119;0;10;0;0;2;4;2;B01
201200053119;0;10;0;0;2;4;2;A01
201200053120;0;7;0;0;0;9;12;A01
201200053121;0;7;0;3;0;8;0;A01
201200053122;0;7;0;3;0;1;2;A01
201200053123;0;17;0;0;2;3;1;A01
201200053123;0;7;0;4;2;2;1;B01
201200053124;0;10;0;0;2;4;2;B01
201200053124;0;10;0;0;0;4;2;A01
201200053124;0;10;0;0;2;4;2;C01
201200053124;0;10;0;0;2;1;2;D01
201200053125;0;7;0;0;2;4;2;B01
201200053125;0;7;0;0;2;4;2;C01
201200053125;0;7;0;0;2;1;2;D01
201200053125;0;7;0;0;0;4;2;A01
201200053126;0;31;0;0;0;0;1;A01
201200053127;0;7;0;4;0;1;1;A01
201200053128;0;7;0;0;2;4;2;A01
201200053128;0;7;0;0;2;4;2;B01
201200053128;0;7;0;1;0;1;2;C01
201200053129;0;14;0;3;0;3;1;A01
201200053130;0;7;0;0;2;1;1;A01
201200053130;0;7;0;0;2;4;1;B01
201200053131;0;7;0;3;0;2;0;A01
201200053132;0;7;0;0;2;4;2;A01
201200053132;0;7;0;0;2;1;2;B01
201200053133;0;7;0;0;2;7;1;A01
201200053133;0;7;0;0;2;1;1;C01
201200053133;0;7;0;0;2;8;11;B01
201200053134;0;7;0;13;0;1;0;A01
201200053135;0;32;0;0;0;2;1;A01
201200053136;0;7;0;0;0;7;1;A01
201200053136;0;15;0;0;0;3;3;B01
201200053137;0;7;0;0;2;4;2;A01
201200053137;0;7;0;0;2;1;2;B01
201200053138;0;7;0;12;0;2;2;A01
201200053139;0;7;0;0;0;1;2;B01
201200053139;0;7;0;0;0;4;2;A01
201200053140;0;7;0;0;2;7;1;A01
201200053140;0;31;0;0;2;3;3;B01
201200053140;1;15;0;0;0;0;0;Z01
201200053141;0;7;0;0;0;4;1;A01
201200053141;0;10;0;0;2;1;2;B01
201200053142;0;7;0;0;2;1;2;B01
201200053142;0;7;0;0;2;4;0;A01
201200053143;0;7;0;0;2;7;0;A01
201200053143;0;7;0;0;2;8;1;B01
201200053144;0;7;0;3;0;1;1;A01
201200053145;0;7;0;0;2;1;2;B01
201200053145;0;7;0;0;0;4;2;A01
201200053146;0;7;0;4;0;1;0;A01
201200053147;0;7;0;0;0;8;2;A01
201200053147;0;15;0;0;0;2;12;B01
201200053148;0;7;0;1;0;3;2;A01
201200053148;0;7;0;0;0;4;2;B01
201200053148;0;7;0;0;0;1;2;C01
201200053149;0;7;0;4;0;1;1;A01
201200053150;0;7;0;0;0;2;2;A01
201200053151;0;7;0;0;2;2;1;A01
201200053151;0;7;0;0;0;1;13;B01
201200053152;0;7;0;0;2;4;23;A01
201200053152;0;7;0;0;2;1;1;B01
201200053153;0;7;0;0;0;9;0;A01
201200053154;0;7;0;0;0;5;1;A01