num_acc;senc;catv;occutc;obs;obsm;choc;manv;num_veh
201200053154;0;33;0;0;2;1;3;B01
201200053155;0;7;0;0;2;1;2;C01
201200053155;0;7;0;0;2;4;2;A01
201200053155;0;7;0;0;2;4;2;B01
201200053156;0;7;0;0;0;4;2;A01
201200053156;0;7;0;14;0;1;2;B01
201200053157;0;7;0;13;0;9;1;A01
201200053158;0;7;0;0;0;1;5;A01
201200053159;0;7;0;0;2;4;2;A01
201200053159;0;7;0;0;2;1;2;B01
201200053160;0;7;0;0;0;1;0;B01
201200053160;0;7;0;0;0;1;0;D01
201200053160;0;7;0;0;0;4;0;A01
201200053160;0;7;0;0;0;1;0;C01
201200053161;0;10;0;0;2;5;12;A01
201200053161;0;33;0;0;2;1;2;B01
201200053162;0;17;0;0;2;1;1;A01
201200053162;0;10;0;0;0;4;23;D01
201200053162;0;10;0;0;0;4;23;C01
201200053162;0;7;0;0;0;4;1;B01
201200053163;0;33;0;0;0;0;0;A01
201200053164;0;33;0;0;0;4;1;A01
201200053164;0;7;0;0;2;1;2;B01
201200053165;0;7;0;0;2;1;11;B01
201200053165;0;7;0;0;0;4;1;A01
201200053166;0;7;0;4;2;4;2;A01
201200053166;1;7;0;0;2;1;2;Z01
201200053167;0;7;0;0;0;4;1;A01
201200053167;0;7;0;0;2;2;2;B01
201200053168;0;7;0;3;2;2;1;A01
201200053169;0;7;0;0;2;1;2;A01
201200053169;0;10;0;0;2;4;2;B01
201200053170;0;7;0;0;0;2;0;A01
201200053171;0;7;0;0;2;1;2;C01
201200053171;0;7;0;0;2;4;2;B01
201200053171;0;7;0;0;0;4;2;A01
201200053172;0;33;0;0;0;8;1;A01
201200053173;0;7;0;0;2;4;1;A01
201200053173;0;7;0;0;2;1;1;B01
201200053174;0;7;0;0;0;9;1;A01
201200053175;0;7;0;0;2;4;1;A01
201200053175;0;7;0;0;2;1;2;B01
201200053175;0;7;0;0;2;1;2;C01
201200053176;0;10;0;0;1;1;2;B01
201200053176;0;10;0;0;1;8;14;C01
201200053176;0;10;0;0;0;6;1;A01
201200053176;1;10;0;0;0;0;2;Z01
201200053177;0;7;0;0;0;7;1;A01
201200053178;0;7;0;4;0;1;1;A01
201200053179;0;7;0;0;0;6;1;B01
201200053179;0;7;0;0;1;4;2;A01
201200053179;0;7;0;0;2;1;2;C01
201200053180;0;7;0;4;0;1;0;A01
201200053181;0;7;0;0;0;3;2;C01
201200053181;0;7;0;0;0;5;2;B01
201200053181;0;7;0;0;0;3;2;A01
201200053182;0;7;0;0;0;9;0;A01
201200053183;0;7;0;2;0;1;21;A01
201200053184;0;7;0;0;2;3;2;B01
201200053184;0;7;0;0;0;2;1;A01
201200053185;0;34;0;4;0;1;2;A01
201200053186;0;7;0;0;0;3;2;A01
201200053187;0;7;0;2;0;1;0;A01
201200053188;0;7;0;0;2;3;11;B01
201200053188;0;7;0;0;0;7;1;A01
201200053189;0;7;0;3;0;1;2;A01
201200053190;0;32;0;0;0;7;1;A01
201200053191;0;30;0;0;2;2;2;A01
201200053192;0;33;0;0;0;1;0;A01
201200053193;0;7;0;0;2;4;2;A01
201200053193;0;32;0;0;2;1;2;B01
201200053194;0;33;0;0;0;0;1;A01
201200053195;0;7;0;0;2;6;2;A01
201200053195;0;7;0;0;2;1;2;B01
201200053196;0;7;0;0;0;8;0;A01
201200053196;0;7;0;0;0;2;0;B01
201200053197;0;7;0;0;2;1;1;B01
201200053197;0;7;0;0;0;4;2;A01
201200053198;0;33;0;13;0;1;0;A01
201200053199;0;7;0;0;0;4;0;A01
201200053199;0;7;0;0;2;1;0;B01
201200053200;0;7;0;4;0;9;1;A01
201200053201;0;7;0;0;2;4;2;C01
201200053201;0;7;0;0;2;4;2;B01
201200053201;0;7;0;0;2;1;2;D01
201200053201;0;7;0;0;0;4;1;A01
201200053202;0;32;0;0;0;8;12;A01
201200053203;0;7;0;0;2;4;1;A01
201200053203;0;7;0;0;2;1;2;C01
201200053203;0;7;0;0;2;4;2;B01
201200053204;0;33;0;0;2;1;2;B01
201200053204;0;10;0;0;0;4;2;A01
201200053205;0;7;0;0;0;4;2;A01
201200053205;0;7;0;0;2;4;2;B01
201200053205;0;7;0;0;2;1;2;C01
201200053206;0;30;0;0;0;1;0;A01
201200053207;0;7;0;0;2;8;1;C01
201200053207;0;7;0;3;2;7;1;A01
201200053207;0;14;0;0;2;8;1;B01
201200053208;0;7;0;0;0;4;1;B01
201200053208;0;7;0;0;2;1;1;C01
201200053208;0;7;0;0;0;4;1;A01
201200053209;0;10;0;4;0;3;13;A01
201200053210;0;7;0;0;0;4;1;A01
201200053210;0;7;0;0;2;1;2;B01
201200053211;0;7;0;0;2;4;2;A01
201200053211;0;7;0;0;2;1;9;B01
201200053212;0;7;0;0;0;4;1;A01
201200053212;0;7;0;0;2;1;1;B01
201200053213;0;7;0;0;0;0;1;A01
201200053214;0;7;0;3;0;2;14;A01
201200053215;0;7;0;0;2;1;21;A01
201200053215;0;7;0;1;0;1;14;B01
201200053216;0;10;0;0;2;1;2;B01
201200053216;0;7;0;0;0;4;1;A01
201200053217;0;7;0;3;2;2;1;B01
201200053217;0;7;0;0;2;5;1;A01
201200053218;0;7;0;0;0;9;21;A01
201200053219;0;7;0;0;2;4;0;B01
201200053219;0;10;0;0;2;1;1;C01
201200053219;0;10;0;0;0;4;0;A01
201200053220;0;17;0;0;0;6;1;A01
201200053220;0;7;0;0;0;1;1;C01
201200053220;0;7;0;0;0;6;1;B01
201200053221;0;33;0;16;0;9;12;A01
201200053222;0;7;0;0;2;2;12;B01
201200053222;0;7;0;0;0;6;1;A01
201200053223;0;7;0;0;0;3;0;A01
201200053224;0;7;0;0;0;4;2;B01
201200053224;0;7;0;0;2;1;2;C01
201200053224;0;7;0;0;0;4;2;A01
201200053225;0;32;0;0;0;0;1;A01
201200053226;0;7;0;13;0;2;14;A01
201200053226;0;7;0;0;9;1;1;B01
201200053227;0;7;0;4;0;1;1;A01
201200053228;0;7;0;0;2;4;1;C01
201200053228;0;7;0;0;0;4;1;A01
201200053228;0;10;0;0;2;4;1;B01
201200053228;0;7;0;0;2;1;2;D01
201200053229;0;10;0;0;2;1;1;B01
201200053229;0;7;0;0;0;4;1;A01
201200053230;0;10;0;0;2;1;1;B01
201200053230;0;7;0;0;2;1;1;D01
201200053230;0;14;0;0;2;4;23;A01
201200053230;0;7;0;0;2;1;1;C01
201200053231;0;7;0;0;2;4;2;B01
201200053231;0;10;0;0;2;1;2;C01
201200053231;0;7;0;0;2;4;2;A01
201200053232;0;7;0;3;0;1;0;A01
201200053233;0;10;0;0;2;3;21;A01
201200053233;0;7;0;3;2;2;1;B01
201200053234;0;15;0;0;0;2;14;A01
201200053235;0;7;0;3;0;1;0;A01
201200053236;0;7;0;4;2;9;2;B01
201200053236;0;7;0;4;0;4;2;A01
201200053237;0;7;0;0;2;4;2;A01
201200053237;0;7;0;0;2;1;12;B01
201200053238;0;7;0;0;0;0;0;A01
201200053239;0;7;0;0;0;6;1;B01
201200053239;0;14;0;0;0;0;12;A01
201200053240;0;33;0;16;0;2;1;A01
201200053241;0;33;0;0;0;3;2;A01
201200053242;1;7;0;0;0;0;1;Z01
201200053242;0;7;0;0;0;4;1;A01
201200053243;0;7;0;2;0;1;1;A01
201200053244;0;7;0;0;2;1;2;C01
201200053244;0;7;0;0;2;4;2;B01
201200053244;0;15;0;0;2;4;2;A01
201200053245;0;7;0;0;2;4;2;A01
201200053245;0;15;0;0;2;1;2;B01
201200053246;0;10;0;0;2;1;17;C01
201200053246;0;17;0;0;2;2;14;B01
201200053246;0;10;0;3;2;6;1;A01
201200053247;0;31;0;0;2;1;21;B01
201200053247;0;7;0;0;0;5;4;A01
201200053248;0;15;0;0;2;2;0;B01
201200053248;0;7;0;0;2;8;1;A01
201200053249;0;7;0;0;0;4;1;A01
201200053249;0;7;0;0;2;1;2;B01
201200053250;0;7;0;4;0;1;1;A01
201200053251;0;7;0;0;2;6;1;A01
201200053251;0;7;0;4;2;4;1;B01
201200053251;0;7;0;3;2;2;1;C01
201200053252;0;7;0;4;0;1;14;A01
201200053253;0;10;0;0;2;7;17;B01
201200053253;0;7;0;0;2;7;1;C01
201200053253;0;34;0;0;2;7;1;A01
201200053254;0;7;0;0;0;4;2;A01
201200053254;0;7;0;0;2;1;2;B01
201200053255;0;7;0;0;0;0;2;C01
201200053255;0;33;0;0;2;1;2;B01
201200053255;0;7;0;0;2;4;2;A01
201200053256;0;7;0;4;0;4;2;A01
201200053256;0;7;0;0;2;1;2;B01
201200053257;0;31;0;0;0;0;2;A01
201200053258;0;10;0;0;2;4;2;C01
201200053258;0;7;0;0;2;4;1;A01
201200053258;0;10;0;0;2;1;2;D01
201200053258;0;33;0;0;2;1;2;B01
201200053259;0;33;0;0;0;7;2;A01
201200053260;0;7;0;13;0;9;0;A01
201200053261;0;32;0;0;0;8;2;A01
201200053262;0;7;0;4;0;1;1;A01
201200053263;0;7;0;3;2;8;2;B01
201200053263;0;33;0;0;2;7;9;A01
201200053264;0;33;0;0;0;0;2;A01
201200053265;0;7;0;0;2;1;2;C01
201200053265;0;7;0;0;0;4;2;A01
201200053265;0;7;0;0;2;4;2;B01
201200053266;0;7;0;0;0;4;0;A01
201200053266;0;7;0;0;0;4;0;B01
201200053266;0;7;0;0;0;1;0;C01
201200053267;0;7;0;0;0;4;2;A01
201200053267;0;7;0;0;2;1;2;B01
201200053268;0;7;0;0;2;4;1;B01
201200053268;0;7;0;0;2;1;1;C01
201200053268;0;7;0;0;0;4;1;A01
201200053269;0;34;0;0;0;0;1;A01
201200053270;0;7;0;3;2;3;1;A01
201200053270;0;7;0;0;2;1;1;B01
201200053271;0;7;0;0;0;9;2;A01
201200053272;0;7;0;4;0;2;1;A01
201200053273;0;7;0;0;0;0;1;A01
201200053273;0;7;0;0;0;0;2;B01
201200053274;0;7;0;0;2;2;2;B01
201200053274;0;7;0;0;0;4;1;A01
201200053275;1;7;0;0;2;0;12;Z01
201200053275;0;7;0;0;2;3;2;A01
201200053276;0;7;0;0;2;4;23;C01
201200053276;0;7;0;0;0;4;23;A01
201200053276;0;7;0;0;2;4;23;B01
201200053276;0;7;0;0;2;7;2;D01
201200053277;0;7;0;0;2;4;0;A01
201200053277;0;7;0;0;2;1;2;B01
201200053278;0;7;0;13;0;3;0;A01
201200053279;0;7;0;0;2;4;2;B01
201200053279;0;7;0;0;2;1;2;C01
201200053279;0;7;0;0;2;4;2;A01
201200053280;0;7;0;4;0;1;13;A01
201200053281;0;10;0;0;2;1;2;C01
201200053281;0;7;0;0;2;4;2;A01
201200053281;0;7;0;0;2;0;0;B01
201200053282;0;7;0;4;2;8;1;A01
201200053282;1;14;0;0;2;2;12;Z01
201200053283;0;17;0;0;2;7;14;A01
201200053283;0;7;0;0;2;8;1;B01
201200053284;0;7;0;4;0;8;1;A01
201200053285;0;7;0;0;0;4;1;A01
201200053285;0;7;0;0;2;1;1;B01
201200053285;0;7;0;3;0;8;1;C01
201200053285;0;7;0;0;2;8;1;D01
201200053286;0;7;0;4;0;1;0;A01
201200053287;0;7;0;0;0;4;1;A01
201200053287;0;7;0;0;2;1;3;B01
201200053287;0;7;0;0;0;3;1;C01
201200053288;0;7;0;0;2;4;2;A01
201200053288;0;7;0;0;2;1;2;C01
201200053288;0;7;0;0;2;4;2;B01
201200053289;0;7;0;0;2;2;12;B01
201200053289;0;7;0;0;2;4;1;A01
201200053290;0;7;0;2;0;2;1;A01
201200053291;0;7;0;0;2;6;3;A01
201200053291;0;7;0;0;2;1;2;D01
201200053291;0;14;0;0;0;1;1;B01
201200053291;0;7;0;0;2;1;2;C01
201200053292;0;7;0;0;6;1;0;A01
201200053293;0;7;0;0;0;4;1;A01
201200053293;0;7;0;0;0;1;2;B01
201200053294;0;33;0;0;2;1;1;B01
201200053294;0;7;0;0;2;7;1;A01
201200053295;0;10;0;0;0;4;1;A01
201200053295;0;31;0;0;2;1;1;B01
201200053296;0;7;0;0;0;1;2;A01
201200053296;0;7;0;0;2;4;2;B01
201200053297;0;7;0;0;0;4;1;A01
201200053297;0;7;0;0;2;1;2;B01
201200053298;0;15;0;0;2;4;2;A01
201200053298;0;7;0;0;2;1;2;B01
201200053299;0;7;0;0;0;9;2;A01
201200053300;0;7;0;13;0;1;1;A01
201200053301;0;7;0;4;0;3;1;A01
201200053302;0;7;0;4;0;1;0;A01
201200053303;0;7;0;0;0;4;1;C01
201200053303;0;7;0;0;0;4;11;A01
201200053303;0;7;0;0;0;3;1;D01
201200053303;0;10;0;0;0;5;1;E01
201200053303;0;10;0;0;2;1;1;B01
201200053304;0;7;0;0;0;6;13;A01
201200053304;0;33;0;0;0;1;2;B01
201200053305;0;33;0;0;2;3;2;B01
201200053305;0;7;0;0;2;2;12;A01
201200053306;0;7;0;0;2;1;1;B01
201200053306;0;7;0;0;0;4;1;A01
201200053307;0;7;0;0;2;4;2;B01
201200053307;0;7;0;0;2;1;2;A01
201200053308;0;33;0;0;2;2;2;B01
201200053308;0;7;0;0;0;6;2;A01
201200053309;0;7;0;0;2;8;2;C01
201200053309;0;7;0;0;2;4;0;B01
201200053309;0;7;0;0;2;4;2;A01
201200053309;0;7;0;1;0;1;2;D01
201200053310;0;7;0;4;0;1;2;A01
201200053311;0;7;0;4;0;1;2;A01
201200053312;0;7;0;4;0;1;1;A01
201200053313;0;33;0;0;0;8;1;A01
201200053314;0;7;0;0;2;4;2;A01
201200053314;0;10;0;0;2;1;2;B01
201200053315;0;7;0;0;0;9;2;A01
201200053316;0;7;0;0;2;4;2;B01
201200053316;0;7;0;0;2;1;2;C01
201200053316;0;7;0;0;0;4;1;A01
201200053317;0;7;0;0;2;4;2;D01
201200053317;0;7;0;0;2;4;2;E01
201200053317;0;7;0;0;2;1;2;A01
201200053317;0;7;0;0;2;4;2;B01
201200053317;0;7;0;0;2;4;2;C01
201200053318;0;7;0;4;0;3;2;A01
201200053319;0;10;0;0;2;1;2;C01
201200053319;0;7;0;0;2;4;0;A01
201200053319;0;10;0;0;2;4;2;B01
201200053320;0;10;0;0;0;4;1;A01
201200053320;0;7;0;0;2;4;1;B01
201200053320;0;10;0;0;2;1;1;C01
201200053321;0;7;0;0;0;6;11;A01
201200053321;0;33;0;0;2;2;2;B01
201200053322;0;7;0;0;2;1;2;B01
201200053322;0;15;0;0;0;4;2;A01
201200053323;0;7;0;0;2;4;1;A01
201200053323;0;7;0;0;2;1;1;B01
201200053324;0;7;0;5;0;9;2;A01
201200053325;0;10;0;0;0;6;1;C01
201200053325;0;7;0;0;2;6;9;B01
201200053326;0;7;0;0;0;0;1;A01
201200053327;0;33;0;0;0;2;0;A01
201200053328;0;15;0;0;2;1;2;B01
201200053328;0;7;0;0;2;1;2;A01
201200053329;0;7;0;0;2;1;1;A01
201200053329;0;7;0;0;2;4;1;B01
201200053330;0;7;0;0;0;4;1;A01
201200053330;0;33;0;0;0;1;3;B01
201200053331;0;7;0;0;0;4;2;A01
201200053331;0;7;0;0;2;1;2;B01
201200053332;0;7;0;0;2;6;1;A01
201200053332;0;17;0;0;2;2;12;B01
201200053333;0;32;0;0;0;0;0;A01
201200053334;0;7;0;0;2;8;1;B01
201200053334;0;13;0;0;2;7;12;A01
201200053335;1;7;0;0;2;1;1;Z01
201200053335;0;7;0;4;2;4;1;A01
201200053336;0;7;0;0;2;1;2;A01
201200053336;0;7;0;0;2;1;2;B01
201200053337;0;33;0;0;0;8;1;A01
201200053338;0;7;0;0;2;1;1;A01
201200053338;0;7;0;3;2;4;1;B01
201200053338;0;7;0;0;2;6;1;C01
201200053339;0;33;0;0;0;0;1;A01
201200053340;0;33;0;0;0;2;0;A01
201200053341;0;7;0;3;0;1;1;A01
201200053342;0;7;0;0;0;6;1;C01
201200053342;0;7;0;0;2;3;1;A01
201200053342;0;7;0;0;2;1;1;B01
201200053343;0;7;0;0;2;6;1;A01
201200053343;2;7;0;0;2;1;2;B01
201200053344;0;7;0;0;2;1;2;D01
201200053344;0;7;0;0;2;1;2;A01
201200053344;0;7;0;0;2;1;2;C01
201200053344;0;7;0;0;0;1;2;B01
201200053345;0;7;0;0;0;6;0;B01
201200053345;0;7;0;0;2;5;0;A01
201200053346;0;7;0;14;0;1;3;D01
201200053346;0;15;0;1;0;8;1;C02
201200053346;0;7;0;1;0;1;11;F01
201200053346;0;7;0;14;0;1;1;B01
201200053346;0;7;0;3;0;1;2;A01
201200053346;0;7;0;14;0;1;1;E01
201200053347;0;7;0;0;2;1;2;B01
201200053347;0;7;0;0;2;4;1;A01
201200053348;0;7;0;0;2;4;2;A01
201200053348;0;7;0;0;2;1;2;B01
201200053349;0;7;0;13;0;2;12;A01
201200053350;0;7;0;4;0;1;1;A01
201200053351;0;7;0;1;0;2;2;B01
201200053351;0;7;0;0;0;6;2;A01
201200053352;0;7;0;0;2;1;2;C01
201200053352;0;7;0;0;2;4;2;B01
201200053352;0;7;0;0;2;4;2;A01
201200053353;0;7;0;0;0;4;2;B01
201200053353;0;7;0;0;2;1;2;C01
201200053353;0;7;0;0;0;4;1;A01
201200053354;0;7;0;0;0;5;9;A01
201200053354;0;33;0;0;2;1;2;B01
201200053355;0;7;0;0;2;4;1;A01
201200053355;0;7;0;0;2;1;1;B01
201200053356;0;7;0;0;0;4;1;A01
201200053356;0;7;0;0;2;1;1;B01
201200053357;0;7;0;4;0;9;0;A01
201200053358;0;7;0;0;2;1;2;C01
201200053358;0;7;0;0;2;4;2;B01
201200053358;0;7;0;0;2;4;2;A01
201200053359;0;37;0;0;2;1;1;C01
201200053359;0;7;0;0;0;4;1;A01
201200053359;0;7;0;0;2;4;1;B01
201200053360;0;7;0;3;0;4;2;B01
201200053360;0;7;0;0;0;8;2;C01
201200053360;0;7;0;0;2;4;0;A01
201200053361;0;7;0;3;0;1;2;A01
201200053362;0;33;0;0;0;0;1;A01
201200053363;0;7;0;0;0;4;1;B01
201200053363;0;7;0;0;0;4;1;A01
201200053363;0;7;0;0;0;4;1;C01
201200053363;0;7;0;0;2;1;12;D01
201200053364;0;7;0;0;2;2;2;A01
201200053364;0;7;0;0;2;4;2;B01
201200053365;0;7;0;0;2;4;2;C01
201200053365;0;10;0;0;2;1;2;D01
201200053365;0;7;0;0;2;4;2;A01
201200053365;0;7;0;0;2;4;2;B01
201200053366;0;7;0;0;2;1;2;C01
201200053366;0;7;0;0;2;1;2;D01
201200053366;0;7;0;0;2;1;2;B01
201200053366;0;7;0;0;0;4;2;A01
201200053367;0;7;0;0;2;6;2;A01
201200053367;0;7;0;0;2;6;2;B01
201200053367;0;34;0;0;2;2;3;C01
201200053368;0;7;0;3;2;7;1;A01
201200053368;0;15;0;0;2;3;13;B01
201200053369;0;7;0;4;0;2;0;A01
201200053370;0;7;0;0;0;1;0;A01
201200053371;0;7;0;0;2;4;2;A01
201200053371;0;7;0;0;2;1;2;B01
201200053372;0;7;0;0;2;1;2;C01
201200053372;0;7;0;0;2;4;2;A01
201200053372;0;7;0;0;2;1;2;B01
201200053373;0;7;0;0;2;2;12;B01
201200053373;0;33;0;0;2;1;1;C01
201200053373;0;7;0;0;2;5;1;A01
201200053374;0;7;0;0;2;1;2;B01
201200053374;0;7;0;0;0;4;2;A01
201200053375;0;7;0;0;0;1;2;A01
201200053376;0;7;0;3;0;8;2;A01
201200053376;0;7;0;0;2;1;2;B01
201200053377;0;7;0;0;0;1;2;A01
201200053377;1;99;0;0;0;0;2;Z01
201200053378;0;7;0;0;2;2;0;B01
201200053378;0;7;0;0;0;4;0;A01
201200053379;0;7;0;0;2;4;1;A01
201200053379;0;7;0;0;2;4;2;B01
201200053379;0;7;0;0;2;1;2;C01
201200053380;0;33;0;3;0;7;1;B01
201200053380;0;7;0;3;0;8;13;A01
201200053381;0;7;0;0;2;1;1;A01
201200053381;0;7;0;0;2;4;1;B01
201200053382;0;7;0;0;0;4;2;A01
201200053382;0;7;0;0;0;4;2;C01
201200053382;0;7;0;0;0;4;2;B01
201200053382;0;7;0;0;0;1;2;D01
201200053383;0;7;0;0;2;4;1;A01
201200053383;0;32;0;0;2;1;1;B01
201200053384;0;15;0;4;2;8;2;A01
201200053384;0;7;0;3;2;7;2;B01
201200053385;0;7;0;0;9;1;2;B01
201200053385;0;33;0;3;0;9;3;A01
201200053386;0;34;0;0;0;0;1;A01
201200053387;0;10;0;0;0;4;2;A01
201200053387;0;33;0;0;2;1;1;B01
201200053388;0;7;0;0;2;4;1;A01
201200053388;0;7;0;0;2;1;1;B01
201200053389;0;7;0;0;2;1;1;B01
201200053390;0;7;0;9;0;2;1;A01
201200053391;0;7;0;0;2;0;2;B01
201200053391;0;10;0;0;0;1;2;C01
201200053391;0;10;0;0;0;4;2;A01
201200053392;0;7;0;0;2;1;1;B01
201200053392;0;7;0;9;2;1;12;A01
201200053393;0;33;0;0;2;3;9;B01
201200053393;0;14;0;0;2;5;1;A01
201200053394;0;7;0;4;2;1;0;A01
201200053394;0;7;0;0;2;5;0;B01
201200053394;0;7;0;1;0;1;2;D01
201200053394;0;7;0;3;0;0;0;C01
201200053395;0;7;0;0;0;6;2;A01
201200053395;0;7;0;0;2;2;11;B01
201200053396;0;33;0;0;0;1;2;A01
201200053396;0;13;0;0;0;8;2;B01
201200053397;0;7;0;0;2;1;2;B01
201200053397;0;7;0;0;0;4;2;A01
201200053398;0;34;0;0;2;6;1;A01
201200053398;1;10;0;0;0;2;12;Z01
201200053399;0;7;0;0;0;5;2;C01
201200053399;0;10;0;0;0;5;1;D01
201200053399;0;7;0;0;2;4;2;B01
201200053399;0;7;0;0;2;1;2;A01
201200053400;0;10;0;0;0;9;2;A01
201200053401;0;7;0;4;0;3;17;A01
201200053402;0;33;0;4;0;7;14;A01
201200053403;0;7;0;0;0;4;0;A01
201200053403;0;7;0;0;0;1;0;C01
201200053403;0;7;0;0;0;1;0;B01
201200053404;0;33;0;3;0;1;1;A01
201200053405;0;7;0;0;0;1;2;C01
201200053405;0;7;0;0;0;4;2;A01
201200053405;0;7;0;0;0;4;2;B01
201200053406;1;17;0;0;2;8;1;C01
201200053406;0;7;0;0;0;0;2;T01
201200053406;0;7;0;0;0;0;1;B01
201200053406;0;33;0;0;2;2;3;D01
201200053406;0;7;0;0;2;5;1;A01
201200053407;0;7;0;0;0;4;2;A01
201200053407;0;7;0;0;2;1;2;B01
201200053408;1;14;0;0;2;1;2;B01
201200053408;0;10;0;0;0;4;1;A01
201200053409;0;7;0;3;2;2;1;A01
201200053410;0;7;0;0;2;7;1;A01
201200053410;0;7;0;0;2;8;1;B01
201200053411;0;33;0;4;0;9;0;A01
201200053412;0;7;0;4;0;3;0;A01
201200053413;0;7;0;0;2;1;2;A01
201200053413;0;10;0;0;2;1;21;C01
201200053413;0;7;0;4;0;4;1;B01
201200053414;0;7;0;0;2;6;1;A01
201200053414;0;7;0;0;2;2;14;B01
201200053415;0;14;0;0;2;1;21;A01
201200053415;0;7;0;0;2;1;5;B01
201200053416;0;7;0;0;2;4;2;D01
201200053416;0;7;0;0;2;4;2;A02
201200053416;0;13;0;0;2;1;2;F01
201200053416;0;7;0;0;2;4;2;B01
201200053416;0;7;0;0;2;4;2;C01
201200053416;0;7;0;0;2;4;2;E01
201200053417;0;7;0;0;2;4;2;A01
201200053417;0;7;0;0;2;1;2;B01
201200053418;0;7;0;0;2;4;17;B01
201200053418;0;17;0;0;0;4;23;D01
201200053418;0;7;0;2;2;3;11;A01
201200053418;0;7;0;0;2;9;1;C01
201200053419;0;33;0;0;2;8;1;A01
201200053419;1;7;0;0;2;7;12;Z01
201200053420;0;7;0;0;0;5;1;A01
201200053420;0;7;0;0;2;3;1;B01
201200053421;0;7;0;0;0;6;2;B01
201200053421;0;7;0;4;2;1;2;A01
201200053422;0;33;0;0;0;0;2;A01
201200053423;0;7;0;0;2;1;2;B01
201200053423;0;7;0;0;2;4;2;A01
201200053424;0;7;0;0;2;3;11;A01
201200053424;0;7;0;6;2;5;17;B01
201200053425;0;7;0;0;0;8;9;A01
201200053425;0;15;0;0;0;2;12;B01
201200053426;0;7;0;0;2;4;2;A01
201200053426;0;7;0;0;2;1;2;B01
201200053427;0;7;0;0;0;1;0;A01
201200053428;0;7;0;0;2;1;2;C01
201200053428;0;10;0;0;0;4;2;A01
201200053428;0;7;0;1;2;9;2;B01
201200053429;1;99;0;0;0;0;0;Z01
201200053429;0;10;0;0;2;1;1;B01
201200053429;0;7;0;0;2;1;1;A01
201200053430;0;7;0;0;0;7;11;A01
201200053430;1;99;0;0;0;0;0;Z01
201200053431;1;7;0;0;0;0;0;Z01
201200053431;0;7;0;0;2;4;2;A01
201200053432;0;7;0;0;0;4;1;A01
201200053432;0;7;0;0;2;1;0;B01
201200053433;0;7;0;14;0;1;2;A01
201200053433;0;7;0;1;0;1;2;C01
201200053433;0;31;0;1;0;1;2;B01
201200053434;0;7;0;0;2;1;0;B01
201200053434;0;7;0;0;0;4;1;A01
201200053435;1;15;0;0;2;3;0;Z01
201200053435;0;7;0;4;2;5;0;A01
201200053436;0;33;0;4;0;1;1;A01
201200053437;0;7;0;0;0;4;2;A01
201200053437;0;32;0;0;2;1;2;B01
201200053438;0;33;0;3;0;7;0;A01
201200053439;0;7;0;0;2;4;2;A01
201200053439;0;32;0;0;2;1;2;B01
201200053440;0;7;0;3;2;5;12;A01
201200053440;0;7;0;3;2;3;1;B01
201200053441;0;10;0;1;0;2;1;B01
201200053441;0;7;0;0;0;6;24;A01
201200053442;0;10;0;8;0;9;1;A01
201200053443;0;7;0;0;0;9;0;A01
201200053444;0;7;0;0;1;3;1;C01
201200053445;0;7;0;14;0;2;2;C01
201200053445;0;7;0;0;1;3;21;B01
201200053446;0;7;0;4;2;3;1;A01
201200053447;0;31;0;0;2;7;17;A01
201200053447;0;7;0;0;0;6;11;B01
201200053448;0;7;0;4;0;4;1;A01
201200053449;0;7;0;0;2;4;2;A01
201200053449;0;7;0;0;2;1;2;B01
201200053450;0;7;0;0;0;4;1;A01
201200053450;0;7;0;0;2;1;17;C01
201200053450;0;7;0;0;0;0;2;B01
201200053451;0;7;0;4;0;7;1;A01
201200053452;0;7;0;0;2;1;2;B01
201200053452;0;7;0;0;0;4;2;A01
201200053453;0;7;0;0;9;1;1;A01
201200053454;1;7;0;0;2;1;2;Z01
201200053454;0;7;0;4;0;4;2;A01
201200053455;0;7;0;0;0;1;1;A01
201200053456;0;7;0;0;2;1;14;B01
201200053456;0;7;0;0;0;4;23;A01
201200053457;0;33;0;0;9;1;1;A01
201200053458;0;7;0;0;2;4;23;A01
201200053458;0;7;0;0;2;1;2;B01
201200053459;0;7;0;0;2;4;2;A01
201200053459;0;7;0;0;2;1;2;B01
201200053460;0;7;0;0;2;8;15;A01
201200053460;0;33;0;0;2;1;17;B01
201200053461;0;32;0;0;2;2;18;A01
201200053461;0;7;0;0;2;7;16;B01
201200053462;0;7;0;0;2;2;1;B01
201200053462;0;33;0;0;2;1;1;A01
201200053463;0;13;0;0;2;7;16;B01
201200053463;0;33;0;0;2;8;18;A01
201200053464;0;32;0;0;2;1;1;B01
201200053464;0;7;0;0;2;8;15;A01
201200053465;0;33;0;14;0;0;13;A01
201200053466;0;30;0;0;2;0;18;A01
201200053466;0;7;0;0;0;0;16;B01
201200053467;0;7;0;0;0;6;23;A01
201200053467;0;14;0;0;0;2;1;B01
201200053468;0;7;0;0;2;2;14;A01
201200053468;0;32;0;0;2;3;1;B01
201200053469;0;7;0;0;1;2;15;A01
201200053470;0;33;0;0;2;1;2;A01
201200053470;0;32;0;0;2;4;23;B01
201200053470;0;7;0;0;2;6;23;C01
201200053471;0;7;0;0;1;3;1;A01
201200053472;0;30;0;0;2;8;13;A01
201200053472;0;32;0;0;2;8;1;B01
201200053473;0;34;0;0;1;1;1;A01
201200053474;0;7;0;0;2;3;13;A01
201200053474;0;30;0;0;2;0;3;B01
201200053475;0;7;0;11;2;2;14;A01
201200053475;0;32;0;0;2;3;1;B01
201200053476;0;10;0;0;2;1;15;A01