num_acc;senc;catv;occutc;obs;obsm;choc;manv;num_veh
201200053476;0;32;0;0;2;8;1;B01
201200053477;0;1;0;0;2;1;1;A01
201200053477;1;7;0;0;2;1;14;Z01
201200053478;0;7;0;0;1;1;1;A01
201200053479;0;7;0;0;2;8;1;B01
201200053479;0;7;0;0;2;2;13;A01
201200053480;0;7;0;0;1;6;4;A01
201200053481;0;7;0;0;2;2;1;B01
201200053481;0;34;0;0;2;5;15;A01
201200053482;1;7;0;0;1;0;1;Z01
201200053483;0;7;0;0;1;2;15;A01
201200053484;0;7;0;0;2;6;23;A01
201200053484;0;34;0;14;2;1;1;B01
201200053485;0;7;0;0;0;4;2;B01
201200053485;0;10;0;0;2;1;2;A01
201200053486;0;1;0;0;1;1;1;A01
201200053487;0;7;0;0;0;0;22;A01
201200053487;0;32;0;0;0;0;18;B01
201200053488;0;1;0;0;0;0;7;A01
201200053489;0;33;0;0;2;2;17;A01
201200053489;0;7;0;0;2;3;13;B01
201200053490;0;7;0;0;2;3;13;A01
201200053490;0;33;0;0;2;7;1;B01
201200053491;0;31;0;0;2;2;1;A01
201200053491;1;7;0;0;2;0;13;Z01
201200053492;0;10;0;0;1;3;15;A01
201200053493;0;7;0;14;0;0;1;A01
201200053494;0;7;0;0;1;1;15;A01
201200053495;0;7;0;0;0;6;1;B01
201200053495;0;7;0;0;0;7;1;C01
201200053495;0;30;0;0;2;1;3;A01
201200053496;0;32;0;0;0;7;2;B01
201200053496;0;7;0;1;0;2;14;A01
201200053497;0;30;0;0;2;3;1;B01
201200053497;0;7;0;0;2;2;11;A01
201200053498;0;31;0;0;0;8;1;A01
201200053499;0;7;0;0;1;1;15;A01
201200053500;0;7;0;0;2;3;15;A01
201200053500;0;34;0;0;2;2;1;B01
201200053501;0;7;0;0;1;2;1;A01
201200053502;0;7;0;14;0;1;13;A01
201200053503;0;1;0;0;1;1;1;A01
201200053504;0;1;0;0;2;1;2;A01
201200053504;0;7;0;0;2;6;23;B01
201200053505;0;34;0;0;1;1;1;A01
201200053506;0;2;0;0;1;1;1;A01
201200053507;0;32;0;0;2;1;23;B01
201200053507;0;7;0;0;2;1;2;A01
201200053507;0;10;0;0;2;6;23;C01
201200053508;0;31;0;0;1;1;1;A01
201200053509;0;7;0;0;1;1;15;A01
201200053510;0;32;0;0;2;8;1;A01
201200053511;0;32;0;0;2;2;1;A01
201200053511;1;7;0;0;2;0;1;Z01
201200053512;0;32;0;0;2;1;1;B01
201200053512;0;7;0;0;2;3;15;A01
201200053513;0;7;0;0;2;3;23;B01
201200053513;0;31;0;0;2;1;3;A01
201200053513;0;7;0;0;2;5;23;C01
201200053514;0;7;0;0;1;4;4;A01
201200053515;0;34;0;0;2;8;1;B01
201200053515;0;10;0;0;2;7;16;A01
201200053516;0;7;0;0;1;6;4;A01
201200053517;0;34;0;0;2;7;17;B01
201200053517;0;7;0;0;2;3;15;A01
201200053518;0;32;0;0;2;1;2;A01
201200053518;0;7;0;0;0;4;23;B01
201200053519;0;33;0;0;0;8;1;A01
201200053520;0;7;0;0;1;1;16;A01
201200053521;0;32;0;0;0;3;18;B01
201200053521;0;7;0;0;0;5;16;A01
201200053522;0;7;0;0;0;8;1;A01
201200053522;0;2;0;0;2;1;1;B01
201200053523;0;7;0;0;0;7;22;B01
201200053523;0;1;0;1;0;1;18;A01
201200053524;0;32;0;0;0;0;18;A01
201200053524;0;7;0;0;0;5;16;B01
201200053525;1;7;0;0;1;8;1;A01
201200053526;2;33;0;0;0;8;3;A01
201200053526;0;7;0;0;0;4;23;B01
201200053527;0;13;0;0;1;7;16;A01
201200053528;1;7;0;0;1;0;1;Z01
201200053529;0;7;0;0;0;0;13;A01
201200053529;0;34;0;0;0;4;1;B01
201200053530;0;10;0;0;2;0;9;A01
201200053530;0;34;0;0;2;8;1;B01
201200053531;0;7;0;0;1;1;7;A01
201200053532;0;7;0;0;2;2;1;B01
201200053532;0;30;0;0;2;1;1;A01
201200053533;0;32;0;0;2;4;1;B01
201200053533;0;7;0;0;2;2;1;A01
201200053534;0;33;0;1;2;9;2;A01
201200053534;0;7;0;0;2;6;23;B01
201200053535;0;33;0;0;0;0;1;A01
201200053536;0;1;0;0;2;1;1;B01
201200053536;0;7;0;0;2;3;15;A01
201200053537;0;30;0;0;2;1;1;B01
201200053537;0;7;0;0;2;5;15;A01
201200053538;0;32;0;0;2;1;2;A01
201200053538;0;7;0;0;2;6;23;B01
201200053539;1;7;0;0;1;0;15;Z01
201200053540;0;1;0;0;2;2;1;B01
201200053540;0;7;0;0;2;2;22;A01
201200053541;0;7;0;0;2;4;23;A01
201200053541;0;1;0;0;2;1;2;B01
201200053542;0;7;0;0;2;1;2;A01
201200053542;0;31;0;0;0;4;2;B01
201200053543;0;30;0;0;2;8;12;A01
201200053543;0;1;0;0;2;7;1;B01
201200053544;0;30;0;0;0;0;1;A01
201200053545;0;7;0;0;2;5;1;C01
201200053545;0;7;0;0;2;0;13;A01
201200053545;0;30;0;0;2;7;3;B01
201200053546;0;7;0;0;1;3;1;A01
201200053547;0;30;0;0;2;1;1;B01
201200053547;0;33;0;0;2;8;15;A01
201200053548;0;37;0;0;1;7;1;A01
201200053549;0;10;0;0;2;7;16;A01
201200053549;0;33;0;0;2;8;7;B01
201200053550;0;1;0;0;2;3;7;B01
201200053550;0;7;0;0;2;2;16;A01
201200053551;0;7;0;0;2;1;15;A01
201200053551;0;30;0;0;2;8;1;B01
201200053552;0;7;0;1;0;2;15;A01
201200053553;0;33;0;0;2;7;2;B01
201200053553;0;14;0;6;2;1;2;A01
201200053554;0;32;0;0;0;1;1;A01
201200053555;0;1;0;0;0;0;1;A01
201200053556;0;32;0;0;1;3;1;A01
201200053557;0;32;0;0;2;7;21;A01
201200053558;0;2;0;0;0;8;1;B01
201200053558;0;7;0;0;0;2;16;A01
201200053559;0;2;0;0;0;8;1;A01
201200053560;0;7;0;0;2;8;7;B01
201200053560;0;7;0;0;2;7;16;A01
201200053561;0;7;0;0;1;2;1;A01
201200053562;0;34;0;0;0;7;1;A01
201200053563;0;1;0;8;0;1;1;A01
201200053564;0;7;0;0;2;1;2;A01
201200053564;0;7;0;0;2;4;2;B01
201200053565;0;7;0;0;2;0;16;B01
201200053565;0;30;0;12;2;1;18;A01
201200053566;0;10;0;0;2;8;15;B01
201200053566;0;33;0;0;2;1;17;A01
201200053567;0;7;0;0;2;1;15;B01
201200053567;0;30;0;0;2;7;1;A01
201200053568;0;32;0;0;2;7;3;A01
201200053568;0;7;0;0;2;7;23;B01
201200053568;0;7;0;0;2;7;23;C01
201200053569;0;1;0;15;0;1;1;A01
201200053570;0;1;0;0;2;1;7;A01
201200053570;0;7;0;0;2;3;15;B01
201200053571;0;1;0;0;2;1;7;B01
201200053571;0;7;0;0;2;4;16;A01
201200053572;0;7;0;0;2;1;1;A01
201200053572;0;32;0;0;0;0;23;B01
201200053573;0;30;0;1;2;8;2;A01
201200053574;0;7;0;0;0;2;1;B01
201200053574;0;34;0;0;0;2;13;A01
201200053575;0;33;0;0;1;2;17;A01
201200053576;0;2;0;0;2;0;21;A01
201200053577;1;13;0;0;0;0;2;Z01
201200053577;0;33;0;0;0;0;2;A01
201200053578;0;10;0;0;1;5;4;A01
201200053579;0;7;0;0;1;4;4;A01
201200053580;1;7;0;0;2;0;2;Z01
201200053580;0;30;0;0;2;5;2;A01
201200053581;0;33;0;0;0;4;23;B01
201200053581;0;7;0;14;0;1;1;A01
201200053582;0;2;0;0;0;0;15;A01
201200053583;0;7;0;0;2;1;15;A01
201200053583;0;32;0;0;2;8;1;B01
201200053584;0;33;0;0;2;7;12;A01
201200053584;0;34;0;0;2;3;7;B01
201200053585;0;34;0;0;2;1;1;B01
201200053585;0;7;0;0;2;2;1;A01
201200053586;1;34;0;0;1;0;1;Z01
201200053587;0;1;0;0;1;0;1;A01
201200053588;0;32;0;0;2;5;17;B01
201200053588;0;7;0;0;2;3;15;A01
201200053589;0;7;0;0;2;4;2;B01
201200053589;0;7;0;0;2;1;2;A01
201200053589;0;7;0;0;2;4;2;C01
201200053590;0;31;0;14;0;2;14;A01
201200053591;0;7;0;0;0;1;4;A01
201200053592;0;33;0;0;2;8;1;A01
201200053592;0;2;0;0;2;4;17;B01
201200053593;0;14;0;0;1;3;15;A01
201200053594;0;32;0;14;0;2;1;A01
201200053595;0;7;0;0;0;7;7;A01
201200053595;0;1;0;0;0;8;7;B01
201200053596;0;7;0;0;2;7;16;A01
201200053596;0;33;0;0;2;8;18;B01
201200053597;0;7;0;0;2;6;22;A01
201200053597;0;30;0;0;2;2;17;B01
201200053598;0;7;0;0;2;6;1;B01
201200053598;0;7;0;0;2;1;1;A01
201200053599;0;31;0;0;0;0;1;A01
201200053599;0;37;1;0;9;1;1;B01
201200053600;0;32;0;0;2;1;1;B01
201200053600;0;32;0;0;2;1;1;A01
201200053601;0;32;0;0;2;0;1;A01
201200053601;0;7;0;0;2;0;13;B01
201200053602;0;32;0;0;1;1;17;A01
201200053603;0;7;0;0;2;3;2;A01
201200053603;0;30;0;0;2;4;16;B01
201200053604;0;10;0;0;1;3;1;A01
201200053605;0;32;0;0;2;7;18;B01
201200053605;0;7;0;0;2;7;22;A01
201200053606;0;34;0;0;2;3;2;A01
201200053606;0;7;0;0;2;5;2;B01
201200053607;1;7;0;0;2;0;2;Z01
201200053607;0;32;0;0;2;4;23;A01
201200053608;0;33;0;14;0;1;13;A01
201200053609;0;10;0;0;2;4;23;B01
201200053609;0;7;0;0;2;1;2;A01
201200053610;0;7;0;0;2;7;1;B01
201200053610;0;32;0;0;2;1;1;A01
201200053611;0;32;0;14;0;3;14;A01
201200053612;0;32;0;0;2;1;1;A01
201200053612;0;10;0;0;2;3;1;B01
201200053613;0;1;0;0;1;7;16;A01
201200053614;0;32;0;14;0;1;13;A01
201200053615;0;32;0;0;2;0;1;A01
201200053615;1;7;0;0;2;0;15;Z01
201200053616;0;10;0;0;1;6;4;A01
201200053617;0;7;0;0;1;3;7;A01
201200053618;0;30;0;12;0;0;13;A01
201200053619;0;30;0;0;1;0;1;A01
201200053620;0;37;1;0;1;2;16;A01
201200053621;0;10;0;0;1;5;4;A01
201200053622;0;10;0;0;2;2;1;A01
201200053622;0;32;0;0;2;8;1;B01
201200053623;0;10;0;0;1;6;4;A01
201200053624;0;7;0;0;2;3;1;A01
201200053624;0;33;0;0;2;2;1;B01
201200053625;0;7;0;0;2;1;1;A01
201200053625;0;34;0;0;2;7;1;B01
201200053626;0;31;0;0;2;7;17;A01
201200053626;0;7;0;0;2;3;13;B01
201200053627;0;7;0;0;2;7;1;A01
201200053627;0;34;0;0;2;1;1;B01
201200053628;0;7;0;0;1;1;15;A01
201200053629;0;37;0;0;1;7;1;A01
201200053630;0;10;0;0;1;3;15;A01
201200053631;0;33;0;0;1;1;1;A01
201200053632;0;34;0;0;2;1;1;A01
201200053632;0;7;0;0;2;6;1;B01
201200053633;0;30;0;0;2;8;1;A01
201200053633;1;7;0;0;2;7;17;Z01
201200053634;0;7;0;0;2;0;1;A01
201200053634;0;34;0;0;2;0;17;B01
201200053635;0;10;0;0;1;4;4;A01
201200053636;0;7;0;0;9;1;9;B01
201200053636;0;1;0;0;2;1;5;A01
201200053637;0;7;0;0;1;2;7;A01
201200053638;0;7;0;0;0;6;13;A01
201200053638;0;2;0;0;2;2;17;B01
201200053639;0;30;0;0;2;8;1;B01
201200053639;0;7;0;0;2;2;16;A01
201200053640;0;7;0;0;2;3;15;A01
201200053640;0;32;0;0;0;4;1;B01
201200053641;0;7;0;0;2;2;1;B01
201200053641;0;33;0;0;2;1;1;A01
201200053642;0;7;0;0;1;3;15;A01
201200053643;0;1;0;8;0;2;14;A01
201200053644;0;30;0;0;0;8;1;A01
201200053645;0;7;0;0;1;6;4;A01
201200053646;0;10;0;0;2;7;1;A01
201200053646;0;32;0;0;2;1;1;B01
201200053647;0;1;0;0;0;1;1;A01
201200053647;1;7;0;1;0;0;1;B01
201200053648;0;1;0;0;0;0;16;A01
201200053649;0;10;0;0;1;4;4;A01
201200053650;0;32;0;0;2;3;15;A01
201200053650;0;7;0;0;2;2;1;B01
201200053651;0;30;0;8;0;0;1;A01
201200053652;0;7;0;0;2;1;1;A01
201200053652;0;7;0;0;2;3;1;B01
201200053653;0;34;0;12;0;0;21;A01
201200053654;0;7;0;0;2;3;9;B01
201200053654;0;34;0;0;2;7;17;A01
201200053655;0;31;0;0;2;8;1;B01
201200053655;0;7;0;0;2;6;23;C01
201200053655;0;2;0;0;2;1;1;A01
201200053656;0;33;0;0;0;0;1;A01
201200053657;0;31;0;0;2;8;1;B01
201200053657;0;7;0;0;2;2;17;A01
201200053658;0;7;0;0;2;3;2;A01
201200053658;0;10;0;0;2;5;2;B01
201200053659;0;33;0;0;2;2;17;B01
201200053659;0;10;0;0;2;3;13;A01
201200053660;0;10;0;0;1;5;4;A01
201200053661;1;30;0;0;0;5;7;Z01
201200053662;0;1;0;0;2;3;7;A01
201200053662;0;33;0;0;2;2;1;B01
201200053663;0;7;0;0;2;3;15;A01
201200053663;0;32;0;0;2;2;17;B01
201200053664;0;1;0;0;1;1;7;A01
201200053665;0;10;0;0;1;4;4;A01
201200053666;0;32;0;0;2;2;2;A01
201200053666;0;32;0;0;0;4;2;B01
201200053667;0;7;0;0;2;7;1;B01
201200053667;0;7;0;0;2;7;14;A01
201200053668;0;30;0;0;2;2;1;A01
201200053668;0;7;0;0;2;8;1;B01
201200053669;0;7;0;0;2;2;15;A01
201200053669;0;30;0;0;2;2;1;B01
201200053670;0;33;0;0;2;7;17;B01
201200053670;0;10;0;0;2;3;15;A01
201200053671;0;32;0;0;2;1;1;B01
201200053671;0;10;0;0;2;8;15;A01
201200053672;0;7;0;0;2;6;22;A01
201200053672;0;1;0;0;2;1;17;B01
201200053673;0;1;0;0;1;1;1;A01
201200053674;0;36;0;0;1;4;10;A01
201200053675;0;2;0;1;0;1;13;A01
201200053676;0;10;0;0;1;4;4;A01
201200053677;0;7;0;0;1;2;1;A01
201200053678;0;7;0;0;2;2;16;A01
201200053678;0;32;0;0;2;3;1;B01
201200053679;0;7;0;0;2;1;1;A01
201200053679;0;32;0;0;2;4;18;B01
201200053680;0;33;0;0;2;4;23;B01
201200053680;0;7;0;0;2;3;2;A01
201200053681;0;32;0;0;2;1;17;A01
201200053681;0;7;0;0;2;8;15;B01
201200053682;0;13;0;0;2;4;4;A01
201200053682;0;32;0;0;2;1;1;B01
201200053683;0;33;0;0;0;0;1;A01
201200053684;0;7;0;11;0;1;14;A01
201200053685;0;30;0;0;2;3;1;B01
201200053685;0;7;0;0;2;3;15;A01
201200053686;0;7;0;0;2;2;14;A01
201200053686;0;30;0;0;2;8;23;B01
201200053687;0;32;0;0;0;8;1;A01
201200053688;0;7;0;0;1;2;1;A01
201200053689;0;7;0;0;2;8;1;B01
201200053689;0;32;0;0;2;1;1;A01
201200053690;0;32;0;0;0;7;1;A01
201200053691;0;7;0;0;2;7;17;A01
201200053691;0;30;0;0;2;6;13;B01
201200053692;0;2;0;0;1;2;1;A01
201200053693;0;7;0;0;1;3;15;A01
201200053694;0;2;0;0;1;0;7;A01
201200053695;0;32;0;0;2;1;1;A01
201200053696;0;33;0;0;2;4;2;B01
201200053696;0;10;0;0;2;1;2;A01
201200053697;1;7;0;0;1;0;1;Z01
201200053698;0;30;0;12;0;1;14;A01
201200053699;0;7;0;0;2;5;22;A01
201200053699;0;34;0;0;2;1;18;B01
201200053700;0;7;0;1;1;1;15;A01
201200053701;0;31;0;0;2;8;7;A01
201200053701;0;7;0;0;2;1;1;B01
201200053702;0;7;0;0;2;2;15;A01
201200053702;0;34;0;0;2;3;1;B01
201200053703;0;30;0;0;2;0;7;A01
201200053703;0;10;0;0;2;2;16;B01
201200053704;1;7;0;0;2;2;16;B01
201200053704;0;32;0;0;2;1;18;A01
201200053705;0;1;0;0;2;7;15;A01
201200053705;0;32;0;0;2;3;15;B01
201200053706;1;7;0;0;1;0;13;Z01
201200053707;0;1;0;0;1;7;1;A01
201200053708;1;13;0;0;1;0;1;Z01
201200053709;0;31;0;0;2;0;2;B01
201200053709;0;10;0;0;2;4;4;A01
201200053710;0;7;0;0;1;1;1;A01
201200053711;0;32;0;0;2;1;1;B01
201200053711;0;10;0;0;2;7;1;A01
201200053712;0;7;0;0;1;2;1;A01
201200053713;0;1;0;0;0;0;1;A01
201200053714;0;10;0;0;2;3;13;B01
201200053714;0;32;0;0;2;2;5;A01
201200053715;0;32;0;0;2;0;18;A01
201200053715;0;30;0;0;2;0;1;B01
201200053716;0;37;0;0;9;5;14;B01
201200053716;0;30;0;0;2;8;18;A01
201200053717;0;34;0;0;0;4;23;B01
201200053717;0;32;0;0;0;1;1;A01
201200053718;0;32;0;0;2;1;17;A01
201200053718;0;7;0;0;2;3;15;B01
201200053719;0;7;0;0;1;1;15;A01
201200053720;0;7;0;0;2;3;10;A01
201200053720;0;34;0;0;2;2;1;B01
201200053721;1;10;0;0;1;2;1;Z01
201200053722;0;30;0;0;2;2;1;B01
201200053722;0;10;0;0;2;3;1;A01
201200053723;0;1;0;0;1;1;1;A01
201200053724;0;10;0;11;0;2;13;A01
201200053725;0;7;0;0;2;5;16;A01
201200053725;0;2;0;0;2;3;18;B01
201200053726;0;2;0;0;1;7;15;A01
201200053727;0;32;0;0;2;3;1;A01
201200053727;0;7;0;0;0;2;9;B01
201200053728;0;2;0;0;1;1;1;A01
201200053729;0;33;0;0;0;0;21;A01
201200053730;0;2;0;0;0;1;1;A01
201200053731;0;2;0;0;0;0;21;A01
201200053732;0;32;0;0;2;3;18;B01
201200053732;0;7;0;0;0;7;22;A01
201200053733;0;7;0;0;2;5;12;A01
201200053733;0;32;0;0;2;1;1;B01
201200053734;0;2;0;0;0;0;17;A01
201200053735;0;30;0;0;2;1;18;B01
201200053735;0;7;0;0;2;7;22;A01
201200053736;0;7;0;0;2;3;13;A01
201200053736;0;32;0;0;2;8;1;B01
201200053737;0;31;0;0;2;1;1;B01
201200053737;0;7;0;0;2;2;1;A01
201200053738;0;7;0;0;2;3;7;B01
201200053738;0;31;0;0;2;2;16;A01
201200053739;0;7;0;0;2;1;15;A01
201200053739;0;31;0;0;2;1;1;B01
201200053740;0;7;0;0;1;1;15;A01
201200053741;0;7;0;0;2;0;1;A01
201200053741;0;1;0;0;2;0;9;B01
201200053742;0;1;0;0;1;1;18;A01
201200053743;0;7;0;1;0;1;1;A01
201200053744;0;32;0;0;2;1;1;A01
201200053744;0;7;0;0;0;2;1;B01
201200053745;0;7;0;0;1;4;4;A01
201200053746;0;34;0;0;0;7;1;A01
201200053747;0;33;0;0;0;0;1;A01
201200053748;0;32;0;0;2;6;16;A01
201200053748;1;7;0;0;2;0;16;Z01
201200053748;0;7;0;0;2;2;16;B01
201200053749;1;7;0;0;0;5;16;A01
201200053749;0;1;0;0;2;1;1;B01
201200053750;0;1;0;0;2;2;12;A01
201200053750;0;7;0;0;2;3;1;B01
201200053751;0;30;0;0;1;0;1;A01
201200053752;0;2;0;0;0;7;1;A01
201200053753;0;7;0;0;2;3;10;A01
201200053753;0;2;0;0;2;1;17;B01
201200053754;0;1;0;0;1;1;1;A01
201200053755;0;2;0;0;2;5;14;A01
201200053755;0;1;0;0;2;3;1;B01
201200053756;1;32;0;0;1;0;15;Z01
201200053757;0;33;0;0;2;8;11;A01
201200053757;0;1;0;0;2;7;1;B01
201200053758;0;10;0;0;2;2;1;B01
201200053758;0;33;0;0;2;6;3;A01
201200053759;0;33;0;0;0;7;1;A01
201200053760;0;10;0;0;1;6;4;A01
201200053761;0;7;0;0;2;8;15;A01
201200053761;0;34;0;0;2;7;1;B01
201200053762;0;7;0;0;1;1;1;A01
201200053763;0;7;0;0;1;4;4;A01
201200053764;0;33;0;14;0;1;16;A01
201200053765;0;31;0;0;2;8;1;B01
201200053765;0;7;0;0;2;7;16;A01
201200053766;0;32;0;0;2;1;17;A01
201200053766;0;10;0;0;2;3;15;B01
201200053767;0;15;0;0;1;4;4;A01
201200053768;1;7;0;0;2;7;22;Z01
201200053768;0;1;0;0;2;1;1;A01
201200053769;0;7;0;0;2;5;2;B01
201200053769;0;32;0;0;2;1;2;A01
201200053770;1;34;0;0;1;0;1;Z01
201200053771;0;14;0;0;1;7;16;A01
201200053772;0;37;1;0;1;2;1;A01
201200053773;0;31;0;0;1;1;1;A01
201200053774;0;33;0;1;0;1;1;B01
201200053774;0;7;0;0;0;0;16;A01
201200053775;0;30;0;0;2;8;18;A01
201200053775;0;7;0;0;2;2;23;B01
201200053776;0;7;0;0;2;2;1;A01
201200053776;0;33;0;0;0;6;16;B01
201200053777;0;1;0;0;1;1;1;A01
201200053778;0;33;0;0;2;8;7;A01
201200053778;0;7;0;0;2;7;16;B01
201200053779;0;7;0;0;2;3;7;B01
201200053779;0;7;0;0;2;3;13;A01
201200053780;0;1;0;0;0;0;15;A01
201200053781;0;37;50;0;1;2;7;A01
201200053782;0;7;0;0;1;7;1;A01
201200053783;0;7;0;0;0;5;22;A01
201200053783;0;32;0;1;0;1;1;B01
201200053784;0;1;0;0;2;7;17;B01
201200053784;0;7;0;0;2;8;13;A01
201200053785;0;1;0;0;1;1;1;A01
201200053786;0;7;0;0;2;3;13;A01
201200053786;0;32;0;0;2;2;17;B01
201200053787;0;32;0;0;9;1;0;A01
201200053788;0;31;0;0;9;7;1;A01
201200053789;0;7;0;0;2;8;22;A01
201200053789;0;1;0;0;2;1;1;B01
201200053790;0;7;0;0;0;6;1;B01
201200053790;0;32;0;0;0;1;1;A01
201200053791;0;1;0;0;2;2;17;A01
201200053791;0;7;0;0;2;3;15;B01
201200053792;0;37;0;0;2;1;1;B01
201200053792;0;7;0;0;2;5;14;A01
201200053793;0;7;0;0;2;7;9;A01
201200053793;0;33;0;0;2;8;1;B01
201200053794;0;7;0;0;2;6;15;B01
201200053794;0;32;0;0;2;2;7;A01
201200053795;0;7;0;0;2;1;1;A01
201200053795;0;7;0;0;2;8;1;B01
201200053796;0;7;0;0;2;7;1;A01
201200053796;0;7;0;0;2;1;1;B01
201200053797;0;10;0;0;1;7;1;A01
201200053798;0;33;0;0;2;4;11;B01
201200053798;0;33;0;0;2;1;1;A01
201200053799;0;32;0;0;0;3;15;A01
201200053800;1;7;0;0;1;0;1;Z01
201200053801;0;30;0;0;2;8;18;A01
201200053801;0;1;0;0;2;5;7;B01
201200053802;0;1;0;0;2;2;15;B01
201200053802;0;30;0;0;2;0;17;A01
201200053803;0;33;0;0;1;2;1;A01
201200053804;0;33;0;0;0;8;1;A01
201200053805;0;7;0;0;2;2;1;A01
201200053805;0;30;0;0;2;4;1;B01
201200053806;0;7;0;0;2;2;15;A01
201200053806;0;1;0;0;2;4;15;B01
201200053807;0;10;0;0;2;8;15;B01
201200053807;0;31;0;0;2;3;1;A01
201200053808;0;7;0;0;2;2;16;A01
201200053808;0;7;0;0;2;3;7;B01
201200053809;0;7;0;0;2;2;16;A01
201200053809;0;7;0;0;2;3;7;B01
201200053810;0;2;0;0;1;1;17;A01
201200053811;0;32;0;0;1;3;7;A01
201200053812;0;7;0;0;1;4;4;A01
201200053813;0;7;0;0;2;3;1;B01
201200053813;0;10;0;0;2;2;1;A01
201200053814;0;7;0;14;0;1;13;A01
201200053815;0;7;0;0;1;8;1;A01
201200053816;0;7;0;0;1;1;15;A01
201200053817;0;1;0;0;0;8;5;A01
201200053818;0;37;40;1;0;7;17;B01
201200053818;0;7;0;0;2;8;22;A01
201200053819;0;7;0;0;1;1;15;A01
201200053820;0;2;0;0;0;7;1;A01
201200053821;0;7;0;0;0;8;1;A01
201200053821;0;30;0;0;0;1;1;C01
201200053821;0;33;0;1;0;1;1;B01
201200053822;0;1;0;0;2;0;13;A01
201200053822;0;1;0;0;2;7;1;B01
201200053823;0;1;0;0;2;4;7;B01
201200053823;0;10;0;0;2;3;15;A01
201200053824;0;7;0;0;2;2;1;A01
201200053824;0;33;0;0;0;5;1;B01
201200053825;0;30;0;0;1;1;5;A01
201200053826;0;2;0;0;0;7;16;A01
201200053827;0;1;0;0;0;0;1;A01
201200053828;0;7;0;0;1;1;15;A01
201200053829;0;1;0;0;0;0;21;A01
201200053830;0;7;0;0;2;4;23;C01
201200053830;0;7;0;0;2;1;2;A01
201200053830;0;7;0;0;2;4;2;B01
201200053831;0;37;1;0;2;1;15;B01
201200053831;0;1;0;0;2;8;19;A01
201200053832;0;7;0;0;1;2;1;A01
201200053833;0;10;0;0;1;3;7;A01
201200053834;0;32;0;0;2;4;18;A01
201200053834;0;32;0;0;2;1;1;B01
201200053835;0;7;0;0;1;3;16;A01
201200053836;0;33;0;0;0;0;1;A01
201200053837;1;7;0;0;1;0;1;Z01
201200053838;0;33;0;0;1;1;17;A01
201200053839;0;31;0;11;0;8;13;A01
201200053840;0;30;0;0;2;1;1;A01
201200053840;0;7;0;0;2;2;10;B01
201200053841;0;10;0;0;1;3;15;A01
201200053842;0;7;0;0;2;7;14;A01
201200053842;0;1;0;0;2;8;1;B01
201200053843;0;34;0;0;0;8;21;A01
201200053844;0;7;0;0;1;3;4;A01
201200053845;0;32;0;1;1;3;1;A01
201200053846;0;33;0;0;0;3;1;A01
201200053847;0;7;0;0;2;8;11;A01
201200053847;0;33;0;0;2;7;1;B01
201200053848;0;34;0;0;0;0;21;A01
201200053849;0;10;0;0;2;7;11;A01
201200053849;0;2;0;0;2;2;17;B01
201200053850;0;32;0;11;0;1;1;A01
201200053851;0;30;0;0;2;1;8;A01
201200053851;0;1;0;0;0;3;15;B01
201200053852;0;32;0;0;2;7;17;A01
201200053852;0;7;0;0;2;3;15;B01
201200053853;0;7;0;0;1;8;15;A01
201200053854;0;2;0;0;0;7;1;A01
201200053855;0;2;0;0;1;3;7;A01
201200053856;0;2;0;0;1;1;1;A01
201200053857;0;7;0;1;2;2;1;A01
201200053857;0;10;0;1;2;1;1;B01
201200053858;0;31;0;0;0;0;3;A01
201200053859;0;7;0;14;0;0;13;A01
201200053860;0;2;0;0;2;1;1;A01
201200053860;0;7;0;0;2;6;1;B01
201200053861;0;33;0;0;2;2;2;A01
201200053861;0;10;0;0;2;5;2;B01
201200053862;0;34;0;0;2;7;1;B01
201200053862;0;10;0;0;2;8;15;A01
201200053863;1;7;0;0;1;4;4;Z01
201200053864;0;33;0;0;2;2;2;B01
201200053864;0;7;0;0;2;4;2;A01
201200053865;0;7;0;0;2;4;23;B01
201200053865;0;37;75;0;2;1;2;A01
201200053866;0;34;0;0;1;1;1;A01
201200053867;0;1;0;0;2;8;13;B01
201200053867;0;7;0;0;2;7;17;A01
201200053868;0;32;0;0;2;1;1;B01
201200053868;0;7;0;0;2;3;10;A01
201200053869;0;7;0;0;1;3;16;A01
201200053870;1;7;0;0;1;0;16;Z01
201200053871;0;32;0;0;0;0;1;A01
201200053872;0;10;0;0;2;8;16;A01
201200053872;0;1;0;0;2;1;1;B01
201200053873;0;34;0;0;0;3;23;B01
201200053873;0;7;0;0;0;2;1;A01
201200053874;0;7;0;0;2;2;1;A01
201200053874;0;32;0;0;2;3;1;B01
201200053875;0;2;0;0;2;8;5;A01
201200053875;0;7;0;0;2;8;15;B01
201200053876;0;7;0;0;2;2;16;B01
201200053876;0;33;0;0;2;8;7;A01
201200053877;0;33;0;0;2;1;2;A01
201200053877;0;37;1;0;2;6;23;B01
201200053878;0;1;0;0;1;1;1;A01
201200053879;0;7;0;0;2;8;22;A01
201200053879;0;1;0;0;2;7;1;B01
201200053880;0;32;0;1;2;7;17;B01
201200053880;0;7;0;0;2;8;11;A01