num_acc;senc;catv;occutc;obs;obsm;choc;manv;num_veh
201200053881;0;37;1;0;2;2;15;B01
201200053881;0;1;0;0;2;3;1;A01
201200053882;0;1;0;0;1;7;1;A01
201200053883;0;34;0;0;2;2;1;B01
201200053883;0;1;0;0;2;3;19;A01
201200053884;0;7;0;0;1;5;4;A01
201200053885;0;33;0;0;1;1;1;A01
201200053886;0;7;0;0;2;3;1;B01
201200053886;0;34;0;0;2;1;1;A01
201200053887;0;10;0;0;1;4;4;A01
201200053888;0;33;0;1;2;7;13;A01
201200053888;0;7;0;0;2;4;23;B01
201200053889;0;7;0;0;2;2;1;A01
201200053889;0;32;0;0;2;1;1;B01
201200053890;0;33;0;0;2;6;13;B01
201200053890;0;7;0;0;2;2;1;A01
201200053891;0;1;0;0;2;8;13;B01
201200053891;0;7;0;0;2;7;1;A01
201200053892;0;7;0;1;0;2;14;A01
201200053893;0;7;0;0;1;4;4;A01
201200053894;0;1;0;0;1;1;17;A01
201200053895;0;2;0;0;0;0;1;A01
201200053896;0;33;0;0;2;2;17;B01
201200053896;0;7;0;0;2;3;13;A01
201200053897;0;31;0;0;2;8;1;B01
201200053897;0;10;0;0;2;7;16;A01
201200053898;1;7;0;0;1;0;1;Z01
201200053899;0;1;0;0;2;4;1;A01
201200053899;0;33;0;3;2;1;1;B01
201200053900;0;7;0;0;2;2;15;A01
201200053900;0;33;0;0;2;2;1;B01
201200053901;0;1;0;0;0;1;1;A01
201200053902;1;32;0;0;1;1;1;Z01
201200053903;0;7;0;0;1;2;16;A01
201200053904;0;7;0;0;0;8;15;B01
201200053904;0;33;0;0;2;8;17;A01
201200053905;0;7;0;0;1;1;16;A01
201200053906;0;7;0;11;0;1;13;A01
201200053907;0;1;0;0;2;1;1;B01
201200053907;0;7;0;0;2;3;22;A01
201200053908;0;7;0;0;2;1;2;A01
201200053908;0;30;0;0;2;4;2;B01
201200053909;0;7;0;0;0;2;7;A01
201200053910;0;7;0;0;1;2;1;A01
201200053911;1;37;0;0;2;2;7;A01
201200053911;0;1;0;0;2;3;7;B01
201200053912;0;7;0;0;1;2;1;A01
201200053913;1;2;0;0;1;1;0;A01
201200053914;0;1;0;0;0;4;7;B01
201200053914;1;30;0;0;0;0;7;Z01
201200053915;0;7;0;0;2;0;1;B01
201200053915;0;32;0;0;2;0;1;A01
201200053916;0;7;0;0;2;2;1;A01
201200053916;0;30;0;0;2;6;1;B01
201200053917;0;32;0;0;2;1;1;A01
201200053917;0;7;0;0;0;6;23;B01
201200053918;0;2;0;0;2;8;17;A01
201200053918;0;7;0;0;2;8;15;B01
201200053919;0;1;0;12;0;1;14;A01
201200053920;0;7;0;0;1;6;4;A01
201200053921;0;7;0;0;2;1;15;B01
201200053921;0;32;0;0;2;0;17;A01
201200053922;0;7;0;0;2;3;10;A01
201200053922;0;1;0;0;2;1;17;B01
201200053923;0;1;0;0;2;8;13;A01
201200053923;0;7;0;0;2;7;17;B01
201200053924;0;7;0;0;0;8;11;A01
201200053924;0;33;0;15;0;1;1;B01
201200053925;0;1;0;0;0;1;1;A01
201200053926;0;32;0;0;0;0;15;A01
201200053927;0;10;0;0;2;2;1;B01
201200053927;0;1;0;0;2;2;18;A01
201200053928;0;7;0;0;1;2;1;A01
201200053929;0;7;0;11;0;8;15;A01
201200053930;0;1;0;0;1;1;1;A01
201200053931;0;7;0;0;2;1;23;B01
201200053931;0;32;0;0;2;1;9;A01
201200053931;0;3;0;0;2;5;23;C01
201200053932;0;1;0;0;2;1;7;B01
201200053932;0;10;0;0;2;2;16;A01
201200053933;0;32;0;0;2;3;1;B01
201200053933;0;7;0;0;2;7;15;A01
201200053934;0;7;0;0;2;6;15;B01
201200053934;0;32;0;0;2;1;17;A01
201200053935;0;33;0;0;2;1;5;A01
201200053935;0;1;0;0;2;4;15;B01
201200053936;0;7;0;0;2;8;10;A01
201200053936;0;33;0;0;2;1;17;B01
201200053937;0;1;0;0;2;1;1;B01
201200053937;0;7;0;0;2;2;16;A01
201200053938;0;7;0;0;2;3;15;B01
201200053938;0;32;0;0;2;7;5;A01
201200053939;0;30;0;0;2;7;13;A01
201200053939;0;7;0;0;2;7;1;B01
201200053940;0;33;0;1;1;1;1;A01
201200053941;0;10;0;0;2;5;17;A01
201200053941;0;1;0;0;2;3;1;B01
201200053942;0;30;0;8;2;1;5;A01
201200053942;0;7;0;0;2;0;15;B01
201200053943;1;7;0;0;1;1;1;A01
201200053944;0;7;0;0;2;1;5;A01
201200053944;0;7;0;0;2;1;7;B01
201200053945;0;7;0;0;2;8;15;A01
201200053945;0;1;0;0;2;7;17;B01
201200053946;0;7;0;0;2;2;16;B01
201200053946;0;32;0;0;2;3;2;A01
201200053947;0;30;0;0;2;1;18;A01
201200053947;0;7;0;0;2;2;16;B01
201200053948;0;33;0;0;2;1;15;B01
201200053948;0;1;0;0;2;2;17;A01
201200053949;0;7;0;0;2;1;9;A01
201200053949;0;30;0;0;0;7;5;B01
201200053950;0;32;0;0;1;1;1;A01
201200053951;0;7;0;0;2;3;15;B01
201200053951;0;1;0;0;2;1;5;A01
201200053952;0;30;0;0;0;8;21;A01
201200053953;0;30;0;0;0;7;1;A01
201200053954;0;32;0;0;0;8;1;A01
201200053955;0;34;0;15;0;7;1;A01
201200053956;0;7;0;0;1;1;1;A01
201200053957;0;7;0;0;1;2;1;A01
201200053958;0;7;0;0;1;3;7;A01
201200053959;0;2;0;0;0;0;21;A01
201200053960;1;7;0;0;1;2;1;A01
201200053961;0;1;0;0;2;1;7;B01
201200053961;0;10;0;0;2;7;16;A01
201200053962;0;37;1;0;1;7;16;A01
201200053963;0;7;0;0;2;5;15;B01
201200053963;0;2;0;0;2;7;1;A01
201200053964;0;14;0;0;2;0;2;A01
201200053964;0;31;0;0;2;4;2;B01
201200053965;0;1;0;0;1;1;1;A01
201200053966;0;1;0;0;1;1;7;A01
201200053967;0;32;0;12;0;1;1;A01
201200053968;0;30;0;0;2;2;1;A01
201200053968;0;10;0;0;0;3;1;B01
201200053969;0;32;0;0;0;7;1;A01
201200053969;1;7;0;0;0;0;1;Z01
201200053970;0;7;0;1;2;3;1;B01
201200053970;0;7;0;0;2;1;1;A01
201200053971;0;30;0;0;1;0;1;A01
201200053972;0;33;0;0;1;2;15;A01
201200053973;0;7;0;0;0;3;22;A01
201200053973;0;1;0;1;0;1;7;B01
201200053974;0;30;0;9;0;2;16;A01
201200053975;0;30;0;0;0;0;1;A01
201200053976;0;10;0;8;2;7;1;A01
201200053976;0;10;0;0;2;1;1;B01
201200053977;0;7;0;9;0;2;1;A01
201200053978;1;7;0;0;0;0;15;Z01
201200053978;0;34;0;0;0;2;1;B01
201200053979;0;7;0;0;0;3;7;A01
201200053980;0;1;0;0;2;4;2;B01
201200053980;0;7;0;0;2;1;2;A01
201200053981;0;30;0;0;1;8;1;A01
201200053982;0;33;0;0;0;8;9;A01
201200053983;0;1;0;0;2;0;7;B01
201200053983;1;7;0;0;2;0;14;Z01
201200053983;0;1;0;0;2;0;7;A01
201200053984;0;7;0;0;2;1;2;A01
201200053984;0;7;0;0;2;4;2;B01
201200053985;0;10;0;0;2;1;23;A01
201200053985;0;33;0;0;2;4;2;B01
201200053986;0;1;0;0;2;0;1;A01
201200053986;0;14;0;0;2;0;16;B01
201200053987;0;7;0;0;2;3;15;A01
201200053987;0;34;0;0;2;2;15;B01
201200053988;0;30;0;0;2;2;15;B01
201200053988;0;7;0;0;2;8;15;A01
201200053989;0;14;0;0;1;2;16;A01
201200053990;0;30;0;0;2;1;1;B01
201200053990;0;7;0;0;2;8;15;A01
201200053991;0;33;0;0;1;1;1;A01
201200053992;0;2;0;0;2;1;1;A01
201200053992;0;7;0;0;2;5;23;B01
201200053993;0;7;0;0;1;4;4;A01
201200053994;0;7;0;0;2;2;1;A01
201200053994;0;1;0;0;2;1;1;B01
201200053995;0;7;0;0;2;7;15;A01
201200053995;0;32;0;0;2;1;1;B01
201200053996;0;7;0;0;2;5;9;A01
201200053996;0;32;0;0;2;3;1;B01
201200053997;0;7;0;0;2;2;16;A01
201200053997;0;1;0;0;2;1;7;B01
201200053998;0;20;0;8;0;8;16;A01
201200053999;0;33;0;0;2;8;1;A01
201200053999;0;7;0;0;2;7;1;B01
201200054000;0;2;0;0;1;2;17;A01
201200054001;1;32;0;0;0;0;23;Z01
201200054001;0;33;0;0;2;1;1;A01
201200054002;0;7;0;0;0;8;15;B01
201200054002;0;32;0;0;0;7;17;A01
201200054003;0;33;0;0;2;1;7;B01
201200054003;0;7;0;0;2;1;15;A01
201200054004;0;7;0;0;2;3;1;B01
201200054004;0;1;0;0;2;7;1;A01
201200054005;0;33;0;0;0;2;1;B01
201200054005;0;7;0;0;0;2;15;A01
201200054006;0;1;0;15;2;1;1;B01
201200054006;0;10;0;0;2;3;13;A01
201200054007;0;30;0;0;2;1;17;A01
201200054007;0;7;0;0;2;3;15;B01
201200054008;0;31;0;0;2;7;17;A01
201200054008;0;7;0;0;2;3;15;B01
201200054009;0;10;0;0;1;2;1;A01
201200054010;0;7;0;0;2;2;15;A01
201200054010;0;34;0;0;2;1;1;B01
201200054011;0;31;0;0;0;7;1;A01
201200054012;0;30;0;0;0;7;1;A01
201200054013;0;31;0;0;2;1;1;A01
201200054013;0;7;0;0;2;2;15;B01
201200054014;0;7;0;0;1;3;15;A01
201200054015;0;7;0;0;1;4;4;A01
201200054016;0;7;0;0;2;3;1;A01
201200054016;0;7;0;0;2;2;1;B01
201200054017;0;33;0;8;2;1;2;A01
201200054017;0;32;0;0;2;4;23;C01
201200054017;0;30;0;0;2;4;23;B01
201200054018;0;7;0;0;2;2;1;A01
201200054018;0;32;0;0;2;8;1;B01
201200054019;0;32;0;0;2;8;10;B01
201200054019;0;32;0;0;2;1;1;A01
201200054020;0;32;0;0;2;1;1;A01
201200054020;1;10;0;0;2;0;15;Z01
201200054021;0;7;0;8;1;4;4;A01
201200054022;0;34;0;1;2;7;17;A01
201200054022;0;17;0;0;0;3;15;B01
201200054023;0;1;0;0;2;8;1;B01
201200054023;0;7;0;0;2;7;16;A01
201200054024;0;32;0;0;1;8;1;A01
201200054025;0;1;0;0;2;7;19;B01
201200054025;0;10;0;0;2;1;1;A01
201200054026;0;7;0;0;2;6;1;A01
201200054026;0;32;0;0;2;2;15;B01
201200054027;0;30;0;0;1;3;2;A01
201200054028;0;7;0;0;0;5;1;A01
201200054029;0;37;15;0;0;5;1;A01
201200054030;0;2;0;0;0;3;3;A01
201200054030;0;7;0;0;0;5;23;B01
201200054031;0;7;0;0;1;3;15;A01
201200054032;0;1;0;0;2;8;19;B01
201200054032;0;34;0;0;2;1;1;A01
201200054033;0;7;0;0;2;3;15;B01
201200054033;0;31;0;0;2;7;1;A01
201200054034;0;10;0;0;1;1;15;A01
201200054035;0;14;0;0;1;1;15;A01
201200054036;0;14;0;0;2;5;14;A01
201200054036;0;1;0;0;2;3;1;B01
201200054037;0;31;0;0;2;1;18;A01
201200054037;0;7;0;0;2;7;22;B01
201200054038;0;7;0;11;0;1;13;A01
201200054039;0;33;0;11;0;1;14;A01
201200054040;0;7;0;0;2;3;7;B01
201200054040;0;34;0;0;2;7;16;A01
201200054041;0;32;0;0;2;0;1;A01
201200054041;0;32;0;0;2;8;1;B01
201200054042;0;30;0;14;0;9;11;A01
201200054043;0;1;0;0;2;1;7;A01
201200054043;0;33;0;0;2;2;1;B01
201200054044;0;7;0;0;1;3;15;A01
201200054045;0;10;0;0;2;6;2;B01
201200054045;0;37;10;0;2;2;7;A01
201200054046;0;32;0;0;0;0;21;A01
201200054047;0;1;0;0;2;8;7;B01
201200054047;0;7;0;0;2;7;17;A01
201200054048;0;7;0;0;2;7;16;A01
201200054048;0;2;0;0;2;8;1;B01
201200054049;0;7;0;0;2;3;15;A01
201200054049;0;32;0;0;2;2;17;B01
201200054050;0;33;0;0;2;3;1;B01
201200054050;0;7;0;0;2;3;15;A01
201200054051;0;30;0;0;2;1;1;B01
201200054051;0;7;0;0;2;7;22;A01
201200054052;0;7;0;0;2;1;2;A01
201200054052;0;7;0;0;2;4;2;B01
201200054053;0;10;0;0;2;3;15;A01
201200054053;0;33;0;0;2;1;5;B01
201200054054;0;7;0;0;2;3;1;B01
201200054054;0;7;0;0;2;2;10;A01
201200054055;0;32;0;0;2;1;17;B01
201200054055;0;7;0;0;2;3;9;A01
201200054056;0;7;0;0;2;1;1;B01
201200054056;0;7;0;0;2;2;1;A01
201200054057;0;1;0;0;1;2;1;A01
201200054058;0;7;0;0;2;4;2;B01
201200054058;0;7;0;0;2;1;2;A01
201200054059;0;7;0;0;0;5;16;B01
201200054059;0;30;0;12;2;1;18;A01
201200054060;0;7;0;0;2;4;23;B01
201200054060;0;1;0;0;2;1;2;A01
201200054061;0;1;0;0;2;7;17;A01
201200054061;0;7;0;0;2;8;1;B01
201200054062;0;7;0;0;2;2;9;A01
201200054062;0;32;0;0;2;6;1;B01
201200054063;0;1;0;0;0;4;15;B01
201200054063;0;7;0;0;9;3;1;A01
201200054064;0;7;0;0;2;2;10;A01
201200054064;0;33;0;0;2;1;1;B01
201200054065;0;30;0;0;0;7;1;A01
201200054066;0;30;0;0;2;1;16;A01
201200054066;0;7;0;0;2;2;7;B01
201200054067;0;7;0;0;2;3;2;A01
201200054067;0;32;0;0;2;5;23;B01
201200054068;0;7;0;0;9;3;10;B01
201200054068;0;1;0;0;2;3;1;A01
201200054069;0;1;0;0;2;3;1;B01
201200054069;0;7;0;0;2;7;14;A01
201200054070;0;32;0;0;1;2;1;A01
201200054071;0;33;0;0;2;3;14;A01
201200054071;0;7;0;0;0;8;1;B01
201200054072;0;7;0;0;2;8;15;B01
201200054072;0;30;0;0;2;7;17;A01
201200054073;0;30;0;10;0;3;7;A01
201200054074;0;7;0;0;0;4;23;B01
201200054074;0;7;0;0;2;1;1;A01
201200054075;0;31;0;0;0;0;1;A01
201200054076;0;7;0;0;0;4;23;A01
201200054076;0;2;0;0;2;7;1;B01
201200054077;0;7;0;0;1;3;1;A01
201200054078;0;3;0;0;0;3;1;A01
201200054079;0;2;0;0;2;1;17;B01
201200054079;0;10;0;0;2;7;15;A01
201200054080;1;2;0;0;1;1;1;Z01
201200054081;0;10;0;0;1;4;4;A01
201200054082;0;1;0;0;2;1;2;A01
201200054082;0;1;0;0;2;4;23;B01
201200054083;0;32;0;15;0;8;1;A01
201200054084;0;14;0;0;1;2;1;A01
201200054085;0;7;0;0;2;4;2;A01
201200054085;0;7;0;0;2;4;23;B01
201200054086;0;34;0;0;2;4;17;B01
201200054086;0;32;0;0;2;2;1;A01
201200054087;0;7;0;0;2;3;17;A01
201200054087;0;33;0;0;2;3;1;B01
201200054088;0;1;0;1;2;1;7;B01
201200054088;0;13;0;0;2;0;16;A01
201200054089;0;30;0;0;2;7;15;A01
201200054089;0;31;0;0;2;1;1;B01
201200054090;0;34;0;15;0;3;17;A01
201200054091;0;30;0;0;2;1;2;A01
201200054091;0;7;0;0;2;4;23;B01
201200054092;0;33;0;12;0;0;1;A01
201200054093;0;7;0;15;0;1;7;A01
201200054094;0;10;0;0;2;7;14;B01
201200054094;0;30;0;0;2;8;18;A01
201200054095;0;7;0;0;2;1;2;A01
201200054095;0;7;0;0;2;4;23;C01
201200054095;0;7;0;0;2;1;23;B01
201200054096;0;7;0;0;2;0;11;A01
201200054096;0;30;0;1;2;2;1;B01
201200054097;0;30;0;0;2;7;1;A01
201200054097;1;7;0;0;2;1;1;Z01
201200054098;1;7;0;0;0;0;1;A01
201200054099;1;7;0;0;2;0;15;Z01
201200054099;0;32;0;0;2;7;1;A01
201200054100;0;33;0;0;1;1;15;A01
201200054101;0;10;0;0;1;6;4;A01
201200054102;0;7;0;0;2;3;9;A01
201200054102;0;30;0;0;2;2;1;B01
201200054103;0;1;0;0;2;4;1;A01
201200054103;1;7;0;0;2;1;1;Z01
201200054104;0;1;0;0;1;1;1;A01
201200054105;0;7;0;0;1;2;15;A01
201200054106;0;2;0;0;2;1;1;A01
201200054106;0;7;0;0;2;2;1;B01
201200054107;0;33;0;0;2;3;17;B01
201200054107;0;7;0;0;2;3;15;A01
201200054108;0;32;0;0;0;0;1;A01
201200054109;0;31;0;0;0;1;1;A01
201200054110;0;7;0;0;2;8;22;A01
201200054110;0;1;0;0;2;1;1;B01
201200054111;0;30;0;0;1;1;1;A01
201200054112;0;10;0;11;0;1;14;A01
201200054113;0;1;0;0;2;8;13;A01
201200054113;0;1;0;0;2;7;17;B01
201200054114;0;32;0;0;2;6;1;B01
201200054114;0;10;0;0;2;2;14;A01
201200054115;0;33;0;1;2;1;1;A01
201200054115;0;7;0;0;2;8;9;B01
201200054116;0;33;0;0;2;1;2;A01
201200054116;0;32;0;0;2;5;2;B01
201200054117;0;7;0;0;0;4;23;B01
201200054117;0;1;0;0;2;1;1;A01
201200054118;0;1;0;0;2;6;19;A01
201200054118;0;34;0;0;2;1;1;B01
201200054119;0;10;0;0;2;7;14;A01
201200054119;0;30;0;0;2;1;1;B01
201200054120;0;1;0;0;1;1;1;A01
201200054121;1;7;0;0;1;0;7;Z01
201200054122;0;10;0;0;2;8;23;C01
201200054122;0;7;0;0;2;2;1;B01
201200054122;0;33;0;0;2;6;3;A01
201200054123;0;32;0;0;0;0;21;A01
201200054124;0;34;0;0;2;8;1;A01
201200054124;1;10;0;0;2;0;14;Z01
201200054125;0;32;0;0;0;0;21;A01
201200054126;0;30;0;0;0;0;1;A01
201200054127;0;7;0;0;2;3;15;A01
201200054127;0;33;0;0;2;1;1;B01
201200054128;0;32;0;8;2;5;1;B01
201200054128;0;7;0;0;2;1;1;A01
201200054129;0;1;0;0;2;8;13;B01
201200054129;0;37;20;0;2;7;17;A01
201200054130;0;2;0;0;2;0;21;A01
201200054131;0;10;0;0;2;1;1;A01
201200054131;0;7;0;0;2;1;1;B01
201200054132;0;7;0;0;1;1;1;A01
201200054133;0;7;0;0;2;3;15;A01
201200054133;0;32;0;0;2;7;1;B01
201200054134;0;33;0;0;1;3;1;A01
201200054135;0;33;0;0;1;2;1;A01
201200054136;0;32;0;0;0;7;1;A01
201200054137;0;7;0;0;0;3;15;A01
201200054137;0;33;0;0;2;1;17;B01
201200054138;0;7;0;0;2;1;7;B01
201200054138;0;7;0;0;0;2;1;A01
201200054139;0;10;0;0;2;8;15;A01
201200054139;0;33;0;0;2;1;17;B01
201200054140;0;7;0;0;2;3;15;B01
201200054140;0;1;0;0;2;1;17;A01
201200054141;0;7;0;1;1;1;1;A01
201200054142;0;33;0;1;5;1;1;A01
201200054143;0;30;0;0;2;6;1;A01
201200054143;1;7;0;0;2;0;1;Z01
201200054144;0;7;0;0;1;1;1;A01
201200054145;0;7;0;0;2;8;9;B01
201200054145;0;37;1;0;2;2;7;A01
201200054146;0;33;0;0;2;7;17;A01
201200054146;0;1;0;0;2;8;15;B01
201200054147;0;7;0;0;2;1;9;B01
201200054147;0;30;0;0;2;1;17;A01
201200054148;0;30;0;0;2;8;1;A01
201200054148;0;7;0;0;2;2;15;B01
201200054149;0;30;0;0;2;1;2;A01
201200054149;0;32;0;0;2;4;2;B01
201200054150;0;7;0;0;2;3;1;A01
201200054150;0;33;0;0;2;4;23;B01
201200054151;0;30;0;0;0;0;21;A01
201200054152;0;34;0;0;2;3;1;A01
201200054152;1;7;0;0;0;5;12;Z01
201200054153;0;7;0;0;1;2;1;A01
201200054154;0;2;0;1;0;7;1;A01
201200054155;0;30;0;0;1;2;1;A01
201200054156;0;34;0;0;2;1;1;B01
201200054156;0;7;0;0;2;2;15;A01
201200054157;0;33;0;2;0;8;1;A01
201200054158;0;7;0;0;2;3;15;A01
201200054158;0;32;0;0;2;1;1;B01
201200054159;0;7;0;0;2;2;23;B01
201200054159;0;7;0;7;2;3;2;A01
201200054160;0;7;0;0;1;1;1;A01
201200054161;0;7;0;0;1;2;1;A01
201200054162;0;10;0;0;2;3;16;B01
201200054162;0;32;0;0;2;2;1;A01
201200054163;0;32;0;0;2;5;7;B01
201200054163;0;7;0;0;2;3;15;A01
201200054164;0;32;0;0;0;8;21;A01
201200054165;0;32;0;0;0;7;21;A01
201200054166;0;37;10;0;2;3;7;B01
201200054166;0;7;0;0;2;2;16;A01
201200054167;0;7;0;15;2;6;7;B01
201200054167;0;37;2;0;2;2;7;A01
201200054168;0;30;0;0;2;7;17;B01
201200054168;0;7;0;0;2;8;13;A01
201200054169;0;7;0;0;0;1;15;B01
201200054169;0;1;0;0;0;1;5;A01
201200054170;0;7;0;0;0;3;16;A01
201200054170;0;30;0;0;0;1;1;B01
201200054171;0;32;0;0;2;8;18;A01
201200054171;0;7;0;0;2;7;16;B01
201200054172;0;33;0;0;2;1;1;B01
201200054172;0;7;0;0;2;8;15;A01
201200054173;0;32;0;0;0;7;1;A01
201200054174;0;33;0;0;1;1;1;A01
201200054175;0;34;0;0;0;0;1;A01
201200054176;0;7;0;0;1;3;13;A01
201200054177;0;10;0;0;0;3;1;A01
201200054177;0;1;0;0;2;1;16;B01
201200054178;0;7;0;0;2;8;15;B01
201200054178;0;2;0;0;2;1;17;A01
201200054179;0;10;0;0;1;0;1;A01
201200054180;0;7;0;0;2;2;16;A01
201200054180;0;1;0;0;2;6;1;B01
201200054181;0;10;0;0;2;6;23;B01
201200054181;0;1;0;0;2;1;2;A01
201200054182;0;10;0;0;1;2;16;A01
201200054183;0;31;0;0;2;3;1;B01
201200054183;0;7;0;0;2;5;16;A01
201200054184;0;1;0;0;2;6;19;A01
201200054184;0;7;0;0;2;1;1;B01
201200054185;0;7;0;0;1;6;4;A01
201200054186;0;7;0;0;1;1;1;A01
201200054187;0;7;0;0;1;3;1;A01
201200054188;0;7;0;0;2;8;15;B01
201200054188;0;34;0;0;2;1;17;A01
201200054189;0;33;0;0;0;8;1;A01
201200054190;0;7;0;0;2;2;16;A01
201200054190;0;1;0;0;2;1;7;B01
201200054191;0;32;0;0;0;7;1;A01
201200054192;0;30;0;0;2;1;1;A01
201200054192;1;10;0;0;2;0;15;Z01
201200054193;0;7;0;0;1;2;7;A01
201200054194;0;7;0;0;0;3;1;A01
201200054195;0;7;0;0;2;2;16;A01
201200054195;0;1;0;0;2;1;7;B01
201200054196;0;7;0;0;1;2;1;A01
201200054197;0;30;0;0;2;1;17;A01
201200054197;0;34;0;0;2;3;1;B01
201200054198;0;33;0;0;0;0;21;A01
201200054199;0;10;0;0;2;1;2;A01
201200054199;0;10;0;0;2;4;23;B01
201200054200;0;7;0;0;1;8;15;A01
201200054201;0;32;0;8;0;3;13;A01
201200054202;0;32;0;0;1;2;1;A01
201200054203;0;10;0;0;2;3;22;A01
201200054203;0;1;0;0;2;2;1;B01
201200054204;0;10;0;0;1;0;1;A01
201200054205;1;7;0;0;2;0;2;Z01
201200054205;1;1;0;0;2;0;2;A01
201200054206;0;10;0;0;1;4;4;A01
201200054207;0;30;0;0;2;1;1;B01
201200054207;0;10;0;0;2;8;9;A01
201200054208;0;30;0;0;2;1;1;A01
201200054208;1;30;0;0;2;0;14;Z01
201200054209;0;30;0;0;1;1;1;A01
201200054210;0;7;0;9;0;2;21;A01
201200054211;0;10;0;0;2;3;13;A01
201200054211;0;33;0;0;2;7;1;B01
201200054212;0;32;0;0;2;1;1;B01
201200054212;0;7;0;0;2;5;9;A01
201200054213;0;7;0;0;1;2;1;A01
201200054214;0;33;0;14;0;1;1;A01
201200054215;0;32;0;0;2;8;18;B01
201200054215;0;37;1;0;2;5;16;A01
201200054216;0;32;0;0;2;4;2;B01
201200054216;0;7;0;0;2;1;15;A01
201200054217;0;7;0;0;2;7;1;B01
201200054217;0;31;0;0;2;3;17;A01
201200054218;0;30;0;0;0;7;1;A01
201200054219;0;33;0;0;2;1;1;A01
201200054219;0;33;0;0;2;4;14;B01
201200054220;0;7;0;0;2;1;16;A01
201200054220;0;33;0;0;2;4;18;B01
201200054221;0;7;0;0;2;1;2;A01
201200054221;0;32;0;0;2;4;23;B01
201200054222;0;1;0;0;2;7;7;A01
201200054222;0;7;0;0;2;8;1;B01
201200054223;0;7;0;0;1;4;4;A01
201200054224;0;1;0;0;2;1;15;A01
201200054224;0;30;0;0;2;1;1;B01
201200054224;0;7;0;0;2;1;15;C01
201200054225;0;2;0;0;0;2;1;A01
201200054226;0;7;0;0;2;3;16;A01
201200054226;0;1;0;0;2;3;19;B01
201200054227;0;33;0;0;2;5;7;A01
201200054227;0;7;0;0;2;5;23;B01
201200054228;0;31;0;0;2;7;17;A01
201200054228;0;7;0;0;2;1;1;B01
201200054229;0;10;0;0;2;2;16;B01
201200054229;0;32;0;0;2;8;18;A01
201200054230;0;34;0;0;2;1;1;B01
201200054230;0;7;0;0;2;6;1;A01
201200054231;0;10;0;11;0;1;21;A01
201200054232;0;30;0;0;1;1;1;A01
201200054233;0;7;0;0;1;2;1;A01
201200054234;0;30;0;0;1;1;21;A01
201200054235;0;1;0;0;0;0;1;A01
201200054236;0;7;0;0;2;6;1;B01
201200054236;0;7;0;0;2;1;1;A01
201200054237;0;34;0;8;0;1;21;A01
201200054238;0;2;0;0;1;2;1;A01
201200054239;0;7;0;0;2;4;23;B01
201200054239;0;7;0;0;2;1;2;A01
201200054240;0;1;0;1;0;0;21;A01
201200054241;0;30;0;0;0;0;15;B01
201200054241;0;7;0;0;2;2;1;A01
201200054242;0;1;0;0;0;0;21;A01
201200054243;0;7;0;0;2;2;12;A01
201200054243;0;30;0;0;2;8;1;B01
201200054244;0;7;0;0;2;2;22;A01
201200054244;0;1;0;1;0;0;1;B01
201200054245;0;32;0;14;0;1;1;A01
201200054246;0;32;0;0;1;1;1;A01
201200054247;0;7;0;0;2;3;15;A01
201200054247;0;2;0;0;2;1;1;B01
201200054248;0;32;0;0;2;0;18;A01
201200054249;0;33;0;1;0;1;11;A01
201200054250;0;37;30;0;1;2;8;A01
201200054251;0;7;0;0;2;3;13;A01
201200054251;0;30;0;0;2;7;17;B01
201200054252;0;30;0;0;2;3;18;A01
201200054252;0;10;0;0;2;7;16;B01
201200054253;0;10;0;0;1;4;4;A01
201200054254;1;7;0;0;1;0;4;Z01
201200054255;0;7;0;0;1;2;1;A01
201200054256;0;7;0;0;1;5;8;A01
201200054257;0;2;0;0;2;8;18;A01
201200054257;0;7;0;0;2;7;1;B01
201200054258;0;30;0;12;2;0;13;A01
201200054259;0;7;0;0;2;8;22;A01
201200054259;0;1;0;0;2;1;1;B01
201200054260;0;31;0;0;2;2;17;A01
201200054260;0;7;0;0;2;3;20;B01
201200054261;0;30;0;0;0;0;1;A01
201200054262;0;7;0;0;1;5;1;A01
201200054263;0;10;0;0;2;3;1;A01
201200054263;0;30;0;0;2;1;13;B01
201200054264;0;2;0;0;2;2;15;A01
201200054264;0;2;0;0;2;1;1;B01
201200054265;0;32;0;0;0;0;1;A01
201200054266;0;32;0;0;2;1;1;B01
201200054266;0;10;0;0;2;7;10;A01
201200054267;0;7;0;0;2;6;23;B01
201200054267;0;2;0;0;2;1;2;A01
201200054268;0;1;0;0;0;0;7;A01
201200054269;0;32;0;0;2;8;1;B01
201200054269;0;7;0;0;2;8;15;A01
201200054270;0;7;0;0;2;6;2;B01
201200054270;0;1;0;0;2;6;2;A01
201200054271;0;32;0;0;2;1;23;A01
201200054271;0;32;0;0;2;4;2;B01
201200054272;0;1;0;0;1;3;1;A01
201200054273;0;7;0;0;2;1;15;A01
201200054273;0;2;0;0;2;1;1;B01
201200054274;0;1;0;0;2;1;1;A01
201200054274;0;7;0;0;2;3;1;B01
201200054275;0;10;0;0;1;1;15;A01
201200054276;0;10;0;0;2;2;15;A01