num_acc;senc;catv;occutc;obs;obsm;choc;manv;num_veh
201200054276;0;33;0;0;2;1;1;B01
201200054277;0;7;0;0;1;2;7;A01
201200054278;0;30;0;0;2;1;1;A01
201200054278;0;7;0;0;2;3;1;B01
201200054279;0;33;0;0;1;1;1;A01
201200054280;0;7;0;0;2;0;1;B01
201200054280;0;1;0;0;2;0;16;A01
201200054281;0;30;0;0;0;0;1;A01
201200054282;0;7;0;0;1;3;1;A01
201200054283;0;2;0;0;0;0;1;A01
201200054284;0;7;0;0;2;4;16;B01
201200054284;0;31;0;0;2;8;1;A01
201200054285;0;7;0;0;1;4;4;A01
201200054286;0;2;0;0;1;1;17;A01
201200054287;0;1;0;0;1;7;5;A01
201200054288;0;7;0;0;1;1;1;A01
201200054289;0;7;0;0;2;8;15;B01
201200054289;0;30;0;0;2;1;5;A01
201200054290;0;33;0;1;0;1;14;A01
201200054291;0;1;0;0;0;0;1;A01
201200054292;0;34;0;0;1;1;1;A01
201200054293;0;2;0;0;0;0;16;A01
201200054294;0;32;0;0;0;3;1;B01
201200054294;0;7;0;0;2;3;15;A01
201200054295;0;32;0;0;0;3;1;A01
201200054296;0;1;0;0;1;2;5;A01
201200054297;1;7;0;0;2;3;4;Z01
201200054297;0;31;0;0;2;2;23;A01
201200054298;0;7;0;0;2;2;15;A01
201200054298;0;1;0;0;2;1;1;B01
201200054299;0;7;0;0;1;3;1;A01
201200054300;0;2;0;0;2;1;15;A01
201200054300;0;32;0;0;2;1;1;B01
201200054301;0;37;25;0;2;2;7;B01
201200054301;0;7;0;0;2;2;15;A01
201200054302;0;31;0;0;0;8;1;A01
201200054303;0;1;0;0;2;6;7;B01
201200054303;0;37;3;0;2;7;7;A01
201200054304;0;7;0;9;0;2;1;A01
201200054305;0;7;0;0;1;1;7;A01
201200054306;0;7;0;0;2;1;1;A01
201200054306;0;7;0;8;2;7;1;B01
201200054307;0;7;0;0;2;6;15;B01
201200054307;0;2;0;0;2;6;2;A01
201200054308;0;7;0;0;2;3;15;B01
201200054308;0;32;0;0;2;1;17;A01
201200054309;0;2;0;0;2;1;1;B01
201200054309;0;7;0;0;2;6;10;A01
201200054310;0;32;0;0;0;2;21;A01
201200054311;0;30;0;12;2;2;5;A01
201200054311;0;7;0;0;2;3;15;B01
201200054312;1;7;0;0;1;1;1;Z01
201200054313;0;7;0;0;1;1;15;A01
201200054314;0;2;0;0;1;0;1;A01
201200054315;0;7;0;0;1;3;7;A01
201200054316;0;34;0;0;2;5;17;A01
201200054316;0;7;0;0;2;3;15;B01
201200054317;0;10;0;0;2;8;22;A01
201200054317;0;1;0;0;2;8;1;B01
201200054318;0;7;0;0;2;1;1;A01
201200054318;0;7;0;0;2;8;1;B01
201200054319;0;33;0;8;2;7;17;B01
201200054319;0;7;0;0;2;8;22;A01
201200054320;0;32;0;0;1;1;1;A01
201200054321;0;30;0;0;2;4;23;B01
201200054321;0;7;0;0;2;2;2;A01
201200054322;0;32;0;0;2;3;18;A01
201200054322;0;7;0;0;2;2;16;B01
201200054323;0;7;0;0;1;1;1;A01
201200054324;0;1;0;0;2;8;8;A01
201200054324;0;32;0;0;0;0;1;B01
201200054325;0;7;0;0;2;1;1;A01
201200054325;0;34;0;0;2;4;23;B01
201200054326;0;34;0;1;0;1;1;B01
201200054326;0;15;0;0;0;4;23;A01
201200054327;0;7;0;0;1;3;1;A01
201200054328;0;32;0;0;0;4;1;B01
201200054328;0;37;1;0;0;6;1;C01
201200054328;0;7;0;0;2;1;1;A01
201200054329;0;33;0;0;2;1;1;A01
201200054329;0;7;0;0;2;6;1;B01
201200054330;0;10;0;0;2;7;16;B01
201200054330;0;34;0;0;2;8;7;A01
201200054331;0;34;0;1;2;3;1;B01
201200054331;0;7;0;0;2;3;22;A01
201200054332;0;37;0;0;1;0;7;A01
201200054333;0;32;0;0;1;8;1;A01
201200054334;0;1;0;0;2;8;7;B01
201200054334;0;7;0;0;2;7;14;A01
201200054335;0;2;0;1;0;3;1;A01
201200054336;0;7;0;0;2;5;1;A01
201200054336;0;7;0;0;2;3;1;B01
201200054337;0;7;0;0;1;1;15;A01
201200054338;0;32;0;0;1;1;1;A01
201200054339;0;34;0;0;2;8;3;A01
201200054339;0;13;0;0;2;7;13;B01
201200054340;0;7;0;0;2;2;16;A01
201200054340;0;32;0;0;2;1;18;B01
201200054341;0;33;0;0;0;7;1;A01
201200054342;0;7;0;0;1;0;15;A01
201200054343;0;32;0;0;2;1;2;A01
201200054343;0;7;0;0;2;4;2;B01
201200054344;0;2;0;14;0;1;1;A01
201200054345;0;7;0;0;1;1;1;A01
201200054346;0;7;0;1;0;2;1;A01
201200054347;0;7;0;0;0;8;22;A01
201200054347;0;1;0;1;0;1;1;B01
201200054348;0;7;0;0;0;5;16;A01
201200054348;0;32;0;0;2;3;15;B01
201200054349;0;7;0;0;1;1;15;A01
201200054350;0;30;0;0;2;0;21;A01
201200054351;0;1;0;1;1;8;1;A01
201200054352;0;7;0;0;2;6;23;B01
201200054352;0;30;0;0;2;1;1;A01
201200054353;0;34;0;1;0;3;21;A01
201200054354;0;32;0;0;2;0;1;B01
201200054354;0;32;0;0;2;0;9;A01
201200054355;0;10;0;0;1;3;1;A01
201200054356;0;32;0;0;0;8;15;A01
201200054357;0;7;0;0;1;7;1;A01
201200054358;0;32;0;0;0;0;1;A01
201200054359;0;34;0;0;0;1;1;A01
201200054360;0;34;0;0;2;7;1;A01
201200054360;0;10;0;0;2;8;15;B01
201200054361;0;7;0;7;0;1;13;A01
201200054362;0;3;0;0;2;2;16;A01
201200054362;0;34;0;0;2;3;1;B01
201200054363;0;34;0;0;2;1;1;B01
201200054363;0;7;0;0;2;2;10;A01
201200054364;0;7;0;1;0;1;13;A01
201200054365;0;37;0;0;1;2;7;A01
201200054366;0;7;0;0;1;6;4;A01
201200054367;0;34;0;0;2;0;8;A01
201200054367;0;7;0;0;2;0;15;B01
201200054368;0;2;0;0;2;0;1;B01
201200054368;0;7;0;0;2;0;22;A01
201200054369;0;30;0;0;2;0;5;A01
201200054369;0;7;0;0;2;3;15;B01
201200054370;0;7;0;0;1;6;4;A01
201200054371;0;2;0;0;1;1;1;A01
201200054372;0;7;0;0;2;0;15;A01
201200054372;0;32;0;0;2;0;1;B01
201200054373;1;31;0;0;1;1;16;Z01
201200054374;0;7;0;0;2;1;16;A01
201200054374;0;30;0;0;0;4;23;B01
201200054375;0;7;0;0;2;3;18;A01
201200054375;0;31;0;0;2;5;1;B01
201200054376;0;33;0;0;2;0;1;B01
201200054376;0;7;0;0;0;0;11;A01
201200054377;0;7;0;0;0;1;15;A01
201200054377;0;1;0;0;0;7;23;B01
201200054378;0;7;0;0;1;8;1;A01
201200054379;2;2;0;0;0;0;1;Z01
201200054380;0;7;0;0;2;3;15;A01
201200054380;0;33;0;0;2;3;1;B01
201200054381;0;2;0;0;2;1;2;A01
201200054381;0;7;0;0;2;4;23;B01
201200054382;0;30;0;1;0;1;13;B01
201200054382;0;7;0;0;0;6;24;A01
201200054383;0;1;0;1;0;1;1;B01
201200054383;0;7;0;0;0;8;22;A01
201200054384;0;1;0;0;2;2;11;A01
201200054384;0;34;0;0;2;3;1;B01
201200054385;0;7;0;0;2;6;22;A01
201200054385;0;7;0;0;2;2;23;C01
201200054385;0;33;0;0;2;8;3;B01
201200054386;0;32;0;0;2;2;17;A01
201200054386;0;1;0;0;2;4;15;B01
201200054387;0;10;0;0;2;6;22;A01
201200054387;0;1;0;0;2;2;7;B01
201200054388;0;7;0;0;2;7;22;A01
201200054388;0;31;0;15;2;1;18;B01
201200054389;0;33;0;0;0;8;1;A01
201200054389;1;2;0;0;2;0;11;Z01
201200054390;0;33;0;0;2;6;2;B01
201200054390;0;7;0;0;2;5;2;A01
201200054391;0;30;0;11;2;8;5;A01
201200054391;0;7;0;0;2;8;1;B01
201200054392;0;7;0;1;0;1;1;B01
201200054392;0;32;0;1;0;0;15;A01
201200054393;0;30;0;12;0;2;1;A01
201200054394;0;7;0;0;2;6;4;A01
201200054394;0;32;0;0;2;1;9;B01
201200054395;0;7;0;0;1;2;17;A01
201200054396;0;32;0;0;0;0;1;A01
201200054397;0;10;0;0;2;1;1;B01
201200054397;0;2;0;0;2;2;15;A01
201200054398;0;2;0;0;1;8;1;A01
201200054399;0;7;0;8;0;1;13;A01
201200054400;0;32;0;0;1;2;1;A01
201200054401;0;1;0;0;0;1;14;A01
201200054402;0;2;0;0;2;1;2;A01
201200054402;0;32;0;0;2;0;2;B01
201200054403;0;7;0;0;2;8;9;B01
201200054403;0;33;0;0;2;7;17;A01
201200054404;0;7;0;0;2;2;1;A01
201200054404;0;7;0;0;2;3;1;B01
201200054405;0;1;0;0;0;0;1;A01
201200054406;0;7;0;0;1;1;1;A01
201200054407;0;7;0;0;2;3;15;A01
201200054407;0;33;0;4;2;7;1;B01
201200054408;0;32;0;0;2;1;2;A01
201200054408;0;7;0;0;2;6;2;B01
201200054409;0;30;0;0;2;3;17;A01
201200054409;0;1;0;0;2;3;5;B01
201200054410;0;34;0;0;2;4;1;C01
201200054410;0;7;0;0;2;3;22;A01
201200054410;0;14;0;0;2;2;1;B01
201200054411;0;7;0;0;1;1;15;A01
201200054412;0;34;0;0;2;1;2;A01
201200054412;0;7;0;0;2;4;23;B01
201200054413;0;7;0;0;2;2;15;A01
201200054413;0;30;0;0;2;3;1;B01
201200054414;0;7;0;0;1;3;1;A01
201200054415;0;2;0;0;1;2;1;A01
201200054416;0;37;10;0;2;6;1;B01
201200054416;0;14;0;0;2;2;11;A01
201200054417;0;7;0;0;1;3;1;A01
201200054418;0;34;0;0;1;7;15;A01
201200054419;0;13;0;0;2;8;15;B01
201200054419;0;32;0;0;0;8;17;A01
201200054420;0;1;0;0;2;1;1;B01
201200054420;0;7;0;0;2;8;22;A01
201200054421;0;34;0;0;1;2;1;A01
201200054422;0;7;0;0;2;4;15;A01
201200054422;0;30;0;0;2;1;1;B01
201200054423;0;2;0;0;1;2;1;A01
201200054424;0;7;0;0;1;1;15;A01
201200054425;0;30;0;0;0;1;1;B01
201200054425;0;7;0;0;0;7;1;A01
201200054426;0;7;0;0;1;4;4;A01
201200054427;0;10;0;0;2;8;13;B01
201200054427;0;2;0;0;2;7;17;A01
201200054428;0;30;0;12;0;8;21;A01
201200054429;0;32;0;0;2;1;17;A01
201200054429;0;7;0;0;2;3;10;B01
201200054430;1;7;0;0;1;3;16;Z01
201200054431;0;32;0;1;1;2;1;A01
201200054432;0;33;0;0;9;1;1;A01
201200054433;0;31;0;0;2;0;21;A01
201200054434;0;32;0;0;1;1;17;A01
201200054435;0;2;0;0;0;2;1;A01
201200054436;0;2;0;1;0;2;1;A01
201200054437;0;7;0;0;1;2;1;A01
201200054438;0;31;0;14;0;1;17;A01
201200054438;0;38;61;0;2;3;15;B01
201200054439;0;7;0;0;1;2;1;A01
201200054440;0;7;0;14;2;1;1;A01
201200054440;0;7;0;0;0;6;23;B01
201200054441;0;7;0;0;0;0;15;A01
201200054441;0;30;0;0;0;0;1;B01
201200054442;0;33;0;0;2;6;23;B01
201200054442;0;7;0;0;2;6;1;A01
201200054443;0;7;0;0;0;2;0;A01
201200054443;0;33;0;0;2;1;1;B01
201200054444;0;7;0;0;1;1;1;A01
201200054445;0;1;0;0;1;4;1;A01
201200054446;0;33;0;0;2;2;13;A01
201200054446;0;1;0;0;2;8;1;B01
201200054447;0;7;0;0;2;8;1;B01
201200054447;0;30;0;0;2;8;17;A01
201200054448;0;32;0;7;0;0;17;A01
201200054449;0;32;0;0;1;1;1;A01
201200054450;0;7;0;0;1;2;7;A01
201200054451;0;7;0;0;2;3;1;B01
201200054451;0;7;0;11;2;3;14;A01
201200054452;0;7;0;0;2;7;7;B01
201200054452;0;7;0;0;2;7;1;A01
201200054453;0;7;0;0;2;1;2;A01
201200054453;0;1;0;0;2;4;15;C01
201200054453;0;7;0;0;2;6;2;B01
201200054454;0;2;0;0;2;8;16;A01
201200054454;0;7;0;0;2;5;1;B01
201200054455;0;33;0;0;2;8;17;A01
201200054455;0;7;0;0;2;3;15;B01
201200054456;0;7;0;0;2;3;15;B01
201200054456;0;30;0;0;2;1;5;A01
201200054457;0;30;0;12;0;7;14;A01
201200054458;0;31;0;0;1;8;17;A01
201200054459;0;2;0;0;0;4;1;A01
201200054460;0;32;0;0;0;0;1;A01
201200054461;0;7;0;0;2;1;1;B01
201200054461;0;32;0;0;2;7;1;A01
201200054462;0;7;0;0;1;4;4;A01
201200054463;0;10;0;0;2;4;2;B01
201200054463;0;1;0;0;2;1;2;A01
201200054464;0;7;0;0;2;3;15;B01
201200054464;0;30;0;0;2;5;17;A01
201200054465;0;32;0;0;2;8;1;A01
201200054465;0;13;0;0;2;6;15;B01
201200054466;0;1;0;12;0;1;1;A01
201200054467;0;37;0;1;2;3;1;B01
201200054467;0;7;0;0;2;1;1;A01
201200054468;0;30;0;0;2;2;1;B01
201200054468;0;3;0;0;2;5;15;A01
201200054469;0;30;0;14;0;0;1;A01
201200054470;0;7;0;0;1;8;16;A01
201200054471;0;7;0;0;2;0;15;B01
201200054471;0;32;0;0;2;0;17;A01
201200054472;0;32;0;0;2;8;1;B01
201200054472;0;7;0;0;2;8;9;A01
201200054473;0;32;0;0;2;4;23;B01
201200054473;0;7;0;0;2;1;2;A01
201200054474;0;32;0;0;0;0;15;A01
201200054475;0;33;0;0;2;2;16;A01
201200054475;0;10;0;0;2;8;1;B01
201200054476;0;2;0;0;2;1;1;A01
201200054476;0;33;0;0;2;8;1;B01
201200054477;0;32;0;0;2;8;1;B01
201200054477;0;7;0;0;2;1;1;A01
201200054478;0;7;0;0;1;6;4;A01
201200054479;0;7;0;0;1;3;1;A01
201200054480;0;10;0;0;2;8;15;A01
201200054480;0;34;0;0;2;7;17;B01
201200054481;0;1;0;0;2;8;1;B01
201200054481;0;10;0;0;2;2;16;A01
201200054482;0;30;0;0;2;3;11;A01
201200054482;0;30;0;0;2;1;1;B01
201200054483;0;7;0;0;1;1;8;A01
201200054484;0;30;0;0;2;7;18;A01
201200054484;0;7;0;0;2;7;1;B01
201200054485;0;37;0;0;0;0;1;A01
201200054486;0;1;0;0;2;1;1;B01
201200054486;0;7;0;0;2;3;22;A01
201200054487;0;34;0;0;2;1;18;A01
201200054487;0;7;0;0;2;2;16;B01
201200054488;0;37;1;0;2;6;2;B01
201200054488;0;31;0;0;2;1;2;A01
201200054489;0;7;0;0;2;6;1;C01
201200054489;0;32;0;0;2;1;13;B01
201200054489;0;30;0;0;2;0;17;A01
201200054490;0;1;0;0;1;0;1;A01
201200054491;0;32;0;0;1;1;1;A01
201200054492;0;7;0;0;9;5;22;B01
201200054492;0;1;0;0;2;3;18;A01
201200054493;0;1;0;0;0;0;7;A01
201200054494;0;30;0;0;2;2;17;A01
201200054494;0;7;0;0;2;3;15;B01
201200054495;0;32;0;0;0;2;11;B01
201200054495;0;7;0;0;0;8;3;A01
201200054496;0;30;0;0;0;7;1;A01
201200054497;0;33;0;0;1;8;1;A01
201200054498;0;7;0;0;2;7;10;A01
201200054498;0;2;0;0;2;1;1;B01
201200054499;0;30;0;0;0;7;1;A01
201200054500;0;1;0;0;2;8;13;A01
201200054500;0;7;0;0;2;2;1;B01
201200054501;0;7;0;0;2;0;1;B01
201200054501;0;7;0;0;2;0;9;A01
201200054502;0;7;0;2;2;2;15;A01
201200054502;0;7;0;0;2;3;7;B01
201200054503;0;7;0;0;0;5;12;A01
201200054503;0;2;0;0;2;1;18;B01
201200054504;0;7;0;0;2;4;23;A01
201200054504;0;30;0;0;2;1;1;B01
201200054505;0;7;0;0;2;1;15;A01
201200054505;0;32;0;0;2;1;1;B01
201200054506;0;7;0;1;0;2;14;A01
201200054507;0;7;0;0;1;8;1;A01
201200054508;0;1;0;0;2;5;19;A01
201200054508;0;7;0;0;9;3;1;B01
201200054509;0;7;0;11;0;1;1;A01
201200054510;0;7;0;0;1;3;15;A01
201200054511;0;7;0;0;2;3;23;C01
201200054511;0;7;0;0;2;7;15;A01
201200054511;0;7;0;0;2;1;1;B01
201200054512;0;34;0;0;2;1;1;B01
201200054512;0;7;0;0;0;5;12;A01
201200054513;0;7;0;0;2;7;16;A01
201200054513;0;2;0;0;0;3;1;B01
201200054514;0;7;0;14;2;7;22;A01
201200054514;0;1;0;14;0;1;18;B01
201200054515;0;7;0;0;2;2;16;B01
201200054515;0;2;0;0;2;7;15;A01
201200054516;0;32;0;0;2;8;1;B01
201200054516;0;7;0;0;2;2;16;A01
201200054517;0;32;0;2;0;7;14;A01
201200054518;0;30;0;0;9;7;21;A01
201200054519;0;30;0;0;1;1;1;A01
201200054520;0;7;0;0;2;8;15;A01
201200054520;0;33;0;0;2;8;2;B01
201200054521;0;10;0;11;0;3;15;A01
201200054522;0;7;0;0;2;2;10;A01
201200054522;0;30;0;0;2;3;1;B01
201200054523;0;7;0;0;1;4;4;A01
201200054524;0;2;0;0;1;7;1;A01
201200054525;0;2;0;0;2;1;17;B01
201200054525;0;38;3;0;2;3;15;A01
201200054526;0;34;0;12;0;2;14;A01
201200054527;0;7;0;0;2;4;2;B01
201200054527;0;7;0;0;2;1;2;A01
201200054528;0;7;0;0;2;3;2;A01
201200054528;0;33;0;0;2;0;2;B01
201200054529;0;34;0;0;2;3;1;A01
201200054529;0;7;0;0;2;2;1;B01
201200054530;0;7;0;0;2;7;22;B01
201200054530;0;34;0;0;2;1;18;A01
201200054531;0;7;0;0;1;2;1;A01
201200054532;0;7;0;0;2;6;13;A01
201200054532;0;1;0;0;2;7;14;B01
201200054533;0;32;0;0;0;8;1;A01
201200054534;0;2;0;0;0;0;21;A01
201200054535;0;2;0;0;2;0;2;B01
201200054535;0;7;0;0;0;4;1;A01
201200054536;0;32;0;0;0;3;1;A01
201200054537;0;7;0;0;1;7;1;A01
201200054538;0;30;0;0;0;0;21;A01
201200054539;0;7;0;0;0;0;1;A01
201200054539;0;30;0;0;2;7;16;B01
201200054539;0;2;0;0;2;8;1;C01
201200054540;0;33;0;0;2;7;1;B01
201200054540;0;2;0;0;2;8;11;A01
201200054541;0;7;0;0;1;7;16;A01
201200054542;0;7;0;0;2;2;2;A01
201200054542;0;1;0;0;2;4;2;B01
201200054543;0;10;0;0;2;5;16;B01
201200054543;0;1;0;0;2;3;1;A01
201200054544;0;32;0;0;0;0;17;A01
201200054545;0;33;0;0;2;7;1;B01
201200054545;0;7;0;0;2;3;13;A01
201200054546;0;7;0;0;2;8;15;A01
201200054546;0;33;0;0;2;8;1;B01
201200054547;1;14;0;0;9;7;14;Z01
201200054547;0;1;0;0;2;8;1;B01
201200054548;0;7;0;11;0;1;16;A01
201200054549;0;30;0;0;1;1;1;A01
201200054550;0;1;0;0;2;2;17;B01
201200054550;0;7;0;0;2;3;13;A01
201200054551;0;7;0;0;2;6;23;A01
201200054551;1;7;0;0;2;1;2;Z01
201200054552;0;7;0;0;1;2;1;A01
201200054553;0;34;0;0;2;1;1;A01
201200054554;1;7;0;1;1;0;16;Z01
201200054555;0;33;0;0;1;1;1;A01
201200054556;0;7;0;0;1;3;1;A01
201200054557;1;34;0;0;1;0;7;Z01
201200054558;0;7;0;0;2;5;1;A01
201200054558;0;34;0;0;2;1;1;B01
201200054559;0;33;0;0;2;1;2;A01
201200054559;0;2;0;0;2;4;16;B01
201200054560;0;2;0;0;0;7;1;A01
201200054561;0;34;0;0;0;7;21;A01
201200054562;1;37;1;0;2;8;13;Z01
201200054562;0;30;0;0;2;2;23;A01
201200054563;0;7;0;0;2;1;1;B01
201200054563;0;7;0;0;2;1;15;A01
201200054564;0;33;0;0;0;4;1;B01
201200054564;0;33;0;0;2;1;1;A01
201200054565;0;7;0;0;1;1;1;A01
201200054566;0;30;0;0;2;1;1;A01
201200054566;0;7;0;0;2;3;1;B01
201200054567;0;32;0;0;0;8;1;A01
201200054568;0;7;0;8;1;1;1;A01
201200054569;0;7;0;0;0;4;23;B01
201200054569;0;7;0;0;2;1;1;A01
201200054570;1;7;0;0;2;3;15;B01
201200054570;0;2;0;0;0;7;1;A01
201200054571;0;33;0;0;0;4;23;B01
201200054571;0;7;0;0;2;2;1;A01
201200054572;0;1;0;0;2;3;16;B01
201200054572;0;7;0;0;9;7;1;A01
201200054573;0;33;0;0;2;1;1;A01
201200054573;0;7;0;0;2;5;15;B01
201200054574;0;7;0;0;0;7;16;B01
201200054574;0;33;0;0;2;7;7;A01
201200054575;0;10;0;0;2;6;23;B01
201200054575;0;2;0;0;2;1;1;A01
201200054576;0;7;0;0;1;1;1;A01
201200054577;0;7;0;0;0;0;11;B01
201200054577;0;34;0;0;0;0;17;A01
201200054578;0;10;0;0;1;2;15;A01
201200054579;0;7;0;0;1;2;15;A01
201200054580;0;7;0;0;2;8;11;A01
201200054580;0;32;0;0;2;2;1;B01
201200054581;0;7;0;0;1;2;1;A01
201200054582;0;7;0;0;2;1;1;B01
201200054582;0;7;0;0;2;8;1;A01
201200054583;0;32;0;0;0;5;1;A01
201200054584;0;7;0;0;2;3;9;A01
201200054584;0;32;0;0;2;5;1;B01
201200054585;0;2;0;0;1;1;16;A01
201200054586;0;32;0;0;2;1;2;A01
201200054586;0;7;0;0;2;4;2;B01
201200054587;0;32;0;0;2;2;1;B01
201200054587;0;10;0;0;2;3;10;A01
201200054588;0;2;0;1;0;1;18;B01
201200054588;0;7;0;0;2;5;22;A01
201200054589;0;34;0;0;1;2;1;A01
201200054590;0;32;0;0;2;3;1;C01
201200054590;0;32;0;0;2;1;1;B01
201200054590;0;7;0;0;2;2;15;A01
201200054591;0;7;0;0;1;1;1;A01
201200054592;0;38;1;0;2;7;1;A01
201200054592;0;7;0;0;2;1;1;B01
201200054593;0;10;0;0;2;3;15;A01
201200054593;0;32;0;0;2;5;1;B01
201200054594;1;7;0;0;2;0;1;Z01
201200054594;0;32;0;0;2;8;16;A01
201200054595;0;10;0;0;2;5;23;B01
201200054595;0;30;0;0;2;1;1;A01
201200054596;0;32;0;0;0;8;1;A01
201200054597;0;7;0;0;2;1;1;A01
201200054597;0;32;0;0;2;8;1;B01
201200054598;0;7;0;0;1;4;4;A01
201200054599;0;30;0;0;2;8;1;A01
201200054599;1;7;0;0;2;0;15;Z01
201200054600;0;7;0;8;2;1;1;B01
201200054600;0;7;0;8;2;5;1;A01
201200054601;0;31;0;0;2;1;2;A01
201200054601;0;7;0;0;2;5;23;B01
201200054602;0;10;0;0;1;8;18;A01
201200054603;0;7;0;0;2;1;1;B01
201200054603;0;7;0;0;2;1;1;A01
201200054604;0;32;0;12;0;1;13;A01
201200054605;1;7;0;0;2;5;2;B01
201200054605;0;30;0;0;2;7;2;A01
201200054606;0;7;0;0;1;1;1;A01
201200054607;0;31;0;0;2;1;1;B01
201200054607;0;31;0;0;2;7;15;A01
201200054608;1;7;0;0;2;8;17;Z01
201200054608;0;1;0;0;2;3;7;A01
201200054609;0;7;0;0;1;2;17;A01
201200054610;0;32;0;0;0;8;21;A01
201200054611;0;7;0;0;1;1;1;A01
201200054612;0;7;0;2;0;2;13;A01
201200054613;0;7;0;0;2;2;15;A01
201200054613;0;30;0;0;2;3;1;B01
201200054614;0;7;0;0;2;5;2;B01
201200054614;0;2;0;0;2;8;2;A01
201200054615;0;30;0;0;2;6;1;B01
201200054615;0;7;0;0;2;3;1;A01
201200054616;0;34;0;0;0;8;1;A01
201200054617;0;7;0;0;1;2;15;A01
201200054618;0;7;0;0;2;3;13;A01
201200054618;0;34;0;0;2;7;17;B01
201200054619;0;2;0;0;2;2;17;B01
201200054619;0;10;0;0;2;8;15;A01
201200054620;0;34;0;0;1;7;1;A01
201200054621;0;1;0;11;0;1;13;A01
201200054622;0;34;0;0;2;1;1;B01
201200054622;0;7;0;0;2;3;10;A01
201200054623;0;7;0;0;2;1;2;A01
201200054623;0;7;0;0;2;4;23;B01
201200054624;0;32;0;11;0;1;1;A01
201200054625;0;30;0;0;0;7;1;A01
201200054626;0;7;0;0;2;3;10;A01
201200054626;0;33;0;1;2;9;1;B01
201200054627;0;32;0;0;0;8;1;A01
201200054628;0;7;0;0;2;7;10;A01
201200054628;0;33;0;0;2;1;1;B01
201200054629;0;7;0;0;0;5;22;A01
201200054629;0;1;0;1;0;3;1;B01
201200054630;0;7;0;0;2;7;15;B01
201200054630;0;32;0;0;2;1;1;A01
201200054631;0;7;0;0;2;2;15;A01
201200054631;0;33;0;0;2;1;1;B01
201200054632;0;1;0;0;2;3;15;A01
201200054632;0;14;0;0;2;2;1;B01
201200054633;0;7;0;0;0;6;1;B01
201200054633;0;33;0;0;0;1;1;A01
201200054634;0;7;0;0;1;4;16;A01
201200054635;0;30;0;0;2;1;1;A01
201200054635;0;30;0;0;0;4;1;B01
201200054636;0;7;0;0;1;4;4;A01
201200054637;0;7;0;0;2;2;12;A01
201200054637;0;34;0;0;2;6;1;B01
201200054638;0;7;0;0;1;1;15;A01
201200054639;0;7;0;0;2;5;2;B01
201200054639;0;37;20;0;2;3;2;A01
201200054640;0;7;0;0;1;8;15;A01
201200054641;0;7;0;0;2;3;9;A01
201200054641;0;32;0;0;2;1;1;B01
201200054642;0;2;0;0;0;0;16;A01
201200054643;0;32;0;0;0;1;9;A01
201200054644;0;7;0;0;2;3;1;B01
201200054644;0;1;0;0;2;1;1;A01
201200054645;0;7;0;0;2;7;22;B01
201200054645;0;32;0;1;0;8;18;A01
201200054646;0;7;0;0;2;0;16;A01
201200054646;0;7;0;0;2;1;1;B01
201200054647;1;37;0;0;0;5;15;Z01
201200054647;0;34;0;0;2;3;23;A01
201200054648;1;7;0;0;1;1;1;Z01
201200054649;0;1;0;0;0;0;1;A01
201200054650;0;32;0;0;2;1;18;A01
201200054650;0;7;0;0;2;5;1;B01
201200054651;0;7;0;0;2;4;23;A01
201200054651;1;7;0;0;2;0;2;Z01
201200054652;0;1;0;0;2;8;23;B01
201200054652;0;7;0;0;2;7;16;A01
201200054653;0;7;0;0;2;7;1;A01
201200054653;0;33;0;0;2;2;1;B01
201200054654;0;7;0;0;2;1;2;A01
201200054654;0;7;0;0;2;4;23;C01
201200054654;0;3;0;0;2;4;2;B01
201200054655;0;34;0;1;0;1;1;A01
201200054656;0;7;0;0;2;3;23;B01
201200054656;0;32;0;0;2;1;1;A01
201200054657;0;2;0;0;2;1;1;B01
201200054657;0;10;0;0;2;6;4;A01
201200054658;1;7;0;0;1;2;5;Z01
201200054659;0;34;0;0;2;2;17;A01
201200054659;0;10;0;0;2;8;15;B01
201200054660;1;32;0;0;1;1;1;Z01
201200054661;0;30;0;12;0;0;14;A01
201200054662;0;30;0;0;2;3;18;B01
201200054662;0;7;0;0;2;5;16;A01
201200054663;0;32;0;12;0;0;13;A01
201200054664;0;10;0;0;2;8;1;B01
201200054664;0;33;0;0;2;1;1;A01
201200054665;0;30;0;0;2;1;5;A01
201200054665;0;7;0;0;2;3;15;B01
201200054666;0;33;0;0;2;7;1;B01
201200054666;0;7;0;0;2;8;13;A01
201200054667;2;7;0;0;2;1;1;A01
201200054667;0;7;0;0;2;4;23;B01
201200054668;0;7;0;0;2;3;10;A01
201200054668;0;32;0;0;2;2;17;B01
201200054669;0;34;0;6;1;1;1;A01
201200054670;0;30;0;0;0;0;15;A01
201200054671;0;7;0;0;2;4;23;A01
201200054671;0;37;0;0;2;1;2;C01
201200054671;0;37;0;0;2;1;2;B01
201200054672;0;10;0;0;2;1;2;A01
201200054672;0;7;0;0;2;4;2;B01
201200054673;0;30;0;0;2;8;1;B01
201200054673;0;10;0;0;2;3;15;A01
201200054674;0;7;0;0;2;1;7;A01