num_acc;senc;catv;occutc;obs;obsm;choc;manv;num_veh
201200054674;0;7;0;0;2;4;7;B01
201200054675;0;7;0;0;2;2;17;A01
201200054675;0;7;0;0;2;3;10;B01
201200054676;0;32;0;0;2;1;1;B01
201200054676;0;7;0;0;2;8;9;A01
201200054677;0;7;0;0;1;2;1;A01
201200054678;0;34;0;0;2;4;23;B01
201200054678;0;7;0;0;2;2;13;A01
201200054679;0;7;0;0;2;1;1;B01
201200054679;0;33;0;0;2;1;15;A01
201200054680;0;30;0;0;1;1;1;A01
201200054681;0;7;0;7;0;1;15;A01
201200054682;0;32;0;0;2;8;13;A01
201200054682;0;7;0;0;2;7;1;B01
201200054683;0;7;0;0;2;3;10;A01
201200054683;0;32;0;0;2;1;1;B01
201200054684;0;7;0;0;1;2;11;A01
201200054685;0;3;0;0;1;3;1;A01
201200054686;0;32;0;0;2;5;23;B01
201200054686;0;34;0;0;2;3;2;A01
201200054687;0;7;0;0;2;1;2;A01
201200054687;0;7;0;0;2;4;23;C01
201200054687;0;7;0;0;2;4;23;B01
201200054687;0;7;0;0;2;4;23;D01
201200054688;0;2;0;0;1;1;1;A01
201200054689;0;7;0;0;2;2;1;B01
201200054689;0;2;0;0;2;3;1;A01
201200054690;0;7;0;0;1;2;1;A01
201200054691;0;30;0;0;2;0;23;D01
201200054691;0;7;0;0;2;2;1;C01
201200054691;0;7;0;0;2;8;1;B01
201200054691;0;7;0;7;2;1;15;A01
201200054692;0;7;0;0;2;1;2;A01
201200054692;0;7;0;0;2;4;23;B01
201200054693;0;10;0;0;1;3;1;A01
201200054694;0;37;10;0;2;7;1;B01
201200054694;0;7;0;0;2;8;22;A01
201200054695;0;1;0;0;2;8;1;B01
201200054695;0;7;0;0;2;2;17;A01
201200054696;0;33;0;0;1;1;1;A01
201200054697;0;33;0;0;1;7;1;A01
201200054698;0;7;0;0;2;3;15;B01
201200054698;0;33;0;0;2;1;1;A01
201200054699;0;33;0;0;2;9;1;B01
201200054699;0;7;0;0;2;7;1;A01
201200054700;0;1;0;0;0;0;1;A01
201200054701;0;7;0;0;2;1;15;A01
201200054701;0;31;0;0;2;3;1;B01
201200054702;0;32;0;1;0;1;1;A01
201200054703;0;32;0;0;2;0;1;A01
201200054703;1;10;0;0;2;0;1;Z01
201200054704;0;10;0;0;1;3;4;A01
201200054705;0;30;0;0;2;1;1;B01
201200054705;0;7;0;0;2;3;22;A01
201200054706;0;32;0;0;2;6;15;B01
201200054706;0;7;0;0;2;3;1;A01
201200054707;0;7;0;0;1;7;4;A01
201200054708;0;30;0;0;2;2;18;B01
201200054708;0;7;0;0;2;7;22;A01
201200054709;0;7;0;0;1;1;1;A01
201200054710;0;7;0;0;1;2;1;A01
201200054711;0;1;0;0;1;1;7;A01
201200054712;0;7;0;0;2;4;2;B01
201200054712;0;7;0;0;2;1;2;A01
201200054713;0;7;0;0;2;1;2;A01
201200054713;0;33;0;0;2;4;23;B01
201200054714;0;32;0;0;2;2;11;A01
201200054714;0;7;0;0;2;2;1;B01
201200054715;0;7;0;0;2;3;2;A01
201200054715;0;31;0;0;2;5;23;B01
201200054716;0;1;0;0;0;3;21;A01
201200054716;0;7;0;0;0;2;23;B01
201200054717;0;32;0;0;1;1;1;A01
201200054718;0;31;0;0;2;8;1;B01
201200054718;0;7;0;0;2;7;14;A01
201200054719;0;30;0;0;0;7;1;A01
201200054720;0;1;0;0;0;4;1;B01
201200054720;0;30;0;0;0;8;14;A01
201200054720;0;1;0;0;0;4;1;C01
201200054721;0;7;0;0;2;3;15;B01
201200054721;0;32;0;0;2;2;17;A01
201200054722;0;33;0;0;0;8;17;A01
201200054723;0;7;0;0;2;7;16;A01
201200054723;0;32;0;0;2;8;1;B01
201200054724;0;7;0;6;0;2;14;A01
201200054725;0;7;0;0;2;5;22;B01
201200054725;0;30;0;1;2;8;18;A01
201200054726;1;7;0;0;1;4;4;Z01
201200054727;0;1;0;0;2;2;1;A01
201200054727;0;7;0;0;2;8;22;B01
201200054728;0;7;0;0;2;8;13;A01
201200054728;0;30;0;0;2;2;17;B01
201200054729;0;33;0;0;2;1;17;A01
201200054729;0;1;0;0;0;4;13;B01
201200054730;0;7;0;0;1;1;15;A01
201200054731;0;32;0;0;0;0;1;A01
201200054732;0;7;0;0;1;2;1;A01
201200054733;0;34;0;14;0;1;1;A01
201200054734;0;32;0;0;0;7;1;A01
201200054735;0;7;0;0;2;3;16;B01
201200054735;0;7;0;8;2;1;1;A01
201200054736;0;1;0;0;0;1;1;B01
201200054736;0;7;0;0;0;8;22;A01
201200054737;0;38;2;0;2;3;15;A01
201200054737;0;30;0;11;0;5;1;B01
201200054738;1;7;0;0;1;1;1;Z01
201200054739;0;7;0;0;2;1;1;A01
201200054739;0;7;0;0;2;4;1;B01
201200054740;0;7;0;0;0;5;12;A01
201200054740;0;32;0;0;2;3;1;B01
201200054741;0;7;0;0;1;3;1;A01
201200054742;0;2;0;0;0;8;15;A01
201200054743;0;34;0;0;9;7;1;B01
201200054743;0;10;0;6;2;1;1;A01
201200054744;0;7;0;0;2;3;13;A01
201200054744;0;32;0;0;2;7;17;B01
201200054745;0;7;0;0;2;7;14;A01
201200054745;0;33;0;0;2;8;1;B01
201200054746;0;2;0;0;0;8;1;A01
201200054747;0;2;0;14;0;1;21;A01
201200054748;0;32;0;0;2;0;21;A01
201200054749;0;33;0;0;1;8;2;A01
201200054750;0;7;0;0;2;2;16;A01
201200054750;0;2;0;0;2;3;7;B01
201200054751;0;2;0;1;0;2;18;A01
201200054751;0;7;0;0;2;0;22;B01
201200054752;1;7;0;0;0;0;0;Z01
201200054753;0;7;0;0;2;3;15;A01
201200054753;0;33;0;0;2;3;1;B01
201200054754;0;13;0;0;1;1;1;A01
201200054755;0;32;0;0;2;2;1;B01
201200054755;0;10;0;0;2;3;15;A01
201200054756;1;7;0;0;2;1;2;Z01
201200054756;0;7;0;0;2;4;15;A01
201200054757;0;33;0;0;2;7;1;B01
201200054757;0;7;0;0;2;1;11;A01
201200054758;0;2;0;0;0;0;21;A01
201200054759;0;32;0;0;1;0;1;A01
201200054760;0;1;0;0;2;1;1;B01
201200054760;0;10;0;0;2;8;22;A01
201200054761;0;30;0;0;0;2;21;A01
201200054762;0;7;0;1;2;1;1;B01
201200054762;0;7;0;0;2;4;4;A01
201200054763;1;7;0;0;2;2;1;Z01
201200054763;0;30;0;0;2;6;18;A01
201200054764;0;34;0;0;2;7;1;A01
201200054765;0;30;0;0;2;5;1;A01
201200054765;0;7;0;0;2;2;1;B01
201200054766;0;7;0;0;2;1;2;A01
201200054766;0;7;0;0;2;4;23;B01
201200054767;0;7;0;0;2;2;2;A01
201200054767;0;7;0;0;2;6;23;B01
201200054768;2;30;0;0;1;1;1;Z01
201200054769;0;7;0;1;2;4;24;B01
201200054769;0;13;0;0;2;1;2;A01
201200054770;0;30;0;0;2;1;1;A01
201200054770;0;31;0;0;2;8;15;B01
201200054771;0;7;0;0;2;8;1;B01
201200054771;0;2;0;0;2;1;1;A01
201200054772;0;7;0;0;2;0;10;A01
201200054772;0;30;0;0;2;0;1;B01
201200054773;0;7;0;0;1;1;16;A01
201200054774;0;7;0;0;2;7;1;A01
201200054774;0;30;0;0;2;8;16;B01
201200054775;0;33;0;0;2;1;2;A01
201200054775;0;7;0;0;2;4;23;B01
201200054776;0;7;0;0;2;6;10;A01
201200054776;0;32;0;0;2;1;1;B01
201200054777;0;7;0;0;2;0;15;B01
201200054777;0;32;0;0;2;1;17;A01
201200054778;0;34;0;0;2;4;23;B01
201200054778;0;34;0;0;2;1;2;A01
201200054779;0;7;0;0;2;6;16;B01
201200054779;0;34;0;0;2;1;15;A01
201200054780;0;33;0;0;2;8;1;B01
201200054780;0;7;0;0;2;2;1;A01
201200054781;0;32;0;0;1;1;1;A01
201200054782;0;33;0;0;2;1;1;B01
201200054782;0;7;0;0;2;7;1;A01
201200054783;0;10;0;0;1;6;1;A01
201200054784;0;32;0;0;2;5;17;A01
201200054784;0;10;0;0;2;3;1;B01
201200054785;0;7;0;0;2;1;1;A01
201200054785;0;1;0;0;2;8;1;B01
201200054786;0;7;0;0;1;6;4;A01
201200054787;0;33;0;0;0;0;21;A01
201200054788;0;32;0;0;2;1;10;A01
201200054789;0;7;0;2;2;2;14;A01
201200054789;0;15;0;0;2;8;1;B01
201200054790;0;32;0;0;0;3;1;A01
201200054791;0;32;0;0;0;7;1;A01
201200054792;0;7;0;0;2;2;1;A01
201200054792;0;33;0;0;2;7;1;B01
201200054793;0;32;0;0;2;1;1;A01
201200054793;0;32;0;0;2;8;15;B01
201200054794;0;7;0;0;1;0;1;A01
201200054795;0;7;0;0;2;4;16;A01
201200054795;0;1;0;0;2;7;1;B01
201200054796;0;7;0;0;2;4;23;B01
201200054796;0;7;0;0;2;1;2;A01
201200054797;0;7;0;7;0;8;14;A01
201200054798;0;7;0;11;0;3;13;A01
201200054799;0;33;0;0;2;0;2;B01
201200054799;0;33;0;0;2;1;2;A01
201200054800;0;33;0;0;1;1;1;A01
201200054801;0;7;0;0;2;2;22;A01
201200054801;0;1;0;0;2;1;18;B01
201200054802;0;7;0;0;1;1;16;A01
201200054803;0;32;0;0;2;1;18;A01
201200054803;0;7;0;0;2;2;16;B01
201200054804;0;32;0;0;2;3;1;B01
201200054804;0;7;0;0;2;2;9;A01
201200054805;1;7;0;0;2;7;14;Z01
201200054805;0;31;0;0;2;8;1;A01
201200054806;0;7;0;0;2;2;2;A01
201200054806;0;7;0;0;2;6;2;B01
201200054806;0;32;0;0;2;0;1;C01
201200054807;0;7;0;0;2;6;1;B01
201200054807;0;33;0;0;2;1;1;A01
201200054808;0;32;0;0;0;7;1;A01
201200054809;0;30;0;0;0;0;1;A01
201200054810;0;7;0;0;2;2;1;B01
201200054810;0;1;0;0;2;8;13;A01
201200054811;0;30;0;0;2;1;17;A01
201200054811;0;7;0;0;2;3;15;B01
201200054812;0;7;0;0;1;2;15;A01
201200054813;0;7;0;11;0;2;1;A01
201200054814;0;30;0;11;0;1;13;A01
201200054815;0;7;0;0;2;5;16;B01
201200054815;0;33;0;0;2;1;18;A01
201200054816;0;30;0;0;0;2;1;A01
201200054817;0;7;0;0;2;3;15;A01
201200054817;0;2;0;0;2;2;5;B01
201200054818;0;2;0;0;0;7;1;A01
201200054819;0;30;0;0;2;1;1;A01
201200054819;0;7;0;0;2;3;1;B01
201200054820;0;7;0;0;2;5;15;A01
201200054820;0;32;0;0;2;1;1;B01
201200054821;0;7;0;0;2;2;9;A01
201200054821;0;32;0;0;2;6;1;B01
201200054822;1;1;0;0;1;0;5;Z01
201200054823;0;32;0;0;2;1;1;A01
201200054823;0;7;0;0;2;1;1;B01
201200054824;0;7;0;0;2;1;1;C01
201200054824;0;33;0;0;2;1;2;A01
201200054824;0;7;0;0;2;4;23;B01
201200054825;0;7;0;0;0;8;15;A01
201200054825;0;30;0;0;2;7;17;B01
201200054826;0;7;0;0;2;1;1;A01
201200054826;0;7;0;0;2;8;16;B01
201200054827;0;37;0;0;2;1;1;B01
201200054827;0;32;0;0;2;0;21;C01
201200054827;0;7;0;0;0;4;16;A01
201200054828;0;7;0;0;2;1;1;A01
201200054828;0;7;0;0;2;4;23;B01
201200054829;0;31;0;0;2;7;1;A01
201200054829;0;7;0;0;2;1;15;B01
201200054830;0;10;0;0;2;6;11;A01
201200054830;0;34;0;0;2;1;1;B01
201200054831;1;7;0;0;2;0;2;Z01
201200054831;0;30;0;0;2;5;23;A01
201200054832;0;7;0;0;2;3;1;B01
201200054832;0;32;0;0;2;2;17;A01
201200054833;0;7;0;0;1;4;4;A01
201200054834;2;7;0;6;2;9;1;Z01
201200054834;0;7;0;1;2;1;16;A01
201200054835;0;10;0;0;1;2;1;A01
201200054836;0;7;0;0;2;2;1;B01
201200054836;0;7;0;0;2;3;11;A01
201200054837;0;34;0;0;2;7;17;A01
201200054837;0;7;0;0;2;8;15;B01
201200054838;0;7;0;0;2;1;1;B01
201200054838;0;2;0;0;2;1;15;A01
201200054839;0;7;0;0;2;2;1;A01
201200054839;0;32;0;0;2;8;1;B01
201200054840;0;30;0;0;2;7;1;A01
201200054840;1;7;0;0;2;0;14;Z01
201200054841;0;2;0;0;1;1;1;A01
201200054842;0;7;0;0;2;8;1;B01
201200054842;0;33;0;14;2;7;17;A01
201200054843;0;32;0;0;2;8;1;B01
201200054843;0;10;0;0;2;2;16;A01
201200054844;0;2;0;0;0;0;1;A01
201200054845;0;7;0;7;0;3;13;A01
201200054846;0;7;0;11;0;3;15;A01
201200054847;0;33;0;8;0;2;18;A01
201200054848;0;33;0;0;1;1;1;A01
201200054849;0;31;0;0;2;8;1;B01
201200054849;0;7;0;0;2;8;10;A01
201200054850;0;7;0;7;0;1;1;A01
201200054851;0;13;0;1;0;6;1;A01
201200054852;0;7;0;0;2;1;1;B01
201200054852;0;1;0;0;2;7;1;A01
201200054853;0;32;0;0;2;7;18;A01
201200054853;0;33;0;0;2;2;1;B01
201200054854;0;10;0;0;2;3;23;B01
201200054854;0;10;0;0;2;2;1;A01
201200054855;0;30;0;0;0;8;1;A01
201200054856;0;14;0;0;2;4;23;B01
201200054856;0;7;0;0;2;1;2;A01
201200054857;0;32;0;0;0;7;1;A01
201200054858;0;2;0;0;2;7;17;A01
201200054858;0;7;0;0;2;6;1;B01
201200054859;0;7;0;0;2;2;15;A01
201200054859;0;30;0;0;2;1;1;B01
201200054860;0;7;0;11;2;1;1;A01
201200054860;0;10;0;0;0;1;23;B01
201200054860;0;10;0;0;0;0;23;C01
201200054861;0;37;3;0;1;7;7;A01
201200054862;0;32;0;0;0;8;1;A01
201200054863;0;10;0;0;2;2;22;A01
201200054863;0;32;0;0;2;1;18;B01
201200054864;0;10;0;0;2;6;13;A01
201200054864;0;30;0;0;2;0;17;B01
201200054865;0;7;0;0;2;3;1;B01
201200054865;0;7;0;0;2;1;1;A01
201200054866;0;7;0;0;1;1;15;A01
201200054867;0;7;0;0;2;1;15;A01
201200054867;0;34;0;0;2;7;17;B01
201200054868;0;7;0;0;1;5;20;A01
201200054869;0;33;0;14;0;8;1;A01
201200054870;0;7;0;0;2;1;1;A01
201200054870;0;1;0;0;2;7;1;B01
201200054871;0;7;0;0;2;1;1;A01
201200054871;0;7;0;0;2;3;15;B01
201200054872;0;33;0;0;1;1;1;A01
201200054873;0;2;0;0;0;3;21;A01
201200054874;0;7;0;0;2;1;1;A01
201200054874;0;7;0;0;2;6;23;D01
201200054874;0;7;0;0;2;1;23;B01
201200054874;0;30;0;0;2;4;23;C01
201200054875;0;32;0;0;0;8;1;A01
201200054876;0;2;0;0;2;1;1;A01
201200054876;0;3;0;0;0;4;1;B01
201200054877;0;34;0;0;2;2;15;B01
201200054877;0;7;0;0;2;3;1;A01
201200054878;0;30;0;0;0;7;21;A01
201200054879;0;7;0;0;0;4;23;B01
201200054879;0;32;0;0;0;1;1;A01
201200054880;0;1;0;0;1;1;15;A01
201200054881;0;33;0;0;0;4;23;C01
201200054881;0;7;0;0;2;1;1;A01
201200054881;0;7;0;0;2;4;1;B01
201200054882;2;7;0;0;2;2;1;Z01
201200054882;0;7;0;0;2;3;1;A01
201200054882;0;14;0;0;2;3;1;B01
201200054883;0;7;0;0;2;1;1;A01
201200054883;0;7;0;0;2;6;7;B01
201200054884;0;1;0;0;2;1;5;A01
201200054884;0;7;0;0;2;3;1;B01
201200054885;0;33;0;0;2;0;1;A01
201200054886;0;34;0;0;1;1;1;A01
201200054887;0;32;0;0;0;0;1;A01
201200054888;0;31;0;0;2;3;1;A01
201200054888;0;7;0;0;2;2;1;B01
201200054889;0;31;0;0;1;1;1;A01
201200054890;0;7;0;0;2;6;1;A01
201200054890;0;7;0;0;2;6;1;B01
201200054891;0;7;0;0;2;3;15;B01
201200054891;0;30;0;0;2;2;17;A01
201200054892;0;30;0;0;2;7;21;A01
201200054893;0;7;0;0;2;2;1;A01
201200054893;0;32;0;0;2;1;1;B01
201200054894;0;7;0;0;1;5;4;A01
201200054895;0;1;0;0;1;1;1;A01
201200054896;0;2;0;0;1;1;1;A01
201200054897;0;7;0;0;2;2;2;A01
201200054897;0;2;0;0;2;6;15;B01
201200054898;0;7;0;0;2;1;2;A01
201200054898;0;32;0;0;2;4;23;B01
201200054899;0;30;0;0;0;7;1;A01
201200054900;0;7;0;0;1;0;1;A01
201200054901;0;33;0;0;2;2;17;B01
201200054901;0;1;0;0;2;8;15;A01
201200054902;0;34;0;0;1;2;1;A01
201200054903;1;7;0;0;0;0;1;Z01
201200054903;0;7;0;0;0;5;1;A01
201200054904;0;34;0;0;2;1;1;B01
201200054904;0;7;0;0;2;5;12;A01
201200054905;0;7;0;0;1;3;1;A01
201200054906;0;30;0;0;2;7;1;A01
201200054906;0;7;0;0;2;1;16;B01
201200054907;0;1;0;0;0;0;1;A01
201200054908;0;7;0;0;2;1;1;B01
201200054908;0;7;0;0;2;7;1;A01
201200054909;0;13;0;0;2;2;16;A01
201200054909;0;30;0;0;2;0;18;B01
201200054910;0;2;0;0;2;3;3;A01
201200054910;0;7;0;0;0;5;23;B01
201200054911;0;7;0;0;1;2;15;A01
201200054912;0;10;0;0;0;8;15;B01
201200054912;0;32;0;0;2;1;1;A01
201200054913;0;7;0;0;2;7;14;A01
201200054913;0;32;0;0;2;1;7;B01
201200054914;0;30;0;0;0;7;1;A01
201200054915;1;7;0;0;2;0;16;Z01
201200054915;0;33;0;0;2;3;1;A01
201200054916;0;2;0;14;0;3;13;A01
201200054917;0;7;0;0;2;8;1;A01
201200054917;0;7;0;0;2;3;1;B01
201200054918;0;14;0;0;2;7;16;B01
201200054918;0;30;0;0;2;8;1;A01
201200054919;0;7;0;0;0;0;16;B01
201200054919;0;30;0;0;0;7;18;A01
201200054920;0;7;0;0;1;1;1;A01
201200054921;0;7;0;0;2;2;1;B01
201200054921;0;7;0;0;2;3;10;A01
201200054922;0;32;0;0;0;8;1;A01
201200054923;0;2;0;0;2;8;17;A01
201200054923;0;7;0;0;2;4;15;B01
201200054924;2;7;0;0;2;1;2;Z01
201200054924;0;7;0;0;2;4;23;A01
201200054925;0;34;0;0;2;4;23;B01
201200054925;0;32;0;0;2;1;2;A01
201200054926;0;32;0;0;2;7;2;A01
201200054926;0;7;0;0;2;4;2;B01
201200054927;0;7;0;0;1;1;15;A01
201200054928;0;32;0;0;1;3;1;A01
201200054929;0;7;0;0;1;3;15;A01
201200054930;2;7;0;1;0;3;15;Z01
201200054931;0;7;0;0;2;4;23;A01
201200054931;0;7;0;0;2;1;2;B01
201200054932;0;2;0;0;0;6;1;A01
201200054933;0;7;0;0;2;3;1;A01
201200054933;0;7;0;14;2;5;15;B01
201200054934;0;1;0;0;0;0;1;A01
201200054935;0;7;0;1;0;1;15;A01
201200054936;0;10;0;0;2;1;10;A01
201200054937;0;32;0;0;2;7;1;B01
201200054937;0;7;0;0;2;3;1;A01
201200054938;0;33;0;0;2;1;17;A01
201200054938;0;7;0;0;2;8;15;B01
201200054939;0;7;0;0;2;3;13;B01
201200054939;0;31;0;0;2;7;15;A01
201200054940;0;34;0;0;1;7;17;A01
201200054941;0;7;0;0;2;3;13;A01
201200054941;0;33;0;0;2;2;1;B01
201200054942;0;7;0;0;2;3;1;B01
201200054942;0;7;0;0;2;2;1;A01
201200054943;0;31;0;0;1;0;1;A01
201200054944;0;7;0;0;2;2;15;A01
201200054944;0;34;0;0;2;1;1;B01
201200054945;0;30;0;0;2;1;2;A01
201200054945;0;7;0;0;2;5;23;B01
201200054946;1;7;0;0;1;0;1;Z01
201200054947;0;7;0;0;2;4;2;B01
201200054947;0;7;0;0;2;1;23;A01
201200054948;0;7;0;0;1;1;1;A01
201200054949;0;30;0;0;2;3;9;A01
201200054949;0;2;0;0;2;1;1;B01
201200054950;0;7;0;0;2;1;2;A01
201200054950;0;7;0;0;2;9;23;B01
201200054950;0;7;0;0;2;1;15;C01
201200054951;0;7;0;0;2;7;16;A01
201200054951;0;31;0;0;2;8;1;B01
201200054952;0;30;0;0;0;8;1;A01
201200054953;0;32;0;15;0;2;1;A01
201200054954;0;33;0;1;0;8;23;B01
201200054954;0;7;0;0;0;2;17;A01
201200054955;0;7;0;0;0;2;10;A01
201200054955;0;2;0;0;2;1;1;B01
201200054956;0;2;0;0;2;1;17;B01
201200054956;0;7;0;0;2;3;11;A01
201200054957;0;7;0;0;2;2;14;B01
201200054957;0;33;0;0;2;3;16;A01
201200054958;0;7;0;0;2;1;15;A01
201200054958;0;7;0;0;2;8;1;B01
201200054959;0;7;0;0;1;2;1;A01
201200054960;0;30;0;0;0;8;1;A01
201200054961;0;2;0;0;0;4;12;A01
201200054961;0;33;0;0;0;1;1;B01
201200054962;0;14;0;0;9;3;22;A01
201200054962;0;1;0;1;0;1;1;B01
201200054963;0;2;0;0;1;1;1;A01
201200054964;0;7;0;0;1;2;1;A01
201200054965;0;7;0;0;2;8;10;A01
201200054965;0;33;0;0;2;1;1;B01
201200054966;0;33;0;0;2;3;7;B01
201200054966;0;7;0;0;0;7;22;A01
201200054967;0;30;0;0;2;6;15;A01
201200054967;0;7;0;0;2;1;13;B01
201200054968;0;7;0;0;1;6;20;A01
201200054969;0;10;0;0;2;7;1;B01
201200054969;0;2;0;0;2;1;1;A01
201200054970;1;7;0;0;2;8;1;Z01
201200054970;0;30;0;0;2;8;1;A01
201200054971;0;30;0;0;0;0;14;A01
201200054972;0;7;0;0;2;6;15;B01
201200054972;0;30;0;0;2;1;2;A01
201200054973;0;32;0;0;0;8;1;A01
201200054974;0;32;0;0;2;7;1;B01
201200054974;0;7;0;0;2;0;11;A01
201200054975;0;10;0;0;2;3;22;A01
201200054975;0;1;0;0;2;1;1;B01
201200054976;0;7;0;0;1;3;18;A01
201200054977;0;34;0;0;2;3;7;B01
201200054977;0;7;0;0;2;2;16;A01
201200054978;0;7;0;12;0;1;16;A01
201200054979;0;32;0;0;2;3;17;A01
201200054979;2;7;0;0;2;6;13;Z01
201200054980;0;2;0;0;2;1;2;A01
201200054980;0;7;0;0;2;4;2;B01
201200054981;0;7;0;0;1;4;4;A01
201200054982;0;33;0;14;0;7;16;A01
201200054983;0;7;0;0;2;2;14;A01
201200054983;0;32;0;0;2;3;1;B01
201200054984;0;32;0;0;2;4;23;B01
201200054984;0;7;0;0;2;1;2;A01
201200054985;0;7;0;1;2;1;2;A01
201200054985;0;7;0;0;2;4;2;B01
201200054986;0;1;0;0;2;3;7;B01
201200054986;0;7;0;0;2;2;15;A01
201200054987;0;33;0;11;0;8;17;A01
201200054988;0;33;0;0;2;1;1;A01
201200054988;0;10;0;0;2;3;1;B01
201200054989;0;33;0;1;2;8;18;A01
201200054989;0;7;0;0;2;7;22;B01
201200054990;0;34;0;0;2;1;2;A01
201200054990;0;7;0;0;2;0;2;B01
201200054991;1;7;0;0;0;0;1;Z01
201200054992;0;7;0;0;2;3;15;A01
201200054992;0;34;0;0;2;7;17;B01
201200054993;0;33;0;0;2;6;1;B01
201200054993;0;7;0;0;2;1;1;A01
201200054994;0;10;0;0;1;4;4;A01
201200054995;0;7;0;0;2;8;22;A01
201200054995;0;1;0;0;2;7;17;B01
201200054996;0;7;0;0;1;1;16;A01
201200054997;0;34;0;0;1;1;1;A01
201200054998;0;7;0;0;1;3;15;A01
201200054999;0;37;1;0;1;5;16;A01
201200055000;0;7;0;0;2;2;2;A01
201200055000;0;30;0;0;2;6;2;B01
201200055001;0;32;0;1;0;7;14;A01
201200055002;0;10;0;0;2;1;2;A01
201200055002;0;7;0;0;2;4;2;B01
201200055003;0;32;0;0;2;1;1;B01
201200055003;0;7;0;0;2;2;15;A01
201200055004;0;37;0;0;1;2;7;A01
201200055005;0;7;0;0;2;2;1;A01
201200055005;0;33;0;0;0;4;1;B01
201200055006;0;7;0;0;2;3;1;A01
201200055006;0;32;0;0;2;6;15;B01
201200055007;0;7;0;0;2;5;15;B01
201200055007;0;30;0;0;2;1;1;A01
201200055008;0;7;0;0;1;1;1;A01
201200055009;0;7;0;0;1;6;4;A01
201200055010;0;7;0;0;2;1;1;A01
201200055010;0;10;0;0;2;7;1;B01
201200055011;0;32;0;0;1;1;1;A01
201200055012;0;33;0;0;2;3;7;A01
201200055012;0;7;0;0;2;2;16;B01
201200055013;0;7;0;8;2;3;17;B01
201200055013;0;7;0;1;2;7;15;A01
201200055014;0;14;0;0;1;6;16;A01
201200055015;0;33;0;0;2;7;1;B01
201200055015;0;37;1;0;2;3;11;A01
201200055016;0;2;0;0;1;0;7;A01
201200055017;0;13;0;0;2;1;2;A01
201200055017;0;10;0;0;2;4;23;B01
201200055018;0;32;0;0;1;1;1;A01
201200055019;0;1;0;0;2;8;1;B01
201200055019;0;32;0;0;2;7;1;A01
201200055020;0;10;0;0;1;4;4;A01
201200055021;0;7;0;15;0;1;13;A01
201200055022;0;7;0;0;1;1;1;A01
201200055023;0;38;0;0;1;0;1;A01
201200055024;1;7;0;0;1;1;1;Z01
201200055025;0;37;1;0;1;1;1;A01
201200055026;1;32;0;0;0;0;7;Z01
201200055027;0;32;0;0;0;0;1;A01
201200055028;0;2;0;0;2;8;18;A01
201200055028;0;7;0;0;0;7;22;B01
201200055029;0;30;0;0;1;1;17;A01
201200055030;0;10;0;0;1;3;15;A01
201200055031;0;7;0;0;2;7;7;B01
201200055031;0;32;0;14;2;6;18;A01
201200055032;0;7;0;0;1;6;4;A01
201200055033;0;37;1;0;1;1;15;A01
201200055034;0;31;0;0;1;1;1;A01
201200055035;0;7;0;0;0;3;7;A01
201200055035;0;7;0;0;2;3;15;B01
201200055036;1;7;0;0;2;2;14;Z01
201200055036;0;7;0;8;2;2;1;A01
201200055037;0;32;0;0;1;1;17;A01
201200055038;0;38;1;0;1;2;16;A01
201200055039;0;30;0;0;0;1;5;A01
201200055040;0;30;0;0;1;2;1;A01
201200055041;0;34;0;0;0;0;1;A01
201200055042;0;1;0;0;2;3;1;B01
201200055042;0;37;0;0;2;2;17;A01
201200055043;0;10;0;0;1;2;16;A01
201200055044;0;7;0;0;2;1;1;A01
201200055044;0;34;0;0;2;6;1;B01
201200055045;0;32;0;0;2;8;1;B01
201200055045;0;7;0;0;2;0;22;A01
201200055046;0;7;0;0;2;3;1;A01
201200055046;0;32;0;0;2;7;1;B01
201200055047;0;7;0;0;2;1;2;A01
201200055047;0;34;0;0;2;5;2;B01
201200055048;0;7;0;0;2;1;2;A01
201200055048;0;32;0;0;2;4;2;B01
201200055049;0;7;0;0;2;8;15;B01
201200055049;0;33;0;0;2;1;17;A01
201200055050;0;7;0;6;1;4;4;A01
201200055051;0;37;1;0;1;2;7;A01
201200055052;0;7;0;0;1;1;15;A01
201200055053;0;34;0;0;0;0;1;A01
201200055054;0;1;0;1;0;2;1;A01
201200055054;1;10;0;0;0;8;22;Z01
201200055055;0;32;0;0;2;3;1;B01
201200055055;0;7;0;0;2;6;16;A01
201200055056;0;7;0;0;2;5;16;B01
201200055056;0;7;0;0;2;3;7;A01
201200055057;0;7;0;0;2;0;15;A01
201200055057;0;2;0;0;2;0;1;B01
201200055058;1;7;0;0;2;2;16;Z01
201200055058;0;30;0;0;0;6;1;A01
201200055059;0;1;0;0;2;0;19;A01
201200055059;0;7;0;0;9;1;7;B01
201200055060;0;30;0;0;2;7;15;B01
201200055060;0;7;0;0;2;7;1;A01
201200055061;0;2;0;0;1;1;1;A01
201200055062;0;7;0;0;1;5;20;A01
201200055063;0;7;0;0;1;1;15;A01
201200055064;0;30;0;0;2;1;2;A01
201200055064;0;7;0;0;2;6;23;B01
201200055065;0;1;0;0;1;1;18;A01
201200055066;0;1;0;1;0;1;18;B01