num_acc;senc;catv;occutc;obs;obsm;choc;manv;num_veh
201200055066;0;7;0;0;0;7;22;A01
201200055067;0;37;1;0;2;3;1;A01
201200055067;0;37;1;0;2;7;1;B01
201200055068;0;7;0;0;1;3;15;A01
201200055069;0;7;0;0;1;4;4;A01
201200055070;0;10;0;0;1;1;16;A01
201200055071;0;2;0;0;1;1;1;A01
201200055072;0;34;0;0;2;4;23;B01
201200055072;0;32;0;0;2;1;2;A01
201200055073;0;30;0;0;2;3;18;A01
201200055073;0;7;0;0;2;2;7;B01
201200055074;0;30;0;0;0;7;1;A01
201200055075;0;7;0;0;1;4;4;A01
201200055076;0;7;0;0;2;6;22;A01
201200055076;0;32;0;0;2;2;1;B01
201200055077;0;2;0;1;0;3;16;A01
201200055078;0;7;0;0;2;4;4;A01
201200055078;0;30;0;0;2;8;1;B01
201200055079;0;30;0;0;0;0;1;A01
201200055080;1;3;0;0;2;3;2;Z01
201200055080;0;33;0;0;2;5;2;A01
201200055081;0;34;0;0;2;6;18;B01
201200055081;0;7;0;0;2;2;16;A01
201200055082;0;32;0;0;1;8;1;A01
201200055083;0;7;0;0;1;2;12;A01
201200055084;0;7;0;0;2;1;1;B01
201200055084;0;7;0;6;2;8;1;A01
201200055085;0;10;0;0;1;5;1;A01
201200055086;0;7;0;0;1;2;7;A01
201200055087;0;30;0;0;0;0;1;A01
201200055088;1;7;0;0;1;6;1;Z01
201200055089;0;7;0;0;2;3;9;A01
201200055089;0;2;0;0;2;7;1;B01
201200055090;0;1;0;0;2;2;1;B01
201200055090;0;7;0;0;2;3;22;A01
201200055091;0;7;0;0;2;7;1;B01
201200055091;0;1;0;0;2;3;15;A01
201200055092;0;1;0;0;1;1;1;A01
201200055093;0;1;0;0;0;0;21;A01
201200055094;0;10;0;0;2;7;12;A01
201200055094;0;2;0;1;2;1;1;B01
201200055095;0;7;0;0;2;3;15;A01
201200055095;0;30;0;0;2;1;17;B01
201200055096;0;32;0;0;2;8;18;B01
201200055096;0;10;0;0;2;2;16;A01
201200055097;0;30;0;0;0;0;1;A01
201200055098;0;7;0;0;1;2;14;A01
201200055099;0;10;0;0;1;3;15;A01
201200055100;0;32;0;0;1;1;1;A01
201200055101;0;1;0;0;2;4;13;B01
201200055101;0;32;0;0;2;1;1;A01
201200055102;0;7;0;0;2;1;2;A01
201200055102;0;7;0;0;2;4;23;C01
201200055102;0;7;0;0;2;4;23;B01
201200055102;0;7;0;0;2;4;23;D01
201200055103;0;7;0;0;1;8;1;A01
201200055104;0;7;0;0;1;2;7;A01
201200055105;0;37;89;0;2;7;16;A01
201200055105;0;30;0;0;2;8;18;B01
201200055106;0;7;0;0;2;3;13;A01
201200055106;0;7;0;0;2;3;23;B01
201200055107;0;10;0;0;1;3;15;A01
201200055108;0;7;0;0;1;3;1;A01
201200055109;0;32;0;0;2;1;17;B01
201200055109;0;7;0;0;0;3;15;A01
201200055110;0;7;0;0;2;2;1;A01
201200055111;0;30;0;0;0;7;1;B01
201200055111;0;7;0;0;0;0;15;A01
201200055112;0;7;0;0;0;5;16;A01
201200055112;0;34;0;0;2;3;18;B01
201200055113;0;1;0;0;2;4;1;A01
201200055113;1;7;0;0;2;1;1;Z01
201200055114;0;2;0;8;0;1;1;A01
201200055115;0;10;0;0;2;2;1;B01
201200055115;0;30;0;0;2;1;1;A01
201200055116;0;7;0;0;0;2;1;B01
201200055116;0;1;0;0;2;4;13;A01
201200055117;0;7;0;0;1;3;1;A01
201200055118;1;33;0;0;1;0;1;Z01
201200055119;0;7;0;0;0;8;22;A01
201200055119;0;1;0;0;0;1;1;B01
201200055120;0;7;0;1;0;3;1;A01
201200055120;0;7;0;0;0;8;1;B01
201200055121;0;2;0;0;2;3;11;A01
201200055121;0;33;0;0;2;2;1;B01
201200055122;0;7;0;0;2;3;13;A01
201200055122;0;32;0;0;2;5;17;B01
201200055123;0;7;0;6;2;2;1;B01
201200055123;0;7;0;6;2;3;1;A01
201200055124;0;7;0;0;2;3;1;B01
201200055124;0;10;0;0;2;2;1;A01
201200055125;0;7;0;6;2;7;1;A01
201200055125;0;38;40;0;2;2;1;B01
201200055126;0;7;0;0;2;7;1;A01
201200055126;0;7;0;0;2;1;1;B01
201200055127;0;33;0;0;0;0;1;A01
201200055128;0;7;0;0;2;5;12;A01
201200055128;0;32;0;0;2;3;1;B01
201200055129;0;30;0;1;2;2;1;B01
201200055129;0;30;0;0;2;3;9;A01
201200055130;1;7;0;0;1;2;1;Z01
201200055131;0;33;0;0;0;0;1;A01
201200055132;0;7;0;0;1;3;1;A01
201200055133;0;30;0;0;0;0;1;A01
201200055134;0;7;0;0;1;5;4;A01
201200055135;1;1;0;0;1;8;5;Z01
201200055136;0;1;0;0;2;1;17;B01
201200055136;0;7;0;0;2;3;1;A01
201200055137;0;1;0;0;1;1;1;A01
201200055138;1;7;0;0;1;0;1;Z01
201200055139;0;32;0;0;2;2;23;B01
201200055139;0;7;0;0;2;3;13;A01
201200055140;0;1;0;0;1;1;1;A01
201200055141;0;10;0;0;1;2;16;A01
201200055142;0;30;0;0;1;1;1;A01
201200055143;1;30;0;0;2;1;2;A01
201200055143;0;7;0;0;2;6;23;B01
201200055144;0;33;0;0;2;0;15;B01
201200055144;0;1;0;0;2;0;5;A01
201200055145;0;32;0;0;0;8;1;A01
201200055146;0;1;0;0;2;1;18;B01
201200055146;0;3;0;0;2;2;22;A01
201200055147;0;1;0;0;2;8;7;B01
201200055147;0;7;0;0;2;1;15;A01
201200055148;0;33;0;0;2;3;1;B01
201200055148;0;7;0;0;2;2;9;A01
201200055149;0;1;0;0;0;0;1;A01
201200055150;0;7;0;0;2;6;23;B01
201200055150;0;30;0;0;2;1;1;A01
201200055151;0;7;0;0;1;1;15;A01
201200055152;0;32;0;0;0;0;1;A01
201200055153;0;30;0;0;2;1;7;A01
201200055153;0;7;0;0;2;7;16;B01
201200055154;0;7;0;0;2;8;9;B01
201200055154;0;33;0;0;2;1;1;A01
201200055155;0;7;0;0;2;3;15;A01
201200055155;0;32;0;0;2;8;17;B01
201200055156;0;32;0;0;1;3;1;A01
201200055157;0;2;0;0;0;1;1;A01
201200055158;0;33;0;0;2;3;18;B01
201200055158;0;10;0;0;2;2;16;A01
201200055159;0;31;0;14;0;0;13;A01
201200055160;0;7;0;0;2;1;1;B01
201200055160;0;1;0;0;2;8;5;A01
201200055161;0;32;0;0;1;1;18;A01
201200055162;0;10;0;0;1;4;4;A01
201200055163;1;38;1;0;2;8;9;Z01
201200055163;0;33;0;0;2;2;1;A01
201200055164;0;10;0;0;1;4;4;A01
201200055165;0;7;0;0;2;6;15;B01
201200055165;0;32;0;0;2;1;17;A01
201200055166;1;7;0;0;1;0;1;Z01
201200055167;0;30;0;0;0;1;1;A01
201200055168;0;7;0;0;1;1;1;A01
201200055169;0;34;0;0;2;1;1;A01
201200055169;0;7;0;0;0;4;23;B01
201200055170;0;7;0;0;2;3;15;A01
201200055170;0;34;0;0;2;5;17;B01
201200055171;1;2;0;0;1;1;1;Z01
201200055172;0;7;0;0;1;4;4;A01
201200055173;0;2;0;0;2;3;18;A01
201200055173;0;7;0;0;2;2;16;B01
201200055174;0;13;0;0;2;2;16;A01
201200055174;0;1;0;0;2;3;1;B01
201200055175;0;2;0;0;2;7;1;A01
201200055175;1;31;0;0;2;3;16;Z01
201200055176;0;2;0;0;0;0;1;A01
201200055177;0;7;0;0;2;3;10;A01
201200055177;0;32;0;0;2;7;1;B01
201200055178;0;32;0;0;2;8;1;A01
201200055178;0;7;0;0;2;7;17;B01
201200055179;1;10;0;0;1;0;1;Z01
201200055180;0;7;0;1;0;1;1;A01
201200055181;0;7;0;0;1;0;16;A01
201200055182;0;30;0;0;2;1;1;A01
201200055182;0;7;0;0;2;6;1;B01
201200055183;0;7;0;0;2;8;1;A01
201200055183;0;30;0;0;2;1;1;B01
201200055184;0;7;0;0;1;3;15;A01
201200055185;0;32;0;0;0;8;1;A01
201200055186;0;7;0;1;0;2;14;A01
201200055187;0;7;0;0;2;3;15;B01
201200055187;0;32;0;0;2;7;7;A01
201200055188;0;30;0;0;2;1;7;A01
201200055188;0;30;0;0;2;4;7;B01
201200055189;0;7;0;0;1;3;1;A01
201200055190;0;7;0;0;1;0;1;A01
201200055191;0;34;0;0;1;1;1;A01
201200055192;0;7;0;0;2;6;11;B01
201200055192;0;37;10;0;2;2;7;A01
201200055193;0;7;0;0;2;7;22;A01
201200055193;0;1;0;0;2;2;7;B01
201200055194;0;32;0;0;2;3;1;B01
201200055194;0;7;0;0;2;2;1;A01
201200055195;0;31;0;0;0;7;1;A01
201200055196;1;7;0;0;0;0;16;Z01
201200055196;0;32;0;0;2;8;1;A01
201200055197;0;32;0;0;2;2;1;A01
201200055197;0;7;0;0;0;3;22;B01
201200055197;0;7;0;0;2;5;1;C01
201200055198;0;10;0;0;0;1;16;A01
201200055199;0;7;0;0;0;4;23;B01
201200055199;0;30;0;0;2;4;1;A01
201200055200;0;32;0;0;0;0;7;A01
201200055201;0;30;0;0;2;8;18;A01
201200055201;1;7;0;0;0;7;22;Z01
201200055202;0;34;0;0;2;6;1;B01
201200055202;0;10;0;0;2;2;12;A01
201200055203;0;7;0;0;2;2;2;A01
201200055203;0;30;0;0;2;4;15;B01
201200055204;0;2;0;0;2;1;2;A01
201200055204;0;7;0;0;2;4;2;B01
201200055205;0;7;0;0;2;1;2;A01
201200055205;0;7;0;0;2;4;23;B01
201200055206;0;7;0;0;1;1;1;A01
201200055207;0;37;0;0;2;0;13;A01
201200055207;0;30;0;0;2;0;23;B01
201200055208;0;7;0;0;1;0;16;A01
201200055209;0;7;0;0;1;2;17;A01
201200055210;0;33;0;0;2;5;1;B01
201200055210;0;7;0;0;2;3;22;A01
201200055211;0;10;0;0;1;1;15;A01
201200055212;0;7;0;0;2;3;16;B01
201200055212;0;33;0;0;2;2;18;A01
201200055213;0;33;0;8;1;3;1;A01
201200055214;0;7;0;0;2;1;2;A01
201200055214;0;7;0;0;2;4;23;B01
201200055215;0;7;0;0;2;3;1;B01
201200055215;0;32;0;0;2;1;1;A01
201200055216;0;32;0;0;0;7;21;A01
201200055217;0;33;0;0;2;3;11;B01
201200055217;0;7;0;0;2;2;1;A01
201200055218;0;7;0;0;1;1;1;A01
201200055219;0;7;0;0;2;4;4;A01
201200055219;0;30;0;0;2;1;1;B01
201200055220;0;32;0;0;1;5;1;A01
201200055221;0;33;0;0;2;1;1;A01
201200055221;0;7;0;0;0;6;15;B01
201200055222;0;30;0;0;2;1;1;A01
201200055222;0;32;0;0;2;4;23;B01
201200055223;0;1;0;0;2;1;1;B01
201200055223;0;14;0;0;9;2;16;A01
201200055224;0;7;0;0;2;3;15;A01
201200055224;0;32;0;0;2;3;17;B01
201200055225;0;1;0;0;2;1;1;B01
201200055225;0;7;0;0;2;3;15;A01
201200055226;0;30;0;0;2;1;2;A01
201200055226;0;7;0;0;2;6;23;B01
201200055227;0;34;0;0;0;2;1;A01
201200055228;0;7;0;0;1;2;1;A01
201200055229;0;32;0;0;1;1;1;A01
201200055229;0;7;0;0;2;3;23;B01
201200055230;1;7;0;0;1;1;5;Z01
201200055231;0;7;0;14;0;3;1;A01
201200055232;0;34;0;0;1;1;1;A01
201200055233;0;1;0;0;1;1;1;A01
201200055234;0;32;0;0;2;1;1;B01
201200055234;0;7;0;0;0;7;15;A01
201200055235;0;10;0;0;1;2;1;A01
201200055236;0;1;0;0;1;0;1;A01
201200055237;0;32;0;0;0;2;21;A01
201200055238;0;32;0;0;2;0;21;A01
201200055239;0;32;0;0;0;0;1;A01
201200055240;0;7;0;0;2;5;2;B01
201200055240;0;2;0;0;2;1;2;A01
201200055241;1;7;0;0;2;0;22;Z01
201200055241;0;1;0;0;2;2;1;A01
201200055242;0;7;0;0;1;1;1;A01
201200055243;0;10;0;11;0;3;11;A01
201200055244;0;32;0;0;1;1;17;A01
201200055245;0;10;0;0;2;3;15;B01
201200055245;0;1;0;0;2;4;1;A01
201200055246;0;32;0;0;2;1;1;B01
201200055246;0;7;0;0;2;1;15;A01
201200055247;0;32;0;0;2;1;2;B01
201200055247;0;33;0;0;2;4;2;A01
201200055248;0;10;0;0;2;1;2;A01
201200055248;0;7;0;0;2;4;2;B01
201200055249;0;7;0;0;2;3;15;A01
201200055249;0;33;0;0;2;7;17;B01
201200055250;0;7;0;0;1;3;1;A01
201200055251;0;1;0;0;1;1;1;A01
201200055252;0;33;0;0;2;1;1;A01
201200055252;0;7;0;0;2;5;15;B01
201200055253;0;32;0;0;2;1;18;A01
201200055253;0;7;0;0;2;7;16;B01
201200055254;0;33;0;0;2;0;1;A01
201200055254;1;7;0;0;2;0;16;Z01
201200055255;0;32;0;0;0;8;21;A01
201200055256;0;7;0;0;2;0;16;B01
201200055256;0;1;0;0;2;0;1;A01
201200055257;0;7;0;11;0;1;13;A01
201200055258;0;7;0;0;1;2;1;A01
201200055259;0;31;0;0;2;7;21;A01
201200055260;0;32;0;0;0;3;21;A01
201200055261;0;30;0;0;0;8;1;A01
201200055262;0;32;0;0;1;8;1;A01
201200055263;0;7;0;0;1;7;15;A01
201200055264;0;7;0;0;2;2;1;B01
201200055264;0;2;0;0;0;3;1;A01
201200055265;0;7;0;0;1;2;1;A01
201200055266;0;30;0;0;2;1;21;A01
201200055267;0;7;0;0;2;2;1;A01
201200055267;0;7;0;0;2;6;23;B01
201200055268;0;7;0;0;1;1;1;A01
201200055269;0;7;0;0;1;1;1;A01
201200055270;0;7;0;0;2;0;15;A01
201200055270;0;32;0;0;2;0;1;B01
201200055271;0;33;0;8;0;2;21;A01
201200055272;0;33;0;0;2;2;12;A01
201200055272;0;33;0;14;2;2;7;B01
201200055273;0;30;0;8;0;1;14;A01
201200055274;0;30;0;0;2;3;1;A01
201200055274;0;7;0;0;2;2;15;B01
201200055275;0;2;0;0;2;0;1;A01
201200055275;1;7;0;0;2;0;1;Z01
201200055276;0;2;0;0;2;0;9;B01
201200055276;0;2;0;0;2;0;1;A01
201200055277;0;10;0;0;1;1;15;A01
201200055278;0;10;0;0;2;1;2;A01
201200055278;0;33;0;0;2;4;23;B01
201200055279;0;7;0;0;1;1;1;A01
201200055280;0;7;0;0;2;1;1;A01
201200055280;0;32;0;0;2;7;15;B01
201200055281;0;32;0;0;2;0;21;A01
201200055282;0;33;0;0;2;3;18;A01
201200055282;0;10;0;0;2;7;1;B01
201200055283;0;7;0;0;0;5;15;A01
201200055283;0;30;0;0;0;1;7;B01
201200055284;0;30;0;0;0;1;7;A01
201200055285;1;7;0;0;1;7;1;Z01
201200055286;0;31;0;14;0;1;1;A01
201200055287;0;7;0;0;2;4;23;A01
201200055287;1;7;0;0;2;1;2;Z01
201200055288;0;33;0;0;1;1;1;A01
201200055289;0;1;0;0;1;8;5;A01
201200055290;0;31;0;0;2;1;1;B01
201200055290;0;10;0;0;2;5;10;A01
201200055291;0;2;0;6;0;3;1;A01
201200055292;0;32;0;0;2;1;18;A01
201200055292;0;7;0;0;2;7;16;B01
201200055293;0;7;0;0;2;3;15;B01
201200055293;0;2;0;0;2;2;17;A01
201200055294;0;7;0;0;9;3;1;B01
201200055294;0;1;0;0;0;7;1;A01
201200055295;0;33;0;0;0;0;21;A01
201200055296;0;2;0;0;2;7;1;A01
201200055296;0;7;0;0;2;8;22;B01
201200055297;0;32;0;0;2;8;1;B01
201200055297;0;7;0;0;2;1;15;A01
201200055298;0;7;0;11;0;2;14;A01
201200055299;0;32;0;0;2;0;1;A01
201200055299;1;7;0;0;2;0;15;Z01
201200055300;0;2;0;0;0;8;1;A01
201200055301;0;33;0;0;0;0;13;A01
201200055302;0;30;0;0;1;5;1;A01
201200055303;0;32;0;0;2;0;21;A01
201200055304;0;7;0;0;2;7;1;A01
201200055304;0;33;0;0;2;7;1;B01
201200055305;0;7;0;0;2;7;1;A01
201200055305;0;32;0;0;2;1;1;B01
201200055306;0;7;0;0;2;6;10;B01
201200055306;0;33;0;0;2;1;1;A01
201200055307;0;7;0;0;0;3;1;A01
201200055308;0;7;0;0;2;2;15;A01
201200055308;0;32;0;0;2;1;1;B01
201200055309;0;33;0;0;2;7;23;B01
201200055309;0;7;0;0;2;3;13;A01
201200055310;0;7;0;0;1;2;1;A01
201200055311;0;32;0;0;1;8;1;A01
201200055312;0;1;0;0;2;1;1;A01
201200055312;1;30;0;0;2;1;5;Z01
201200055313;0;10;0;0;1;3;15;A01
201200055314;0;7;0;0;1;3;15;A01
201200055315;0;7;0;0;2;4;23;A01
201200055315;0;1;0;0;2;1;2;B01
201200055316;0;34;0;0;0;2;1;A01
201200055317;1;7;0;0;2;1;10;Z01
201200055317;0;32;0;0;2;2;1;A01
201200055318;0;13;0;0;1;6;4;A01
201200055319;0;37;1;0;2;5;7;A01
201200055319;0;30;0;0;2;6;18;B01
201200055320;0;1;0;0;2;2;5;A01
201200055320;0;7;0;0;2;2;1;B01
201200055321;0;1;0;0;2;3;1;A01
201200055321;0;32;0;0;2;2;17;B01
201200055322;0;7;0;0;2;2;1;A01
201200055322;0;30;0;0;2;1;1;B01
201200055323;0;1;0;0;2;2;16;A01
201200055323;0;7;0;0;2;3;1;B01
201200055324;0;7;0;0;2;4;23;B01
201200055324;0;32;0;0;2;1;1;A01
201200055325;0;38;2;0;2;2;16;A01
201200055325;0;1;0;0;2;1;1;B01
201200055326;0;32;0;0;2;0;23;A01
201200055326;1;7;0;0;2;0;4;B01
201200055327;0;31;0;14;0;1;13;A01
201200055328;0;30;0;0;2;6;15;B01
201200055328;0;7;0;0;2;2;1;A01
201200055329;0;30;0;12;0;2;18;A01
201200055330;0;32;0;0;2;4;2;A01
201200055330;1;7;0;0;2;1;2;Z01
201200055331;0;32;0;0;2;1;7;B01
201200055331;0;7;0;0;2;2;15;A01
201200055332;0;14;0;0;2;2;1;B01
201200055332;0;10;0;0;2;3;22;A01
201200055333;0;10;0;0;2;7;4;B01
201200055333;0;30;0;1;2;2;18;A01
201200055334;0;2;0;0;0;7;1;A01
201200055335;0;7;0;0;2;3;1;B01
201200055335;0;32;0;0;2;7;16;A01
201200055336;0;7;0;0;2;2;16;A01
201200055336;0;33;0;0;2;8;18;B01
201200055337;0;7;0;0;2;3;15;A01
201200055337;0;30;0;0;2;1;15;B01
201200055338;0;10;0;0;1;6;1;A01
201200055339;0;34;0;0;1;1;1;B01
201200055339;0;30;0;0;2;1;9;A01
201200055340;0;7;0;11;0;8;1;A01
201200055341;0;2;0;0;1;2;1;A01
201200055342;0;7;0;0;1;1;1;A01
201200055343;0;1;0;1;1;1;1;A01
201200055344;0;7;0;0;1;8;4;A01
201200055345;0;7;0;0;1;1;1;A01
201200055346;0;10;0;0;1;6;15;A01
201200055347;0;1;0;0;2;1;1;B01
201200055347;0;13;0;0;9;2;16;A01
201200055348;0;7;0;0;2;5;5;B01
201200055348;0;31;0;0;2;1;1;A01
201200055349;0;32;0;0;1;8;1;A01
201200055350;0;7;0;0;2;2;15;B01
201200055350;0;32;0;0;2;3;18;A01
201200055351;0;34;0;0;2;3;1;B01
201200055351;1;7;0;0;2;2;1;A01
201200055352;0;7;0;0;2;2;15;A01
201200055352;0;2;0;0;2;1;1;B01
201200055353;0;7;0;0;1;1;7;A01
201200055354;0;7;0;0;2;7;16;B01
201200055354;0;30;0;0;2;3;18;A01
201200055355;0;7;0;0;2;2;12;A01
201200055355;0;33;0;0;2;8;7;B01
201200055356;1;1;0;0;1;0;1;A01
201200055357;1;1;0;0;1;1;5;Z01
201200055358;0;7;0;0;1;4;20;A01
201200055359;0;32;0;0;2;3;1;B01
201200055359;0;7;0;0;2;2;1;A01
201200055360;0;34;0;12;0;1;1;A01
201200055361;0;7;0;0;2;6;4;A01
201200055361;0;32;0;0;2;1;1;B01
201200055362;0;10;0;0;2;1;9;B01
201200055362;0;30;0;0;2;3;1;A01
201200055363;0;2;0;0;2;1;2;A01
201200055363;0;7;0;0;2;6;23;B01
201200055364;0;1;0;0;2;1;1;B01
201200055364;0;10;0;0;2;3;22;A01
201200055365;0;7;0;15;1;1;1;A01
201200055366;0;7;0;0;2;0;15;A01
201200055366;0;1;0;0;2;0;1;B01
201200055367;0;1;0;0;0;7;15;A01
201200055368;0;7;0;11;0;1;1;A01
201200055369;0;32;0;0;2;1;1;A01
201200055369;0;7;0;0;2;4;23;B01
201200055370;0;1;0;0;2;1;1;A01
201200055370;0;7;0;0;2;3;1;B01
201200055371;0;7;0;0;1;1;1;A01
201200055372;0;7;0;0;1;6;4;A01
201200055373;0;32;0;0;1;2;1;A01
201200055374;1;14;0;0;2;2;2;Z01
201200055374;0;30;0;0;2;6;2;A01
201200055375;1;30;0;0;2;0;2;Z01
201200055375;0;32;0;0;2;4;2;A01
201200055376;0;30;0;0;0;0;1;A01
201200055377;0;7;0;8;0;1;1;A01
201200055378;0;32;0;0;1;1;1;A01
201200055379;0;7;0;0;2;3;9;A01
201200055379;0;32;0;0;2;1;1;B01
201200055380;0;10;0;0;1;2;15;A01
201200055381;0;7;0;0;2;2;1;A01
201200055381;0;7;0;0;2;3;9;B01
201200055382;0;1;0;0;2;1;1;B01
201200055382;0;7;0;0;2;7;16;A01
201200055383;0;30;0;12;0;2;15;A01
201200055384;0;10;0;0;2;6;23;B01
201200055384;0;32;0;0;2;2;2;A01
201200055385;0;1;0;0;1;1;1;A01
201200055386;0;30;0;0;2;7;18;B01
201200055386;0;7;0;0;2;2;16;A01
201200055387;0;7;0;0;2;3;1;B01
201200055387;0;10;0;0;2;2;1;A01
201200055388;0;1;0;0;2;4;2;A01
201200055388;1;34;0;0;2;1;2;Z01
201200055389;0;1;0;0;2;7;1;A01
201200055389;1;33;0;0;2;1;1;Z01
201200055390;1;34;0;0;1;1;1;Z01
201200055391;0;7;0;0;1;6;4;A01
201200055392;0;7;0;0;2;2;2;A01
201200055392;0;10;0;0;2;6;2;B01
201200055393;0;32;0;0;2;1;2;A01
201200055393;0;7;0;0;2;5;23;B01
201200055394;0;7;0;0;1;2;1;A01
201200055395;0;7;0;0;2;5;16;A01
201200055395;0;1;0;0;2;3;1;B01
201200055396;0;10;0;0;1;1;1;A01
201200055397;1;1;0;0;2;1;1;Z01
201200055397;0;1;0;0;2;7;1;A01
201200055398;0;30;0;0;1;1;1;A01
201200055399;0;7;0;0;2;6;20;B01
201200055399;0;34;0;0;2;2;2;A01
201200055400;0;7;0;14;2;1;2;A01
201200055400;0;7;0;14;2;9;23;B01
201200055400;0;2;0;0;2;4;23;C01
201200055401;0;1;0;8;0;1;1;A01
201200055402;0;7;0;0;2;5;15;A01
201200055402;0;32;0;0;2;1;1;B01
201200055403;0;7;0;1;0;1;13;A01
201200055404;0;30;0;0;2;1;1;A01
201200055404;0;7;0;0;2;3;16;B01
201200055405;0;2;0;0;0;0;1;A01
201200055406;0;1;0;0;1;1;1;A01
201200055407;0;7;0;0;1;1;1;A01
201200055408;1;7;0;0;1;4;20;Z01
201200055409;1;7;0;0;0;0;14;Z01
201200055409;0;30;0;0;0;7;1;A01
201200055410;0;7;0;0;2;3;15;A01
201200055410;0;1;0;0;2;1;1;B01
201200055411;0;7;0;0;2;1;1;A01
201200055411;2;10;0;0;2;2;1;Z01
201200055412;1;2;0;0;1;0;1;Z01
201200055413;0;30;0;0;2;0;17;B01
201200055413;0;2;0;0;2;1;1;A01
201200055414;1;30;0;0;1;1;7;Z01
201200055415;1;32;0;0;2;0;1;Z01
201200055415;0;1;0;0;2;8;1;A01
201200055416;0;7;0;0;1;2;1;A01
201200055417;0;30;0;12;0;0;14;A01
201200055418;0;7;0;0;2;3;15;B01
201200055418;0;30;0;0;2;1;1;A01
201200055419;0;7;0;14;0;3;15;A01
201200055419;0;30;0;0;2;1;17;B01
201200055420;0;32;0;0;0;0;21;A01
201200055421;0;7;0;0;1;5;1;A01
201200055422;0;7;0;0;2;1;2;A01
201200055422;0;2;0;0;2;4;2;B01
201200055423;0;7;0;0;2;4;20;A01
201200055423;0;1;0;0;2;1;1;B01
201200055424;0;2;0;0;2;5;16;B01
201200055424;0;30;0;0;2;1;7;A01
201200055425;0;31;0;0;1;1;1;A01
201200055426;0;1;0;0;2;7;1;A01
201200055426;0;7;0;0;2;1;1;B01
201200055427;0;7;0;0;2;3;1;B01
201200055427;0;30;0;0;2;1;1;A01
201200055428;0;7;0;0;1;3;15;A01
201200055429;0;30;0;0;0;0;1;A01
201200055430;0;30;0;0;0;7;1;A01
201200055431;0;7;0;0;1;0;1;A01
201200055432;0;7;0;0;2;6;11;A01
201200055432;0;2;0;0;2;1;1;B01
201200055433;0;34;0;0;2;1;1;B01
201200055433;0;7;0;0;2;3;9;A01
201200055434;0;32;0;0;0;0;1;A01
201200055435;0;7;0;0;2;3;10;A01
201200055435;0;1;0;0;2;1;1;B01
201200055436;0;7;0;0;2;7;14;A01
201200055436;0;1;0;0;2;8;1;B01
201200055437;0;7;0;0;1;2;1;A01
201200055438;0;7;0;0;1;3;1;A01
201200055439;0;7;0;0;9;0;10;A01
201200055439;0;30;0;0;2;1;1;B01
201200055440;0;32;0;0;2;1;1;A01
201200055440;0;32;0;0;0;4;23;B01
201200055441;0;32;0;8;0;1;1;A01
201200055442;0;37;1;0;1;2;1;A01
201200055443;0;7;0;0;1;4;4;A01
201200055444;0;30;0;0;0;2;1;A01
201200055444;0;10;0;0;0;4;23;B01
201200055445;0;32;0;0;0;0;21;A01
201200055446;0;7;0;11;0;1;1;A01
201200055447;0;2;0;0;0;7;1;A01
201200055448;0;30;0;0;1;1;1;A01
201200055449;0;31;0;0;1;1;17;A01
201200055450;0;7;0;9;0;3;1;A01
201200055451;0;30;0;0;0;0;1;A01
201200055452;0;7;0;9;0;1;1;A01
201200055453;0;1;0;0;2;2;2;B01
201200055453;0;10;0;0;2;6;4;A01
201200055454;0;7;0;0;1;1;15;A01
201200055455;0;2;0;0;2;1;7;B01
201200055455;0;7;0;0;2;2;15;A01
201200055456;0;1;0;1;0;1;1;B01
201200055456;0;7;0;0;0;8;22;A01
201200055457;0;32;0;0;1;1;2;A01
201200055458;0;7;0;0;1;4;4;A01
201200055459;0;32;0;0;2;1;1;B01
201200055459;0;7;0;0;2;8;9;A01
201200055460;0;10;0;0;1;6;4;A01
201200055461;1;2;0;0;1;1;1;Z01
201200055462;0;30;0;0;2;1;1;A01
201200055462;0;7;0;0;2;5;4;B01
201200055463;0;7;0;0;1;3;1;A01
201200055464;0;7;0;0;1;1;1;A01
201200055465;0;7;0;0;2;2;16;A01
201200055465;0;32;0;0;2;3;18;B01
201200055466;0;32;0;0;0;0;1;A01
201200055467;0;1;0;0;2;1;2;A01
201200055467;0;7;0;0;2;4;23;B01
201200055468;0;32;0;0;2;2;21;A01
201200055468;0;37;1;0;2;3;23;B01
201200055469;0;32;0;0;2;6;1;A01
201200055469;1;7;0;0;2;1;1;Z01
201200055470;0;1;0;0;2;1;17;A01
201200055470;0;1;0;0;2;8;13;B01
201200055471;1;2;0;0;1;3;1;Z01
201200055472;0;7;0;0;2;1;15;B01
201200055472;0;32;0;0;2;1;1;A01
201200055473;0;2;0;0;2;1;1;A01
201200055473;0;7;0;0;2;3;15;B01
201200055474;0;7;0;0;2;1;1;A01
201200055474;0;34;0;0;2;4;23;B01
201200055475;0;32;0;0;0;2;1;B01
201200055475;0;30;0;0;0;1;1;A01
201200055476;0;7;0;0;2;3;9;A01
201200055476;0;32;0;0;2;1;1;B01
201200055477;0;32;0;14;0;8;11;A01
201200055478;0;7;0;0;2;8;15;A01
201200055478;0;32;0;0;2;1;1;B01
201200055479;0;10;0;0;2;8;15;B01
201200055479;0;31;0;0;2;7;17;A01
201200055480;0;31;0;0;2;1;1;B01