num_acc;senc;catv;occutc;obs;obsm;choc;manv;num_veh
201200055480;0;7;0;0;2;2;15;A01
201200055481;0;7;0;0;2;2;16;A01
201200055481;0;1;0;0;2;3;1;B01
201200055482;0;1;0;0;1;0;7;A01
201200055483;0;7;0;0;2;3;15;A01
201200055483;0;32;0;0;2;8;1;B01
201200055484;0;7;0;0;1;2;1;A01
201200055485;0;7;0;0;2;8;1;B01
201200055485;0;7;0;0;2;1;1;A01
201200055485;0;7;0;0;2;1;1;C01
201200055486;0;10;0;0;1;1;1;A01
201200055487;0;7;0;0;2;4;23;B01
201200055487;0;32;0;0;2;1;2;A01
201200055488;0;37;0;0;1;0;1;A01
201200055489;0;31;0;0;0;7;1;A01
201200055490;0;31;0;0;0;1;1;A01
201200055491;0;2;0;0;1;1;1;A01
201200055492;0;37;20;0;1;2;7;A01
201200055493;0;33;0;0;1;3;1;A01
201200055494;0;32;0;0;2;1;1;B01
201200055494;0;1;0;0;0;4;11;A01
201200055495;0;34;0;0;1;1;1;A01
201200055496;0;32;0;0;2;1;2;A01
201200055496;0;14;0;0;2;5;23;B01
201200055497;0;10;0;0;2;2;15;B01
201200055497;0;33;0;0;2;1;1;A01
201200055498;0;32;0;0;2;7;7;B01
201200055498;0;32;0;0;2;6;9;A01
201200055499;0;32;0;0;2;1;1;B01
201200055499;0;7;0;0;2;8;9;A01
201200055500;0;10;0;0;1;1;9;A01
201200055501;0;32;0;0;0;8;1;A01
201200055502;1;30;0;0;1;1;1;Z01
201200055503;0;32;0;0;0;0;1;A01
201200055504;0;10;0;0;1;1;15;A01
201200055505;0;7;0;0;1;3;9;A01
201200055506;0;7;0;1;0;2;14;A01
201200055507;0;32;0;0;0;0;1;A01
201200055508;0;31;0;0;0;1;1;A01
201200055509;0;30;0;0;0;7;1;A01
201200055510;1;7;0;0;1;6;4;Z01
201200055511;0;32;0;0;2;3;1;A01
201200055511;1;7;0;0;2;0;12;Z01
201200055512;0;7;0;0;2;0;1;A01
201200055512;1;7;0;0;2;0;1;Z01
201200055513;0;7;0;0;2;6;10;B01
201200055513;0;30;0;0;2;7;17;A01
201200055514;0;32;0;1;2;2;1;A01
201200055514;1;7;0;0;2;8;13;Z01
201200055515;0;30;0;1;0;1;13;A01
201200055516;0;30;0;0;2;1;1;A01
201200055516;0;7;0;0;2;4;1;B01
201200055517;0;30;0;0;1;1;1;A01
201200055518;1;7;0;0;1;3;1;Z01
201200055519;0;30;0;0;2;8;1;A01
201200055519;1;7;0;0;2;1;1;Z01
201200055520;0;32;0;0;0;1;7;A01
201200055521;0;7;0;0;2;1;1;A01
201200055521;0;1;0;0;2;1;1;B01
201200055522;0;10;0;0;2;5;2;B01
201200055522;0;32;0;0;2;1;2;A01
201200055523;0;7;0;0;2;8;15;B01
201200055523;0;32;0;0;2;2;17;A01
201200055524;1;7;0;0;1;0;1;Z01
201200055525;0;30;0;0;1;1;1;A01
201200055526;0;32;0;0;2;1;1;A01
201200055526;0;10;0;0;2;8;1;B01
201200055527;0;7;0;0;1;2;1;A01
201200055528;0;32;0;0;2;2;17;A01
201200055528;0;7;0;0;2;3;5;B01
201200055529;0;37;30;1;0;7;17;A01
201200055529;0;7;0;2;2;3;22;B01
201200055530;0;30;0;0;1;1;1;A01
201200055531;0;10;0;0;0;0;15;A01
201200055532;0;30;0;0;1;1;17;A01
201200055533;0;2;0;0;2;1;1;A01
201200055533;0;7;0;0;0;5;23;B01
201200055534;0;10;0;0;1;2;1;A01
201200055535;0;32;0;0;2;2;17;B01
201200055535;0;7;0;0;0;3;11;A01
201200055536;0;33;0;0;0;7;1;A01
201200055537;0;7;0;0;2;2;1;A01
201200055537;0;30;0;0;2;6;1;B01
201200055538;0;33;0;0;2;8;1;B01
201200055538;0;7;0;0;2;2;16;A01
201200055539;0;1;0;0;0;1;1;A01
201200055540;0;32;0;0;0;0;1;A01
201200055541;0;32;0;0;1;1;1;A01
201200055542;0;30;0;0;2;1;1;B01
201200055542;0;7;0;0;2;2;15;A01
201200055543;0;7;0;0;2;2;2;A01
201200055543;0;32;0;0;2;0;2;B01
201200055544;0;1;0;0;2;8;1;B01
201200055544;0;7;0;0;2;8;22;A01
201200055545;0;7;0;0;2;2;1;A01
201200055545;0;32;0;0;2;1;1;B01
201200055546;0;30;0;0;0;9;1;A01
201200055547;0;3;0;0;2;3;15;A01
201200055547;0;32;0;0;2;2;1;B01
201200055548;0;32;0;14;0;3;17;A01
201200055549;0;7;0;0;2;3;15;A01
201200055549;0;7;0;0;2;7;17;B01
201200055550;0;7;0;0;2;7;22;A01
201200055550;0;34;0;0;2;1;18;B01
201200055551;0;37;1;0;1;2;1;A01
201200055552;1;7;0;0;2;7;16;Z01
201200055552;0;2;0;0;2;1;1;A01
201200055553;0;7;0;0;1;2;1;A01
201200055554;0;32;0;0;2;1;1;A01
201200055554;0;7;0;0;2;3;22;B01
201200055555;0;32;0;0;1;3;1;A01
201200055556;0;1;0;0;2;3;13;A01
201200055556;0;7;0;0;2;0;15;C01
201200055556;0;37;1;0;2;7;1;B01
201200055557;0;10;0;0;1;3;7;A01
201200055558;0;33;0;0;2;6;2;A01
201200055558;0;7;0;0;2;6;23;B01
201200055559;0;7;0;0;2;3;10;A01
201200055559;0;33;0;0;2;1;17;B01
201200055560;0;30;0;0;1;1;17;A01
201200055561;0;1;0;8;2;8;1;A01
201200055561;1;7;0;0;2;0;17;Z01
201200055562;0;32;0;0;2;2;1;B01
201200055562;0;7;0;0;2;3;10;A01
201200055563;1;7;0;0;1;1;16;Z01
201200055564;0;7;0;0;1;1;1;A01
201200055565;0;7;0;0;2;3;15;A01
201200055565;0;31;0;0;2;1;1;B01
201200055566;0;7;0;0;1;1;15;A01
201200055567;0;31;0;0;0;0;1;A01
201200055568;0;7;0;0;2;6;2;B01
201200055568;0;2;0;0;2;1;2;A01
201200055569;0;7;0;8;0;1;14;A01
201200055570;0;7;0;0;2;8;15;B01
201200055570;0;2;0;0;2;0;17;A01
201200055571;0;32;0;12;0;1;14;A01
201200055572;0;7;0;0;2;8;14;A01
201200055572;0;7;0;0;2;7;23;C01
201200055572;0;33;0;0;2;2;23;B01
201200055573;0;1;0;8;0;2;15;A01
201200055574;0;7;0;0;2;2;1;A01
201200055574;0;2;0;0;2;6;1;B01
201200055575;0;2;0;0;0;0;18;A01
201200055576;0;7;0;0;1;7;1;A01
201200055577;0;34;0;0;2;1;5;A01
201200055577;0;7;0;0;2;3;15;B01
201200055578;0;7;0;0;2;3;10;A01
201200055578;0;33;0;0;2;7;17;B01
201200055579;0;33;0;0;2;7;17;B01
201200055579;0;7;0;0;2;6;22;A01
201200055580;0;34;0;0;1;2;1;A01
201200055581;0;30;0;0;2;8;15;A01
201200055581;0;34;0;0;2;2;1;B01
201200055582;0;31;0;0;2;1;17;A01
201200055582;0;7;0;0;2;3;13;B01
201200055583;0;10;0;0;1;1;1;A01
201200055584;0;32;0;0;1;2;17;A01
201200055585;0;7;0;0;2;5;1;A01
201200055585;0;33;0;0;2;1;1;B01
201200055586;0;7;0;0;0;3;1;A01
201200055586;0;1;0;0;2;2;14;B01
201200055587;0;1;0;1;0;1;1;B01
201200055587;0;7;0;0;2;8;22;A01
201200055588;1;10;0;0;0;0;1;A01
201200055588;0;7;0;0;0;4;23;B01
201200055588;0;7;0;0;0;4;23;C01
201200055589;0;32;0;0;2;1;15;A01
201200055589;0;7;0;0;2;3;1;B01
201200055590;0;10;0;0;2;2;1;A01
201200055590;0;32;0;0;2;0;1;B01
201200055591;0;7;0;0;2;8;15;A01
201200055591;0;32;0;0;2;1;17;B01
201200055592;0;7;0;0;1;2;1;A01
201200055593;0;10;0;0;2;2;1;A01
201200055593;0;33;0;0;2;1;1;B01
201200055594;0;32;0;0;2;2;1;B01
201200055594;0;7;0;0;2;6;9;A01
201200055595;1;32;0;0;1;0;1;Z01
201200055596;0;32;0;0;2;1;1;A01
201200055596;0;7;0;0;2;3;1;B01
201200055597;0;32;0;0;2;4;23;B01
201200055597;0;10;0;0;2;1;2;A01
201200055598;0;30;0;0;2;8;1;B01
201200055598;0;2;0;0;2;0;11;A01
201200055599;0;30;0;0;1;1;1;A01
201200055600;0;30;0;0;2;1;9;A01
201200055600;0;30;0;0;2;2;1;B01
201200055601;0;7;0;0;2;2;1;A01
201200055601;0;30;0;0;2;9;1;B01
201200055602;0;10;0;0;2;4;23;B01
201200055602;0;30;0;0;2;1;1;A01
201200055603;0;34;0;0;2;1;1;B01
201200055603;0;32;0;0;2;7;15;A01
201200055604;0;7;0;0;2;8;11;A01
201200055604;0;34;0;0;2;7;5;B01
201200055605;0;32;0;0;2;2;17;B01
201200055605;0;7;0;0;2;3;10;A01
201200055606;0;1;0;0;0;0;1;A01
201200055607;0;1;0;0;0;0;1;A01
201200055608;0;31;0;0;2;5;17;B01
201200055608;0;7;0;0;2;3;13;A01
201200055609;0;31;0;0;2;1;1;B01
201200055609;0;31;0;0;2;1;1;A01
201200055610;0;10;0;0;2;3;15;A01
201200055610;0;32;0;0;2;1;1;B01
201200055611;0;10;0;0;1;8;15;A01
201200055612;0;32;0;0;1;1;1;A01
201200055613;0;2;0;0;1;0;1;A01
201200055614;1;7;0;0;2;7;16;A01
201200055614;0;30;0;0;2;7;18;B01
201200055615;1;30;0;0;1;0;1;Z01
201200055616;0;30;0;1;0;2;14;A01
201200055617;0;7;0;0;2;3;15;A01
201200055617;0;32;0;0;2;2;17;B01
201200055618;0;7;0;0;2;7;12;A01
201200055618;0;33;0;0;2;8;18;B01
201200055619;0;1;0;1;0;7;1;B01
201200055619;0;7;0;0;2;3;22;A01
201200055620;0;10;0;0;0;0;1;A01
201200055620;0;32;0;0;2;1;1;B01
201200055621;0;33;0;0;2;1;2;B01
201200055621;0;7;0;0;2;1;5;A01
201200055621;0;7;0;0;2;1;2;C01
201200055622;0;1;0;0;2;3;13;B01
201200055622;0;14;0;0;2;2;17;A01
201200055623;0;32;0;0;2;4;20;A01
201200055623;1;7;0;0;2;2;2;Z01
201200055624;0;2;0;1;2;0;17;A01
201200055624;0;7;0;0;2;0;1;B01
201200055625;0;1;0;0;2;1;1;B01
201200055625;0;7;0;0;2;3;22;A01
201200055626;0;34;0;0;0;8;17;A01
201200055627;0;32;0;0;2;1;17;A01
201200055627;0;7;0;0;2;6;15;B01
201200055628;0;1;0;1;2;1;18;B01
201200055628;0;7;0;0;2;1;15;A01
201200055629;0;1;0;0;2;1;1;A01
201200055629;0;7;0;0;2;2;15;B01
201200055630;0;33;0;0;1;3;18;A01
201200055631;0;7;0;0;1;4;4;A01
201200055632;0;1;0;0;0;0;1;A01
201200055633;0;7;0;0;1;2;1;A01
201200055634;0;2;0;1;0;1;18;A01
201200055635;0;37;10;0;2;8;13;A01
201200055635;0;31;0;0;2;2;23;B01
201200055635;0;7;0;0;2;2;23;C01
201200055636;0;30;0;0;1;1;1;A01
201200055637;1;34;0;0;1;7;1;Z01
201200055638;0;30;0;0;1;1;17;A01
201200055639;0;32;0;0;0;7;1;A01
201200055640;0;14;0;0;2;2;1;A01
201200055640;0;7;0;0;2;1;1;B01
201200055641;0;7;0;0;1;5;1;A01
201200055642;0;10;0;0;0;2;1;B01
201200055642;0;32;0;0;2;4;1;A01
201200055643;0;33;0;0;0;3;15;A01
201200055644;0;33;0;0;2;1;1;B01
201200055644;0;7;0;0;2;2;15;A01
201200055645;0;7;0;0;0;3;1;A01
201200055646;0;32;0;0;2;3;1;A01
201200055646;0;31;0;0;2;8;23;C01
201200055646;0;7;0;0;2;4;23;B01
201200055647;1;7;0;0;2;8;15;Z01
201200055647;0;32;0;0;2;5;1;A01
201200055648;0;32;0;0;2;1;2;A01
201200055648;0;32;0;0;2;4;23;B01
201200055649;0;1;0;0;2;8;1;B01
201200055649;0;7;0;0;2;1;15;A01
201200055650;0;1;0;0;2;8;1;B01
201200055650;0;7;0;0;2;2;1;A01
201200055651;0;10;0;0;1;2;1;A01
201200055652;0;7;0;0;2;8;15;A01
201200055652;0;33;0;0;2;1;1;B01
201200055653;0;7;0;0;2;3;16;B01
201200055653;0;1;0;0;2;1;1;A01
201200055654;0;7;0;0;2;3;9;A01
201200055654;0;1;0;0;2;1;1;B01
201200055655;1;7;0;0;1;7;1;Z01
201200055656;0;7;0;1;0;2;14;A01
201200055657;0;7;0;0;2;3;1;A01
201200055657;0;1;0;0;2;2;19;B01
201200055658;0;7;0;0;1;3;15;A01
201200055659;0;31;0;0;2;7;1;A01
201200055659;0;7;0;0;2;3;1;B01
201200055660;0;7;0;0;2;3;1;B01
201200055660;0;2;0;0;2;1;1;A01
201200055661;0;7;0;0;2;3;15;A01
201200055661;0;34;0;0;2;1;17;B01
201200055662;0;1;0;0;0;0;21;A01
201200055663;0;1;0;0;0;0;1;A01
201200055664;0;7;0;0;2;3;15;A01
201200055664;0;32;0;0;2;3;17;B01
201200055665;0;30;0;0;1;1;1;A01
201200055666;0;7;0;0;2;5;1;A01
201200055666;0;33;0;0;2;8;1;B01
201200055667;0;13;0;0;2;5;14;A01
201200055667;0;1;0;0;2;1;23;B01
201200055668;0;37;40;0;2;1;2;A01
201200055668;0;7;0;0;2;4;2;B01
201200055669;0;7;0;0;1;5;4;A01
201200055670;0;32;0;0;2;2;1;B01
201200055670;0;7;0;0;2;3;10;A01
201200055671;0;33;0;0;2;1;1;B01
201200055671;0;7;0;0;2;2;15;A01
201200055672;0;7;0;0;2;1;1;A01
201200055672;0;32;0;0;2;1;1;D01
201200055672;0;32;0;0;2;8;1;C01
201200055672;0;7;0;0;2;8;1;B01
201200055673;0;2;0;0;2;8;1;B01
201200055673;0;7;0;0;2;2;16;A01
201200055674;0;7;0;0;1;1;1;A01
201200055675;0;31;0;0;2;0;2;B01
201200055675;0;1;0;0;2;0;10;A01
201200055676;0;7;0;1;0;2;1;A01
201200055677;0;10;0;0;2;2;16;A01
201200055677;0;31;0;0;2;8;18;B01
201200055678;0;31;0;0;2;6;15;A01
201200055678;0;7;0;0;2;1;1;B01
201200055679;0;30;0;0;2;2;15;A01
201200055679;0;32;0;0;2;3;1;B01
201200055680;0;1;0;0;2;1;2;B01
201200055680;0;30;0;0;2;1;2;A01
201200055681;0;1;0;0;0;1;7;A01
201200055681;0;1;0;0;0;4;7;B01
201200055682;2;32;0;0;2;1;17;Z01
201200055682;0;30;0;0;2;8;15;A01
201200055683;0;7;0;0;0;3;9;A01
201200055683;0;32;0;0;2;1;1;B01
201200055684;0;7;0;0;2;3;9;B01
201200055684;0;32;0;0;2;2;1;A01
201200055685;0;7;0;0;1;4;4;A01
201200055686;0;7;0;0;2;1;2;A01
201200055686;0;1;0;0;2;4;23;B01
201200055687;1;1;0;0;1;1;1;Z01
201200055688;1;32;0;0;2;3;17;Z01
201200055688;0;1;0;0;2;8;15;A01
201200055689;0;7;0;0;1;2;1;A01
201200055690;0;31;0;0;2;1;1;B01
201200055690;0;7;0;0;2;2;9;A01
201200055691;0;30;0;0;2;1;17;A01
201200055691;0;7;0;0;2;3;1;B01
201200055692;0;7;0;0;2;8;9;A01
201200055692;0;30;0;1;2;1;1;B01
201200055693;0;10;0;0;1;1;1;A01
201200055694;0;31;0;0;0;2;1;A01
201200055695;0;7;0;0;2;3;22;B01
201200055695;0;1;0;1;0;1;1;A01
201200055696;0;32;0;0;1;7;1;A01
201200055697;0;32;0;0;2;1;1;B01
201200055697;0;7;0;0;2;7;15;A01
201200055698;0;10;0;0;2;8;1;B01
201200055698;0;33;0;0;2;2;17;A01
201200055699;0;7;0;0;2;1;1;A01
201200055699;0;7;0;0;2;3;1;B01
201200055700;0;7;0;0;2;3;9;A01
201200055700;0;34;0;0;2;1;1;B01
201200055701;0;7;0;0;2;4;23;C01
201200055701;0;7;0;0;2;1;1;A01
201200055701;0;7;0;0;2;4;23;B01
201200055702;0;7;0;0;1;1;15;A01
201200055703;0;32;0;0;2;2;17;B01
201200055703;0;7;0;0;2;3;15;A01
201200055704;0;7;0;0;2;3;22;A01
201200055704;0;1;0;1;0;1;1;B01
201200055705;0;2;0;0;0;2;21;A01
201200055706;0;32;0;0;1;1;1;A01
201200055707;1;30;0;0;1;0;1;Z01
201200055708;0;7;0;0;1;4;20;A01
201200055709;0;1;0;0;0;0;1;A01
201200055710;0;33;0;0;0;7;21;A01
201200055711;0;30;0;0;0;2;1;A01
201200055712;0;1;0;12;0;0;1;A01
201200055713;0;32;0;1;2;2;1;B01
201200055713;0;7;0;0;2;3;9;A01
201200055714;0;2;0;0;0;0;1;A01
201200055715;0;7;0;0;1;1;1;A01
201200055716;0;31;0;0;2;7;18;A01
201200055716;0;7;0;0;2;7;16;B01
201200055717;0;2;0;0;1;3;1;A01
201200055718;0;30;0;0;2;2;1;B01
201200055718;0;7;0;0;2;2;15;A01
201200055719;0;7;0;0;1;2;16;A01
201200055720;0;7;0;0;1;2;15;A01
201200055721;0;32;0;0;0;6;15;B01
201200055721;0;7;0;0;2;1;1;A01
201200055722;0;30;0;0;1;1;1;A01
201200055723;0;33;0;0;2;1;1;B01
201200055723;0;7;0;0;2;5;15;A01
201200055724;0;7;0;0;1;2;1;A01
201200055725;0;32;0;0;2;8;17;A01
201200055725;0;10;0;0;2;6;1;B01
201200055726;0;10;0;0;2;1;1;B01
201200055726;0;2;0;0;2;5;1;A01
201200055727;0;7;0;0;2;6;24;B01
201200055727;0;7;0;0;2;2;14;A01
201200055728;0;10;0;0;2;6;23;B01
201200055728;0;2;0;0;2;1;2;A01
201200055729;0;30;0;1;2;2;17;A01
201200055729;0;7;0;0;2;3;1;B01
201200055730;0;1;0;0;1;1;1;A01
201200055731;0;7;0;0;2;1;1;B01
201200055731;0;7;0;0;2;2;1;A01
201200055732;0;10;0;0;1;4;4;A01
201200055733;0;32;0;0;2;8;1;A01
201200055733;0;7;0;0;2;2;16;B01
201200055734;0;34;0;0;0;8;1;A01
201200055735;0;7;0;0;2;1;15;A01
201200055735;0;32;0;0;2;2;1;B01
201200055736;0;7;0;0;2;2;1;A01
201200055736;0;30;0;0;2;8;1;B01
201200055737;0;7;0;0;2;1;7;B01
201200055737;0;34;0;0;2;1;1;A01
201200055738;0;33;0;0;2;3;18;A01
201200055738;0;7;0;0;2;2;16;B01
201200055739;0;7;0;0;2;7;15;A01
201200055739;0;33;0;0;2;1;1;B01
201200055740;0;7;0;0;1;2;15;A01
201200055741;0;7;0;0;2;8;24;B01
201200055741;0;10;0;1;2;2;14;A01
201200055742;1;7;0;0;2;7;22;Z01
201200055742;0;1;0;0;2;1;1;A01
201200055743;0;7;0;0;2;4;15;B01
201200055743;0;32;0;0;2;1;17;A01
201200055744;1;7;0;0;2;0;22;Z01
201200055744;0;1;0;0;2;0;1;A01
201200055745;1;7;0;0;2;2;1;Z01
201200055745;0;32;0;0;2;1;1;A01
201200055746;0;7;0;0;2;2;1;B01
201200055746;0;34;0;0;2;1;7;A01
201200055747;0;7;0;0;1;3;18;A01
201200055748;0;2;0;0;1;2;16;A01
201200055749;0;32;0;0;2;1;1;B01
201200055749;0;10;0;0;2;3;10;A01
201200055750;0;33;0;0;1;1;1;A01
201200055751;0;1;0;0;2;1;1;B01
201200055751;0;7;0;0;2;8;22;A01
201200055752;0;31;0;0;2;5;2;A01
201200055752;0;7;0;0;2;5;2;B01
201200055753;0;7;0;0;1;4;4;A01
201200055754;0;7;0;0;1;1;1;A01
201200055755;1;7;0;0;2;7;16;Z01
201200055755;0;34;0;8;2;7;1;A01
201200055756;0;7;0;1;2;7;1;B01
201200055756;0;7;0;0;2;1;1;A01
201200055757;0;7;0;0;2;6;1;B01
201200055757;0;1;0;0;2;1;1;A01
201200055758;0;32;0;0;2;7;15;A01
201200055758;0;33;0;0;2;3;1;B01
201200055759;0;1;0;0;0;0;1;A01
201200055760;0;10;0;0;2;1;2;A01
201200055760;0;7;0;0;2;3;23;B01
201200055761;0;2;0;0;2;5;17;B01
201200055761;0;7;0;0;2;3;15;A01
201200055762;0;37;1;0;2;3;1;A01
201200055762;2;7;0;0;2;6;1;Z01
201200055763;0;14;0;0;2;5;2;B01
201200055763;0;32;0;0;2;3;2;A01
201200055764;0;32;0;0;0;2;1;A01
201200055765;0;7;0;0;2;8;1;C01
201200055765;0;30;0;0;2;3;17;A01
201200055765;0;7;0;0;2;8;1;B01
201200055766;0;31;0;0;2;7;17;A01
201200055766;0;7;0;0;2;2;15;B01
201200055767;0;7;0;0;0;3;15;B01
201200055767;0;2;0;0;2;1;17;A01
201200055768;0;32;0;0;2;4;23;B01
201200055768;0;30;0;0;2;1;2;A01
201200055769;0;7;0;0;2;5;16;A01
201200055769;1;7;0;0;2;0;2;Z01
201200055770;0;1;0;0;0;0;1;A01
201200055771;0;1;0;0;2;2;14;A01
201200055771;0;7;0;0;2;3;24;B01
201200055772;0;30;0;0;0;0;1;A01
201200055773;0;7;0;0;2;3;15;A01
201200055773;0;32;0;1;2;1;17;B01
201200055774;0;32;0;0;2;3;18;B01
201200055774;0;7;0;0;2;2;14;A01
201200055775;0;1;0;1;0;2;14;A01
201200055776;0;7;0;0;2;3;10;A01
201200055776;0;31;0;0;2;2;1;B01
201200055777;1;30;0;0;1;0;1;Z01
201200055778;0;1;0;0;2;0;21;A01
201200055779;0;7;0;0;2;2;12;A01
201200055779;0;1;0;0;2;3;1;B01
201200055780;0;33;0;0;2;7;3;B01
201200055780;0;32;0;0;2;8;11;A01
201200055780;0;7;0;0;2;4;1;C01
201200055781;0;2;0;0;0;8;1;A01
201200055782;0;7;0;0;0;4;1;C01
201200055782;0;7;0;0;2;4;1;B01
201200055782;0;7;0;0;2;1;1;A01
201200055783;0;7;0;1;2;6;10;A01
201200055783;0;2;0;0;2;2;1;B01
201200055784;0;1;0;0;0;1;21;A01
201200055785;0;7;0;0;2;2;2;A01
201200055785;0;1;0;0;2;4;23;B01
201200055786;0;14;0;0;2;7;16;A01
201200055786;0;1;0;0;2;1;1;B01
201200055787;0;10;0;0;2;5;1;A01
201200055787;0;7;0;0;2;1;1;B01
201200055788;0;7;0;0;1;8;1;A01
201200055789;0;32;0;0;0;7;1;A01
201200055790;0;34;0;0;2;1;17;A01
201200055790;0;7;0;0;2;6;13;B01
201200055791;0;1;0;0;2;1;1;A01
201200055791;0;10;0;0;2;2;1;B01
201200055792;0;30;0;0;2;5;2;A01
201200055792;0;7;0;0;2;6;2;B01
201200055793;0;10;0;0;1;4;4;A01
201200055794;0;32;0;0;2;1;1;B01
201200055794;0;38;1;0;2;8;15;A01
201200055795;0;7;0;0;2;4;23;B01
201200055795;0;30;0;0;2;1;2;A01
201200055796;0;33;0;0;1;3;15;A01
201200055797;0;7;0;0;1;2;1;A01
201200055798;0;32;0;0;0;0;21;A01
201200055799;0;30;0;0;2;0;21;A01
201200055800;1;33;0;0;1;0;1;Z01
201200055801;0;34;0;0;2;2;13;A01
201200055801;0;7;0;0;2;1;1;B01
201200055802;0;32;0;0;2;1;1;A01
201200055802;0;7;0;0;2;2;1;B01
201200055803;0;7;0;0;2;7;15;A01
201200055803;0;33;0;0;2;1;1;B01
201200055804;0;7;0;0;2;5;1;B01
201200055804;0;30;0;0;2;3;13;A01
201200055805;0;7;0;0;2;3;1;B01
201200055805;0;1;0;0;2;1;1;A01
201200055806;0;10;0;0;1;4;4;A01
201200055807;0;13;0;0;0;4;4;A01
201200055808;0;30;0;14;0;0;13;A01
201200055809;0;7;0;0;2;5;14;A01
201200055809;0;30;0;0;0;6;1;B01
201200055810;0;7;0;0;2;2;15;A01
201200055810;0;2;0;0;2;0;1;B01
201200055811;0;1;0;0;2;7;1;B01
201200055811;0;7;0;0;2;3;4;A01
201200055812;0;2;0;0;2;1;1;B01
201200055812;0;7;0;0;2;2;1;A01
201200055813;0;33;0;0;1;0;1;A01
201200055814;0;30;0;0;0;7;1;A01
201200055815;0;2;0;0;2;1;17;A01
201200055815;0;1;0;0;2;4;13;B01
201200055816;0;14;0;0;0;0;22;B01
201200055816;0;1;0;1;0;1;18;A01
201200055817;0;7;0;0;2;4;4;A01
201200055817;0;7;0;0;2;1;15;B01
201200055818;0;7;0;0;1;1;1;A01
201200055819;0;7;0;0;2;2;9;A01
201200055819;0;32;0;1;2;3;1;B01
201200055820;0;32;0;0;1;1;1;A01
201200055821;0;7;0;0;2;3;15;A01
201200055821;0;1;0;0;2;1;1;B01
201200055822;0;33;0;0;2;2;17;B01
201200055822;0;10;0;0;2;8;13;A01
201200055823;0;13;0;0;2;4;2;B01
201200055823;0;1;0;0;2;1;2;A01
201200055824;0;30;0;0;1;2;1;A01
201200055825;0;7;0;0;2;6;16;B01
201200055825;0;32;0;0;2;3;1;A01
201200055826;0;7;0;0;1;4;4;A01
201200055827;0;30;0;0;2;8;1;B01
201200055827;0;7;0;0;0;2;15;A01
201200055828;0;7;0;0;2;6;4;A01
201200055828;0;1;0;0;2;2;7;B01
201200055829;0;1;0;0;1;1;1;A01
201200055830;0;33;0;0;2;1;1;B01
201200055830;0;7;0;0;2;7;15;A01
201200055831;0;33;0;0;0;1;21;A01
201200055832;0;30;0;1;0;1;1;A01
201200055832;0;10;0;0;2;4;23;B01
201200055833;0;7;0;0;2;1;2;B01
201200055833;0;7;0;0;2;6;2;A01
201200055834;0;7;0;0;2;3;22;A01
201200055834;0;1;0;0;2;1;1;B01
201200055835;0;34;0;0;9;8;1;B01
201200055835;0;1;0;0;2;1;5;A01
201200055836;1;7;0;0;1;3;1;Z01
201200055837;0;30;0;0;0;3;1;A01
201200055838;0;30;0;0;0;0;1;A01
201200055839;0;7;0;0;2;2;1;B01
201200055839;0;2;0;0;2;0;1;A01
201200055840;0;7;0;0;1;3;15;A01
201200055841;1;7;0;0;2;1;1;Z01
201200055841;0;33;0;0;2;4;23;A01
201200055842;0;7;0;0;1;3;15;A01
201200055843;0;32;0;0;0;0;21;A01
201200055844;0;1;0;12;0;1;14;A01
201200055845;0;7;0;0;2;8;10;A01
201200055845;0;30;0;0;2;1;1;B01
201200055846;0;34;0;0;1;1;1;A01
201200055847;1;30;0;0;2;2;17;Z01
201200055847;0;2;0;0;2;6;17;A01
201200055848;0;7;0;0;2;1;15;A01
201200055848;0;33;0;0;2;1;1;B01
201200055849;0;33;0;0;2;7;1;B01
201200055849;0;10;0;0;2;0;1;A01
201200055850;0;7;0;0;2;8;15;A01
201200055850;0;30;0;0;2;7;1;B01
201200055851;0;7;0;0;2;1;15;A01
201200055851;0;31;0;0;2;2;1;B01
201200055852;0;34;0;0;2;1;17;B01
201200055852;0;10;0;0;2;3;15;A01
201200055853;0;7;0;0;2;2;22;B01
201200055853;0;32;0;0;2;2;18;A01
201200055854;0;7;0;0;2;3;15;B01
201200055854;0;33;0;0;2;2;17;A01
201200055855;0;30;0;8;0;8;13;A01
201200055856;0;32;0;0;0;0;1;A01
201200055857;0;32;0;0;2;2;1;B01
201200055857;0;7;0;0;2;8;9;A01
201200055858;0;32;0;0;0;0;3;A01
201200055859;0;30;0;0;0;0;1;A01
201200055860;0;31;0;0;2;4;23;B01
201200055860;0;7;0;0;2;2;2;A01
201200055861;0;32;0;0;2;0;1;B01
201200055861;0;7;0;0;2;6;10;A01
201200055862;0;30;0;1;0;7;14;A01
201200055863;0;7;0;0;2;7;22;A01
201200055863;0;32;0;0;2;1;1;B01
201200055864;0;30;0;0;1;1;1;A01
201200055865;0;1;0;0;2;6;1;A01
201200055865;1;7;0;0;0;1;1;Z01
201200055866;0;7;0;0;2;8;15;B01
201200055866;0;34;0;0;2;3;17;A01
201200055867;0;2;0;9;0;1;1;A01
201200055868;0;33;0;0;1;1;1;A01
201200055869;0;30;0;0;0;0;1;A01
201200055870;0;33;0;0;1;1;1;A01