num_acc;senc;catv;occutc;obs;obsm;choc;manv;num_veh
201200055871;0;33;0;0;2;0;21;A01
201200055872;0;2;0;0;0;8;1;A01
201200055872;1;34;0;0;2;2;17;Z01
201200055873;0;7;0;0;0;3;10;A01
201200055873;0;33;0;0;2;1;1;B01
201200055874;0;32;0;0;0;0;21;A01
201200055875;0;32;0;0;2;1;1;A01
201200055875;0;7;0;0;0;9;15;C01
201200055875;0;32;0;0;2;1;23;B01
201200055876;0;32;0;0;2;8;17;B01
201200055876;0;1;0;0;0;8;15;A01
201200055877;0;30;0;8;0;1;13;A01
201200055878;0;10;0;0;2;3;10;A01
201200055878;0;2;0;0;2;0;1;B01
201200055879;0;30;0;0;0;0;1;A01
201200055880;0;2;0;15;9;1;7;A01
201200055881;1;30;0;0;1;1;1;Z01
201200055882;0;7;0;0;1;1;1;A01
201200055883;0;7;0;0;2;1;2;A01
201200055883;0;7;0;0;2;4;2;B01
201200055884;0;30;0;0;1;1;1;A01
201200055885;0;7;0;0;1;4;4;A01
201200055886;0;10;0;0;2;3;10;A01
201200055886;0;32;0;0;2;3;1;B01
201200055887;0;7;0;0;2;4;23;B01
201200055887;0;7;0;0;2;1;2;A01
201200055888;0;1;0;0;2;6;1;A01
201200055888;1;7;0;0;2;0;14;Z01
201200055889;0;32;0;0;2;4;2;A01
201200055889;0;7;0;0;2;4;23;B01
201200055890;0;10;0;0;2;7;15;A01
201200055890;0;32;0;0;2;1;1;B01
201200055891;0;30;0;0;2;1;1;A01
201200055891;1;7;0;0;2;0;15;Z01
201200055892;0;30;0;0;2;3;17;B01
201200055892;0;30;0;0;2;8;17;A01
201200055893;1;1;0;0;1;2;1;Z01
201200055894;0;30;0;0;2;3;1;B01
201200055894;0;7;0;0;2;2;10;A01
201200055895;0;2;0;0;2;5;5;A01
201200055895;0;7;0;0;2;3;15;B01
201200055896;0;2;0;0;2;2;17;B01
201200055896;0;10;0;0;2;7;13;A01
201200055897;0;10;0;0;1;1;1;A01
201200055898;0;33;0;0;1;1;5;A01
201200055899;0;30;0;8;0;1;13;A01
201200055900;0;32;0;0;0;8;21;A01
201200055901;0;7;0;0;0;7;23;C01
201200055901;0;30;0;0;2;7;1;B01
201200055901;0;7;0;0;2;8;22;A01
201200055902;0;34;0;0;0;8;20;A01
201200055903;0;2;0;0;2;4;17;B01
201200055903;0;7;0;0;2;3;2;A01
201200055904;0;7;0;0;2;2;10;A01
201200055904;0;30;0;0;2;3;1;B01
201200055905;0;7;0;0;1;3;1;A01
201200055906;0;32;0;0;2;7;17;A01
201200055906;0;10;0;0;2;3;15;B01
201200055907;0;30;0;0;2;1;1;B01
201200055907;0;33;0;0;2;7;1;A01
201200055908;0;2;0;0;2;1;1;A01
201200055908;0;7;0;0;2;8;16;B01
201200055909;0;7;0;0;2;3;22;A01
201200055909;0;30;0;0;2;1;1;B01
201200055910;0;30;0;0;2;1;13;A01
201200055910;0;7;0;0;2;3;1;B01
201200055911;0;7;0;1;2;1;1;A01
201200055912;0;32;0;0;0;0;21;A01
201200055913;0;2;0;0;2;1;1;A01
201200055913;0;1;0;0;2;2;9;B01
201200055914;0;30;0;0;1;1;1;A01
201200055915;0;7;0;0;2;1;15;A01
201200055915;0;34;0;0;2;3;1;B01
201200055916;0;30;0;0;1;1;1;A01
201200055917;0;34;0;0;2;2;1;B01
201200055917;0;7;0;0;0;3;9;A01
201200055918;0;7;0;0;2;3;1;B01
201200055918;0;1;0;0;2;1;1;A01
201200055919;0;7;0;0;2;1;1;B01
201200055919;0;7;0;0;2;4;13;A01
201200055920;0;33;0;0;2;4;23;B01
201200055920;0;7;0;0;2;1;2;A01
201200055921;0;7;0;11;0;1;14;A01
201200055922;0;7;0;0;1;3;15;A01
201200055923;0;7;0;0;1;7;1;A01
201200055924;0;10;0;0;2;7;9;A01
201200055924;0;34;0;0;2;1;1;B01
201200055925;0;30;0;0;2;4;1;A01
201200055925;1;7;0;0;2;1;17;Z01
201200055926;0;34;0;0;2;1;1;B01
201200055926;0;7;0;0;2;5;15;A01
201200055927;0;30;0;0;2;1;17;A01
201200055927;0;7;0;0;2;3;1;B01
201200055928;0;7;0;0;1;1;1;A01
201200055929;0;32;0;0;2;1;1;B01
201200055929;0;10;0;0;2;2;9;A01
201200055930;0;32;0;0;2;0;21;A01
201200055931;0;7;0;0;1;3;1;A01
201200055932;0;7;0;0;0;4;1;B01
201200055932;0;7;0;0;2;1;23;A01
201200055933;0;33;0;0;1;2;1;A01
201200055934;0;7;0;0;2;1;1;A01
201200055934;0;10;0;0;2;7;15;B01
201200055935;0;7;0;0;1;1;16;A01
201200055936;0;32;0;0;1;1;15;A01
201200055937;0;33;0;0;2;8;21;A01
201200055938;0;2;0;0;1;0;1;A01
201200055939;1;7;0;0;2;0;13;A01
201200055939;0;7;0;0;2;7;17;B01
201200055940;0;7;0;0;2;3;13;B01
201200055940;0;33;0;0;2;4;17;A01
201200055941;0;34;0;0;0;8;1;A01
201200055942;0;7;0;0;2;8;9;B01
201200055942;0;32;0;0;2;1;1;A01
201200055943;0;33;0;0;0;0;1;A01
201200055944;0;30;0;0;1;1;1;A01
201200055945;0;7;0;0;2;6;24;B01
201200055945;0;32;0;1;0;1;1;A01
201200055946;0;7;0;0;1;1;1;A01
201200055947;0;7;0;14;0;1;1;A01
201200055947;0;10;0;0;0;4;23;B01
201200055948;0;7;0;0;2;2;23;B01
201200055948;0;7;0;0;2;2;13;A01
201200055949;0;30;0;0;0;8;21;A01
201200055950;0;7;0;0;2;7;9;A01
201200055950;0;32;0;0;2;3;1;B01
201200055951;0;7;0;0;1;1;15;A01
201200055952;0;7;0;0;2;3;15;B01
201200055952;0;32;0;0;2;8;17;A01
201200055953;0;33;0;0;1;8;7;A01
201200055954;0;7;0;0;2;3;15;A01
201200055954;0;32;0;0;2;2;17;B01
201200055955;0;32;0;0;2;1;18;A01
201200055955;0;7;0;0;2;7;16;B01
201200055956;0;33;0;14;2;8;21;A01
201200055957;0;7;0;0;1;2;1;A01
201200055958;0;7;0;0;2;9;2;B01
201200055958;0;7;0;0;2;4;2;C01
201200055958;0;7;0;0;2;1;2;A01
201200055959;0;1;0;0;2;1;1;B01
201200055959;0;7;0;0;2;3;22;A01
201200055960;0;32;0;0;0;0;21;A01
201200055961;0;7;0;0;1;2;1;A01
201200055962;0;33;0;0;0;3;1;A01
201200055963;0;1;0;0;2;1;7;B01
201200055963;0;10;0;0;2;8;22;A01
201200055964;0;30;0;0;1;2;1;A01
201200055965;0;33;0;0;0;7;1;A01
201200055966;0;33;0;0;0;1;1;A01
201200055967;0;1;0;0;2;1;2;B01
201200055967;0;1;0;0;2;1;13;A01
201200055968;0;33;0;0;2;1;1;B01
201200055968;0;7;0;0;2;5;15;A01
201200055969;0;2;0;0;2;1;17;A01
201200055969;1;7;0;0;2;0;1;Z01
201200055970;0;7;0;0;1;2;1;A01
201200055971;0;31;0;1;0;1;18;A01
201200055972;0;32;0;0;0;0;21;A01
201200055973;0;7;0;0;2;7;16;A01
201200055973;0;37;0;0;2;1;7;B01
201200055974;0;31;0;0;2;3;1;B01
201200055974;0;7;0;0;2;7;14;A01
201200055975;0;30;0;0;2;8;1;A01
201200055975;1;7;0;0;2;0;13;Z01
201200055976;0;7;0;0;2;7;1;B01
201200055976;0;30;0;0;2;8;13;A01
201200055977;0;33;0;0;2;2;1;B01
201200055977;0;7;0;0;2;6;10;A01
201200055978;0;10;0;0;2;1;2;A01
201200055978;0;7;0;0;2;4;23;B01
201200055979;0;7;0;0;2;3;9;A01
201200055979;0;2;0;0;2;1;1;B01
201200055980;0;1;0;0;2;1;18;B01
201200055980;0;10;0;0;2;7;22;A01
201200055981;0;37;1;0;1;3;1;A01
201200055982;0;7;0;0;1;1;1;A01
201200055983;0;30;0;0;2;1;1;B01
201200055983;0;7;0;0;2;1;15;A01
201200055984;0;37;1;0;2;2;1;B01
201200055984;0;7;0;0;2;8;1;A01
201200055985;0;7;0;0;2;6;2;B01
201200055985;0;7;0;0;2;2;2;A01
201200055986;0;10;0;0;2;1;2;A01
201200055986;0;7;0;0;2;4;23;B01
201200055987;0;15;0;0;2;1;12;A01
201200055987;0;7;0;0;2;3;1;B01
201200055987;0;34;0;0;2;7;1;C01
201200055988;0;33;0;0;2;1;1;A01
201200055988;0;7;0;0;2;3;17;B01
201200055989;0;2;0;0;1;1;1;A01
201200055990;0;7;0;0;2;6;23;C01
201200055990;0;7;0;0;0;4;23;B01
201200055990;2;10;0;0;2;1;2;Z01
201200055990;0;7;0;0;2;4;2;A01
201200055991;0;7;0;0;2;4;2;B01
201200055991;0;7;0;0;2;1;2;A01
201200055992;0;7;0;0;2;6;13;A01
201200055992;0;33;0;0;2;7;1;B01
201200055993;0;7;0;0;1;2;15;A01
201200055994;0;30;0;0;2;2;17;A01
201200055994;0;7;0;0;2;1;15;B01
201200055995;0;7;0;0;2;1;1;A01
201200055995;0;1;0;0;2;1;1;B01
201200055996;0;7;0;0;2;8;10;A01
201200055996;0;13;0;0;2;2;1;B01
201200055997;0;7;0;0;1;2;1;A01
201200055998;0;7;0;1;0;2;1;A01
201200055999;0;7;0;9;0;2;15;A01
201200056000;0;7;0;0;2;1;11;B01
201200056000;0;1;0;0;2;1;5;A01
201200056001;0;7;0;0;2;6;23;A01
201200056001;2;7;0;0;2;2;1;Z01
201200056002;0;30;0;0;2;3;1;A01
201200056002;0;10;0;0;2;2;16;B01
201200056003;0;33;0;0;0;0;9;A01
201200056004;0;10;0;0;2;1;1;A01
201200056004;0;7;0;0;2;8;15;B01
201200056005;0;33;0;0;2;4;23;A01
201200056005;1;7;0;0;2;1;2;Z01
201200056006;0;32;0;0;2;1;1;B01
201200056006;0;7;0;0;2;3;9;A01
201200056007;0;7;0;1;9;2;1;A01
201200056007;0;1;0;1;2;8;13;B01
201200056008;0;33;0;0;2;8;1;B01
201200056008;0;7;0;0;2;2;1;A01
201200056009;0;3;0;0;1;4;4;A01
201200056010;0;33;0;0;1;2;16;A01
201200056011;0;7;0;0;2;1;1;A01
201200056011;0;31;0;0;2;1;1;B01
201200056012;0;31;0;0;0;0;1;A01
201200056013;0;7;0;0;2;1;23;B01
201200056013;0;7;0;0;2;1;1;A01
201200056013;0;7;0;0;2;1;23;C01
201200056013;0;7;0;0;2;1;1;D01
201200056014;0;32;0;0;2;7;1;B01
201200056014;0;7;0;0;0;8;10;A01
201200056015;0;32;0;0;2;1;17;B01
201200056015;0;7;0;0;2;3;9;A01
201200056016;0;7;0;0;2;5;13;A01
201200056016;0;7;0;4;2;5;1;B01
201200056017;0;7;0;0;2;2;1;A01
201200056017;0;33;0;0;2;8;1;B01
201200056018;0;30;0;0;0;0;1;A01
201200056019;0;33;0;0;1;1;1;A01
201200056020;0;2;0;0;0;2;1;A01
201200056021;0;34;0;0;1;2;16;A01
201200056022;0;7;0;0;1;6;4;A01
201200056023;0;7;0;0;2;1;9;A01
201200056023;0;31;0;0;2;7;17;B01
201200056024;0;7;0;0;2;3;11;A01
201200056024;0;32;0;0;2;1;17;B01
201200056025;0;34;0;0;2;1;1;B01
201200056025;0;7;0;15;2;8;9;A01
201200056026;0;34;0;0;2;3;1;B01
201200056026;0;7;0;0;2;7;12;A01
201200056027;0;30;0;0;2;1;1;B01
201200056027;0;7;0;0;2;2;15;A01
201200056028;0;7;0;0;2;8;15;B01
201200056028;0;30;0;0;2;1;17;A01
201200056029;0;37;0;0;1;2;1;A01
201200056030;0;34;0;0;0;7;1;A01
201200056031;0;7;0;0;2;3;22;A01
201200056031;0;1;0;0;2;1;1;B01
201200056032;0;30;0;0;0;8;1;A01
201200056033;0;1;0;0;0;0;1;A01
201200056034;0;2;0;0;1;3;1;A01
201200056035;0;10;0;0;2;4;7;B01
201200056035;0;13;0;0;2;1;7;A01
201200056036;0;32;0;0;2;7;1;A01
201200056036;0;7;0;0;2;6;23;B01
201200056037;0;7;0;0;2;1;1;B01
201200056037;0;30;0;0;2;1;15;A01
201200056038;0;7;0;0;1;5;1;A01
201200056039;0;37;3;0;2;2;1;B01
201200056039;0;7;0;1;2;6;18;A01
201200056040;0;2;0;0;2;0;5;A01
201200056041;0;7;0;0;2;7;15;B01
201200056041;0;32;0;0;2;3;1;A01
201200056042;0;7;0;0;0;6;23;B01
201200056042;0;1;0;0;2;2;1;A01
201200056043;0;7;0;0;2;1;9;A01
201200056043;0;1;0;0;2;8;5;B01
201200056044;0;32;0;0;0;7;1;A01
201200056045;0;30;0;0;2;2;1;A01
201200056045;1;7;0;0;2;3;15;Z01
201200056046;0;7;0;0;2;8;15;A01
201200056046;0;2;0;0;2;7;17;B01
201200056047;0;7;0;0;2;1;2;A01
201200056047;0;7;0;0;2;4;2;B01
201200056048;0;32;0;0;2;1;1;B01
201200056048;0;7;0;0;2;1;15;A01
201200056049;0;33;0;0;2;7;1;A01
201200056049;0;7;0;0;2;1;15;B01
201200056050;0;7;0;8;0;1;13;A01
201200056051;0;1;0;0;2;4;1;A01
201200056051;0;7;0;0;2;2;7;B01
201200056052;0;7;0;0;2;2;1;A01
201200056052;0;7;0;0;2;3;1;B01
201200056053;0;1;0;0;2;1;1;B01
201200056053;0;7;0;0;2;7;16;A01
201200056054;0;30;0;0;2;3;9;A01
201200056054;0;37;96;0;2;0;1;B01
201200056055;0;1;0;0;2;4;13;A01
201200056055;0;32;0;0;2;2;1;B01
201200056056;0;7;0;0;2;1;2;A01
201200056056;0;7;0;0;2;4;23;B01
201200056057;0;33;0;1;2;7;17;B01
201200056057;0;7;0;0;2;1;9;A01
201200056058;0;30;0;0;2;1;1;B01
201200056058;0;7;0;0;2;1;15;A01
201200056058;0;7;0;0;2;8;1;C01
201200056059;0;33;0;0;2;6;18;A01
201200056059;0;7;0;0;2;2;22;B01
201200056060;0;33;0;0;1;1;1;A01
201200056061;0;1;0;0;2;1;1;B01
201200056061;0;1;0;0;2;1;13;A01
201200056062;0;32;0;0;2;0;1;B01
201200056062;0;1;0;0;2;0;19;A01
201200056063;0;7;0;0;2;3;9;A01
201200056063;0;32;0;0;2;1;1;B01
201200056064;0;30;0;0;0;0;1;A01
201200056065;0;33;0;0;2;1;1;B01
201200056065;0;7;0;0;2;7;15;A01
201200056066;1;7;0;0;1;3;1;Z01
201200056067;0;7;0;0;2;3;10;A01
201200056067;0;32;0;0;2;8;1;B01
201200056068;0;32;0;0;2;7;17;B01
201200056068;0;7;0;0;2;8;13;A01
201200056069;0;34;0;0;2;1;2;A01
201200056069;0;7;0;0;2;4;2;B01
201200056070;0;7;0;0;2;2;1;B01
201200056070;0;1;0;0;2;3;1;A01
201200056071;0;30;0;14;0;8;1;A01
201200056072;0;7;0;0;1;6;4;A01
201200056073;0;1;0;0;1;7;1;A01
201200056074;0;33;0;0;0;8;1;A01
201200056075;0;7;0;0;2;5;15;A01
201200056075;0;1;0;0;2;1;1;B01
201200056076;0;7;0;0;2;6;2;B01
201200056076;0;7;0;0;2;2;2;A01
201200056077;0;7;0;0;2;7;15;B01
201200056077;0;30;0;0;2;1;1;A01
201200056078;0;7;0;0;2;8;11;A01
201200056078;0;34;0;0;2;7;1;B01
201200056079;1;7;0;0;2;8;13;Z01
201200056079;0;32;0;0;2;7;1;A01
201200056080;0;7;0;15;0;7;1;A01
201200056081;0;7;0;0;2;2;14;A01
201200056081;0;7;0;0;2;6;24;B01
201200056082;0;7;0;0;1;2;1;A01
201200056083;0;30;0;8;0;1;1;A01
201200056084;0;34;0;0;2;1;15;A01
201200056084;0;1;0;0;2;8;1;B01
201200056085;0;32;0;0;2;1;1;A01
201200056085;0;7;0;0;0;6;10;B01
201200056086;0;32;0;0;2;6;1;B01
201200056086;1;7;0;0;0;0;12;Z01
201200056087;0;7;0;0;1;3;16;A01
201200056088;0;7;0;1;0;2;14;A01
201200056089;0;7;0;0;1;4;20;A01
201200056090;0;7;0;0;2;3;10;A01
201200056090;0;30;0;0;2;1;17;B01
201200056091;1;13;0;0;2;1;15;Z01
201200056091;0;30;0;0;2;6;1;A01
201200056092;0;32;0;0;2;1;17;B01
201200056092;0;10;0;0;2;3;15;A01
201200056093;0;7;0;0;2;8;22;A01
201200056093;0;1;0;0;2;7;1;B01
201200056094;0;10;0;0;1;4;4;A01
201200056095;0;7;0;0;0;7;0;B01
201200056095;0;7;0;0;0;1;0;A01
201200056096;0;32;0;0;2;3;3;A01
201200056096;0;7;0;0;2;8;1;B01
201200056097;0;7;0;0;1;1;1;A01
201200056098;0;1;0;0;0;0;7;A01
201200056099;0;7;0;0;2;1;1;B01
201200056099;0;1;0;0;2;1;5;A01
201200056100;0;2;0;14;0;1;14;A01
201200056101;0;7;0;0;2;9;2;A01
201200056101;0;7;0;0;2;4;23;C01
201200056101;0;33;0;0;2;1;2;B01
201200056102;0;10;0;0;2;8;15;B01
201200056102;0;32;0;0;2;7;17;A01
201200056103;0;10;0;0;2;1;2;A01
201200056103;0;7;0;0;2;4;2;B01
201200056104;0;30;0;0;2;8;1;A01
201200056104;0;7;0;0;2;1;15;B01
201200056105;0;2;0;12;0;2;14;A01
201200056106;0;31;0;0;2;3;1;A01
201200056106;1;7;0;0;2;1;15;Z01
201200056107;0;33;0;1;2;6;1;B01
201200056107;0;7;0;0;2;2;10;A01
201200056108;0;7;0;0;1;1;1;A01
201200056109;0;1;0;12;2;8;2;B01
201200056109;0;7;0;12;0;3;2;A01
201200056110;0;32;0;0;2;7;1;A01
201200056110;0;32;0;0;2;3;1;B01
201200056111;0;7;0;0;2;1;1;A01
201200056111;0;7;0;0;2;8;1;B01
201200056112;0;7;0;0;0;0;22;A01
201200056112;0;1;0;0;0;5;1;B01
201200056113;0;7;0;0;2;8;15;B01
201200056113;0;30;0;0;2;2;17;A01
201200056114;0;32;0;0;1;2;17;A01
201200056115;0;7;0;0;2;1;1;A01
201200056115;0;1;0;0;2;4;1;B01
201200056116;0;10;0;15;0;1;1;A01
201200056117;0;31;0;0;2;7;17;B01
201200056117;0;7;0;0;2;3;13;A01
201200056118;0;1;0;0;2;8;1;B01
201200056118;0;7;0;0;2;1;15;A01
201200056119;1;37;1;0;1;7;7;Z01
201200056120;0;7;0;0;2;3;1;B01
201200056120;0;7;0;0;2;2;1;A01
201200056121;0;7;0;0;2;2;15;A01
201200056121;0;7;0;0;0;3;1;B01
201200056122;0;30;0;0;0;1;17;B01
201200056122;0;7;0;0;0;3;19;A01
201200056123;0;30;0;0;2;3;10;A01
201200056123;0;31;0;0;2;1;1;B01
201200056124;0;7;0;0;1;2;9;A01
201200056125;0;7;0;0;2;8;11;A01
201200056125;0;34;0;0;2;2;1;B01
201200056126;0;7;0;0;1;8;15;A01
201200056127;0;32;0;0;2;8;3;B01
201200056127;0;7;0;0;2;5;12;A01
201200056128;0;2;0;0;0;0;1;A01
201200056129;0;10;0;0;1;6;20;A01
201200056130;0;1;0;0;1;1;1;A01
201200056131;0;10;0;0;0;8;11;A01
201200056131;0;32;0;0;2;8;17;B01
201200056132;0;10;0;0;1;4;4;A01
201200056133;0;33;0;8;2;1;1;B01
201200056133;0;7;0;0;2;3;15;A01
201200056134;2;7;0;8;0;1;13;Z01
201200056135;0;2;0;15;0;3;13;A01
201200056136;0;7;0;0;1;1;1;A01
201200056137;0;7;0;0;2;5;22;A01
201200056137;0;1;0;0;2;1;1;B01
201200056138;0;30;0;0;2;5;15;A01
201200056138;0;7;0;0;2;2;1;B01
201200056139;0;7;0;0;2;3;9;A01
201200056139;0;30;0;0;2;1;17;B01
201200056140;0;7;0;0;2;5;23;C01
201200056140;0;7;0;0;2;8;22;A01
201200056140;0;30;0;0;2;1;3;B01
201200056141;0;33;0;0;1;1;1;A01
201200056142;0;1;0;0;2;7;1;B01
201200056142;0;10;0;0;2;5;14;A01
201200056143;0;2;0;0;2;1;1;B01
201200056143;0;30;0;0;2;8;1;A01
201200056144;0;2;0;0;1;0;17;A01
201200056145;0;32;0;0;0;0;1;A01
201200056146;0;7;0;0;2;2;1;A01
201200056146;0;7;0;0;2;3;1;B01
201200056147;0;31;0;0;1;1;1;A01
201200056148;0;32;0;0;2;1;2;A01
201200056148;0;7;0;0;2;4;23;B01
201200056149;0;2;0;12;0;7;1;A01
201200056150;1;7;0;0;2;0;1;Z01
201200056150;0;1;0;0;2;7;15;A01
201200056151;0;7;0;0;2;3;15;A01
201200056151;0;1;0;0;2;1;1;B01
201200056152;0;7;0;0;2;4;23;B01
201200056152;0;10;0;0;2;1;2;A01
201200056153;0;30;0;0;0;8;1;A01
201200056154;0;32;0;0;2;6;1;B01
201200056154;0;7;0;0;2;2;12;A01
201200056155;0;34;0;0;1;7;17;A01
201200056156;0;33;0;0;0;0;1;A01
201200056157;0;1;0;0;2;0;2;B01
201200056157;0;1;0;0;2;0;2;A01
201200056158;0;32;0;0;1;2;1;A01
201200056159;0;7;0;0;1;4;1;A01
201200056160;0;2;0;0;1;1;1;A01
201200056161;0;7;0;0;2;4;23;B01
201200056161;0;7;0;0;2;1;2;A01
201200056162;0;7;0;0;2;4;23;C01
201200056162;0;14;0;0;2;1;2;A01
201200056162;0;7;0;0;2;4;23;B01
201200056163;0;7;0;0;2;5;15;A01
201200056163;0;30;0;0;2;1;1;B01
201200056164;0;7;0;0;2;1;15;A01
201200056164;0;1;0;0;2;1;1;B01
201200056165;0;7;0;0;1;1;1;A01
201200056166;0;10;0;8;0;2;14;A01
201200056167;0;7;0;0;2;6;1;A01
201200056167;0;7;0;0;2;3;1;B01
201200056168;0;7;0;0;2;8;10;B01
201200056168;0;34;0;0;2;1;17;A01
201200056169;0;30;0;0;2;1;18;A01
201200056169;0;7;0;0;2;2;16;B01
201200056170;0;32;0;0;2;5;17;A01
201200056170;0;10;0;0;2;3;15;B01
201200056171;0;34;0;1;1;1;1;A01
201200056172;0;34;0;0;2;2;17;A01
201200056172;0;7;0;0;2;3;15;B01
201200056173;0;7;0;0;1;1;1;A01
201200056174;0;7;0;0;2;1;10;A01
201200056174;0;30;0;0;2;1;1;B01
201200056175;0;7;0;0;2;7;16;B01
201200056175;0;32;0;0;2;3;18;A01
201200056176;0;37;1;0;1;5;1;A01
201200056177;0;7;0;0;2;4;2;B01
201200056177;0;10;0;0;2;1;14;A01
201200056177;0;7;0;0;2;4;2;C01
201200056178;0;32;0;0;2;4;23;B01
201200056178;0;7;0;0;2;2;2;A01
201200056179;0;35;0;15;0;2;14;A01
201200056180;0;7;0;0;2;2;15;A01
201200056180;0;1;0;0;2;8;1;B01
201200056181;0;7;0;0;2;0;13;A01
201200056181;0;32;0;0;2;8;17;B01
201200056182;0;33;0;1;0;2;1;A01
201200056183;0;30;0;0;0;0;1;A01
201200056184;0;7;0;0;2;1;2;A01
201200056184;0;7;0;0;2;4;23;B01
201200056185;0;7;0;0;2;3;15;A01
201200056185;0;33;0;0;2;8;1;B01
201200056186;0;32;0;0;2;1;17;A01
201200056186;0;7;0;0;2;3;13;B01
201200056187;0;30;0;1;0;1;14;A01
201200056188;0;1;0;0;2;3;23;B01
201200056188;0;7;0;0;2;3;13;A01
201200056189;0;1;0;0;2;5;1;B01
201200056189;0;7;0;0;2;5;15;A01
201200056190;0;30;0;0;2;1;1;A01
201200056190;0;7;0;0;2;3;10;B01
201200056191;0;32;0;14;0;7;13;A01
201200056192;0;10;0;0;2;8;22;A01
201200056192;0;1;0;0;2;1;1;B01
201200056193;0;7;0;0;2;8;9;A01
201200056193;0;30;0;0;2;7;1;B01
201200056194;0;7;0;0;2;2;1;A01
201200056194;0;31;0;0;2;6;1;B01
201200056195;0;1;0;0;1;2;1;A01
201200056196;0;32;0;0;2;4;1;B01
201200056196;0;7;0;0;0;5;1;C01
201200056196;0;31;0;0;2;6;1;A01
201200056197;0;7;0;9;0;1;1;A01
201200056198;0;7;0;0;1;1;1;A01
201200056199;0;7;0;0;1;1;1;A01
201200056200;0;32;0;0;0;1;1;A01
201200056201;0;7;0;1;0;2;14;A01
201200056202;0;7;0;14;0;3;13;A01
201200056203;0;30;0;0;2;7;1;B01
201200056203;0;7;0;0;2;3;13;A01
201200056204;0;7;0;0;2;1;15;A01
201200056204;0;33;0;1;2;1;1;B01
201200056205;0;3;0;0;2;9;2;A01
201200056205;1;7;0;0;2;0;2;Z01
201200056206;0;7;0;0;1;3;1;A01
201200056207;0;32;0;0;2;1;1;B01
201200056207;0;7;0;0;2;4;10;A01
201200056208;0;30;0;0;2;1;17;B01
201200056208;0;10;0;0;2;3;10;A01
201200056209;0;33;0;0;2;1;1;B01
201200056209;0;7;0;0;2;2;15;A01
201200056210;0;10;0;0;1;4;4;A01
201200056211;0;1;0;0;0;7;1;A01
201200056212;0;7;0;0;2;7;17;A01
201200056212;0;7;0;0;2;3;22;B01
201200056213;0;7;0;0;2;1;1;A01
201200056213;0;1;0;0;2;7;19;B01
201200056214;0;2;0;0;2;1;2;A01
201200056214;0;7;0;0;2;4;23;B01
201200056215;0;1;0;0;2;1;1;B01
201200056215;0;10;0;0;2;2;15;A01
201200056216;0;7;0;0;2;4;2;B01
201200056216;0;10;0;0;2;1;2;A01
201200056217;0;32;0;0;2;1;2;A01
201200056217;0;7;0;0;2;4;2;B01
201200056218;0;1;0;0;2;7;19;B01
201200056218;0;7;0;0;2;1;1;A01
201200056219;0;7;0;0;2;3;4;A01
201200056219;0;32;0;0;2;1;1;B01
201200056220;0;30;0;1;0;8;13;A01
201200056221;0;7;0;0;2;0;9;A01
201200056221;0;30;0;0;2;1;1;B01
201200056222;0;30;0;14;0;1;1;A01
201200056223;0;7;0;0;1;1;17;A01
201200056224;1;7;0;0;1;0;16;Z01
201200056225;0;32;0;0;2;8;1;B01
201200056225;0;7;0;0;2;2;16;A01
201200056226;0;32;0;0;0;0;1;A01
201200056227;0;7;0;0;1;0;4;A01
201200056228;0;7;0;0;1;1;1;A01
201200056229;0;7;0;0;1;3;1;A01
201200056230;0;7;0;0;2;2;1;A01
201200056230;0;7;0;0;2;4;23;B01
201200056231;0;7;0;0;2;2;15;A01
201200056231;0;33;0;0;2;2;1;B01
201200056232;0;32;0;0;1;1;1;A01
201200056233;0;7;0;0;2;2;15;A01
201200056233;0;2;0;0;2;1;1;B01
201200056234;0;7;0;0;2;1;15;A01
201200056234;0;30;0;0;2;3;1;B01
201200056235;0;34;0;0;1;1;1;A01
201200056236;0;1;0;0;1;1;1;A01
201200056237;0;33;0;8;2;1;17;B01
201200056237;0;7;0;0;2;3;15;A01
201200056238;0;33;0;0;2;3;3;A01
201200056238;0;10;0;0;2;2;1;B01
201200056239;0;1;0;0;2;0;1;B01
201200056239;0;7;0;0;2;3;9;A01
201200056240;0;7;0;0;2;4;23;B01
201200056240;0;7;0;0;2;1;2;A01
201200056240;0;10;0;0;2;4;23;C01
201200056241;0;33;0;0;1;1;21;A01
201200056242;0;33;0;0;0;0;1;A01
201200056243;0;32;0;0;2;5;17;B01
201200056243;0;7;0;0;2;3;15;A01
201200056244;0;7;0;1;0;9;14;A01
201200056245;0;7;0;0;2;5;1;B01
201200056245;0;34;0;0;2;3;18;A01
201200056246;0;7;0;0;2;4;1;B01
201200056246;0;3;0;0;2;1;23;A01
201200056247;0;7;0;0;2;1;15;B01
201200056247;0;1;0;0;2;1;9;A01
201200056248;0;30;0;0;2;1;1;A01
201200056248;0;7;0;0;0;5;23;B01
201200056249;0;13;0;0;1;3;15;A01
201200056250;0;38;1;0;1;2;20;A01
201200056251;0;33;0;0;2;8;1;B01
201200056251;0;7;0;0;2;3;15;A01
201200056252;0;1;0;0;2;7;17;B01
201200056252;0;7;0;0;9;3;13;A01
201200056253;0;10;0;0;2;5;17;A01
201200056253;0;1;0;0;2;3;1;B01