num_acc;senc;catv;occutc;obs;obsm;choc;manv;num_veh
201200056254;0;7;0;0;2;3;23;B01
201200056254;0;32;0;7;2;1;17;A01
201200056255;0;32;0;0;2;3;18;A01
201200056255;0;7;0;0;2;5;14;B01
201200056256;0;7;0;0;2;9;1;B01
201200056256;0;7;0;0;2;4;1;C01
201200056256;0;7;0;0;2;1;1;A01
201200056257;0;34;0;0;1;7;1;A01
201200056258;0;7;0;0;1;5;20;A01
201200056259;0;32;0;0;2;1;1;B01
201200056259;0;7;0;0;2;1;15;A01
201200056260;0;2;0;0;2;1;17;A01
201200056260;0;7;0;0;2;3;15;B01
201200056261;0;7;0;0;2;2;2;A01
201200056261;0;7;0;0;2;6;23;B01
201200056262;0;34;0;0;2;3;11;A01
201200056262;0;7;0;0;2;2;12;B01
201200056263;0;7;0;0;0;1;2;A01
201200056264;0;32;0;0;0;7;0;A01
201200056265;0;7;0;0;1;1;1;A01
201200056266;0;10;0;0;1;1;17;A01
201200056267;0;30;0;0;2;1;17;A01
201200056267;0;7;0;0;2;3;9;B01
201200056268;0;33;0;0;1;1;1;A01
201200056269;0;31;0;0;2;2;17;B01
201200056269;0;7;0;0;2;1;9;A01
201200056270;0;32;0;0;2;1;7;A01
201200056270;0;7;0;0;2;2;1;B01
201200056271;0;7;0;0;0;4;1;C01
201200056271;0;7;0;0;2;9;23;B01
201200056271;2;7;0;0;2;1;1;A01
201200056272;0;10;0;0;1;2;1;A01
201200056273;0;7;0;0;1;4;4;A01
201200056274;0;32;0;0;2;1;2;A01
201200056274;0;7;0;0;2;6;15;C01
201200056274;0;33;0;0;2;3;2;B01
201200056275;0;30;0;0;0;0;1;A01
201200056276;0;30;0;0;0;0;1;A01
201200056277;0;1;0;0;1;1;1;A01
201200056278;0;30;0;0;2;1;1;B01
201200056278;0;7;0;0;2;2;15;A01
201200056279;0;30;0;0;0;0;1;A01
201200056280;0;32;0;0;2;1;1;A01
201200056280;0;7;0;0;2;3;15;B01
201200056281;0;7;0;0;1;0;4;A01
201200056282;0;7;0;0;2;3;13;A01
201200056282;0;33;0;0;2;1;17;B01
201200056283;0;32;0;0;2;3;1;B01
201200056283;0;32;0;0;2;3;15;A01
201200056284;0;7;0;0;1;0;1;A01
201200056285;0;7;0;0;2;2;20;A01
201200056285;0;2;0;0;2;1;17;B01
201200056286;0;32;0;0;2;3;18;A01
201200056286;0;10;0;0;2;7;16;B01
201200056287;0;7;0;0;2;1;2;A01
201200056287;0;7;0;0;2;4;23;B01
201200056288;0;7;0;0;2;3;15;A01
201200056288;0;32;0;0;2;2;17;B01
201200056289;0;10;0;0;2;3;15;B01
201200056289;0;7;0;0;2;3;1;A01
201200056290;0;2;0;0;2;2;15;A01
201200056290;0;7;0;0;0;4;15;B01
201200056291;0;7;0;0;2;4;23;B01
201200056291;0;7;0;0;2;2;1;A01
201200056292;0;7;0;0;2;1;15;A01
201200056292;0;30;0;0;2;1;1;B01
201200056293;0;33;0;0;0;8;1;A01
201200056294;0;7;0;1;0;4;4;A01
201200056295;0;2;0;0;0;8;1;A01
201200056296;0;32;0;0;2;7;1;B01
201200056296;0;7;0;0;2;1;10;A01
201200056297;0;1;0;0;0;0;21;A01
201200056298;0;7;0;0;2;5;2;B01
201200056298;0;7;0;0;2;3;2;A01
201200056299;0;32;0;0;1;2;1;A01
201200056300;0;30;0;0;1;1;1;A01
201200056301;0;33;0;0;1;1;17;A01
201200056302;0;7;0;0;2;8;22;A01
201200056302;0;34;0;0;2;1;3;B01
201200056302;0;7;0;0;2;7;23;C01
201200056303;0;7;0;0;2;6;15;A01
201200056303;0;32;0;0;2;7;1;B01
201200056304;0;33;0;0;0;8;1;A01
201200056305;0;34;0;0;2;1;1;B01
201200056305;0;1;0;0;2;4;17;A01
201200056306;0;7;0;0;1;0;1;A01
201200056307;0;7;0;0;2;7;1;B01
201200056307;0;7;0;0;2;1;1;A01
201200056308;0;7;0;0;2;3;13;A01
201200056308;0;32;0;0;2;5;17;B01
201200056309;0;7;0;0;2;3;10;A01
201200056309;0;34;0;0;2;7;17;B01
201200056310;0;7;0;0;2;1;1;A01
201200056310;0;1;0;0;2;7;1;B01
201200056311;0;7;0;0;2;2;16;B01
201200056311;0;1;0;0;2;1;1;A01
201200056312;0;2;0;2;0;1;14;A01
201200056313;0;7;0;0;2;2;15;A01
201200056313;0;30;0;0;2;1;1;B01
201200056314;0;7;0;0;9;3;15;A01
201200056314;0;2;0;0;2;1;1;B01
201200056315;0;7;0;0;2;2;15;A01
201200056316;0;7;0;0;2;3;16;A01
201200056316;0;7;0;0;2;5;23;B01
201200056317;0;32;0;0;0;7;1;A01
201200056318;0;37;1;0;0;6;23;C01
201200056318;0;1;0;0;2;4;17;B01
201200056318;0;7;0;1;0;2;1;A01
201200056319;0;7;0;0;1;3;15;A01
201200056320;0;32;0;0;0;0;23;B01
201200056320;0;30;0;0;9;8;1;A01
201200056321;0;33;0;0;0;8;1;A01
201200056322;0;30;0;0;1;8;1;A01
201200056323;1;7;0;0;1;1;1;Z01
201200056324;0;2;0;0;2;4;13;A01
201200056324;0;7;0;0;2;3;1;B01
201200056325;0;7;0;0;2;4;23;B01
201200056325;0;7;0;0;2;1;1;A01
201200056325;0;7;0;0;0;4;23;C01
201200056326;0;1;0;0;1;1;1;A01
201200056327;0;33;0;0;2;8;17;A01
201200056327;0;3;0;0;2;3;15;B01
201200056328;0;33;0;1;2;8;16;A01
201200056328;0;7;0;0;2;7;14;B01
201200056329;0;7;0;0;1;1;1;A01
201200056330;0;2;0;0;2;1;1;A01
201200056330;0;7;0;0;2;8;15;B01
201200056331;0;7;0;0;1;0;15;A01
201200056332;0;10;0;0;2;3;10;A01
201200056332;0;33;0;0;2;7;17;B01
201200056333;0;7;0;8;0;1;14;A01
201200056334;0;7;0;0;1;6;4;A01
201200056335;0;7;0;0;2;2;17;A01
201200056335;0;1;0;0;2;8;19;B01
201200056336;0;32;0;0;2;1;17;B01
201200056336;0;7;0;0;2;3;15;A01
201200056337;0;7;0;0;2;6;23;B01
201200056337;0;34;0;0;2;1;2;A01
201200056338;0;33;0;0;2;1;17;A01
201200056338;0;7;0;0;2;3;9;B01
201200056339;0;30;0;0;2;1;1;B01
201200056339;0;7;0;0;2;2;1;A01
201200056340;0;32;0;0;2;7;1;A01
201200056340;1;7;0;0;2;0;14;Z01
201200056341;0;7;0;0;2;1;1;B01
201200056341;0;7;0;0;2;5;1;A01
201200056342;0;7;0;0;1;2;1;A01
201200056343;0;7;0;0;2;7;1;A01
201200056343;0;31;0;0;2;1;1;B01
201200056344;0;10;0;0;1;7;1;A01
201200056345;0;7;0;0;2;6;10;A01
201200056345;0;33;0;0;2;1;1;B01
201200056346;0;30;0;0;2;3;1;B01
201200056346;0;7;0;0;2;2;16;A01
201200056347;0;7;0;0;2;4;16;A01
201200056347;1;7;0;0;2;1;2;Z01
201200056348;0;7;0;0;2;3;1;B01
201200056348;0;30;0;0;2;2;1;A01
201200056349;0;33;0;0;2;3;1;A01
201200056349;1;7;0;0;2;0;14;Z01
201200056350;0;10;0;0;2;3;2;A01
201200056350;0;30;0;0;2;4;2;B01
201200056351;0;7;0;0;2;6;2;B01
201200056351;0;33;0;0;2;1;2;A01
201200056352;0;7;0;0;2;8;15;A01
201200056352;0;32;0;0;2;1;17;B01
201200056353;0;34;0;0;1;1;1;A01
201200056354;0;7;0;0;1;0;1;A01
201200056355;0;7;0;0;0;4;23;B01
201200056355;0;7;0;0;2;1;1;A01
201200056356;0;7;0;0;2;5;16;A01
201200056356;0;37;0;0;2;3;7;B01
201200056357;0;33;0;0;2;3;1;B01
201200056357;0;7;0;0;2;2;15;A01
201200056358;1;32;0;0;1;1;1;Z01
201200056359;0;10;0;0;2;0;9;A01
201200056359;0;32;0;0;2;0;1;B01
201200056360;0;34;0;0;2;1;1;B01
201200056360;0;7;0;0;2;3;10;A01
201200056361;0;2;0;0;2;0;1;A01
201200056361;0;7;0;0;2;0;1;B01
201200056362;0;34;0;0;1;1;17;A01
201200056363;0;7;0;0;2;1;2;A01
201200056363;0;3;0;0;2;4;23;B01
201200056364;0;1;0;0;1;1;1;A01
201200056365;0;7;0;0;2;1;2;A01
201200056365;0;7;0;0;2;4;2;B01
201200056366;0;7;0;0;2;4;2;B01
201200056366;0;7;0;0;2;1;2;A01
201200056367;0;7;0;0;2;2;1;A01
201200056367;0;34;0;0;2;1;1;B01
201200056368;0;7;0;14;0;2;13;A01
201200056369;1;33;0;0;1;0;15;Z01
201200056370;0;32;0;0;2;0;1;A01
201200056370;0;7;0;0;2;3;1;B01
201200056371;0;33;0;0;2;1;1;A01
201200056371;0;10;0;0;2;4;12;B01
201200056372;0;7;0;0;2;5;1;A01
201200056372;0;33;0;0;2;1;1;B01
201200056373;0;2;0;0;2;1;2;A01
201200056373;0;7;0;0;2;6;15;B01
201200056374;0;30;0;0;1;1;1;A01
201200056375;0;7;0;0;1;2;1;A01
201200056376;1;7;0;0;1;1;1;Z01
201200056377;0;37;0;1;1;2;13;A01
201200056378;0;32;0;0;1;1;1;A01
201200056379;0;37;0;0;0;0;1;A01
201200056380;0;7;0;0;2;2;22;A01
201200056380;0;32;0;0;2;8;3;B01
201200056380;0;7;0;0;2;6;1;C01
201200056381;0;7;0;0;2;8;9;A01
201200056381;0;32;0;0;2;1;1;B01
201200056382;0;37;0;0;1;7;15;A01
201200056383;0;7;0;0;2;1;10;A01
201200056383;0;7;0;0;2;6;1;B01
201200056384;0;33;0;0;0;0;15;A01
201200056385;0;10;0;0;1;1;15;A01
201200056386;0;34;0;1;0;1;1;A01
201200056387;0;33;0;0;2;1;1;A01
201200056387;0;7;0;0;0;4;23;B01
201200056388;0;2;0;0;2;3;1;A01
201200056388;0;7;0;0;0;4;23;B01
201200056389;0;7;0;0;1;2;15;A01
201200056390;0;7;0;0;0;4;23;B01
201200056390;0;37;5;0;0;1;1;A01
201200056391;0;7;0;0;9;3;15;A01
201200056391;0;1;0;0;2;4;7;B01
201200056392;0;7;0;0;1;1;7;A01
201200056393;0;1;0;0;1;8;1;A01
201200056394;0;7;0;0;2;1;15;B01
201200056394;0;7;0;8;2;8;1;A01
201200056395;0;7;0;0;2;1;2;A01
201200056395;0;7;0;0;2;5;23;B01
201200056396;0;2;0;0;0;0;1;A01
201200056397;0;7;0;0;2;5;23;B01
201200056397;0;34;0;1;2;1;1;A01
201200056398;0;34;0;0;1;1;1;A01
201200056399;0;2;0;0;2;1;5;A01
201200056399;0;7;0;0;2;3;1;B01
201200056400;0;1;0;0;2;3;1;B01
201200056400;0;10;0;0;2;2;1;A01
201200056401;0;7;0;0;2;2;12;A01
201200056401;0;2;0;0;2;3;1;B01
201200056402;0;34;0;0;1;1;1;A01
201200056403;0;7;0;0;2;1;2;A01
201200056403;0;7;0;0;2;4;2;B01
201200056404;0;7;0;0;2;4;23;B01
201200056404;0;7;0;0;2;1;1;A01
201200056405;0;34;0;1;0;1;14;A01
201200056406;2;7;0;0;1;1;1;Z01
201200056407;0;34;0;0;2;5;2;A01
201200056407;0;7;0;0;2;1;23;B01
201200056408;0;1;0;0;2;1;2;B01
201200056408;0;10;0;0;2;4;4;A01
201200056409;0;1;0;0;0;0;1;A01
201200056410;0;32;0;0;2;7;1;B01
201200056410;0;10;0;0;2;2;9;A01
201200056411;0;7;0;0;2;1;2;A01
201200056411;0;7;0;0;2;4;23;B01
201200056412;0;37;0;0;2;2;7;A01
201200056412;0;7;0;0;2;8;22;B01
201200056413;0;7;0;0;2;1;15;A01
201200056413;0;1;0;0;2;1;1;B01
201200056414;0;7;0;0;2;1;15;A01
201200056414;0;37;2;0;2;3;7;B01
201200056415;0;7;0;0;2;7;15;A01
201200056415;0;30;0;0;2;1;1;B01
201200056416;0;33;0;0;2;1;1;B01
201200056416;0;1;0;0;2;1;1;A01
201200056417;0;7;0;0;2;1;15;A01
201200056417;0;30;0;0;2;1;1;B01
201200056418;0;1;0;0;2;7;7;B01
201200056418;0;7;0;0;2;3;16;A01
201200056419;0;7;0;15;0;2;14;A01
201200056420;0;30;0;0;2;2;15;A01
201200056420;0;37;16;0;2;8;15;B01
201200056421;0;32;0;0;2;1;1;C01
201200056421;0;7;0;0;2;0;9;A01
201200056421;0;10;0;0;2;4;13;B01
201200056422;0;7;0;0;1;6;4;A01
201200056423;0;31;0;0;1;1;1;A01
201200056424;0;7;0;11;0;1;14;A01
201200056425;0;30;0;0;2;1;5;A01
201200056425;0;7;0;0;2;8;15;B01
201200056426;0;7;0;0;2;5;17;A01
201200056426;0;1;0;0;2;0;1;B01
201200056427;0;32;0;0;1;1;1;A01
201200056428;1;7;0;0;1;3;1;Z01
201200056429;0;2;0;0;2;1;1;B01
201200056429;0;7;0;0;2;2;15;A01
201200056430;0;7;0;0;9;3;13;A01
201200056430;0;30;0;0;2;2;17;B01
201200056431;0;30;0;0;1;2;17;A01
201200056432;0;37;1;0;1;3;1;A01
201200056433;0;33;0;14;2;8;14;A01
201200056434;0;7;0;0;2;0;15;A01
201200056434;0;30;0;0;2;0;1;B01
201200056435;0;32;0;9;0;1;1;A01
201200056436;0;7;0;0;1;7;1;A01
201200056437;0;7;0;0;2;2;15;A01
201200056437;0;30;0;0;2;1;1;B01
201200056438;0;7;0;0;2;2;15;A01
201200056438;0;31;0;0;2;3;1;B01
201200056439;0;32;0;0;2;8;1;B01
201200056439;0;7;0;0;0;2;10;A01
201200056440;0;1;0;12;0;1;14;A01
201200056441;0;7;0;0;1;3;15;A01
201200056442;0;10;0;0;2;7;22;A01
201200056442;0;30;0;0;2;3;18;B01
201200056443;0;10;0;0;1;1;15;A01
201200056444;0;1;0;0;2;1;1;B01
201200056444;0;7;0;0;2;8;22;A01
201200056445;1;7;0;0;1;0;1;Z01
201200056446;0;10;0;0;2;1;1;A01
201200056446;0;33;0;0;0;4;1;B01
201200056447;0;30;0;0;2;1;2;B01
201200056447;0;7;0;0;2;4;4;A01
201200056448;0;37;0;0;1;2;7;A01
201200056449;0;7;0;0;1;3;1;A01
201200056450;0;33;0;0;2;4;18;B01
201200056450;0;7;0;0;2;1;1;A01
201200056451;0;31;0;0;2;7;1;B01
201200056451;0;7;0;0;2;5;15;A01
201200056452;1;7;0;0;1;1;16;Z01
201200056453;0;1;0;0;1;1;1;A01
201200056454;0;7;0;0;1;2;16;A01
201200056455;0;7;0;0;2;5;15;A01
201200056455;0;32;0;0;2;3;1;B01
201200056456;0;7;0;0;1;3;16;A01
201200056457;0;31;0;0;2;3;1;B01
201200056457;0;7;0;0;2;2;15;A01
201200056458;0;30;0;0;2;2;13;A01
201200056458;0;7;0;0;2;6;17;B01
201200056459;0;13;0;0;2;8;22;A01
201200056459;0;1;0;0;2;7;1;B01
201200056460;0;2;0;0;0;0;21;A01
201200056461;0;33;0;0;2;1;1;B01
201200056461;0;10;0;0;2;1;9;A01
201200056462;0;10;0;0;2;3;22;A01
201200056462;0;1;0;0;2;7;1;B01
201200056463;0;32;0;0;2;2;13;A01
201200056463;0;7;0;0;2;3;17;B01
201200056464;0;30;0;0;1;1;18;A01
201200056465;0;30;0;0;1;1;1;A01
201200056466;0;10;0;0;2;1;2;A01
201200056466;0;7;0;0;2;4;2;B01
201200056467;0;7;0;0;1;2;1;A01
201200056468;0;7;0;1;0;1;13;A01
201200056469;1;7;0;0;2;2;14;Z01
201200056469;0;30;0;0;2;8;1;A01
201200056470;0;7;0;0;2;1;15;A01
201200056470;0;34;0;0;2;8;1;B01
201200056471;0;7;0;0;2;1;15;A01
201200056471;0;7;0;0;2;4;15;B01
201200056472;0;31;0;1;0;1;14;A01
201200056473;0;7;0;0;2;4;2;A01
201200056473;0;7;0;0;2;1;2;B01
201200056474;0;7;0;0;1;0;15;A01
201200056475;0;7;0;0;1;7;1;A01
201200056476;1;7;0;0;2;6;14;Z01
201200056476;0;33;0;0;2;7;1;A01
201200056477;0;13;0;0;1;1;1;A01
201200056478;2;30;0;0;2;3;13;Z01
201200056478;0;1;0;0;2;8;1;A01
201200056479;0;30;0;0;0;8;1;A01
201200056480;0;10;0;1;0;7;11;A01
201200056481;0;30;0;0;2;1;1;A01
201200056481;0;10;0;0;2;6;16;B01
201200056482;0;7;0;0;2;3;16;A01
201200056482;0;37;0;8;2;3;1;B01
201200056483;0;7;0;0;1;3;1;A01
201200056484;0;1;0;0;2;2;17;B01
201200056484;0;1;0;0;2;3;15;A01
201200056485;0;7;0;0;2;1;1;A01
201200056485;0;7;0;0;2;3;1;B01
201200056486;0;7;0;0;1;1;1;A01
201200056487;0;13;0;0;2;3;10;B01
201200056487;0;30;0;0;2;1;17;A01
201200056488;0;7;0;0;2;6;9;A01
201200056488;0;34;0;0;2;1;1;B01
201200056489;0;7;0;0;1;2;1;A01
201200056490;0;7;0;1;0;3;13;A01
201200056491;0;7;0;0;2;0;9;A01
201200056491;0;30;0;12;0;0;1;B01
201200056492;0;34;0;0;0;1;1;A01
201200056492;0;7;0;0;0;3;9;B01
201200056493;0;1;0;0;2;8;18;A01
201200056493;0;15;0;0;2;7;1;B01
201200056494;0;32;0;0;2;3;1;B01
201200056494;0;7;0;0;2;3;15;A01
201200056495;0;32;0;0;2;1;1;A01
201200056495;0;7;0;0;2;5;23;C01
201200056495;0;7;0;0;2;5;23;B01
201200056496;0;7;0;0;2;4;1;B01
201200056496;0;7;0;0;2;4;1;A01
201200056496;1;7;0;0;2;1;1;Z01
201200056497;0;7;0;0;1;1;15;A01
201200056498;0;7;0;0;0;7;15;A01
201200056498;0;34;0;0;2;3;1;B01
201200056499;0;2;0;0;0;7;2;A01
201200056500;0;33;0;0;2;7;17;B01
201200056500;0;14;0;0;2;8;15;A01
201200056501;0;33;0;0;1;0;17;A01
201200056502;0;10;0;0;2;2;1;B01
201200056502;0;30;0;0;2;3;11;A01
201200056503;0;31;0;0;4;3;17;A01
201200056503;0;10;0;0;2;8;1;B01
201200056504;1;10;0;0;1;1;1;Z01
201200056505;0;7;0;0;2;1;1;A01
201200056505;0;7;0;0;2;4;23;B01
201200056506;0;10;0;0;2;4;23;C01
201200056506;0;7;0;0;2;4;23;B01
201200056506;0;7;0;0;2;0;2;A01
201200056507;0;2;0;0;2;1;7;A01
201200056507;0;7;0;0;2;7;16;B01
201200056508;1;30;0;0;2;1;18;Z01
201200056508;0;30;0;0;2;7;16;A01
201200056509;0;1;0;0;2;2;15;A01
201200056509;0;7;0;0;2;3;1;B01
201200056510;0;7;0;0;2;1;15;A01
201200056510;0;34;0;0;2;1;1;B01
201200056511;0;32;0;0;2;7;1;B01
201200056511;0;7;0;0;2;8;11;A01
201200056512;0;10;0;0;2;4;1;A01
201200056512;0;7;0;0;2;4;23;B01
201200056513;0;13;0;0;1;6;9;A01
201200056514;0;37;6;0;1;2;7;A01
201200056515;0;10;0;0;2;1;15;A01
201200056515;0;7;0;0;2;3;1;B01
201200056516;0;34;0;0;1;3;1;A01
201200056517;0;7;0;0;2;7;1;B01
201200056517;0;10;0;0;2;3;11;A01
201200056517;0;38;1;0;2;6;23;C01
201200056518;0;7;0;0;1;3;16;A01
201200056518;0;7;0;0;2;1;16;B01
201200056519;0;7;0;11;0;3;1;A01
201200056520;0;32;0;0;9;0;21;A01
201200056521;0;32;0;1;0;8;1;A01
201200056522;0;7;0;0;2;1;1;B01
201200056522;0;7;0;0;2;7;1;A01
201200056523;0;32;0;0;2;2;3;A01
201200056523;0;7;0;0;0;5;1;C01
201200056523;0;7;0;0;0;0;1;B01
201200056524;0;7;0;0;0;3;9;A01
201200056524;0;34;0;0;2;2;17;B01
201200056525;0;7;0;0;0;0;15;A01
201200056526;0;7;0;0;2;8;15;B01
201200056526;0;32;0;0;2;1;17;A01
201200056527;0;32;0;0;2;3;11;A01
201200056527;0;30;0;0;2;2;17;B01
201200056528;0;7;0;0;0;2;22;B01
201200056528;0;32;0;0;2;8;18;A01
201200056529;0;7;0;0;2;4;23;B01
201200056529;0;7;0;0;2;1;1;A01
201200056529;0;7;0;0;2;4;23;C01
201200056530;0;7;0;0;2;8;9;A01
201200056530;0;32;0;0;2;1;1;B01
201200056531;0;7;0;0;1;1;1;A01
201200056532;0;34;0;12;0;1;1;A01
201200056533;0;2;0;0;2;7;17;A01
201200056533;0;7;0;0;2;8;15;B01
201200056534;0;10;0;0;0;2;16;A01
201200056534;0;30;0;0;2;8;18;B01
201200056535;0;30;0;0;2;2;1;A01
201200056535;0;7;0;0;2;3;9;B01
201200056536;0;7;0;0;1;2;1;A01
201200056537;0;7;0;0;2;7;16;B01
201200056537;0;30;0;0;2;3;7;A01
201200056538;0;7;0;0;1;8;15;A01
201200056539;0;7;0;1;0;3;1;A01
201200056540;0;7;0;0;2;6;13;A01
201200056540;0;32;0;0;2;2;1;B01
201200056541;1;7;0;0;0;0;0;Z01
201200056542;1;7;0;1;1;2;1;Z01
201200056543;0;1;0;0;1;1;1;A01
201200056544;0;7;0;0;1;3;1;A01
201200056545;0;1;0;0;2;4;2;B01
201200056545;0;10;0;0;2;4;2;A01
201200056546;0;7;0;0;2;5;15;A01
201200056546;0;33;0;0;2;3;1;B01
201200056547;0;7;0;0;2;5;23;C01
201200056547;0;10;0;0;2;1;2;A01
201200056547;0;30;0;0;2;4;2;B01
201200056548;0;7;0;0;2;1;2;A01
201200056548;0;10;0;0;2;4;23;B01
201200056549;0;32;0;0;1;1;1;A01
201200056550;0;32;0;0;2;0;2;A01
201200056550;0;14;0;0;2;6;2;B01
201200056551;0;37;1;0;2;1;23;B01
201200056551;0;7;0;0;2;3;7;A01
201200056552;0;7;0;0;2;3;15;B01
201200056552;0;33;0;0;2;1;17;A01
201200056553;0;7;0;0;1;1;1;A01
201200056554;0;7;0;0;2;3;15;A01
201200056554;0;31;0;0;2;5;17;B01
201200056555;0;1;0;0;2;2;1;B01
201200056555;0;14;0;0;2;5;17;A01
201200056556;0;33;0;0;2;1;1;B01
201200056556;2;7;0;0;2;2;1;A01
201200056557;0;7;0;0;1;7;1;A01
201200056558;0;7;0;14;0;3;15;A01
201200056559;0;34;0;0;2;1;1;A01
201200056559;0;7;0;0;2;1;15;B01
201200056560;0;7;0;0;2;1;2;A01
201200056560;0;7;0;0;2;4;23;B01
201200056560;0;10;0;0;2;4;23;C01
201200056561;0;37;5;0;2;3;15;A01
201200056561;0;33;0;0;2;8;1;B01
201200056562;0;7;0;0;2;5;17;A01
201200056562;0;34;0;0;2;2;17;B01
201200056563;0;7;0;0;2;1;15;A01
201200056563;0;7;0;0;2;4;23;B01
201200056564;1;1;0;0;1;1;1;Z01
201200056565;0;30;0;0;2;8;1;B01
201200056565;0;7;0;0;2;2;15;A01
201200056566;0;32;0;0;2;1;23;B01
201200056566;0;7;0;0;2;1;15;A01
201200056567;0;10;0;0;2;1;1;B01
201200056567;0;10;0;1;2;5;1;A01
201200056568;0;7;0;1;0;2;13;A01
201200056569;0;2;0;0;2;1;1;B01
201200056569;0;7;0;0;2;1;15;A01
201200056570;0;1;0;0;1;0;5;A01
201200056571;0;32;0;7;0;0;13;A01
201200056572;0;7;0;0;1;2;1;A01
201200056573;0;10;0;11;0;1;15;A01
201200056574;0;30;0;14;0;3;1;A01
201200056575;0;7;0;0;1;2;1;A01
201200056576;0;33;0;0;1;1;1;A01
201200056577;0;7;0;0;1;2;7;A01
201200056578;0;7;0;0;1;3;1;A01
201200056579;0;7;0;0;2;1;1;A01
201200056579;0;10;0;0;2;8;5;B01
201200056580;0;7;0;0;1;1;15;A01
201200056581;0;30;0;11;0;1;13;A01
201200056582;0;7;0;0;2;3;24;A01
201200056582;0;32;0;0;2;1;18;B01
201200056583;0;7;0;0;2;5;23;B01
201200056583;0;7;0;0;2;1;2;A01
201200056584;1;7;0;0;2;2;1;A01
201200056584;1;7;0;0;2;0;1;Z01
201200056585;0;33;0;0;0;0;1;A01
201200056586;0;7;0;1;2;3;16;B01
201200056586;0;10;0;0;2;2;1;A01
201200056587;0;30;0;12;0;3;13;A01
201200056588;0;31;0;0;2;1;1;B01
201200056588;0;7;0;0;2;5;15;A01
201200056589;0;32;0;0;1;1;1;A01
201200056590;0;30;0;0;2;7;17;B01
201200056590;0;7;0;0;2;3;13;A01
201200056591;0;33;0;0;2;1;7;A01
201200056591;0;2;0;0;2;5;16;B01
201200056592;0;31;0;3;0;0;0;A01
201200056593;0;7;0;0;1;2;1;A01
201200056594;0;33;0;0;2;6;15;B01
201200056594;0;30;0;0;2;1;1;A01
201200056595;0;7;0;0;2;2;14;A01
201200056595;0;33;0;0;2;0;23;B01
201200056596;0;37;1;0;1;2;1;A01
201200056597;0;34;0;0;1;1;17;A01
201200056598;0;7;0;0;2;1;2;A01
201200056598;0;7;0;0;2;4;2;B01
201200056599;0;30;0;0;2;8;1;B01
201200056599;0;7;0;0;2;2;15;A01
201200056600;0;7;0;0;2;8;22;A01
201200056600;0;1;0;0;2;1;1;B01
201200056601;0;32;0;0;2;5;17;B01
201200056601;0;7;0;0;2;2;1;A01
201200056602;1;7;0;0;2;3;13;Z01
201200056602;0;2;0;0;2;7;1;A01
201200056603;0;1;0;0;1;1;1;A01
201200056604;0;7;0;0;2;5;12;B01
201200056604;0;30;0;0;2;3;18;A01
201200056605;0;32;0;0;1;1;17;A01
201200056606;0;7;0;0;2;4;17;A01
201200056606;0;37;20;0;2;1;7;B01
201200056607;0;7;0;0;1;2;1;A01
201200056608;0;7;0;0;1;2;1;A01
201200056609;0;7;0;1;2;9;10;A01
201200056609;0;7;0;0;2;3;17;B01
201200056610;0;7;0;0;2;3;15;B01
201200056610;0;32;0;0;2;1;5;A01
201200056611;0;10;0;0;2;3;9;B01
201200056611;0;1;0;0;2;1;1;A01
201200056612;0;1;0;0;1;1;1;A01
201200056613;0;33;0;12;0;0;21;A01
201200056614;0;1;0;0;1;1;1;A01
201200056615;0;34;0;0;2;2;17;B01
201200056615;0;7;0;0;2;8;15;A01
201200056616;0;32;0;0;2;1;1;A01
201200056616;1;7;0;0;2;8;1;B01
201200056617;0;1;0;0;1;1;17;A01
201200056618;1;7;0;0;1;0;1;Z01
201200056619;0;30;0;0;0;7;16;A01
201200056620;0;30;0;0;0;0;1;A01
201200056621;0;1;0;12;0;8;21;A01
201200056622;0;7;0;8;0;3;1;A01
201200056623;0;7;0;0;2;3;13;A01
201200056623;0;32;0;0;2;5;1;B01
201200056624;0;1;0;0;2;4;23;B01
201200056624;0;10;0;0;2;1;2;A01
201200056625;0;30;0;0;2;8;1;B01
201200056625;0;7;0;0;2;1;1;A01
201200056626;0;7;0;0;2;1;2;A01
201200056626;0;7;0;0;2;4;23;B01
201200056627;0;10;0;0;2;0;4;B01
201200056627;0;30;0;0;2;8;1;A01
201200056628;1;7;0;0;0;0;15;A01
201200056628;0;14;0;0;2;0;1;C01
201200056628;0;2;0;0;2;7;17;B01
201200056629;0;2;0;0;2;8;1;B01
201200056629;0;7;0;0;2;3;10;A01
201200056630;1;30;0;0;2;1;9;A01
201200056630;0;30;0;0;2;1;17;B01
201200056631;0;7;0;0;2;1;1;A01
201200056631;0;32;0;0;2;7;1;B01
201200056632;0;7;0;0;1;5;20;A01
201200056633;0;7;0;0;0;2;1;A01
201200056634;0;34;0;0;2;8;9;B01
201200056634;0;7;0;0;2;2;1;A01
201200056635;0;7;0;0;2;2;15;A01
201200056635;0;33;0;0;2;1;1;B01
201200056636;0;7;0;0;1;3;7;A01
201200056637;0;33;0;0;2;1;1;B01
201200056637;0;7;0;0;2;5;14;A01
201200056638;0;7;0;0;2;4;23;A01
201200056638;0;7;0;0;2;1;2;B01
201200056639;0;2;0;0;0;7;1;A01
201200056640;0;32;0;0;2;1;1;B01