num_acc;senc;catv;occutc;obs;obsm;choc;manv;num_veh
201200056640;0;7;0;0;2;8;15;A01
201200056641;0;32;0;0;0;7;1;A01
201200056642;0;7;0;0;2;5;1;A01
201200056642;0;33;0;0;2;8;14;B01
201200056643;0;32;0;0;2;3;15;A01
201200056643;0;10;0;0;2;2;16;B01
201200056644;0;7;0;0;1;3;1;A01
201200056645;0;7;0;0;2;1;1;A01
201200056645;0;7;0;0;2;3;16;B01
201200056646;0;7;0;0;0;0;9;A01
201200056646;0;33;0;1;2;0;1;B01
201200056647;0;1;0;0;1;1;1;A01
201200056648;0;7;0;0;2;2;16;A01
201200056648;0;34;0;0;2;1;1;B01
201200056649;0;7;0;0;1;3;7;A01
201200056650;0;33;0;0;1;1;11;A01
201200056651;0;32;0;0;2;3;17;A01
201200056651;1;7;0;0;2;0;13;Z01
201200056652;0;7;0;0;1;3;1;A01
201200056653;0;30;0;0;2;1;1;A01
201200056653;0;7;0;0;2;1;15;B01
201200056654;0;34;0;0;2;2;17;A01
201200056655;0;7;0;0;2;7;16;A01
201200056655;0;33;0;0;2;8;1;B01
201200056656;0;7;0;0;1;3;7;A01
201200056657;0;2;0;0;2;1;1;A01
201200056657;0;7;0;0;2;7;1;C01
201200056657;0;33;0;0;2;5;1;B01
201200056658;0;10;0;0;1;1;1;A01
201200056659;0;30;0;0;1;8;1;A01
201200056660;0;33;0;1;2;1;17;B01
201200056660;0;7;0;0;2;3;15;A01
201200056661;0;32;0;0;0;7;1;A01
201200056662;0;37;1;0;2;5;17;A01
201200056662;0;33;0;0;2;8;23;B01
201200056663;0;33;0;0;2;1;13;A01
201200056663;0;37;1;0;2;3;23;B01
201200056664;0;7;0;0;2;2;14;A01
201200056664;0;31;0;0;2;3;1;B01
201200056665;0;7;0;0;2;5;15;A01
201200056665;0;32;0;0;2;1;1;B01
201200056666;0;30;0;0;2;1;1;A01
201200056666;0;7;0;0;2;5;23;B01
201200056667;0;1;0;0;2;1;15;B01
201200056667;0;7;0;0;9;2;15;A01
201200056668;0;2;0;0;0;0;1;A01
201200056669;0;30;0;0;0;7;1;A01
201200056670;0;7;0;14;0;1;1;A01
201200056671;0;34;0;0;2;1;2;A01
201200056671;0;10;0;0;2;5;2;B01
201200056672;0;7;0;0;1;3;15;A01
201200056673;0;33;0;0;2;2;17;A01
201200056673;0;7;0;0;2;3;15;B01
201200056674;0;30;0;11;0;1;1;A01
201200056675;0;30;0;0;2;7;15;A01
201200056675;0;32;0;0;2;1;1;B01
201200056676;2;30;0;0;1;0;1;Z01
201200056677;0;7;0;0;2;5;22;A01
201200056677;0;2;0;0;2;8;18;B01
201200056678;0;7;0;0;2;7;12;A01
201200056678;0;31;0;0;2;8;1;B01
201200056679;0;7;0;0;2;2;15;A01
201200056679;0;33;0;0;2;1;1;B01
201200056680;0;7;0;0;2;3;15;B01
201200056680;0;7;0;0;2;1;1;A01
201200056681;0;1;0;0;0;0;1;A01
201200056682;0;7;0;0;1;1;1;A01
201200056683;0;33;0;0;2;1;2;A01
201200056683;0;7;0;0;2;4;23;B01
201200056683;0;7;0;0;2;2;23;C01
201200056684;0;34;0;0;2;6;2;A01
201200056684;0;7;0;0;2;6;23;B01
201200056685;0;2;0;1;0;6;13;A01
201200056686;0;31;0;0;1;1;1;A01
201200056687;0;7;0;0;2;1;7;B01
201200056687;0;7;0;0;2;7;15;A01
201200056688;0;7;0;0;2;1;1;A01
201200056688;0;7;0;0;1;1;23;B01
201200056689;0;32;0;0;2;1;1;B01
201200056689;0;1;0;0;2;8;19;A01
201200056690;0;33;0;0;1;1;1;A01
201200056691;0;7;0;0;1;1;1;A01
201200056692;0;14;0;0;1;1;16;A01
201200056693;0;33;0;0;0;0;1;A01
201200056694;0;2;0;0;0;7;21;A01
201200056695;0;30;0;0;2;1;1;A01
201200056696;0;32;0;0;2;7;17;A01
201200056696;0;7;0;0;2;3;11;B01
201200056697;0;10;0;0;1;3;1;A01
201200056698;0;34;0;0;0;7;1;A01
201200056699;0;7;0;11;0;3;15;A01
201200056700;0;33;0;0;2;3;1;B01
201200056700;0;7;0;0;2;2;15;A01
201200056701;0;7;0;0;2;4;2;B01
201200056701;0;10;0;0;2;1;2;A01
201200056702;0;32;0;0;0;7;16;A01
201200056703;0;1;0;0;1;1;1;A01
201200056704;0;30;0;0;1;7;7;A01
201200056705;0;32;0;0;2;1;5;A01
201200056705;0;7;0;0;2;8;10;B01
201200056706;0;7;0;0;1;1;1;A01
201200056707;0;7;0;0;2;2;1;B01
201200056707;0;1;0;0;2;6;13;A01
201200056708;0;7;0;1;0;1;14;A01
201200056709;0;31;0;0;0;0;1;A01
201200056710;0;7;0;0;2;5;23;B01
201200056710;0;7;0;0;2;3;2;A01
201200056711;0;7;0;0;2;2;1;A01
201200056711;0;7;0;0;2;6;22;B01
201200056712;0;7;0;0;2;5;23;B01
201200056712;0;32;0;14;2;1;2;A01
201200056713;0;32;0;0;2;1;1;B01
201200056713;0;7;0;0;2;3;13;A01
201200056714;0;7;0;0;1;1;15;A01
201200056715;0;7;0;14;0;4;23;B01
201200056715;0;14;0;1;0;1;2;A01
201200056715;0;7;0;0;0;4;23;C01
201200056716;0;7;0;0;2;2;15;A01
201200056716;0;32;0;0;2;1;1;B01
201200056717;0;7;0;0;2;5;14;B01
201200056717;0;30;0;0;2;3;7;A01
201200056718;0;13;0;0;2;1;2;A01
201200056718;0;7;0;0;2;4;2;B01
201200056719;0;1;0;0;1;1;1;A01
201200056720;0;33;0;0;2;7;15;B01
201200056720;0;13;0;0;2;8;15;A01
201200056721;0;30;0;0;0;0;1;A01
201200056722;0;7;0;0;1;1;15;A01
201200056723;0;32;0;0;2;2;17;B01
201200056723;0;7;0;0;2;3;10;A01
201200056724;0;7;0;0;1;0;9;A01
201200056725;0;7;0;0;2;8;22;A01
201200056725;0;1;0;0;2;7;1;B01
201200056726;0;30;0;0;2;3;15;B01
201200056726;0;30;0;0;2;1;1;A01
201200056727;0;37;1;0;1;3;7;A01
201200056728;0;34;0;0;1;1;17;A01
201200056729;0;7;0;1;0;2;1;A01
201200056730;0;7;0;0;1;3;15;A01
201200056731;0;7;0;0;1;2;1;A01
201200056732;0;7;0;7;0;1;1;A01
201200056733;0;1;0;0;2;1;1;A01
201200056733;0;7;0;0;9;1;1;B01
201200056734;0;7;0;0;0;4;23;B01
201200056734;0;32;0;0;2;1;1;A01
201200056735;0;7;0;0;1;1;15;A01
201200056736;0;7;0;0;2;5;16;B01
201200056736;0;30;0;0;2;1;18;A01
201200056737;0;32;0;0;2;3;1;C01
201200056737;0;32;0;0;2;1;1;B01
201200056737;0;10;0;0;2;8;9;A01
201200056738;0;7;0;0;1;2;1;A01
201200056739;0;2;0;0;2;0;17;A01
201200056739;0;7;0;0;2;0;15;B01
201200056740;0;7;0;0;1;3;1;A01
201200056741;0;7;0;0;1;8;7;A01
201200056742;0;7;0;0;2;3;1;A01
201200056742;0;30;0;0;2;2;1;B01
201200056743;0;31;0;0;1;1;1;A01
201200056744;0;7;0;0;1;7;1;A01
201200056745;0;10;0;0;0;4;23;B01
201200056745;0;7;0;0;0;1;1;A01
201200056746;0;7;0;0;2;5;9;C01
201200056746;0;7;0;0;2;7;1;B01
201200056746;0;33;0;0;2;8;13;A01
201200056747;0;7;0;0;2;3;1;C01
201200056747;0;7;0;0;2;5;1;B01
201200056747;0;30;0;0;2;3;18;A01
201200056748;0;7;0;0;2;1;1;A01
201200056748;0;30;0;0;0;4;23;B01
201200056749;0;7;0;0;2;2;12;A01
201200056749;0;33;0;0;2;8;1;B01
201200056750;0;32;0;0;1;3;1;A01
201200056751;0;7;0;0;1;4;4;A01
201200056752;0;7;0;0;2;3;1;C01
201200056752;0;7;0;0;2;5;2;B01
201200056752;0;32;0;0;2;8;2;A01
201200056753;0;7;0;0;1;8;4;A01
201200056754;0;7;0;0;1;4;4;A01
201200056755;0;7;0;0;1;3;4;A01
201200056756;1;7;0;0;2;0;14;Z01
201200056756;0;30;0;0;2;6;18;A01
201200056757;0;1;0;0;2;7;5;B01
201200056757;0;7;0;0;2;8;1;A01
201200056758;0;7;0;0;2;2;22;A01
201200056758;0;30;0;0;2;3;17;B01
201200056758;0;7;0;0;2;8;23;C01
201200056759;0;7;0;0;2;1;2;A01
201200056759;0;7;0;0;2;4;23;B01
201200056760;0;33;0;0;1;1;1;A01
201200056761;0;7;0;0;2;2;16;A01
201200056761;0;1;0;0;2;1;19;B01
201200056762;0;7;0;0;1;3;16;A01
201200056763;0;32;0;0;0;8;1;A01
201200056764;0;7;0;0;2;2;16;A01
201200056764;0;37;0;0;2;3;7;B01
201200056765;0;33;0;0;2;8;1;B01
201200056765;0;10;0;0;2;2;1;A01
201200056766;0;7;0;0;2;2;16;A01
201200056766;0;1;0;0;2;2;1;B01
201200056767;0;10;0;0;2;3;1;B01
201200056767;0;7;0;0;2;2;16;A01
201200056768;0;30;0;0;0;1;1;A01
201200056769;0;32;0;0;1;1;1;A01
201200056770;0;7;0;0;1;5;4;A01
201200056771;0;1;0;0;2;7;14;A01
201200056771;0;1;0;8;2;8;1;B01
201200056772;0;7;0;0;1;2;16;A01
201200056773;0;7;0;0;1;3;1;A01
201200056774;0;32;0;0;1;1;1;A01
201200056775;0;33;0;0;2;0;1;A01
201200056776;0;7;0;0;2;5;15;A01
201200056776;0;32;0;0;2;1;1;B01
201200056777;1;7;0;0;0;0;0;Z01
201200056778;0;7;0;0;2;6;15;B01
201200056778;0;33;0;0;2;1;17;A01
201200056779;0;32;0;0;2;1;1;C01
201200056779;0;10;0;0;2;6;10;A01
201200056779;0;32;0;0;2;1;1;B01
201200056780;0;7;0;0;1;6;4;A01
201200056781;0;7;0;0;2;7;12;B01
201200056781;0;31;0;0;2;8;18;A01
201200056782;0;30;0;0;1;1;1;A01
201200056783;0;32;0;0;0;0;21;A01
201200056784;0;7;0;0;2;3;10;A01
201200056784;0;31;0;0;2;1;17;B01
201200056784;0;32;0;0;2;1;23;C01
201200056785;1;1;0;0;1;0;1;Z01
201200056786;0;2;0;0;2;1;7;A01
201200056786;0;7;0;0;2;5;16;B01
201200056787;0;1;0;1;0;2;1;B01
201200056787;0;7;0;0;2;3;22;A01
201200056788;0;7;0;0;1;5;4;A01
201200056789;0;2;0;0;2;4;2;A01
201200056789;0;7;0;0;2;4;23;B01
201200056790;0;37;0;0;1;5;15;A01
201200056791;0;7;0;0;2;2;9;A01
201200056791;0;32;0;0;2;8;17;B01
201200056792;0;32;0;0;2;7;1;B01
201200056792;0;7;0;0;2;0;16;A01
201200056793;0;7;0;0;2;4;2;B01
201200056793;0;7;0;0;2;4;15;C01
201200056793;0;7;0;0;2;1;2;A01
201200056794;0;7;0;0;2;3;15;A01
201200056794;0;33;0;0;2;1;1;B01
201200056795;0;13;0;0;1;6;4;A01
201200056796;0;32;0;1;0;0;14;A01
201200056797;0;32;0;0;2;1;1;A01
201200056797;0;1;0;0;2;8;1;B01
201200056798;0;7;0;0;0;8;1;A01
201200056798;0;32;0;0;2;8;15;B01
201200056799;0;10;0;0;2;3;1;B01
201200056799;0;7;0;0;2;3;1;C01
201200056799;0;31;0;0;2;3;17;A01
201200056800;0;33;0;0;2;0;1;B01
201200056800;0;7;0;0;2;8;13;A01
201200056801;0;30;0;0;2;0;18;A01
201200056801;0;7;0;0;0;0;20;B01
201200056802;0;7;0;0;1;2;1;A01
201200056803;0;7;0;0;2;2;13;A01
201200056803;0;32;0;0;2;6;1;B01
201200056804;0;7;0;0;2;2;16;A01
201200056804;0;31;0;0;2;1;1;B01
201200056805;0;1;0;0;1;1;1;A01
201200056806;0;7;0;0;2;6;15;A01
201200056806;0;32;0;0;2;1;5;B01
201200056807;0;7;0;0;1;8;1;A01
201200056808;0;7;0;0;2;2;15;A01
201200056808;0;32;0;0;2;3;1;B01
201200056809;0;7;0;0;2;1;2;A01
201200056809;0;7;0;0;2;4;23;B01
201200056810;0;31;0;0;1;1;17;A01
201200056811;0;31;0;0;2;8;9;B01
201200056811;0;7;0;0;2;3;1;A01
201200056812;0;7;0;0;0;0;23;B01
201200056812;0;7;0;0;0;1;1;A01
201200056812;0;7;0;0;2;0;23;C01
201200056813;0;7;0;0;1;4;4;A01
201200056814;0;7;0;0;2;2;1;B01
201200056814;0;7;0;0;2;2;15;A01
201200056815;0;7;0;0;2;1;2;A01
201200056815;0;32;0;0;2;5;23;B01
201200056816;0;32;0;0;2;2;1;A01
201200056816;0;7;0;0;2;2;16;B01
201200056817;0;30;0;0;2;3;12;A01
201200056817;0;32;0;0;2;5;1;B01
201200056818;0;7;0;0;2;3;1;B01
201200056818;0;34;0;0;2;1;1;A01
201200056819;0;7;0;0;1;1;1;A01
201200056820;0;7;0;0;2;1;15;A01
201200056820;0;30;0;0;2;1;1;B01
201200056821;0;30;0;0;2;1;1;A01
201200056821;1;7;0;0;2;0;9;Z01
201200056822;0;10;0;0;2;4;2;B01
201200056822;0;1;0;0;2;1;2;A01
201200056823;0;7;0;0;2;3;1;B01
201200056823;0;7;0;1;2;2;1;A01
201200056824;0;31;0;0;2;1;17;A01
201200056824;0;7;0;0;2;3;15;B01
201200056825;0;32;0;0;0;0;1;A01
201200056826;0;2;0;0;2;1;17;A01
201200056826;0;7;0;0;2;3;15;B01
201200056827;0;37;40;0;2;2;2;A01
201200056827;0;10;0;0;2;6;23;B01
201200056827;0;7;0;0;2;6;23;C01
201200056828;0;30;0;12;0;2;14;A01
201200056829;0;10;0;0;1;2;1;A01
201200056830;0;1;0;0;2;3;1;B01
201200056830;0;10;0;0;2;7;14;A01
201200056831;0;2;0;0;2;8;1;B01
201200056831;0;7;0;0;2;2;15;A01
201200056832;0;33;0;0;2;3;1;B01
201200056832;0;7;0;0;2;8;1;A01
201200056833;0;32;0;0;2;5;23;B01
201200056833;0;7;0;0;2;3;2;A01
201200056833;0;7;0;0;2;6;23;C01
201200056834;0;33;0;0;1;2;1;A01
201200056835;0;33;0;0;0;0;1;A01
201200056836;0;33;0;0;2;3;1;B01
201200056836;0;1;0;0;2;8;14;A01
201200056837;0;10;0;0;1;1;15;A01
201200056838;0;7;0;0;1;1;1;A01
201200056839;0;7;0;0;2;6;15;B01
201200056839;0;32;0;0;2;2;17;A01
201200056840;0;7;0;0;1;1;15;A01
201200056841;0;7;0;0;2;5;16;B01
201200056841;0;32;0;0;2;3;18;A01
201200056842;0;7;0;0;2;0;1;A01
201200056842;0;30;0;0;2;0;1;B01
201200056843;0;7;0;0;2;4;2;B01
201200056843;0;7;0;0;2;1;2;A01
201200056844;0;7;0;0;1;1;15;A01
201200056845;0;10;0;0;2;8;1;B01
201200056845;0;30;0;0;2;7;1;A01
201200056846;0;10;0;0;2;8;15;B01
201200056846;0;32;0;0;2;7;17;A01
201200056847;0;33;0;0;2;1;12;A01
201200056847;0;7;0;0;2;3;1;C01
201200056847;0;7;0;1;0;6;1;B01
201200056848;0;30;0;0;2;7;17;A01
201200056848;0;7;0;0;2;3;15;B01
201200056849;0;30;0;0;2;1;1;A01
201200056849;0;33;0;0;2;8;1;B01
201200056850;0;7;0;0;1;3;1;A01
201200056851;0;7;0;1;0;7;13;A01
201200056852;0;7;0;0;1;3;16;A01
201200056853;0;1;0;0;0;4;1;B01
201200056853;0;37;1;0;2;3;18;A01
201200056854;0;31;0;0;2;0;21;A01
201200056855;0;34;0;0;0;1;1;A01
201200056856;0;2;0;0;1;7;5;A01
201200056857;0;7;0;0;1;1;15;A01
201200056858;0;33;0;12;0;1;13;A01
201200056859;0;7;0;0;2;3;15;A01
201200056859;0;32;0;0;2;8;1;B01
201200056860;0;7;0;0;2;7;16;A01
201200056860;0;32;0;0;2;8;1;B01
201200056861;1;7;0;0;2;1;1;Z01
201200056861;0;2;0;0;2;9;1;A01
201200056862;0;1;0;0;0;7;21;A01
201200056863;0;32;0;0;1;1;1;A01
201200056864;0;7;0;0;1;2;1;A01
201200056865;0;7;0;0;2;2;7;B01
201200056865;0;31;0;0;2;7;16;A01
201200056866;0;7;0;0;2;3;15;A01
201200056866;0;33;0;0;2;1;1;B01
201200056867;0;7;0;0;1;0;1;A01
201200056868;0;7;0;0;1;0;16;A01
201200056869;0;2;0;0;2;2;17;A01
201200056869;0;7;0;0;2;3;15;B01
201200056870;0;7;0;0;2;4;23;B01
201200056870;0;7;0;0;2;1;1;A01
201200056871;0;7;0;4;0;1;1;A01
201200056871;0;7;0;8;9;1;1;B01
201200056872;0;10;0;0;1;4;4;A01
201200056873;0;7;0;0;2;3;15;A01
201200056873;0;33;0;0;2;2;23;B01
201200056874;0;7;0;0;2;2;1;A01
201200056874;0;7;0;0;0;5;23;B01
201200056875;0;1;0;11;0;1;1;A01
201200056876;0;7;0;0;1;4;4;A01
201200056877;0;7;0;1;0;5;20;B01
201200056877;0;2;0;0;2;2;18;A01
201200056878;0;7;0;0;1;1;1;A01
201200056879;0;30;0;0;0;4;23;B01
201200056879;0;10;0;0;2;2;1;A01
201200056880;0;32;0;0;0;7;1;A01
201200056881;0;34;0;0;0;8;1;A01
201200056882;0;7;0;0;1;3;1;A01
201200056883;0;31;0;0;2;1;1;A01
201200056883;0;7;0;0;2;2;23;B01
201200056884;0;7;0;0;1;2;1;A01
201200056885;0;7;0;0;2;3;9;A01
201200056885;0;33;0;0;2;7;1;B01
201200056886;0;7;0;0;2;2;15;A01
201200056886;0;31;0;0;2;1;1;B01
201200056887;0;7;0;0;2;1;15;A01
201200056887;0;30;0;0;2;8;1;B01
201200056888;0;10;0;0;1;6;1;A01
201200056889;0;33;0;0;2;1;1;B01
201200056889;0;7;0;0;2;7;15;A01
201200056890;0;10;0;0;1;2;1;A01
201200056891;0;30;0;0;1;1;1;A01
201200056892;0;33;0;0;2;8;15;A01
201200056892;0;34;0;0;2;2;1;B01
201200056893;0;2;0;0;2;1;1;B01
201200056893;0;10;0;0;2;7;15;A01
201200056894;0;1;0;0;0;0;21;A01
201200056895;0;7;0;0;2;1;2;C01
201200056895;0;7;0;0;2;4;2;A01
201200056895;0;7;0;0;2;1;2;B01
201200056896;0;7;0;11;0;1;1;A01
201200056897;0;10;0;0;2;3;13;A01
201200056897;0;7;0;0;2;2;1;B01
201200056898;0;36;0;0;2;0;13;A01
201200056898;0;32;0;0;2;3;1;B01
201200056899;0;10;0;0;2;5;15;A01
201200056899;0;33;0;0;2;7;1;B01
201200056900;0;7;0;0;2;8;15;B01
201200056900;0;30;0;0;2;7;17;A01
201200056901;0;10;0;0;2;2;1;A01
201200056901;0;7;0;0;2;3;1;B01
201200056902;0;7;0;0;2;1;2;A01
201200056902;0;33;0;0;2;4;23;B01
201200056903;0;32;0;0;2;7;23;B01
201200056903;0;7;0;0;0;6;23;C01
201200056903;0;7;0;0;2;3;2;A01
201200056904;0;7;0;14;2;1;7;B01
201200056904;0;7;0;0;2;2;16;A01
201200056905;0;7;0;0;2;3;1;B01
201200056905;0;32;0;0;2;2;1;A01
201200056906;0;30;0;0;2;7;1;B01
201200056906;0;7;0;0;2;3;15;A01
201200056907;0;32;0;0;2;1;1;B01
201200056907;0;7;0;0;2;1;15;A01
201200056908;0;1;0;0;2;8;19;B01
201200056908;0;7;0;0;2;0;1;A01
201200056909;0;30;0;0;2;8;1;A01
201200056909;1;7;0;0;2;0;1;Z01
201200056910;0;33;0;0;2;1;1;B01
201200056910;0;10;0;0;2;3;10;A01
201200056911;0;32;0;0;2;1;1;B01
201200056911;0;7;0;0;2;7;15;A01
201200056912;0;7;0;0;2;3;15;A01
201200056912;0;33;0;0;2;8;1;B01
201200056913;0;7;0;0;1;2;16;A01
201200056914;0;7;0;0;2;3;1;B01
201200056914;0;7;0;0;2;3;10;A01
201200056915;0;7;0;2;0;1;14;A01
201200056916;0;31;0;0;2;3;1;B01
201200056916;0;7;0;0;2;2;1;A01
201200056917;0;37;0;0;0;0;7;A01
201200056918;0;7;0;11;0;1;14;A01
201200056919;0;32;0;0;2;1;16;B01
201200056919;0;7;0;0;2;2;1;A01
201200056920;0;7;0;0;2;0;10;A01
201200056920;0;7;0;14;2;3;1;B01
201200056921;0;1;0;0;2;7;1;B01
201200056921;0;7;0;0;2;8;22;A01
201200056922;0;1;0;0;0;0;7;A01
201200056923;0;7;0;0;2;2;15;A01
201200056923;0;7;0;0;2;3;1;B01
201200056924;0;30;0;11;0;1;14;A01
201200056925;0;7;0;0;2;1;23;B01
201200056925;0;10;0;0;2;1;2;A01
201200056926;0;37;0;0;1;0;1;A01
201200056927;0;7;0;0;2;1;15;A01
201200056927;0;32;0;0;2;1;1;B01
201200056928;0;7;0;0;1;3;1;A01
201200056929;1;30;0;9;0;2;14;Z01
201200056930;0;7;0;0;2;4;2;B01
201200056930;0;7;0;0;2;2;2;A01
201200056931;0;33;0;0;1;1;5;A01
201200056932;0;7;0;0;2;4;2;B01
201200056932;0;7;0;0;2;1;2;A01
201200056933;0;30;0;0;1;1;1;A01
201200056934;0;30;0;6;0;1;14;A01
201200056935;0;7;0;0;2;1;2;A01
201200056935;0;7;0;0;2;4;23;B01
201200056935;0;7;0;0;2;7;1;C01
201200056936;0;32;0;12;0;2;0;A01
201200056937;0;7;0;0;2;3;15;A01
201200056937;0;33;0;0;2;1;1;B01
201200056938;0;7;0;0;1;2;0;A01
201200056939;1;7;0;0;2;1;1;Z01
201200056939;0;2;0;0;2;6;23;A01
201200056940;0;7;0;0;2;3;15;A01
201200056940;0;33;0;8;2;7;1;B01
201200056941;0;7;0;0;2;3;1;B01
201200056941;0;31;0;0;2;7;3;A01
201200056942;0;37;0;0;2;1;2;A01
201200056942;0;37;0;6;2;4;2;B01
201200056943;0;1;0;0;2;0;15;A01
201200056943;0;2;0;0;2;0;1;B01
201200056944;0;2;0;1;0;1;21;A01
201200056945;0;7;0;0;2;3;22;A01
201200056945;0;1;0;0;2;1;1;B01
201200056946;0;2;0;0;1;8;7;A01
201200056947;0;32;0;0;0;1;1;A01
201200056948;0;32;0;0;1;1;7;A01
201200056949;0;37;0;0;1;2;7;A01
201200056950;0;7;0;0;2;7;1;A01
201200056950;0;30;0;0;2;1;1;B01
201200056951;0;31;0;0;1;1;1;A01
201200056952;0;2;0;0;0;8;1;A01
201200056953;0;30;0;0;1;1;1;A01
201200056954;1;7;0;0;1;0;1;Z01
201200056955;0;31;0;0;1;1;17;A01
201200056956;0;7;0;0;2;1;15;A01
201200056956;0;1;0;0;2;8;1;B01
201200056957;0;7;0;0;2;7;12;A01
201200056957;0;32;0;0;2;1;1;B01
201200056958;0;7;0;0;1;1;1;A01
201200056959;0;10;0;0;1;8;1;A01
201200056960;0;14;0;0;2;8;10;A01
201200056960;0;30;0;0;2;8;1;B01
201200056961;0;7;0;0;2;1;1;A01
201200056961;0;3;0;2;2;6;13;B01
201200056962;0;33;0;0;0;8;1;A01
201200056963;0;7;0;0;2;0;9;B01
201200056963;0;34;0;0;2;0;1;A01
201200056964;0;10;0;0;2;1;15;B01
201200056964;0;33;0;0;2;7;1;A01
201200056965;0;7;0;0;1;0;15;A01
201200056966;0;30;0;0;1;1;21;A01
201200056967;0;7;0;0;2;4;2;B01
201200056967;0;30;0;0;2;1;2;A01
201200056968;0;7;0;0;2;5;23;B01
201200056968;0;7;0;0;2;1;2;A01
201200056969;0;7;0;0;1;1;1;A01
201200056970;0;1;0;1;0;7;22;B01
201200056970;0;7;0;0;0;7;22;A01
201200056971;0;7;0;0;2;4;1;B01
201200056971;0;7;0;0;2;1;1;A01
201200056972;0;7;0;0;2;2;15;A01
201200056972;0;33;0;0;2;1;1;B01
201200056973;0;7;0;0;1;1;16;A01
201200056974;0;2;0;0;2;8;1;A01
201200056974;0;7;0;0;2;2;15;B01
201200056975;0;10;0;0;1;4;4;A01
201200056976;0;7;0;1;2;2;1;A01
201200056976;0;2;0;0;0;4;16;B01
201200056977;0;7;0;0;1;1;1;A01
201200056978;0;7;0;0;2;1;2;A01
201200056978;0;7;0;0;2;4;2;B01
201200056979;0;32;0;0;2;3;16;A01
201200056979;0;7;0;0;2;3;18;B01
201200056980;0;10;0;0;1;6;4;A01
201200056981;0;7;0;0;2;1;10;A01
201200056981;0;32;0;0;2;2;1;B01
201200056982;0;37;0;0;1;2;1;A01
201200056983;0;7;0;0;1;3;1;A01
201200056984;0;7;0;0;1;1;15;A01
201200056985;0;2;0;0;1;3;17;A01
201200056986;0;7;0;0;2;1;1;A01
201200056986;0;33;0;0;0;4;23;B01
201200056987;0;32;0;0;1;1;17;A01
201200056988;0;7;0;12;0;2;1;A01
201200056989;0;7;0;0;2;3;9;A01
201200056989;0;2;0;0;2;1;17;B01
201200056990;0;7;0;0;1;1;16;A01
201200056991;0;30;0;0;0;7;1;A01
201200056992;0;7;0;0;2;1;2;A01
201200056992;0;14;0;0;2;4;2;B01
201200056993;0;33;0;0;2;4;23;B01
201200056993;0;33;0;0;2;1;2;A01
201200056994;0;2;0;0;2;8;9;A01
201200056994;0;1;0;0;2;2;1;B01
201200056995;0;33;0;1;0;2;14;A01
201200056996;0;7;0;0;2;2;16;B01
201200056996;0;32;0;0;2;8;7;A01
201200056997;0;10;0;0;1;4;4;A01
201200056998;0;32;0;14;0;1;14;A01
201200056999;0;30;0;0;2;2;14;A01
201200056999;0;7;0;0;2;8;7;B01
201200057000;0;32;0;0;0;0;1;A01
201200057001;0;7;0;0;1;4;4;A01
201200057002;0;32;0;0;2;3;1;B01
201200057002;0;10;0;0;2;2;16;A01
201200057003;0;10;0;0;0;7;1;B01
201200057003;0;34;0;0;2;3;3;A01
201200057004;0;7;0;0;1;2;1;A01
201200057005;0;30;0;0;0;0;21;A01
201200057006;0;7;0;0;1;1;1;A01
201200057007;0;32;0;0;0;8;21;A01
201200057008;0;34;0;0;2;1;12;A01
201200057008;0;7;0;0;0;5;1;B01
201200057009;0;32;0;1;0;6;14;A01
201200057010;0;31;0;14;2;1;2;A01
201200057010;0;7;0;0;2;6;2;B01
201200057011;0;10;0;0;2;3;10;A01
201200057011;0;30;0;0;2;1;1;B01
201200057012;0;7;0;0;2;6;10;A01
201200057012;0;34;0;0;2;0;1;B01
201200057013;0;7;0;0;1;4;4;A01
201200057014;0;10;0;0;1;3;15;A01
201200057015;0;2;0;0;1;1;17;A01
201200057016;0;32;0;0;2;8;1;B01
201200057016;0;7;0;0;2;7;16;A01
201200057017;0;30;0;0;2;3;1;A01
201200057017;1;7;0;0;2;2;10;Z01
201200057018;0;7;0;0;2;3;10;A01
201200057018;0;34;0;0;2;1;17;B01
201200057019;0;2;0;0;1;3;1;A01
201200057020;0;7;0;0;2;1;1;B01
201200057020;0;32;0;1;2;1;1;A01
201200057021;0;7;0;0;2;3;15;A01
201200057021;0;31;0;0;2;1;1;B01
201200057022;1;10;0;0;2;4;4;Z01
201200057022;0;10;0;0;2;9;24;A01
201200057023;0;34;0;0;2;3;1;B01
201200057023;0;7;0;0;2;2;9;A01
201200057024;0;1;0;0;2;1;1;B01
201200057024;0;7;0;0;2;0;22;A01
201200057025;0;7;0;0;1;3;1;A01
201200057026;0;33;0;0;1;1;1;A01
201200057027;0;31;0;0;1;1;1;A01
201200057028;0;7;0;0;1;2;1;A01
201200057029;0;7;0;0;2;2;1;B01
201200057029;0;7;0;0;2;7;1;A01
201200057030;0;7;0;0;2;0;12;A01
201200057030;0;34;0;0;2;0;1;B01
201200057031;0;33;0;0;2;1;2;A01
201200057031;0;7;0;0;2;4;2;B01
201200057032;0;7;0;0;1;3;1;A01
201200057033;0;7;0;0;2;3;15;A01
201200057033;0;2;0;0;2;1;1;B01
201200057034;0;30;0;0;0;5;17;A01
201200057035;0;33;0;0;0;0;1;A01