num_acc;senc;catv;occutc;obs;obsm;choc;manv;num_veh
201200057036;0;30;0;0;2;1;17;A01
201200057036;0;7;0;0;2;1;1;B01
201200057037;0;7;0;0;2;1;15;A01
201200057037;0;1;0;0;2;5;1;B01
201200057038;0;7;0;0;1;2;1;A01
201200057039;0;7;0;0;1;2;1;A01
201200057040;0;7;0;0;2;5;15;A01
201200057040;0;32;0;0;2;1;1;B01
201200057041;0;32;0;0;2;5;17;B01
201200057041;0;7;0;0;2;8;15;A01
201200057042;0;1;0;0;0;0;21;A01
201200057043;0;31;0;14;0;7;18;A01
201200057044;0;7;0;0;1;1;1;A01
201200057045;0;7;0;0;2;6;1;B01
201200057045;0;30;0;0;2;1;17;A01
201200057045;0;37;1;0;2;6;1;C01
201200057046;0;1;0;0;2;1;5;A01
201200057046;0;30;0;0;9;1;15;B01
201200057047;0;7;0;0;0;0;15;A01
201200057048;0;32;0;0;2;1;1;A01
201200057048;0;32;0;0;2;8;15;B01
201200057049;0;2;0;0;1;8;16;A01
201200057050;0;32;0;0;0;0;1;A01
201200057051;0;7;0;0;1;2;1;A01
201200057052;0;7;0;0;2;3;15;B01
201200057052;0;32;0;0;2;3;1;A01
201200057053;0;1;0;0;2;0;1;B01
201200057053;0;7;0;0;2;0;22;A01
201200057054;0;7;0;0;1;4;4;A01
201200057055;0;32;0;0;0;0;15;A01
201200057056;0;7;0;0;2;4;1;B01
201200057056;0;33;0;0;2;3;1;A01
201200057057;0;32;0;0;0;8;1;A01
201200057058;0;32;0;0;1;1;1;A01
201200057059;0;7;0;0;2;1;1;A01
201200057059;0;7;0;0;2;4;1;C01
201200057059;0;7;0;14;2;4;1;B01
201200057060;0;7;0;0;1;5;4;A01
201200057061;0;7;0;0;1;2;17;A01
201200057062;0;7;0;0;1;7;1;A01
201200057063;0;7;0;0;1;1;9;A01
201200057064;0;7;0;0;1;1;1;A01
201200057065;1;30;0;0;1;1;17;Z01
201200057066;0;32;0;0;0;0;21;A01
201200057067;0;7;0;0;2;9;23;B01
201200057067;0;7;0;0;2;4;23;C01
201200057067;0;7;0;0;2;1;2;A01
201200057068;0;34;0;0;2;7;17;B01
201200057068;0;7;0;0;2;3;15;A01
201200057069;1;7;0;0;2;0;1;Z01
201200057069;0;31;0;0;2;3;1;A01
201200057070;0;7;0;0;1;1;16;A01
201200057071;0;7;0;0;2;7;22;A01
201200057071;0;1;0;0;2;3;1;B01
201200057072;0;7;0;0;1;0;1;A01
201200057073;0;7;0;0;1;3;1;A01
201200057074;0;2;0;0;2;7;2;A01
201200057074;0;1;0;0;2;0;2;B01
201200057075;0;30;0;0;2;1;1;B01
201200057075;0;7;0;0;2;7;1;A01
201200057076;0;7;0;0;1;1;15;A01
201200057077;0;30;0;0;2;1;17;A01
201200057077;0;10;0;0;2;3;15;B01
201200057078;0;32;0;0;2;0;21;A01
201200057079;0;2;0;0;2;1;18;A01
201200057079;0;7;0;0;2;2;12;B01
201200057080;0;7;0;0;2;6;1;C01
201200057080;0;7;0;0;2;7;9;A01
201200057080;0;30;0;0;2;1;1;B01
201200057081;1;7;0;0;1;1;15;Z01
201200057082;0;7;0;11;0;3;15;A01
201200057083;0;33;0;0;1;1;1;A01
201200057084;0;30;0;1;5;0;1;A01
201200057085;0;7;0;0;1;1;1;A01
201200057086;0;7;0;0;2;3;22;A01
201200057086;0;1;0;0;2;1;1;B01
201200057087;0;10;0;0;1;1;1;A01
201200057088;0;7;0;0;1;6;4;A01
201200057089;0;7;0;0;1;1;9;A01
201200057090;0;32;0;0;0;0;7;A01
201200057091;0;7;0;0;1;1;2;A01
201200057092;0;7;0;0;0;4;23;A01
201200057092;0;7;0;0;9;1;1;B01
201200057093;0;33;0;0;0;1;17;A01
201200057093;0;7;0;0;0;8;15;B01
201200057094;1;10;0;0;0;1;15;Z01
201200057094;0;33;0;0;0;8;15;B01
201200057095;0;33;0;0;2;3;1;B01
201200057095;0;7;0;0;2;5;1;A01
201200057096;0;7;0;0;1;1;1;A01
201200057097;0;32;0;0;1;1;1;A01
201200057098;0;30;0;0;0;0;1;A01
201200057099;0;32;0;0;1;2;1;A01
201200057100;0;30;0;0;2;3;1;B01
201200057100;0;7;0;0;2;2;16;A01
201200057101;0;7;0;0;2;2;15;A01
201200057101;0;1;0;0;2;0;1;B01
201200057102;0;7;0;0;2;2;10;A01
201200057102;0;32;0;0;2;1;1;B01
201200057103;0;1;0;0;2;1;1;B01
201200057103;0;7;0;0;2;2;15;A01
201200057104;0;7;0;0;2;1;1;A01
201200057104;0;32;0;0;0;4;23;B01
201200057105;0;2;0;12;0;2;21;A01
201200057106;0;10;0;0;1;4;4;A01
201200057107;0;7;0;0;1;2;1;A01
201200057108;0;1;0;0;2;1;1;B01
201200057108;0;7;0;0;2;2;15;A01
201200057109;0;7;0;0;2;8;22;A01
201200057109;0;1;0;0;2;6;1;B01
201200057110;0;7;0;0;2;1;2;A01
201200057110;0;7;0;0;2;4;23;B01
201200057111;0;1;0;0;2;8;13;A01
201200057111;0;7;0;0;2;7;1;B01
201200057112;0;7;0;0;2;8;9;A01
201200057112;0;1;0;0;2;7;1;B01
201200057113;0;7;0;0;1;1;1;A01
201200057114;0;34;0;0;2;1;17;A01
201200057114;0;31;0;0;2;3;15;B01
201200057115;0;2;0;0;0;3;1;A01
201200057115;0;37;1;0;9;3;23;B01
201200057116;0;33;0;0;2;1;17;A01
201200057116;0;2;0;0;2;8;15;B01
201200057117;0;7;0;0;2;8;1;B01
201200057117;0;7;0;0;2;1;15;A01
201200057118;0;7;0;1;0;3;5;A01
201200057119;0;7;0;0;1;8;1;A01
201200057120;0;1;0;0;1;1;1;A01
201200057121;0;7;0;0;2;1;1;A01
201200057121;0;30;0;0;2;3;1;B01
201200057122;0;1;0;0;2;0;1;B01
201200057122;0;7;0;0;2;4;1;A01
201200057123;0;31;0;0;2;1;1;A01
201200057123;0;7;0;0;0;6;23;B01
201200057124;0;32;0;0;2;7;1;B01
201200057124;0;7;0;0;2;3;11;A01
201200057125;0;32;0;1;1;7;13;A01
201200057126;0;7;0;0;1;0;15;A01
201200057127;0;30;0;0;1;7;1;A01
201200057128;0;13;0;0;2;3;2;A01
201200057128;0;7;0;0;2;4;23;B01
201200057129;0;32;0;0;2;4;2;A01
201200057129;0;30;0;0;2;1;2;B01
201200057130;0;7;0;0;2;6;9;A01
201200057130;0;2;0;0;2;1;1;B01
201200057131;0;32;0;12;0;0;14;A01
201200057132;0;32;0;0;2;1;1;A01
201200057132;0;7;0;0;2;8;1;B01
201200057133;0;2;0;0;0;1;1;A01
201200057134;0;7;0;0;2;3;15;A01
201200057134;0;34;0;0;2;1;1;B01
201200057135;0;30;0;0;0;0;16;A01
201200057136;0;7;0;0;2;6;23;B01
201200057136;0;2;0;0;2;6;2;A01
201200057137;0;1;0;0;2;1;1;B01
201200057137;0;7;0;0;2;3;22;A01
201200057138;0;7;0;0;2;2;16;A01
201200057138;0;32;0;0;2;3;16;B01
201200057139;0;7;0;0;2;3;1;B01
201200057139;0;30;0;0;2;2;15;A01
201200057140;0;10;0;0;1;4;4;A01
201200057141;0;30;0;0;2;3;7;A01
201200057141;0;7;0;0;2;2;16;B01
201200057142;0;31;0;0;2;7;21;A01
201200057143;0;7;0;0;1;2;1;A01
201200057144;0;32;0;0;1;2;1;A01
201200057145;0;7;0;0;2;4;23;C01
201200057145;0;7;0;0;2;1;2;A01
201200057145;0;33;0;0;2;4;23;B01
201200057146;0;7;0;4;2;7;1;B01
201200057146;0;10;0;0;2;3;10;A01
201200057147;0;30;0;0;0;0;11;A01
201200057148;0;7;0;0;2;3;1;B01
201200057148;0;1;0;0;2;1;1;A01
201200057149;0;10;0;0;1;3;1;A01
201200057150;0;31;0;0;2;6;18;A01
201200057150;0;7;0;0;2;5;14;B01
201200057151;0;30;0;0;1;2;1;A01
201200057152;0;32;0;0;2;1;13;A01
201200057152;0;7;0;0;2;8;1;B01
201200057153;0;10;0;0;2;3;11;A01
201200057153;0;32;0;0;2;3;17;B01
201200057154;0;7;0;0;2;3;15;B01
201200057154;0;7;0;0;2;2;1;A01
201200057155;0;7;0;0;1;2;1;A01
201200057156;0;7;0;0;2;2;1;A01
201200057156;0;30;0;0;2;3;1;B01
201200057157;0;7;0;0;2;2;17;A01
201200057157;0;1;0;0;2;4;15;B01
201200057158;0;7;0;0;2;3;22;A01
201200057158;0;30;0;0;2;1;1;B01
201200057159;0;10;0;0;2;3;1;B01
201200057159;0;7;0;0;0;7;1;A01
201200057160;0;7;0;0;1;5;1;A01
201200057161;0;1;0;0;2;8;23;B01
201200057161;0;7;0;0;9;7;1;A01
201200057162;0;7;0;0;1;2;1;A01
201200057163;0;31;0;0;2;0;21;A01
201200057164;0;1;0;1;0;0;21;A01
201200057165;0;7;0;0;2;7;15;A01
201200057165;0;1;0;0;2;2;19;B01
201200057166;0;2;0;0;2;1;17;A01
201200057166;0;10;0;0;2;3;15;B01
201200057167;0;32;0;0;1;0;1;A01
201200057168;0;7;0;0;1;2;17;A01
201200057169;0;7;0;0;2;2;15;A01
201200057169;0;2;0;0;2;1;1;B01
201200057170;0;30;0;0;2;1;1;A01
201200057170;0;7;0;0;0;4;23;B01
201200057171;0;34;0;0;1;1;1;A01
201200057172;0;33;0;0;1;1;1;A01
201200057173;0;31;0;0;0;0;1;A01
201200057174;0;1;0;0;2;0;17;A01
201200057174;0;37;1;0;2;8;23;B01
201200057175;0;1;0;0;2;1;1;B01
201200057175;0;10;0;0;2;5;15;A01
201200057176;0;7;0;0;1;3;1;A01
201200057177;0;7;0;0;2;2;15;A01
201200057177;0;32;0;0;2;1;1;B01
201200057178;0;2;0;0;0;0;21;A01
201200057179;0;7;0;0;2;1;1;C01
201200057179;0;7;0;0;2;3;22;A01
201200057179;0;32;0;1;2;2;1;B01
201200057180;0;34;0;0;2;2;1;A01
201200057180;0;1;0;0;2;8;19;B01
201200057181;0;7;0;0;2;7;15;A01
201200057181;0;33;0;0;2;1;1;B01
201200057182;0;7;0;0;2;2;15;A01
201200057182;0;1;0;0;2;1;1;B01
201200057183;0;7;0;0;1;1;1;A01
201200057184;0;7;0;0;1;2;15;A01
201200057185;0;30;0;0;2;3;18;A01
201200057185;0;7;0;0;2;2;16;B01
201200057186;0;7;0;0;2;8;1;A01
201200057186;0;32;0;0;2;1;1;B01
201200057187;0;31;0;0;2;1;1;B01
201200057187;0;7;0;0;2;2;1;A01
201200057188;0;7;0;0;0;4;23;B01
201200057188;0;31;0;0;2;1;1;A01
201200057189;0;7;0;0;2;3;17;A01
201200057189;0;33;0;0;2;4;20;B01
201200057190;0;7;0;0;1;6;20;A01
201200057191;0;30;0;0;1;1;1;A01
201200057192;0;7;0;0;1;7;1;A01
201200057193;0;33;0;0;2;1;17;B01
201200057193;0;7;0;0;2;3;10;A01
201200057194;0;7;0;0;0;8;22;A01
201200057194;0;1;0;1;0;7;1;B01
201200057195;0;7;0;0;2;3;1;A01
201200057195;0;34;0;0;2;4;23;B01
201200057196;0;1;0;0;0;0;1;A01
201200057197;0;30;0;0;2;4;15;B01
201200057197;0;7;0;0;2;1;2;A01
201200057198;0;32;0;0;0;0;1;A01
201200057199;0;1;0;0;2;1;2;A01
201200057199;0;7;0;0;2;4;23;B01
201200057200;0;10;0;0;2;3;22;A01
201200057200;0;1;0;0;2;2;1;B01
201200057201;0;7;0;1;0;1;14;A01
201200057202;0;7;0;0;2;2;1;A01
201200057202;0;33;0;0;2;3;1;B01
201200057203;0;37;0;0;1;3;1;A01
201200057204;0;7;0;8;0;1;14;A01
201200057205;0;7;0;11;0;3;15;A01
201200057206;0;33;0;0;1;1;17;A01
201200057207;0;32;0;0;1;0;1;A01
201200057208;0;10;0;0;2;1;2;A01
201200057208;0;7;0;0;2;6;2;B01
201200057209;0;7;0;0;2;2;16;A01
201200057209;0;30;0;1;2;1;18;B01
201200057210;0;30;0;0;2;1;1;B01
201200057210;0;7;0;0;2;7;16;A01
201200057211;0;7;0;0;1;2;15;A01
201200057212;0;7;0;0;2;7;1;A01
201200057212;0;30;0;0;2;1;1;B01
201200057213;0;7;0;0;2;3;22;A01
201200057213;0;1;0;0;2;2;1;B01
201200057214;0;7;0;0;2;8;1;B01
201200057214;0;32;0;0;2;2;17;A01
201200057215;0;30;0;0;2;4;23;B01
201200057215;0;7;0;0;2;1;2;A01
201200057216;0;32;0;0;2;4;23;B01
201200057216;0;7;0;0;2;1;2;A01
201200057217;0;30;0;0;0;7;1;A01
201200057218;0;34;0;0;1;7;1;A01
201200057219;0;7;0;0;2;3;23;C01
201200057219;0;33;0;0;2;3;3;A01
201200057219;0;7;0;0;2;2;23;B01
201200057220;0;7;0;0;2;2;1;A01
201200057220;0;30;0;0;2;1;1;B01
201200057221;0;38;2;0;2;8;15;B01
201200057221;0;33;0;0;2;7;17;A01
201200057222;0;30;0;0;2;1;2;A01
201200057222;0;2;0;0;2;4;2;B01
201200057223;0;30;0;0;2;2;17;A01
201200057223;0;7;0;0;2;3;15;B01
201200057224;0;32;0;0;2;6;3;A01
201200057224;0;7;0;0;2;2;1;B01
201200057225;0;7;0;0;2;6;1;A01
201200057225;0;33;0;0;2;1;1;B01
201200057226;0;2;0;0;1;1;1;A01
201200057227;0;1;0;0;2;0;16;A01
201200057227;0;2;0;0;2;3;18;B01
201200057228;0;32;0;0;1;2;1;A01
201200057229;0;7;0;0;2;8;22;A01
201200057229;0;1;0;0;2;1;1;B01
201200057230;0;32;0;1;0;1;13;A01
201200057231;0;7;0;0;2;1;2;A01
201200057231;0;7;0;0;2;4;23;C01
201200057231;0;7;0;0;2;4;23;B01
201200057232;0;7;0;0;1;1;1;A01
201200057233;0;34;0;0;1;1;1;A01
201200057234;0;7;0;0;2;5;2;A01
201200057234;0;7;0;0;2;3;2;B01
201200057235;0;7;0;0;1;1;1;A01
201200057236;0;7;0;0;2;6;13;A01
201200057236;0;7;0;0;2;2;24;B01
201200057237;0;7;0;8;2;1;1;A01
201200057237;0;10;0;1;2;5;1;B01
201200057238;1;7;0;0;1;0;1;Z01
201200057239;0;7;0;0;2;3;11;A01
201200057239;0;2;0;0;2;2;1;B01
201200057240;0;30;0;0;2;7;23;B01
201200057240;0;30;0;15;2;8;2;A01
201200057241;0;7;0;15;0;1;13;A01
201200057242;0;32;0;0;2;4;2;A01
201200057242;1;7;0;0;2;0;2;Z01
201200057243;0;37;0;0;1;1;1;A01
201200057244;0;7;0;0;2;0;14;B01
201200057244;0;33;0;8;2;1;18;A01
201200057245;0;7;0;0;2;1;1;A01
201200057245;0;7;0;0;2;6;9;B01
201200057246;0;2;0;1;2;2;17;A01
201200057246;0;7;0;0;2;3;1;B01
201200057247;0;7;0;0;2;1;2;A01
201200057247;0;7;0;0;2;4;2;B01
201200057248;0;7;0;0;2;3;1;B01
201200057248;0;7;0;0;0;5;1;C01
201200057248;0;10;0;0;2;3;13;A01
201200057249;0;30;0;0;2;7;1;B01
201200057249;0;7;0;0;2;8;1;A01
201200057250;0;30;0;1;0;8;13;A01
201200057251;0;7;0;0;2;1;2;A01
201200057251;0;7;0;0;2;4;2;B01
201200057252;0;37;0;0;1;2;1;A01
201200057253;0;30;0;0;2;8;17;B01
201200057253;0;7;0;0;2;8;5;A01
201200057254;0;7;0;0;2;8;22;A01
201200057254;0;32;0;0;2;7;1;B01
201200057255;0;1;0;0;2;1;1;A01
201200057255;0;7;0;0;2;0;22;B01
201200057256;0;34;0;0;2;1;13;A01
201200057256;0;7;0;0;2;3;23;B01
201200057257;0;1;0;0;2;8;19;A01
201200057257;0;40;0;0;2;1;1;B01
201200057258;0;1;0;0;2;1;1;B01
201200057258;0;7;0;0;2;2;15;A01
201200057259;0;33;0;14;0;8;1;A01
201200057260;0;7;0;0;0;4;23;B01
201200057260;0;32;0;0;2;1;1;A01
201200057261;0;10;0;0;1;2;16;A01
201200057262;0;30;0;0;1;0;1;A01
201200057263;0;7;0;0;2;4;2;B01
201200057263;0;7;0;0;2;1;2;A01
201200057264;0;37;1;0;1;2;1;A01
201200057265;0;7;0;0;1;2;15;A01
201200057266;0;7;0;0;0;6;23;B01
201200057266;0;33;0;0;2;1;1;A01
201200057267;0;7;0;0;2;6;15;B01
201200057267;0;33;0;0;2;6;17;A01
201200057268;0;1;0;0;2;3;15;A01
201200057268;0;7;0;0;2;2;1;B01
201200057269;0;32;0;0;2;1;17;B01
201200057269;0;10;0;0;2;3;15;A01
201200057270;0;32;0;0;0;8;1;A01
201200057271;0;7;0;0;2;6;2;B01
201200057271;0;7;0;0;2;1;2;A01
201200057272;0;2;0;0;2;1;7;A01
201200057272;0;10;0;0;0;2;16;B01
201200057273;0;7;0;0;2;8;18;A01
201200057273;0;33;0;0;2;0;23;B01
201200057274;0;7;0;0;1;4;4;A01
201200057275;0;7;0;0;1;1;15;A01
201200057276;0;7;0;0;2;2;2;A01
201200057276;0;7;0;0;2;1;2;B01
201200057276;0;7;0;0;2;4;23;C01
201200057277;0;30;0;0;2;1;1;B01
201200057277;0;7;0;0;2;8;10;A01
201200057278;0;32;0;0;2;1;1;A01
201200057278;0;7;0;0;2;1;15;B01
201200057279;0;7;0;0;2;2;15;A01
201200057279;0;7;0;0;2;3;1;B01
201200057280;0;1;0;0;2;1;1;B01
201200057280;0;7;0;0;2;3;15;A01
201200057281;0;2;0;0;2;4;2;B01
201200057281;0;7;0;0;2;1;2;A01
201200057282;0;7;0;0;2;1;1;B01
201200057282;0;2;0;0;2;7;1;A01
201200057283;0;14;0;0;2;1;1;A01
201200057283;0;32;0;0;0;4;23;B01
201200057284;0;34;0;0;1;2;1;A01
201200057285;0;30;0;0;2;1;17;A01
201200057285;0;13;0;0;2;3;15;B01
201200057286;0;30;0;0;0;8;21;A01
201200057287;0;1;0;0;2;2;1;B01
201200057287;0;7;0;0;2;2;16;A01
201200057288;0;7;0;0;0;6;15;A01
201200057288;0;32;0;0;2;3;17;B01
201200057289;0;7;0;14;0;1;1;A01
201200057290;0;31;0;8;2;8;1;B01
201200057290;0;7;0;0;2;2;16;A01
201200057291;0;10;0;0;1;2;1;A01
201200057292;0;10;0;0;1;3;15;A01
201200057293;0;1;0;0;2;2;5;A01
201200057293;0;7;0;0;2;3;1;B01
201200057294;0;37;1;0;2;1;1;A01
201200057294;0;1;0;0;2;7;19;B01
201200057295;0;30;0;0;2;8;18;B01
201200057295;0;7;0;0;2;7;22;A01
201200057296;0;7;0;0;2;1;1;B01
201200057296;0;7;0;0;2;2;1;A01
201200057297;0;7;0;0;1;2;11;A01
201200057298;0;10;0;0;2;1;2;A01
201200057298;0;33;0;0;2;4;23;B01
201200057299;0;7;0;1;2;4;23;C01
201200057299;0;7;0;0;2;7;23;B01
201200057299;0;7;0;0;2;9;2;A01
201200057300;0;7;0;0;1;2;1;A01
201200057301;0;40;0;0;2;2;1;B01
201200057301;0;10;0;0;2;3;1;A01
201200057302;0;1;0;0;1;1;7;A01
201200057303;0;30;0;0;2;8;1;B01
201200057303;0;7;0;0;2;2;16;A01
201200057304;0;7;0;0;1;1;1;A01
201200057305;0;1;0;15;2;4;2;A01
201200057305;1;10;0;0;2;0;2;Z01
201200057306;0;33;0;0;1;0;1;A01
201200057307;0;1;0;0;0;0;1;A01
201200057308;0;7;0;0;2;3;22;A01
201200057308;0;2;0;0;2;1;1;B01
201200057309;0;30;0;0;2;7;1;B01
201200057309;0;7;0;0;2;3;22;A01
201200057310;0;1;0;0;1;7;1;A01
201200057311;0;40;0;0;2;2;1;B01
201200057311;0;7;0;0;4;3;15;A01
201200057312;0;2;0;15;9;0;15;B01
201200057312;0;30;0;15;9;0;17;A01
201200057313;0;7;0;0;1;3;1;A01
201200057314;0;7;0;0;2;2;1;B01
201200057314;0;7;0;9;2;8;1;A01
201200057315;0;2;0;1;0;1;1;A01
201200057316;0;33;0;0;2;4;2;B01
201200057316;0;7;0;0;2;1;2;A01
201200057317;0;7;0;0;1;3;15;A01
201200057318;0;7;0;0;1;4;4;A01
201200057319;0;7;0;0;1;1;1;A01
201200057320;0;33;0;0;2;3;1;B01
201200057320;0;7;0;0;2;2;10;A01
201200057321;0;32;0;0;0;2;1;A01
201200057322;0;32;0;0;2;2;2;A01
201200057322;0;32;0;0;2;6;2;B01
201200057323;0;7;0;0;2;7;24;C01
201200057323;0;33;0;0;2;2;9;A01
201200057323;0;33;0;1;2;8;1;B01
201200057324;0;7;0;7;0;1;14;A01
201200057325;0;7;0;0;2;2;10;A01
201200057325;0;31;0;0;2;1;1;B01
201200057326;0;7;0;0;1;3;15;A01
201200057327;0;7;0;0;2;1;13;A01
201200057327;0;7;0;0;2;5;24;B01
201200057328;0;1;0;0;0;0;1;A01
201200057329;0;7;0;0;0;4;23;C01
201200057329;0;7;0;0;2;4;23;B01
201200057329;0;10;0;0;2;1;1;A01
201200057330;0;15;0;1;0;1;1;A01
201200057331;0;32;0;0;0;7;15;A01
201200057332;0;32;0;0;0;2;1;A01
201200057333;0;7;0;0;2;2;1;A01
201200057333;0;7;0;0;2;3;16;B01
201200057334;2;1;0;0;1;1;1;A01
201200057335;0;7;0;0;2;7;15;A01
201200057335;0;34;0;0;2;1;16;B01
201200057336;0;7;0;0;0;4;16;B01
201200057336;0;1;0;0;0;1;1;A01
201200057337;0;34;0;0;2;3;1;B01
201200057337;0;7;0;0;2;2;1;A01
201200057338;0;34;0;0;2;6;1;A01
201200057338;0;7;0;0;0;6;1;B01
201200057339;0;7;0;0;1;1;15;A01
201200057340;0;7;0;0;1;2;15;A01
201200057341;0;7;0;1;0;1;14;A01
201200057342;0;37;1;0;2;7;16;B01
201200057342;0;32;0;0;2;1;18;A01
201200057343;0;34;0;0;2;1;17;A01
201200057343;0;1;0;0;2;4;13;B01
201200057344;0;30;0;0;2;3;1;B01
201200057344;0;7;0;0;2;3;15;A01
201200057345;0;30;0;0;0;8;1;A01
201200057346;0;34;0;0;2;7;15;A01
201200057346;0;33;0;0;2;1;1;B01
201200057347;0;2;0;11;0;1;13;A01
201200057348;0;34;0;0;1;1;1;A01
201200057349;0;33;0;0;2;8;16;B01
201200057349;0;7;0;0;2;2;1;A01
201200057350;0;7;0;0;1;4;4;A01
201200057351;0;2;0;0;0;8;1;A01
201200057352;0;7;0;0;1;3;15;A01
201200057353;0;7;0;0;1;1;1;A01
201200057354;0;7;0;0;2;2;15;A01
201200057354;0;32;0;0;2;1;1;B01
201200057355;0;7;0;0;1;1;1;A01
201200057356;0;30;0;0;0;8;1;A01
201200057357;0;7;0;0;1;5;4;A01
201200057358;0;7;0;0;1;5;4;A01
201200057359;0;32;0;0;2;1;1;B01
201200057359;0;7;0;0;2;8;13;A01
201200057360;0;30;0;0;0;0;1;A01
201200057361;0;10;0;0;1;2;1;A01
201200057362;0;7;0;0;2;2;1;A01
201200057362;0;7;0;0;2;3;1;B01
201200057363;0;7;0;0;1;2;1;A01
201200057364;0;7;0;0;2;3;1;B01
201200057364;0;7;0;0;2;2;1;C01
201200057364;0;7;0;0;2;7;1;A01
201200057365;0;7;0;0;2;7;1;A01
201200057365;0;7;0;0;2;1;1;B01
201200057366;0;2;0;0;2;1;1;A01
201200057366;0;7;0;0;2;3;15;B01
201200057367;0;7;0;8;2;5;1;B01
201200057367;0;7;0;0;2;1;1;A01
201200057368;0;34;0;0;2;3;1;A01
201200057368;1;7;0;0;2;1;15;Z01
201200057369;0;10;0;0;1;4;4;A01
201200057370;0;7;0;0;1;8;1;A01
201200057371;0;32;0;0;1;1;1;A01
201200057372;0;7;0;0;2;2;5;A01
201200057372;0;33;0;0;2;8;1;B01
201200057373;0;32;0;0;2;7;1;A01
201200057373;0;7;0;0;2;3;9;B01
201200057374;0;7;0;0;2;8;15;A01
201200057374;0;30;0;0;2;2;1;B01
201200057375;0;7;0;0;2;2;15;A01
201200057375;0;1;0;0;2;1;1;B01
201200057376;0;7;0;1;2;1;1;B01
201200057376;0;7;0;0;2;8;1;A01
201200057377;0;7;0;0;2;5;13;A01
201200057377;0;32;0;0;2;1;1;B01
201200057378;0;30;0;0;0;2;21;A01
201200057379;0;33;0;0;2;4;2;B01
201200057379;0;7;0;0;2;3;2;A01
201200057380;0;7;0;12;0;1;14;A01
201200057381;0;7;0;0;2;0;1;D01
201200057381;0;7;0;0;2;0;1;C01
201200057381;0;33;0;0;2;9;3;B01
201200057381;0;7;0;0;2;2;12;A01
201200057382;0;7;0;0;1;2;1;A01
201200057383;0;33;0;0;2;1;1;A01
201200057383;0;7;0;0;9;1;1;B01
201200057383;1;7;0;0;0;1;10;Z01
201200057384;0;33;0;0;1;1;1;A01
201200057385;0;31;0;0;2;7;17;B01
201200057385;0;10;0;0;2;3;15;A01
201200057386;0;7;0;0;2;3;1;A01
201200057386;0;33;0;0;2;9;1;B01
201200057387;0;2;0;1;2;8;1;A01
201200057387;1;7;0;0;2;0;1;Z01
201200057388;0;7;0;0;2;4;23;C01
201200057388;0;7;0;0;2;1;1;A01
201200057388;0;7;0;0;2;4;23;B01
201200057389;0;7;0;0;2;3;22;A01
201200057389;0;32;0;1;2;2;17;B01
201200057390;0;7;0;0;1;3;1;A01
201200057391;0;7;0;0;2;2;9;A01
201200057391;0;32;0;0;2;2;17;B01
201200057392;0;33;0;0;1;0;1;A01
201200057393;0;7;0;0;2;6;23;C01
201200057393;0;7;0;0;2;1;1;B01
201200057393;0;7;0;0;2;1;1;A01
201200057394;0;7;0;0;2;5;23;B01
201200057394;0;7;0;0;2;3;1;A01
201200057395;0;34;0;0;2;1;17;B01
201200057395;0;7;0;0;0;3;10;A01
201200057396;0;32;0;0;2;1;17;B01
201200057396;0;7;0;0;2;3;13;A01
201200057397;0;10;0;0;2;1;15;A01
201200057397;0;30;0;0;2;1;1;B01
201200057398;0;7;0;0;2;3;15;A01
201200057398;0;30;0;0;2;8;17;B01
201200057399;0;7;0;0;1;3;15;A01
201200057400;0;7;0;0;2;1;17;A01
201200057400;0;30;0;0;2;4;1;B01
201200057401;0;7;0;0;2;2;1;A01
201200057401;0;7;0;0;2;6;1;B01
201200057402;0;38;1;0;2;2;10;A01
201200057402;0;32;0;0;2;1;1;B01
201200057403;0;1;0;0;2;8;1;A01
201200057404;0;7;0;0;2;3;15;A01
201200057404;0;32;0;0;2;2;1;B01
201200057405;0;7;0;0;1;2;1;A01
201200057406;0;33;0;0;0;8;1;A01
201200057407;0;7;0;0;2;7;15;A01
201200057407;0;7;0;0;2;1;1;B01
201200057408;0;7;0;0;2;6;13;A01
201200057408;0;32;0;0;2;1;1;B01
201200057409;0;30;0;1;2;7;17;A01
201200057409;0;7;0;0;2;3;10;B01
201200057410;0;30;0;0;1;1;1;A01
201200057411;0;7;0;0;1;1;1;A01
201200057412;0;32;0;0;0;0;21;A01
201200057413;0;30;0;0;2;1;1;B01
201200057413;0;7;0;0;0;2;15;A01
201200057414;0;7;0;9;2;3;17;A01
201200057414;0;7;0;8;0;2;15;B01
201200057415;0;10;0;0;1;5;4;A01
201200057416;0;7;0;0;2;3;13;A01
201200057416;0;31;0;0;2;7;1;B01
201200057417;0;1;0;0;2;8;1;B01
201200057417;0;32;0;0;2;2;1;A01
201200057418;0;7;0;0;2;1;18;A01
201200057418;0;34;0;0;2;7;16;B01
201200057419;0;30;0;11;0;1;13;A01
201200057420;0;10;0;0;2;3;12;A01
201200057420;0;30;0;0;2;2;23;B01
201200057421;0;7;0;0;1;8;18;A01
201200057422;0;7;0;0;1;2;1;A01
201200057423;0;30;0;0;2;3;1;B01
201200057423;0;7;0;0;2;3;22;A01
201200057424;0;34;0;0;2;7;1;B01
201200057424;0;30;0;0;2;7;19;A01
201200057425;0;10;0;0;2;3;15;A01