num_acc;senc;catv;occutc;obs;obsm;choc;manv;num_veh
201200057425;0;30;0;0;2;2;1;B01
201200057426;0;2;0;0;0;0;1;A01
201200057427;0;7;0;0;2;3;15;A01
201200057427;0;2;0;0;2;1;1;B01
201200057428;0;33;0;0;0;8;16;A01
201200057429;1;7;0;0;1;8;1;Z01
201200057430;0;31;0;0;2;4;2;B01
201200057430;0;7;0;0;2;1;2;A01
201200057430;0;7;0;0;2;5;2;C01
201200057431;0;34;0;0;0;0;1;A01
201200057432;0;7;0;2;0;1;14;A01
201200057433;0;10;0;0;2;7;23;C01
201200057433;0;33;0;0;2;5;3;A01
201200057433;0;7;0;0;2;3;23;B01
201200057434;0;7;0;0;2;2;15;A01
201200057434;0;32;0;1;2;1;1;B01
201200057435;0;7;0;0;2;4;2;B01
201200057435;0;7;0;0;2;1;2;A01
201200057436;0;7;0;0;2;6;15;B01
201200057436;0;32;0;0;2;1;17;A01
201200057437;0;7;0;0;1;1;1;A01
201200057438;0;30;0;0;1;1;1;A01
201200057439;0;7;0;0;1;1;15;A01
201200057440;0;7;0;0;1;1;1;A01
201200057441;0;32;0;0;1;3;1;A01
201200057442;0;7;0;0;2;1;16;A01
201200057442;0;7;0;0;2;4;1;B01
201200057443;0;33;0;0;0;0;1;A01
201200057444;0;30;0;1;0;2;14;A01
201200057445;0;7;0;0;1;0;1;A01
201200057446;0;7;0;0;1;1;15;A01
201200057447;0;2;0;0;2;1;1;A01
201200057447;0;7;0;0;2;1;1;B01
201200057448;0;32;0;0;2;7;17;B01
201200057448;0;7;0;0;2;6;13;A01
201200057449;0;34;0;0;0;7;1;A01
201200057450;0;32;0;0;1;1;1;A01
201200057451;0;7;0;0;2;8;13;A01
201200057451;0;32;0;0;2;7;17;B01
201200057452;0;10;0;0;2;2;1;A01
201200057452;0;33;0;0;2;3;1;B01
201200057453;0;7;0;0;2;4;23;B01
201200057453;0;7;0;0;2;4;23;C01
201200057453;0;7;0;0;2;1;2;A01
201200057453;0;7;0;0;2;4;23;D01
201200057454;0;7;0;0;1;1;1;A01
201200057455;0;7;0;0;2;4;23;B01
201200057455;0;7;0;0;2;1;1;A01
201200057456;0;7;0;0;1;4;4;A01
201200057457;0;32;0;0;0;0;21;A01
201200057458;0;2;0;0;0;7;1;A01
201200057459;0;7;0;0;1;1;1;A01
201200057460;0;7;0;0;2;2;15;A01
201200057460;0;1;0;0;2;0;19;B01
201200057461;0;7;0;0;2;3;9;A01
201200057461;0;1;0;0;2;1;5;B01
201200057462;0;7;0;0;0;3;15;A01
201200057462;0;31;0;1;2;1;17;B01
201200057463;0;7;0;0;1;2;1;A01
201200057464;0;33;0;0;1;2;1;A01
201200057465;0;10;0;0;2;7;16;A01
201200057465;0;30;0;0;2;1;18;B01
201200057466;0;32;0;0;2;4;23;B01
201200057466;0;33;0;0;2;1;3;A01
201200057467;0;7;0;0;2;4;23;B01
201200057467;0;7;0;0;2;1;2;A01
201200057468;0;7;0;0;2;3;13;A01
201200057468;0;33;0;0;2;2;17;B01
201200057469;0;34;0;0;1;2;17;A01
201200057470;0;7;0;0;2;5;15;A01
201200057470;0;7;0;0;2;3;1;B01
201200057471;0;7;0;0;2;2;1;B01
201200057471;0;2;0;0;2;7;15;A01
201200057472;0;10;0;0;0;4;23;B01
201200057472;0;1;0;1;0;1;1;A01
201200057473;0;32;0;0;2;1;2;A01
201200057473;0;10;0;0;2;6;2;B01
201200057474;0;7;0;0;2;2;16;B01
201200057474;0;30;0;0;2;8;18;A01
201200057475;0;7;0;0;2;8;10;A01
201200057475;0;31;0;0;2;1;1;B01
201200057476;0;7;0;0;1;7;15;A01
201200057477;0;7;0;0;1;5;4;A01
201200057478;0;7;0;0;2;3;1;A01
201200057478;0;7;0;0;2;3;15;B01
201200057479;0;7;0;0;1;1;1;A01
201200057480;0;33;0;0;2;5;17;B01
201200057480;0;7;0;0;2;3;15;A01
201200057481;0;7;0;15;0;0;1;A01
201200057482;0;33;0;0;2;8;1;B01
201200057482;0;7;0;0;2;7;10;A01
201200057483;0;32;0;0;2;0;1;B01
201200057483;0;7;0;0;2;0;9;A01
201200057484;0;32;0;1;0;2;14;A01
201200057485;0;7;0;0;1;1;1;A01
201200057486;0;32;0;0;2;0;1;B01
201200057486;0;7;0;0;2;0;9;A01
201200057487;0;1;0;1;0;6;1;A01
201200057488;0;7;0;15;0;1;1;A01
201200057489;0;7;0;0;2;1;2;A01
201200057489;0;7;0;0;2;4;23;B01
201200057490;0;7;0;0;1;2;16;A01
201200057491;0;1;0;0;2;1;1;A01
201200057491;0;1;0;0;2;1;1;B01
201200057492;0;7;0;0;2;3;1;C01
201200057492;0;7;0;0;0;5;23;B01
201200057492;0;33;0;0;2;1;3;A01
201200057493;0;7;0;0;2;4;23;B01
201200057493;0;7;0;1;0;1;1;A01
201200057493;0;7;0;0;2;4;23;C01
201200057494;0;30;0;0;2;3;1;B01
201200057494;0;7;0;0;2;5;14;A01
201200057495;0;1;0;0;2;1;17;B01
201200057495;0;7;0;0;2;8;22;A01
201200057496;0;1;0;0;1;0;1;A01
201200057497;0;7;0;0;2;2;1;A01
201200057498;0;32;0;12;0;1;1;A01
201200057499;0;2;0;0;1;1;1;A01
201200057500;0;32;0;0;2;2;5;B01
201200057500;0;7;0;0;2;3;10;A01
201200057501;0;7;0;0;2;4;2;B01
201200057501;0;1;0;0;2;8;2;A01
201200057502;0;32;0;1;0;1;14;A01
201200057503;0;33;0;0;1;1;1;A01
201200057504;0;7;0;0;1;1;15;A01
201200057505;0;30;0;0;0;0;1;A01
201200057506;0;32;0;0;0;8;1;A01
201200057507;0;34;0;0;0;0;1;A01
201200057508;0;7;0;0;1;3;15;A01
201200057509;0;2;0;0;2;1;1;B01
201200057509;0;7;0;0;2;2;15;A01
201200057510;0;7;0;0;2;4;23;B01
201200057510;0;34;0;0;2;1;2;A01
201200057511;0;32;0;0;1;1;1;A01
201200057512;0;30;0;0;2;6;2;A01
201200057512;0;10;0;0;2;6;23;B01
201200057513;0;7;0;0;2;6;10;A01
201200057513;0;34;0;0;2;1;1;B01
201200057514;0;7;0;0;2;1;1;A01
201200057514;0;31;0;0;2;8;1;B01
201200057515;0;7;0;0;2;1;23;B01
201200057515;0;2;0;0;2;1;1;D01
201200057515;0;7;0;0;2;6;1;C01
201200057515;0;7;0;0;2;1;1;A01
201200057516;0;7;0;0;1;3;15;A01
201200057517;0;7;0;12;0;2;1;A01
201200057518;0;33;0;0;0;7;2;A01
201200057519;0;31;0;15;0;1;10;A01
201200057520;0;7;0;0;2;8;15;A01
201200057520;0;32;0;0;2;7;17;B01
201200057521;0;30;0;0;2;3;15;A01
201200057521;0;7;0;0;2;3;1;B01
201200057522;0;30;0;0;2;7;1;B01
201200057522;0;7;0;0;2;3;9;A01
201200057523;1;32;0;0;1;1;1;Z01
201200057524;0;7;0;0;1;1;1;A01
201200057525;0;7;0;0;2;1;2;A01
201200057525;0;7;0;0;2;4;23;B01
201200057526;0;7;0;0;2;0;15;A01
201200057526;0;34;0;0;2;0;1;B01
201200057527;0;7;0;0;2;1;2;A01
201200057527;0;32;0;0;2;4;23;B01
201200057528;0;1;0;0;2;4;2;B01
201200057528;0;7;0;0;2;1;2;A01
201200057529;0;1;0;0;1;1;1;A01
201200057530;0;7;0;0;2;5;23;B01
201200057530;0;34;0;0;2;7;2;A01
201200057531;0;7;0;0;2;7;15;A01
201200057531;0;7;0;0;2;1;16;B01
201200057532;0;7;0;0;2;2;1;A01
201200057532;0;1;0;0;2;4;13;B01
201200057533;0;34;0;0;0;7;16;A01
201200057534;0;7;0;0;2;1;2;A01
201200057534;0;7;0;0;2;4;2;B01
201200057535;0;7;0;0;2;4;2;B01
201200057535;0;7;0;0;2;1;2;A01
201200057536;0;7;0;0;2;6;23;B01
201200057536;0;15;0;0;2;5;23;C01
201200057536;0;7;0;0;2;2;2;A01
201200057537;0;7;0;0;2;1;1;A01
201200057537;0;1;0;0;2;8;15;B01
201200057538;0;33;0;0;2;4;23;B01
201200057538;0;7;0;0;2;1;2;A01
201200057539;0;7;0;0;2;1;2;A01
201200057539;0;33;0;0;2;4;23;B01
201200057540;0;30;0;0;0;4;1;A01
201200057541;0;7;0;0;2;2;15;A01
201200057541;0;2;0;0;2;1;1;B01
201200057542;0;30;0;0;1;1;1;A01
201200057543;0;32;0;0;2;1;1;A01
201200057543;0;7;0;0;2;1;9;B01
201200057544;0;7;0;0;2;3;1;A01
201200057544;0;7;0;1;2;6;1;B01
201200057545;0;7;0;0;2;4;2;B01
201200057545;0;7;0;0;2;1;2;A01
201200057546;0;30;0;0;2;1;1;A01
201200057546;0;7;0;0;2;3;1;B01
201200057547;0;7;0;0;2;3;14;A01
201200057547;0;7;0;0;2;6;23;B01
201200057548;0;7;0;0;2;1;1;A01
201200057548;0;7;0;0;2;2;1;B01
201200057549;0;7;0;0;2;4;23;C01
201200057549;0;7;0;12;2;1;2;A01
201200057549;0;7;0;0;2;1;23;B01
201200057550;0;7;0;0;1;1;1;A01
201200057551;0;32;0;0;2;8;15;A01
201200057551;0;2;0;0;2;1;1;B01
201200057552;0;32;0;14;0;1;1;A01
201200057553;0;1;0;0;2;1;1;B01
201200057553;0;7;0;0;2;8;22;A01
201200057554;0;7;0;0;1;2;16;A01
201200057555;0;7;0;0;1;1;16;A01
201200057556;0;7;0;0;1;2;1;A01
201200057557;0;34;0;0;1;1;1;A01
201200057558;0;7;0;0;2;1;15;B01
201200057558;0;30;0;0;2;2;1;A01
201200057559;0;7;0;0;2;6;1;B01
201200057559;0;2;0;0;2;2;17;A01
201200057560;0;32;0;1;0;0;1;A01
201200057561;0;7;0;0;2;7;15;B01
201200057561;0;32;0;0;2;1;18;A01
201200057562;0;7;0;0;1;2;1;A01
201200057563;0;30;0;0;2;1;1;A01
201200057563;0;1;0;0;0;4;1;B01
201200057564;0;2;0;0;2;1;1;B01
201200057564;0;10;0;0;2;8;9;A01
201200057565;0;1;0;0;2;1;2;B01
201200057565;0;7;0;0;2;5;23;A01
201200057566;0;7;0;0;2;2;1;A01
201200057566;0;2;0;0;2;6;18;B01
201200057567;0;1;0;0;2;4;2;A01
201200057567;1;7;0;0;2;1;2;Z01
201200057568;0;7;0;0;1;2;1;A01
201200057569;0;7;0;0;2;2;1;B01
201200057569;0;7;0;0;2;7;15;A01
201200057570;0;7;0;0;1;2;15;A01
201200057571;0;7;0;0;2;1;1;A01
201200057571;0;7;0;0;2;4;1;B01
201200057572;0;10;0;0;2;1;1;A01
201200057572;0;7;0;0;0;4;23;B01
201200057573;0;2;0;0;2;7;17;B01
201200057573;0;7;0;0;2;3;15;A01
201200057574;0;33;0;0;2;1;1;A01
201200057574;0;7;0;0;0;5;23;B01
201200057575;0;7;0;0;1;1;17;A01
201200057576;0;32;0;0;0;0;1;A01
201200057577;0;7;0;0;2;6;15;A01
201200057577;0;2;0;0;2;1;17;B01
201200057578;0;7;0;0;2;2;16;A01
201200057578;0;33;0;0;2;1;1;B01
201200057579;0;1;0;0;2;8;19;B01
201200057579;0;7;0;0;2;1;15;A01
201200057580;0;30;0;0;0;0;1;A01
201200057581;0;32;0;0;2;8;9;B01
201200057581;0;7;0;0;2;5;12;A01
201200057582;0;7;0;0;2;4;23;B01
201200057582;0;10;0;0;2;1;2;A01
201200057582;0;7;0;0;2;4;23;C01
201200057582;0;33;0;0;2;1;23;D01
201200057582;0;7;0;0;2;4;23;E01
201200057583;0;7;0;0;2;3;13;A01
201200057583;0;33;0;0;2;7;17;B01
201200057584;0;30;0;12;0;7;16;A01
201200057585;0;33;0;0;2;6;1;B01
201200057585;0;7;0;0;2;2;1;A01
201200057586;0;7;0;0;1;1;1;A01
201200057587;1;7;0;0;1;6;1;Z01
201200057588;0;1;0;1;0;1;1;A01
201200057589;0;7;0;2;0;3;1;A01
201200057590;0;7;0;0;1;1;1;A01
201200057591;0;7;0;0;2;6;15;B01
201200057591;0;7;0;0;2;1;2;A01
201200057592;0;7;0;0;2;8;1;B01
201200057592;0;30;0;0;2;1;1;A01
201200057593;0;32;0;0;1;1;1;A01
201200057594;0;30;0;0;2;1;1;B01
201200057594;0;1;0;0;2;4;15;A01
201200057595;0;1;0;0;0;0;1;A01
201200057596;0;1;0;0;2;1;2;A01
201200057596;0;10;0;0;2;5;2;B01
201200057597;0;7;0;1;0;1;1;A01
201200057598;0;33;0;0;1;8;1;A01
201200057599;0;14;0;0;2;3;1;B01
201200057599;0;7;0;0;2;1;1;A01
201200057600;0;10;0;0;2;2;15;A01
201200057600;0;7;0;0;2;3;1;B01
201200057601;0;1;0;0;2;5;12;B01
201200057601;0;7;0;0;2;3;1;A01
201200057602;0;7;0;0;0;0;1;A01
201200057602;0;30;0;0;0;5;16;B01
201200057603;0;33;0;0;2;1;1;A01
201200057603;0;7;0;0;2;4;23;B01
201200057604;0;30;0;0;2;8;13;A01
201200057604;0;33;0;0;2;7;17;B01
201200057605;0;7;0;0;2;3;15;A01
201200057605;0;33;0;0;2;1;1;B01
201200057606;0;2;0;0;0;0;21;A01
201200057607;0;32;0;0;1;1;17;A01
201200057608;0;30;0;0;0;3;1;A01
201200057609;0;7;0;0;2;5;1;C01
201200057609;0;32;0;0;0;0;1;B01
201200057609;0;7;0;0;0;8;12;A01
201200057609;0;1;0;0;9;0;1;D01
201200057610;0;7;0;0;2;4;23;B01
201200057610;0;7;0;0;2;1;1;A01
201200057610;0;7;0;0;0;4;23;C01
201200057611;0;2;0;0;1;1;1;A01
201200057612;0;7;0;0;1;1;1;A01
201200057613;0;7;0;0;2;6;15;A01
201200057613;0;30;0;0;2;2;17;B01
201200057614;0;1;0;0;2;4;1;B01
201200057614;0;7;0;0;2;2;1;A01
201200057615;0;10;0;1;0;8;1;C01
201200057615;0;7;0;0;2;3;1;A01
201200057615;0;7;0;8;0;2;15;B01
201200057616;0;34;0;0;2;1;17;A01
201200057616;0;7;0;0;2;8;10;B01
201200057617;0;30;0;1;9;9;24;A01
201200057618;0;7;0;1;0;1;13;A01
201200057619;0;7;0;0;2;1;1;A01
201200057619;0;7;0;0;0;4;23;B01
201200057620;0;7;0;0;2;2;1;A01
201200057620;0;31;0;0;2;4;1;B01
201200057621;0;7;0;0;1;1;1;A01
201200057622;0;32;0;0;2;0;17;B01
201200057622;0;7;0;0;0;3;15;A01
201200057623;0;7;0;0;0;4;23;B01
201200057623;0;32;0;0;2;1;1;A01
201200057624;2;7;0;14;0;9;1;A01
201200057625;0;7;0;0;0;5;15;B01
201200057625;0;2;0;0;2;1;1;A01
201200057626;0;2;0;0;1;0;1;A01
201200057627;0;7;0;0;2;5;12;A01
201200057627;0;32;0;0;2;5;1;B01
201200057628;0;7;0;8;0;1;16;A01
201200057629;0;7;0;1;0;1;16;A01
201200057630;0;32;0;0;2;8;1;B01
201200057630;0;7;0;0;2;7;16;A01
201200057631;0;10;0;0;2;8;22;A01
201200057631;0;31;0;0;2;2;1;B01
201200057632;1;7;0;0;1;4;4;Z01
201200057633;0;30;0;0;2;1;2;A01
201200057633;0;7;0;0;2;6;23;B01
201200057634;0;7;0;0;2;3;1;B01
201200057634;0;7;0;0;2;2;1;A01
201200057635;0;33;0;0;2;3;1;B01
201200057635;0;10;0;0;2;8;16;A01
201200057636;0;7;0;0;2;7;12;A01
201200057636;0;7;0;0;2;4;24;C01
201200057636;0;34;0;0;2;8;1;B01
201200057637;0;10;0;0;2;3;1;B01
201200057637;0;7;0;0;2;1;15;A01
201200057638;0;33;0;0;2;8;12;A01
201200057638;0;30;0;0;2;4;1;B01
201200057639;0;33;0;12;0;8;13;A01
201200057640;0;32;0;0;0;8;1;A01
201200057641;0;30;0;0;2;1;2;A01
201200057641;0;7;0;0;2;4;2;B01
201200057642;0;30;0;0;0;0;1;A01
201200057643;0;2;0;0;0;2;1;A01
201200057644;0;30;0;0;2;1;1;A01
201200057644;0;7;0;0;0;3;9;B01
201200057645;0;34;0;0;0;0;1;A01
201200057646;0;32;0;0;2;8;18;A01
201200057646;0;38;1;0;2;7;16;B01
201200057647;0;33;0;0;2;8;1;B01
201200057647;0;7;0;0;2;2;14;A01
201200057648;0;7;0;0;2;7;15;A01
201200057648;0;30;0;0;2;1;1;B01
201200057649;0;32;0;0;2;8;18;A01
201200057649;0;10;0;0;2;2;16;B01
201200057650;0;2;0;0;0;8;1;A01
201200057651;0;33;0;0;0;8;21;A01
201200057652;0;31;0;0;0;3;1;A01
201200057653;0;33;0;0;0;0;1;A01
201200057654;0;30;0;0;2;1;2;A01
201200057654;0;10;0;0;2;6;23;B01
201200057655;0;32;0;0;1;1;1;A01
201200057656;0;32;0;0;2;1;1;B01
201200057656;0;7;0;0;2;5;10;A01
201200057657;0;7;0;0;2;1;1;B01
201200057657;0;7;0;0;2;7;1;A01
201200057658;0;7;0;0;2;3;15;B01
201200057658;0;30;0;1;2;1;17;A01
201200057659;0;31;0;0;2;5;1;B01
201200057659;0;7;0;0;2;2;1;A01
201200057660;0;1;0;0;0;0;1;A01
201200057661;0;10;0;0;1;1;16;A01
201200057662;0;30;0;12;0;0;1;A01
201200057663;0;10;0;0;2;1;2;A01
201200057663;0;7;0;0;2;4;2;B01
201200057664;0;7;0;0;2;3;15;A01
201200057664;0;32;0;0;2;1;1;B01
201200057665;0;7;0;0;1;7;1;A01
201200057666;0;31;0;0;0;8;1;A01
201200057667;0;14;0;6;0;1;1;A01
201200057668;0;10;0;0;2;8;24;B01
201200057668;0;1;0;0;2;2;16;A01
201200057669;0;1;0;0;2;5;14;B01
201200057669;0;33;0;0;2;3;1;A01
201200057670;0;7;0;1;2;2;13;A01
201200057670;0;7;0;0;2;8;1;B01
201200057671;0;7;0;0;2;8;15;B01
201200057671;0;1;0;0;2;1;1;A01
201200057672;0;10;0;0;2;7;14;A01
201200057672;0;31;0;0;2;8;16;B01
201200057673;0;30;0;0;2;1;1;B01
201200057673;0;7;0;0;2;6;9;A01
201200057674;0;7;0;1;0;2;14;A01
201200057675;0;7;0;0;1;2;1;A01
201200057676;0;7;0;0;2;1;1;A01
201200057676;0;7;0;0;2;3;1;B01
201200057677;0;33;0;0;2;4;2;B01
201200057677;0;7;0;0;2;2;2;A01
201200057678;0;33;0;0;2;1;1;A01
201200057678;0;10;0;0;2;6;1;B01
201200057679;0;7;0;12;0;0;14;A01
201200057680;0;1;0;8;0;1;1;A01
201200057681;0;1;0;0;1;2;1;A01
201200057682;0;10;0;0;1;4;4;A01
201200057683;0;7;0;0;2;1;1;A01
201200057683;0;32;0;0;2;7;1;B01
201200057684;0;10;0;0;1;1;1;A01
201200057685;0;1;0;0;2;4;2;A01
201200057685;0;1;0;0;2;4;2;B01
201200057686;0;7;0;0;2;4;23;B01
201200057686;0;10;0;0;2;1;2;A01
201200057687;0;32;0;0;2;8;1;B01
201200057687;0;10;0;0;2;2;1;A01
201200057688;0;7;0;0;2;2;1;A01
201200057688;0;1;0;0;2;1;1;B01
201200057689;0;33;0;0;2;2;17;B01
201200057689;0;7;0;0;2;8;13;A01
201200057690;0;30;0;0;2;2;3;A01
201200057690;0;7;0;0;2;8;22;B01
201200057691;0;10;0;0;2;1;1;A01
201200057691;0;7;0;0;2;8;1;B01
201200057692;0;7;0;0;2;2;1;A01
201200057692;0;33;0;0;2;1;1;B01
201200057693;0;7;0;0;1;7;16;A01
201200057694;0;2;0;0;0;0;1;A01
201200057695;0;33;0;0;2;2;17;A01
201200057695;0;7;0;0;2;8;1;C01
201200057695;0;7;0;0;2;6;15;B01
201200057696;0;7;0;0;2;1;2;A01
201200057696;0;7;0;1;2;6;20;B01
201200057697;0;30;0;12;2;1;18;A01
201200057697;0;7;0;0;2;2;1;B01
201200057698;0;7;0;0;2;1;2;A01
201200057698;0;10;0;0;2;4;2;B01
201200057699;0;7;0;0;1;1;1;A01
201200057700;0;32;0;0;2;7;1;A01
201200057700;0;7;0;0;2;3;1;B01
201200057701;0;30;0;0;2;0;16;A01
201200057701;1;7;0;0;2;0;11;Z01
201200057702;0;2;0;0;1;1;1;A01
201200057703;0;30;0;12;0;8;14;A01
201200057704;0;10;0;0;0;5;1;B01
201200057704;0;34;0;0;2;1;1;A01
201200057705;0;7;0;0;0;4;1;B01
201200057705;0;30;0;0;2;1;1;A01
201200057706;0;30;0;0;2;1;2;A01
201200057706;0;7;0;0;0;4;2;B01
201200057707;0;7;0;0;2;1;1;A01
201200057707;0;7;0;0;2;4;23;B01
201200057708;0;7;0;0;2;3;1;B01
201200057708;0;30;0;0;2;3;5;A01
201200057709;0;1;0;0;0;1;1;A01
201200057710;0;32;0;0;2;1;1;A01
201200057710;0;7;0;0;2;6;15;B01
201200057711;0;7;0;0;2;5;16;B01
201200057711;0;1;0;0;2;1;18;A01
201200057712;0;7;0;0;1;2;1;A01
201200057713;0;7;0;0;2;6;2;C01
201200057713;0;7;0;0;2;1;2;A01
201200057713;0;7;0;0;2;4;2;B01
201200057714;0;33;0;0;2;1;1;B01
201200057714;0;7;0;0;2;6;13;A01
201200057715;0;33;0;0;2;1;1;B01
201200057715;0;10;0;0;2;6;10;A01
201200057716;0;34;0;0;1;1;1;A01
201200057717;0;37;1;0;2;1;2;A01
201200057717;0;7;0;0;2;4;2;B01
201200057718;0;30;0;0;2;2;3;A01
201200057718;1;7;0;0;2;8;13;Z01
201200057719;0;32;0;0;2;3;15;A01
201200057719;0;7;0;0;2;2;1;B01
201200057720;0;10;0;0;2;5;12;B01
201200057720;0;1;0;0;2;2;15;A01
201200057721;0;7;0;0;2;2;1;A01
201200057721;0;7;0;0;2;1;1;B01
201200057722;0;7;0;0;2;1;15;A01
201200057722;0;30;0;0;2;8;1;B01
201200057723;0;32;0;0;2;1;1;A01
201200057723;0;32;0;0;2;4;23;B01
201200057724;0;7;0;0;1;2;1;A01
201200057725;0;30;0;0;0;0;1;A01
201200057726;0;37;2;0;2;2;12;A01
201200057726;0;7;0;0;2;8;1;B01
201200057727;0;32;0;0;0;0;1;A01
201200057728;0;7;0;0;1;2;17;A01
201200057729;0;7;0;0;1;1;1;A01
201200057730;0;7;0;0;2;5;1;C01
201200057730;0;7;0;0;2;5;2;B01
201200057730;0;7;0;0;2;3;2;A01
201200057731;0;7;0;12;0;2;14;A01
201200057732;0;7;0;0;1;1;1;A01
201200057733;0;7;0;0;2;7;9;A01
201200057733;0;2;0;0;2;1;1;B01
201200057734;0;2;0;0;2;3;1;A01
201200057734;0;7;0;0;2;3;15;B01
201200057735;0;7;0;0;2;3;15;B01
201200057735;0;2;0;0;2;2;17;A01
201200057736;0;1;0;0;2;1;1;B01
201200057736;0;7;0;1;2;2;5;A01
201200057737;0;7;0;11;0;3;13;A01
201200057738;0;7;0;0;1;1;15;A01
201200057739;0;33;0;0;2;5;17;B01
201200057739;0;7;0;0;2;3;10;A01
201200057740;0;32;0;0;2;5;12;B01
201200057740;0;7;0;0;2;1;1;A01
201200057741;0;7;0;0;2;1;2;A01
201200057741;0;7;0;12;2;4;23;B01
201200057742;0;7;0;0;2;1;9;A01
201200057742;0;32;0;0;2;7;1;B01
201200057743;0;7;0;0;2;2;15;B01
201200057743;0;30;0;0;2;1;1;A01
201200057744;0;7;0;0;2;1;16;A01
201200057744;0;1;0;0;2;8;9;B01
201200057745;0;7;0;0;1;1;1;A01
201200057746;0;33;0;0;2;1;1;A01
201200057746;0;7;0;0;2;5;1;B01
201200057747;0;10;0;0;2;3;13;A01
201200057747;0;7;0;9;2;8;1;B01
201200057748;0;7;0;0;2;1;1;A01
201200057748;0;7;0;0;2;4;23;B01
201200057749;0;7;0;0;2;3;1;B01
201200057749;0;32;0;0;2;1;1;A01
201200057750;0;7;0;0;2;2;1;A01
201200057750;0;32;0;0;2;3;1;B01
201200057751;0;7;0;0;2;3;2;A01
201200057751;0;7;0;0;2;1;2;B01
201200057752;0;7;0;0;2;5;12;A01
201200057752;0;32;0;0;2;1;1;B01
201200057753;0;2;0;0;2;1;2;A01
201200057753;0;7;0;0;2;4;23;B01
201200057754;0;7;0;0;2;4;4;A01
201200057754;0;10;0;0;2;1;1;B01
201200057755;0;38;0;0;0;0;1;A01
201200057756;0;1;0;0;2;2;15;B01
201200057756;0;30;0;0;9;8;1;A01
201200057757;0;7;0;0;2;1;1;A01
201200057757;0;7;0;0;0;4;23;B01
201200057758;1;7;0;0;1;7;1;Z01
201200057759;0;2;0;0;2;2;1;B01
201200057759;0;7;0;0;2;8;10;A01
201200057760;0;32;0;0;2;1;1;B01
201200057760;0;10;0;0;2;3;9;A01
201200057761;0;32;0;0;2;1;17;B01
201200057761;0;7;0;0;2;3;9;A01
201200057762;0;7;0;0;1;1;15;A01
201200057763;0;7;0;0;2;2;1;A01
201200057763;0;7;0;0;2;3;9;B01
201200057764;0;30;0;1;1;1;1;A01
201200057765;0;7;0;0;2;2;15;A01
201200057765;0;30;0;0;2;1;1;B01
201200057766;0;32;0;0;2;1;1;A01
201200057766;0;7;0;0;2;6;9;B01
201200057767;0;10;0;0;2;6;11;A01
201200057767;0;32;0;0;0;0;17;B01
201200057768;0;7;0;0;1;1;17;A01
201200057769;0;7;0;0;2;3;16;B01
201200057769;0;30;0;1;2;1;1;A01
201200057770;0;1;0;0;0;1;21;A01
201200057771;0;7;0;0;1;1;16;A01
201200057772;0;33;0;0;1;3;1;A01
201200057773;0;7;0;0;2;4;23;C01
201200057773;0;7;0;0;2;1;1;A01
201200057773;0;7;0;0;2;4;23;B01
201200057774;0;7;0;0;1;1;1;A01
201200057775;0;7;0;0;2;8;15;B01
201200057775;0;2;0;0;2;1;17;A01
201200057776;0;32;0;0;0;0;1;A01
201200057777;0;10;0;0;1;2;1;A01
201200057778;0;30;0;0;0;0;21;A01
201200057779;0;7;0;1;0;1;14;A01
201200057780;0;2;0;0;2;1;1;B01
201200057780;0;7;0;0;2;7;10;A01
201200057781;0;32;0;0;1;2;1;A01
201200057782;0;7;0;0;2;3;16;A01
201200057782;0;30;0;0;2;2;1;B01
201200057783;0;7;0;0;2;1;1;A01
201200057783;0;32;0;0;2;4;1;B01
201200057784;0;7;0;0;1;0;15;A01
201200057785;0;30;0;1;0;1;18;A01
201200057786;0;7;0;0;1;3;1;A01
201200057787;0;32;0;0;2;1;17;B01
201200057787;0;7;0;0;2;8;15;A01
201200057788;0;30;0;0;2;8;1;B01
201200057788;0;7;0;0;2;1;1;A01
201200057789;0;7;0;0;1;5;4;A01
201200057790;0;7;0;0;2;7;16;A01
201200057790;0;32;0;0;2;1;1;B01
201200057791;0;30;0;8;0;3;13;A01
201200057792;0;7;0;0;2;1;1;B01
201200057792;0;1;0;0;2;1;15;A01
201200057793;0;7;0;0;1;0;1;A01
201200057794;0;30;0;0;2;0;21;A01
201200057795;0;7;0;0;2;6;15;A01
201200057795;0;30;0;0;2;1;17;B01
201200057796;0;7;0;0;1;1;15;A01
201200057797;0;7;0;15;0;2;1;A01
201200057798;0;7;0;14;0;1;14;A01
201200057799;0;1;0;0;2;6;1;B01
201200057799;0;7;0;0;2;2;17;A01
201200057800;0;10;0;0;2;2;1;B01
201200057800;0;2;0;0;2;8;1;A01
201200057801;0;7;0;0;2;1;1;A01
201200057801;0;7;0;0;0;4;23;B01
201200057802;0;1;0;0;1;1;1;A01
201200057803;0;32;0;0;2;7;23;B01
201200057803;0;37;40;0;2;6;1;A01
201200057804;0;7;0;1;0;2;1;A01
201200057805;0;7;0;0;2;2;1;A01
201200057805;0;7;0;0;2;6;1;B01
201200057806;0;7;0;0;2;5;1;C01
201200057806;1;7;0;0;2;1;1;Z01
201200057806;0;7;0;0;2;2;1;B01
201200057806;0;7;0;0;2;4;23;A01
201200057806;0;7;0;0;2;3;1;D01