num_acc;senc;catv;occutc;obs;obsm;choc;manv;num_veh
201200057807;0;30;0;0;0;7;1;A01
201200057808;0;31;0;0;2;1;1;B01
201200057808;0;7;0;0;2;3;15;A01
201200057809;0;7;0;0;2;3;15;A01
201200057809;0;33;0;0;2;2;1;B01
201200057810;0;7;0;0;2;1;2;A01
201200057810;0;7;0;0;2;4;2;B01
201200057811;0;7;0;0;2;1;1;B01
201200057811;0;7;0;0;2;3;13;A01
201200057812;0;7;0;0;2;2;1;B01
201200057812;0;30;0;1;2;3;13;A01
201200057813;0;2;0;0;2;1;1;B01
201200057813;0;7;0;0;0;8;10;A01
201200057814;0;7;0;0;1;1;1;A01
201200057815;0;7;0;0;2;2;1;B01
201200057815;0;7;0;0;2;2;15;A01
201200057816;0;7;0;0;2;3;15;A01
201200057816;0;34;0;0;2;7;17;B01
201200057817;0;33;0;0;2;2;1;B01
201200057817;0;7;0;0;2;1;13;A01
201200057818;0;30;0;0;2;1;1;B01
201200057818;0;7;0;0;2;2;9;A01
201200057819;0;7;0;0;1;1;15;A01
201200057820;0;7;0;0;2;2;1;A01
201200057820;0;33;0;0;2;1;1;B01
201200057821;0;7;0;0;1;3;15;A01
201200057822;0;33;0;0;2;1;1;B01
201200057822;0;7;0;0;2;6;10;A01
201200057823;0;32;0;0;2;1;1;B01
201200057823;0;7;0;0;2;3;9;A01
201200057824;0;30;0;0;2;2;17;A01
201200057824;0;7;0;0;2;3;9;B01
201200057825;0;32;0;0;2;1;1;A01
201200057825;0;7;0;0;2;2;15;B01
201200057826;0;33;0;0;1;1;1;A01
201200057827;0;32;0;0;2;1;2;A01
201200057827;0;7;0;0;2;4;2;B01
201200057828;0;30;0;0;2;1;16;B01
201200057828;0;7;0;0;2;6;13;A01
201200057829;0;2;0;0;2;1;5;A01
201200057829;0;7;0;0;2;8;15;B01
201200057830;0;1;0;0;2;5;1;A01
201200057830;0;7;0;0;2;1;1;B01
201200057831;0;7;0;0;2;7;1;B01
201200057831;0;15;0;6;2;1;1;A01
201200057832;0;32;0;0;0;0;15;A01
201200057833;0;7;0;0;2;3;15;A01
201200057833;0;33;0;0;2;7;1;B01
201200057834;1;30;0;0;1;0;1;Z01
201200057835;0;7;0;0;2;3;15;B01
201200057835;0;30;0;0;2;7;5;A01
201200057836;0;30;0;12;0;1;13;A01
201200057837;1;33;0;0;1;1;1;Z01
201200057838;0;7;0;0;0;4;1;B01
201200057838;0;7;0;0;0;4;23;C01
201200057838;0;7;0;0;0;1;1;A01
201200057839;0;30;0;0;2;2;17;A01
201200057839;0;7;0;0;2;8;23;B01
201200057840;0;32;0;0;2;7;17;B01
201200057840;0;7;0;0;2;3;10;A01
201200057841;0;7;0;0;0;2;23;B01
201200057841;0;33;0;0;1;1;1;A01
201200057842;0;30;0;0;0;0;2;A01
201200057843;0;7;0;0;2;2;15;B01
201200057843;0;2;0;0;2;1;1;A01
201200057844;0;10;0;0;1;3;15;A01
201200057845;0;30;0;0;0;0;16;A01
201200057846;0;7;0;0;0;3;1;A01
201200057846;0;34;0;0;2;5;1;B01
201200057847;0;7;0;0;1;1;1;A01
201200057848;0;7;0;0;2;7;12;A01
201200057848;0;7;0;0;2;8;1;B01
201200057849;0;7;0;0;2;4;4;A01
201200057849;0;2;0;0;2;1;1;B01
201200057850;0;32;0;14;0;1;1;A01
201200057851;0;32;0;0;2;1;1;A01
201200057851;0;7;0;0;0;6;23;B01
201200057852;0;10;0;1;0;8;1;B01
201200057852;0;10;0;0;2;1;1;A01
201200057853;0;7;0;0;2;3;9;A01
201200057853;0;30;0;0;2;1;17;B01
201200057854;0;7;0;0;1;1;15;A01
201200057855;0;2;0;0;2;1;1;A01
201200057855;0;7;0;0;0;4;23;B01
201200057856;1;7;0;0;2;8;10;Z01
201200057856;0;33;0;0;2;1;1;A01
201200057857;0;7;0;0;1;3;1;A01
201200057858;0;7;0;0;2;2;14;A01
201200057858;0;32;0;0;2;8;1;B01
201200057859;0;7;0;0;2;3;1;B01
201200057859;0;30;0;0;2;7;1;A01
201200057860;0;7;0;0;1;2;1;A01
201200057861;0;7;0;0;2;3;13;A01
201200057861;0;7;0;0;2;3;1;B01
201200057862;0;7;0;0;2;8;15;B01
201200057862;0;31;0;0;2;8;1;A01
201200057863;0;32;0;0;2;1;3;B01
201200057863;0;7;0;0;2;8;11;A01
201200057864;0;7;0;0;2;3;1;B01
201200057864;0;7;0;0;2;6;2;A01
201200057864;2;7;0;0;2;1;2;Z01
201200057865;0;32;0;0;1;2;1;A01
201200057866;0;32;0;12;0;1;13;A01
201200057867;0;7;0;0;2;3;15;A01
201200057867;0;34;0;0;2;2;17;B01
201200057868;0;7;0;0;2;8;10;A01
201200057868;0;7;0;0;2;2;1;B01
201200057869;0;2;0;2;0;1;14;A01
201200057870;0;7;0;0;2;1;1;B01
201200057870;0;7;0;0;2;7;1;A01
201200057871;0;30;0;0;2;7;1;A01
201200057871;1;7;0;0;2;0;9;Z01
201200057872;0;7;0;7;2;2;1;B01
201200057872;0;7;0;0;2;3;1;A01
201200057873;0;7;0;0;1;4;4;A01
201200057874;0;7;0;0;2;8;10;A01
201200057874;0;30;0;0;2;2;1;B01
201200057875;0;32;0;0;0;8;1;A01
201200057876;0;32;0;0;0;8;1;A01
201200057877;0;2;0;0;2;6;23;B01
201200057877;0;7;0;0;2;1;2;A01
201200057878;0;7;0;0;2;4;23;B01
201200057878;0;10;0;0;2;4;23;C01
201200057878;0;7;0;0;2;1;2;A01
201200057879;0;7;0;0;2;8;10;A01
201200057879;0;34;0;0;2;1;1;B01
201200057880;0;7;0;0;2;3;10;A01
201200057880;0;32;0;0;2;7;1;B01
201200057881;0;7;0;0;2;3;10;A01
201200057881;0;32;0;0;2;7;17;B01
201200057882;0;10;0;0;2;1;2;A01
201200057882;0;7;0;0;2;4;23;C01
201200057882;0;7;0;0;2;4;23;B01
201200057883;0;7;0;0;1;1;1;A01
201200057884;0;32;0;0;0;8;15;A01
201200057885;0;10;0;8;0;1;13;A01
201200057886;0;10;0;0;1;7;16;A01
201200057887;0;7;0;0;2;3;15;A01
201200057887;0;30;0;0;2;3;1;B01
201200057888;0;33;0;0;2;0;1;A01
201200057888;1;7;0;0;2;0;9;Z01
201200057889;0;7;0;0;2;2;1;A01
201200057889;0;13;0;0;2;3;22;B01
201200057890;0;7;0;0;1;2;1;A01
201200057891;0;7;0;0;1;3;9;A01
201200057892;0;33;0;0;1;1;1;A01
201200057893;0;33;0;0;1;1;17;A01
201200057894;0;2;0;0;2;0;21;A01
201200057895;0;7;0;0;2;4;23;B01
201200057895;0;10;0;0;2;1;1;A01
201200057896;0;2;0;0;2;1;10;A01
201200057896;0;7;0;0;2;1;1;B01
201200057897;0;7;0;0;2;4;2;A01
201200057897;1;7;0;0;2;1;2;Z01
201200057898;0;7;0;0;2;1;1;A01
201200057898;0;7;0;0;2;7;1;B01
201200057899;0;7;0;9;0;3;15;A01
201200057900;0;7;0;0;2;3;15;B01
201200057900;0;30;0;0;2;3;1;A01
201200057901;0;10;0;0;2;2;1;A01
201200057901;0;33;0;0;2;1;1;B01
201200057902;0;32;0;0;1;1;1;A01
201200057903;0;7;0;0;2;3;10;A01
201200057903;0;33;0;0;2;7;1;B01
201200057904;0;32;0;0;2;2;1;B01
201200057904;0;7;0;0;2;3;15;A01
201200057905;0;7;0;0;1;1;1;A01
201200057906;0;32;0;0;1;1;1;A01
201200057907;0;30;0;0;2;1;1;A01
201200057907;1;7;0;0;2;7;15;Z01
201200057908;0;7;0;0;2;1;2;A01
201200057908;0;7;0;0;2;4;2;B01
201200057909;0;1;0;0;2;1;18;B01
201200057909;0;7;0;0;2;2;22;A01
201200057910;1;13;0;0;1;0;16;Z01
201200057911;0;33;0;0;2;1;17;A01
201200057911;0;7;0;0;2;3;23;C01
201200057911;0;7;0;0;2;3;15;B01
201200057912;0;7;0;0;2;8;9;B01
201200057912;0;31;0;0;2;1;1;A01
201200057913;0;30;0;12;0;0;14;A01
201200057914;0;33;0;0;2;2;1;B01
201200057914;0;7;0;0;2;3;10;A01
201200057915;1;7;0;0;2;3;1;Z01
201200057915;0;32;0;0;2;7;1;A01
201200057916;0;2;0;0;1;1;1;A01
201200057917;0;30;0;0;2;1;2;A01
201200057917;0;7;0;0;2;5;2;B01
201200057918;0;7;0;0;2;6;9;A01
201200057918;0;31;0;0;2;1;17;B01
201200057919;0;10;0;0;2;7;16;A01
201200057919;0;1;0;0;2;1;7;B01
201200057920;0;30;0;0;2;3;7;A01
201200057920;0;7;0;0;2;5;1;B01
201200057921;0;10;0;0;0;0;23;A01
201200057921;0;30;0;0;0;1;1;B01
201200057922;0;34;0;0;0;1;17;A01
201200057922;0;7;0;0;0;6;15;B01
201200057923;0;7;0;0;1;4;20;A01
201200057924;0;30;0;0;0;7;7;A01
201200057925;0;2;0;0;0;8;21;A01
201200057926;0;7;0;0;1;1;1;A01
201200057927;0;7;0;0;0;4;23;B01
201200057927;0;7;0;0;2;1;1;A01
201200057928;0;32;0;0;2;1;1;B01
201200057928;0;7;0;0;2;1;15;A01
201200057929;0;34;0;0;1;2;1;A01
201200057930;0;32;0;0;0;0;16;A01
201200057931;0;2;0;0;2;8;18;B01
201200057931;0;7;0;0;2;7;15;A01
201200057932;0;7;0;0;2;3;9;A01
201200057932;0;34;0;0;2;2;17;B01
201200057933;0;32;0;0;2;0;1;A01
201200057933;0;1;0;0;2;0;13;B01
201200057934;0;33;0;0;0;8;18;A01
201200057934;0;14;0;0;2;2;23;B01
201200057935;0;7;0;0;1;1;1;A01
201200057936;0;7;0;0;4;8;1;B01
201200057936;0;7;0;0;2;1;1;A01
201200057937;0;32;0;0;1;1;17;A01
201200057938;0;30;0;0;1;1;1;A01
201200057939;0;7;0;0;1;3;1;A01
201200057940;0;31;0;0;2;1;2;A01
201200057940;0;7;0;0;2;4;23;B01
201200057941;0;30;0;0;1;1;1;A01
201200057942;0;7;0;0;1;4;20;A01
201200057943;0;7;0;0;2;1;1;A01
201200057943;0;7;0;0;0;4;23;B01
201200057944;0;7;0;0;1;2;15;A01
201200057945;0;7;0;0;1;1;1;A01
201200057946;0;7;0;0;9;8;22;A01
201200057946;0;1;0;1;0;2;1;B01
201200057947;0;30;0;0;2;8;18;A01
201200057947;0;7;0;0;0;2;16;B01
201200057948;0;33;0;0;2;1;1;B01
201200057948;0;7;0;0;2;3;9;A01
201200057949;0;7;0;0;1;2;16;A01
201200057950;0;7;0;0;1;6;4;A01
201200057951;0;7;0;0;1;3;1;A01
201200057952;0;31;0;0;0;0;21;A01
201200057953;0;30;0;0;2;1;1;A01
201200057953;0;32;0;0;2;6;1;B01
201200057954;0;7;0;6;0;3;13;A01
201200057955;0;30;0;0;1;1;1;A01
201200057956;0;7;0;0;1;2;17;A01
201200057957;0;7;0;0;1;3;15;A01
201200057958;0;7;0;0;2;8;22;A01
201200057958;0;32;0;0;2;1;1;B01
201200057959;0;32;0;0;2;2;1;A01
201200057959;0;7;0;0;2;5;15;B01
201200057960;0;32;0;0;0;8;17;A01
201200057961;0;1;0;0;2;1;2;A01
201200057961;1;7;0;0;2;1;2;Z01
201200057962;0;7;0;0;1;1;16;A01
201200057963;0;31;0;0;0;2;17;A01
201200057964;0;7;0;11;0;1;13;A01
201200057965;0;2;0;0;2;3;1;A01
201200057965;0;7;0;0;2;1;15;B01
201200057966;0;30;0;0;0;0;16;A01
201200057967;0;7;0;0;1;1;4;A01
201200057968;1;7;0;0;1;3;1;Z01
201200057969;0;7;0;0;2;5;15;A01
201200057969;0;2;0;0;2;1;1;B01
201200057970;0;7;0;0;2;4;7;B01
201200057970;0;37;4;0;2;1;7;A01
201200057971;0;2;0;14;0;1;1;A01
201200057972;0;32;0;0;0;7;1;A01
201200057973;0;7;0;0;1;3;1;A01
201200057974;0;34;0;0;2;1;1;B01
201200057974;0;7;0;0;2;2;10;A01
201200057975;0;30;0;0;0;3;1;A01
201200057976;0;7;0;0;2;8;1;B01
201200057976;0;7;0;0;2;1;1;A01
201200057977;0;32;0;11;0;1;17;A01
201200057978;0;7;0;0;2;1;1;A01
201200057978;0;7;0;0;2;8;1;B01
201200057979;0;7;0;0;2;4;23;C01
201200057979;0;7;0;0;2;1;2;A01
201200057979;0;7;0;0;2;4;23;B01
201200057980;0;1;0;0;2;8;1;A01
201200057980;0;7;0;0;2;8;22;B01
201200057981;0;10;0;0;1;1;16;A01
201200057982;0;37;0;0;2;2;1;B01
201200057982;0;7;0;0;2;3;9;A01
201200057983;0;10;0;0;1;1;15;A01
201200057984;0;2;0;0;0;3;18;A01
201200057984;0;7;0;0;2;7;1;B01
201200057985;0;32;0;0;2;1;17;B01
201200057985;0;7;0;0;2;3;1;A01
201200057986;0;10;0;0;1;4;4;A01
201200057987;0;2;0;0;0;0;16;A01
201200057988;0;7;0;0;2;8;22;A01
201200057988;0;33;0;0;2;1;17;B01
201200057989;0;7;0;0;2;6;1;A01
201200057989;0;7;0;0;2;6;1;B01
201200057990;0;31;0;0;2;2;17;B01
201200057990;0;7;0;0;0;3;10;A01
201200057991;0;7;0;8;0;1;13;A01
201200057992;0;32;0;0;0;0;21;A01
201200057993;0;7;0;0;1;6;20;A01
201200057994;0;33;0;0;0;0;21;A01
201200057995;0;7;0;0;1;2;16;A01
201200057996;0;30;0;0;2;1;1;A01
201200057996;0;10;0;0;0;6;15;B01
201200057997;0;7;0;0;2;1;1;A01
201200057997;0;32;0;0;2;8;1;B01
201200057998;0;30;0;0;1;1;17;A01
201200057999;0;2;0;1;0;2;16;A01
201200058000;0;32;0;0;2;2;1;B01
201200058000;0;7;0;0;2;3;1;A01
201200058001;0;7;0;0;2;1;15;B01
201200058001;0;33;0;0;2;8;7;A01
201200058002;0;32;0;0;2;6;12;B01
201200058002;0;7;0;0;2;2;1;A01
201200058003;0;31;0;0;2;8;1;A01
201200058003;0;7;0;0;2;5;1;B01
201200058004;0;7;0;0;0;6;23;B01
201200058004;0;2;0;0;2;2;1;A01
201200058005;0;7;0;0;2;2;15;A01
201200058005;0;32;0;1;2;1;1;B01
201200058006;0;7;0;0;2;1;15;A01
201200058006;0;2;0;0;0;8;1;B01
201200058007;0;7;0;0;1;2;1;A01
201200058008;0;7;0;0;2;3;17;B01
201200058008;0;30;0;0;2;1;15;A01
201200058009;0;33;0;0;2;8;1;A01
201200058009;0;7;0;0;2;1;15;B01
201200058010;0;7;0;0;2;8;22;B01
201200058010;0;2;0;0;2;1;1;A01
201200058011;0;2;0;0;0;0;16;A01
201200058012;0;30;0;0;2;1;1;B01
201200058012;0;7;0;0;2;2;9;A01
201200058013;0;7;0;0;1;2;15;A01
201200058014;0;7;0;0;1;1;16;A01
201200058015;0;2;0;0;2;7;1;B01
201200058015;0;7;0;0;2;3;11;A01
201200058016;1;7;0;0;1;8;2;Z01
201200058017;0;2;0;0;0;1;1;A01
201200058017;0;10;0;0;0;7;16;B01
201200058018;0;7;0;0;2;3;1;A01
201200058018;0;32;0;0;2;1;1;B01
201200058019;0;31;0;15;0;1;1;A01
201200058020;0;34;0;0;2;4;2;B01
201200058020;0;33;0;0;2;1;2;A01
201200058021;0;1;0;0;2;7;1;B01
201200058021;0;10;0;0;2;3;10;A01
201200058022;0;7;0;0;2;7;16;A01
201200058022;0;33;0;0;0;8;1;B01
201200058023;0;33;0;0;2;7;1;B01
201200058023;0;7;0;0;2;3;9;A01
201200058024;0;7;0;0;2;5;16;B01
201200058024;0;30;0;0;0;8;18;A01
201200058025;0;7;0;0;0;4;23;B01
201200058025;0;38;1;0;0;1;1;A01
201200058026;0;32;0;0;2;1;2;A01
201200058026;1;10;0;0;0;0;0;Z01
201200058027;0;33;0;0;2;3;17;A01
201200058027;0;7;0;0;9;1;9;B01
201200058028;0;7;0;0;2;7;1;B01
201200058028;0;7;0;0;2;8;9;A01
201200058029;1;33;0;0;1;0;17;Z01
201200058030;0;33;0;0;0;8;21;A01
201200058031;0;7;0;0;2;2;15;A01
201200058031;0;32;0;0;2;6;1;B01
201200058032;0;34;0;0;2;3;18;B01
201200058032;0;32;0;0;2;5;16;A01
201200058033;0;34;0;0;1;1;1;A01
201200058034;0;32;0;0;2;2;17;A01
201200058034;0;7;0;0;2;3;15;B01
201200058035;0;33;0;0;1;1;1;A01
201200058036;0;7;0;0;0;2;1;A01
201200058036;0;32;0;0;2;1;17;B01
201200058037;0;30;0;0;1;1;3;A01
201200058038;0;31;0;0;2;7;21;A01
201200058039;0;7;0;0;1;1;1;A01
201200058040;0;7;0;0;2;3;10;A01
201200058040;0;33;0;0;2;1;1;B01
201200058041;0;32;0;0;2;2;1;B01
201200058041;0;10;0;0;2;3;16;A01
201200058042;0;31;0;0;2;2;17;B01
201200058042;0;7;0;0;2;3;15;A01
201200058043;0;7;0;0;2;8;13;A01
201200058043;0;10;0;0;2;7;1;B01
201200058044;0;10;0;0;2;4;23;B01
201200058044;0;7;0;0;2;1;2;A01
201200058045;0;7;0;11;2;3;13;A01
201200058045;0;7;0;0;2;3;1;B01
201200058046;0;7;0;0;2;2;1;A01
201200058046;0;34;0;0;2;3;9;B01
201200058047;0;30;0;0;1;2;1;A01
201200058048;0;7;0;0;1;2;7;A01
201200058049;0;32;0;0;0;8;1;A01
201200058050;0;33;0;0;2;1;17;A01
201200058050;0;7;0;0;2;6;15;B01
201200058051;0;30;0;0;2;7;2;A01
201200058051;0;7;0;0;2;5;2;B01
201200058052;0;7;0;0;1;4;4;A01
201200058053;0;33;0;0;2;8;3;B01
201200058053;0;10;0;0;2;8;1;D01
201200058053;0;32;0;0;2;9;3;C01
201200058053;0;10;0;0;2;7;22;A01
201200058054;2;31;0;11;0;3;13;Z01
201200058055;0;7;0;0;2;5;1;B01
201200058055;0;32;0;1;2;8;5;A01
201200058056;0;30;0;0;2;2;9;A01
201200058056;0;7;0;0;2;1;1;B01
201200058057;0;30;0;0;0;0;1;A01
201200058058;0;7;0;14;0;1;1;A01
201200058059;0;7;0;0;1;2;16;A01
201200058060;0;7;0;0;1;2;1;A01
201200058061;0;33;0;0;2;2;12;A01
201200058061;0;7;0;0;2;3;1;B01
201200058062;0;7;0;0;2;5;16;A01
201200058062;0;30;0;0;2;1;18;B01
201200058063;0;10;0;12;2;7;1;B01
201200058063;0;7;0;0;2;3;16;A01
201200058064;0;7;0;0;1;3;1;A01
201200058065;0;2;0;0;2;1;17;A01
201200058065;0;7;0;0;2;3;15;B01
201200058066;0;7;0;0;1;2;1;A01
201200058067;0;32;0;1;2;1;17;A01
201200058067;0;7;0;0;2;3;15;B01
201200058068;0;33;0;0;0;0;1;A01
201200058069;0;7;0;0;2;5;16;A01
201200058069;0;33;0;0;2;1;1;B01
201200058070;0;30;0;0;2;1;1;B01
201200058070;0;7;0;0;2;2;15;A01
201200058071;0;2;0;0;2;7;9;A01
201200058071;0;2;0;0;2;8;1;B01
201200058072;0;10;0;0;2;3;13;A01
201200058072;0;30;0;0;2;8;17;B01
201200058073;0;7;0;0;2;1;2;A01
201200058073;0;7;0;0;2;4;23;B01
201200058073;0;32;0;0;2;4;23;C01
201200058074;0;10;0;0;2;6;4;A01
201200058074;0;32;0;0;2;2;1;B01
201200058075;0;7;0;0;1;2;1;A01
201200058076;0;31;0;1;0;0;13;A01
201200058077;0;30;0;0;1;1;17;A01
201200058078;0;30;0;0;0;0;1;A01
201200058079;0;1;0;0;2;1;5;A01
201200058079;0;33;0;0;2;7;9;B01
201200058080;0;1;0;0;2;8;1;B01
201200058080;0;7;0;0;2;7;12;A01
201200058081;0;34;0;0;0;0;1;A01
201200058082;0;31;0;0;2;2;1;A01
201200058082;0;7;0;0;2;1;1;B01
201200058083;0;32;0;10;0;7;1;A01
201200058084;0;30;0;0;1;1;1;A01
201200058085;0;7;0;0;1;6;4;A01
201200058086;0;7;0;0;1;1;1;A01
201200058087;0;34;0;1;2;3;1;A01
201200058087;0;7;0;0;2;2;12;B01
201200058088;0;1;0;1;0;1;1;B01
201200058088;0;7;0;0;2;8;22;A01
201200058089;0;7;0;0;2;7;1;A01
201200058089;0;31;0;0;2;1;1;B01
201200058090;0;7;0;0;1;5;16;A01
201200058091;0;7;0;0;1;5;4;A01
201200058092;0;7;0;0;2;6;17;A01
201200058092;0;1;0;0;2;6;13;B01
201200058093;0;7;0;0;1;4;4;A01
201200058094;0;33;0;0;0;2;17;B01
201200058094;0;7;0;0;0;6;15;A01
201200058095;0;7;0;0;0;7;1;A01
201200058095;0;32;0;0;2;8;1;B01
201200058096;0;32;0;0;2;2;17;A01
201200058096;0;10;0;0;2;3;15;B01
201200058097;0;34;0;0;0;0;1;A01
201200058098;0;7;0;0;1;1;1;A01
201200058099;0;2;0;0;0;4;1;B01
201200058099;0;32;0;0;2;1;1;A01
201200058100;0;32;0;0;9;8;21;A01
201200058101;0;32;0;0;2;7;1;A01
201200058101;0;7;0;0;2;7;15;B01
201200058102;0;31;0;0;0;7;15;A01
201200058103;0;30;0;0;2;1;1;A01
201200058103;0;7;0;0;2;3;1;B01
201200058104;0;7;0;0;1;6;7;A01
201200058105;0;33;0;0;2;8;1;B01
201200058105;0;2;0;0;2;0;17;A01
201200058105;0;34;0;0;2;0;1;C01
201200058106;0;2;0;0;0;0;1;A01
201200058107;1;2;0;0;1;0;1;Z01
201200058108;0;33;0;0;1;1;17;A01
201200058109;0;37;0;0;2;7;1;B01
201200058109;0;37;0;0;2;1;1;A01
201200058110;0;1;0;0;0;0;1;A01
201200058111;0;7;0;0;2;8;22;B01
201200058111;0;1;0;0;2;2;1;A01
201200058112;0;33;0;0;0;0;21;A01
201200058113;0;7;0;0;2;7;16;A01
201200058113;0;33;0;0;2;1;18;B01
201200058114;1;34;0;0;1;1;17;Z01
201200058115;0;33;0;0;0;1;21;A01
201200058116;0;32;0;0;0;0;21;A01
201200058117;0;31;0;0;0;0;1;A01
201200058118;0;32;0;0;0;0;1;A01
201200058119;0;7;0;8;2;7;1;A01
201200058119;0;7;0;0;2;1;1;B01
201200058120;0;7;0;0;2;2;15;A01
201200058120;0;7;0;0;2;1;1;B01
201200058121;0;32;0;0;2;4;23;B01
201200058121;0;7;0;0;2;1;1;A01
201200058122;0;7;0;0;1;1;1;A01
201200058123;0;7;0;0;2;7;16;B01
201200058123;0;33;0;1;2;8;18;A01
201200058124;0;33;0;1;0;1;1;A01
201200058124;0;7;0;0;2;7;22;B01
201200058125;0;31;0;0;0;0;1;A01
201200058126;0;32;0;1;0;8;21;A01
201200058127;0;7;0;0;2;7;1;B01
201200058127;0;2;0;0;2;8;13;A01
201200058128;0;7;0;0;0;1;1;A01
201200058129;0;32;0;0;2;7;1;A01
201200058129;0;7;0;0;2;3;1;B01
201200058130;0;32;0;0;0;7;1;A01
201200058131;0;2;0;0;2;0;1;A01
201200058132;0;32;0;0;2;7;1;A01
201200058132;0;7;0;1;2;1;1;B01
201200058133;0;14;0;0;1;5;16;A01
201200058134;0;3;0;0;2;1;16;B01
201200058134;0;7;0;0;2;1;1;A01
201200058135;0;7;0;0;2;2;15;A01
201200058135;0;2;0;0;2;1;7;B01
201200058136;0;2;0;0;0;6;15;B01
201200058136;0;7;0;0;2;3;15;A01
201200058137;0;2;0;0;0;0;16;A01
201200058138;0;7;0;0;1;3;1;A01
201200058139;0;7;0;0;2;1;15;B01
201200058139;0;34;0;0;2;1;17;A01
201200058140;0;7;0;0;2;3;1;A01
201200058140;0;7;0;4;2;5;1;B01
201200058141;0;2;0;0;2;8;1;A01
201200058141;1;7;0;0;2;1;15;Z01
201200058142;0;30;0;0;2;1;1;A01
201200058142;1;7;0;1;2;0;1;Z01
201200058143;1;7;0;0;2;7;14;Z01
201200058143;0;34;0;0;2;8;1;A01
201200058144;0;7;0;1;0;1;14;A01
201200058145;0;7;0;0;2;3;15;A01
201200058145;0;31;0;0;2;0;1;B01
201200058146;0;7;0;0;1;6;4;A01
201200058147;0;7;0;0;2;8;10;A01
201200058147;0;32;0;0;2;2;1;B01
201200058148;0;7;0;0;2;2;1;B01
201200058148;0;32;0;0;2;1;1;A01
201200058149;0;7;0;0;2;1;15;B01
201200058149;0;7;0;0;2;3;1;A01
201200058150;0;2;0;0;2;1;1;A01
201200058150;0;7;0;0;2;1;1;B01
201200058151;0;33;0;0;1;1;1;A01
201200058152;1;7;0;0;2;4;15;Z01
201200058152;0;30;0;0;2;1;1;A01
201200058153;0;30;0;0;0;0;21;A01
201200058154;0;30;0;0;1;1;17;A01
201200058155;0;32;0;8;1;1;1;A01
201200058156;0;32;0;0;1;1;1;A01
201200058157;0;7;0;0;1;1;1;A01
201200058158;0;33;0;0;2;1;1;B01
201200058158;0;7;0;0;2;2;10;A01
201200058159;0;30;0;0;0;7;16;A01
201200058160;0;2;0;0;2;1;1;B01
201200058160;0;7;0;0;2;5;1;A01
201200058161;0;33;0;0;0;0;21;A01
201200058162;0;10;0;0;1;2;1;A01
201200058163;0;1;0;0;2;8;1;B01
201200058163;0;7;0;0;2;4;4;A01
201200058164;0;33;0;0;2;7;1;A01
201200058164;1;7;0;0;2;1;1;Z01
201200058165;0;7;0;0;2;3;1;B01
201200058165;0;30;0;0;2;2;1;A01
201200058166;0;7;0;0;2;2;1;B01
201200058166;0;32;0;0;2;3;15;A01
201200058167;0;30;0;0;0;8;7;A01
201200058168;0;7;0;0;1;4;4;A01
201200058169;0;7;0;0;2;1;1;A01
201200058169;0;7;0;0;2;6;16;B01
201200058170;0;33;0;0;2;8;1;A01
201200058170;1;7;0;0;2;7;14;Z01
201200058171;0;33;0;0;2;2;17;B01
201200058171;0;10;0;0;2;8;15;A01
201200058172;0;33;0;0;2;7;1;B01
201200058172;0;33;0;0;2;1;1;A01
201200058173;0;10;0;0;1;2;1;A01
201200058174;0;13;0;0;1;4;4;A01
201200058175;0;7;0;0;2;8;9;A01
201200058175;0;31;0;0;2;1;1;B01
201200058176;0;7;0;0;2;1;2;A01
201200058176;0;7;0;0;2;4;23;B01
201200058176;0;7;0;0;2;4;23;C01
201200058177;0;7;0;0;2;3;15;A01
201200058177;0;32;0;0;2;1;1;B01
201200058178;0;7;0;0;2;3;9;B01
201200058178;0;33;0;0;2;5;1;A01
201200058179;0;32;0;0;2;1;2;A01
201200058179;0;7;0;0;2;6;2;B01
201200058180;0;30;0;0;2;1;2;A01
201200058181;0;31;0;0;2;8;1;A01
201200058181;0;7;0;0;2;2;15;B01
201200058182;0;7;0;1;0;2;14;A01
201200058183;0;33;0;0;1;1;1;A01
201200058184;0;33;0;0;2;8;18;B01
201200058184;0;7;0;0;2;2;16;A01
201200058185;0;7;0;0;2;3;15;B01
201200058185;0;32;0;0;2;1;1;A01
201200058186;0;7;0;0;2;3;15;B01
201200058186;0;32;0;0;2;7;5;A01
201200058187;1;2;0;0;1;0;1;Z01
201200058188;0;7;0;0;1;2;1;A01
201200058189;0;33;0;0;2;1;2;A01
201200058189;0;7;0;0;2;5;2;B01
201200058190;0;7;0;0;2;3;4;A01
201200058190;0;30;0;0;2;1;1;B01
201200058191;0;7;0;0;1;2;16;A01
201200058192;0;33;0;0;2;9;18;A01
201200058192;0;7;0;0;2;5;16;B01
201200058193;0;7;0;0;1;2;1;A01
201200058194;0;30;0;0;0;7;23;B01
201200058194;0;7;0;0;0;8;15;A01
201200058195;0;7;0;0;2;8;1;B01
201200058195;0;31;0;0;2;1;1;A01
201200058196;0;10;0;0;2;3;1;A01
201200058196;0;1;0;0;2;8;9;B01
201200058197;0;30;0;14;0;0;17;A01
201200058198;0;7;0;0;2;1;15;B01
201200058198;0;32;0;0;2;7;17;A01
201200058199;0;1;0;0;2;2;7;B01
201200058199;0;10;0;0;2;8;22;A01