num_acc;senc;catv;occutc;obs;obsm;choc;manv;num_veh
201200058590;0;7;0;0;2;4;23;B01
201200058590;0;7;0;0;2;1;2;A01
201200058591;0;30;0;0;2;7;17;B01
201200058591;0;7;0;0;2;8;15;A01
201200058592;0;37;30;0;2;6;3;B01
201200058592;0;30;0;0;2;5;17;A01
201200058593;1;33;0;0;1;0;1;A01
201200058594;0;10;0;0;2;8;13;A01
201200058594;0;32;0;0;2;2;17;B01
201200058595;0;31;0;0;1;1;1;A01
201200058596;0;32;0;0;1;3;1;A01
201200058597;0;7;0;0;1;1;1;A01
201200058598;0;7;0;0;0;7;15;A01
201200058598;0;7;0;0;2;3;1;C01
201200058598;0;33;0;0;2;4;1;B01
201200058599;0;32;0;0;2;8;18;A01
201200058599;1;1;0;0;2;7;14;B01
201200058600;0;7;0;0;1;0;5;A01
201200058601;0;13;0;0;2;4;4;A01
201200058601;0;34;0;0;2;1;23;B01
201200058602;0;7;0;0;2;6;15;A01
201200058602;0;2;0;0;2;1;17;B01
201200058603;0;33;0;0;2;1;1;A01
201200058603;0;7;0;0;2;6;1;B01
201200058604;0;14;0;0;1;2;1;A01
201200058605;0;30;0;0;2;2;1;B01
201200058605;0;10;0;0;2;3;9;A01
201200058606;0;7;0;6;0;1;1;A01
201200058607;0;7;0;0;1;1;1;A01
201200058608;0;31;0;0;2;1;2;A01
201200058608;0;7;0;0;2;5;2;B01
201200058609;0;2;0;0;1;2;1;A01
201200058610;0;7;0;0;2;3;1;B01
201200058610;0;32;0;0;2;1;1;A01
201200058611;0;7;0;0;2;8;15;A01
201200058611;0;32;0;0;2;7;17;B01
201200058612;0;7;0;0;1;3;15;A01
201200058613;0;38;50;1;1;5;4;A01
201200058614;0;10;0;0;1;1;1;A01
201200058615;0;32;0;0;2;1;17;A01
201200058615;0;7;0;0;2;3;15;B01
201200058616;0;10;0;0;2;3;15;A01
201200058616;0;30;0;0;2;3;1;B01
201200058617;0;7;0;0;2;3;10;A01
201200058617;0;2;0;0;2;1;5;B01
201200058618;0;10;0;0;2;3;1;A01
201200058618;0;32;0;0;2;1;13;B01
201200058619;0;30;0;15;2;1;1;B01
201200058619;0;7;0;0;2;7;9;A01
201200058620;0;10;0;0;2;2;1;A01
201200058620;0;30;0;0;2;1;1;B01
201200058621;0;32;0;0;2;4;23;B01
201200058621;0;10;0;14;2;3;1;C01
201200058621;0;7;0;0;2;7;23;A01
201200058622;0;33;0;0;2;3;1;B01
201200058622;0;7;0;0;2;2;1;A01
201200058623;0;7;0;0;2;2;7;A01
201200058623;0;33;0;0;2;5;16;B01
201200058624;0;7;0;8;0;1;1;A01
201200058625;0;32;0;0;2;4;23;B01
201200058625;0;10;0;0;2;2;16;A01
201200058626;0;33;0;0;1;1;1;A01
201200058627;0;30;0;0;2;1;17;A01
201200058627;0;33;0;0;2;4;15;B01
201200058628;0;7;0;0;1;8;15;A01
201200058629;2;10;0;0;2;1;2;Z01
201200058629;0;7;0;0;2;4;23;A01
201200058630;0;30;0;0;2;2;1;B01
201200058630;0;10;0;0;2;3;10;A01
201200058631;0;37;1;0;2;7;11;B01
201200058631;0;32;0;0;2;8;1;A01
201200058632;0;1;0;0;2;8;19;B01
201200058632;0;10;0;0;2;3;17;A01
201200058633;0;1;0;0;0;1;1;A01
201200058634;1;7;0;0;2;5;14;Z01
201200058634;0;30;0;0;2;3;1;A01
201200058635;1;7;0;0;0;0;1;A01
201200058636;0;2;0;0;0;0;15;A01
201200058637;0;7;0;0;1;1;1;A01
201200058638;0;7;0;0;2;3;9;A01
201200058638;0;1;0;0;2;1;1;B01
201200058639;0;7;0;0;2;1;1;C01
201200058639;0;7;0;0;2;4;23;A01
201200058639;0;7;0;0;2;9;23;B01
201200058640;0;7;0;0;2;6;10;A01
201200058640;0;33;0;0;2;2;17;B01
201200058641;0;32;0;0;0;7;1;A01
201200058641;0;7;0;0;0;3;23;B01
201200058642;0;37;1;0;2;3;15;A01
201200058642;0;32;0;0;2;3;1;B01
201200058643;0;2;0;0;0;2;1;B01
201200058643;0;13;0;0;2;3;13;A01
201200058644;0;7;0;0;0;1;1;A01
201200058644;0;32;0;0;0;1;1;B01
201200058645;0;7;0;0;2;1;1;A01
201200058645;0;31;0;0;0;4;23;B01
201200058646;0;31;0;0;0;3;1;A01
201200058646;1;30;0;0;0;0;1;Z01
201200058647;0;33;0;0;2;8;1;B01
201200058647;0;7;0;0;2;2;16;A01
201200058648;0;10;0;0;2;6;15;B01
201200058648;0;32;0;0;2;1;1;A01
201200058649;0;13;0;0;2;2;16;A01
201200058650;0;37;1;0;2;1;13;A01
201200058650;0;7;0;0;2;1;1;B01
201200058651;0;10;0;0;2;3;13;A01
201200058651;0;2;0;0;2;7;23;B01
201200058652;0;32;0;0;0;0;15;A01
201200058653;0;34;0;14;1;1;17;A01
201200058654;0;32;0;0;2;8;7;B01
201200058654;0;10;0;0;2;7;15;A01
201200058655;0;32;0;0;1;2;1;A01
201200058656;0;38;1;0;1;2;1;A01
201200058657;0;7;0;0;1;0;1;A01
201200058658;0;7;0;14;0;3;13;A01
201200058659;0;7;0;0;1;3;1;A01
201200058660;0;32;0;0;2;7;1;B01
201200058660;0;7;0;0;2;6;5;A01
201200058661;0;32;0;0;1;1;1;A01
201200058662;0;7;0;0;1;3;4;A01
201200058663;0;7;0;0;0;3;15;A01
201200058663;0;34;0;0;0;3;17;B01
201200058664;0;7;0;0;2;4;2;B01
201200058664;0;7;0;0;2;1;2;A01
201200058665;0;32;0;0;2;1;1;A01
201200058665;0;7;0;0;2;3;15;B01
201200058666;0;7;0;11;0;3;13;A01
201200058667;0;1;0;0;2;0;1;B01
201200058667;0;7;0;0;2;0;9;A01
201200058668;1;7;0;0;1;0;1;Z01
201200058669;0;33;0;0;1;1;1;A01
201200058670;0;7;0;0;1;1;1;A01
201200058671;0;7;0;0;0;8;10;A01
201200058671;0;33;0;0;2;1;17;B01
201200058672;0;7;0;0;1;3;15;A01
201200058673;0;33;0;0;2;1;1;B01
201200058673;0;7;0;0;2;2;10;A01
201200058674;0;10;0;0;1;3;15;A01
201200058675;0;7;0;0;1;1;1;A01
201200058676;0;7;0;0;2;7;15;B01
201200058676;0;32;0;0;2;1;1;A01
201200058677;0;7;0;14;0;1;1;A01
201200058678;0;7;0;0;0;7;16;A01
201200058678;0;30;0;0;0;1;7;B01
201200058679;0;7;0;0;0;5;17;A01
201200058679;0;32;0;0;2;1;15;B01
201200058680;1;30;0;0;1;1;1;Z01
201200058681;0;7;0;4;0;1;13;A01
201200058682;1;31;0;0;1;1;1;Z01
201200058683;0;30;0;0;0;0;21;A01
201200058684;0;33;0;0;2;4;15;A01
201200058684;0;37;1;0;2;3;7;B01
201200058685;0;30;0;0;1;1;7;A01
201200058686;0;7;0;0;2;5;15;A01
201200058686;0;1;0;0;2;1;1;B01
201200058687;0;7;0;0;1;7;1;A01
201200058688;0;7;0;15;0;1;1;A01
201200058689;0;7;0;0;2;2;1;A01
201200058689;0;7;0;0;2;1;15;B01
201200058690;0;7;0;0;1;2;1;A01
201200058691;0;32;0;0;1;0;1;A01
201200058692;0;7;0;0;1;1;1;A01
201200058693;0;7;0;0;2;3;1;A01
201200058693;0;7;0;0;2;5;23;B01
201200058694;0;7;0;0;2;1;5;A01
201200058694;0;7;0;0;2;1;1;B01
201200058695;0;7;0;0;2;1;1;B01
201200058695;0;7;0;0;2;1;1;A01
201200058696;0;7;0;0;1;3;1;A01
201200058697;0;7;0;0;2;2;1;A01
201200058698;0;7;0;0;0;1;1;A01
201200058698;0;33;0;0;2;8;1;B01
201200058699;0;2;0;0;2;3;1;A01
201200058699;1;7;0;0;2;0;12;Z01
201200058700;0;32;0;0;2;7;1;A01
201200058700;0;7;0;0;2;1;10;B01
201200058701;0;2;0;0;1;6;1;A01
201200058702;0;7;0;0;1;4;4;A01
201200058703;0;32;0;0;0;0;7;A01
201200058704;0;7;0;0;2;3;13;A01
201200058704;0;32;0;0;2;7;1;B01
201200058705;0;7;0;0;2;1;1;A01
201200058705;0;7;0;8;2;7;1;B01
201200058706;0;7;0;0;1;7;1;A01
201200058707;0;7;0;0;1;7;16;A01
201200058708;0;10;0;0;1;1;10;A01
201200058709;0;2;0;0;1;1;1;A01
201200058710;1;10;0;0;2;1;2;Z01
201200058710;0;7;0;0;2;4;23;A01
201200058711;0;7;0;0;2;2;1;B01
201200058711;0;10;0;15;2;8;15;A01
201200058712;0;13;0;0;2;2;15;A01
201200058712;0;7;0;0;2;3;15;B01
201200058713;0;7;0;0;1;1;1;A01
201200058714;0;7;0;0;1;2;1;A01
201200058715;0;37;0;0;1;7;16;A01
201200058716;0;2;0;0;2;1;17;A01
201200058716;0;7;0;0;2;5;15;B01
201200058717;0;7;0;11;0;3;15;A01
201200058718;0;32;0;0;1;1;17;A01
201200058719;0;7;0;0;1;1;15;A01
201200058720;0;10;0;0;1;3;1;A01
201200058721;0;31;0;0;1;1;1;A01
201200058722;0;7;0;0;1;2;1;A01
201200058723;0;7;0;0;1;1;17;A01
201200058724;0;7;0;0;2;3;9;A01
201200058724;0;32;0;0;2;1;1;B01
201200058725;1;7;0;0;2;1;1;A01
201200058725;0;3;0;0;2;6;1;B01
201200058726;0;33;0;0;2;1;1;A01
201200058726;0;7;0;0;2;3;1;B01
201200058727;0;32;0;0;1;1;1;A01
201200058728;0;7;0;11;0;7;15;A01
201200058729;0;7;0;0;1;3;1;A01
201200058730;0;30;0;0;2;1;5;B01
201200058730;0;7;0;0;2;2;15;A01
201200058731;0;10;0;0;2;3;16;A01
201200058731;0;1;0;0;2;1;1;B01
201200058732;0;7;0;0;2;6;2;B01
201200058732;0;7;0;0;2;2;2;A01
201200058733;1;7;0;0;1;0;1;Z01
201200058734;0;10;0;0;2;5;1;A01
201200058734;0;32;0;0;2;1;1;B01
201200058735;0;7;0;0;1;1;1;A01
201200058736;0;2;0;2;0;3;0;A01
201200058737;0;7;0;0;2;8;1;A01
201200058737;0;7;0;0;2;2;15;B01
201200058738;0;33;0;0;2;8;1;A01
201200058738;0;10;0;0;2;5;1;B01
201200058739;0;7;0;0;1;2;1;A01
201200058740;0;32;0;0;2;7;17;B01
201200058740;0;7;0;0;2;8;13;A01
201200058741;0;7;0;0;1;7;1;A01
201200058742;0;10;0;0;2;1;2;A01
201200058742;0;7;0;0;2;4;23;B01
201200058743;0;10;0;0;2;7;22;B01
201200058743;0;32;0;0;2;3;18;A01
201200058744;0;10;0;0;1;5;4;A01
201200058745;0;32;0;0;2;3;1;A01
201200058745;0;7;0;0;2;6;23;B01
201200058746;0;33;0;0;2;1;1;A01
201200058746;0;1;0;0;2;8;19;B01
201200058747;0;7;0;0;2;4;23;B01
201200058747;0;7;0;0;2;3;2;A01
201200058748;0;7;0;0;1;7;1;A01
201200058749;0;30;0;0;2;1;19;A01
201200058749;0;7;0;0;2;2;1;B01
201200058750;0;2;0;0;0;8;1;A01
201200058751;0;7;0;1;1;1;1;A01
201200058752;0;30;0;0;1;0;1;A01
201200058753;0;2;0;0;2;3;5;A01
201200058753;0;30;0;0;2;1;15;B01
201200058754;0;30;0;0;2;2;17;B01
201200058754;0;10;0;0;2;6;10;A01
201200058755;0;7;0;0;2;2;16;B01
201200058755;0;33;0;0;2;3;18;A01
201200058756;1;7;0;0;2;3;9;Z01
201200058756;0;34;0;0;2;2;1;B01
201200058757;0;7;0;0;1;1;1;A01
201200058758;0;2;0;0;2;7;1;A01
201200058758;0;7;0;0;2;3;16;B01
201200058759;0;10;0;0;1;0;1;A01
201200058760;0;30;0;0;0;7;15;A01
201200058761;0;30;0;15;2;1;17;B01
201200058761;0;7;0;0;2;6;10;A01
201200058762;1;7;0;0;2;7;15;Z01
201200058762;0;1;0;0;2;8;1;A01
201200058763;0;7;0;0;2;5;23;C01
201200058763;0;2;0;0;2;5;23;B01
201200058763;0;35;0;0;2;0;18;A01
201200058764;0;32;0;0;2;2;2;A01
201200058764;0;7;0;0;2;3;4;B01
201200058765;0;7;0;0;2;1;2;A01
201200058765;0;7;0;0;2;1;23;B01
201200058765;0;7;0;0;2;6;1;C01
201200058766;0;34;0;0;1;3;17;A01
201200058767;0;7;0;0;2;5;15;B01
201200058767;0;33;0;0;2;1;1;A01
201200058768;0;7;0;0;1;1;1;A01
201200058769;0;31;0;0;0;1;1;A01
201200058770;0;7;0;0;2;3;1;B01
201200058770;0;7;0;0;2;2;1;A01
201200058771;0;7;0;0;1;1;1;A01
201200058772;1;7;0;0;1;0;1;Z01
201200058773;0;10;0;0;1;3;15;A01
201200058774;0;10;0;0;1;2;1;A01
201200058775;0;7;0;0;1;3;16;A01
201200058776;0;33;0;0;0;0;1;A01
201200058777;0;31;0;0;0;0;21;A01
201200058778;0;7;0;0;2;2;2;A01
201200058778;0;10;0;0;2;6;2;B01
201200058779;0;7;0;0;2;1;2;A01
201200058779;0;7;0;0;2;4;2;B01
201200058780;0;7;0;0;1;2;1;A01
201200058781;0;7;0;0;2;0;2;B01
201200058781;0;7;0;0;2;0;23;A01
201200058782;0;30;0;0;1;0;17;A01
201200058783;0;2;0;0;0;0;1;A01
201200058784;0;2;0;0;2;7;1;A01
201200058784;1;7;0;0;2;8;13;Z01
201200058785;0;7;0;6;0;1;21;A01
201200058786;0;1;0;0;2;3;1;B01
201200058786;0;7;0;0;2;2;17;A01
201200058787;0;2;0;0;2;1;2;A01
201200058787;0;7;0;0;2;4;23;B01
201200058788;0;7;0;0;1;2;1;A01
201200058789;1;1;0;0;2;1;18;B01
201200058789;0;7;0;0;2;5;16;A01
201200058790;1;30;0;1;0;1;13;A01
201200058791;0;1;0;0;2;3;15;B01
201200058791;0;10;0;0;9;2;1;A01
201200058792;0;7;0;1;1;3;13;A01
201200058793;0;32;0;0;2;1;1;B01
201200058793;0;7;0;0;2;7;15;A01
201200058794;0;32;0;0;1;1;1;A01
201200058795;0;3;0;1;0;2;1;A01
201200058796;0;30;0;0;0;8;1;A01
201200058797;0;30;0;0;2;1;1;B01
201200058797;0;2;0;0;2;1;1;A01
201200058798;0;32;0;0;2;7;15;A01
201200058799;0;33;0;0;2;1;1;A01
201200058799;0;13;0;0;2;4;15;B01
201200058800;0;10;0;0;2;6;23;B01
201200058800;0;2;0;0;2;1;2;A01
201200058801;0;7;0;0;1;3;1;A01
201200058802;0;10;0;0;1;2;1;A01
201200058803;0;30;0;0;9;0;1;A01
201200058804;0;33;0;0;2;0;21;A01
201200058805;0;7;0;0;1;1;15;A01
201200058806;0;7;0;0;2;8;1;B01
201200058806;0;7;0;0;2;1;1;A01
201200058807;0;33;0;0;2;3;1;B01
201200058807;0;1;0;1;2;2;19;A01
201200058808;0;32;0;0;1;3;1;A01
201200058809;0;7;0;0;1;3;1;A01
201200058810;1;7;0;0;0;4;23;Z01
201200058810;0;30;0;0;0;1;1;A01
201200058811;0;2;0;0;2;1;0;B01
201200058811;0;7;0;0;2;5;0;A01
201200058812;0;30;0;0;1;1;1;A01
201200058813;0;7;0;0;1;3;0;A01
201200058814;0;30;0;0;2;7;17;B01
201200058814;0;7;0;0;2;8;15;A01
201200058815;0;32;0;0;2;1;15;A01
201200058815;0;7;0;0;2;8;1;B01
201200058816;0;7;0;0;2;3;1;A01
201200058816;0;34;0;0;0;4;23;B01
201200058817;0;7;0;0;2;3;1;B01
201200058817;0;32;0;0;2;1;21;A01
201200058818;0;32;0;0;2;7;17;B01
201200058818;0;7;0;0;2;2;15;A01
201200058819;0;32;0;0;2;7;17;A01
201200058819;0;15;0;0;2;8;13;B01
201200058820;0;33;0;0;0;7;1;B01
201200058820;0;7;0;0;0;1;1;A01
201200058821;0;7;0;0;2;2;15;B01
201200058821;0;32;0;0;2;8;16;A01
201200058822;0;7;0;1;0;2;14;A01
201200058823;0;1;0;0;2;1;1;B01
201200058823;0;10;0;0;2;2;16;A01
201200058824;0;7;0;0;2;3;1;B01
201200058824;1;2;0;0;2;1;14;A01
201200058825;0;10;0;0;1;0;4;A01
201200058826;0;30;0;0;0;7;15;A01
201200058827;0;10;0;0;2;4;23;A01
201200058827;1;7;0;0;2;1;2;Z01
201200058827;0;7;0;0;2;4;23;B01
201200058828;0;7;0;0;9;2;1;A01
201200058828;0;1;0;0;0;7;1;B01
201200058829;0;7;0;0;0;6;23;B01
201200058829;0;7;0;0;2;2;7;A01
201200058830;0;7;0;0;1;1;16;A01
201200058831;0;33;0;0;1;1;1;A01
201200058832;0;34;0;0;2;8;1;A01
201200058832;0;7;0;0;2;1;1;B01
201200058833;0;7;0;0;2;2;15;A01
201200058833;0;1;0;0;2;1;1;B01
201200058834;0;7;0;0;1;1;1;A01
201200058835;0;34;0;0;0;0;16;A01
201200058836;0;7;0;0;1;4;4;A01
201200058837;0;7;0;0;1;2;1;A01
201200058838;0;7;0;0;2;3;16;B01
201200058838;0;33;0;0;2;1;13;A01
201200058839;0;7;0;0;1;3;15;A01
201200058840;0;7;0;0;2;8;10;A01
201200058840;0;32;0;0;2;8;1;B01
201200058841;1;32;0;0;1;0;1;Z01
201200058842;0;33;0;0;2;8;17;A01
201200058842;0;10;0;0;2;0;10;B01
201200058843;0;7;0;0;2;1;2;A01
201200058843;0;10;0;0;2;3;23;B01
201200058843;0;7;0;0;2;4;23;C01
201200058844;0;7;0;0;1;3;1;A01
201200058845;0;32;0;0;0;2;1;A01
201200058846;0;32;0;0;2;7;18;A01
201200058846;0;7;0;0;2;7;23;B01
201200058847;0;7;0;0;2;7;16;A01
201200058847;0;30;0;0;2;1;18;B01
201200058848;0;7;0;8;0;3;15;A01
201200058849;0;33;0;0;2;1;1;B01
201200058849;0;7;0;0;2;3;16;A01
201200058850;0;7;0;0;2;3;1;A01
201200058850;0;7;0;0;2;2;1;B01
201200058851;1;7;0;0;1;1;1;Z01
201200058852;0;7;0;0;1;1;1;A01
201200058853;0;30;0;0;2;8;1;A01
201200058853;1;7;0;0;2;7;17;Z01
201200058854;1;7;0;0;1;1;1;Z01
201200058855;0;7;0;0;2;5;2;A01
201200058855;1;30;0;0;2;1;2;Z01
201200058856;0;30;0;0;1;3;1;A01
201200058857;0;7;0;0;0;3;1;A01
201200058858;0;7;0;0;2;3;9;A01
201200058858;0;2;0;0;2;1;1;B01
201200058859;0;1;0;0;2;1;9;A01
201200058859;0;33;0;0;2;1;1;B01
201200058860;0;10;0;0;2;3;15;A01
201200058860;0;31;0;0;2;2;17;B01
201200058861;0;10;0;0;1;3;1;A01
201200058862;0;7;0;0;2;2;1;A01
201200058862;0;33;0;0;2;8;1;B01
201200058863;1;2;0;0;1;1;1;Z01
201200058864;0;33;0;0;2;7;1;A01
201200058864;0;10;0;0;2;1;9;B01
201200058865;1;1;0;0;1;1;1;A01
201200058866;0;14;0;8;1;5;4;A01
201200058867;0;32;0;8;0;1;14;A01
201200058868;0;7;0;0;2;8;1;B01
201200058868;0;30;0;0;2;1;15;A01
201200058869;0;2;0;0;2;2;1;B01
201200058869;0;7;0;0;2;3;9;A01
201200058870;0;7;0;0;2;1;2;A01
201200058870;0;10;0;0;2;4;2;B01
201200058871;1;2;0;0;2;1;1;Z01
201200058871;0;7;0;0;2;2;16;A01
201200058872;0;7;0;0;2;3;10;A01
201200058872;0;30;0;0;2;7;1;B01
201200058873;0;7;0;14;2;3;15;B01
201200058873;0;7;0;0;2;2;1;A01
201200058874;1;10;0;0;1;1;15;Z01
201200058875;0;34;0;0;2;1;16;A01
201200058875;0;7;0;0;2;3;1;B01
201200058876;0;30;0;0;2;3;1;A01
201200058876;1;17;0;0;2;0;14;Z01
201200058877;0;10;0;0;2;5;10;A01
201200058877;0;2;0;0;2;1;1;B01
201200058878;0;1;0;0;2;8;15;B01
201200058878;0;2;0;0;2;1;17;A01
201200058879;0;7;0;0;1;1;1;A01
201200058880;0;7;0;0;0;2;1;A01
201200058881;0;34;0;1;2;1;1;B01
201200058881;0;7;0;0;2;7;9;A01
201200058882;0;32;0;14;0;8;14;A01
201200058883;0;2;0;1;0;1;14;A01
201200058884;0;32;0;14;0;7;1;A01
201200058885;0;30;0;0;2;4;23;B01
201200058885;0;34;0;14;2;1;2;A01
201200058886;0;7;0;0;2;2;12;A01
201200058886;0;33;0;0;2;7;1;B01
201200058887;0;32;0;0;2;3;1;B01
201200058887;0;7;0;0;2;2;15;A01
201200058888;0;7;0;0;1;3;1;A01
201200058889;0;7;0;0;1;1;1;A01
201200058890;1;7;0;0;1;2;16;Z01
201200058891;0;7;0;0;2;3;13;A01
201200058891;0;32;0;0;2;1;1;B01
201200058892;0;7;0;0;2;3;15;A01
201200058892;0;30;0;0;2;2;17;B01
201200058893;1;7;0;0;2;3;1;Z01
201200058893;0;7;0;0;2;2;1;A01
201200058894;0;33;0;1;0;1;14;A01
201200058895;0;2;0;0;2;2;17;A01
201200058895;0;7;0;0;2;1;9;B01
201200058896;0;7;0;0;2;3;10;A01
201200058896;0;33;0;0;2;1;17;B01
201200058897;0;31;0;0;1;1;1;A01
201200058898;2;7;0;0;1;4;4;A01
201200058899;0;30;0;0;0;8;17;A01
201200058900;0;30;0;0;1;1;2;A01
201200058901;0;1;0;0;2;6;19;B01
201200058901;0;7;0;0;9;2;1;A01
201200058902;0;10;0;0;1;3;1;A01
201200058903;0;32;0;0;1;1;1;A01
201200058904;0;7;0;0;2;2;1;A01
201200058904;0;7;0;0;2;3;1;B01
201200058905;0;1;0;0;0;0;1;A01
201200058906;0;31;0;0;2;1;2;A01
201200058906;0;7;0;0;2;3;1;C01
201200058906;0;7;0;0;2;6;2;B01
201200058907;0;7;0;0;1;5;20;A01
201200058908;0;7;0;0;2;0;12;A01
201200058908;0;30;0;0;2;0;7;B01
201200058909;0;7;0;15;1;1;1;A01
201200058910;0;7;0;0;1;4;4;A01
201200058911;0;1;0;0;2;0;2;A01
201200058911;1;30;0;0;2;0;2;Z01
201200058912;0;38;13;0;1;1;1;A01
201200058913;0;7;0;0;0;8;11;A01
201200058913;0;32;0;0;0;7;1;B01
201200058914;0;7;0;0;0;2;15;A01
201200058914;0;33;0;0;0;1;1;B01
201200058915;0;30;0;0;2;1;2;A01
201200058915;0;10;0;0;2;4;2;B01
201200058916;0;7;0;0;2;1;15;A01
201200058916;0;2;0;0;2;1;1;B01
201200058917;0;7;0;0;2;3;15;A01
201200058917;0;1;0;0;2;2;17;B01
201200058918;0;30;0;0;1;1;15;A01
201200058919;0;7;0;2;0;1;1;A01
201200058920;0;7;0;0;1;1;15;A01
201200058921;0;30;0;0;1;1;17;A01
201200058922;0;10;0;0;2;1;1;A01
201200058922;0;7;0;0;0;4;15;B01
201200058923;0;7;0;0;0;2;1;B01
201200058923;0;2;0;0;2;0;3;A01
201200058923;0;10;0;0;0;8;1;C01
201200058924;0;33;0;0;0;3;1;A01
201200058925;0;33;0;0;2;1;17;A01
201200058925;0;10;0;0;2;1;1;B01
201200058926;0;33;0;0;2;1;17;B01
201200058926;0;7;0;0;2;2;15;A01
201200058927;0;7;0;0;1;5;1;A01
201200058928;1;30;0;0;1;0;5;Z01
201200058929;0;7;0;0;2;0;13;B01
201200058929;0;30;0;0;2;6;1;A01
201200058930;0;7;0;0;2;8;10;A01
201200058930;0;33;0;0;2;1;17;B01
201200058931;1;30;0;0;1;0;1;Z01
201200058932;0;32;0;1;0;8;7;A01
201200058933;0;7;0;0;1;3;1;A01
201200058934;0;7;0;0;1;2;1;A01
201200058935;0;7;0;0;1;5;16;A01
201200058936;0;7;0;0;2;3;9;A01
201200058936;0;30;0;0;2;1;1;B01
201200058937;0;1;0;0;2;1;1;B01
201200058937;0;7;0;0;2;0;4;A01
201200058938;0;30;0;0;2;3;18;A01
201200058938;0;7;0;0;2;7;16;B01
201200058939;0;10;0;0;1;4;4;A01
201200058940;0;31;0;0;1;1;1;A01
201200058941;0;2;0;0;2;1;17;A01
201200058941;0;7;0;0;2;3;15;B01
201200058942;0;7;0;0;1;2;1;A01
201200058943;0;31;0;0;2;8;18;B01
201200058943;0;7;0;0;2;2;16;A01
201200058944;0;7;0;0;0;6;1;B01
201200058944;0;7;0;0;0;1;1;A01
201200058945;0;2;0;0;0;0;1;A01
201200058946;0;7;0;0;2;6;10;A01
201200058946;0;1;0;0;2;1;7;B01
201200058947;0;7;0;0;1;3;15;A01
201200058948;0;30;0;0;0;0;1;A01
201200058948;1;7;0;0;0;0;1;Z01
201200058949;0;7;0;0;0;7;15;A01
201200058949;0;32;0;0;0;1;16;B01
201200058950;0;7;0;0;1;0;1;A01
201200058951;0;7;0;0;2;2;1;A01
201200058951;0;32;0;0;0;1;1;B01
201200058952;0;10;0;0;1;2;1;A01
201200058953;0;7;0;0;2;1;2;A01
201200058953;0;7;0;0;2;4;2;B01
201200058954;0;7;0;0;1;1;12;A01
201200058955;0;32;0;0;1;1;17;A01
201200058956;0;10;0;0;2;3;10;A01
201200058956;0;32;0;0;2;1;1;B01
201200058957;0;7;0;0;2;5;22;B01
201200058957;0;32;0;0;2;1;18;A01
201200058958;0;31;0;0;2;1;2;A01
201200058958;0;10;0;0;2;4;2;B01
201200058959;0;30;0;0;2;5;1;A01
201200058959;1;7;0;0;2;2;1;Z01
201200058960;0;2;0;0;2;3;1;A01
201200058960;0;7;0;0;2;7;16;B01
201200058961;0;30;0;0;1;0;1;A01
201200058962;0;10;0;1;0;2;14;A01
201200058963;0;7;0;0;1;1;1;A01
201200058964;0;10;0;0;1;0;15;A01
201200058965;0;7;0;0;2;8;22;A01
201200058965;0;2;0;0;2;2;17;B01
201200058966;0;7;0;0;2;2;23;B01
201200058966;0;32;0;0;2;2;2;A01
201200058967;0;2;0;0;2;3;13;A01
201200058967;0;30;0;0;2;3;1;B01
201200058968;0;7;0;0;2;2;16;A01
201200058968;0;30;0;0;2;1;18;B01
201200058969;0;7;0;0;2;2;15;A01
201200058969;0;1;0;0;2;1;1;B01
201200058970;0;34;0;0;2;2;1;B01
201200058970;0;7;0;0;0;6;15;A01
201200058971;0;7;0;0;2;2;23;B01
201200058971;0;10;0;0;2;1;1;A01
201200058972;0;7;0;0;1;5;16;A01
201200058973;0;7;0;4;0;3;13;A01
201200058974;0;33;0;0;2;7;1;B01
201200058974;0;30;0;0;2;1;1;A01
201200058975;0;34;0;0;2;1;1;A01
201200058975;0;7;0;0;2;3;9;B01
201200058976;0;7;0;0;2;8;1;C01
201200058976;0;30;0;0;2;3;5;B01
201200058976;0;7;0;0;2;3;1;A01
201200058977;0;7;0;0;2;3;15;B01
201200058977;0;30;0;0;2;3;5;A01
201200058978;0;7;0;0;1;3;15;A01
201200058979;0;33;0;15;2;3;2;A01
201200058979;0;7;0;0;2;7;23;B01
201200058980;0;7;0;0;2;3;13;A01
201200058980;0;34;0;0;2;1;17;B01
201200058981;0;2;0;0;2;1;17;A01
201200058981;0;7;0;0;2;6;15;B01
201200058982;0;14;0;0;2;2;1;A01
201200058982;0;10;0;0;2;8;1;B01
201200058983;0;30;0;0;2;1;1;B01
201200058983;0;7;0;0;2;3;15;A01
201200058984;0;7;0;0;1;0;1;A01
201200058985;0;30;0;0;2;1;1;A01
201200058985;1;7;0;0;2;1;15;Z01
201200058986;0;32;0;0;2;1;3;B01
201200058986;0;7;0;0;2;5;1;A01
201200058987;0;7;0;0;0;4;23;B01
201200058987;0;7;0;1;0;1;15;A01
201200058988;0;32;0;0;1;1;1;A01
201200058989;0;32;0;0;2;1;1;B01
201200058989;0;7;0;0;2;2;15;A01
201200058990;0;37;15;0;1;1;1;A01
201200058991;0;32;0;0;1;3;16;A01
201200058992;0;32;0;0;1;1;16;A01
201200058993;0;7;0;0;1;6;1;A01
201200058994;0;7;0;0;2;3;15;A01
201200058994;0;32;0;0;2;2;17;B01