num_acc;senc;catv;occutc;obs;obsm;choc;manv;num_veh
201200058995;0;7;0;0;1;1;15;A01
201200058996;0;32;0;0;0;7;16;A01
201200058997;0;2;0;0;2;1;1;B01
201200058997;0;32;0;0;9;1;1;A01
201200058998;0;1;0;0;0;0;7;A01
201200058999;0;2;0;0;0;0;1;A01
201200059000;0;33;0;0;2;1;17;A01
201200059000;0;7;0;0;2;3;15;B01
201200059001;0;7;0;0;1;1;18;A01
201200059002;0;32;0;0;2;3;1;B01
201200059002;0;7;0;0;2;2;15;A01
201200059003;0;33;0;0;2;1;1;B01
201200059003;0;7;0;0;2;2;15;A01
201200059004;0;10;0;0;0;1;1;A01
201200059005;0;7;0;0;1;3;1;A01
201200059006;0;10;0;0;1;2;1;A01
201200059007;0;1;0;0;1;3;1;A01
201200059008;1;7;0;0;1;1;1;Z01
201200059009;0;7;0;0;2;7;23;B01
201200059009;0;1;0;0;2;8;1;A01
201200059010;0;2;0;0;2;7;1;A01
201200059010;0;14;0;0;2;1;1;B01
201200059011;0;2;0;0;1;2;1;A01
201200059012;1;30;0;0;1;0;1;Z01
201200059013;0;7;0;0;1;2;1;A01
201200059014;0;10;0;0;2;5;16;A01
201200059014;0;30;0;0;2;3;18;B01
201200059015;0;10;0;0;0;7;12;A01
201200059015;0;31;0;0;0;8;13;B01
201200059016;0;33;0;0;2;8;1;B01
201200059016;0;7;0;0;2;1;1;A01
201200059017;0;32;0;0;0;8;1;A01
201200059018;0;7;0;0;1;3;15;A01
201200059019;0;37;0;0;0;0;21;A01
201200059020;0;7;0;0;2;8;9;A01
201200059020;0;32;0;0;2;0;17;B01
201200059021;0;30;0;0;2;3;1;B01
201200059021;0;10;0;0;2;2;9;A01
201200059022;0;33;0;0;2;1;2;B01
201200059022;0;10;0;0;2;4;2;A01
201200059022;0;10;0;0;2;4;1;C01
201200059023;0;7;0;0;0;1;15;A01
201200059024;0;7;0;0;2;1;2;A01
201200059024;0;10;0;0;2;4;23;B01
201200059024;0;10;0;0;2;4;23;C01
201200059025;0;32;0;1;0;2;21;A01
201200059026;1;30;0;1;1;1;1;Z01
201200059027;0;1;0;0;0;1;1;A01
201200059028;0;30;0;0;0;0;1;A01
201200059029;0;7;0;0;1;7;1;A01
201200059030;0;32;0;0;0;0;21;A01
201200059031;0;7;0;0;2;1;2;A01
201200059031;0;7;0;0;2;9;23;B01
201200059031;0;7;0;0;2;4;23;C01
201200059032;0;34;0;0;1;2;3;A01
201200059033;0;10;0;0;1;4;4;A01
201200059034;0;31;0;0;2;3;1;B01
201200059034;0;7;0;0;2;7;1;A01
201200059035;0;7;0;0;2;1;2;A01
201200059035;0;31;0;0;2;4;23;B01
201200059036;0;1;0;0;1;1;1;A01
201200059037;0;10;0;0;2;1;1;B01
201200059037;0;7;0;0;2;4;4;A01
201200059038;0;10;0;0;2;3;10;A01
201200059038;0;33;0;0;2;1;1;B01
201200059039;0;7;0;0;1;6;4;A01
201200059040;0;32;0;0;2;2;1;A01
201200059040;0;7;0;0;2;7;1;B01
201200059041;0;7;0;0;2;2;1;A01
201200059042;0;31;0;0;2;0;21;A01
201200059043;0;7;0;0;0;3;15;A01
201200059043;0;30;0;0;0;1;1;B01
201200059044;0;7;0;0;1;3;1;A01
201200059045;0;32;0;0;0;7;1;A01
201200059046;0;1;0;15;0;1;16;A01
201200059047;0;7;0;0;2;5;22;A01
201200059047;0;33;0;0;2;7;1;B01
201200059048;0;7;0;0;2;6;23;B01
201200059048;0;7;0;0;2;2;2;A01
201200059049;0;32;0;0;1;1;1;A01
201200059050;0;7;0;0;1;2;1;A01
201200059051;0;7;0;0;0;5;4;A01
201200059051;0;32;0;0;2;1;1;B01
201200059052;0;2;0;0;2;8;17;A01
201200059052;0;1;0;0;2;3;1;B01
201200059053;0;7;0;0;2;3;1;B01
201200059053;0;34;0;0;2;3;17;A01
201200059054;0;2;0;0;1;3;1;A01
201200059055;0;32;0;14;0;0;9;A01
201200059056;0;32;0;0;2;0;17;A01
201200059056;0;7;0;0;2;3;15;B01
201200059057;1;7;0;0;1;0;1;Z01
201200059058;0;30;0;0;2;2;1;B01
201200059058;0;7;0;0;2;8;22;A01
201200059059;0;7;0;0;2;8;13;A01
201200059059;0;32;0;0;2;7;17;B01
201200059060;0;10;0;0;2;3;10;A01
201200059060;0;34;0;0;2;7;1;B01
201200059061;0;30;0;0;1;1;17;A01
201200059062;0;1;0;14;0;8;5;B01
201200059062;0;7;0;0;0;8;1;A01
201200059063;0;33;0;0;2;1;1;A01
201200059063;0;7;0;0;0;8;15;B01
201200059064;0;7;0;1;0;1;14;A01
201200059065;0;32;0;0;1;1;15;A01
201200059066;0;32;0;0;1;8;1;A01
201200059067;0;7;0;0;1;2;1;A01
201200059068;0;10;0;0;2;6;23;B01
201200059068;0;10;0;0;2;5;23;C01
201200059068;0;30;0;1;2;1;18;A01
201200059069;0;10;0;0;1;2;1;A01
201200059070;0;1;0;0;0;0;1;A01
201200059071;0;30;0;0;0;7;1;A01
201200059072;0;7;0;0;2;6;15;A01
201200059072;0;31;0;0;2;1;1;B01
201200059073;0;7;0;0;1;4;4;A01
201200059074;0;7;0;1;0;3;14;A01
201200059075;0;31;0;0;2;1;1;B01
201200059075;0;7;0;0;2;2;10;A01
201200059076;0;7;0;0;2;1;1;A01
201200059076;0;1;0;0;2;1;1;B01
201200059077;0;7;0;0;1;4;4;A01
201200059078;0;32;0;1;2;4;15;A01
201200059078;0;10;0;0;2;2;1;B01
201200059079;0;7;0;0;2;2;17;A01
201200059079;0;1;0;0;2;4;1;B01
201200059080;0;30;0;0;2;1;1;A01
201200059080;0;30;0;0;0;4;23;B01
201200059081;1;7;0;0;2;1;1;Z01
201200059081;0;7;0;0;0;4;23;B01
201200059082;0;7;0;0;2;1;1;A01
201200059082;0;1;0;0;2;1;9;B01
201200059083;0;7;0;0;1;2;1;A01
201200059084;1;7;0;0;1;2;1;Z01
201200059085;0;7;0;0;2;7;15;A01
201200059085;0;33;0;0;2;8;1;B01
201200059086;0;7;0;0;1;1;1;A01
201200059087;0;2;0;0;2;2;17;B01
201200059087;0;7;0;0;2;8;13;A01
201200059088;0;32;0;0;0;8;1;A01
201200059089;0;33;0;0;2;1;2;A01
201200059089;0;7;0;0;2;6;2;B01
201200059090;0;7;0;0;2;2;16;A01
201200059090;0;32;0;0;2;4;16;B01
201200059091;0;7;0;0;1;1;1;A01
201200059092;0;7;0;0;1;1;1;A01
201200059093;0;30;0;0;2;1;1;B01
201200059093;0;7;0;0;2;3;10;A01
201200059094;0;3;0;0;1;6;1;A01
201200059095;0;10;0;0;2;6;15;B01
201200059095;0;32;0;0;2;1;17;A01
201200059096;0;30;0;0;1;1;17;A01
201200059097;0;30;0;1;0;1;14;A01
201200059098;0;7;0;0;1;4;4;A01
201200059099;0;7;0;0;2;2;15;A01
201200059099;0;1;0;0;2;1;1;B01
201200059100;0;7;0;0;2;1;1;B01
201200059100;0;30;0;0;2;7;15;A01
201200059101;0;30;0;0;0;8;21;A01
201200059102;2;7;0;1;0;2;14;Z01
201200059103;0;7;0;0;1;3;9;A01
201200059104;0;10;0;0;2;3;9;A01
201200059104;0;32;0;0;2;7;17;B01
201200059105;0;7;0;0;2;0;15;B01
201200059105;0;32;0;0;2;3;17;A01
201200059106;0;7;0;0;1;1;1;A01
201200059107;0;7;0;0;2;2;15;B01
201200059107;0;1;0;0;2;5;1;A01
201200059108;0;7;0;1;0;2;14;A01
201200059109;0;7;0;0;1;3;1;A01
201200059110;0;7;0;0;1;2;1;A01
201200059111;1;7;0;0;1;2;1;Z01
201200059112;0;2;0;0;2;1;17;B01
201200059112;0;7;0;0;2;3;15;A01
201200059113;0;7;0;0;2;5;23;B01
201200059113;0;2;0;0;2;1;2;A01
201200059114;0;7;0;0;1;1;1;A01
201200059115;0;7;0;0;2;8;22;A01
201200059115;0;1;0;1;0;1;1;B01
201200059116;0;32;0;0;2;1;17;A01
201200059116;0;7;0;0;2;2;9;B01
201200059117;0;7;0;0;2;3;15;A01
201200059117;0;32;0;0;2;0;17;B01
201200059118;0;7;0;0;1;1;15;A01
201200059119;0;32;0;0;2;4;23;A01
201200059119;1;7;0;0;2;1;2;Z01
201200059120;0;34;0;0;2;8;1;B01
201200059120;0;7;0;0;2;3;1;A01
201200059121;0;7;0;0;0;0;15;A01
201200059121;0;32;0;0;2;1;1;B01
201200059122;0;10;0;0;1;3;1;A01
201200059123;0;7;0;0;1;5;4;A01
201200059124;0;10;0;0;1;4;4;A01
201200059125;0;7;0;0;2;1;10;A01
201200059125;0;7;0;0;2;8;1;B01
201200059126;0;32;0;0;2;7;17;A01
201200059126;0;7;0;0;2;2;15;B01
201200059127;0;7;0;0;2;7;1;A01
201200059127;0;30;0;0;2;3;1;B01
201200059128;0;7;0;0;2;8;22;B01
201200059128;0;32;0;0;2;2;5;A01
201200059129;0;30;0;0;0;8;21;A01
201200059130;0;7;0;0;2;3;1;B01
201200059130;0;2;0;0;2;1;17;A01
201200059131;0;7;0;0;2;3;15;A01
201200059131;0;1;0;0;2;1;1;B01
201200059132;0;33;0;0;2;1;1;B01
201200059132;0;7;0;0;2;5;15;A01
201200059133;0;7;0;0;2;1;2;A01
201200059133;0;7;0;0;2;4;23;B01
201200059134;0;30;0;0;2;3;18;A01
201200059134;0;7;0;0;2;2;16;B01
201200059135;1;7;0;0;0;0;1;A01
201200059136;0;7;0;0;2;3;15;A01
201200059136;0;32;0;0;2;1;17;B01
201200059137;0;34;0;0;2;2;1;B01
201200059137;0;7;0;0;2;8;11;A01
201200059138;0;7;0;0;2;2;15;A01
201200059138;0;1;0;0;2;1;1;B01
201200059139;0;32;0;0;0;0;1;A01
201200059140;0;7;0;0;1;1;1;A01
201200059141;0;2;0;1;0;1;1;A01
201200059142;0;2;0;0;0;1;1;A01
201200059143;1;30;0;0;1;1;17;Z01
201200059144;0;7;0;0;1;2;1;A01
201200059145;0;2;0;0;1;1;1;A01
201200059146;0;31;0;0;2;7;17;A01
201200059146;0;7;0;0;2;3;15;B01
201200059147;0;10;0;0;2;6;24;B01
201200059147;0;30;0;1;0;1;1;A01
201200059148;0;2;0;0;0;7;7;A01
201200059149;0;32;0;0;2;1;3;B01
201200059149;1;7;0;0;2;2;12;A01
201200059150;0;31;0;0;1;8;1;A01
201200059151;0;37;1;0;1;2;1;A01
201200059152;0;7;0;0;1;4;4;A01
201200059153;0;2;0;0;2;8;21;A01
201200059154;0;30;0;0;2;5;1;A01
201200059154;0;7;0;0;2;5;23;B01
201200059155;0;7;0;0;1;7;16;A01
201200059156;0;1;0;0;0;1;1;B01
201200059156;0;7;0;0;9;4;4;A01
201200059157;0;7;0;0;1;1;1;A01
201200059158;0;31;0;0;9;3;15;A01
201200059158;1;32;0;0;9;1;1;Z01
201200059159;1;30;0;0;1;1;17;Z01
201200059160;0;33;0;0;2;1;3;B01
201200059160;0;7;0;0;2;6;11;A01
201200059161;0;7;0;0;1;3;1;A01
201200059162;0;7;0;0;1;7;1;A01
201200059163;1;10;0;0;1;2;16;Z01
201200059164;1;7;0;0;1;1;1;Z01
201200059165;0;7;0;0;1;1;1;A01
201200059166;1;32;0;0;1;0;1;Z01
201200059167;0;30;0;0;0;1;1;A01
201200059168;0;32;0;0;9;3;17;B01
201200059168;0;7;0;0;9;3;15;A01
201200059169;0;7;0;0;2;2;1;A01
201200059169;0;7;0;0;2;3;1;B01
201200059170;0;7;0;0;2;2;9;A01
201200059170;0;33;0;0;2;2;23;B01
201200059171;0;7;0;0;1;3;1;A01
201200059172;0;32;0;0;2;6;15;B01
201200059172;0;7;0;0;2;3;1;A01
201200059173;0;32;0;0;2;1;17;A01
201200059173;0;7;0;0;2;8;13;B01
201200059174;0;7;0;0;1;3;1;A01
201200059175;0;7;0;0;2;8;22;A01
201200059175;0;1;0;0;2;7;1;B01
201200059176;1;2;0;0;1;1;1;Z01
201200059177;0;1;0;0;2;1;17;B01
201200059177;0;7;0;0;2;8;15;A01
201200059178;0;30;0;0;0;0;1;A01
201200059179;0;7;0;0;2;3;11;A01
201200059179;0;32;0;0;2;2;1;B01
201200059180;0;30;0;0;0;7;21;A01
201200059181;0;37;0;0;1;2;1;A01
201200059182;0;34;0;0;2;8;1;A01
201200059182;2;7;0;0;2;2;12;Z01
201200059183;0;33;0;0;2;4;2;B01
201200059183;0;30;0;0;2;9;2;A01
201200059184;0;30;0;0;2;7;1;B01
201200059184;0;7;0;0;2;2;1;A01
201200059185;0;33;0;0;2;7;17;B01
201200059185;0;7;0;0;2;6;15;A01
201200059186;0;7;0;0;2;8;9;A01
201200059186;0;33;0;0;2;7;1;B01
201200059187;0;7;0;12;1;8;15;A01
201200059188;0;7;0;0;1;3;1;A01
201200059189;0;30;0;15;2;2;1;A01
201200059189;0;7;0;0;2;1;1;B01
201200059190;0;7;0;0;2;3;9;A01
201200059190;0;32;0;0;2;2;1;B01
201200059191;0;7;0;0;1;2;1;A01
201200059192;0;30;0;0;2;1;1;B01
201200059192;0;7;0;0;2;1;13;A01
201200059193;0;10;0;0;2;3;1;B01
201200059193;0;7;0;0;2;7;9;A01
201200059194;1;30;0;1;0;0;13;Z01
201200059195;0;1;0;0;1;1;1;A01
201200059196;0;7;0;0;2;6;15;A01
201200059196;0;34;0;0;2;2;17;B01
201200059197;0;32;0;0;2;8;1;B01
201200059197;0;7;0;0;2;2;16;A01
201200059198;0;10;0;0;2;7;17;A01
201200059198;0;37;1;0;2;8;23;B01
201200059199;0;2;0;0;2;8;1;B01
201200059199;0;10;0;0;2;1;1;A01
201200059200;0;32;0;0;2;7;15;A01
201200059200;0;31;0;0;2;8;17;B01
201200059201;0;7;0;0;2;8;17;B01
201200059201;0;7;0;0;2;8;1;A01
201200059202;0;30;0;0;0;0;1;A01
201200059203;0;30;0;0;2;1;1;A01
201200059203;0;7;0;0;2;3;1;B01
201200059204;0;30;0;0;2;1;1;A01
201200059204;0;33;0;0;2;8;9;B01
201200059205;0;10;0;0;2;2;1;B01
201200059205;0;2;0;0;2;7;1;A01
201200059206;0;30;0;0;0;0;1;A01
201200059207;0;7;0;0;2;0;22;A01
201200059207;0;7;0;0;2;2;17;B01
201200059208;0;10;0;0;2;6;22;A01
201200059208;0;1;0;0;2;1;1;B01
201200059209;1;7;0;0;1;1;1;Z01
201200059210;0;30;0;0;2;2;17;A01
201200059210;0;33;0;0;2;8;15;B01
201200059211;0;1;0;14;0;1;13;A01
201200059212;0;37;0;0;1;2;1;A01
201200059213;0;7;0;0;2;3;2;A01
201200059213;0;33;0;0;2;4;23;B01
201200059214;0;7;0;0;2;1;2;A01
201200059214;0;7;0;0;2;4;23;B01
201200059215;0;7;0;0;1;6;20;A01
201200059216;0;32;0;0;2;0;1;A01
201200059217;0;33;0;0;0;1;23;B01
201200059217;0;7;0;0;0;2;1;A01
201200059218;0;7;0;0;2;3;15;A01
201200059218;0;1;0;0;2;1;1;B01
201200059219;0;30;0;0;2;1;1;A01
201200059219;0;34;0;0;2;7;1;B01
201200059220;0;7;0;0;1;8;5;A01
201200059221;2;2;0;0;2;0;1;A01
201200059221;1;13;0;0;2;0;10;Z01
201200059222;0;1;0;0;2;1;1;B01
201200059222;0;7;0;0;2;2;15;A01
201200059223;1;30;0;0;1;1;5;Z01
201200059224;0;32;0;0;1;1;1;A01
201200059225;0;33;0;0;1;1;1;A01
201200059226;0;7;0;0;2;4;23;B01
201200059226;0;7;0;0;2;1;2;A01
201200059227;0;32;0;0;0;1;1;B01
201200059227;0;1;0;0;2;1;15;A01
201200059228;0;10;0;0;1;2;1;A01
201200059229;0;33;0;0;2;1;17;B01
201200059229;0;10;0;0;2;8;10;A01
201200059230;0;7;0;0;2;1;2;A01
201200059230;0;7;0;0;2;4;23;B01
201200059231;0;32;0;0;2;1;1;B01
201200059231;0;7;0;0;2;7;15;A01
201200059232;0;1;0;0;0;0;1;A01
201200059233;1;10;0;0;2;1;2;Z01
201200059233;0;7;0;0;2;6;2;A01
201200059234;0;33;0;0;2;1;1;A01
201200059234;0;10;0;0;2;6;13;B01
201200059235;0;7;0;0;2;4;2;B01
201200059235;0;7;0;0;2;1;2;A01
201200059236;1;30;0;0;1;1;1;Z01
201200059237;0;33;0;0;2;1;1;A01
201200059237;0;13;0;0;2;6;1;B01
201200059238;0;32;0;0;2;4;23;B01
201200059238;0;7;0;0;2;1;2;A01
201200059239;1;7;0;0;2;0;15;Z01
201200059239;0;30;0;0;2;7;1;A01
201200059240;0;10;0;0;1;0;1;A01
201200059241;0;30;0;0;2;2;17;A01
201200059241;0;7;0;0;2;6;15;B01
201200059242;0;7;0;0;2;8;13;A01
201200059242;0;1;0;14;2;7;17;B01
201200059243;0;30;0;0;1;1;17;A01
201200059244;0;33;0;1;2;3;1;B01
201200059244;0;7;0;1;2;9;1;A01
201200059245;0;7;0;1;0;9;1;A01
201200059246;0;13;0;6;0;1;16;A01
201200059247;0;2;0;0;2;2;1;A01
201200059247;0;32;0;0;0;6;23;B01
201200059248;0;7;0;0;2;1;10;B01
201200059248;0;7;0;0;2;1;1;A01
201200059249;0;7;0;0;2;7;16;B01
201200059249;0;32;0;0;2;1;18;A01
201200059250;1;30;0;0;1;1;1;A01
201200059251;0;1;0;0;1;2;16;A01
201200059252;0;10;0;0;2;4;23;B01
201200059252;0;30;0;0;2;7;2;A01
201200059253;0;2;0;0;2;7;17;B01
201200059253;0;7;0;0;2;8;13;A01
201200059254;0;7;0;0;1;1;1;A01
201200059255;0;1;0;12;0;2;14;A01
201200059256;0;7;0;0;2;6;1;B01
201200059256;0;30;0;0;2;9;17;A01
201200059256;0;7;0;0;2;3;1;C01
201200059257;0;7;0;0;2;2;16;A01
201200059257;0;1;0;0;2;4;19;B01
201200059258;0;34;0;0;1;1;1;A01
201200059259;0;32;0;0;1;8;17;A01
201200059260;0;7;0;0;2;3;11;A01
201200059260;0;7;0;0;2;5;1;B01
201200059261;0;2;0;8;0;1;1;A01
201200059262;0;7;0;4;0;1;1;A01
201200059262;1;7;0;0;0;0;12;Z01
201200059263;0;33;0;0;2;2;23;B01
201200059263;0;1;0;0;2;1;1;A01
201200059264;1;30;0;0;1;1;3;A01
201200059265;0;7;0;0;2;3;9;A01
201200059265;0;30;0;0;2;2;5;B01
201200059266;0;10;0;0;2;1;1;A01
201200059266;0;7;0;8;2;8;1;B01
201200059267;0;7;0;0;2;3;15;A01
201200059267;0;1;0;0;2;1;17;B01
201200059268;1;7;0;0;2;0;1;Z01
201200059268;0;1;0;0;2;0;1;A01
201200059269;0;1;0;0;0;2;1;A01
201200059270;0;7;0;0;2;5;23;B01
201200059270;0;32;0;0;2;1;2;A01
201200059271;0;7;0;0;2;7;22;B01
201200059271;0;32;0;0;2;8;18;A01
201200059272;0;7;0;0;2;5;2;A01
201200059272;0;37;1;0;2;2;2;B01
201200059273;0;7;0;0;2;6;2;B01
201200059273;0;33;0;0;2;1;2;A01
201200059274;0;2;0;0;2;2;15;B01
201200059274;0;7;0;0;2;3;1;A01
201200059275;1;7;0;0;2;1;17;Z01
201200059275;0;1;0;0;0;0;15;A01
201200059276;0;32;0;0;2;1;1;A01
201200059276;0;7;0;0;2;3;1;B01
201200059277;0;1;0;0;2;8;15;B01
201200059277;0;33;0;0;2;2;17;A01
201200059278;0;30;0;0;0;1;1;A01
201200059279;0;7;0;0;1;2;0;A01
201200059280;0;34;0;0;1;3;17;A01
201200059281;0;10;0;0;1;3;9;A01
201200059282;0;10;0;0;2;1;2;A01
201200059282;0;32;0;0;2;4;23;B01
201200059283;0;7;0;0;1;1;16;A01
201200059284;0;7;0;0;2;3;21;A01
201200059284;0;30;0;0;0;8;1;B01
201200059284;0;2;0;0;0;8;1;C01
201200059285;0;7;0;0;1;2;1;A01
201200059286;0;32;0;0;1;1;1;A01
201200059287;0;7;0;0;2;1;10;A01
201200059287;0;30;0;0;2;1;17;B01
201200059288;1;32;0;0;1;1;1;Z01
201200059289;0;10;0;0;1;2;1;A01
201200059290;0;2;0;0;2;1;1;B01
201200059290;0;7;0;0;2;7;15;A01
201200059291;0;30;0;0;0;1;21;A01
201200059292;1;7;0;0;2;1;1;Z01
201200059292;0;33;0;0;2;7;1;A01
201200059293;0;7;0;0;2;5;23;B01
201200059293;0;34;0;0;2;1;2;A01
201200059294;0;13;0;0;1;5;16;A01
201200059295;0;34;0;0;1;1;17;A01
201200059296;0;1;0;0;0;0;1;A01
201200059297;0;7;0;0;0;5;23;B01
201200059297;0;2;0;0;2;1;1;A01
201200059298;0;10;0;0;1;2;1;A01
201200059299;0;7;0;0;2;5;17;A01
201200059299;0;31;0;0;2;3;1;B01
201200059300;2;7;0;0;2;8;10;Z01
201200059300;0;33;0;1;2;2;1;A01
201200059301;0;32;0;0;2;1;2;A01
201200059301;0;10;0;0;2;6;2;B01
201200059302;0;7;0;0;2;1;2;A01
201200059302;0;7;0;0;2;4;2;C01
201200059302;0;7;0;0;2;4;2;B01
201200059303;0;2;0;0;2;1;1;A01
201200059303;0;7;0;0;2;4;23;B01
201200059304;0;7;0;0;2;6;15;B01
201200059304;0;32;0;0;2;3;17;A01
201200059305;0;7;0;0;2;6;15;A01
201200059305;0;2;0;0;2;1;17;B01
201200059306;0;7;0;0;1;2;1;A01
201200059307;0;32;0;0;1;0;17;A01
201200059308;0;7;0;0;2;1;2;A01
201200059308;0;33;0;0;2;4;23;B01
201200059309;0;7;0;0;2;6;4;A01
201200059309;0;32;0;0;2;3;1;B01
201200059310;0;33;0;0;2;1;3;A01
201200059310;0;7;0;0;2;2;1;C01
201200059310;0;33;0;0;2;4;13;B01
201200059311;0;7;0;0;2;2;9;A01
201200059311;0;31;0;0;2;1;1;B01
201200059312;0;30;0;0;2;1;2;A01
201200059312;0;7;0;0;2;4;23;B01
201200059313;1;7;0;0;1;5;4;Z01
201200059314;0;7;0;0;2;2;1;A01
201200059314;0;30;0;0;2;1;1;B01
201200059315;0;7;0;0;2;8;11;A01
201200059315;0;13;0;0;2;2;1;B01
201200059316;0;7;0;0;1;1;15;A01
201200059317;0;30;0;0;0;0;1;A01
201200059318;0;1;0;0;1;1;1;A01
201200059319;0;1;0;0;2;4;1;B01
201200059319;0;34;0;0;2;1;1;A01
201200059320;0;7;0;0;1;3;15;A01
201200059321;1;32;0;0;1;1;1;Z01
201200059322;0;31;0;0;0;0;21;A01
201200059323;0;32;0;0;2;7;1;B01
201200059323;0;7;0;1;0;2;9;A01
201200059324;0;30;0;0;2;8;1;B01
201200059324;0;7;0;0;0;2;15;A01
201200059325;0;7;0;0;2;2;1;A01
201200059325;0;30;0;0;2;3;1;B01
201200059326;0;7;0;0;2;4;23;B01
201200059326;0;7;0;0;2;1;1;A01
201200059327;0;7;0;0;2;1;15;A01
201200059327;0;34;0;0;2;3;1;B01
201200059328;0;7;0;0;1;0;1;A01
201200059329;0;7;0;0;2;1;1;A01
201200059329;0;1;0;0;2;7;1;B01
201200059330;0;7;0;1;0;1;1;A01
201200059331;0;7;0;0;0;0;1;A01
201200059331;0;7;0;0;2;6;1;B01
201200059332;0;7;0;0;1;4;4;A01
201200059333;0;7;0;0;2;7;17;A01
201200059333;0;33;0;0;2;8;1;B01
201200059334;0;7;0;0;1;2;1;A01
201200059335;0;32;0;0;0;7;21;A01
201200059336;0;7;0;0;2;3;10;A01
201200059336;0;31;0;0;2;8;1;B01
201200059337;0;37;1;0;2;2;1;A01
201200059337;0;1;0;0;2;3;9;B01
201200059338;0;10;0;0;1;5;4;A01
201200059339;1;10;0;0;1;0;16;Z01
201200059340;0;10;0;0;2;3;15;B01
201200059340;0;33;0;0;2;1;1;A01
201200059341;0;10;0;0;2;7;15;A01
201200059341;0;1;0;0;2;1;1;B01
201200059342;0;32;0;0;2;7;17;B01
201200059342;0;7;0;0;2;8;15;A01
201200059343;0;37;0;0;1;2;1;A01
201200059344;0;7;0;0;2;4;23;B01
201200059344;0;7;0;0;2;1;2;A01
201200059345;0;7;0;0;1;2;1;A01
201200059346;0;7;0;0;2;3;1;B01
201200059346;0;31;0;0;2;7;1;A01
201200059347;0;7;0;0;1;1;1;A01
201200059348;0;7;0;0;2;7;15;A01
201200059348;0;30;0;0;2;2;1;B01
201200059349;0;33;0;0;1;1;1;A01
201200059350;0;30;0;0;0;7;1;A01
201200059351;0;7;0;0;1;3;15;A01
201200059352;0;34;0;0;2;1;1;B01
201200059352;0;7;0;0;2;3;9;A01
201200059353;0;7;0;0;2;8;22;A01
201200059353;0;32;0;0;2;2;1;B01
201200059354;0;7;0;0;1;3;1;A01
201200059355;0;10;0;0;9;0;1;B01
201200059355;0;30;0;0;0;0;1;A01
201200059356;0;33;0;0;0;2;17;B01
201200059356;0;7;0;0;0;2;15;A01
201200059357;0;7;0;0;1;2;1;A01
201200059358;0;30;0;0;2;0;21;A01
201200059359;0;30;0;0;2;2;17;B01
201200059359;0;7;0;0;2;3;13;A01
201200059360;0;7;0;0;2;2;1;B01
201200059360;0;30;0;0;2;8;1;A01
201200059361;0;7;0;0;2;3;9;A01
201200059361;0;32;0;0;2;7;1;B01
201200059362;0;30;0;7;0;1;14;A01
201200059363;0;10;0;0;2;3;1;B01
201200059363;0;34;0;0;2;4;23;A01
201200059364;0;34;0;0;0;0;21;A01
201200059365;0;32;0;0;1;1;1;A01
201200059366;0;7;0;0;1;2;1;A01
201200059367;1;7;0;1;1;1;1;Z01
201200059368;0;7;0;0;1;2;1;A01
201200059369;0;7;0;0;2;3;1;A01
201200059369;0;2;0;0;2;2;1;B01
201200059370;0;10;0;8;2;1;1;B01
201200059370;1;7;0;0;2;6;4;A01
201200059371;0;33;0;9;2;1;1;A01
201200059371;0;7;0;0;2;1;23;B01
201200059372;0;10;0;0;1;4;4;A01
201200059373;0;7;0;0;2;3;13;A01
201200059373;0;32;0;0;2;1;1;B01
201200059374;0;7;0;0;1;2;16;A01
201200059375;0;31;0;0;2;1;13;A01
201200059375;0;7;0;0;2;6;1;B01
201200059376;0;7;0;0;1;5;4;A01
201200059377;0;1;0;0;2;4;2;A01
201200059377;1;7;0;0;2;0;2;Z01
201200059378;0;7;0;0;2;6;1;A01
201200059378;0;33;0;0;2;1;1;B01
201200059379;0;7;0;0;2;2;10;A01
201200059379;0;32;0;0;2;2;1;B01
201200059380;0;31;0;0;2;7;17;A01
201200059380;0;14;0;0;2;3;15;B01
201200059381;0;33;0;0;2;2;12;A01
201200059381;0;7;0;0;2;3;1;B01
201200059382;0;1;0;0;1;1;1;A01
201200059383;0;34;0;15;0;2;5;A01
201200059384;0;7;0;0;2;7;15;A01
201200059384;0;33;0;0;2;1;1;B01
201200059385;0;33;0;0;1;1;1;A01
201200059386;0;10;0;0;0;5;12;A01
201200059386;0;2;0;0;2;1;1;B01
201200059387;0;33;0;1;1;1;17;A01
201200059388;0;7;0;0;1;1;1;A01
201200059389;0;33;0;0;1;2;5;A01
201200059390;0;10;0;0;1;5;4;A01
201200059391;0;33;0;0;2;1;1;B01
201200059391;0;7;0;0;2;2;1;A01
201200059392;0;33;0;0;2;1;1;A01
201200059392;0;7;0;0;2;1;15;B01
201200059393;0;10;0;1;2;1;13;A01
201200059394;0;7;0;9;2;1;7;A01
201200059394;0;7;0;0;2;2;15;B01
201200059395;0;7;0;0;1;2;7;A01
201200059396;0;7;0;0;1;7;1;A01
201200059397;0;7;0;6;0;1;1;A01
201200059398;0;33;0;0;2;1;1;B01
201200059398;0;7;0;0;2;7;12;A01
201200059399;0;34;0;0;1;1;17;A01
201200059400;0;33;0;1;1;1;1;A01
201200059401;0;33;0;0;1;3;1;A01
201200059402;0;7;0;11;0;2;1;A01
201200059403;0;7;0;0;1;2;1;A01