num_acc;senc;catv;occutc;obs;obsm;choc;manv;num_veh
201200059787;0;7;0;4;0;2;14;A01
201200059788;0;10;0;0;2;5;2;B01
201200059788;0;34;0;0;2;3;2;A01
201200059789;0;10;0;0;2;3;2;C01
201200059789;0;10;0;0;2;6;2;B01
201200059789;0;7;0;0;2;1;2;A01
201200059790;0;7;0;0;2;2;14;A01
201200059790;0;32;0;0;2;8;3;B01
201200059791;0;33;0;0;2;7;1;B01
201200059791;0;7;0;0;2;8;11;A01
201200059792;0;10;0;0;2;4;1;B01
201200059792;0;33;0;0;2;1;12;A01
201200059793;0;7;0;0;2;6;2;B01
201200059793;0;7;0;0;2;1;2;C01
201200059793;0;17;0;0;2;2;12;A01
201200059794;0;17;0;0;2;2;11;A01
201200059794;0;7;0;0;2;6;1;B01
201200059795;0;33;0;0;2;1;1;A01
201200059795;0;10;0;0;2;6;11;B01
201200059796;0;31;0;0;2;7;3;B01
201200059796;0;7;0;0;2;7;1;C01
201200059796;0;10;0;0;2;8;13;A01
201200059797;0;7;0;14;0;1;14;A01
201200059798;0;7;0;0;2;5;12;A01
201200059798;0;33;0;0;2;8;1;B01
201200059799;0;7;0;0;2;6;11;A01
201200059799;0;33;0;0;2;2;1;B01
201200059800;0;7;0;0;2;0;2;B01
201200059800;0;7;0;0;2;1;2;A01
201200059801;0;7;0;0;2;4;2;B01
201200059801;0;7;0;0;2;1;2;A01
201200059802;0;7;0;0;2;5;1;B01
201200059802;0;33;0;0;2;1;3;A01
201200059803;0;7;0;0;2;3;1;B01
201200059803;0;33;0;0;2;2;3;A01
201200059804;0;10;0;4;2;7;1;B01
201200059804;0;33;0;0;2;1;1;C01
201200059804;0;7;0;0;2;6;2;A01
201200059804;1;7;0;0;2;2;2;Z01
201200059805;0;32;0;0;0;7;1;B01
201200059805;0;7;0;0;2;8;13;A01
201200059806;0;33;0;0;0;7;1;A01
201200059807;0;32;0;0;0;8;1;A01
201200059808;0;7;0;0;2;6;1;B01
201200059808;0;7;0;0;2;1;1;A01
201200059809;0;33;0;0;2;3;3;B01
201200059809;0;7;0;0;0;2;12;A01
201200059810;0;33;0;0;2;8;3;B01
201200059810;0;7;0;0;9;2;12;A01
201200059811;0;33;0;0;2;1;1;A01
201200059811;0;7;0;0;2;5;1;B01
201200059812;0;7;0;0;2;3;13;A01
201200059812;0;32;0;0;2;7;3;B01
201200059813;2;7;0;0;2;1;1;Z01
201200059813;0;7;0;0;0;4;23;A01
201200059814;0;17;0;0;0;0;1;A01
201200059815;0;7;0;0;2;1;1;C01
201200059815;0;7;0;4;2;2;1;A01
201200059815;0;10;0;0;0;6;1;B01
201200059816;0;7;0;0;0;4;1;C01
201200059816;0;7;0;0;2;1;1;D01
201200059816;0;7;0;0;2;4;1;B01
201200059816;0;7;0;0;2;1;1;A01
201200059817;1;10;0;0;0;3;11;Z01
201200059817;0;33;0;0;2;1;3;A01
201200059818;0;10;0;0;0;4;23;C01
201200059818;0;10;0;0;2;4;23;B01
201200059818;0;7;0;0;2;1;1;A01
201200059819;0;33;0;0;2;6;1;B01
201200059819;0;7;0;0;0;5;1;C01
201200059819;0;7;0;0;2;2;1;A01
201200059820;0;7;0;0;0;3;11;A01
201200059820;0;32;0;0;2;2;1;B01
201200059821;0;33;0;0;0;7;1;A01
201200059822;0;7;0;4;2;4;2;A01
201200059822;1;10;0;0;2;1;2;Z01
201200059823;0;7;0;0;2;1;2;A01
201200059823;0;7;0;0;2;1;2;C01
201200059823;0;7;0;0;2;4;2;B01
201200059824;0;33;0;0;2;1;1;A01
201200059824;1;7;0;0;2;5;12;Z01
201200059825;0;7;0;4;0;3;13;A01
201200059826;0;7;0;0;2;3;11;A01
201200059826;0;32;0;0;2;2;3;B01
201200059827;0;33;0;0;2;7;14;A01
201200059827;0;7;0;0;0;8;1;B01
201200059828;0;7;0;0;0;6;23;D01
201200059828;0;7;0;0;2;2;12;B01
201200059828;0;7;0;0;0;2;23;C01
201200059828;0;31;0;0;0;6;3;A01
201200059829;1;7;0;0;2;1;14;Z01
201200059829;0;7;0;0;0;6;1;A01
201200059829;0;7;0;0;2;3;1;B01
201200059830;0;7;0;0;2;5;2;D01
201200059830;0;10;0;0;2;4;2;B01
201200059830;0;32;0;0;2;9;2;C01
201200059830;0;10;0;0;2;1;2;A01
201200059831;0;32;0;0;0;7;21;A01
201200059832;0;7;0;0;0;3;11;A01
201200059832;0;7;0;0;0;5;1;C01
201200059832;0;7;0;0;0;7;1;B01
201200059833;0;33;0;0;0;7;3;A01
201200059834;0;33;0;0;2;8;3;A01
201200059834;0;7;0;0;2;4;1;B01
201200059835;0;7;0;0;2;4;2;C01
201200059835;0;7;0;0;2;4;2;B01
201200059835;0;7;0;0;2;1;2;A01
201200059835;0;10;0;0;2;1;2;D01
201200059836;0;7;0;0;2;1;2;A01
201200059836;0;7;0;0;2;4;2;B01
201200059837;0;7;0;0;2;4;2;B01
201200059837;0;33;0;0;2;1;2;A01
201200059838;0;31;0;0;2;2;12;A01
201200059838;0;7;0;0;2;6;1;B01
201200059839;0;7;0;0;2;1;2;A01
201200059839;0;7;0;0;2;4;2;B01
201200059839;0;33;0;0;2;1;2;C01
201200059840;0;7;0;0;2;5;23;C01
201200059840;0;7;0;0;2;4;23;B01
201200059840;0;7;0;0;2;1;2;A01
201200059841;0;30;0;0;0;8;1;A01
201200059842;0;7;0;4;0;3;13;A01
201200059843;0;7;0;0;2;1;2;C01
201200059843;0;7;0;0;2;4;23;D01
201200059843;0;7;0;0;2;1;2;A01
201200059843;0;7;0;0;2;1;2;E01
201200059843;0;7;0;0;2;4;23;B01
201200059844;0;7;0;4;2;3;1;A01
201200059844;0;10;0;0;2;3;1;B01
201200059845;0;31;0;0;2;0;3;C01
201200059845;0;7;0;0;2;5;11;A01
201200059845;0;33;0;4;2;3;3;B01
201200059846;0;7;0;0;2;5;1;B01
201200059846;2;7;0;5;2;1;11;Z01
201200059846;0;10;0;0;2;4;1;A01
201200059847;0;7;0;0;2;4;23;B01
201200059847;0;10;0;0;2;1;2;A01
201200059848;0;7;0;0;2;1;2;A01
201200059848;0;7;0;0;2;4;2;C01
201200059848;0;7;0;0;2;4;2;B01
201200059849;0;33;0;0;0;1;1;A01
201200059850;0;7;0;0;2;2;12;A01
201200059850;0;31;0;0;2;8;3;B01
201200059851;0;7;0;0;2;4;2;D01
201200059851;0;10;0;0;2;4;2;B01
201200059851;0;15;0;0;2;1;2;A01
201200059851;0;7;0;0;2;4;2;C01
201200059852;0;7;0;4;2;7;1;A01
201200059852;1;7;0;0;2;0;13;Z01
201200059853;0;7;0;0;2;4;2;C01
201200059853;0;7;0;0;2;1;2;A01
201200059853;0;7;0;0;2;4;2;B01
201200059854;0;32;0;0;2;8;3;B01
201200059854;0;10;0;0;2;2;12;A01
201200059855;0;7;0;4;2;4;2;A01
201200059855;1;10;0;0;2;0;2;Z01
201200059856;0;7;0;0;2;4;1;C01
201200059856;0;7;0;0;2;7;12;A01
201200059856;0;33;0;0;2;1;3;B01
201200059857;1;7;0;0;2;1;2;Z01
201200059857;0;7;0;0;2;4;2;A01
201200059858;0;7;0;0;2;5;12;A01
201200059858;0;32;0;0;2;3;3;B01
201200059859;0;32;0;0;2;8;11;A01
201200059859;0;7;0;0;2;6;1;D01
201200059859;0;10;0;0;2;2;1;C01
201200059859;0;33;0;0;2;7;3;B01
201200059860;0;10;0;0;2;4;2;B01
201200059860;0;13;0;0;2;1;2;A01
201200059860;0;10;0;0;2;4;2;C01
201200059860;0;7;0;0;2;4;2;D01
201200059861;0;7;0;0;2;4;23;B01
201200059861;0;13;0;0;2;1;2;A01
201200059861;0;7;0;0;2;4;23;C01
201200059861;0;7;0;0;2;4;23;D01
201200059862;0;7;0;0;2;4;23;C01
201200059862;0;7;0;0;2;1;2;A01
201200059862;0;7;0;0;2;4;23;B01
201200059863;0;7;0;0;2;4;13;B01
201200059863;0;10;0;0;2;1;1;A01
201200059864;0;7;0;0;2;4;2;B01
201200059864;0;32;0;0;2;1;2;A01
201200059865;0;7;0;0;2;7;12;B01
201200059865;0;33;0;0;2;3;3;A01
201200059866;0;10;0;0;2;4;2;D01
201200059866;0;7;0;0;2;4;2;C01
201200059866;0;10;0;0;2;4;2;A01
201200059866;1;15;0;0;2;3;12;Z01
201200059866;0;7;0;0;2;4;2;B01
201200059867;0;31;0;0;2;2;3;A01
201200059867;0;7;0;0;2;5;12;B01
201200059868;0;10;0;0;2;6;11;A01
201200059868;0;31;0;0;2;2;3;B01
201200059868;0;10;0;0;2;2;1;C01
201200059869;0;7;0;0;2;6;1;B01
201200059869;0;31;0;0;2;1;3;A01
201200059870;0;7;0;0;2;4;2;B01
201200059870;0;33;0;0;2;2;2;A01
201200059870;1;7;0;0;2;0;11;Z01
201200059871;0;7;0;0;2;5;2;B01
201200059871;0;33;0;0;2;1;2;A01
201200059872;0;15;0;0;2;5;1;B01
201200059872;0;32;0;0;2;3;3;A01
201200059873;0;33;0;0;2;1;1;A01
201200059873;0;10;0;0;0;4;1;B01
201200059874;0;7;0;0;2;3;11;A01
201200059874;0;33;0;0;0;7;1;B01
201200059875;0;33;0;0;0;0;1;A01
201200059876;0;7;0;0;2;1;2;A01
201200059876;0;7;0;0;2;4;23;B01
201200059876;0;7;0;0;2;4;23;C01
201200059877;0;7;0;4;0;3;13;A01
201200059878;0;7;0;4;0;1;14;A01
201200059879;0;31;0;0;2;3;3;B01
201200059879;0;7;0;0;2;5;12;A01
201200059880;0;7;0;0;2;4;2;B01
201200059880;0;7;0;0;2;1;2;A01
201200059881;0;33;0;0;0;8;3;A01
201200059882;0;7;0;0;2;1;2;A01
201200059882;0;7;0;0;2;4;2;B01
201200059883;0;32;0;0;2;2;1;A01
201200059883;1;7;0;0;2;0;11;Z01
201200059884;0;7;0;0;2;5;23;B01
201200059884;0;32;0;0;2;1;2;A01
201200059885;0;33;0;0;2;7;3;A01
201200059885;0;7;0;0;0;3;11;B01
201200059886;0;7;0;0;0;6;11;A01
201200059886;0;31;0;0;2;1;3;B01
201200059887;0;7;0;4;0;2;1;A01
201200059888;0;31;0;0;2;1;3;A01
201200059888;1;33;0;0;0;4;23;B01
201200059889;0;31;0;4;2;2;1;B01
201200059889;0;7;0;0;0;6;11;A01
201200059890;0;33;0;0;2;1;3;A01
201200059890;0;7;0;0;2;6;11;B01
201200059891;0;33;0;0;0;2;11;B01
201200059891;0;7;0;0;2;6;11;A01
201200059892;0;31;0;0;2;1;3;A01
201200059892;0;10;0;0;0;5;12;B01
201200059893;0;7;0;0;0;8;11;B01
201200059893;0;32;0;0;2;8;3;A01
201200059894;0;33;0;0;2;1;1;A01
201200059894;0;7;0;0;0;5;1;B01
201200059895;0;7;0;0;2;4;23;D01
201200059895;0;38;25;0;2;1;1;A01
201200059895;0;7;0;6;0;4;23;B01
201200059895;0;7;0;0;0;4;23;E01
201200059895;0;7;0;0;2;1;1;C01
201200059896;0;7;0;0;2;2;1;A01
201200059896;1;7;0;0;0;6;11;Z01
201200059897;0;32;0;0;0;8;1;A01
201200059898;0;33;0;0;2;1;1;A01
201200059898;0;7;0;0;0;4;1;B01
201200059899;0;34;0;0;2;8;3;A01
201200059899;0;7;0;0;0;2;1;B01
201200059900;0;7;0;0;2;5;1;B01
201200059900;1;7;0;0;2;0;12;Z01
201200059900;0;33;0;0;2;2;3;A01
201200059901;0;7;0;0;0;7;12;A01
201200059901;0;31;0;0;2;8;3;B01
201200059902;0;10;0;0;2;1;2;A01
201200059902;0;7;0;0;2;4;2;B01
201200059903;0;7;0;0;2;2;14;A01
201200059903;0;33;0;0;2;3;3;B01
201200059904;0;33;0;0;2;0;13;A01
201200059904;0;7;0;0;2;2;1;B01
201200059905;0;7;0;0;2;8;11;A01
201200059905;0;33;0;0;2;7;3;B01
201200059906;0;33;0;0;2;0;2;A01
201200059906;0;7;0;0;2;4;2;B01
201200059907;0;31;0;0;0;7;1;A01
201200059908;0;7;0;5;0;1;1;A01
201200059909;0;7;0;0;2;1;1;C01
201200059909;0;7;0;4;0;3;9;B01
201200059909;0;15;0;0;2;5;1;A01
201200059910;1;7;0;0;2;4;1;B01
201200059910;0;33;0;0;2;1;3;A01
201200059911;1;7;0;0;2;3;13;Z01
201200059911;0;33;0;0;2;2;3;A01
201200059912;0;7;0;0;0;4;1;B01
201200059912;0;14;0;0;2;1;21;A01
201200059913;0;7;0;0;0;2;12;B01
201200059913;0;34;0;0;0;2;3;A01
201200059914;0;33;0;0;2;2;1;A01
201200059914;1;7;0;0;2;3;13;Z01
201200059915;0;7;0;0;2;3;1;B01
201200059915;0;33;0;0;2;2;14;A01
201200059916;0;33;0;0;2;1;1;A01
201200059916;0;7;0;0;2;5;12;B01
201200059917;0;31;0;0;2;2;3;B01
201200059917;0;7;0;0;2;6;11;A01
201200059918;0;7;0;0;2;3;11;A01
201200059918;0;33;0;0;2;7;3;B01
201200059919;0;10;0;0;2;1;2;A01
201200059919;0;10;0;0;2;4;2;B01
201200059920;1;13;0;0;2;5;14;Z01
201200059920;0;33;0;0;0;3;1;A01
201200059921;0;7;0;0;0;4;1;B01
201200059921;0;7;0;0;2;1;1;A01
201200059922;0;31;0;0;2;3;3;B01
201200059922;0;7;0;0;2;2;12;A01
201200059923;0;33;0;0;2;4;2;B01
201200059923;0;33;0;0;2;3;2;A01
201200059924;0;33;0;0;2;3;1;A01
201200059924;1;7;0;0;2;0;12;Z01
201200059925;0;33;0;0;0;0;3;B01
201200059925;0;7;0;0;0;0;12;A01
201200059926;0;34;0;0;0;0;1;A01
201200059927;0;7;0;0;2;1;1;A01
201200059927;0;7;0;0;0;4;23;B01
201200059928;0;7;0;0;0;4;23;C01
201200059928;0;7;0;0;2;6;23;B01
201200059928;0;7;0;0;2;2;1;A01
201200059929;0;7;0;0;2;5;12;A01
201200059929;0;33;0;0;0;3;1;B01
201200059930;0;33;0;0;2;3;1;C01
201200059930;0;7;0;0;0;5;1;B01
201200059930;0;7;0;0;2;3;14;A01
201200059931;0;7;0;0;2;3;11;A01
201200059931;0;32;0;0;0;5;3;B01
201200059932;0;7;0;0;2;3;1;A01
201200059932;1;15;0;0;2;0;12;Z01
201200059933;0;13;0;0;2;6;2;B01
201200059933;0;31;0;0;2;1;2;A01
201200059934;0;32;0;0;2;4;3;A01
201200059934;0;7;0;0;2;2;11;B01
201200059935;0;7;0;0;2;2;14;A01
201200059935;0;33;0;0;2;8;1;B01
201200059936;0;7;0;0;2;3;1;B01
201200059936;0;33;0;4;2;5;12;A01
201200059937;0;31;0;0;2;1;14;A01
201200059937;0;7;0;0;2;4;1;B01
201200059938;0;7;0;0;2;4;2;B01
201200059938;0;7;0;0;2;1;2;A01
201200059939;0;10;0;0;2;6;11;B01
201200059939;0;33;0;0;2;1;3;A01
201200059940;0;7;0;0;2;5;2;B01
201200059940;0;33;0;0;2;1;2;A01
201200059941;0;33;0;0;2;3;3;B01
201200059941;0;7;0;0;2;5;12;A01
201200059942;0;31;0;0;2;7;3;A01
201200059942;0;7;0;0;2;8;11;B01
201200059943;0;7;0;0;2;6;11;A01
201200059943;0;33;0;0;2;2;3;B01
201200059944;0;31;0;0;2;1;2;A01
201200059944;0;10;0;0;2;4;2;B01
201200059945;0;7;0;4;0;6;14;A01
201200059946;0;7;0;0;2;1;1;A01
201200059946;0;7;0;0;2;1;1;B01
201200059946;0;7;0;0;2;1;1;C01
201200059947;0;10;0;0;2;7;2;C01
201200059947;0;10;0;0;2;0;2;B01
201200059947;0;33;0;0;2;0;3;A01
201200059947;0;13;0;0;2;0;1;D01
201200059948;0;7;0;0;2;0;11;A01
201200059948;0;33;0;0;2;1;3;B01
201200059948;0;7;0;0;2;5;23;C01
201200059949;0;10;0;0;2;6;1;B01
201200059949;0;31;0;0;2;1;3;A01
201200059950;0;7;0;0;2;6;11;B01
201200059950;0;33;0;0;2;2;11;A01
201200059951;0;7;0;4;0;1;14;A01
201200059952;0;7;0;14;0;8;16;A01
201200059953;0;33;0;0;2;7;3;B01
201200059953;0;7;0;0;2;8;11;A01
201200059954;0;33;0;0;2;1;2;A01
201200059954;0;7;0;0;2;5;2;B01
201200059955;0;34;0;0;2;8;3;A01
201200059955;0;7;0;0;2;2;12;B01
201200059956;0;10;0;4;0;8;21;A01
201200059957;0;7;0;0;2;8;1;B01
201200059957;0;7;0;4;2;7;14;A01
201200059958;0;31;0;0;0;0;1;A01
201200059959;0;31;0;0;2;1;2;A01
201200059959;0;7;0;0;2;6;2;B01
201200059960;0;31;0;0;2;3;3;A01
201200059960;0;7;0;0;2;5;12;B01
201200059961;0;34;0;0;2;1;2;A01
201200059961;0;7;0;0;2;4;2;B01
201200059962;0;33;0;0;2;1;2;A01
201200059962;0;10;0;0;2;4;2;B01
201200059963;0;33;0;0;2;3;2;A01
201200059963;0;7;0;0;2;5;2;B01
201200059964;0;7;0;0;2;4;2;B01
201200059964;0;7;0;0;2;1;2;A01
201200059965;0;7;0;0;2;3;11;A01
201200059965;0;14;0;0;2;2;12;B01
201200059965;0;7;0;4;2;5;1;D01
201200059965;0;10;0;0;2;1;1;C01
201200059966;0;7;0;0;2;8;1;C01
201200059966;0;7;0;0;2;5;12;A01
201200059966;0;33;0;0;2;1;3;B01
201200059967;0;10;0;0;2;1;2;A01
201200059967;0;7;0;0;2;4;2;B01
201200059968;0;32;0;0;0;7;3;A01
201200059969;0;10;0;0;2;1;1;A01
201200059969;1;13;0;0;2;0;11;Z01
201200059970;0;7;0;4;2;8;13;A01
201200059970;0;13;0;0;2;1;1;B01
201200059971;0;31;0;0;0;7;1;A01
201200059972;0;14;0;0;2;5;13;A01
201200059972;0;33;0;0;2;3;1;B01
201200059973;0;33;0;0;2;8;3;A01
201200059973;0;7;0;0;2;5;1;C01
201200059973;0;7;0;0;2;7;12;B01
201200059974;0;31;0;0;2;2;3;A01
201200059974;0;7;0;0;2;6;13;B01
201200059975;0;31;0;0;2;4;12;A01
201200059975;1;32;0;0;2;0;3;Z01
201200059975;0;7;0;0;2;6;1;B01
201200059976;0;7;0;4;0;3;13;A01
201200059977;0;7;0;4;0;1;14;A01
201200059978;0;33;0;0;2;2;1;B01
201200059978;0;7;0;0;2;6;13;A01
201200059979;0;7;0;0;2;4;2;B01
201200059979;0;14;0;0;2;1;2;A01
201200059980;0;7;0;0;2;7;12;B01
201200059980;0;32;0;0;2;3;18;A01
201200059981;0;33;0;0;2;1;2;A01
201200059981;0;7;0;0;2;4;2;B01
201200059982;0;32;0;0;2;7;3;B01
201200059982;0;7;0;0;2;6;1;C01
201200059982;0;7;0;0;2;3;11;A01
201200059983;0;32;0;0;2;8;11;A01
201200059983;0;14;0;0;2;2;1;B01
201200059984;0;34;0;0;2;1;3;A01
201200059984;0;10;0;0;2;5;1;B01
201200059985;0;31;0;0;2;2;3;A01
201200059985;0;7;0;0;2;5;23;B01
201200059985;0;7;0;0;2;0;23;C01
201200059986;0;10;0;0;2;5;14;A01
201200059986;0;31;0;4;2;3;1;B01
201200059987;0;31;0;0;2;4;2;B01
201200059987;0;7;0;0;2;1;2;A01
201200059988;0;33;0;0;2;8;3;B01
201200059988;0;7;0;0;2;7;1;C01
201200059988;0;10;0;0;2;6;11;A01
201200059989;0;33;0;0;2;7;3;A01
201200059989;0;10;0;0;2;8;1;B01
201200059990;2;7;0;4;0;3;13;Z01
201200059991;0;7;0;0;2;4;23;A01
201200059991;1;7;0;0;2;1;2;Z01
201200059992;0;33;0;0;2;5;2;A01
201200059992;1;7;0;0;2;0;2;Z01
201200059993;0;7;0;0;2;7;12;B01
201200059993;0;33;0;0;2;3;3;A01
201200059994;0;7;0;4;2;3;11;A01
201200059994;0;7;0;0;2;2;1;B01
201200059995;0;7;0;0;2;5;23;C01
201200059995;0;31;0;0;2;1;3;B01
201200059995;0;34;0;0;2;0;11;A01
201200059996;0;10;0;0;2;4;2;B01
201200059996;0;31;0;0;2;1;2;A01
201200059997;0;10;0;0;2;1;2;A01
201200059997;0;7;0;0;2;4;2;B01
201200059997;0;7;0;0;2;4;2;C01
201200059998;0;10;0;0;0;6;2;B01
201200059998;0;33;0;0;0;0;2;A01
201200059998;0;7;0;0;0;4;2;C01
201200059998;0;7;0;0;2;1;2;D01
201200059999;0;7;0;0;2;1;2;A01
201200059999;0;7;0;0;2;4;23;B01
201200060000;0;10;0;0;2;5;23;B01
201200060000;0;32;0;0;2;6;2;A01
201200060001;0;7;0;0;2;5;12;A01
201200060001;0;31;0;0;2;3;3;B01
201200060002;0;7;0;0;2;1;12;A01
201200060002;0;7;0;0;2;4;1;B01
201200060003;0;7;0;0;2;5;23;B01
201200060003;0;7;0;0;2;4;23;D01
201200060003;0;7;0;0;2;3;2;A01
201200060003;0;33;0;0;2;7;2;C01
201200060004;1;7;0;0;2;7;14;Z01
201200060004;0;31;0;0;2;8;12;A01
201200060005;0;31;0;0;2;3;3;A01
201200060005;0;7;0;0;2;5;12;B01
201200060006;0;7;0;0;2;7;12;A01
201200060006;0;34;0;0;2;3;3;B01
201200060007;0;32;0;0;2;1;3;A01
201200060007;0;7;0;0;2;4;1;B01
201200060008;0;7;0;0;2;6;2;D01
201200060008;0;33;0;0;2;4;3;B01
201200060008;0;7;0;0;2;8;23;C01
201200060008;0;31;0;0;2;1;12;A01
201200060009;0;7;0;0;2;1;2;A01
201200060009;0;7;0;0;2;4;2;B01
201200060009;0;7;0;0;2;4;2;C01
201200060009;0;7;0;0;2;4;2;D01
201200060010;0;33;0;0;0;0;3;A01
201200060011;0;7;0;0;2;4;23;C01
201200060011;0;7;0;0;2;1;2;A01
201200060011;0;7;0;0;2;4;23;B01
201200060012;0;33;0;0;0;0;1;A01
201200060013;0;31;0;0;2;2;13;A01
201200060013;0;7;0;0;2;5;23;B01
201200060014;0;7;0;0;2;4;12;A01
201200060014;0;32;0;0;2;1;3;B01
201200060015;0;7;0;4;2;3;14;A01
201200060015;0;10;0;0;2;3;1;B01
201200060015;0;7;0;0;2;2;2;D01
201200060015;0;32;0;0;2;3;2;C01
201200060016;0;33;0;0;2;1;3;A01
201200060016;0;7;0;0;2;2;12;B01
201200060017;0;33;0;4;0;8;14;A01
201200060018;0;7;0;0;2;8;1;C01
201200060018;0;7;0;4;2;9;1;B01
201200060018;0;7;0;0;2;1;13;A01
201200060019;0;7;0;0;2;4;23;B01
201200060019;0;7;0;0;2;1;2;A01
201200060020;0;7;0;0;2;2;1;A01
201200060020;0;7;0;0;0;6;23;B01
201200060021;0;31;0;0;2;3;1;A01
201200060021;0;7;0;0;0;5;1;B01
201200060022;0;32;0;0;2;2;3;A01
201200060022;0;7;0;0;2;6;11;B01
201200060023;1;7;0;0;2;0;2;Z01
201200060023;0;10;0;0;2;3;2;A01
201200060024;0;31;0;0;2;1;1;A01
201200060024;0;7;0;0;2;4;11;B01
201200060025;2;7;0;4;0;3;13;Z01
201200060026;0;7;0;0;2;2;12;A01
201200060026;0;31;0;0;2;8;1;B01
201200060027;0;7;0;0;2;3;13;A01
201200060027;0;7;0;0;2;5;23;B01
201200060027;0;7;0;0;2;4;1;C01
201200060028;0;7;0;0;2;8;1;C01
201200060028;0;7;0;0;2;6;12;A01
201200060028;0;33;0;0;2;1;3;B01
201200060029;0;33;0;0;0;7;21;A01
201200060030;0;7;0;0;0;5;1;B01
201200060030;0;7;0;0;0;6;1;C01
201200060030;0;31;0;0;2;1;1;A01
201200060031;0;7;0;0;0;8;11;B01
201200060031;0;33;0;0;2;2;3;A01
201200060032;0;32;0;0;2;2;3;A01
201200060032;0;7;0;0;2;3;11;B01
201200060032;0;10;0;0;0;5;1;C01
201200060033;0;2;0;0;2;3;3;A01
201200060033;0;7;0;0;2;8;1;C01
201200060033;0;7;0;0;2;2;12;B01
201200060034;0;32;0;0;2;1;1;A01
201200060034;0;7;0;0;0;4;23;B01
201200060035;0;7;0;0;2;6;2;B01
201200060035;0;7;0;0;2;2;2;A01
201200060036;0;33;0;0;2;1;21;A01
201200060036;0;7;0;0;2;4;23;B01
201200060037;0;32;0;0;2;3;1;A01
201200060037;0;7;0;0;0;2;12;B01
201200060037;0;7;0;0;0;4;1;C01
201200060038;0;7;0;3;0;2;21;A01
201200060039;0;7;0;0;0;4;23;B01
201200060039;0;7;0;0;0;5;21;A01
201200060039;2;7;0;0;2;5;1;Z01
201200060040;0;7;0;0;0;4;23;B01
201200060040;0;7;0;0;2;1;1;A01
201200060041;0;7;0;0;2;5;12;A01
201200060041;0;32;0;0;0;3;3;B01
201200060042;0;7;0;0;2;7;12;A01
201200060042;0;33;0;0;0;3;3;B01
201200060043;0;33;0;0;2;5;2;A01
201200060043;0;7;0;0;2;4;23;B01
201200060044;0;33;0;0;2;3;13;A01
201200060044;0;31;0;0;2;4;2;D01
201200060044;0;34;0;0;2;1;2;C01
201200060044;0;7;0;0;2;6;1;B01
201200060045;0;31;0;0;2;1;2;A01
201200060045;0;10;0;0;0;4;2;B01
201200060046;0;31;0;0;2;1;2;A01
201200060046;0;7;0;0;0;4;2;B01
201200060047;0;15;0;0;2;2;1;B01
201200060047;0;7;0;0;2;6;11;A01
201200060048;0;33;0;0;2;1;13;A01
201200060048;0;7;0;0;0;5;23;B01
201200060049;0;33;0;0;2;1;1;A01
201200060049;0;7;0;0;0;8;13;B01
201200060050;0;32;0;0;0;7;1;A01
201200060051;0;7;0;4;0;1;14;A01
201200060052;0;14;0;0;2;4;2;A01
201200060052;2;7;0;0;2;1;2;Z01
201200060053;0;7;0;0;2;1;2;A01
201200060053;0;7;0;0;2;4;2;B01
201200060054;0;33;0;0;2;1;3;A01
201200060054;0;7;0;0;2;4;12;B01
201200060055;0;33;0;0;2;7;3;A01
201200060055;0;7;0;0;0;6;11;B01
201200060056;0;33;0;0;0;6;1;B01
201200060056;0;7;0;0;2;2;14;A01
201200060057;0;10;0;16;0;8;1;B01
201200060057;0;7;0;14;2;7;1;A01
201200060058;0;10;0;0;2;7;11;A01
201200060058;0;7;0;0;2;8;1;C01
201200060058;0;31;0;0;2;8;3;B01
201200060059;0;7;0;0;2;2;12;B01
201200060059;0;7;0;0;2;6;1;C01
201200060059;0;32;0;0;2;3;3;A01
201200060060;0;7;0;4;2;8;1;B01
201200060060;0;13;0;0;2;2;1;A01
201200060061;0;7;0;0;2;8;13;B01
201200060061;0;33;0;4;2;7;3;A01
201200060062;0;7;0;4;2;5;14;A01
201200060062;0;7;0;0;2;3;1;B01
201200060063;0;33;0;0;2;8;3;A01
201200060063;0;7;0;0;0;1;23;C01
201200060063;0;7;0;0;0;6;11;B01
201200060064;0;10;0;0;2;1;1;A01
201200060064;0;7;0;0;2;4;1;E01
201200060064;0;7;0;0;2;6;1;B01
201200060064;0;7;0;0;2;3;1;C01
201200060064;0;7;0;0;2;7;1;D01
201200060065;0;7;0;4;0;1;13;A01
201200060066;0;7;0;0;2;7;12;A01
201200060066;0;33;0;0;2;8;3;B01
201200060067;0;7;0;0;2;5;12;A01
201200060067;0;33;0;0;2;3;1;B01
201200060068;0;7;0;0;2;1;2;A01
201200060068;0;10;0;0;2;4;2;B01
201200060069;0;7;0;4;0;1;1;A01
201200060070;0;32;0;0;2;8;3;A01
201200060070;0;10;0;0;0;7;1;B01
201200060071;0;34;0;0;2;1;1;A01
201200060071;0;7;0;0;0;6;1;B01
201200060072;0;7;0;0;0;4;1;B01
201200060072;0;33;0;0;2;3;1;A01
201200060073;0;7;0;0;2;6;11;A01
201200060073;0;31;0;0;0;2;3;B01
201200060074;0;32;0;0;2;1;3;A01
201200060074;0;7;0;0;0;7;12;B01
201200060075;0;7;0;4;2;6;12;A01
201200060075;0;7;0;0;2;2;1;B01
201200060076;0;34;0;12;0;1;12;A01
201200060077;0;7;0;4;0;1;1;A01