num_acc;senc;catv;occutc;obs;obsm;choc;manv;num_veh
201200060725;1;7;0;0;2;8;20;A01
201200060725;0;30;0;0;2;7;1;B02
201200060726;0;7;0;0;2;3;1;B02
201200060726;0;7;0;0;2;2;17;A01
201200060727;1;7;0;0;1;0;5;A01
201200060728;0;2;0;0;2;4;14;B02
201200060728;0;7;0;0;2;3;1;A01
201200060729;0;7;0;0;0;9;1;A01
201200060730;0;10;0;0;0;4;24;B02
201200060730;0;1;0;1;0;1;1;A01
201200060731;0;7;0;0;2;3;13;A01
201200060731;0;7;0;0;2;3;1;B02
201200060732;0;31;0;0;1;1;13;A01
201200060733;0;31;0;0;1;1;1;A01
201200060734;0;31;0;0;2;1;1;A01
201200060734;2;31;0;0;2;1;1;B02
201200060735;0;2;0;0;2;7;17;A01
201200060735;0;7;0;0;2;8;1;B02
201200060736;0;7;0;0;9;3;15;A01
201200060736;0;1;0;0;2;1;1;B02
201200060737;0;7;0;0;1;4;4;A01
201200060738;0;7;0;0;2;3;15;A01
201200060738;0;34;0;0;2;1;1;B02
201200060739;0;7;0;0;2;1;1;A01
201200060739;0;2;0;0;2;4;3;B02
201200060740;0;7;0;0;2;3;15;A01
201200060740;0;33;0;0;2;1;1;B02
201200060741;0;7;0;3;0;2;1;A01
201200060742;0;10;0;0;2;1;2;A01
201200060742;0;33;0;0;2;4;1;B02
201200060743;0;33;0;16;0;8;3;A01
201200060743;0;10;0;0;0;0;12;B02
201200060744;0;7;0;0;2;4;17;A01
201200060744;0;7;0;0;2;1;17;B02
201200060745;0;7;0;0;1;2;1;A01
201200060746;0;1;0;0;2;4;1;B02
201200060746;0;7;0;0;2;1;14;A01
201200060747;0;10;0;0;1;2;1;A01
201200060748;0;30;0;0;2;1;1;A01
201200060748;0;30;0;0;2;1;5;B02
201200060749;0;7;0;0;1;1;1;A01
201200060750;0;7;0;1;1;3;1;A01
201200060751;0;7;0;0;0;0;23;D04
201200060751;0;7;0;0;0;8;1;C03
201200060751;0;7;0;0;0;7;17;B02
201200060751;0;7;0;0;1;1;14;A01
201200060752;0;10;0;0;9;3;1;A01
201200060752;0;1;0;0;2;1;13;B02
201200060753;0;30;0;0;1;1;1;A01
201200060754;0;7;0;0;1;1;1;A01
201200060755;0;7;0;0;2;1;13;A01
201200060755;0;7;0;0;0;6;1;B02
201200060755;0;7;0;0;0;1;1;C03
201200060756;0;7;0;4;0;2;1;A01
201200060757;0;2;0;12;0;0;1;A01
201200060758;0;10;0;0;1;3;19;A01
201200060759;0;1;0;0;2;1;1;A01
201200060759;0;7;0;0;2;1;1;B02
201200060760;0;31;0;0;2;1;2;A01
201200060760;0;10;0;0;2;4;2;B02
201200060761;0;1;0;1;0;7;14;A01
201200060761;0;7;0;0;9;8;0;B02
201200060762;0;38;0;0;2;3;1;A01
201200060762;0;7;0;0;2;3;13;B02
201200060763;0;10;0;0;1;2;0;A01
201200060764;0;10;0;0;2;1;1;A01
201200060764;0;21;0;0;2;4;1;B02
201200060765;0;33;0;4;0;2;1;A01
201200060766;0;7;0;0;2;3;2;A01
201200060766;0;1;0;0;2;7;2;B02
201200060767;0;1;0;0;0;6;1;A01
201200060768;0;7;0;0;2;8;15;B02
201200060768;0;33;0;0;2;1;17;A01
201200060769;0;7;0;0;2;3;1;A01
201200060769;0;34;0;0;2;1;13;B02
201200060770;0;7;0;0;0;0;0;A01
201200060771;0;7;0;0;0;0;0;A01
201200060772;0;7;0;0;2;1;0;B02
201200060772;0;31;0;0;2;1;19;A01
201200060773;0;30;0;0;1;1;2;A01
201200060774;0;7;0;0;1;0;4;A01
201200060775;0;33;0;0;0;8;1;A01
201200060776;0;7;0;0;2;8;11;A01
201200060776;0;3;0;0;2;3;1;B02
201200060777;0;7;0;0;1;1;1;A01
201200060778;0;10;0;0;2;1;15;A01
201200060778;0;1;0;0;2;1;1;B02
201200060779;0;30;0;0;0;7;0;A01
201200060780;0;30;0;0;0;8;1;A01
201200060781;0;7;0;0;2;1;15;A01
201200060781;0;30;0;0;2;1;1;B02
201200060782;0;7;0;0;0;4;23;A01
201200060782;0;7;0;0;2;1;1;D04
201200060782;0;7;0;0;0;4;23;C03
201200060782;0;7;0;0;0;4;23;B02
201200060783;0;7;0;0;2;5;1;A01
201200060783;0;31;0;0;2;3;3;B02
201200060784;0;30;0;0;2;2;5;A01
201200060784;0;7;0;0;2;2;1;B02
201200060785;0;7;0;0;0;9;2;A01
201200060786;0;30;0;8;0;1;1;A01
201200060787;0;7;0;0;0;5;1;A01
201200060787;0;2;0;0;2;1;1;B02
201200060788;0;7;0;0;9;8;11;A01
201200060788;0;1;0;0;2;2;17;B02
201200060789;0;7;0;0;0;4;2;A01
201200060789;0;33;0;0;2;1;2;D04
201200060789;0;7;0;0;2;1;2;B02
201200060789;0;7;0;0;2;1;2;C03
201200060790;0;7;0;0;0;1;17;A01
201200060790;0;7;0;0;0;1;0;B02
201200060791;0;7;0;0;2;5;1;A01
201200060791;0;7;0;0;0;3;1;B02
201200060792;0;7;0;0;2;3;1;B02
201200060792;0;7;0;0;2;3;1;A01
201200060793;0;7;0;0;2;1;1;A01
201200060793;0;7;0;0;2;5;1;B02
201200060794;0;7;0;6;0;7;1;A01
201200060795;0;7;0;0;2;1;1;C03
201200060795;0;7;0;0;2;1;13;A01
201200060795;0;32;0;0;2;1;21;B02
201200060796;0;2;0;0;2;1;13;A01
201200060796;0;1;0;0;2;1;1;B02
201200060797;0;7;0;2;0;1;1;A01
201200060798;0;33;0;15;0;1;14;A01
201200060799;1;7;0;0;1;2;1;A01
201200060800;0;7;0;0;2;1;15;A01
201200060800;0;33;0;0;2;1;1;B02
201200060801;0;7;0;0;9;3;17;A01
201200060801;0;1;0;0;2;1;0;B02
201200060802;0;33;0;0;2;1;1;A01
201200060802;0;10;0;0;2;7;15;B02
201200060803;0;7;0;0;1;1;1;A01
201200060804;0;7;0;0;1;1;1;A01
201200060805;0;33;0;0;2;1;1;A01
201200060805;0;7;0;0;2;3;19;B02
201200060806;0;10;0;0;1;8;1;A01
201200060807;1;7;0;0;1;1;1;A01
201200060808;0;10;0;0;2;3;5;A01
201200060808;0;7;0;0;2;3;1;B02
201200060809;0;7;0;0;1;7;1;A01
201200060810;0;38;0;0;2;1;1;A01
201200060810;0;30;0;0;2;7;1;B02
201200060811;0;1;0;0;2;4;1;A01
201200060812;0;2;0;0;2;1;1;B02
201200060812;0;7;0;0;2;5;15;A01
201200060813;0;33;0;0;2;1;1;A01
201200060813;0;7;0;0;0;6;1;B02
201200060814;0;30;0;0;1;1;1;A01
201200060815;0;7;0;0;1;0;1;A01
201200060816;0;2;0;0;2;1;13;B02
201200060816;0;7;0;0;2;3;1;A01
201200060817;0;7;0;0;2;4;2;B02
201200060817;0;30;0;0;2;1;2;A01
201200060818;0;10;0;6;2;1;2;A01
201200060818;0;7;0;0;0;4;1;B02
201200060819;0;32;0;0;0;7;1;A01
201200060820;0;30;0;0;2;1;17;B02
201200060820;0;7;0;0;2;1;1;A01
201200060821;0;33;0;0;2;7;5;B02
201200060821;0;7;0;0;2;3;1;A01
201200060822;0;7;0;6;0;1;1;A01
201200060823;0;36;0;15;0;2;1;A01
201200060824;0;1;0;10;0;1;1;A01
201200060825;0;33;0;0;0;1;17;A01
201200060826;0;33;0;6;2;9;13;A01
201200060826;0;7;0;0;2;3;1;B02
201200060827;0;7;0;0;1;3;1;A01
201200060828;1;30;0;0;1;1;17;A01
201200060829;0;10;0;0;2;3;1;B02
201200060829;0;2;0;0;2;1;13;A01
201200060830;0;7;0;0;1;3;1;A01
201200060831;0;33;0;0;1;2;21;A01
201200060832;0;30;0;0;2;1;1;B02
201200060832;0;7;0;0;0;2;15;A01
201200060833;0;10;0;0;1;2;13;A01
201200060834;0;7;0;0;2;1;1;B02
201200060834;0;3;0;0;2;1;13;A01
201200060835;0;7;0;0;2;2;15;A01
201200060835;0;7;0;0;2;1;1;B02
201200060836;0;7;0;0;2;1;13;A01
201200060836;0;1;0;0;2;1;1;B02
201200060837;0;7;0;0;1;2;1;A01
201200060838;0;31;0;0;0;7;1;A01
201200060839;0;30;0;0;0;0;1;A01
201200060840;0;10;0;0;1;2;1;A01
201200060841;0;30;0;6;0;1;0;A01
201200060842;0;10;0;0;1;3;1;A01
201200060843;0;10;0;0;2;3;15;A01
201200060843;0;30;0;0;2;1;1;B02
201200060844;0;7;0;6;0;1;1;A01
201200060845;0;10;0;0;1;5;1;A01
201200060846;0;7;0;0;1;3;1;A01
201200060847;0;2;0;0;2;1;1;A01
201200060847;0;7;0;0;2;2;15;B02
201200060848;0;7;0;0;2;3;1;C03
201200060848;0;7;0;0;2;3;15;A01
201200060848;0;7;0;0;2;8;1;B02
201200060849;0;33;0;8;0;1;0;A01
201200060850;0;31;0;13;0;1;1;A01
201200060851;0;7;0;1;0;7;1;A01
201200060851;0;7;0;0;0;4;24;B02
201200060852;0;30;0;0;2;1;1;A01
201200060852;0;10;0;0;2;3;1;B02
201200060853;0;7;0;0;2;3;1;A01
201200060853;0;30;0;0;2;8;1;B02
201200060854;0;7;0;0;1;7;1;A01
201200060855;0;32;0;0;1;1;21;A01
201200060856;0;7;0;13;1;9;4;A01
201200060857;0;7;0;0;1;3;1;A01
201200060858;2;7;0;0;1;7;1;A01
201200060859;0;7;0;0;2;3;1;A01
201200060859;0;30;0;0;2;3;1;B02
201200060860;0;30;0;0;1;1;5;A01
201200060861;0;30;0;0;2;5;1;A01
201200060861;0;10;0;0;2;2;1;B02
201200060862;0;30;0;14;0;7;1;A01
201200060862;2;10;0;14;2;1;0;B02
201200060863;0;7;0;0;2;7;9;A01
201200060863;0;33;0;1;2;1;17;B02
201200060864;0;7;0;0;1;1;1;A01
201200060865;0;31;0;6;0;7;17;A01
201200060866;0;31;0;0;1;2;1;A01
201200060867;0;31;0;0;5;1;19;A01
201200060868;0;7;0;0;2;2;15;A01
201200060868;0;30;0;0;2;1;1;B02
201200060869;0;34;0;0;2;8;1;B02
201200060869;0;10;0;0;2;1;19;A01
201200060870;0;7;0;0;2;2;1;A01
201200060870;0;1;0;0;2;1;19;B02
201200060871;0;30;0;0;2;2;17;B02
201200060871;0;10;0;0;2;8;15;A01
201200060872;0;7;0;0;2;3;1;B02
201200060872;0;7;0;0;2;3;1;A01
201200060873;0;7;0;0;2;1;1;A01
201200060873;0;30;0;0;2;1;13;B02
201200060874;0;7;0;2;0;9;1;A01
201200060875;0;7;0;2;0;1;13;A01
201200060876;0;31;0;0;2;6;1;A01
201200060877;0;7;0;0;2;1;0;B02
201200060877;0;7;0;0;2;8;0;A01
201200060878;0;7;0;0;2;1;15;A01
201200060878;0;32;0;0;2;8;1;B02
201200060879;0;7;0;14;0;1;1;A01
201200060880;0;7;0;0;1;2;1;A01
201200060881;0;7;0;12;0;0;1;A01
201200060882;0;7;0;0;2;2;15;A01
201200060882;0;33;0;0;2;1;1;B02
201200060883;0;34;0;0;0;4;1;A01
201200060883;0;7;0;0;2;1;2;B02
201200060884;0;32;0;10;0;1;1;A01
201200060885;0;10;0;0;2;2;2;A01
201200060885;0;1;0;0;0;4;2;B02
201200060886;0;7;0;6;0;1;1;A01
201200060887;0;33;0;0;2;1;19;B02
201200060887;0;7;0;0;2;2;1;A01
201200060888;0;33;0;0;2;1;2;B02
201200060888;0;7;0;0;2;6;2;A01
201200060889;0;7;0;0;2;3;1;A01
201200060889;0;32;0;0;2;1;19;B02
201200060890;0;7;0;13;0;1;1;A01
201200060891;0;33;0;12;0;7;1;A01
201200060892;0;7;0;4;0;1;1;A01
201200060893;0;33;0;0;2;1;1;B02
201200060893;0;14;0;0;2;5;1;A01
201200060894;0;10;0;0;1;2;1;A01
201200060895;0;10;0;0;2;1;1;A01
201200060895;0;3;0;0;2;3;1;B02
201200060896;0;30;0;0;2;7;0;B02
201200060896;0;7;0;0;2;8;11;A01
201200060897;0;7;0;0;1;1;1;A01
201200060898;0;7;0;8;0;7;1;A01
201200060899;0;33;0;8;0;0;1;A01
201200060900;0;7;0;0;1;0;24;A01
201200060901;0;30;0;14;0;0;1;A01
201200060902;0;7;0;0;2;2;1;A01
201200060902;0;2;0;0;2;8;19;B02
201200060903;0;7;0;0;1;7;0;A01
201200060904;0;7;0;12;0;4;1;A01
201200060904;0;31;0;12;2;1;1;B02
201200060905;1;7;0;0;1;1;1;A01
201200060906;0;10;0;0;2;7;13;A01
201200060906;0;30;0;0;2;1;15;B02
201200060907;0;2;0;0;2;1;17;A01
201200060907;0;2;0;0;2;1;1;B02
201200060908;0;7;0;0;2;5;15;A01
201200060908;0;30;0;0;2;1;1;B02
201200060909;0;7;0;0;2;3;1;B02
201200060909;0;7;0;0;2;1;13;A01
201200060910;0;7;0;0;2;3;15;A01
201200060910;0;32;0;0;2;7;17;B02
201200060911;0;10;0;0;2;6;17;A01
201200060911;0;37;0;2;2;2;17;B02
201200060912;0;7;0;0;1;1;1;A01
201200060913;0;7;0;0;1;3;1;A01
201200060914;0;10;0;0;2;7;17;A01
201200060914;0;1;0;0;0;0;2;B02
201200060915;0;30;0;0;0;1;1;B02
201200060915;0;7;0;0;0;6;16;A01
201200060916;0;33;0;6;9;1;1;A01
201200060917;0;7;0;0;0;3;19;A01
201200060917;0;31;0;0;0;1;1;B02
201200060918;0;30;0;0;0;2;0;B02
201200060918;0;31;0;0;0;1;0;A01
201200060918;0;7;0;0;0;3;9;C03
201200060919;0;30;0;0;2;7;13;B02
201200060919;0;7;0;0;2;2;1;A01
201200060920;0;30;0;0;2;8;18;B02
201200060920;0;7;0;0;2;7;16;A01
201200060921;0;7;0;0;1;2;1;A01
201200060922;0;32;0;0;0;1;1;B02
201200060922;0;7;0;0;0;3;10;A01
201200060923;0;1;0;0;2;1;19;A01
201200060923;0;10;0;0;0;7;1;B02
201200060924;0;7;0;0;2;6;24;B02
201200060924;0;10;0;1;0;2;1;A01
201200060925;0;7;0;0;9;3;1;A01
201200060925;0;1;0;0;2;6;1;B02
201200060926;0;7;0;13;0;7;1;A01
201200060927;0;7;0;0;0;4;2;B02
201200060927;0;31;0;0;2;1;2;A01
201200060928;0;7;0;0;2;2;15;A01
201200060928;0;2;0;0;2;1;1;B02
201200060929;0;7;0;0;2;7;4;B02
201200060929;0;7;0;0;2;3;1;A01
201200060930;0;7;0;0;0;4;16;A01
201200060930;0;30;0;0;2;1;1;B02
201200060931;0;7;0;0;0;8;21;A01
201200060932;0;30;0;0;2;0;2;A01
201200060933;0;30;0;0;2;8;15;B02
201200060933;0;7;0;0;2;1;1;A01
201200060934;0;7;0;0;1;3;1;A01
201200060935;0;32;0;0;0;0;1;A01
201200060936;0;7;0;0;2;6;1;A01
201200060936;0;7;0;0;0;1;1;B02
201200060937;0;7;0;0;2;2;19;A01
201200060937;0;33;0;0;2;3;1;B02
201200060938;0;7;0;0;0;4;15;A01
201200060938;0;7;0;0;0;1;1;B02
201200060939;0;7;0;0;2;3;1;C03
201200060939;0;10;0;0;2;5;23;A01
201200060939;0;15;0;0;2;3;1;B02
201200060940;0;7;0;0;2;3;5;A01
201200060940;0;1;0;0;2;0;1;G07
201200060940;0;1;0;0;2;0;1;E05
201200060940;0;1;0;0;2;0;1;D04
201200060940;0;1;0;0;2;0;1;L12
201200060940;0;1;0;0;2;0;1;C03
201200060940;0;1;0;0;2;0;1;J10
201200060940;0;1;0;0;2;0;1;F06
201200060940;0;1;0;0;2;0;1;K11
201200060940;0;1;0;0;2;0;1;H08
201200060940;0;1;0;0;2;0;1;I09
201200060940;0;1;0;0;2;0;1;B02
201200060941;0;1;0;0;2;1;1;A01
201200060941;0;7;0;0;2;3;16;B02
201200060942;0;33;0;0;2;1;1;A01
201200060942;0;7;0;0;2;5;15;B02
201200060943;0;33;0;0;1;1;1;A01
201200060944;0;31;0;0;2;1;1;B02
201200060944;0;7;0;0;2;2;15;A01
201200060945;0;30;0;0;1;1;1;A01
201200060946;0;30;0;1;0;1;21;A01
201200060947;0;1;0;0;2;1;1;A01
201200060947;0;7;0;0;2;3;1;B02
201200060948;0;7;0;0;2;3;0;B02
201200060948;0;7;0;0;2;3;2;A01
201200060949;0;10;0;0;2;3;15;B02
201200060949;0;33;0;0;2;2;17;A01
201200060950;0;31;0;0;2;8;1;A01
201200060950;0;10;0;0;2;7;15;B02
201200060951;0;7;0;0;1;3;14;A01
201200060952;0;7;0;0;2;8;1;B02
201200060952;0;33;0;0;2;1;13;A01
201200060953;0;7;0;0;2;3;1;A01
201200060953;0;1;0;0;2;6;1;B02
201200060954;0;7;0;0;2;1;15;A01
201200060954;0;7;0;0;2;1;1;B02
201200060955;0;7;0;0;2;2;13;B02
201200060955;0;33;0;0;2;1;1;A01
201200060956;0;7;0;0;2;3;0;B02
201200060956;0;7;0;0;2;3;13;A01
201200060957;0;7;0;0;2;7;1;A01
201200060957;0;31;0;0;2;8;1;B02
201200060958;0;1;0;0;2;3;11;A01
201200060958;0;2;0;0;2;7;1;B02
201200060959;0;7;0;6;0;1;1;A01
201200060960;0;30;0;0;2;1;1;D04
201200060960;0;30;0;0;2;1;1;E05
201200060960;0;30;0;0;2;4;2;B02
201200060960;0;30;0;0;2;1;1;A01
201200060960;0;30;0;0;2;1;1;C03
201200060961;0;30;0;0;2;1;0;B02
201200060961;0;7;0;0;2;3;1;A01
201200060962;0;30;0;0;2;1;1;A01
201200060962;0;10;0;0;2;3;15;B02
201200060963;0;1;0;0;2;8;15;B02
201200060963;0;14;0;0;9;1;1;A01
201200060964;0;7;0;0;2;3;1;B02
201200060964;0;7;0;0;2;3;17;A01
201200060965;0;7;0;3;0;2;14;A01
201200060966;0;30;0;0;0;7;1;A01
201200060967;0;7;0;0;2;2;15;A01
201200060967;0;33;0;0;2;7;3;B02
201200060968;0;33;0;0;2;1;1;B02
201200060968;0;7;0;0;9;3;19;A01
201200060969;0;30;0;0;2;1;5;B02
201200060969;0;10;0;0;2;2;1;A01
201200060970;0;33;0;0;0;0;0;A01
201200060971;0;37;0;0;1;3;1;A01
201200060972;0;1;0;0;2;1;15;A01
201200060972;0;1;0;0;2;1;1;B02
201200060973;0;7;0;16;0;9;1;A01
201200060974;0;7;0;0;0;3;21;A01
201200060974;0;7;0;0;0;0;0;C03
201200060974;0;30;0;0;2;1;13;B02
201200060975;0;7;0;0;1;3;1;A01
201200060976;0;7;0;16;0;3;17;A01
201200060977;0;30;0;14;0;0;1;A01
201200060978;0;14;0;0;2;1;13;A01
201200060978;0;14;0;0;2;1;1;B02
201200060978;0;14;0;0;2;1;1;C03
201200060979;0;30;0;0;2;1;1;A01
201200060979;0;7;0;0;2;1;0;B02
201200060980;0;7;0;13;0;5;1;A01
201200060981;0;33;0;0;1;2;1;A01
201200060982;0;7;0;0;1;1;1;A01
201200060983;0;31;0;3;0;1;1;A01
201200060984;0;7;0;13;0;1;1;A01
201200060985;0;14;0;0;0;0;0;B02
201200060986;0;7;0;0;2;2;13;A01
201200060986;0;7;0;0;2;3;1;B02
201200060987;0;33;0;0;2;1;13;A01
201200060987;0;7;0;0;2;3;1;B02
201200060988;0;7;0;0;2;7;12;B02
201200060988;0;30;0;0;2;7;1;A01
201200060989;0;7;0;3;0;2;0;A01
201200060990;0;7;0;0;2;7;13;A01
201200060990;0;7;0;0;2;1;1;B02
201200060991;0;30;0;0;2;1;17;B02
201200060991;0;10;0;0;2;3;1;A01
201200060992;0;7;0;0;2;1;1;A01
201200060992;0;7;0;0;2;1;1;B02
201200060993;0;7;0;0;1;1;1;A01
201200060994;0;7;0;0;2;1;15;A01
201200060994;0;2;0;0;2;1;1;B02
201200060995;0;7;0;0;2;1;1;D04
201200060995;0;7;0;0;2;1;1;C03
201200060995;0;7;0;0;2;1;1;B02
201200060995;0;7;0;0;2;1;1;A01
201200060996;0;33;0;0;2;1;17;A01
201200060996;0;10;0;0;2;8;15;B02
201200060997;0;10;0;0;9;2;9;A01
201200060997;0;1;0;0;2;6;9;B02
201200060998;0;30;0;0;2;4;1;A01
201200060998;0;13;0;0;2;7;15;B02
201200060999;0;7;0;0;1;1;0;A01
201200061000;0;7;0;0;2;2;13;A01
201200061000;0;7;0;0;2;2;1;B02
201200061001;0;30;0;2;0;1;0;A01
201200061002;0;7;0;0;2;1;13;A01
201200061002;0;7;0;0;2;1;1;B02
201200061003;0;7;0;0;1;3;1;A01
201200061004;0;31;0;0;2;1;0;A01
201200061004;0;7;0;0;2;3;15;B02
201200061005;0;7;0;13;0;1;1;A01
201200061006;0;7;0;4;2;5;11;A01
201200061006;0;31;0;5;2;1;2;B02
201200061007;0;7;0;0;2;4;1;A01
201200061007;0;33;0;0;2;1;1;B02
201200061008;0;7;0;0;1;6;1;A01
201200061009;0;10;0;0;0;0;1;A01
201200061010;0;31;0;13;0;1;1;A01
201200061011;0;7;0;13;0;2;1;A01
201200061012;0;7;0;0;2;3;1;A01
201200061012;0;33;0;0;2;1;19;B02
201200061013;0;14;0;3;2;3;1;A01
201200061013;0;7;0;0;2;6;1;B02
201200061014;0;7;0;13;0;1;13;A01
201200061015;0;7;0;0;1;1;1;A01
201200061016;0;7;0;0;2;4;23;A01
201200061016;0;1;0;1;0;1;2;B02
201200061016;0;1;0;1;0;1;2;C03
201200061017;0;33;0;0;2;7;17;A01
201200061017;0;7;0;0;0;6;1;B02
201200061018;0;7;0;0;2;1;13;A01
201200061018;0;7;0;0;2;1;1;B02
201200061019;0;7;0;0;2;6;10;A01
201200061019;0;31;0;0;2;1;1;B02
201200061020;0;34;0;12;0;8;1;A01
201200061021;0;7;0;13;0;2;1;A01
201200061022;0;7;0;3;2;1;17;A01
201200061022;0;7;0;0;2;8;13;B02
201200061023;0;7;0;0;2;3;13;A01
201200061023;0;7;0;0;2;3;1;B02
201200061023;0;7;0;0;2;1;1;C03
201200061023;0;7;0;0;2;2;1;D04
201200061024;0;7;0;1;1;8;1;A01
201200061024;0;7;0;0;2;1;1;B02
201200061025;0;10;0;0;0;1;13;A01
201200061025;0;10;0;0;0;2;1;B02
201200061026;0;33;0;0;2;4;20;A01
201200061026;0;33;0;0;2;1;2;B02
201200061027;0;1;0;0;2;4;1;B02
201200061028;0;7;0;0;2;1;1;A01
201200061028;0;7;0;0;2;3;15;B02
201200061029;0;35;0;0;0;9;1;A01
201200061030;0;7;0;0;2;2;11;A01
201200061030;0;2;0;0;2;1;1;B02
201200061031;0;31;0;0;2;1;1;A01
201200061031;0;21;0;0;0;8;19;B02
201200061032;0;7;0;0;0;3;0;A01
201200061032;0;7;0;0;0;1;0;B02
201200061033;0;7;0;0;2;1;17;A01
201200061033;0;7;0;0;2;1;1;B02
201200061033;0;7;0;0;0;6;1;C03
201200061034;0;7;0;0;2;2;12;A01
201200061034;0;1;0;0;2;4;1;B02
201200061035;0;37;1;0;2;3;1;A01
201200061035;0;30;0;0;2;3;5;B02
201200061036;0;33;0;0;2;3;11;A01
201200061036;0;7;0;0;2;8;1;B02
201200061037;0;10;0;13;0;2;1;A01
201200061038;0;7;0;13;0;3;13;A01
201200061039;0;14;0;13;0;2;11;A01
201200061040;0;10;0;0;2;3;1;A01
201200061040;0;30;0;0;2;1;5;B02
201200061041;0;7;0;0;2;1;5;B02
201200061041;0;7;0;1;2;1;1;C03
201200061042;0;7;0;0;2;2;20;A01
201200061042;0;31;0;0;2;1;1;B02
201200061043;0;33;0;0;2;1;1;A01
201200061043;0;7;0;0;2;6;15;B02
201200061044;0;10;0;0;1;3;1;A01
201200061045;0;34;0;0;2;1;13;A01
201200061045;0;1;0;0;2;1;1;B02
201200061046;0;7;0;0;2;2;13;A01
201200061046;0;7;0;0;2;3;1;B02
201200061047;0;10;0;0;2;3;13;A01
201200061047;0;30;0;0;2;3;13;B02
201200061048;0;7;0;0;2;1;13;A01
201200061048;0;10;0;0;2;3;1;B02
201200061049;0;34;0;0;2;1;2;A01
201200061049;0;33;0;0;0;4;2;B02
201200061049;0;7;0;0;0;6;0;C03
201200061050;0;7;0;0;2;2;15;A01
201200061050;0;1;0;0;2;1;1;B02
201200061050;0;1;0;0;2;1;1;C03
201200061050;0;1;0;0;2;1;1;D04
201200061051;0;7;0;0;1;4;4;A01
201200061052;0;7;0;0;2;2;13;A01
201200061052;0;7;0;0;2;5;13;B02
201200061052;0;7;0;0;2;3;1;C03
201200061053;0;7;0;0;2;6;15;A01
201200061053;2;32;0;0;0;0;0;B02
201200061054;0;33;0;0;2;3;18;A01
201200061054;0;7;0;0;2;2;12;B02
201200061054;0;7;0;0;9;4;2;C03
201200061055;0;7;0;0;2;7;13;A01
201200061055;0;7;0;0;2;1;0;B02
201200061056;0;7;0;0;2;2;14;A01
201200061056;0;7;0;0;0;6;1;B02
201200061057;0;21;0;0;2;1;1;B02
201200061057;0;7;0;0;2;1;11;A01
201200061058;0;30;0;0;2;7;17;A01
201200061058;0;7;0;0;0;3;15;B02
201200061059;0;7;0;0;1;2;20;A01
201200061060;0;7;0;0;0;3;20;B02
201200061060;0;33;0;0;2;1;1;A01
201200061061;0;30;0;0;0;7;1;A01
201200061062;0;30;0;0;2;1;1;A01
201200061062;0;7;0;0;2;7;15;B02
201200061063;0;33;0;1;0;1;22;B02
201200061063;0;7;0;0;2;8;22;A01
201200061064;0;7;0;0;1;4;4;A01
201200061065;2;30;0;0;2;1;17;A01
201200061065;0;7;0;0;2;1;15;B01
201200061066;0;33;0;0;2;0;18;B01
201200061066;0;99;0;0;2;2;22;A01
201200061067;0;10;0;0;2;3;2;B01
201200061067;0;2;0;0;2;1;17;A01
201200061068;0;33;0;0;1;2;1;A01
201200061069;0;33;0;0;2;2;17;A01
201200061069;0;7;0;0;2;8;10;B01
201200061070;0;7;0;0;2;8;13;A01
201200061070;0;7;0;0;2;1;15;B01
201200061071;0;7;0;0;2;1;15;A01
201200061071;1;30;0;0;2;1;1;B01
201200061072;0;7;0;0;2;8;0;B01
201200061072;0;7;0;0;2;1;0;A01
201200061073;0;7;0;0;0;6;15;A01
201200061073;0;33;0;0;2;1;0;B01
201200061074;0;7;0;0;0;2;10;A01
201200061074;0;7;0;0;2;8;1;B01
201200061075;0;7;0;0;1;1;0;A01
201200061076;0;7;0;0;2;3;9;A01
201200061076;0;30;0;0;2;9;21;B01
201200061077;0;7;0;0;2;1;2;A01
201200061077;0;7;0;0;2;1;2;B01
201200061078;0;7;0;0;1;1;16;A01
201200061079;0;7;0;0;1;3;21;A01
201200061080;0;7;0;0;1;1;1;A01
201200061081;0;33;0;0;2;0;2;A01
201200061081;0;7;0;0;0;6;2;B01
201200061082;0;7;0;0;2;3;15;A01
201200061082;0;2;0;0;2;3;17;B01
201200061083;0;32;0;0;1;0;1;A01
201200061084;0;7;0;0;0;4;15;B01
201200061084;0;10;0;0;2;1;2;A01
201200061085;0;7;0;11;0;1;1;A01
201200061086;0;7;0;0;0;1;0;B01
201200061086;0;10;0;0;0;1;0;A01
201200061087;0;30;0;0;0;0;0;A01
201200061087;0;7;0;0;2;8;0;B01
201200061088;0;7;0;0;1;1;0;A01
201200061089;0;7;0;0;0;4;2;B01
201200061089;0;7;0;0;0;1;2;A01
201200061090;0;10;0;12;1;7;0;A01
201200061091;0;7;0;0;2;4;2;B01
201200061091;0;33;0;0;2;5;0;A01
201200061092;0;7;0;0;2;1;6;A01
201200061092;0;7;0;0;2;3;1;B01
201200061093;0;99;0;0;0;1;0;A01
201200061093;0;7;0;1;0;4;0;B01
201200061094;0;7;0;1;0;2;0;A01
201200061095;0;2;0;0;0;0;0;A01
201200061095;0;7;0;0;0;0;0;B01
201200061096;0;7;0;0;2;3;1;A01
201200061096;0;7;0;0;0;3;1;B01
201200061096;0;2;0;0;2;1;15;Z01
201200061097;0;2;0;0;2;7;1;A01
201200061097;0;7;0;0;2;2;0;B01