num_acc;senc;catv;occutc;obs;obsm;choc;manv;num_veh
201200061098;0;7;0;0;1;2;1;A01
201200061099;0;32;0;0;2;9;1;B01
201200061099;0;7;0;0;9;3;19;A01
201200061100;0;32;0;0;1;1;1;A01
201200061101;0;7;0;1;0;8;0;C01
201200061101;0;7;0;0;2;1;1;A01
201200061101;0;33;0;1;2;1;1;B01
201200061102;0;7;0;0;1;6;4;A01
201200061103;0;7;0;0;2;7;21;B01
201200061103;0;7;0;0;2;3;16;A01
201200061104;0;7;0;0;0;3;0;A01
201200061104;1;30;0;0;2;1;2;B01
201200061105;0;7;0;0;1;3;15;A01
201200061106;0;7;0;0;0;0;4;B01
201200061106;0;7;0;0;0;3;4;A01
201200061107;0;7;0;0;1;0;0;A01
201200061108;0;7;0;15;9;1;1;C01
201200061108;2;33;0;0;2;0;0;A01
201200061108;0;7;0;0;0;6;1;B01
201200061109;1;33;0;1;0;1;0;A01
201200061110;1;99;0;0;2;0;5;B01
201200061110;0;99;0;0;2;1;1;A01
201200061111;0;7;0;0;2;8;9;A01
201200061111;0;2;0;0;2;1;17;B01
201200061112;0;1;0;0;2;1;1;A01
201200061112;0;7;0;0;9;2;15;B01
201200061113;0;30;0;0;9;1;1;A01
201200061113;0;1;0;0;2;1;19;B01
201200061114;0;7;0;12;0;2;11;A01
201200061115;0;7;0;0;2;1;1;B01
201200061115;0;2;0;0;2;0;15;A01
201200061116;0;30;0;0;2;1;1;B01
201200061116;0;7;0;0;2;3;15;A01
201200061117;0;7;0;0;1;7;9;A01
201200061118;0;7;0;0;2;3;1;B01
201200061118;0;7;0;0;2;3;16;A01
201200061119;0;7;0;6;0;1;0;A01
201200061120;0;7;0;0;1;8;1;A01
201200061121;0;7;0;0;0;0;1;A01
201200061122;0;7;0;16;0;9;0;A01
201200061123;0;7;0;0;0;1;0;A01
201200061124;0;7;0;0;2;1;0;C01
201200061124;0;7;0;0;2;1;0;A01
201200061124;0;7;0;0;2;1;0;B01
201200061125;0;7;0;0;1;1;1;A01
201200061126;0;7;0;0;1;2;1;A01
201200061127;0;30;0;0;2;1;1;A01
201200061127;0;7;0;0;2;1;15;B01
201200061128;0;7;0;0;2;1;2;A01
201200061128;0;2;0;0;2;4;1;B01
201200061129;0;2;0;8;2;1;1;B01
201200061129;0;2;0;8;0;1;2;A01
201200061130;0;1;0;0;0;1;2;B01
201200061130;0;15;0;0;2;0;2;A01
201200061131;0;7;0;0;2;1;0;B01
201200061131;0;10;0;0;2;1;13;A01
201200061132;0;7;0;0;2;1;1;A01
201200061132;0;7;0;0;2;3;5;C01
201200061132;0;7;0;0;0;4;2;B01
201200061133;0;1;0;0;2;1;0;A01
201200061134;0;2;0;0;2;1;1;B01
201200061134;0;10;0;0;2;3;0;A01
201200061135;0;7;0;0;1;7;16;A01
201200061136;0;30;0;0;2;1;1;B01
201200061136;0;7;0;0;2;2;21;A01
201200061137;0;7;0;0;2;6;1;B01
201200061137;0;32;0;0;2;1;2;A01
201200061138;0;7;0;0;2;7;16;B01
201200061138;0;32;0;0;2;3;1;A01
201200061139;0;33;0;3;0;1;1;A01
201200061140;0;30;0;0;2;1;1;A01
201200061140;0;7;0;0;2;3;1;B01
201200061141;2;7;0;0;2;1;2;A01
201200061141;0;7;0;0;2;4;2;B01
201200061141;0;7;0;0;2;4;2;C01
201200061142;0;7;0;0;1;7;0;A01
201200061143;0;7;0;0;1;2;0;A01
201200061144;1;30;0;0;0;0;0;A01
201200061145;0;32;0;0;0;0;12;A01
201200061146;0;30;0;0;1;0;0;A01
201200061147;0;7;0;0;2;8;1;B01
201200061147;1;33;0;0;2;0;0;A01
201200061147;0;7;0;0;2;8;1;C01
201200061148;0;7;0;0;1;1;1;A01
201200061149;0;7;0;0;1;2;1;A01
201200061150;0;7;0;0;2;1;1;B01
201200061150;0;30;0;0;2;1;0;A01
201200061151;0;30;0;0;2;1;17;A01
201200061151;0;7;0;0;2;3;1;B01
201200061152;0;33;0;0;2;1;1;B01
201200061152;0;7;0;0;2;2;15;A01
201200061153;0;7;0;0;0;9;1;A01
201200061154;0;1;0;0;2;1;19;B01
201200061154;0;7;0;0;2;1;1;A01
201200061155;0;7;0;0;2;2;1;B01
201200061155;0;7;0;0;2;1;1;A01
201200061156;0;7;0;0;1;4;20;A01
201200061157;0;7;0;0;2;1;1;A01
201200061157;0;7;0;0;2;8;19;B01
201200061158;0;7;0;0;1;0;0;A01
201200061159;0;7;0;4;2;1;5;A01
201200061159;0;7;0;0;2;1;2;B01
201200061160;0;7;0;0;1;1;1;A01
201200061161;0;7;0;0;1;1;1;A01
201200061162;0;7;0;0;9;0;2;A01
201200061162;0;1;0;0;2;4;2;B01
201200061163;0;7;0;0;2;1;1;A01
201200061163;0;1;0;0;2;8;5;B01
201200061164;2;7;0;1;1;2;2;A01
201200061164;0;7;0;0;0;6;24;B01
201200061165;0;7;0;0;1;2;1;A01
201200061166;0;7;0;0;0;0;0;A01
201200061167;0;31;0;0;2;1;1;A01
201200061167;0;7;0;0;2;2;15;B01
201200061168;0;7;0;0;2;8;15;B01
201200061168;0;10;0;0;2;1;17;A01
201200061169;0;7;0;0;2;3;1;B01
201200061169;0;7;0;0;2;1;1;A01
201200061170;0;7;0;0;1;7;0;A01
201200061171;0;30;0;0;2;1;2;A01
201200061171;0;7;0;0;2;4;2;B01
201200061172;0;7;0;0;2;1;0;A01
201200061172;0;7;0;0;2;4;2;B01
201200061173;0;31;0;0;9;1;0;A01
201200061174;0;33;0;13;0;0;21;A01
201200061175;0;7;0;0;1;3;1;A01
201200061176;1;7;0;0;2;0;12;Z01
201200061176;0;33;0;0;2;1;1;B01
201200061177;0;33;0;8;0;1;1;A01
201200061178;0;7;0;8;0;9;1;A01
201200061179;0;10;0;8;1;1;1;A01
201200061179;0;10;0;0;2;6;2;B01
201200061180;0;7;0;0;2;1;17;A01
201200061180;0;7;0;0;2;1;1;B01
201200061181;0;7;0;0;1;2;1;A01
201200061182;0;7;0;0;2;3;1;B01
201200061182;0;7;0;0;2;3;13;A01
201200061182;0;7;0;0;2;3;1;C01
201200061183;0;7;0;0;2;6;1;A01
201200061183;0;2;0;0;2;1;1;B01
201200061184;1;2;0;0;2;1;2;A01
201200061184;0;7;0;0;2;6;2;B01
201200061185;0;10;0;0;2;1;1;A01
201200061185;2;7;0;0;2;3;1;B01
201200061186;0;33;0;0;2;1;21;B01
201200061186;0;7;0;0;2;3;14;A01
201200061187;0;7;0;0;2;7;10;A01
201200061187;0;33;0;0;2;1;0;B01
201200061188;0;31;0;0;2;1;1;A01
201200061188;0;7;0;0;2;3;15;B01
201200061189;0;1;0;0;2;1;0;B01
201200061189;0;7;0;0;2;3;1;A01
201200061190;0;33;0;0;1;0;0;A01
201200061191;2;7;0;0;2;3;1;A01
201200061191;0;2;0;0;2;1;0;B01
201200061192;0;7;0;0;2;1;1;B01
201200061192;0;7;0;0;2;3;15;A01
201200061193;0;7;0;0;2;1;9;A01
201200061193;0;1;0;0;2;4;1;B01
201200061194;0;1;0;0;2;4;2;B01
201200061194;0;33;0;0;2;1;1;A01
201200061195;0;2;0;3;0;1;0;A01
201200061196;0;2;0;0;2;6;18;A01
201200061196;0;7;0;0;2;2;1;B01
201200061197;0;32;0;0;2;1;0;A01
201200061197;0;10;0;0;2;2;1;B01
201200061198;0;33;0;0;2;7;1;B01
201200061198;0;7;0;0;2;3;1;A01
201200061199;0;10;0;0;2;2;1;A01
201200061199;0;1;0;0;2;0;2;B01
201200061200;0;32;0;0;2;1;1;B01
201200061200;0;7;0;0;2;2;15;A01
201200061201;0;7;0;0;2;1;1;B01
201200061201;0;7;0;0;2;3;15;A01
201200061202;0;7;0;0;1;1;1;A01
201200061203;0;1;0;0;2;8;19;B01
201200061203;0;33;0;0;2;1;1;A01
201200061204;0;7;0;0;2;1;0;B01
201200061204;0;7;0;0;2;1;0;D01
201200061204;0;7;0;0;2;4;0;A01
201200061204;0;7;0;0;2;1;0;C01
201200061205;0;33;0;0;2;1;1;B01
201200061205;0;7;0;0;2;3;9;A01
201200061206;0;7;0;0;2;3;1;B01
201200061206;0;33;0;0;2;1;15;A01
201200061207;0;33;0;13;0;1;1;A01
201200061208;0;7;0;0;1;1;1;A01
201200061209;0;7;0;0;2;1;13;B01
201200061209;0;7;0;0;2;1;13;A01
201200061210;0;30;0;0;2;0;17;A01
201200061210;0;7;0;0;2;8;1;B01
201200061211;0;7;0;0;1;1;1;A01
201200061212;0;32;0;0;2;1;1;A01
201200061212;0;7;0;0;2;8;15;B01
201200061213;0;7;0;0;0;8;22;A01
201200061213;0;2;0;0;2;1;1;B01
201200061214;0;7;0;0;2;1;1;B01
201200061214;0;7;0;0;2;1;17;A01
201200061215;0;7;0;15;0;3;1;A01
201200061216;0;7;0;0;2;8;15;A01
201200061216;0;30;0;0;2;1;17;B01
201200061217;0;7;0;0;2;0;0;A01
201200061217;0;7;0;0;2;0;0;B01
201200061218;1;33;0;0;1;0;1;A01
201200061219;0;7;0;0;0;1;0;B01
201200061219;0;7;0;0;2;1;5;A01
201200061220;0;7;0;0;1;1;16;A01
201200061221;0;7;0;0;2;1;0;B01
201200061221;0;7;0;0;2;1;0;A01
201200061222;0;7;0;0;2;8;1;A01
201200061222;1;31;0;0;2;8;13;B01
201200061223;0;32;0;0;2;7;1;B01
201200061223;0;7;0;0;2;1;9;A01
201200061224;0;7;0;0;1;3;1;A01
201200061225;0;7;0;0;1;8;1;A01
201200061226;0;10;0;0;2;1;13;A01
201200061226;0;7;0;0;2;1;1;B01
201200061227;0;7;0;0;2;5;0;A01
201200061227;0;33;0;0;2;1;0;B01
201200061228;1;30;0;0;2;0;1;B01
201200061228;0;7;0;0;2;2;15;A01
201200061229;0;7;0;0;1;2;1;A01
201200061230;0;7;0;0;2;9;2;C01
201200061230;0;7;0;0;0;4;2;D01
201200061230;0;7;0;0;2;9;2;B01
201200061230;0;14;0;0;2;2;2;A01
201200061231;0;33;0;0;0;0;0;A01
201200061232;0;1;0;0;2;0;0;B01
201200061232;0;7;0;0;1;3;0;A01
201200061233;0;7;0;0;2;3;1;B01
201200061233;0;7;0;0;2;3;13;A01
201200061234;0;10;0;11;0;1;0;A01
201200061235;0;2;0;0;2;1;0;A01
201200061235;0;7;0;0;2;1;1;B01
201200061236;0;7;0;0;1;1;2;A01
201200061237;0;7;0;0;2;3;11;A01
201200061237;0;33;0;0;2;1;17;B01
201200061238;0;2;0;0;2;1;17;B01
201200061238;0;7;0;0;2;8;15;A01
201200061239;0;7;0;0;2;3;13;A01
201200061239;0;7;0;0;2;3;2;B01
201200061240;0;7;0;0;2;1;1;A01
201200061240;0;2;0;0;2;1;5;B01
201200061241;0;7;0;0;2;3;2;B01
201200061241;0;30;0;0;2;0;0;A01
201200061241;0;7;0;0;2;6;2;C01
201200061242;0;7;0;0;2;6;9;B01
201200061242;0;7;0;0;2;1;1;A01
201200061243;0;34;0;2;0;1;0;A01
201200061244;0;2;0;0;2;1;17;A01
201200061244;0;7;0;0;2;3;1;B01
201200061245;1;7;0;0;2;3;1;A01
201200061245;0;7;0;3;2;4;2;B01
201200061246;0;7;0;0;1;8;1;A01
201200061247;0;7;0;0;1;7;17;A01
201200061248;0;33;0;0;2;1;1;B01
201200061248;1;7;0;0;2;0;0;Z01
201200061249;0;32;0;0;2;1;0;B01
201200061249;0;7;0;0;2;2;0;A01
201200061250;0;2;0;0;2;1;0;B01
201200061250;0;7;0;0;2;3;0;A01
201200061251;0;7;0;0;2;0;2;C01
201200061251;0;30;0;0;2;0;0;A01
201200061251;0;7;0;0;2;0;2;B01
201200061252;0;7;0;0;1;0;1;A01
201200061253;0;7;0;0;2;8;1;B01
201200061253;0;7;0;0;2;7;1;A01
201200061254;0;7;0;0;2;3;0;B01
201200061254;0;7;0;0;2;3;13;A01
201200061255;0;7;0;0;1;2;1;A01
201200061256;0;7;0;0;2;2;23;B01
201200061256;0;33;0;0;2;1;13;A01
201200061257;0;7;0;0;2;1;1;B01
201200061257;0;33;0;0;2;1;17;A01
201200061258;0;7;0;0;2;1;13;A01
201200061258;0;7;0;0;2;1;0;B01
201200061259;0;1;0;0;2;8;9;B01
201200061259;0;7;0;0;2;1;0;A01
201200061260;1;7;0;0;1;1;1;Z01
201200061261;0;7;0;0;2;3;13;A01
201200061261;0;37;1;0;2;3;1;B01
201200061262;0;7;0;0;2;1;13;A01
201200061262;0;7;0;0;2;3;1;B01
201200061263;0;7;0;0;2;1;2;A01
201200061263;0;7;0;0;2;4;1;B01
201200061264;2;2;0;0;1;1;1;Z01
201200061265;0;7;0;0;1;1;1;A01
201200061266;0;33;0;16;0;1;14;A01
201200061267;0;7;0;0;1;1;1;A01
201200061268;0;7;0;0;2;2;9;A01
201200061268;0;37;2;0;2;3;1;B01
201200061269;0;7;0;0;2;8;15;B01
201200061269;0;2;0;0;2;7;17;Z01
201200061270;0;7;0;0;2;2;15;A01
201200061270;0;2;0;0;2;1;1;B01
201200061271;0;7;0;0;1;1;1;A01
201200061272;0;2;0;0;2;1;13;A01
201200061272;0;7;0;0;2;3;1;B01
201200061273;0;31;0;0;2;1;1;B01
201200061273;1;7;0;0;2;3;13;Z01
201200061274;0;34;0;0;2;3;11;A01
201200061274;0;7;0;0;2;7;1;B01
201200061275;0;7;0;0;2;4;15;A01
201200061275;0;7;0;0;2;1;2;B01
201200061275;0;7;0;0;2;1;1;C01
201200061276;1;7;0;0;2;1;2;Z01
201200061276;0;7;0;0;2;4;1;B01
201200061277;0;31;0;16;0;1;13;A01
201200061278;0;7;0;0;1;1;1;A01
201200061279;0;7;0;0;2;1;12;A01
201200061279;0;7;0;0;2;8;1;B01
201200061280;0;7;0;0;2;8;1;B01
201200061280;0;2;0;0;2;1;19;A01
201200061281;0;37;1;0;2;4;1;B01
201200061281;0;2;0;0;2;1;2;Z01
201200061282;0;7;0;0;1;1;15;A01
201200061283;0;7;0;0;1;1;1;A01
201200061284;0;30;0;0;2;1;2;A01
201200061284;0;7;0;0;2;4;1;B01
201200061285;0;7;0;0;1;2;1;A01
201200061286;0;7;0;0;1;1;1;A01
201200061287;0;2;0;0;2;1;2;A01
201200061287;0;7;0;0;2;4;1;B01
201200061288;0;7;0;0;1;1;1;A01
201200061289;0;33;0;15;0;1;21;A01
201200061290;0;31;0;0;2;1;10;A01
201200061290;0;7;0;0;2;7;1;B01
201200061291;0;7;0;0;2;1;9;A01
201200061291;0;7;0;0;2;3;1;B01
201200061292;0;38;1;0;1;4;4;A01
201200061293;0;30;0;16;0;1;14;A01
201200061294;0;30;0;0;2;8;1;B01
201200061294;1;7;0;0;2;2;12;Z01
201200061295;0;7;0;0;2;3;1;B01
201200061295;2;7;0;0;2;1;15;A01
201200061296;0;7;0;0;2;1;1;B01
201200061296;0;7;0;0;2;3;15;A01
201200061297;0;7;0;0;2;3;14;B01
201200061297;0;7;0;0;2;8;1;C01
201200061297;1;7;0;0;2;2;14;Z01
201200061298;0;1;0;0;2;1;13;A01
201200061298;0;7;0;0;2;3;1;B01
201200061299;0;31;0;0;1;1;1;A01
201200061300;0;33;0;0;1;1;1;A01
201200061301;0;33;0;0;2;1;13;A01
201200061301;0;7;0;0;2;8;15;B01
201200061302;0;7;0;0;2;7;12;A01
201200061302;0;37;3;0;2;3;1;B01
201200061303;0;7;0;0;2;1;2;A01
201200061303;0;7;0;0;2;4;23;B01
201200061304;0;31;0;8;0;1;13;A01
201200061305;0;31;0;14;0;1;1;Z01
201200061306;0;7;0;0;1;1;1;A01
201200061307;1;7;0;0;1;1;1;Z01
201200061308;0;7;0;16;0;1;14;A01
201200061309;0;7;0;4;0;1;14;A01
201200061310;0;30;0;0;2;1;16;A01
201200061310;0;7;0;0;2;7;1;B01
201200061311;0;14;0;0;2;4;24;B01
201200061311;0;31;0;1;0;1;14;Z01
201200061312;0;33;0;0;2;8;1;B01
201200061312;1;7;0;0;2;1;15;Z01
201200061313;0;7;0;0;2;7;15;A01
201200061313;0;33;0;0;2;1;1;B01
201200061314;0;7;0;0;2;2;10;A01
201200061314;0;33;0;0;2;1;1;B01
201200061315;0;33;0;16;0;1;14;A01
201200061316;0;31;0;0;1;1;1;A01
201200061317;0;7;0;0;1;2;13;A01
201200061318;0;32;0;0;1;1;1;A01
201200061319;0;7;0;0;1;1;1;A01
201200061320;1;30;0;0;1;1;1;Z01
201200061321;0;30;0;0;2;1;13;A01
201200061321;0;7;0;0;2;3;1;B01
201200061322;0;7;0;0;1;4;4;A01
201200061323;0;7;0;0;1;1;1;A01
201200061324;0;31;0;16;0;1;14;A01
201200061325;0;7;0;0;2;8;15;A01
201200061325;0;33;0;0;2;1;1;B01
201200061326;0;31;0;0;2;1;2;A01
201200061326;0;7;0;0;2;4;1;B01
201200061327;0;30;0;0;2;1;13;A01
201200061327;0;7;0;0;2;1;1;B01
201200061328;0;31;0;0;2;1;9;A01
201200061328;0;7;0;0;2;8;15;B01
201200061329;0;7;0;0;2;2;1;B01
201200061329;0;32;0;0;2;1;9;A01
201200061330;0;7;0;0;1;1;1;A01
201200061331;0;31;0;0;2;1;1;B01
201200061331;0;7;0;0;2;6;1;C01
201200061331;0;33;0;0;2;4;5;A01
201200061332;0;30;0;16;0;2;14;A01
201200061333;0;7;0;0;2;1;9;A01
201200061333;0;15;0;0;2;2;1;B01
201200061334;1;32;0;0;1;1;1;Z01
201200061335;0;7;0;0;2;3;13;A01
201200061335;0;33;0;0;2;1;1;B01
201200061336;0;7;0;0;2;1;17;A01
201200061336;0;7;0;0;2;4;1;B01
201200061337;0;7;0;0;1;3;14;A01
201200061338;0;32;0;16;0;7;14;A01
201200061339;0;7;0;0;2;3;13;A01
201200061339;0;7;0;0;2;7;1;B01
201200061339;0;7;0;0;2;7;1;C01
201200061340;0;30;0;12;0;1;14;Z01
201200061341;0;7;0;0;2;2;1;B01
201200061341;0;7;0;0;2;1;9;A01
201200061342;0;7;0;0;2;8;9;A01
201200061342;0;33;0;0;2;1;1;B01
201200061343;0;33;0;12;0;1;0;A01
201200061343;0;7;0;0;9;1;1;B01
201200061344;0;31;0;0;2;1;0;A01
201200061344;0;7;0;0;2;8;1;B02
201200061345;0;7;0;4;0;3;13;A01
201200061346;1;31;0;0;1;1;1;Z01
201200061347;1;7;0;0;1;1;1;Z01
201200061348;0;7;0;0;1;1;1;A01
201200061349;0;7;0;0;2;3;13;A01
201200061349;0;7;0;0;2;2;1;B01
201200061350;0;33;0;0;2;1;9;A01
201200061350;0;7;0;0;2;3;15;B01
201200061351;0;7;0;0;2;2;15;A01
201200061351;0;7;0;0;2;1;1;B01
201200061352;0;7;0;6;0;2;14;A01
201200061353;0;7;0;0;1;1;1;A01
201200061354;0;7;0;0;2;4;24;B01
201200061354;0;30;0;1;0;1;14;Z01
201200061355;0;33;0;0;2;1;9;A01
201200061355;0;7;0;0;2;1;1;B01
201200061355;0;7;0;0;2;1;1;C01
201200061356;1;31;0;0;1;1;1;Z01
201200061357;0;7;0;0;1;1;1;A01
201200061358;0;7;0;0;2;1;15;A01
201200061358;0;30;0;0;2;1;1;B01
201200061359;0;7;0;0;2;4;15;B01
201200061359;0;33;0;0;2;1;1;Z01
201200061360;0;7;0;0;2;1;11;A01
201200061360;0;33;0;0;2;1;1;B01
201200061361;0;7;0;0;2;1;21;A01
201200061361;0;7;0;0;2;4;23;B01
201200061361;0;7;0;0;2;4;23;C01
201200061361;0;7;0;0;2;4;23;D01
201200061362;0;33;0;0;2;1;1;A01
201200061362;0;7;0;0;2;3;15;B01
201200061363;0;7;0;0;2;8;1;B01
201200061363;2;30;0;0;2;1;9;Z01
201200061364;0;31;0;0;2;1;13;A01
201200061364;0;7;0;0;2;1;1;B01
201200061365;0;7;0;12;0;8;13;A01
201200061366;0;32;0;8;0;2;14;Z01
201200061367;0;30;0;0;1;1;1;A01
201200061368;0;2;0;0;2;1;5;A01
201200061368;0;7;0;0;2;2;1;B01
201200061369;0;30;0;0;1;1;1;A01
201200061370;0;30;0;0;2;1;17;A01
201200061370;0;7;0;0;2;6;24;B01
201200061371;0;7;0;0;2;7;15;A01
201200061371;0;30;0;0;2;1;1;B01
201200061372;0;7;0;0;2;1;1;A01
201200061372;0;7;0;0;2;4;2;B01
201200061373;0;7;0;0;2;8;1;B01
201200061373;0;33;0;0;2;1;13;Z01
201200061374;0;7;0;6;0;2;14;A01
201200061375;0;7;0;0;1;1;1;A01
201200061376;0;7;0;0;2;2;15;A01
201200061376;0;33;0;0;2;1;1;Z01
201200061377;0;7;0;0;2;1;13;A01
201200061377;0;37;1;0;2;3;1;B01
201200061378;0;33;0;12;0;8;15;A01
201200061379;0;7;0;0;2;1;2;A01
201200061379;0;7;0;0;2;4;2;B01
201200061379;0;7;0;0;2;4;2;C01
201200061380;0;7;0;0;2;1;13;A01
201200061380;0;7;0;0;2;1;1;B01
201200061381;0;7;0;0;1;7;1;A01
201200061382;0;30;0;0;2;1;11;A01
201200061382;0;7;0;0;2;8;1;B01
201200061383;0;7;0;0;1;7;1;A01
201200061384;0;30;0;0;2;1;11;A01
201200061384;0;31;0;0;2;7;1;B01
201200061385;0;7;0;0;2;1;13;A01
201200061385;0;7;0;0;2;1;1;B01
201200061386;0;37;2;0;2;2;1;B01
201200061386;0;7;0;0;2;3;9;A01
201200061387;0;7;0;0;1;2;1;A01
201200061388;0;7;0;0;2;1;9;A01
201200061388;0;31;0;0;2;1;1;B01
201200061389;0;7;0;0;2;1;2;A01
201200061389;0;7;0;0;2;4;1;B01
201200061390;0;30;0;0;2;1;1;Z01
201200061390;0;7;0;0;2;8;16;A01
201200061391;2;7;0;0;1;1;1;Z01
201200061392;0;7;0;0;2;5;1;B01
201200061392;0;32;0;0;2;1;9;A01
201200061393;0;33;0;16;0;2;14;Z01
201200061394;0;33;0;16;0;2;14;A01
201200061395;0;7;0;0;2;2;15;A01
201200061395;0;33;0;0;2;1;1;B01
201200061396;0;7;0;0;1;4;4;A01
201200061397;0;7;0;0;2;6;10;A01
201200061397;0;31;0;0;2;9;1;B01
201200061398;0;7;0;0;2;1;17;A01
201200061398;0;7;0;0;2;8;15;B01
201200061399;0;7;0;0;1;7;1;A01
201200061400;1;30;0;0;1;1;1;Z01
201200061401;1;7;0;0;1;1;1;Z01
201200061402;0;7;0;0;1;2;1;A01
201200061403;1;7;0;0;1;1;1;Z01
201200061404;0;7;0;0;2;5;12;A01
201200061404;0;31;0;0;2;1;1;B01
201200061405;0;7;0;0;2;1;1;A01
201200061405;0;31;0;0;1;1;1;B01
201200061406;0;7;0;0;2;1;2;A01
201200061406;0;33;0;0;2;1;2;B01
201200061406;0;7;0;0;2;4;1;C01
201200061407;0;31;0;0;2;1;1;A01
201200061407;0;7;0;0;2;8;1;B01
201200061408;0;7;0;0;1;1;1;A01
201200061409;2;30;0;16;0;1;10;Z01
201200061410;0;7;0;0;2;4;11;A01
201200061410;0;7;0;0;2;1;1;B01
201200061411;0;7;0;16;0;9;13;A01
201200061412;0;7;0;0;2;3;2;A01
201200061412;2;33;0;0;2;1;1;Z01
201200061413;1;30;0;0;1;1;1;Z01
201200061414;1;7;0;0;1;0;0;Z01
201200061415;0;7;0;0;2;1;1;A01
201200061415;0;7;0;0;2;4;1;B01
201200061416;0;7;0;0;2;1;15;A01
201200061416;0;7;0;0;2;1;15;B01
201200061417;0;31;0;0;2;7;3;A01
201200061417;1;7;0;0;2;7;11;Z01
201200061418;0;7;0;0;1;1;1;A01
201200061419;0;33;0;0;2;0;17;A01
201200061419;0;7;0;0;2;1;1;B01
201200061420;1;99;0;0;0;0;0;Z01
201200061421;1;2;0;0;0;0;0;Z01
201200061422;0;7;0;0;2;3;1;A01
201200061422;0;7;0;0;2;3;1;B01
201200061423;0;10;0;0;9;3;15;A01
201200061424;0;32;0;0;2;1;2;A01
201200061424;0;7;0;0;2;4;2;B01
201200061425;0;7;0;0;2;3;13;A01
201200061425;0;30;0;0;2;7;3;B01
201200061425;0;30;0;0;2;7;3;C01
201200061426;0;10;0;0;9;3;10;A01
201200061427;0;7;0;0;2;8;2;A01
201200061427;1;2;0;0;0;0;0;Z01
201200061428;0;7;0;0;1;6;11;A01
201200061428;0;31;0;0;2;1;17;B01
201200061429;0;1;0;0;2;1;0;B01
201200061429;0;7;0;0;1;4;1;A01
201200061430;0;7;0;0;1;1;1;A01
201200061431;0;7;0;13;0;2;1;A01
201200061432;0;7;0;13;0;2;1;A01
201200061433;0;7;0;0;1;1;1;A01
201200061434;0;2;0;0;2;1;5;A01
201200061434;0;2;0;0;2;1;1;B01
201200061435;0;21;0;0;2;8;15;A01
201200061435;0;32;0;0;2;8;17;B01
201200061436;0;7;0;0;2;1;1;A01
201200061436;0;7;0;0;2;4;1;B01
201200061436;0;7;0;0;2;4;1;C01
201200061436;0;7;0;0;2;0;1;D01
201200061437;0;7;0;0;2;1;2;A01
201200061437;0;7;0;12;2;4;23;B01
201200061438;0;7;0;0;2;1;13;A01
201200061438;0;7;0;0;2;8;1;B01
201200061438;0;7;0;13;2;1;1;C01
201200061439;0;7;0;0;2;1;0;A01
201200061439;0;7;0;0;2;1;1;B01
201200061439;0;7;0;0;2;1;1;C01
201200061440;0;7;0;0;2;8;11;A01
201200061440;0;33;0;0;2;7;0;B01
201200061440;0;7;0;0;2;1;1;C01
201200061441;0;33;0;0;2;9;0;A01
201200061441;0;7;0;6;2;2;1;B01
201200061442;0;7;0;0;2;1;1;A01
201200061443;0;32;0;0;2;1;0;A01
201200061443;0;1;0;0;9;0;0;B01
201200061444;0;7;0;0;2;1;2;A01
201200061444;0;7;0;0;2;4;2;B01
201200061445;0;7;0;12;0;9;1;A01
201200061446;0;7;0;0;2;1;2;A01
201200061446;0;7;0;0;2;4;2;B01
201200061446;0;7;0;0;2;4;2;C01
201200061447;0;7;0;0;2;1;17;A01
201200061447;0;7;0;0;2;6;1;B01
201200061447;0;7;0;0;2;0;23;C01
201200061448;0;7;0;4;2;0;1;A01
201200061448;0;7;0;0;2;1;2;B01
201200061448;0;7;0;0;2;4;1;C01
201200061449;0;7;0;0;2;1;13;A01
201200061449;0;7;0;0;2;3;1;B01
201200061450;0;33;0;0;2;1;2;A01
201200061450;0;7;0;0;2;6;2;B01
201200061450;0;14;0;0;2;0;1;C01
201200061451;0;7;0;5;2;4;2;B01
201200061451;0;7;0;0;2;1;2;A01
201200061452;0;7;0;0;9;1;1;A01
201200061452;0;1;0;0;2;1;1;B01
201200061453;0;7;0;0;1;4;4;A01
201200061454;0;7;0;0;2;1;11;A01
201200061454;0;33;0;0;2;4;1;B01
201200061455;0;7;0;0;1;1;1;A01
201200061456;0;7;0;0;1;4;4;A01
201200061457;0;7;0;0;2;1;15;A01
201200061457;0;2;0;0;2;2;1;B01
201200061458;0;7;0;0;1;1;9;A01
201200061459;0;7;0;9;9;1;0;A01
201200061460;0;7;0;0;2;9;2;A01
201200061460;0;7;0;0;2;9;9;B01
201200061460;0;7;0;0;2;9;21;C01
201200061461;0;7;0;0;2;2;15;A01
201200061461;0;7;0;0;2;1;1;B01
201200061462;0;7;0;0;2;9;1;A01
201200061463;0;7;0;0;2;4;2;A01
201200061463;0;7;0;0;2;1;2;B01
201200061464;0;7;0;0;2;1;2;A01
201200061464;0;7;0;0;2;1;2;B01
201200061465;0;7;0;0;1;1;9;A01
201200061466;0;32;0;0;2;1;21;A01
201200061466;0;7;0;0;2;4;2;B01
201200061467;0;7;0;0;1;2;1;A01
201200061468;0;7;0;0;2;1;2;A01
201200061468;0;7;0;0;2;4;2;B01
201200061469;0;7;0;0;2;3;2;A01
201200061469;0;33;0;0;2;1;17;B01
201200061470;0;31;0;0;2;1;13;A01
201200061470;0;7;0;0;2;3;1;B01
201200061471;0;7;0;0;1;3;1;A01
201200061472;0;33;0;0;2;9;2;A01
201200061472;1;7;0;0;2;0;2;B01
201200061473;0;32;0;0;2;2;1;A01