num_acc;senc;catv;occutc;obs;obsm;choc;manv;num_veh
201200061473;0;7;0;0;2;1;9;B01
201200061474;0;7;0;0;1;1;1;A01
201200061475;0;7;0;0;1;2;1;A01
201200061475;0;2;0;0;2;1;1;B01
201200061476;0;31;0;0;2;7;3;A01
201200061476;0;7;0;0;2;8;11;B01
201200061477;0;7;0;0;2;7;15;A01
201200061477;0;31;0;0;2;1;5;B01
201200061478;0;7;0;0;9;1;2;A01
201200061478;0;1;0;0;2;4;2;B01
201200061479;0;7;0;0;2;4;2;A01
201200061479;1;7;0;0;2;1;2;B01
201200061480;0;7;0;10;0;9;1;A01
201200061481;0;7;0;0;9;2;17;A01
201200061482;0;33;0;0;2;0;0;A01
201200061482;0;7;0;0;2;0;0;B01
201200061483;0;2;0;0;1;1;1;A01
201200061484;0;2;0;12;0;0;1;A01
201200061485;0;32;0;15;0;0;1;A01
201200061486;0;7;0;0;1;2;2;A01
201200061487;0;7;0;0;2;4;2;A01
201200061487;1;7;0;0;2;0;2;B01
201200061488;0;32;0;0;2;1;17;A01
201200061488;0;7;0;0;2;8;15;B01
201200061489;0;7;0;0;2;1;0;A01
201200061489;0;7;0;0;2;1;0;B01
201200061490;0;7;0;0;2;1;2;A01
201200061490;0;7;0;0;2;4;2;B01
201200061491;0;7;0;1;0;1;14;A01
201200061492;0;7;0;0;1;4;20;A01
201200061493;0;7;0;0;2;1;13;A01
201200061493;0;7;0;0;2;1;1;B01
201200061494;0;33;0;0;2;1;17;A01
201200061494;0;7;0;0;2;4;1;B01
201200061495;0;7;0;16;0;9;1;A01
201200061496;0;7;0;0;2;2;1;A01
201200061496;0;31;0;0;2;1;9;B01
201200061497;0;7;0;0;2;1;1;A01
201200061497;0;30;0;0;2;1;5;B01
201200061498;0;33;0;16;0;9;1;A01
201200061499;0;7;0;0;2;8;13;A01
201200061499;0;7;0;0;2;8;1;B01
201200061499;0;7;0;0;2;8;1;C01
201200061500;0;7;0;1;1;1;21;A01
201200061501;0;38;1;0;2;4;2;A01
201200061501;0;38;2;0;2;1;2;B01
201200061501;0;7;0;0;2;1;2;C01
201200061502;0;7;0;0;2;1;2;A01
201200061502;0;7;0;0;2;4;2;B01
201200061502;0;7;0;0;2;4;2;C01
201200061503;0;7;0;0;2;1;2;A01
201200061503;0;7;0;0;2;9;2;B01
201200061504;0;7;0;0;2;4;2;A01
201200061504;0;7;0;0;2;1;2;B01
201200061505;0;7;0;0;2;4;2;A01
201200061505;0;7;0;0;2;1;2;B01
201200061506;0;30;0;0;2;1;1;A01
201200061506;0;30;0;0;2;1;1;B01
201200061507;0;7;0;0;2;4;2;A01
201200061507;0;7;0;0;2;4;2;B01
201200061507;0;33;0;0;2;8;9;C01
201200061508;0;2;0;0;2;4;11;B01
201200061508;0;2;0;0;2;1;2;A01
201200061509;0;7;0;0;2;1;1;B01
201200061509;0;7;0;0;2;8;1;A01
201200061510;0;10;0;0;2;1;1;A01
201200061510;0;1;0;0;2;8;19;B01
201200061511;0;32;0;0;2;1;1;B01
201200061511;0;7;0;0;2;2;15;A01
201200061512;0;1;0;0;2;1;1;B01
201200061512;0;37;1;0;9;1;1;A01
201200061513;0;7;0;0;2;3;15;A01
201200061513;0;30;0;0;2;1;1;B01
201200061514;0;30;0;0;2;3;1;B01
201200061514;0;7;0;0;2;3;9;A01
201200061515;1;7;0;0;0;0;0;Z01
201200061516;0;7;0;0;2;4;2;B01
201200061516;0;30;0;0;2;4;2;A01
201200061517;0;2;0;0;2;5;2;A01
201200061517;0;7;0;0;0;5;2;B01
201200061518;0;2;0;0;2;1;1;B01
201200061518;0;7;0;0;2;8;1;A01
201200061519;0;7;0;0;0;2;0;B01
201200061519;0;2;0;0;2;2;5;A01
201200061520;0;7;0;0;2;1;1;A01
201200061520;0;7;0;0;2;6;15;B01
201200061521;0;7;0;0;2;6;2;B01
201200061521;0;30;0;0;2;1;2;A01
201200061522;0;7;0;0;9;1;0;A01
201200061522;0;1;0;0;0;7;0;B01
201200061523;0;31;0;0;0;8;1;B01
201200061523;0;7;0;0;2;8;0;A01
201200061524;0;2;0;0;0;8;1;B01
201200061524;0;7;0;0;2;1;0;A01
201200061525;0;7;0;0;2;7;1;A01
201200061525;0;2;0;0;0;3;2;B01
201200061526;0;7;0;0;2;3;10;A01
201200061526;0;2;0;0;2;3;2;B01
201200061527;0;33;0;0;2;1;5;B01
201200061527;0;7;0;0;2;3;5;A01
201200061528;0;7;0;0;1;1;1;A01
201200061529;0;2;0;0;1;1;0;A01
201200061530;0;7;0;0;2;3;15;A01
201200061530;0;2;0;0;2;1;1;B01
201200061531;0;2;0;0;2;1;15;B01
201200061531;0;7;0;0;2;2;15;A01
201200061532;0;7;0;0;2;8;15;A01
201200061532;0;2;0;0;2;2;1;B01
201200061533;0;2;0;0;2;6;15;A01
201200061533;0;37;1;0;2;3;19;B01
201200061534;1;7;0;0;2;1;0;Z01
201200061534;0;2;0;0;2;8;0;B01
201200061535;0;2;0;0;2;1;1;B01
201200061535;0;7;0;0;2;8;0;A01
201200061536;0;7;0;0;2;3;15;B01
201200061536;0;30;0;0;2;1;2;A01
201200061537;0;2;0;0;0;8;0;B01
201200061537;0;7;0;0;2;1;1;A01
201200061538;0;7;0;0;0;2;1;B01
201200061538;0;2;0;0;0;0;1;A01
201200061539;0;1;0;0;2;6;15;A01
201200061539;0;7;0;0;9;3;1;B01
201200061540;0;7;0;0;2;1;1;A01
201200061540;0;7;0;0;0;4;2;B01
201200061541;0;2;0;0;2;7;1;B01
201200061541;0;7;0;0;2;2;15;A01
201200061542;0;7;0;0;2;1;2;A01
201200061542;0;7;0;0;2;4;2;B01
201200061543;0;30;0;0;2;9;1;B01
201200061543;0;7;0;0;2;1;11;A01
201200061544;0;32;0;0;2;1;1;B01
201200061544;0;7;0;0;0;6;11;A01
201200061545;0;7;0;0;9;2;15;A01
201200061545;0;2;0;0;2;1;1;B01
201200061546;0;2;0;0;9;1;1;A01
201200061546;0;2;0;0;9;2;15;B01
201200061547;0;10;0;0;1;1;1;A01
201200061548;0;7;0;0;1;1;1;A01
201200061549;0;7;0;0;1;3;0;A01
201200061550;0;2;0;0;2;1;1;B01
201200061550;0;7;0;0;2;8;15;A01
201200061551;0;7;0;0;2;3;0;A01
201200061551;0;2;0;0;2;7;1;B01
201200061552;0;2;0;0;2;1;1;B01
201200061552;0;7;0;0;2;2;15;A01
201200061553;0;7;0;1;2;1;1;B01
201200061553;0;2;0;0;2;7;15;A01
201200061554;0;7;0;0;9;1;15;A01
201200061554;0;2;0;0;2;7;1;B01
201200061555;0;7;0;0;2;1;1;A01
201200061555;0;7;0;0;2;7;1;B01
201200061556;1;7;0;0;2;0;15;A01
201200061556;0;2;0;0;2;5;17;B01
201200061557;0;7;0;0;9;8;9;A01
201200061557;0;1;0;0;2;1;1;B01
201200061558;0;7;0;0;2;1;15;A01
201200061558;0;7;0;12;2;3;16;B01
201200061559;0;2;0;0;2;1;1;B01
201200061559;0;7;0;0;2;2;16;A01
201200061560;0;3;0;1;2;3;1;B01
201200061560;0;7;0;0;2;2;15;A01
201200061561;0;7;0;0;2;7;1;A01
201200061561;0;2;0;0;2;1;1;B01
201200061562;0;7;0;0;2;8;1;B01
201200061562;0;7;0;0;2;1;1;A01
201200061563;0;7;0;0;2;1;1;A01
201200061563;0;1;0;0;2;4;10;B01
201200061564;0;10;0;0;2;6;1;B01
201200061564;0;7;0;0;2;1;1;A01
201200061565;0;2;0;0;1;1;1;A01
201200061566;0;7;0;0;2;2;1;B01
201200061566;0;1;0;0;2;0;9;A01
201200061567;0;1;0;0;2;1;1;B01
201200061567;0;7;0;0;2;5;16;A01
201200061568;0;7;0;0;2;1;17;A01
201200061568;0;2;0;0;2;3;9;B01
201200061569;0;7;0;0;2;7;2;A01
201200061569;0;1;0;0;2;8;13;B01
201200061570;0;1;0;0;2;8;1;B01
201200061570;0;1;0;0;2;8;1;C01
201200061570;0;7;0;0;2;1;15;A01
201200061571;0;30;0;0;2;1;5;A01
201200061571;0;7;0;0;2;8;1;B01
201200061572;0;7;0;0;2;3;2;A01
201200061572;0;30;0;0;2;5;2;B01
201200061573;0;1;0;0;2;4;19;A01
201200061573;0;7;0;0;2;1;21;B01
201200061574;0;2;0;1;0;1;1;A01
201200061574;0;7;0;0;2;4;0;B01
201200061575;0;7;0;0;2;6;19;A01
201200061575;0;7;0;0;2;1;19;B01
201200061576;0;7;0;0;9;8;15;A01
201200061576;0;2;0;0;2;7;17;B01
201200061577;0;7;0;0;2;1;19;A01
201200061577;0;7;0;14;2;2;9;B01
201200061578;0;7;0;0;2;4;1;B01
201200061578;0;7;0;0;2;4;1;A01
201200061578;0;7;0;0;2;1;1;C01
201200061579;0;7;0;0;2;8;0;A01
201200061579;0;2;0;0;2;7;16;B01
201200061580;0;1;0;0;2;1;2;B01
201200061580;0;7;0;0;9;2;10;A01
201200061581;0;7;0;0;9;2;1;A01
201200061581;0;2;0;0;2;1;1;B01
201200061582;0;7;0;0;2;2;1;A01
201200061582;0;2;0;0;2;8;1;B01
201200061583;0;7;0;0;1;1;15;A01
201200061584;0;2;0;0;2;7;0;A01
201200061584;0;7;0;0;2;1;0;B01
201200061585;0;7;0;0;1;1;1;A01
201200061585;0;1;0;0;2;8;1;B01
201200061586;0;7;0;0;2;3;9;A01
201200061586;0;2;0;12;2;1;1;B01
201200061587;0;2;0;0;0;3;1;B01
201200061587;0;30;0;0;0;7;15;A01
201200061588;0;2;0;0;2;6;0;B01
201200061588;0;7;0;0;2;1;1;A01
201200061589;0;1;0;0;2;8;5;A01
201200061589;0;7;0;0;9;3;9;B01
201200061590;0;7;0;0;2;7;17;A01
201200061590;0;2;0;0;2;8;17;B01
201200061591;0;7;0;0;2;3;1;B01
201200061591;0;2;0;0;2;1;15;A01
201200061592;0;7;0;0;2;3;15;B01
201200061592;0;30;0;0;2;8;3;A01
201200061593;0;30;0;1;2;1;0;A01
201200061593;0;7;0;0;2;5;20;B01
201200061594;0;33;0;16;0;0;1;A01
201200061595;0;33;0;16;0;0;0;A01
201200061596;0;7;0;1;2;3;0;A01
201200061596;0;2;0;0;0;9;0;B01
201200061597;0;7;0;0;2;3;15;A01
201200061597;0;30;0;0;2;1;17;B01
201200061598;0;7;0;0;2;2;15;A01
201200061598;0;31;0;0;2;1;1;B01
201200061599;0;2;0;0;2;1;1;A01
201200061599;0;7;0;0;2;7;15;B01
201200061600;0;7;0;0;2;3;15;A01
201200061600;0;2;0;0;2;1;1;B01
201200061601;0;7;0;0;1;7;1;A01
201200061602;0;7;0;0;9;2;15;A01
201200061602;0;33;0;0;2;1;2;B01
201200061603;0;7;0;0;2;1;1;A01
201200061603;0;7;0;0;2;6;19;B01
201200061604;0;2;0;0;9;1;15;A01
201200061604;0;2;0;0;9;7;17;B01
201200061605;0;7;0;0;1;1;1;A01
201200061606;0;31;0;0;2;7;1;B01
201200061606;0;7;0;0;2;1;9;A01
201200061607;0;7;0;0;1;7;0;A01
201200061608;0;2;0;0;1;1;1;A01
201200061609;0;7;0;0;2;3;15;B01
201200061609;0;30;0;0;2;1;2;A01
201200061610;0;7;0;0;9;1;1;B01
201200061610;0;2;0;0;2;1;6;A01
201200061611;0;33;0;0;2;8;1;B01
201200061611;0;7;0;0;2;1;15;A01
201200061612;0;2;0;0;0;1;1;B01
201200061612;0;7;0;0;0;6;15;A01
201200061613;0;7;0;0;2;7;16;B01
201200061613;0;33;0;0;2;1;1;A01
201200061614;0;33;0;0;2;1;1;B01
201200061614;0;7;0;0;2;2;15;A01
201200061615;0;7;0;0;0;1;0;A01
201200061615;0;7;0;0;0;3;0;B01
201200061616;0;30;0;0;1;1;1;A01
201200061617;0;7;0;0;2;1;9;A01
201200061617;0;30;0;0;2;7;0;B01
201200061618;0;2;0;0;2;1;1;B01
201200061618;0;7;0;0;2;1;15;A01
201200061619;0;10;0;13;0;1;14;A01
201200061620;0;30;0;0;2;1;1;B01
201200061620;0;7;0;0;2;7;16;A01
201200061621;0;30;0;0;2;2;2;A01
201200061621;0;7;0;0;2;3;2;B01
201200061622;1;7;0;0;9;1;0;Z01
201200061622;0;1;0;0;2;4;1;B01
201200061623;0;30;0;0;2;1;1;B01
201200061623;0;30;0;0;2;8;9;A01
201200061624;0;2;0;0;2;8;0;B01
201200061624;0;7;0;0;9;7;16;A01
201200061625;0;7;0;0;2;3;1;B01
201200061625;0;2;0;0;2;1;13;A01
201200061626;0;1;0;0;2;0;15;A01
201200061626;0;7;0;0;9;8;1;B01
201200061627;0;7;0;0;9;8;15;A01
201200061627;0;2;0;0;2;7;17;B01
201200061628;0;7;0;0;2;5;16;B01
201200061628;0;2;0;0;2;1;1;A01
201200061629;0;2;0;0;9;2;0;A01
201200061629;1;2;0;0;0;0;0;B01
201200061630;0;2;0;0;0;0;9;B01
201200061630;0;7;0;0;0;8;9;A01
201200061631;0;2;0;0;2;1;2;A01
201200061631;0;7;0;0;2;4;1;B01
201200061632;0;7;0;0;2;1;1;B01
201200061632;0;1;0;0;2;7;19;A01
201200061633;0;7;0;0;2;3;1;B01
201200061633;0;7;0;0;2;3;15;A01
201200061634;0;2;0;0;0;0;0;A01
201200061635;0;7;0;0;2;1;15;B01
201200061635;0;2;0;0;2;1;5;A01
201200061636;0;2;0;0;2;3;18;A01
201200061636;0;7;0;0;2;2;1;B01
201200061637;0;7;0;0;2;3;9;B01
201200061637;0;2;0;0;2;1;5;A01
201200061638;0;33;0;0;0;0;1;A01
201200061639;1;7;0;0;2;2;0;Z01
201200061639;0;33;0;0;2;8;0;B01
201200061640;0;7;0;0;2;4;1;B01
201200061640;0;7;0;0;2;1;1;A01
201200061641;0;2;0;0;2;1;1;B01
201200061641;0;7;0;0;9;7;15;A01
201200061642;0;2;0;0;2;4;23;A01
201200061642;0;7;0;0;9;4;23;B01
201200061643;0;30;0;0;2;1;1;B01
201200061643;0;7;0;0;2;3;0;A01
201200061644;0;2;0;0;2;1;1;B01
201200061644;0;7;0;0;2;1;15;A01
201200061645;0;7;0;0;9;1;13;A01
201200061645;0;2;0;0;2;1;1;B01
201200061646;0;7;0;0;0;1;21;A01
201200061647;0;7;0;0;0;1;15;A01
201200061647;0;33;0;0;0;0;17;B01
201200061648;0;7;0;0;2;3;1;A01
201200061648;0;33;0;0;2;8;1;B01
201200061649;0;7;0;0;1;1;11;A01
201200061650;0;30;0;0;9;1;1;B01
201200061650;0;30;0;0;2;8;10;A01
201200061651;0;2;0;11;0;1;3;A01
201200061652;0;7;0;0;1;3;1;A01
201200061653;1;10;0;0;2;1;0;A01
201200061653;0;1;0;0;0;4;1;B01
201200061654;0;2;0;0;2;1;17;B01
201200061654;0;7;0;0;9;3;15;A01
201200061655;0;7;0;0;9;5;1;B01
201200061655;0;1;0;0;2;5;2;A01
201200061656;0;37;1;0;2;7;1;A01
201200061656;0;2;0;0;2;7;1;B01
201200061657;0;7;0;0;2;3;1;B01
201200061657;0;2;0;0;2;3;1;A01
201200061658;0;1;0;0;2;1;5;A01
201200061658;0;7;0;0;9;1;1;B01
201200061659;0;2;0;0;1;1;1;A01
201200061660;1;7;0;0;1;0;0;Z01
201200061661;0;2;0;0;2;0;1;B01
201200061661;0;2;0;0;2;1;1;A01
201200061662;0;7;0;0;2;2;15;A01
201200061662;0;2;0;0;2;1;1;B01
201200061663;0;7;0;0;2;3;1;B01
201200061663;0;7;0;0;2;2;9;A01
201200061664;0;7;0;15;0;1;0;A01
201200061665;0;2;0;0;2;1;1;B01
201200061665;0;37;1;0;2;5;15;A01
201200061666;0;1;0;0;2;4;1;A01
201200061666;1;32;0;0;2;1;0;Z01
201200061667;0;2;0;0;2;3;1;A01
201200061667;0;7;0;0;2;2;9;B01
201200061668;0;2;0;0;1;2;1;A01
201200061669;0;30;0;0;2;7;18;A01
201200061669;0;7;0;0;2;7;0;B01
201200061670;0;2;0;14;0;0;1;A01
201200061671;0;2;0;0;2;0;3;A01
201200061671;0;99;0;0;2;8;15;B01
201200061672;0;1;0;0;2;1;1;B01
201200061672;1;99;0;0;0;0;0;Z01
201200061673;0;2;0;0;2;1;1;A01
201200061673;0;7;0;0;2;1;15;B01
201200061674;0;2;0;0;2;1;1;A01
201200061674;0;1;0;0;2;3;13;B01
201200061675;0;34;0;0;0;0;1;A01
201200061675;0;7;0;0;0;0;1;B01
201200061676;0;2;0;0;2;2;13;A01
201200061676;0;7;0;0;2;3;1;B01
201200061677;0;7;0;8;2;5;1;A01
201200061677;0;7;0;0;2;1;1;B01
201200061678;0;2;0;1;0;1;1;A01
201200061679;0;7;0;0;2;3;2;A01
201200061679;0;30;0;0;2;3;2;B01
201200061680;0;2;0;0;2;1;1;B01
201200061680;1;7;0;0;2;2;13;Z01
201200061681;0;7;0;0;2;4;2;B01
201200061681;0;7;0;0;2;1;0;A01
201200061682;0;7;0;0;0;9;1;A01
201200061683;0;7;0;6;9;9;0;A01
201200061684;0;7;0;3;0;3;1;A01
201200061685;0;7;0;0;1;2;1;A01
201200061686;0;7;0;0;1;8;9;A01
201200061687;0;10;0;0;2;7;15;A01
201200061687;0;7;0;0;2;1;1;B01
201200061688;0;7;0;0;2;2;17;A01
201200061688;0;7;0;0;2;6;1;B01
201200061689;0;7;0;0;2;4;1;B01
201200061689;0;7;0;0;2;1;1;A01
201200061690;0;7;0;0;9;1;1;A01
201200061690;0;1;0;0;2;4;1;B01
201200061691;0;1;0;0;9;8;19;A01
201200061691;0;30;0;0;9;1;1;B01
201200061692;0;34;0;0;0;8;1;A01
201200061693;0;7;0;0;2;1;2;A01
201200061693;0;7;0;0;2;4;1;B01
201200061694;0;7;0;8;0;3;13;A01
201200061695;0;2;0;15;0;1;1;A01
201200061696;0;7;0;13;0;2;14;A01
201200061697;0;30;0;12;0;1;1;A01
201200061698;0;2;0;0;1;1;1;A01
201200061699;0;7;0;0;1;2;1;A01
201200061700;0;30;0;0;2;1;17;B01
201200061700;0;7;0;0;9;5;24;C01
201200061700;0;7;0;0;9;3;15;A01
201200061701;0;33;0;0;0;8;1;A01
201200061702;0;1;0;0;2;1;13;A01
201200061702;0;7;0;0;9;1;1;B01
201200061703;0;7;0;0;1;3;1;A01
201200061704;0;7;0;0;1;2;1;A01
201200061705;0;7;0;0;9;2;15;A01
201200061705;0;1;0;0;2;1;1;B01
201200061706;0;7;0;0;0;0;9;A01
201200061706;0;33;0;0;0;8;21;B01
201200061707;0;33;0;0;2;1;17;B01
201200061707;0;7;0;0;9;3;9;A01
201200061708;0;33;0;0;2;1;1;B01
201200061708;1;7;0;0;9;4;1;Z01
201200061709;1;7;0;0;1;0;1;Z01
201200061710;2;33;0;0;1;1;1;A01
201200061711;0;7;0;0;1;2;1;A01
201200061712;0;2;0;0;1;1;1;A01
201200061713;0;33;0;0;0;8;21;A01
201200061714;0;7;0;0;9;1;1;A01
201200061714;0;1;0;0;2;8;19;B01
201200061715;1;7;0;0;1;0;1;Z01
201200061716;0;1;0;0;2;7;1;B01
201200061716;0;7;0;0;9;1;9;A01
201200061717;0;15;0;1;2;8;1;B01
201200061717;0;7;0;0;2;3;13;A01
201200061718;0;7;0;0;2;7;1;B01
201200061718;0;10;0;0;2;1;9;A01
201200061719;0;1;0;0;2;5;1;B01
201200061719;0;7;0;0;9;3;9;A01
201200061720;0;7;0;0;2;2;1;A01
201200061720;0;7;0;0;2;8;16;B01
201200061721;0;7;0;2;0;1;14;A01
201200061722;0;10;0;0;9;3;1;B01
201200061722;0;33;0;0;2;1;1;A01
201200061723;0;14;0;0;9;3;15;A01
201200061723;0;31;0;1;2;1;17;B01
201200061723;1;7;0;;;;;A02
201200061724;0;7;0;0;2;8;1;B01
201200061724;0;7;0;0;2;3;15;A01
201200061725;0;7;0;0;2;2;13;A01
201200061725;0;14;0;0;2;7;1;B01
201200061726;0;7;0;0;1;1;1;A01
201200061727;0;10;0;0;9;7;1;A01
201200061727;0;33;0;0;2;1;1;B01
201200061728;0;7;0;0;2;7;1;A01
201200061728;0;7;0;0;2;3;23;C01
201200061728;0;7;0;0;2;1;1;B01
201200061729;0;33;0;0;2;1;1;B01
201200061729;0;7;0;0;9;2;15;A01
201200061730;0;7;0;3;0;2;1;A01
201200061731;0;7;0;0;9;3;15;A01
201200061731;0;2;0;0;2;1;1;B01
201200061732;0;33;0;0;2;1;1;B01
201200061732;0;7;0;0;9;3;10;A01
201200061733;0;7;0;0;1;7;1;A01
201200061734;0;7;0;0;2;7;1;A01
201200061734;0;7;0;0;2;1;1;B01
201200061735;0;1;0;0;2;1;9;B01
201200061735;0;7;0;0;9;2;1;A01
201200061736;0;7;0;0;9;4;23;B01
201200061736;0;1;0;0;2;1;1;A01
201200061737;0;7;0;0;2;4;1;B01
201200061737;0;7;0;0;2;1;2;A01
201200061738;0;7;0;1;1;2;1;A01
201200061739;0;1;0;0;2;7;1;B01
201200061739;0;7;0;0;9;1;9;A01
201200061740;0;7;0;0;1;3;15;A01
201200061741;0;31;0;0;9;1;17;B01
201200061741;0;33;0;0;9;1;17;A01
201200061742;0;33;0;0;2;1;17;B01
201200061742;0;7;0;0;9;8;15;A01
201200061743;0;1;0;0;2;1;15;B01
201200061743;0;7;0;0;9;8;1;A01
201200061744;0;7;0;0;9;3;1;A01
201200061744;0;1;0;0;2;1;13;B01
201200061745;0;7;0;0;1;1;1;A01
201200061746;0;2;0;0;2;1;1;B01
201200061746;0;7;0;0;9;3;15;A01
201200061747;0;7;0;0;2;3;1;A01
201200061747;0;7;0;0;2;8;15;B01
201200061748;0;2;0;0;9;1;2;A01
201200061748;0;1;0;0;9;4;1;B01
201200061749;0;7;0;0;9;3;13;A01
201200061749;0;33;0;0;2;1;1;B01
201200061750;0;7;0;0;1;1;1;A01
201200061751;0;7;0;0;2;4;2;B01
201200061751;0;14;0;0;2;1;2;A01
201200061752;0;7;0;0;1;2;1;A01
201200061753;0;7;0;13;0;2;14;A01
201200061754;0;31;0;0;1;1;1;A01
201200061755;0;7;0;0;1;3;1;A01
201200061756;0;10;0;0;9;2;15;B01
201200061756;0;30;0;0;2;1;1;A01
201200061757;0;7;0;0;1;8;1;A01
201200061758;0;7;0;13;0;7;1;A01
201200061759;0;30;0;0;0;0;1;A01
201200061760;0;33;0;0;2;1;2;A01
201200061760;0;7;0;0;9;4;2;B01
201200061761;0;33;0;0;2;1;1;B01
201200061761;0;7;0;0;9;5;10;A01
201200061762;0;1;0;1;0;1;1;A01
201200061762;0;7;0;0;9;4;23;B01
201200061763;0;30;0;1;0;1;14;A01
201200061764;0;10;0;0;1;1;1;A01
201200061765;0;33;0;0;2;1;17;A01
201200061765;0;7;0;0;9;3;15;B01
201200061766;0;2;0;0;2;1;5;A01
201200061766;0;7;0;0;9;1;1;B01
201200061767;0;7;0;0;2;3;9;A01
201200061767;0;7;0;0;2;1;1;B01
201200061768;0;33;0;2;0;1;1;A01
201200061769;0;7;0;1;0;2;14;A01
201200061770;0;30;0;0;2;7;1;B01
201200061770;0;7;0;0;9;1;9;A01
201200061771;0;7;0;0;1;1;1;A01
201200061772;0;7;0;14;0;2;1;A01
201200061773;0;7;0;0;9;1;9;A01
201200061773;0;1;0;0;2;7;1;B01
201200061774;0;7;0;8;0;1;13;A01
201200061775;0;7;0;0;1;1;1;A01
201200061776;0;7;0;3;0;2;14;A01
201200061777;0;7;0;12;1;3;1;A01
201200061778;0;7;0;0;9;7;15;A01
201200061778;0;30;0;0;2;1;1;B01
201200061779;0;7;0;0;9;7;1;A01
201200061779;0;30;0;0;2;1;1;B01
201200061780;0;2;0;15;0;1;13;A01
201200061781;0;7;0;0;9;3;9;A01
201200061781;0;2;0;0;2;1;1;B01
201200061782;0;7;0;0;9;2;1;B01
201200061782;0;33;0;0;2;1;9;A01
201200061783;0;7;0;0;2;1;2;A01
201200061783;0;7;0;0;2;4;1;B01
201200061784;0;33;0;0;2;8;0;A01
201200061784;0;7;0;0;2;1;1;B01
201200061785;0;2;0;0;2;0;0;A01
201200061785;0;7;0;0;2;0;11;B01
201200061786;0;7;0;0;2;2;11;A01
201200061786;0;2;0;0;2;0;0;B01
201200061787;0;10;0;0;2;8;1;C01
201200061787;0;7;0;0;2;1;9;A01
201200061787;0;7;0;0;2;8;1;B01
201200061788;0;7;0;13;0;8;1;A01
201200061789;0;7;0;3;0;9;1;A01
201200061790;0;7;0;0;2;1;1;B01
201200061790;0;7;0;0;2;1;1;A01
201200061791;0;33;0;0;5;1;1;A01
201200061792;0;7;0;0;2;2;15;A01
201200061792;0;2;0;0;2;1;1;B01
201200061793;0;7;0;0;0;9;1;A01
201200061794;0;7;0;0;2;9;24;B01
201200061794;0;7;0;0;2;1;1;A01
201200061794;0;7;0;0;2;5;1;C01
201200061795;0;33;0;0;2;1;17;A01
201200061795;0;7;0;0;2;3;15;B01
201200061796;0;7;0;6;5;1;1;A01
201200061797;0;10;0;3;0;1;17;A01
201200061798;0;7;0;0;2;1;2;A01
201200061798;0;7;0;0;2;4;23;B01
201200061799;0;7;0;0;2;3;9;A01
201200061799;0;1;0;0;2;1;1;B01
201200061800;0;10;0;14;0;1;1;A01
201200061801;0;15;0;0;2;1;1;B01
201200061801;0;10;0;0;2;1;1;C01
201200061801;0;7;0;0;2;4;1;A01
201200061802;0;3;0;6;0;1;1;A01
201200061803;0;7;0;13;0;9;1;A01
201200061804;0;10;0;0;2;7;19;A01
201200061804;0;7;0;0;2;1;1;B01
201200061805;0;7;0;0;2;1;1;A01
201200061805;0;7;0;0;2;0;1;B01
201200061806;0;7;0;0;2;3;9;A01
201200061806;0;33;0;0;2;1;1;B01
201200061807;0;7;0;0;0;8;1;A01
201200061808;0;7;0;0;2;3;1;C01
201200061808;0;7;0;15;2;9;1;A01
201200061808;0;7;0;0;2;8;1;B01
201200061809;0;7;0;0;2;4;1;B01
201200061809;0;10;0;0;2;1;1;A01
201200061810;0;1;0;0;2;1;15;A01
201200061810;0;7;0;0;2;1;2;B01
201200061811;0;33;0;0;0;1;2;B01
201200061811;0;7;0;0;0;1;11;A01
201200061812;0;1;0;0;2;1;1;B01
201200061812;0;1;0;0;2;0;1;C01
201200061812;0;7;0;0;2;1;15;A01
201200061813;0;7;0;0;2;7;1;A01
201200061814;0;7;0;0;1;1;15;A01
201200061815;0;7;0;0;0;0;1;A01
201200061816;0;10;0;0;1;1;1;A01
201200061817;0;1;0;0;2;1;13;A01
201200061817;0;13;0;0;2;1;1;B01
201200061818;0;7;0;15;0;9;1;A01
201200061819;0;7;0;0;2;2;1;B01
201200061819;0;1;0;0;2;1;9;A01
201200061820;0;10;0;6;2;9;1;B01
201200061820;0;7;0;0;2;1;16;A01
201200061821;0;7;0;0;2;5;16;B01
201200061821;0;2;0;0;2;5;16;A01
201200061822;0;10;0;0;2;6;23;A01
201200061822;0;7;0;0;2;1;9;C01
201200061822;0;7;0;0;2;0;23;B01
201200061823;0;7;0;10;0;9;9;A01
201200061824;0;7;0;2;0;2;1;A01
201200061825;0;1;0;0;1;1;;A01
201200061826;0;7;0;0;2;2;10;A01
201200061826;0;33;0;0;2;1;1;B01
201200061827;0;7;0;0;2;4;2;B01
201200061827;0;2;0;0;2;1;2;A01
201200061828;0;7;0;16;0;9;21;A01
201200061829;0;7;0;0;1;4;4;A01
201200061830;0;10;0;0;2;1;2;A01
201200061830;0;7;0;0;2;4;15;B01
201200061831;0;7;0;0;1;7;1;A01
201200061832;0;10;0;0;2;9;1;A01
201200061833;1;2;0;0;0;9;1;A01
201200061834;0;2;0;0;2;3;1;B01
201200061834;0;7;0;0;2;3;1;A01
201200061835;0;7;0;0;2;7;22;A01
201200061835;0;1;0;0;2;1;18;B01
201200061836;0;10;0;0;2;5;1;A01
201200061836;0;2;0;0;2;1;21;B01
201200061837;0;7;0;0;0;5;9;B01
201200061837;0;99;0;0;2;1;1;A01
201200061838;0;7;0;0;2;3;9;A01
201200061838;0;1;0;0;2;4;1;A02