num_acc;senc;catv;occutc;obs;obsm;choc;manv;num_veh
201200061839;0;33;0;0;2;1;17;A01
201200061839;0;10;0;0;0;6;1;B01
201200061840;0;7;0;0;1;1;1;A01
201200061841;0;7;0;0;1;1;1;A01
201200061842;0;7;0;0;2;0;16;A01
201200061842;0;1;0;0;2;0;1;B01
201200061843;1;2;0;0;1;1;10;A01
201200061844;0;10;0;0;2;4;17;A01
201200061844;0;17;0;0;2;4;1;B01
201200061845;0;7;0;0;2;1;2;A01
201200061845;0;7;0;0;0;4;2;C01
201200061845;0;7;0;0;2;4;2;B01
201200061846;0;7;0;4;5;9;21;A01
201200061847;0;7;0;3;0;1;1;A01
201200061848;0;7;0;0;2;8;15;B01
201200061848;0;2;0;0;2;1;17;A01
201200061849;0;7;0;0;2;2;1;B01
201200061849;0;1;0;0;2;1;19;A01
201200061850;0;1;0;0;0;0;1;A01
201200061851;0;7;0;0;1;4;4;A01
201200061852;0;2;0;0;0;4;1;B01
201200061852;0;7;0;0;2;2;1;A01
201200061853;0;7;0;8;0;1;1;A01
201200061854;0;7;0;8;0;9;1;A01
201200061855;0;7;0;0;2;4;9;B01
201200061855;0;10;0;0;2;1;2;A01
201200061856;0;7;0;0;1;1;1;A01
201200061857;0;7;0;13;0;9;1;A01
201200061858;0;7;0;0;2;4;23;B01
201200061858;0;1;0;0;2;1;1;A01
201200061859;0;2;0;0;0;1;1;A01
201200061860;0;2;0;0;0;7;1;A01
201200061861;0;7;0;0;2;8;9;A01
201200061861;0;33;0;0;2;1;1;B01
201200061862;1;7;0;0;1;0;0;A01
201200061863;0;7;0;0;2;1;15;A01
201200061863;0;2;0;0;2;1;1;B01
201200061864;0;7;0;0;1;1;0;A01
201200061865;0;2;0;0;1;1;1;A01
201200061866;0;2;0;0;1;1;1;A01
201200061867;0;7;0;0;2;3;1;A01
201200061867;0;1;0;0;2;1;1;B01
201200061868;0;7;0;6;0;1;15;A01
201200061869;0;7;0;0;1;1;1;A01
201200061870;1;99;0;0;1;1;1;A01
201200061871;0;7;0;1;1;1;1;A01
201200061871;0;37;1;0;2;6;24;B01
201200061872;0;7;0;0;2;2;19;A01
201200061872;0;1;0;0;2;1;1;B01
201200061873;0;7;0;0;2;9;1;A01
201200061873;0;1;0;0;0;4;2;B01
201200061873;0;7;0;0;2;3;23;C01
201200061874;0;2;0;0;2;1;13;A01
201200061874;0;7;0;0;2;3;0;B01
201200061875;0;7;0;0;2;6;15;A01
201200061875;0;2;0;0;2;1;1;B01
201200061876;0;30;0;0;2;4;1;B01
201200061876;0;7;0;0;2;2;0;A01
201200061877;0;2;0;0;2;1;11;A01
201200061877;1;7;0;0;2;0;1;Z01
201200061878;0;1;0;0;2;1;1;B01
201200061878;0;7;0;0;0;4;10;A01
201200061879;0;33;0;0;2;7;1;B01
201200061879;0;7;0;0;2;3;11;A01
201200061880;0;2;0;0;2;2;1;A01
201200061880;0;2;0;0;2;4;2;B01
201200061881;0;30;0;0;0;0;0;A01
201200061882;0;7;0;0;2;1;1;B01
201200061882;0;7;0;0;2;1;0;A01
201200061883;0;7;0;15;0;1;1;A01
201200061884;1;7;0;0;1;3;13;A01
201200061885;0;7;0;0;2;3;11;B01
201200061885;0;2;0;0;2;1;1;A01
201200061886;0;31;0;1;0;0;1;A01
201200061887;0;7;0;0;2;8;1;C01
201200061887;0;33;0;0;2;9;13;B01
201200061888;0;7;0;4;2;1;0;B01
201200061888;0;7;0;0;2;1;0;A01
201200061889;0;33;0;0;0;6;1;B01
201200061889;0;7;0;0;2;3;19;A01
201200061890;0;7;0;0;2;4;0;B01
201200061890;0;31;0;0;2;3;0;A01
201200061891;0;7;0;0;2;1;0;B01
201200061891;0;7;0;0;2;2;0;A01
201200061892;0;7;0;8;0;1;0;A01
201200061893;0;7;0;0;1;2;1;A01
201200061894;0;7;0;0;1;3;1;A01
201200061895;0;7;0;0;2;5;1;B01
201200061895;0;2;0;0;2;1;1;A01
201200061896;0;7;0;0;1;4;4;A01
201200061897;0;33;0;0;2;1;11;B01
201200061897;0;7;0;0;2;4;1;A01
201200061898;0;7;0;14;0;1;0;B01
201200061898;0;30;0;0;2;1;0;A01
201200061899;0;7;0;0;1;2;0;A01
201200061900;0;7;0;0;2;1;1;B01
201200061900;0;7;0;0;2;2;0;A01
201200061901;0;31;0;0;1;1;5;A01
201200061902;0;7;0;15;0;2;1;A01
201200061903;0;33;0;5;0;7;0;A01
201200061904;1;99;0;0;1;1;0;Z01
201200061905;0;2;0;0;0;0;0;A01
201200061906;0;21;0;0;2;0;0;A01
201200061906;0;33;0;0;2;0;0;B01
201200061907;0;7;0;0;1;1;1;A01
201200061908;0;7;0;0;1;1;1;A01
201200061909;0;7;0;0;1;2;0;A01
201200061910;0;7;0;0;2;8;0;B01
201200061910;0;31;0;0;2;3;0;A01
201200061911;0;2;0;0;1;1;0;A01
201200061912;1;7;0;0;1;1;0;Z01
201200061913;1;7;0;0;1;0;0;A01
201200061914;0;2;0;12;0;1;0;A01
201200061915;0;7;0;0;2;5;1;A01
201200061915;0;2;0;0;2;1;1;B01
201200061915;1;2;0;0;2;0;0;C01
201200061916;0;7;0;1;1;1;14;A01
201200061917;0;7;0;0;2;8;0;B01
201200061917;0;2;0;0;2;8;1;A01
201200061918;0;7;0;0;2;3;0;C01
201200061918;0;7;0;0;2;1;0;B01
201200061918;0;7;0;0;2;1;0;A01
201200061919;0;2;0;0;2;0;0;B01
201200061919;0;7;0;0;2;0;0;A01
201200061920;0;7;0;0;1;2;1;A01
201200061921;0;2;0;0;2;1;0;A01
201200061921;0;7;0;0;2;0;0;B01
201200061922;0;7;0;0;2;7;1;B01
201200061922;0;7;0;0;2;1;9;A01
201200061923;0;7;0;0;2;7;15;A01
201200061923;0;34;0;0;2;1;1;B01
201200061924;0;1;0;0;2;8;0;B01
201200061924;0;2;0;0;9;1;0;A01
201200061925;0;31;0;0;2;0;0;B01
201200061925;0;7;0;0;2;1;0;A01
201200061926;0;7;0;0;1;2;1;A01
201200061927;0;2;0;1;2;1;1;A01
201200061927;0;7;0;0;0;6;23;B01
201200061927;0;7;0;0;2;2;1;C01
201200061928;0;7;0;0;9;3;0;A01
201200061928;0;1;0;0;0;0;0;B01
201200061929;0;7;0;0;1;2;0;A01
201200061930;0;7;0;0;1;0;0;A01
201200061931;0;7;0;0;1;2;0;A01
201200061932;0;7;0;0;2;6;24;B01
201200061932;0;2;0;1;0;1;0;A01
201200061933;0;7;0;0;2;3;10;A01
201200061933;0;33;0;0;2;1;1;B01
201200061934;0;31;0;0;2;0;0;B01
201200061934;0;7;0;0;2;2;0;A01
201200061935;0;7;0;0;1;0;0;A01
201200061936;0;10;0;0;0;4;23;B01
201200061936;0;7;0;0;2;1;14;A01
201200061937;0;7;0;0;2;0;1;B01
201200061937;0;7;0;0;2;1;1;A01
201200061938;0;33;0;0;1;0;0;A01
201200061939;0;7;0;6;0;3;0;A01
201200061940;0;33;0;0;2;1;13;B01
201200061940;0;7;0;0;2;5;15;A01
201200061941;1;30;0;0;2;0;0;A01
201200061941;0;7;0;0;2;2;1;B01
201200061942;0;7;0;0;2;0;0;A01
201200061942;0;2;0;0;1;0;0;B01
201200061943;0;7;0;0;2;6;0;A01
201200061943;0;2;0;0;2;7;0;B01
201200061944;0;7;0;0;2;5;12;A01
201200061944;0;33;0;8;2;3;1;B01
201200061945;0;7;0;0;2;7;0;B01
201200061945;0;7;0;0;2;1;0;A01
201200061946;0;7;0;0;2;0;0;A01
201200061947;0;7;0;0;2;0;0;A01
201200061948;0;7;0;0;1;2;13;A01
201200061949;0;7;0;0;2;2;2;A01
201200061950;0;7;0;0;1;1;1;A01
201200061951;0;7;0;0;2;3;0;B01
201200061952;0;7;0;0;2;1;1;B01
201200061952;0;7;0;0;2;1;0;A01
201200061953;0;7;0;0;0;0;0;A01
201200061954;0;31;0;0;0;0;21;A01
201200061955;0;30;0;0;0;0;0;A01
201200061955;0;7;0;0;0;0;0;B01
201200061956;0;7;0;0;1;2;1;A01
201200061957;0;7;0;0;2;0;0;A01
201200061957;0;7;0;0;2;0;0;B01
201200061958;0;7;0;0;2;0;13;A01
201200061958;0;7;0;0;2;0;21;B01
201200061959;0;7;0;0;2;7;1;A01
201200061959;0;7;0;0;2;0;1;B01
201200061960;0;7;0;0;2;3;1;A01
201200061960;0;31;0;0;2;1;1;B01
201200061961;0;7;0;0;1;1;0;A01
201200061962;0;7;0;0;1;1;0;A01
201200061963;0;30;0;0;2;3;1;B01
201200061963;0;7;0;0;2;3;1;A01
201200061964;0;7;0;0;9;3;11;A01
201200061965;0;7;0;0;2;4;0;B01
201200061965;0;7;0;0;2;4;0;C01
201200061965;0;7;0;0;2;4;0;D01
201200061965;0;7;0;0;2;1;0;A01
201200061965;0;7;0;0;2;1;0;E01
201200061966;0;7;0;0;1;2;1;A01
201200061967;0;7;0;0;1;4;4;A01
201200061968;0;7;0;15;0;1;0;A01
201200061969;0;7;0;3;0;9;1;A01
201200061970;1;7;0;0;1;1;13;A01
201200061971;0;7;0;0;1;1;0;A01
201200061972;0;2;0;15;0;0;0;A01
201200061973;0;7;0;0;2;7;0;A01
201200061973;0;30;0;0;2;8;0;B01
201200061974;0;10;0;0;1;2;1;A01
201200061975;0;7;0;0;1;1;0;A01
201200061976;0;7;0;0;2;2;0;B01
201200061976;0;7;0;0;2;3;0;A01
201200061977;0;7;0;0;1;3;0;A01
201200061978;0;7;0;0;1;2;0;A01
201200061979;0;7;0;0;2;4;0;B01
201200061979;0;37;1;0;2;4;0;C01
201200061979;0;7;0;0;2;1;0;A01
201200061980;0;7;0;0;1;1;15;A01
201200061981;0;2;0;0;2;0;17;B01
201200061981;0;7;0;0;2;3;15;A01
201200061982;0;32;0;0;2;1;1;A01
201200061982;0;7;0;0;2;8;7;B01
201200061983;0;7;0;0;1;3;0;A01
201200061984;0;7;0;0;2;1;9;A01
201200061984;0;34;0;0;2;1;18;B01
201200061985;0;7;0;0;2;2;9;A01
201200061985;0;33;0;0;2;7;1;B01
201200061986;0;7;0;0;2;5;1;A01
201200061986;0;1;0;0;2;8;15;B01
201200061987;0;33;0;0;2;1;1;B01
201200061987;0;7;0;0;2;1;15;A01
201200061988;0;7;0;0;2;1;1;A01
201200061988;0;7;0;0;2;4;1;B01
201200061989;0;34;0;0;2;1;1;B01
201200061989;0;7;0;0;2;8;10;A01
201200061990;0;15;0;0;1;2;2;A01
201200061991;0;2;0;0;0;7;0;A01
201200061992;0;7;0;0;1;2;1;A01
201200061993;0;32;0;0;2;1;5;A01
201200061993;0;7;0;0;2;3;1;B01
201200061994;0;7;0;0;2;8;13;B01
201200061994;0;7;0;0;2;8;1;A01
201200061995;0;7;0;6;0;1;20;A01
201200061996;0;7;0;16;0;0;1;A01
201200061997;0;7;0;16;0;0;1;A01
201200061998;0;37;0;0;2;2;16;B01
201200061998;0;2;0;0;2;8;9;A01
201200061999;0;31;0;0;0;0;21;A01
201200062000;0;2;0;0;0;0;1;A01
201200062001;0;7;0;16;0;0;1;A01
201200062002;0;33;0;0;2;1;9;A01
201200062002;0;7;0;0;2;7;1;B01
201200062003;1;2;0;0;1;0;0;A01
201200062004;0;2;0;0;0;0;1;A01
201200062005;0;7;0;16;0;0;1;A01
201200062006;0;14;0;4;0;3;21;C01
201200062006;0;7;0;16;0;0;1;A01
201200062006;0;7;0;0;0;0;21;B01
201200062007;0;7;0;0;2;1;9;B01
201200062007;0;7;0;0;2;7;1;A01
201200062008;0;33;0;0;2;1;1;B01
201200062008;0;1;0;0;2;1;10;A01
201200062008;0;7;0;0;0;1;1;C01
201200062009;0;7;0;0;2;8;1;A01
201200062009;0;1;0;0;2;1;1;B01
201200062010;0;7;0;0;1;2;21;A01
201200062011;0;7;0;0;1;7;1;A01
201200062012;0;33;0;0;0;0;1;A01
201200062013;0;7;0;0;1;1;1;A01
201200062014;0;31;0;0;2;1;1;A01
201200062014;0;7;0;0;2;7;1;B01
201200062015;0;7;0;0;1;7;1;A01
201200062016;0;7;0;0;2;1;13;A01
201200062016;0;7;0;0;2;1;1;B01
201200062017;0;7;0;16;0;0;1;A01
201200062018;0;7;0;16;0;0;1;A01
201200062019;0;7;0;16;0;0;1;A01
201200062020;0;7;0;0;2;1;1;B01
201200062020;0;31;0;0;2;1;13;A01
201200062021;0;1;0;0;0;0;1;A01
201200062022;0;7;0;0;2;4;1;A01
201200062022;0;7;0;0;2;1;1;B01
201200062023;0;33;0;16;0;0;1;A01
201200062024;0;2;0;1;2;9;1;A01
201200062024;0;7;0;0;2;3;20;B01
201200062025;0;7;0;16;9;1;1;A01
201200062026;0;10;0;0;2;1;1;A01
201200062026;0;2;0;0;2;1;17;B01
201200062027;0;7;0;0;2;7;10;B01
201200062027;0;31;0;0;2;1;17;A01
201200062028;0;1;0;0;2;8;1;A01
201200062028;0;7;0;0;2;2;1;B01
201200062029;0;7;0;0;2;7;16;B01
201200062029;0;2;0;0;2;1;1;A01
201200062030;0;2;0;0;2;1;13;B01
201200062030;0;2;0;0;2;1;1;A01
201200062031;0;2;0;0;2;4;1;A01
201200062031;0;7;0;0;2;1;1;B01
201200062032;0;7;0;0;2;3;15;B01
201200062032;0;33;0;0;2;1;17;A01
201200062033;0;1;0;0;1;1;1;A01
201200062034;0;7;0;0;2;8;15;B01
201200062034;0;31;0;0;2;1;17;A01
201200062035;0;7;0;16;0;0;1;A01
201200062036;0;7;0;16;0;0;1;A01
201200062037;0;2;0;0;0;0;1;A01
201200062038;0;7;0;0;0;0;1;A01
201200062039;0;7;0;1;0;2;22;A01
201200062040;0;7;0;0;2;1;1;A01
201200062040;0;7;0;0;2;1;1;B01
201200062041;0;30;0;12;0;7;14;A01
201200062042;0;7;0;0;2;1;1;A01
201200062042;0;7;0;0;2;4;1;B01
201200062043;0;7;0;0;1;4;4;A01
201200062044;0;7;0;0;2;1;15;A01
201200062044;0;30;0;0;2;7;1;B01
201200062045;0;7;0;0;2;1;1;B01
201200062045;0;7;0;0;2;8;1;A01
201200062046;0;7;0;0;2;3;13;A01
201200062046;0;13;0;0;2;3;1;B01
201200062047;0;7;0;0;2;8;1;A01
201200062047;0;7;0;0;2;1;1;B01
201200062048;0;7;0;0;2;1;21;A01
201200062048;0;7;0;0;2;1;1;B01
201200062049;0;7;0;0;1;0;1;A01
201200062050;0;2;0;16;0;0;1;A01
201200062051;0;33;0;0;2;1;1;A01
201200062051;0;7;0;0;2;8;10;B01
201200062052;0;7;0;4;2;1;1;A01
201200062052;0;7;0;1;0;1;1;B01
201200062053;0;7;0;4;0;1;1;A01
201200062054;0;1;0;16;0;0;1;A01
201200062055;0;7;0;0;2;4;1;C01
201200062055;0;7;0;0;2;4;1;B01
201200062055;0;7;0;0;2;1;1;A01
201200062056;0;33;0;0;2;1;1;A01
201200062056;0;7;0;0;2;4;1;B01
201200062057;0;1;0;16;0;0;1;A01
201200062058;0;7;0;3;0;3;1;A01
201200062059;0;30;0;0;2;1;1;A01
201200062059;0;7;0;0;2;5;15;B01
201200062060;0;7;0;0;2;1;1;B01
201200062060;0;7;0;0;2;8;1;A01
201200062061;0;7;0;0;1;0;1;A01
201200062062;0;7;0;0;2;1;15;B01
201200062062;0;33;0;0;2;7;1;A01
201200062063;0;30;0;0;2;1;1;A01
201200062063;0;2;0;0;2;4;1;B01
201200062064;0;7;0;16;0;2;1;A01
201200062065;0;2;0;0;0;0;16;A01
201200062066;0;7;0;0;0;0;1;A01
201200062067;0;7;0;3;0;1;1;A01
201200062068;0;7;0;0;2;1;15;B01
201200062068;0;2;0;0;2;8;1;A01
201200062069;0;1;0;16;0;0;1;A01
201200062070;0;7;0;0;1;4;4;A01
201200062071;0;7;0;0;2;2;1;A01
201200062071;0;1;0;0;2;1;9;B01
201200062072;0;2;0;0;2;1;17;B01
201200062072;0;7;0;0;2;3;17;A01
201200062073;0;7;0;0;2;4;1;B01
201200062073;0;2;0;0;2;1;1;A01
201200062074;0;2;0;0;2;1;13;A01
201200062074;0;7;0;0;2;1;1;B01
201200062075;0;31;0;0;2;1;1;A01
201200062075;0;7;0;0;2;8;1;B01
201200062076;0;7;0;0;1;3;1;A01
201200062077;0;7;0;3;1;3;1;A01
201200062078;0;31;0;0;2;1;1;B01
201200062078;0;7;0;0;2;3;15;A01
201200062079;0;7;0;0;2;1;1;A01
201200062079;0;7;0;0;0;4;1;B01
201200062080;0;13;0;0;1;3;1;A01
201200062081;0;37;1;0;2;5;1;B01
201200062081;0;7;0;0;2;1;1;A01
201200062082;0;7;0;0;1;1;1;A01
201200062083;1;7;0;;0;0;;B01
201200062083;0;32;0;0;2;1;1;A01
201200062084;0;7;0;0;2;1;1;B01
201200062084;0;7;0;0;2;5;4;A01
201200062085;0;33;0;0;0;0;1;A01
201200062086;0;7;0;0;2;3;1;B01
201200062086;0;99;0;0;2;1;19;A01
201200062087;1;2;0;0;9;0;1;A01
201200062088;0;7;0;0;2;1;1;A01
201200062088;0;7;0;0;0;4;1;B01
201200062089;0;7;0;0;0;9;1;A01
201200062090;0;31;0;0;0;7;1;A01
201200062091;0;33;0;0;2;1;1;A01
201200062091;0;7;0;0;2;2;19;B01
201200062092;0;7;0;0;2;3;14;A01
201200062092;0;7;0;0;2;3;1;B01
201200062093;0;7;0;0;1;3;1;A01
201200062094;0;7;0;1;0;1;14;A01
201200062095;0;7;0;0;1;4;4;A01
201200062096;0;7;0;0;2;2;1;B01
201200062096;0;7;0;0;2;4;16;A01
201200062097;0;1;0;16;0;0;1;A01
201200062098;0;7;0;0;0;1;9;A01
201200062099;0;32;0;0;2;0;0;A01
201200062099;0;7;0;0;0;0;0;B01
201200062100;2;32;0;0;0;0;2;B01
201200062100;0;7;0;0;0;6;1;A01
201200062101;0;2;0;0;0;0;0;A01
201200062102;0;7;0;0;2;4;0;B01
201200062102;0;30;0;0;0;0;2;A01
201200062103;0;7;0;0;0;0;14;A01
201200062104;0;7;0;9;0;1;0;A01
201200062105;0;7;0;2;0;1;9;A01
201200062106;0;7;0;0;2;7;16;B01
201200062106;0;33;0;0;2;1;1;A01
201200062107;0;7;0;14;0;1;9;A01
201200062108;0;1;0;0;2;1;19;B01
201200062108;0;33;0;0;2;0;15;A01
201200062109;0;7;0;0;2;4;2;B01
201200062109;0;7;0;0;2;4;2;A01
201200062110;0;7;0;0;2;1;1;B01
201200062110;0;7;0;0;2;5;1;A01
201200062111;0;33;0;0;2;1;1;A01
201200062111;0;7;0;0;2;5;9;B01
201200062112;0;10;0;0;2;7;9;B01
201200062112;0;37;0;0;2;3;1;A01
201200062113;0;7;0;14;0;1;9;A01
201200062114;0;30;0;1;2;7;18;B01
201200062115;0;7;0;13;0;0;9;A01
201200062116;0;7;0;3;0;2;17;A01
201200062117;0;7;0;8;0;2;6;A01
201200062118;0;2;0;0;0;3;1;B01
201200062118;0;7;0;0;2;8;9;A01
201200062119;0;30;0;0;2;1;13;B01
201200062119;0;7;0;0;0;3;15;A01
201200062120;0;7;0;0;9;1;9;A01
201200062121;0;2;0;0;2;1;1;B01
201200062121;0;7;0;0;2;1;9;A01
201200062122;0;7;0;1;9;3;2;A01
201200062123;0;32;0;14;2;1;2;A01
201200062124;0;30;0;6;0;9;1;A01
201200062125;0;7;0;0;2;3;16;A01
201200062125;0;32;0;0;2;6;1;B01
201200062126;0;7;0;0;2;2;15;B01
201200062126;0;7;0;0;2;2;1;A01
201200062127;0;7;0;0;1;0;1;A01
201200062128;0;7;0;0;9;9;14;A01
201200062129;0;33;0;0;9;0;9;A01
201200062130;0;7;0;0;9;3;1;A01
201200062130;0;1;0;0;2;1;17;B01
201200062131;0;7;0;0;1;0;1;A01
201200062132;0;7;0;0;1;1;15;A01
201200062133;0;7;0;0;1;4;4;A01
201200062134;0;2;0;0;0;0;0;A01
201200062135;0;7;0;2;0;9;1;A01
201200062136;0;7;0;0;1;7;11;A01
201200062137;0;7;0;0;1;4;4;A01
201200062138;0;7;0;0;1;1;9;A01
201200062139;0;7;0;0;2;3;15;A01
201200062139;0;30;0;0;2;1;1;B01
201200062140;0;7;0;0;1;2;1;A01
201200062141;0;1;0;0;9;0;1;A01
201200062142;0;7;0;6;2;3;1;A01
201200062142;0;7;0;0;2;1;13;B01
201200062143;0;35;0;0;5;1;1;A01
201200062144;0;2;0;0;2;1;17;B01
201200062144;0;7;0;0;2;3;11;A01
201200062145;0;7;0;0;2;9;1;C01
201200062145;0;7;0;0;2;1;1;B01
201200062145;0;7;0;0;2;1;1;A01
201200062145;0;7;0;0;2;4;1;D01
201200062146;0;7;0;0;2;9;1;A01
201200062146;0;7;0;0;2;4;1;F01
201200062146;0;7;0;0;2;9;1;C01
201200062146;0;7;0;0;2;4;1;D01
201200062146;0;7;0;0;2;9;1;B01
201200062146;0;7;0;0;2;9;1;E02
201200062147;0;14;0;0;2;1;1;A01
201200062147;0;1;0;0;9;1;1;B01
201200062148;0;7;0;13;9;1;14;A01
201200062149;0;2;0;0;9;0;0;A01
201200062150;0;2;0;0;9;0;1;A01
201200062151;0;33;0;13;9;9;1;A01
201200062152;0;7;0;13;2;9;1;A01
201200062153;0;1;0;0;9;0;1;A01
201200062154;0;1;0;1;2;2;9;A01
201200062154;0;7;0;0;2;3;1;B01
201200062155;0;7;0;0;2;1;15;A01
201200062155;0;30;0;0;2;1;16;B01
201200062156;0;30;0;0;9;1;1;A01
201200062157;0;30;0;0;2;1;9;B01
201200062157;0;7;0;0;2;2;1;A01
201200062158;0;7;0;0;2;4;15;A01
201200062158;0;1;0;0;2;2;2;B01
201200062159;0;14;0;0;2;9;2;B01
201200062159;0;7;0;0;2;4;2;D01
201200062159;0;10;0;0;2;9;2;C01
201200062159;0;7;0;0;2;1;2;A01
201200062160;0;1;0;0;9;0;1;A01
201200062161;0;7;0;0;2;3;2;B01
201200062161;0;7;0;0;2;2;2;A01
201200062162;0;7;0;3;0;1;1;A01
201200062163;0;7;0;14;9;9;1;A01
201200062164;0;7;0;0;2;1;15;A01
201200062164;0;1;0;0;2;1;9;B01
201200062165;0;7;0;0;1;0;1;A01
201200062166;0;30;0;0;2;1;1;A01
201200062166;0;3;0;0;2;1;15;B01
201200062167;0;7;0;0;1;1;1;A01
201200062168;0;7;0;0;2;3;5;C01
201200062168;0;7;0;0;2;0;1;B01
201200062168;0;30;0;1;2;9;1;A01
201200062168;0;7;0;0;2;1;5;D01
201200062169;0;7;0;0;1;1;1;A01
201200062170;0;7;0;0;2;1;1;A01
201200062170;0;1;0;0;2;1;1;B01
201200062171;0;7;0;0;1;0;1;A01
201200062172;0;30;0;0;9;1;1;A01
201200062173;0;32;0;1;2;6;1;B01
201200062173;0;10;0;0;2;2;15;A01
201200062174;0;7;0;0;2;1;1;B02
201200062174;0;7;0;0;2;1;1;A01
201200062175;0;7;0;0;1;1;1;A01
201200062176;0;30;0;0;9;0;1;A01
201200062177;0;7;0;0;1;3;15;A01
201200062178;0;31;0;0;9;3;1;A01
201200062179;0;7;0;0;2;1;1;B01
201200062179;0;7;0;0;2;4;4;A01
201200062180;0;7;0;0;2;1;2;B01
201200062180;0;7;0;0;2;4;2;A01
201200062181;0;7;0;0;1;1;12;A01
201200062182;0;7;0;0;2;1;15;A01
201200062182;0;7;0;0;2;3;1;A02
201200062183;0;7;0;0;2;1;1;A01
201200062183;0;30;0;0;2;1;9;B01
201200062184;0;30;0;0;2;1;16;B01
201200062184;0;7;0;0;2;1;1;A01
201200062185;0;14;0;0;1;1;1;A01
201200062186;0;7;0;2;0;1;1;A01
201200062187;0;7;0;0;2;1;1;B01
201200062187;0;7;0;0;2;4;1;A01
201200062188;0;10;0;0;1;0;1;A01
201200062189;0;33;0;0;2;1;24;A01
201200062189;0;7;0;0;2;4;4;B01
201200062190;0;30;0;0;9;9;1;A01
201200062191;0;7;0;15;0;1;1;A01
201200062192;0;7;0;0;1;1;1;A01
201200062193;0;7;0;0;2;9;1;A01
201200062193;0;7;0;0;2;9;1;D01
201200062193;0;7;0;0;2;9;1;C01
201200062193;0;7;0;0;2;4;1;E01
201200062193;0;7;0;0;2;1;1;B01
201200062194;1;2;0;0;2;0;0;B01
201200062194;0;7;0;0;2;1;0;A01
201200062195;0;33;0;0;9;7;1;A01
201200062196;0;7;0;6;9;2;0;A01
201200062197;0;7;0;0;1;1;1;A01
201200062198;0;14;0;0;1;2;1;A01
201200062199;0;7;0;0;1;0;1;A01
201200062200;0;30;0;0;2;1;17;B01
201200062200;0;7;0;0;2;1;1;A01
201200062201;0;15;0;8;9;9;1;A01
201200062202;0;7;0;13;9;1;1;A01
201200062203;1;2;0;0;9;1;3;A01
201200062204;0;31;0;0;1;1;1;A01
201200062205;0;7;0;0;2;1;16;B01
201200062205;0;2;0;0;2;8;1;A01
201200062206;0;7;0;0;2;1;1;A01
201200062206;0;7;0;0;2;4;1;B01
201200062206;0;7;0;0;2;4;1;C01
201200062207;0;7;0;0;2;2;1;A01
201200062207;0;33;0;0;2;4;1;C01
201200062207;0;7;0;0;2;4;1;B01
201200062208;0;37;0;0;1;0;1;A01
201200062209;0;7;0;0;1;1;1;A01
201200062210;0;7;0;0;2;1;1;A01
201200062210;0;30;0;0;2;1;1;B01
201200062211;0;30;0;0;9;8;1;A01
201200062212;0;2;0;0;2;1;1;A01
201200062212;0;7;0;0;2;0;9;B01
201200062213;0;32;0;0;2;1;17;B01
201200062213;0;7;0;0;2;1;0;A01
201200062214;0;7;0;0;2;1;9;A01
201200062214;0;1;0;0;2;1;1;B01
201200062215;0;7;0;16;0;1;1;A01
201200062216;0;7;0;16;0;1;1;A01
201200062217;0;1;0;0;0;8;1;B01
201200062217;0;7;0;0;2;1;15;A01
201200062218;0;31;0;16;0;1;1;A01
201200062219;0;7;0;0;2;3;15;A01
201200062219;0;30;0;0;2;1;1;B01
201200062220;0;7;0;0;1;2;1;A01
201200062221;0;7;0;0;2;8;15;B01
201200062221;0;2;0;0;2;1;1;A01
201200062222;0;30;0;16;0;1;1;A01
201200062223;0;7;0;0;2;1;1;B01
201200062223;0;7;0;0;2;1;1;C01
201200062223;0;7;0;0;2;4;21;A01
201200062224;0;7;0;4;0;3;17;A01
201200062224;0;7;0;0;0;3;1;B01
201200062225;0;7;0;4;0;2;1;A01
201200062226;0;31;0;12;0;2;21;A01
201200062227;0;37;0;0;2;4;1;B01
201200062227;0;2;0;0;2;1;1;A01
201200062227;0;7;0;0;2;3;1;C01
201200062228;0;7;0;0;2;6;9;B01
201200062228;0;33;0;0;2;1;17;A01
201200062229;0;7;0;16;0;1;1;A01
201200062230;0;7;0;0;9;7;17;B01
201200062230;0;1;0;0;2;3;1;A01
201200062231;0;7;0;0;1;5;1;A01
201200062232;0;7;0;0;2;1;17;B01
201200062232;0;33;0;0;2;1;17;A01
201200062233;0;7;0;0;1;1;1;A01
201200062234;0;7;0;0;2;3;1;B01
201200062234;0;7;0;0;2;8;1;A01
201200062235;0;33;0;16;0;1;1;A01
201200062236;0;30;0;0;2;1;1;A01
201200062236;0;7;0;0;2;4;23;B01
201200062237;0;2;0;0;2;8;1;A01
201200062237;0;7;0;0;2;1;1;B01
201200062238;0;7;0;16;0;1;9;A01
201200062239;0;7;0;0;2;4;23;B01
201200062239;0;2;0;0;2;1;1;A01
201200062240;0;33;0;0;0;0;10;A01
201200062241;0;7;0;0;2;7;10;B01
201200062241;0;2;0;0;2;1;1;A01
201200062242;0;7;0;0;2;1;1;B01
201200062242;0;7;0;0;2;4;23;A01
201200062243;0;33;0;0;0;1;1;A01
201200062244;0;7;0;16;0;1;1;A01
201200062245;0;2;0;0;1;1;1;A01
201200062246;0;7;0;0;1;2;1;A01
201200062247;0;7;0;0;1;0;1;A01
201200062248;0;7;0;0;2;1;1;B01
201200062248;0;30;0;0;2;7;15;A01
201200062249;0;1;0;0;2;4;1;B01
201200062249;0;1;0;0;2;4;1;A01
201200062249;0;2;0;0;2;1;1;C01
201200062250;0;7;0;16;0;1;1;A01